

 M O D E L  A T M O S P H E R E   (CGS UNITS)
    K    TAUROSS   TAU(5000)  GEOM. DEPTH     T        PE          PG         PRAD        PTURB     KAPPAROSS     K
    1  1.0000E-05  1.2758E-05   0.0000E+00  3888.92  1.3498E-02  1.9295E+02  1.4315E+00  0.0000E+00  1.4282E-03   1
    2  1.4125E-05  1.8033E-05   3.0454E+06  3926.06  1.8226E-02  2.6327E+02  1.4317E+00  0.0000E+00  1.8166E-03   2
    3  1.9953E-05  2.5486E-05   5.6228E+06  3968.74  2.3771E-02  3.4230E+02  1.4318E+00  0.0000E+00  2.2448E-03   3
    4  2.8184E-05  3.5965E-05   7.9531E+06  4010.45  3.0275E-02  4.3353E+02  1.4320E+00  0.0000E+00  2.7243E-03   4
    5  3.9811E-05  5.0680E-05   1.0141E+07  4051.44  3.7987E-02  5.4038E+02  1.4323E+00  0.0000E+00  3.2694E-03   5
    6  5.6234E-05  7.1322E-05   1.2242E+07  4091.95  4.7192E-02  6.6664E+02  1.4325E+00  0.0000E+00  3.8958E-03   6
    7  7.9433E-05  1.0025E-04   1.4290E+07  4131.97  5.8207E-02  8.1662E+02  1.4328E+00  0.0000E+00  4.6244E-03   7
    8  1.1220E-04  1.4074E-04   1.6306E+07  4171.31  7.1399E-02  9.9541E+02  1.4332E+00  0.0000E+00  5.4711E-03   8
    9  1.5849E-04  1.9740E-04   1.8303E+07  4210.01  8.7212E-02  1.2091E+03  1.4337E+00  0.0000E+00  6.4599E-03   9
   10  2.2387E-04  2.7662E-04   2.0292E+07  4248.27  1.0619E-01  1.4649E+03  1.4342E+00  0.0000E+00  7.6196E-03  10
   11  3.1623E-04  3.8734E-04   2.2277E+07  4286.32  1.2899E-01  1.7714E+03  1.4349E+00  0.0000E+00  8.9773E-03  11
   12  4.4668E-04  5.4199E-04   2.4265E+07  4324.06  1.5637E-01  2.1390E+03  1.4357E+00  0.0000E+00  1.0574E-02  12
   13  6.3096E-04  7.5792E-04   2.6257E+07  4361.24  1.8920E-01  2.5798E+03  1.4367E+00  0.0000E+00  1.2449E-02  13
   14  8.9125E-04  1.0594E-03   2.8258E+07  4397.51  2.2847E-01  3.1090E+03  1.4380E+00  0.0000E+00  1.4647E-02  14
   15  1.2589E-03  1.4802E-03   3.0267E+07  4432.49  2.7533E-01  3.7442E+03  1.4395E+00  0.0000E+00  1.7236E-02  15
   16  1.7783E-03  2.0677E-03   3.2286E+07  4466.13  3.3115E-01  4.5069E+03  1.4415E+00  0.0000E+00  2.0272E-02  16
   17  2.5119E-03  2.8881E-03   3.4316E+07  4498.42  3.9757E-01  5.4231E+03  1.4441E+00  0.0000E+00  2.3833E-02  17
   18  3.5481E-03  4.0340E-03   3.6357E+07  4529.58  4.7657E-01  6.5239E+03  1.4474E+00  0.0000E+00  2.8022E-02  18
   19  5.0119E-03  5.6344E-03   3.8410E+07  4560.03  5.7063E-01  7.8466E+03  1.4517E+00  0.0000E+00  3.2937E-02  19
   20  7.0795E-03  7.8700E-03   4.0476E+07  4590.20  6.8278E-01  9.4363E+03  1.4573E+00  0.0000E+00  3.8707E-02  20
   21  1.0000E-02  1.0992E-02   4.2553E+07  4620.69  8.1682E-01  1.1347E+04  1.4648E+00  0.0000E+00  4.5499E-02  21
   22  1.4125E-02  1.5351E-02   4.4643E+07  4652.40  9.7773E-01  1.3643E+04  1.4748E+00  0.0000E+00  5.3501E-02  22
   23  1.9953E-02  2.1430E-02   4.6746E+07  4686.28  1.1720E+00  1.6400E+04  1.4882E+00  0.0000E+00  6.2939E-02  23
   24  2.8184E-02  2.9902E-02   4.8861E+07  4723.59  1.4081E+00  1.9708E+04  1.5062E+00  0.0000E+00  7.4117E-02  24
   25  3.9811E-02  4.1689E-02   5.0989E+07  4765.77  1.6977E+00  2.3674E+04  1.5304E+00  0.0000E+00  8.7418E-02  25
   26  5.6234E-02  5.8051E-02   5.3129E+07  4814.51  2.0566E+00  2.8420E+04  1.5632E+00  0.0000E+00  1.0328E-01  26
   27  7.9433E-02  8.0707E-02   5.5283E+07  4871.57  2.5060E+00  3.4086E+04  1.6073E+00  0.0000E+00  1.2231E-01  27
   28  1.1220E-01  1.1198E-01   5.7450E+07  4939.12  3.0758E+00  4.0835E+04  1.6667E+00  0.0000E+00  1.4529E-01  28
   29  1.5849E-01  1.5497E-01   5.9631E+07  5019.39  3.8088E+00  4.8847E+04  1.7465E+00  0.0000E+00  1.7323E-01  29
   30  2.2387E-01  2.1381E-01   6.1825E+07  5115.06  4.7702E+00  5.8311E+04  1.8532E+00  0.0000E+00  2.0778E-01  30
   31  3.1623E-01  2.9389E-01   6.4027E+07  5229.24  6.0701E+00  6.9404E+04  1.9956E+00  0.0000E+00  2.5185E-01  31
   32  4.4668E-01  4.0217E-01   6.6221E+07  5365.47  7.9206E+00  8.2218E+04  2.1844E+00  0.0000E+00  3.1132E-01  32
   33  6.3096E-01  5.4744E-01   6.8371E+07  5528.27  1.0781E+01  9.6601E+04  2.4333E+00  0.0000E+00  3.9956E-01  33
   34  7.9433E-01  6.7015E-01   6.9733E+07  5648.25  1.3613E+01  1.0683E+05  2.6406E+00  0.0000E+00  4.8490E-01  34
   35  1.1220E+00  9.0322E-01   7.1664E+07  5859.10  2.0717E+01  1.2243E+05  3.0303E+00  0.0000E+00  6.9246E-01  35
   36  1.5849E+00  1.2095E+00   7.3361E+07  6100.19  3.4006E+01  1.3730E+05  3.5358E+00  0.0000E+00  1.0644E+00  36
   37  2.2387E+00  1.6104E+00   7.4788E+07  6377.75  5.9996E+01  1.5054E+05  4.1876E+00  0.0000E+00  1.7477E+00  37
   38  3.1623E+00  2.1320E+00   7.5935E+07  6711.65  1.1519E+02  1.6145E+05  5.0140E+00  0.0000E+00  3.1209E+00  38
   39  4.4668E+00  2.8087E+00   7.6836E+07  7052.23  2.1485E+02  1.7006E+05  6.0068E+00  0.0000E+00  5.5049E+00  39
   40  6.3096E+00  3.6960E+00   7.7582E+07  7348.35  3.5686E+02  1.7725E+05  7.1118E+00  0.0000E+00  8.8488E+00  40
   41  8.9125E+00  4.8775E+00   7.8256E+07  7607.00  5.4196E+02  1.8381E+05  8.2641E+00  0.0000E+00  1.3225E+01  41
   42  1.2589E+01  6.4696E+00   7.8906E+07  7838.72  7.7340E+02  1.9019E+05  9.4148E+00  0.0000E+00  1.8795E+01  42
   43  1.7783E+01  8.6324E+00   7.9558E+07  8052.01  1.0574E+03  1.9665E+05  1.0549E+01  0.0000E+00  2.5824E+01  43
   44  2.5119E+01  1.1588E+01   8.0230E+07  8252.43  1.4022E+03  2.0337E+05  1.1677E+01  0.0000E+00  3.4659E+01  44
   45  3.5481E+01  1.5642E+01   8.0938E+07  8443.94  1.8183E+03  2.1051E+05  1.2819E+01  0.0000E+00  4.5759E+01  45
   46  5.0119E+01  2.1219E+01   8.1690E+07  8629.36  2.3187E+03  2.1819E+05  1.3992E+01  0.0000E+00  5.9714E+01  46
   47  7.0795E+01  2.8906E+01   8.2496E+07  8810.69  2.9188E+03  2.2655E+05  1.5209E+01  0.0000E+00  7.7275E+01  47
   48  1.0000E+02  3.9514E+01   8.3365E+07  8989.33  3.6370E+03  2.3570E+05  1.6480E+01  0.0000E+00  9.9379E+01  48
   49  1.2589E+02  4.8742E+01   8.3978E+07  9107.57  4.1923E+03  2.4230E+05  1.7363E+01  0.0000E+00  1.1723E+02  49
   50  1.5849E+02  6.0187E+01   8.4625E+07  9225.23  4.8164E+03  2.4936E+05  1.8276E+01  0.0000E+00  1.3802E+02  50
   51  1.9953E+02  7.4383E+01   8.5307E+07  9342.50  5.5171E+03  2.5691E+05  1.9220E+01  0.0000E+00  1.6222E+02  51
   52  2.5119E+02  9.1988E+01   8.6027E+07  9459.53  6.3033E+03  2.6501E+05  2.0197E+01  0.0000E+00  1.9038E+02  52
   53  3.1623E+02  1.1382E+02   8.6786E+07  9576.45  7.1844E+03  2.7370E+05  2.1211E+01  0.0000E+00  2.2313E+02  53
              H          He           C           N           O          Na          Mg          Si           F          Fe          Al          Ca          Cr          Ti           S          Cl           K          Li           V          Zr          Be           P          H2         LI2          C2          N2          O2          F2         NA2         MG2         AL2         SI2          P2          S2         CL2          K2         H2+        HE2+         C2+         N2+         O2+         P2+         S2+         H2-         C2-         LIH         BEH          CH          NH          OH          HF         NAH         MGH         ALH         SIH          PH          HS         HCL          KH         CAH         TIH         CRH         FEH        HEH+        BEH+         CH+         NH+         OH+         HF+        MGH+        ALH+        SIH+         PH+         SH+        HCL+         CH-         OH-        SIH-         HS-          CN          CO          CF         SIC          CP          CS         CCL         CN+         CO+         CN-         CS-          NO          FN         ALN         SIN          PN          SN         NCL         TIN         ZRN         NO+         NS+         LIO         BEO          FO         NAO         MGO         ALO         SIO          PO          SO         CLO          KO         CAO         TIO          VO         CRO         FEO         ZRO        SIO+         PO+         SO+        FEO-         LIF         BEF         NAF         MGF         ALF         SIF          PF          SF          KF         CAF        LINA         BES         MGS         ALS         SIS          PS         CAS         TIS         CRS        LICL        BECL        NACL        MGCL        ALCL        SICL         PCL         KCL        CACL        FECL       ALCLF      ALCLF2       ALOCL       ALCL2      ALCL2F       ALCL3        ALOF        ALF2       ALF2O        ALF3      NAALF4        ALOH        HALO       ALO2H        ALO2      AL2CL6     (ALF3)2        AL2O       AL2O2         ALC       CFCLO       CCLF3        CCLN        CCLO        CCL2      CCL2F2       COCL2        CCL3       CCL3F        CCL4         CFN         CFO         CF2        CF2O         CF3         CF4        CF4O        CF8S        CHCL       CHCL3         CHF        CHFO        CHF3         HCN        CHNO         HCO         PCH         CH2      CH2CL2      CH2CLF       CH2F2        H2CO         CH3       CH3CL        CH3F         CH4         KCN        NACN         CNO         CNN         NCN         COS         CO2         CS2        SI2C       C2CL2       C2CL4       C2CL6        C2F2       C2F3N        C2F4        C2F6         C2H       C2HCL        C2HF        C2H2        C2H4       C2H4O      (KCN)2         C2N        C2N2     (NACN)2        SIC2         C2O          C3        C3O2          C4        C4N2          C5     FE(CO)5       CACL2        CAF2        CAOH     CA(OH)2         CA2         CLF       MGCLF      CLFO2S       CLFO3      PCLF2O        CLF3      CLF3SI        CLF5       CLF5S      CHCLF2      CHCL2F        OHCL      SIH3CL        NOCL       NO2CL       TIOCL        CLO2        CLO3         SCL        CLS2        TICL      CL2FOP       FECL2     SIH2CL2      (KCL)2       MGCL2     (NACL)2       CLOCL       CLCLO      TIOCL2      CLO2CL      CLOCLO      SO2CL2        SCL2       SICL2       TICL2      SIFCL3       FECL3      SIHCL3       PCL3O        PCL3       PCL3S       SICL3       TICL3      FE2CL4      MG2CL4       SICL4       TICL4        PCL5    (FECL3)2         CRN        CRO2        CRO3         FEF         FHO       FHO3S       SIH3F         FNO        FNO2        FNO3        TIOF         OFO         FOO         PSF         TIF        FEF2        H2F2      SIH2F2        K2F2        MGF2         F2N    F2N2(cis    F2N2(tra       NA2F2         F2O        F2OS       SIOF2       TIOF2        F2O2       F2O2S         PF2         SF2        FSSF        F2S2        SIF2        TIF2        FEF3       SIHF3        F3H3         NF3        NOF3        POF3         PF3        PSF3         SF3        SIF3        TIF3        F4H4       MG2F4        N2F4         SF4        SIF4        TIF4        F5H5         PF5         SF5        F6H6         SF6        F7H7       F10S2     FE(OH)2         FES         KOH        MGOH         HNO        HONO        HNO2        HNO3        NAOH         HO2      (KOH)2     MG(OH)2         NH2        N2H2     (NAOH)2         H2O       H2SO4         PH2         H2S         NH3         PH3        N2H4        SIH4       K2SO4         MGN         NO2         NO3        SI2N          VN         N2O        N2O3        N2O4        N2O5          N3      NA2SO4         S2O         PO2         SO2        SIO2        TIO2         VO2          O3         SO3        P4O6       P4O10          P4        P4S3          S3          S4          S5          S6          S7          S8         SI3         AL+         AL-       ALCL+      ALCLF+      ALCL2+      ALCL2-        ALF+       ALF2+       ALF2-      ALF2O-       ALF4-       ALOH+       ALOH-        ALO+        ALO-       ALO2-       AL2O+      AL2O2+          C+          C-         CF+        CF2+        CF3+        HCO+        CO2-         CA+       CAOH+         CL+       MGCL+        SCL+         CL-       SCL2+         CR+         CR-          F+          F-        MGF+         PF+         PF-         SF+         SF-        F2K-       MGF2+       NAF2-        PF2+        PF2-        SF2+        SF2-        SF3+        SF3-        SF4+        SF4-        SF5+        SF5-        SF6-         FE+         FE-          H+          H-        KOH+       MGOH+       NAOH+        H3O+         HE+          K+          K-         KO-         MG+          N+          N-        NO2-         N2-        N2O+         NA+         NA-        NAO-          O+          O-         O2-          P+          P-          S+          S-         SI+         SI-         TI+         TI-          V+          V-      LIALF4         BE+       BECL+       BECLF       BECL2        BEF2      BEF3LI        BEHO       BEHO+        BEH2      BEH2O2         BEN         BE2      BE2CL4      BE2F2O        BE2O       BE2O2       BE3O3       BE4O4       BE5O5       BE6O6        C2BE      LI2CLF       LIOCL        ZRCL     (LICL)2       ZRCL2     (LICL)3       ZRCL3       ZRCL4        LIOF         ZRF       LIF2-       LI2F2        ZRF2       LI3F3        ZRF3        ZRF4        LIOH       LIOH+         ZRH     (LIOH)2         LI+         LI-         LIN        LINO       LINAO        LIO-        LI2O       LI2O2      LI2SO4        ZRO2         ZR+         ZR-         TIC    SI(CH3)4    SICH3CL3        SIH2        SIH3        TIC2         C3H        CRC2       SI2C2         VC2        TIC4         VC4 
  1       2.249       1.179      -1.681      -1.978      -1.234      -7.295      -3.323      -2.497      -5.193      -3.062      -5.536      -6.490      -5.895      -7.010      -2.612      -4.251      -9.407     -12.082      -7.660      -9.122      -8.416      -4.392      -1.738     -33.346      -7.798      -4.095      -8.624     -20.892     -23.991     -17.200     -19.793     -12.584     -14.403     -11.781     -17.490     -28.377     -10.229     -26.490     -11.777     -13.235     -13.612     -16.386     -13.508     -14.672     -13.796     -17.580     -13.825      -6.326      -6.923      -4.971      -7.513     -13.070      -8.737     -10.884      -7.544      -9.427      -6.980      -8.052     -15.218     -11.396     -12.562     -11.897      -9.517     -12.493     -14.633     -10.106     -12.977     -11.393     -16.777      -8.447      -9.346      -7.772     -11.606     -10.072     -13.226     -15.598     -13.886     -16.575     -15.290      -5.971      -1.644     -11.739     -10.119     -10.378      -7.502     -13.198     -12.898      -8.824     -12.107     -17.164      -6.916     -14.804     -14.904      -9.116      -9.350      -9.925     -13.297     -15.016     -18.501      -8.982     -13.339     -20.092     -15.501     -15.507     -15.715     -10.851     -11.924      -5.843      -9.639      -9.150     -13.721     -17.767     -13.885     -11.546     -13.148     -12.631     -10.756     -12.335      -9.841     -10.068     -11.852     -20.735     -21.159     -17.271     -17.495     -13.336     -13.893     -12.199     -15.212     -15.065     -19.224     -15.480     -28.277     -17.770     -12.689     -14.881      -9.279     -12.482     -15.557     -16.012     -16.461     -21.243     -18.505     -17.155     -14.091     -14.877     -13.265     -15.755     -18.916     -15.918     -14.632     -24.843     -35.604     -22.081     -26.098     -36.459     -37.840     -20.790     -24.293     -29.420     -35.124     -60.919     -16.550     -19.076     -23.088     -20.430     -86.613     -80.791     -22.944     -30.529     -14.098     -29.396     -49.721     -17.452     -16.184     -24.868     -50.468     -30.488     -38.556     -51.391     -52.648     -17.995     -16.973     -23.300     -28.835     -36.764     -49.309     -60.796     -99.000     -17.760     -43.708     -17.115     -21.885     -41.606      -9.321     -17.036      -9.818     -13.658     -10.623     -35.434     -34.825     -34.558     -15.636     -14.978     -27.636     -27.540     -20.272     -20.936     -18.948     -13.184     -16.263     -14.867     -13.225      -9.553     -17.538     -17.944     -30.465     -58.511     -88.027     -31.917     -50.757     -57.256     -83.388     -10.215     -22.157     -22.749     -14.461     -26.743     -36.737     -51.857     -12.237     -18.409     -47.844     -14.437     -11.348     -13.230     -23.083     -21.456     -31.647     -27.327     -68.569     -25.531     -24.896     -17.277     -28.648     -22.916     -18.270     -24.319     -45.830     -53.030     -47.455     -50.520     -44.783     -84.627     -87.362     -41.968     -42.724     -18.531     -30.096     -21.196     -32.680     -23.202     -24.829     -37.754     -15.151     -25.282     -16.610     -47.748     -24.429     -35.792     -47.265     -24.247     -44.006     -28.598     -28.351     -33.536     -39.962     -40.063     -46.805     -28.111     -23.598     -27.322     -47.171     -38.042     -41.943     -48.938     -40.926     -51.952     -35.849     -38.600     -59.160     -58.520     -48.683     -50.900     -71.480     -86.539     -14.686     -20.175     -29.719     -14.206     -19.918     -45.929     -28.867     -21.627     -32.927     -45.072     -22.564     -29.879     -24.768     -24.898     -15.453     -24.947     -26.362     -33.311     -47.994     -23.584     -29.040     -38.706     -38.659     -44.677     -31.522     -36.018     -28.402     -32.841     -42.055     -45.444     -26.134     -28.063     -39.117     -38.398     -21.742     -24.822     -36.240     -38.199     -44.937     -44.619     -55.635     -45.639     -37.744     -49.449     -42.104     -32.149     -34.807     -63.133     -57.458     -72.314     -56.344     -43.505     -47.227     -81.394     -64.730     -72.575     -99.000     -87.772     -99.000     -99.000     -27.186     -13.159     -20.989     -15.095     -14.093     -22.652     -22.696     -33.595     -19.162     -15.006     -53.290     -27.158     -11.450     -20.641     -49.621      -8.717     -47.234     -14.438     -12.000     -15.996     -20.633     -32.555     -24.827     -68.920     -11.335     -17.408     -29.556     -18.521     -15.534     -16.186     -36.724     -48.150     -58.229     -17.479     -65.390     -19.883     -16.764     -16.454     -14.524     -18.022     -19.098     -21.370     -27.330     -79.329     -99.000     -39.307     -74.566     -23.673     -35.127     -48.273     -59.311     -70.124     -82.307     -22.569      -3.384     -15.374     -16.181     -25.244     -26.342     -34.317     -15.665     -25.074     -32.372     -37.928     -52.658     -14.744     -25.387     -12.946     -18.590     -26.749     -22.427     -32.184      -5.781     -11.044     -13.617     -27.361     -38.566     -10.552     -18.467      -3.442     -14.369     -10.208     -12.811     -16.686     -10.973     -29.400      -4.118     -15.861     -16.923     -12.220     -12.350     -17.316     -24.378     -17.547     -23.499     -41.467     -30.080     -39.736     -28.573     -35.151     -30.418     -36.760     -44.535     -49.501     -60.702     -64.357     -76.669     -77.577     -96.202      -2.384     -13.540      -4.998      -7.747     -19.289     -14.687     -19.397     -16.517     -19.703      -4.671     -19.743     -26.330      -2.257      -9.798     -12.395     -25.076     -16.106     -21.308      -3.581     -17.558     -24.326      -8.545     -10.187     -18.377      -7.011     -13.756      -5.687     -10.772      -2.593     -11.656      -4.854     -17.539      -5.757     -17.890     -65.137      -9.381     -20.205     -26.905     -28.250     -26.154     -65.099     -18.937     -20.216     -18.913     -29.614     -16.243     -27.795     -67.623     -46.611     -29.094     -35.724     -55.949     -76.540     -98.109     -99.000     -20.897     -52.696     -34.147     -18.048     -52.277     -27.980     -84.784     -38.256     -49.442     -34.744     -18.079     -43.870     -51.734     -26.204     -82.178     -35.811     -45.977     -22.981     -25.217     -14.056     -57.028      -8.701     -22.260     -20.874     -29.596     -35.438     -29.436     -38.903     -47.759     -73.279     -18.214      -7.176     -19.306     -14.228     -99.000     -75.943     -13.861     -18.527     -20.488     -16.672     -20.614     -24.519     -21.534     -33.968     -35.292 
  2       2.384       1.314      -1.544      -1.843      -1.098      -7.102      -3.164      -2.353      -5.059      -2.908      -5.354      -6.310      -5.722      -6.838      -2.477      -4.116      -9.204     -11.892      -7.488      -8.951      -8.280      -4.257      -1.527     -32.982      -7.601      -3.948      -8.418     -20.645     -23.617     -16.888     -19.451     -12.336     -14.198     -11.567     -17.253     -27.986      -9.947     -26.071     -11.564     -13.017     -13.379     -16.172     -13.297     -14.308     -13.528     -17.288     -13.585      -6.099      -6.697      -4.758      -7.319     -12.770      -8.469     -10.606      -7.305      -9.195      -6.759      -7.840     -14.906     -11.111     -12.282     -11.616      -9.246     -12.201     -14.408      -9.870     -12.708     -11.138     -16.507      -8.205      -9.098      -7.556     -11.374      -9.843     -12.978     -15.267     -13.575     -16.231     -14.976      -5.797      -1.511     -11.539      -9.896     -10.183      -7.324     -12.971     -12.671      -8.639     -11.861     -16.869      -6.729     -14.575     -14.625      -8.908      -9.170      -9.720     -13.071     -14.774     -18.247      -8.802     -13.131     -19.811     -15.284     -15.266     -15.423     -10.597     -11.672      -5.668      -9.446      -8.947     -13.487     -17.464     -13.615     -11.327     -12.925     -12.385     -10.522     -12.131      -9.646      -9.893     -11.644     -20.397     -20.911     -17.076     -17.230     -13.103     -13.665     -11.993     -15.002     -14.842     -18.952     -15.235     -27.907     -17.539     -12.429     -14.611      -9.082     -12.272     -15.280     -15.762     -16.199     -20.981     -18.286     -16.882     -13.838     -14.627     -13.036     -15.527     -18.635     -15.657     -14.382     -24.524     -35.224     -21.763     -25.757     -36.057     -37.417     -20.497     -23.995     -29.069     -34.765     -60.334     -16.226     -18.723     -22.695     -20.094     -85.776     -80.094     -22.579     -30.093     -13.827     -29.059     -49.272     -17.196     -15.926     -24.553     -49.997     -30.130     -38.143     -50.899     -52.137     -17.747     -16.724     -23.032     -28.519     -36.406     -48.885     -60.247     -99.000     -17.446     -43.211     -16.825     -21.555     -41.170      -9.079     -16.721      -9.560     -13.393     -10.318     -34.951     -34.359     -34.110     -15.292     -14.598     -27.165     -27.084     -19.814     -20.616     -18.638     -12.941     -15.996     -14.613     -12.994      -9.351     -17.279     -17.657     -30.109     -57.942     -87.231     -31.574     -50.280     -56.750     -82.718      -9.957     -21.813     -22.411     -14.128     -26.221     -36.124     -51.234     -12.001     -18.129     -47.246     -14.181     -11.116     -12.994     -22.750     -21.150     -31.245     -26.973     -67.805     -25.195     -24.592     -16.935     -28.148     -22.568     -18.033     -24.009     -45.350     -52.477     -47.012     -50.049     -44.371     -83.914     -86.650     -41.510     -42.246     -18.215     -29.590     -20.893     -32.279     -22.901     -24.490     -37.300     -14.914     -24.956     -16.361     -47.284     -24.108     -35.295     -46.724     -23.918     -43.483     -28.247     -28.000     -33.154     -39.499     -39.595     -46.304     -27.778     -23.297     -27.003     -46.708     -37.617     -41.455     -48.453     -40.511     -51.448     -35.455     -38.201     -58.533     -57.880     -48.202     -50.409     -70.833     -85.699     -14.429     -19.859     -29.325     -13.978     -19.599     -45.382     -28.385     -21.335     -32.536     -44.561     -22.282     -29.501     -24.435     -24.605     -15.227     -24.646     -25.976     -32.864     -47.473     -23.289     -28.714     -38.301     -38.252     -44.179     -31.169     -35.636     -28.087     -32.497     -41.597     -44.984     -25.856     -27.755     -38.713     -38.002     -21.484     -24.550     -35.872     -37.786     -44.356     -44.189     -55.103     -45.227     -37.399     -49.010     -41.696     -31.828     -34.475     -62.358     -56.895     -71.667     -55.843     -43.125     -46.816     -80.423     -64.215     -71.966     -98.395     -87.078     -99.000     -99.000     -26.706     -12.914     -20.618     -14.766     -13.799     -22.276     -22.319     -33.121     -18.799     -14.694     -52.571     -26.670     -11.142     -20.255     -48.920      -8.435     -46.598     -14.118     -11.693     -15.612     -20.219     -31.971     -24.311     -68.160     -11.084     -17.125     -29.162     -18.224     -15.290     -15.924     -36.255     -47.583     -57.559     -17.204     -64.645     -19.589     -16.504     -16.187     -14.270     -17.746     -18.818     -21.043     -26.981     -78.605     -99.000     -38.924     -73.907     -23.357     -34.710     -47.760     -58.699     -69.408     -81.493     -22.228      -3.250     -15.076     -15.934     -24.947     -26.024     -33.881     -15.434     -24.795     -31.980     -37.481     -52.151     -14.448     -24.949     -12.699     -18.261     -26.344     -22.082     -31.746      -5.627     -10.801     -13.424     -27.071     -38.216     -10.313     -18.152      -3.307     -14.077     -10.034     -12.589     -16.455     -10.763     -29.071      -3.984     -15.578     -16.695     -12.007     -12.139     -17.105     -24.061     -17.320     -23.180     -40.995     -29.737     -39.273     -28.294     -34.770     -30.104     -36.344     -44.135     -49.007     -60.173     -63.750     -76.044     -76.893     -95.402      -2.253     -13.268      -4.817      -7.501     -18.947     -14.384     -19.044     -16.146     -19.387      -4.536     -19.427     -25.933      -2.124      -9.605     -12.139     -24.701     -15.819     -21.008      -3.446     -17.253     -23.939      -8.363      -9.950     -18.056      -6.867     -13.511      -5.546     -10.543      -2.469     -11.407      -4.720     -17.250      -5.622     -17.606     -64.563      -9.253     -19.987     -26.641     -27.963     -25.913     -64.575     -18.648     -19.938     -18.591     -29.185     -16.022     -27.534     -67.050     -46.223     -28.811     -35.381     -55.488     -75.946     -97.380     -99.000     -20.641     -52.211     -33.760     -17.812     -51.777     -27.675     -84.044     -37.874     -48.984     -34.361     -17.854     -43.422     -51.268     -25.937     -81.488     -35.487     -45.601     -22.633     -24.861     -13.795     -56.360      -8.567     -21.959     -20.590     -29.228     -35.003     -29.053     -38.483     -47.245     -72.555     -17.955      -7.042     -19.023     -13.991     -99.000     -75.234     -13.529     -18.106     -20.197     -16.371     -20.307     -24.169     -21.242     -33.559     -34.880 
  3       2.498       1.428      -1.411      -1.729      -0.978      -6.955      -3.051      -2.243      -4.945      -2.798      -5.219      -6.176      -5.597      -6.714      -2.363      -4.002      -9.046     -11.749      -7.364      -8.827      -8.169      -4.143      -1.365     -32.712      -7.423      -3.859      -8.250     -20.443     -23.337     -16.672     -19.206     -12.160     -14.044     -11.402     -17.062     -27.686      -9.674     -25.643     -11.336     -12.814     -13.149     -15.974     -13.104     -14.006     -13.302     -17.067     -13.393      -5.903      -6.517      -4.588      -7.177     -12.539      -8.273     -10.401      -7.126      -9.011      -6.586      -7.678     -14.662     -10.898     -12.073     -11.407      -9.044     -11.918     -14.201      -9.632     -12.448     -10.890     -16.247      -8.006      -8.895      -7.371     -11.156      -9.629     -12.744     -14.985     -13.327     -15.965     -14.730      -5.660      -1.415     -11.372      -9.719     -10.023      -7.182     -12.775     -12.443      -8.454     -11.674     -16.628      -6.587     -14.392     -14.418      -8.763      -9.043      -9.564     -12.892     -14.608     -18.069      -8.636     -12.940     -19.595     -15.111     -15.065     -15.196     -10.411     -11.489      -5.554      -9.299      -8.789     -13.293     -17.225     -13.413     -11.182     -12.776     -12.209     -10.355     -12.003      -9.478      -9.735     -11.448     -20.144     -20.739     -16.935     -17.040     -12.945     -13.515     -11.850     -14.840     -14.666     -18.753     -15.066     -27.630     -17.358     -12.241     -14.414      -8.949     -12.113     -15.077     -15.588     -16.012     -20.794     -18.118     -16.682     -13.659     -14.452     -12.868     -15.346     -18.426     -15.470     -14.202     -24.310     -34.980     -21.544     -25.520     -35.788     -37.125     -20.306     -23.805     -28.851     -34.545     -59.966     -15.999     -18.465     -22.423     -19.849     -85.201     -79.675     -22.340     -29.804     -13.612     -28.808     -48.940     -17.003     -15.727     -24.297     -49.640     -29.855     -37.814     -50.519     -51.735     -17.565     -16.535     -22.826     -28.294     -36.139     -48.580     -59.832     -99.000     -17.191     -42.826     -16.596     -21.314     -40.853      -8.903     -16.496      -9.361     -13.193     -10.073     -34.580     -34.006     -33.779     -15.034     -14.305     -26.809     -26.743     -19.471     -20.384     -18.418     -12.758     -15.792     -14.424     -12.826      -9.209     -17.085     -17.459     -29.826     -57.496     -86.606     -31.307     -49.937     -56.374     -82.234      -9.748     -21.545     -22.150     -13.873     -25.829     -35.662     -50.790     -11.816     -17.933     -46.829     -13.988     -10.931     -12.793     -22.503     -20.892     -30.954     -26.683     -67.278     -24.963     -24.395     -16.691     -27.796     -22.315     -17.842     -23.803     -44.987     -52.027     -46.697     -49.669     -44.110     -83.337     -86.113     -41.167     -41.880     -17.966     -29.223     -20.660     -31.966     -22.702     -24.211     -36.922     -14.723     -24.703     -16.188     -46.945     -23.885     -34.939     -46.330     -23.691     -43.109     -27.961     -27.712     -32.902     -39.118     -39.208     -45.918     -27.517     -23.086     -26.790     -46.390     -37.316     -41.110     -48.090     -40.196     -51.071     -35.178     -37.935     -58.108     -57.445     -47.866     -50.078     -70.332     -85.110     -14.246     -19.637     -29.047     -13.822     -19.348     -44.977     -28.046     -21.114     -32.234     -44.156     -22.103     -29.177     -24.162     -24.388     -15.080     -24.447     -25.693     -32.564     -47.102     -23.099     -28.460     -37.995     -37.944     -43.834     -30.878     -35.352     -27.892     -32.287     -41.220     -44.645     -25.656     -27.522     -38.410     -37.708     -21.321     -24.389     -35.635     -37.523     -43.928     -43.856     -54.688     -44.947     -37.163     -48.705     -41.388     -31.632     -34.284     -61.787     -56.546     -71.164     -55.468     -42.901     -46.574     -79.709     -63.861     -71.508     -97.539     -86.561     -99.000     -99.000     -26.369     -12.740     -20.341     -14.534     -13.575     -21.992     -22.034     -32.759     -18.531     -14.445     -52.042     -26.328     -10.908     -19.971     -48.411      -8.226     -46.125     -13.871     -11.462     -15.331     -19.904     -31.539     -23.934     -67.609     -10.907     -16.907     -28.852     -18.030     -15.121     -15.736     -35.898     -47.148     -57.039     -17.007     -64.113     -19.365     -16.315     -15.988     -14.099     -17.569     -18.636     -20.770     -26.722     -78.134     -99.000     -38.645     -73.430     -23.115     -34.393     -47.373     -58.237     -68.868     -80.880     -22.001      -3.136     -14.843     -15.733     -24.726     -25.780     -33.568     -15.249     -24.595     -31.716     -37.188     -51.834     -14.222     -24.627     -12.490     -18.025     -26.052     -21.833     -31.424      -5.442     -10.582     -13.234     -26.810     -37.926     -10.104     -17.915      -3.193     -13.856      -9.845     -12.411     -16.239     -10.596     -28.783      -3.870     -15.361     -16.444     -11.836     -11.975     -16.913     -23.812     -17.108     -22.927     -40.641     -29.461     -38.928     -28.061     -34.487     -29.832     -36.020     -43.803     -48.633     -59.734     -63.288     -75.535     -76.382     -94.798      -2.138     -13.059      -4.619      -7.294     -18.670     -14.149     -18.755     -15.842     -19.037      -4.422     -19.172     -25.620      -2.010      -9.394     -11.920     -24.412     -15.603     -20.745      -3.332     -17.010     -23.637      -8.158      -9.745     -17.790      -6.712     -13.304      -5.393     -10.354      -2.351     -11.211      -4.606     -17.026      -5.508     -17.388     -64.208      -9.118     -19.790     -26.460     -27.758     -25.758     -64.210     -18.435     -19.703     -18.346     -28.882     -15.851     -27.323     -66.638     -45.975     -28.606     -35.141     -55.189     -75.570     -96.926     -99.000     -20.437     -51.880     -33.463     -17.655     -51.430     -27.475     -83.535     -37.626     -48.690     -34.069     -17.707     -43.095     -50.958     -25.781     -81.034     -35.304     -45.398     -22.381     -24.569     -13.608     -55.888      -8.452     -21.720     -20.376     -28.953     -34.684     -28.754     -38.182     -46.869     -72.046     -17.797      -6.928     -18.805     -13.815     -98.913     -74.738     -13.284     -17.796     -19.983     -16.136     -20.074     -23.922     -21.027     -33.255     -34.573 
  4       2.600       1.530      -1.289      -1.626      -0.867      -6.827      -2.955      -2.146      -4.842      -2.704      -5.102      -6.060      -5.489      -6.607      -2.260      -3.900      -8.906     -11.624      -7.256      -8.720      -8.069      -4.041      -1.224     -32.477      -7.261      -3.785      -8.101     -20.262     -23.092     -16.488     -18.996     -12.010     -13.909     -11.257     -16.892     -27.422      -9.420     -25.241     -11.121     -12.627     -12.934     -15.793     -12.927     -13.735     -13.101     -16.873     -13.224      -5.727      -6.357      -4.438      -7.054     -12.337      -8.103     -10.222      -6.969      -8.847      -6.433      -7.536     -14.447     -10.713     -11.892     -11.226      -8.867     -11.653     -14.012      -9.410     -12.207     -10.659     -16.005      -7.829      -8.714      -7.203     -10.955      -9.432     -12.526     -14.732     -13.108     -15.731     -14.514      -5.540      -1.334     -11.224      -9.562      -9.881      -7.058     -12.599     -12.230      -8.280     -11.512     -16.414      -6.463     -14.230     -14.238      -8.640      -8.934      -9.428     -12.735     -14.468     -17.917      -8.484     -12.764     -19.406     -14.959     -14.885     -14.996     -10.249     -11.331      -5.460      -9.170      -8.650     -13.120     -17.014     -13.236     -11.060     -12.650     -12.058     -10.211     -11.898      -9.326      -9.591     -11.267     -19.923     -20.593     -16.814     -16.876     -12.812     -13.389     -11.729     -14.699     -14.510     -18.581     -14.923     -27.389     -17.199     -12.080     -14.244      -8.838     -11.973     -14.901     -15.440     -15.851     -20.634     -17.971     -16.508     -13.505     -14.303     -12.722     -15.186     -18.244     -15.309     -14.047     -24.130     -34.776     -21.359     -25.317     -35.562     -36.876     -20.146     -23.648     -28.672     -34.364     -59.663     -15.807     -18.241     -22.193     -19.638     -84.712     -79.336     -22.141     -29.563     -13.423     -28.592     -48.653     -16.837     -15.553     -24.068     -49.329     -29.616     -37.523     -50.185     -51.380     -17.408     -16.371     -22.647     -28.101     -35.907     -48.318     -59.472     -99.000     -16.964     -42.488     -16.394     -21.105     -40.580      -8.752     -16.303      -9.187     -13.019      -9.855     -34.256     -33.699     -33.493     -14.810     -14.049     -26.498     -26.448     -19.174     -20.186     -18.231     -12.600     -15.613     -14.260     -12.682      -9.089     -16.917     -17.293     -29.577     -57.105     -86.056     -31.073     -49.643     -56.049     -81.818      -9.564     -21.311     -21.922     -13.650     -25.489     -35.259     -50.411     -11.654     -17.766     -46.477     -13.822     -10.768     -12.615     -22.292     -20.664     -30.706     -26.428     -66.834     -24.766     -24.231     -16.480     -27.494     -22.097     -17.672     -23.630     -44.670     -51.626     -46.427     -49.331     -43.895     -82.824     -85.643     -40.869     -41.561     -17.747     -28.907     -20.455     -31.691     -22.535     -23.962     -36.584     -14.554     -24.481     -16.040     -46.652     -23.697     -34.633     -45.989     -23.498     -42.788     -27.705     -27.455     -32.690     -38.778     -38.862     -45.579     -27.286     -22.905     -26.610     -46.121     -37.059     -40.813     -47.775     -39.921     -50.742     -34.940     -37.711     -57.748     -57.078     -47.578     -49.799     -69.891     -84.607     -14.089     -19.447     -28.810     -13.690     -19.126     -44.625     -27.756     -20.921     -31.970     -43.798     -21.957     -28.885     -23.918     -24.201     -14.957     -24.281     -25.448     -32.311     -46.784     -22.943     -28.236     -37.728     -37.675     -43.539     -30.619     -35.105     -27.733     -32.117     -40.884     -44.350     -25.484     -27.318     -38.145     -37.452     -21.186     -24.259     -35.438     -37.307     -43.558     -43.563     -54.322     -44.710     -36.962     -48.445     -41.119     -31.473     -34.132     -61.292     -56.260     -70.721     -55.142     -42.721     -46.379     -79.090     -63.561     -71.107     -96.796     -86.111     -99.000     -99.000     -26.082     -12.591     -20.100     -14.334     -13.380     -21.744     -21.786     -32.442     -18.298     -14.225     -51.583     -26.036     -10.703     -19.726     -47.972      -8.044     -45.713     -13.655     -11.259     -15.087     -19.629     -31.164     -23.608     -67.133     -10.755     -16.717     -28.579     -17.869     -14.978     -15.574     -35.586     -46.767     -56.583     -16.837     -63.656     -19.169     -16.150     -15.815     -13.956     -17.423     -18.485     -20.526     -26.499     -77.743     -99.000     -38.403     -73.020     -22.903     -34.114     -47.035     -57.834     -68.396     -80.345     -21.810      -3.033     -14.638     -15.553     -24.534     -25.565     -33.298     -15.085     -24.422     -31.493     -36.943     -51.572     -14.025     -24.348     -12.302     -17.821     -25.802     -21.619     -31.146      -5.265     -10.382     -13.058     -26.571     -37.666      -9.915     -17.709      -3.090     -13.664      -9.664     -12.253     -16.039     -10.448     -28.520      -3.768     -15.171     -16.205     -11.685     -11.830     -16.736     -23.592     -16.913     -22.704     -40.332     -29.216     -38.629     -27.852     -34.242     -29.586     -35.735     -43.506     -48.307     -59.340     -62.883     -75.081     -75.936     -94.270      -2.034     -12.874      -4.430      -7.108     -18.423     -13.941     -18.496     -15.571     -18.704      -4.320     -18.947     -25.343      -1.907      -9.192     -11.722     -24.159     -15.415     -20.506      -3.230     -16.795     -23.371      -7.962      -9.561     -17.553      -6.565     -13.117      -5.247     -10.186      -2.241     -11.038      -4.503     -16.829      -5.406     -17.197     -63.918      -8.991     -19.609     -26.306     -27.581     -25.630     -63.899     -18.249     -19.493     -18.131     -28.624     -15.701     -27.136     -66.284     -45.770     -28.430     -34.937     -54.941     -75.260     -96.553     -99.000     -20.258     -51.600     -33.203     -17.522     -51.134     -27.310     -83.103     -37.421     -48.446     -33.814     -17.584     -42.812     -50.698     -25.657     -80.654     -35.161     -45.241     -22.163     -24.307     -13.448     -55.485      -8.350     -21.510     -20.190     -28.714     -34.408     -28.491     -37.923     -46.545     -71.611     -17.669      -6.825     -18.614     -13.663     -98.008     -74.315     -13.070     -17.529     -19.799     -15.931     -19.872     -23.713     -20.842     -32.994     -34.308 
  5       2.696       1.626      -1.174      -1.530      -0.764      -6.709      -2.868      -2.058      -4.747      -2.618      -4.994      -5.954      -5.390      -6.510      -2.164      -3.804      -8.777     -11.509      -7.159      -8.623      -7.976      -3.945      -1.093     -32.262      -7.111      -3.721      -7.962     -20.094     -22.869     -16.321     -18.804     -11.874     -13.786     -11.123     -16.735     -27.180      -9.179     -24.858     -10.918     -12.451     -12.731     -15.622     -12.760     -13.483     -12.915     -16.696     -13.068      -5.563      -6.210      -4.299      -6.942     -12.152      -7.948     -10.060      -6.826      -8.696      -6.291      -7.405     -14.249     -10.543     -11.727     -11.060      -8.706     -11.403     -13.834      -9.200     -11.978     -10.439     -15.777      -7.663      -8.545      -7.047     -10.765      -9.246     -12.320     -14.497     -12.905     -15.516     -14.314      -5.430      -1.260     -11.087      -9.418      -9.751      -6.944     -12.435     -12.028      -8.117     -11.365     -16.216      -6.350     -14.081     -14.073      -8.529      -8.836      -9.303     -12.589     -14.342     -17.779      -8.341     -12.599     -19.233     -14.819     -14.717     -14.813     -10.102     -11.187      -5.377      -9.052      -8.522     -12.959     -16.819     -13.075     -10.952     -12.538     -11.922     -10.080     -11.805      -9.184      -9.455     -11.096     -19.722     -20.461     -16.704     -16.727     -12.693     -13.277     -11.620     -14.569     -14.366     -18.424     -14.794     -27.169     -17.052     -11.933     -14.089      -8.739     -11.845     -14.740     -15.306     -15.706     -20.488     -17.836     -16.350     -13.366     -14.168     -12.590     -15.038     -18.078     -15.164     -13.907     -23.969     -34.596     -21.192     -25.134     -35.360     -36.652     -20.005     -23.508     -28.515     -34.206     -59.396     -15.633     -18.038     -21.985     -19.445     -84.272     -79.039     -21.963     -29.348     -13.250     -28.395     -48.392     -16.686     -15.394     -23.857     -49.044     -29.397     -37.255     -49.879     -51.054     -17.266     -16.221     -22.483     -27.927     -35.695     -48.081     -59.143     -99.000     -16.755     -42.177     -16.209     -20.916     -40.332      -8.616     -16.129      -9.028     -12.860      -9.655     -33.959     -33.419     -33.232     -14.606     -13.815     -26.214     -26.178     -18.903     -20.006     -18.061     -12.456     -15.450     -14.111     -12.552      -8.982     -16.764     -17.144     -29.350     -56.747     -85.551     -30.859     -49.378     -55.754     -81.441      -9.396     -21.097     -21.714     -13.447     -25.180     -34.892     -50.070     -11.507     -17.618     -46.161     -13.671     -10.620     -12.452     -22.102     -20.455     -30.485     -26.197     -66.440     -24.588     -24.085     -16.289     -27.221     -21.899     -17.515     -23.476     -44.380     -51.254     -46.182     -49.019     -43.705     -82.348     -85.213     -40.598     -41.269     -17.545     -28.619     -20.267     -31.437     -22.386     -23.730     -36.270     -14.397     -24.276     -15.907     -46.385     -23.527     -34.355     -45.680     -23.324     -42.496     -27.468     -27.217     -32.501     -38.462     -38.540     -45.268     -27.073     -22.742     -26.449     -45.878     -36.825     -40.545     -47.486     -39.668     -50.441     -34.725     -37.511     -57.425     -56.747     -47.317     -49.548     -69.485     -84.152     -13.948     -19.276     -28.596     -13.572     -18.922     -44.303     -27.495     -20.744     -31.727     -43.467     -21.827     -28.612     -23.691     -24.029     -14.847     -24.132     -25.225     -32.085     -46.495     -22.804     -28.030     -37.484     -37.429     -43.274     -30.378     -34.879     -27.592     -31.967     -40.572     -44.081     -25.328     -27.131     -37.902     -37.219     -21.068     -24.146     -35.263     -37.115     -43.220     -43.293     -53.985     -44.496     -36.781     -48.211     -40.872     -31.333     -34.001     -60.840     -56.008     -70.313     -54.843     -42.565     -46.211     -78.525     -63.291     -70.741     -96.119     -85.700     -99.000     -99.000     -25.822     -12.456     -19.879     -14.154     -13.200     -21.517     -21.559     -32.151     -18.085     -14.021     -51.164     -25.773     -10.516     -19.502     -47.573      -7.878     -45.338     -13.456     -11.074     -14.865     -19.376     -30.822     -23.311     -66.702     -10.618     -16.542     -28.327     -17.726     -14.850     -15.428     -35.299     -46.417     -56.163     -16.683     -63.241     -18.989     -16.001     -15.658     -13.828     -17.293     -18.351     -20.299     -26.296     -77.395     -99.000     -38.184     -72.647     -22.708     -33.859     -46.725     -57.465     -67.964     -79.855     -21.639      -2.938     -14.448     -15.385     -24.359     -25.368     -33.053     -14.934     -24.265     -31.293     -36.724     -51.342     -13.844     -24.094     -12.127     -17.637     -25.574     -21.424     -30.892      -5.095     -10.194     -12.892     -26.348     -37.425      -9.739     -17.521      -2.994     -13.487      -9.491     -12.107     -15.851     -10.311     -28.275      -3.672     -14.996     -15.976     -11.545     -11.696     -16.570     -23.389     -16.728     -22.498     -40.049     -28.990     -38.355     -27.657     -34.017     -29.356     -35.473     -43.230     -48.008     -58.974     -62.511     -74.660     -75.528     -93.786      -1.936     -12.705      -4.249      -6.934     -18.194     -13.750     -18.257     -15.320     -18.383      -4.224     -18.738     -25.087      -1.811      -8.999     -11.538     -23.927     -15.242     -20.282      -3.134     -16.597     -23.126      -7.774      -9.389     -17.333      -6.424     -12.944      -5.108     -10.029      -2.136     -10.878      -4.407     -16.648      -5.310     -17.021     -63.662      -8.868     -19.439     -26.169     -27.421     -25.516     -63.617     -18.080     -19.297     -17.934     -28.391     -15.564     -26.963     -65.963     -45.589     -28.270     -34.753     -54.721     -74.987     -96.227     -99.000     -20.095     -51.349     -32.965     -17.403     -50.867     -27.162     -82.713     -37.238     -48.229     -33.580     -17.475     -42.555     -50.466     -25.549     -80.315     -35.038     -45.108     -21.965     -24.064     -13.303     -55.119      -8.254     -21.316     -20.020     -28.496     -34.157     -28.250     -37.688     -46.249     -71.218     -17.556      -6.730     -18.439     -13.526     -97.190     -73.935     -12.876     -17.285     -19.632     -15.744     -19.689     -23.526     -20.675     -32.760     -34.071 
  6       2.787       1.717      -1.064      -1.438      -0.666      -6.597      -2.787      -1.974      -4.656      -2.538      -4.894      -5.854      -5.298      -6.418      -2.073      -3.713      -8.655     -11.400      -7.067      -8.532      -7.889      -3.854      -0.970     -32.060      -6.969      -3.661      -7.831     -19.934     -22.657     -16.165     -18.625     -11.747     -13.670     -10.997     -16.586     -26.951      -8.947     -24.488     -10.723     -12.282     -12.535     -15.458     -12.600     -13.244     -12.740     -16.528     -12.919      -5.407      -6.071      -4.168      -6.836     -11.976      -7.802      -9.907      -6.692      -8.552      -6.158      -7.281     -14.061     -10.383     -11.571     -10.904      -8.554     -11.162     -13.664      -8.998     -11.759     -10.229     -15.556      -7.506      -8.385      -6.899     -10.583      -9.067     -12.123     -14.274     -12.713     -15.313     -14.124      -5.327      -1.193     -10.958      -9.283      -9.628      -6.837     -12.279     -11.835      -7.960     -11.227     -16.030      -6.244     -13.939     -13.918      -8.425      -8.744      -9.185     -12.451     -14.225     -17.650      -8.204     -12.441     -19.069     -14.686     -14.557     -14.639      -9.964     -11.053      -5.299      -8.941      -8.401     -12.806     -16.635     -12.923     -10.851     -12.433     -11.793      -9.958     -11.719      -9.049      -9.324     -10.932     -19.533     -20.337     -16.600     -16.587     -12.581     -13.173     -11.518     -14.446     -14.230     -18.276     -14.674     -26.961     -16.913     -11.795     -13.943      -8.646     -11.724     -14.588     -15.181     -15.569     -20.351     -17.708     -16.202     -13.235     -14.042     -12.465     -14.898     -17.921     -15.027     -13.775     -23.819     -34.428     -21.036     -24.962     -35.171     -36.442     -19.874     -23.379     -28.369     -34.060     -59.148     -15.470     -17.846     -21.792     -19.265     -83.860     -78.766     -21.797     -29.148     -13.087     -28.210     -48.146     -16.544     -15.246     -23.658     -48.776     -29.191     -37.001     -49.590     -50.745     -17.133     -16.081     -22.330     -27.764     -35.496     -47.859     -58.833     -99.000     -16.557     -41.884     -16.034     -20.739     -40.099      -8.489     -15.967      -8.879     -12.712      -9.465     -33.679     -33.155     -32.988     -14.415     -13.595     -25.946     -25.925     -18.648     -19.838     -17.904     -12.322     -15.298     -13.971     -12.430      -8.883     -16.621     -17.006     -29.136     -56.409     -85.073     -30.659     -49.131     -55.478     -81.089      -9.237     -20.896     -21.520     -13.258     -24.889     -34.548     -49.751     -11.370     -17.481     -45.866     -13.531     -10.481     -12.299     -21.927     -20.260     -30.281     -25.981     -66.078     -24.422     -23.950     -16.110     -26.966     -21.713     -17.366     -23.332     -44.106     -50.901     -45.953     -48.722     -43.529     -81.896     -84.807     -40.343     -40.994     -17.354     -28.349     -20.090     -31.198     -22.247     -23.511     -35.972     -14.248     -24.082     -15.782     -46.134     -23.367     -34.095     -45.388     -23.161     -42.223     -27.243     -26.991     -32.326     -38.162     -38.234     -44.973     -26.872     -22.589     -26.299     -45.652     -36.607     -40.293     -47.214     -39.429     -50.156     -34.523     -37.324     -57.123     -56.439     -47.073     -49.314     -69.101     -83.725     -13.814     -19.116     -28.395     -13.462     -18.728     -44.000     -27.249     -20.577     -31.498     -43.155     -21.707     -28.352     -23.476     -23.867     -14.746     -23.994     -25.014     -31.873     -46.224     -22.674     -27.834     -37.253     -37.196     -43.025     -30.150     -34.666     -27.463     -31.829     -40.276     -43.828     -25.181     -26.954     -37.674     -36.998     -20.958     -24.043     -35.101     -36.937     -42.902     -43.037     -53.665     -44.297     -36.612     -47.991     -40.639     -31.205     -33.881     -60.415     -55.776     -69.927     -54.561     -42.422     -46.056     -77.992     -63.039     -70.394     -95.481     -85.312     -99.000     -99.000     -25.580     -12.330     -19.671     -13.985     -13.031     -21.303     -21.345     -31.876     -17.885     -13.829     -50.770     -25.526     -10.339     -19.291     -47.197      -7.721     -44.984     -13.268     -10.899     -14.656     -19.138     -30.499     -23.031     -66.296     -10.489     -16.377     -28.089     -17.593     -14.730     -15.290     -35.029     -46.087     -55.766     -16.538     -62.853     -18.820     -15.861     -15.509     -13.709     -17.173     -18.227     -20.083     -26.106     -77.073     -99.000     -37.977     -72.296     -22.524     -33.618     -46.433     -57.117     -67.555     -79.393     -21.481      -2.847     -14.268     -15.226     -24.193     -25.182     -32.822     -14.790     -24.118     -31.107     -36.521     -51.128     -13.673     -23.855     -11.960     -17.463     -25.362     -21.241     -30.654      -4.930     -10.016     -12.733     -26.136     -37.197      -9.572     -17.346      -2.903     -13.321      -9.323     -11.969     -15.670     -10.181     -28.040      -3.581     -14.831     -15.754     -11.413     -11.570     -16.410     -23.196     -16.551     -22.303     -39.782     -28.774     -38.098     -27.472     -33.805     -29.136     -35.225     -42.968     -47.726     -58.625     -62.160     -74.260     -75.144     -93.329      -1.843     -12.545      -4.074      -6.769     -17.977     -13.570     -18.029     -15.081     -18.073      -4.133     -18.539     -24.845      -1.719      -8.812     -11.362     -23.707     -15.079     -20.069      -3.043     -16.409     -22.894      -7.591      -9.225     -17.123      -6.287     -12.779      -4.973      -9.881      -2.036     -10.727      -4.316     -16.477      -5.219     -16.855     -63.425      -8.751     -19.276     -26.040     -27.270     -25.410     -63.354     -17.922     -19.111     -17.748     -28.172     -15.434     -26.799     -65.661     -45.422     -28.120     -34.582     -54.517     -74.735     -95.927     -99.000     -19.943     -51.114     -32.739     -17.292     -50.617     -27.024     -82.349     -37.068     -48.028     -33.359     -17.374     -42.313     -50.249     -25.451     -80.000     -34.927     -44.988     -21.780     -23.833     -13.167     -54.776      -8.163     -21.132     -19.860     -28.290     -33.922     -28.021     -37.468     -45.972     -70.850     -17.453      -6.638     -18.273     -13.397     -96.426     -73.580     -12.693     -17.056     -19.478     -15.571     -19.519     -23.353     -20.520     -32.543     -33.850 
  7       2.875       1.805      -0.959      -1.350      -0.571      -6.489      -2.708      -1.893      -4.568      -2.461      -4.796      -5.757      -5.208      -6.330      -1.985      -3.625      -8.538     -11.295      -6.979      -8.444      -7.804      -3.766      -0.851     -31.865      -6.834      -3.604      -7.704     -19.780     -22.454     -16.015     -18.452     -11.625     -13.558     -10.875     -16.441     -26.730      -8.723     -24.130     -10.536     -12.118     -12.346     -15.300     -12.445     -13.013     -12.572     -16.366     -12.777      -5.258      -5.936      -4.041      -6.734     -11.807      -7.662      -9.759      -6.562      -8.414      -6.029      -7.161     -13.880     -10.229     -11.421     -10.753      -8.407     -10.928     -13.499      -8.804     -11.546     -10.025     -15.343      -7.355      -8.230      -6.755     -10.407      -8.894     -11.931     -14.059     -12.527     -15.117     -13.942      -5.228      -1.129     -10.834      -9.154      -9.510      -6.735     -12.130     -11.649      -7.809     -11.095     -15.851      -6.141     -13.802     -13.769      -8.325      -8.655      -9.071     -12.317     -14.112     -17.525      -8.072     -12.288     -18.912     -14.558     -14.403     -14.472      -9.831     -10.923      -5.225      -8.834      -8.284     -12.658     -16.457     -12.777     -10.754     -12.333     -11.670      -9.841     -11.637      -8.919      -9.199     -10.774     -19.351     -20.218     -16.501     -16.452     -12.474     -13.073     -11.419     -14.328     -14.099     -18.134     -14.558     -26.760     -16.779     -11.662     -13.803      -8.557     -11.607     -14.442     -15.061     -15.437     -20.219     -17.586     -16.059     -13.109     -13.920     -12.345     -14.763     -17.770     -14.896     -13.648     -23.674     -34.266     -20.886     -24.797     -34.988     -36.239     -19.747     -23.254     -28.230     -33.919     -58.909     -15.314     -17.662     -21.606     -19.091     -83.463     -78.504     -21.638     -28.956     -12.931     -28.033     -47.910     -16.407     -15.103     -23.466     -48.518     -28.994     -36.757     -49.312     -50.449     -17.006     -15.947     -22.182     -27.608     -35.305     -47.646     -58.535     -99.000     -16.367     -41.602     -15.866     -20.570     -39.876      -8.368     -15.812      -8.736     -12.569      -9.283     -33.410     -32.902     -32.752     -14.231     -13.383     -25.689     -25.681     -18.403     -19.677     -17.753     -12.193     -15.151     -13.838     -12.314      -8.788     -16.483     -16.874     -28.931     -56.084     -84.614     -30.467     -48.895     -55.213     -80.751      -9.086     -20.704     -21.334     -13.076     -24.611     -34.217     -49.446     -11.239     -17.351     -45.585     -13.398     -10.349     -12.154     -21.760     -20.075     -30.088     -25.778     -65.733     -24.262     -23.820     -15.938     -26.720     -21.534     -17.221     -23.193     -43.842     -50.560     -45.731     -48.435     -43.359     -81.460     -84.415     -40.098     -40.729     -17.169     -28.088     -19.918     -30.967     -22.114     -23.299     -35.684     -14.104     -23.895     -15.662     -45.892     -23.214     -33.843     -45.107     -23.004     -41.959     -27.025     -26.772     -32.157     -37.872     -37.939     -44.690     -26.677     -22.442     -26.154     -45.434     -36.396     -40.050     -46.951     -39.199     -49.882     -34.329     -37.145     -56.832     -56.142     -46.838     -49.089     -68.730     -83.314     -13.686     -18.962     -28.202     -13.356     -18.542     -43.709     -27.012     -20.416     -31.277     -42.853     -21.592     -28.101     -23.269     -23.712     -14.648     -23.860     -24.811     -31.670     -45.963     -22.550     -27.646     -37.030     -36.971     -42.786     -29.929     -34.460     -27.339     -31.697     -39.990     -43.584     -25.039     -26.784     -37.453     -36.786     -20.853     -23.943     -34.945     -36.766     -42.595     -42.790     -53.357     -44.106     -36.449     -47.780     -40.414     -31.081     -33.766     -60.004     -55.553     -69.554     -54.288     -42.284     -45.907     -77.477     -62.795     -70.060     -94.864     -84.937     -99.000     -99.000     -25.346     -12.208     -19.470     -13.822     -12.868     -21.097     -21.138     -31.612     -17.692     -13.643     -50.391     -25.288     -10.168     -19.088     -46.835      -7.570     -44.643     -13.086     -10.730     -14.455     -18.907     -30.188     -22.761     -65.906     -10.365     -16.218     -27.859     -17.466     -14.614     -15.158     -34.769     -45.769     -55.385     -16.398     -62.479     -18.656     -15.726     -15.366     -13.595     -17.058     -18.108     -19.876     -25.923     -76.763     -99.000     -37.778     -71.957     -22.346     -33.384     -46.150     -56.780     -67.161     -78.946     -21.328      -2.759     -14.095     -15.073     -24.033     -25.002     -32.600     -14.651     -23.976     -30.927     -36.325     -50.923     -13.508     -23.625     -11.799     -17.296     -25.157     -21.065     -30.424      -4.771      -9.845     -12.580     -25.931     -36.978      -9.412     -17.178      -2.815     -13.160      -9.161     -11.834     -15.495     -10.056     -27.813      -3.493     -14.672     -15.538     -11.285     -11.448     -16.256     -23.011     -16.380     -22.114     -39.525     -28.566     -37.849     -27.293     -33.601     -28.923     -34.986     -42.714     -47.454     -58.288     -61.821     -73.873     -74.772     -92.888      -1.752     -12.391      -3.904      -6.610     -17.767     -13.396     -17.809     -14.850     -17.772      -4.045     -18.348     -24.612      -1.629      -8.630     -11.193     -23.496     -14.923     -19.863      -2.955     -16.228     -22.671      -7.415      -9.067     -16.922      -6.155     -12.620      -4.842      -9.737      -1.939     -10.581      -4.228     -16.312      -5.131     -16.695     -63.198      -8.637     -19.118     -25.916     -27.125     -25.309     -63.101     -17.769     -18.931     -17.568     -27.962     -15.309     -26.641     -65.370     -45.261     -27.976     -34.417     -54.322     -74.495     -95.640     -99.000     -19.798     -50.888     -32.522     -17.186     -50.377     -26.892     -81.998     -36.904     -47.834     -33.146     -17.277     -42.079     -50.041     -25.356     -79.696     -34.819     -44.873     -21.601     -23.610     -13.036     -54.446      -8.075     -20.954     -19.705     -28.092     -33.694     -27.801     -37.256     -45.704     -70.496     -17.355      -6.550     -18.113     -13.274     -95.694     -73.239     -12.516     -16.835     -19.331     -15.407     -19.356     -23.188     -20.373     -32.337     -33.642 
  8       2.961       1.891      -0.858      -1.263      -0.479      -6.384      -2.631      -1.814      -4.482      -2.385      -4.701      -5.663      -5.121      -6.243      -1.899      -3.539      -8.422     -11.193      -6.892      -8.358      -7.722      -3.681      -0.734     -31.673      -6.704      -3.547      -7.581     -19.629     -22.254     -15.867     -18.281     -11.505     -13.448     -10.756     -16.300     -26.514      -8.505     -23.783     -10.357     -11.959     -12.163     -15.146     -12.295     -12.787     -12.411     -16.208     -12.637      -5.113      -5.804      -3.917      -6.634     -11.641      -7.523      -9.614      -6.435      -8.278      -5.902      -7.044     -13.703     -10.078     -11.273     -10.605      -8.263     -10.702     -13.339      -8.616     -11.340      -9.827     -15.137      -7.206      -8.079      -6.615     -10.236      -8.727     -11.745     -13.850     -12.346     -14.926     -13.763      -5.132      -1.066     -10.714      -9.029      -9.395      -6.636     -11.985     -11.469      -7.664     -10.965     -15.677      -6.040     -13.668     -13.622      -8.227      -8.567      -8.959     -12.186     -14.000     -17.403      -7.944     -12.139     -18.757     -14.434     -14.253     -14.308      -9.700     -10.795      -5.152      -8.729      -8.170     -12.514     -16.283     -12.633     -10.659     -12.234     -11.549      -9.725     -11.555      -8.793      -9.077     -10.620     -19.172     -20.101     -16.403     -16.319     -12.368     -12.974     -11.323     -14.212     -13.970     -17.994     -14.443     -26.564     -16.648     -11.532     -13.665      -8.469     -11.492     -14.299     -14.942     -15.307     -20.090     -17.465     -15.918     -12.985     -13.801     -12.227     -14.631     -17.622     -14.766     -13.523     -23.531     -34.106     -20.738     -24.634     -34.808     -36.040     -19.622     -23.130     -28.091     -33.779     -58.672     -15.160     -17.481     -21.422     -18.920     -83.072     -78.242     -21.481     -28.766     -12.779     -27.860     -47.679     -16.275     -14.964     -23.279     -48.266     -28.801     -36.519     -49.040     -50.159     -16.881     -15.816     -22.038     -27.456     -35.119     -47.437     -58.244     -99.000     -16.181     -41.326     -15.702     -20.404     -39.657      -8.248     -15.659      -8.597     -12.430      -9.106     -33.147     -32.653     -32.522     -14.052     -13.175     -25.437     -25.443     -18.163     -19.519     -17.605     -12.068     -15.008     -13.707     -12.201      -8.696     -16.349     -16.744     -28.732     -55.768     -84.166     -30.281     -48.663     -54.955     -80.420      -8.940     -20.518     -21.153     -12.899     -24.339     -33.894     -49.147     -11.112     -17.224     -45.308     -13.268     -10.221     -12.015     -21.599     -19.897     -29.901     -25.583     -65.397     -24.104     -23.691     -15.768     -26.478     -21.358     -17.080     -23.056     -43.583     -50.228     -45.513     -48.154     -43.191     -81.033     -84.030     -39.857     -40.470     -16.988     -27.832     -19.750     -30.741     -21.982     -23.092     -35.403     -13.963     -23.712     -15.544     -45.654     -23.063     -33.596     -44.831     -22.849     -41.699     -26.813     -26.559     -31.990     -37.590     -37.651     -44.412     -26.486     -22.297     -26.011     -45.218     -36.188     -39.811     -46.694     -38.973     -49.613     -34.138     -36.967     -56.545     -55.848     -46.606     -48.866     -68.367     -82.908     -13.560     -18.811     -28.013     -13.251     -18.359     -43.423     -26.779     -20.258     -31.061     -42.559     -21.478     -27.857     -23.067     -23.559     -14.551     -23.729     -24.612     -31.469     -45.706     -22.427     -27.461     -36.811     -36.751     -42.550     -29.713     -34.259     -27.216     -31.565     -39.711     -43.344     -24.900     -26.617     -37.236     -36.577     -20.748     -23.844     -34.790     -36.597     -42.293     -42.549     -53.055     -43.916     -36.288     -47.571     -40.194     -30.958     -33.651     -59.600     -55.330     -69.188     -54.021     -42.146     -45.758     -76.972     -62.554     -69.731     -94.258     -84.569     -99.000     -99.000     -25.116     -12.088     -19.274     -13.661     -12.708     -20.894     -20.936     -31.353     -17.502     -13.461     -50.018     -25.054     -10.000     -18.887     -46.479      -7.422     -44.309     -12.908     -10.565     -14.256     -18.681     -29.882     -22.496     -65.523     -10.243     -16.062     -27.635     -17.340     -14.499     -15.028     -34.514     -45.457     -55.011     -16.261     -62.111     -18.496     -15.594     -15.226     -13.483     -16.945     -17.991     -19.673     -25.745     -76.457     -99.000     -37.582     -71.624     -22.171     -33.156     -45.873     -56.450     -66.774     -78.508     -21.178      -2.673     -13.926     -14.923     -23.876     -24.825     -32.382     -14.515     -23.835     -30.750     -36.132     -50.719     -13.346     -23.399     -11.642     -17.133     -24.955     -20.892     -30.198      -4.619      -9.679     -12.432     -25.733     -36.764      -9.256     -17.014      -2.729     -13.003      -9.004     -11.704     -15.325      -9.934     -27.592      -3.407     -14.516     -15.330     -11.160     -11.328     -16.106     -22.829     -16.213     -21.930     -39.272     -28.363     -37.605     -27.119     -33.401     -28.716     -34.751     -42.466     -47.187     -57.959     -61.489     -73.495     -74.408     -92.455      -1.664     -12.240      -3.740      -6.454     -17.563     -13.225     -17.594     -14.624     -17.482      -3.959     -18.161     -24.384      -1.543      -8.455     -11.027     -23.289     -14.769     -19.662      -2.869     -16.050     -22.452      -7.244      -8.914     -16.725      -6.027     -12.464      -4.715      -9.597      -1.846     -10.439      -4.142     -16.151      -5.045     -16.538     -62.971      -8.528     -18.965     -25.794     -26.983     -25.209     -62.851     -17.619     -18.756     -17.393     -27.755     -15.187     -26.488     -65.084     -45.102     -27.836     -34.256     -54.130     -74.257     -95.356     -99.000     -19.657     -50.664     -32.310     -17.080     -50.139     -26.761     -81.651     -36.742     -47.642     -32.937     -17.181     -41.850     -49.835     -25.261     -79.395     -34.712     -44.757     -21.425     -23.393     -12.907     -54.122      -7.989     -20.781     -19.553     -27.897     -33.471     -27.586     -37.047     -45.442     -70.148     -17.257      -6.464     -17.957     -13.154     -94.975     -72.903     -12.342     -16.617     -19.188     -15.248     -19.197     -23.027     -20.229     -32.137     -33.439 
  9       3.046       1.976      -0.760      -1.179      -0.388      -6.280      -2.554      -1.736      -4.397      -2.310      -4.606      -5.568      -5.033      -6.157      -1.815      -3.454      -8.308     -11.091      -6.806      -8.271      -7.641      -3.596      -0.619     -31.483      -6.578      -3.490      -7.460     -19.481     -22.056     -15.719     -18.111     -11.385     -13.339     -10.637     -16.161     -26.301      -8.294     -23.447     -10.184     -11.804     -11.985     -14.996     -12.148     -12.565     -12.253     -16.051     -12.499      -4.971      -5.674      -3.795      -6.534     -11.477      -7.386      -9.469      -6.308      -8.144      -5.777      -6.928     -13.528      -9.927     -11.127     -10.458      -8.120     -10.481     -13.183      -8.434     -11.139      -9.635     -14.936      -7.061      -7.930      -6.478     -10.069      -8.563     -11.564     -13.646     -12.168     -14.736     -13.586      -5.038      -1.005     -10.596      -8.905      -9.283      -6.538     -11.843     -11.295      -7.524     -10.838     -15.505      -5.941     -13.536     -13.476      -8.128      -8.480      -8.848     -12.057     -13.889     -17.281      -7.818     -11.994     -18.604     -14.310     -14.106     -14.146      -9.570     -10.669      -5.079      -8.625      -8.057     -12.373     -16.112     -12.490     -10.563     -12.134     -11.429      -9.610     -11.472      -8.669      -8.958     -10.470     -18.995     -19.983     -16.306     -16.187     -12.262     -12.875     -11.226     -14.097     -13.843     -17.855     -14.329     -26.369     -16.519     -11.402     -13.527      -8.381     -11.378     -14.156     -14.824     -15.178     -19.960     -17.346     -15.778     -12.861     -13.681     -12.110     -14.500     -17.475     -14.637     -13.399     -23.387     -33.944     -20.590     -24.470     -34.627     -35.840     -19.496     -23.005     -27.950     -33.637     -58.432     -15.006     -17.301     -21.239     -18.751     -82.679     -77.975     -21.323     -28.575     -12.628     -27.689     -47.449     -16.143     -14.827     -23.096     -48.016     -28.610     -36.285     -48.772     -49.873     -16.758     -15.687     -21.896     -27.304     -34.934     -47.228     -57.955     -99.000     -15.999     -41.054     -15.541     -20.239     -39.439      -8.130     -15.508      -8.459     -12.292      -8.932     -32.886     -32.407     -32.293     -13.874     -12.971     -25.188     -25.206     -17.925     -19.362     -17.457     -11.944     -14.867     -13.578     -12.089      -8.604     -16.216     -16.615     -28.536     -55.455     -83.723     -30.097     -48.433     -54.698     -80.090      -8.796     -20.334     -20.974     -12.725     -24.070     -33.575     -48.849     -10.988     -17.097     -45.033     -13.141     -10.096     -11.880     -21.440     -19.724     -29.715     -25.392     -65.063     -23.945     -23.561     -15.599     -26.236     -21.183     -16.940     -22.918     -43.327     -49.901     -45.296     -47.878     -43.020     -80.612     -83.648     -39.619     -40.214     -16.810     -27.577     -19.584     -30.518     -21.850     -22.889     -35.128     -13.824     -23.530     -15.425     -45.417     -22.911     -33.349     -44.556     -22.693     -41.440     -26.604     -26.349     -31.822     -37.312     -37.368     -44.137     -26.298     -22.153     -25.867     -45.002     -35.980     -39.573     -46.438     -38.748     -49.346     -33.947     -36.788     -56.256     -55.553     -46.375     -48.642     -68.007     -82.503     -13.434     -18.660     -27.824     -13.146     -18.179     -43.139     -26.546     -20.102     -30.847     -42.268     -21.362     -27.618     -22.868     -23.407     -14.453     -23.596     -24.413     -31.267     -45.449     -22.302     -27.278     -36.594     -36.533     -42.313     -29.501     -34.059     -27.091     -31.431     -39.436     -43.106     -24.761     -26.451     -37.021     -36.369     -20.642     -23.742     -34.634     -36.425     -41.992     -42.310     -52.757     -43.727     -36.127     -47.362     -39.975     -30.832     -33.532     -59.198     -55.104     -68.827     -53.755     -42.005     -45.606     -76.469     -62.313     -69.406     -93.655     -84.203     -99.000     -99.000     -24.886     -11.969     -19.079     -13.501     -12.550     -20.694     -20.735     -31.097     -17.314     -13.282     -49.647     -24.820      -9.834     -18.688     -46.125      -7.275     -43.977     -12.732     -10.400     -14.059     -18.457     -29.578     -22.232     -65.142     -10.121     -15.909     -27.414     -17.213     -14.385     -14.898     -34.262     -45.149     -54.643     -16.123     -61.745     -18.337     -15.463     -15.088     -13.370     -16.830     -17.872     -19.475     -25.569     -76.149     -99.000     -37.387     -71.293     -21.998     -32.929     -45.598     -56.123     -66.390     -78.073     -21.027      -2.588     -13.758     -14.775     -23.720     -24.650     -32.165     -14.381     -23.696     -30.572     -35.937     -50.512     -13.186     -23.174     -11.489     -16.969     -24.755     -20.719     -29.974      -4.473      -9.518     -12.289     -25.539     -36.554      -9.105     -16.853      -2.645     -12.847      -8.852     -11.574     -15.159      -9.813     -27.375      -3.323     -14.362     -15.129     -11.037     -11.210     -15.959     -22.650     -16.051     -21.748     -39.021     -28.163     -37.363     -26.947     -33.202     -28.513     -34.519     -42.222     -46.922     -57.636     -61.160     -73.122     -74.046     -92.026      -1.578     -12.090      -3.582      -6.301     -17.361     -13.057     -17.383     -14.402     -17.201      -3.874     -17.976     -24.159      -1.458      -8.286     -10.865     -23.085     -14.616     -19.465      -2.784     -15.875     -22.236      -7.080      -8.763     -16.532      -5.903     -12.312      -4.593      -9.459      -1.754     -10.298      -4.058     -15.991      -4.960     -16.383     -62.742      -8.421     -18.816     -25.672     -26.841     -25.108     -62.601     -17.470     -18.584     -17.219     -27.549     -15.066     -26.337     -64.799     -44.942     -27.696     -34.095     -53.937     -74.017     -95.068     -99.000     -19.519     -50.440     -32.099     -16.974     -49.902     -26.629     -81.304     -36.579     -47.448     -32.731     -17.083     -41.621     -49.627     -25.164     -79.092     -34.600     -44.636     -21.250     -23.179     -12.778     -53.798      -7.904     -20.609     -19.403     -27.704     -33.249     -27.373     -36.839     -45.181     -69.800     -17.157      -6.380     -17.802     -13.036     -94.261     -72.569     -12.170     -16.401     -19.046     -15.093     -19.041     -22.867     -20.087     -31.941     -33.240 
 10       3.129       2.059      -0.664      -1.095      -0.300      -6.176      -2.477      -1.659      -4.314      -2.234      -4.512      -5.475      -4.946      -6.070      -1.732      -3.371      -8.195     -10.990      -6.720      -8.185      -7.561      -3.513      -0.504     -31.294      -6.455      -3.431      -7.340     -19.335     -21.859     -15.571     -17.942     -11.266     -13.231     -10.520     -16.023     -26.088      -8.086     -23.119     -10.018     -11.652     -11.812     -14.848     -12.004     -12.346     -12.098     -15.894     -12.363      -4.832      -5.545      -3.674      -6.435     -11.314      -7.249      -9.326      -6.182      -8.012      -5.653      -6.812     -13.354      -9.778     -10.980     -10.312      -7.978     -10.265     -13.029      -8.257     -10.942      -9.447     -14.738      -6.916      -7.783      -6.342      -9.905      -8.402     -11.387     -13.445     -11.991     -14.548     -13.411      -4.945      -0.944     -10.480      -8.783      -9.173      -6.442     -11.704     -11.125      -7.387     -10.712     -15.337      -5.842     -13.405     -13.331      -8.030      -8.393      -8.738     -11.930     -13.777     -17.158      -7.696     -11.851     -18.453     -14.188     -13.960     -13.985      -9.441     -10.542      -5.005      -8.522      -7.946     -12.233     -15.942     -12.348     -10.466     -12.034     -11.308      -9.496     -11.389      -8.548      -8.841     -10.323     -18.819     -19.866     -16.209     -16.054     -12.155     -12.774     -11.129     -13.983     -13.717     -17.716     -14.214     -26.175     -16.390     -11.272     -13.390      -8.292     -11.266     -14.013     -14.705     -15.049     -19.831     -17.228     -15.638     -12.737     -13.561     -11.993     -14.371     -17.328     -14.508     -13.275     -23.243     -33.781     -20.442     -24.307     -34.446     -35.639     -19.369     -22.879     -27.808     -33.492     -58.189     -14.851     -17.122     -21.055     -18.582     -82.285     -77.703     -21.164     -28.383     -12.480     -27.519     -47.221     -16.012     -14.691     -22.915     -47.768     -28.421     -36.053     -48.505     -49.589     -16.635     -15.559     -21.755     -27.153     -34.750     -47.021     -57.668     -99.000     -15.819     -40.784     -15.381     -20.076     -39.222      -8.013     -15.358      -8.323     -12.155      -8.760     -32.628     -32.163     -32.065     -13.698     -12.768     -24.940     -24.971     -17.688     -19.206     -17.310     -11.821     -14.727     -13.450     -11.977      -8.513     -16.084     -16.486     -28.343     -55.146     -83.285     -29.915     -48.204     -54.444     -79.762      -8.655     -20.152     -20.798     -12.553     -23.803     -33.258     -48.552     -10.865     -16.972     -44.757     -13.015      -9.973     -11.748     -21.283     -19.556     -29.532     -25.206     -64.730     -23.787     -23.430     -15.431     -25.995     -21.009     -16.802     -22.779     -43.072     -49.578     -45.078     -47.604     -42.848     -80.196     -83.268     -39.382     -39.959     -16.633     -27.322     -19.419     -30.297     -21.717     -22.688     -34.856     -13.687     -23.350     -15.307     -45.181     -22.759     -33.102     -44.281     -22.538     -41.181     -26.398     -26.141     -31.653     -37.037     -37.089     -43.864     -26.111     -22.008     -25.722     -44.785     -35.773     -39.334     -46.184     -38.525     -49.080     -33.756     -36.609     -55.967     -55.257     -46.143     -48.417     -67.650     -82.098     -13.309     -18.509     -27.636     -13.041     -18.000     -42.856     -26.313     -19.947     -30.635     -41.980     -21.246     -27.382     -22.671     -23.255     -14.355     -23.463     -24.215     -31.064     -45.193     -22.177     -27.097     -36.378     -36.316     -42.077     -29.292     -33.860     -26.965     -31.296     -39.165     -42.870     -24.623     -26.286     -36.807     -36.162     -20.535     -23.639     -34.476     -36.252     -41.692     -42.072     -52.461     -43.536     -35.965     -47.152     -39.757     -30.705     -33.411     -58.797     -54.875     -68.468     -53.491     -41.862     -45.450     -75.967     -62.072     -69.082     -93.055     -83.839     -99.000     -99.000     -24.657     -11.849     -18.885     -13.342     -12.392     -20.496     -20.536     -30.843     -17.127     -13.105     -49.278     -24.587      -9.668     -18.490     -45.773      -7.129     -43.647     -12.557     -10.237     -13.862     -18.235     -29.275     -21.969     -64.762      -9.999     -15.756     -27.196     -17.085     -14.270     -14.769     -34.012     -44.844     -54.277     -15.987     -61.380     -18.180     -15.332     -14.950     -13.258     -16.714     -17.753     -19.280     -25.394     -75.840     -99.000     -37.193     -70.962     -21.827     -32.704     -45.325     -55.797     -66.008     -77.640     -20.875      -2.505     -13.592     -14.629     -23.564     -24.477     -31.948     -14.248     -23.556     -30.393     -35.741     -50.303     -13.027     -22.950     -11.337     -16.807     -24.555     -20.547     -29.751      -4.332      -9.359     -12.150     -25.349     -36.347      -8.956     -16.692      -2.561     -12.692      -8.705     -11.446     -14.996      -9.693     -27.162      -3.239     -14.209     -14.934     -10.915     -11.092     -15.815     -22.472     -15.891     -21.568     -38.772     -27.964     -37.121     -26.777     -33.004     -28.312     -34.289     -41.980     -46.658     -57.316     -60.832     -72.754     -73.686     -91.599      -1.493     -11.942      -3.428      -6.150     -17.162     -12.889     -17.174     -14.183     -16.928      -3.791     -17.794     -23.937      -1.374      -8.121     -10.705     -22.882     -14.464     -19.272      -2.701     -15.702     -22.023      -6.920      -8.615     -16.342      -5.782     -12.161      -4.474      -9.323      -1.665     -10.158      -3.974     -15.833      -4.877     -16.229     -62.509      -8.318     -18.669     -25.549     -26.699     -25.005     -62.352     -17.322     -18.415     -17.046     -27.343     -14.946     -26.187     -64.515     -44.780     -27.556     -33.934     -53.742     -73.775     -94.779     -99.000     -19.384     -50.215     -31.890     -16.868     -49.664     -26.495     -80.956     -36.414     -47.252     -32.526     -16.985     -41.394     -49.419     -25.064     -78.787     -34.486     -44.511     -21.075     -22.967     -12.649     -53.474      -7.821     -20.439     -19.253     -27.512     -33.028     -27.162     -36.632     -44.921     -69.453     -17.057      -6.296     -17.649     -12.918     -93.550     -72.234     -11.999     -16.186     -18.906     -14.940     -18.887     -22.708     -19.946     -31.747     -33.043 
 11       3.211       2.141      -0.571      -1.012      -0.213      -6.072      -2.399      -1.582      -4.232      -2.158      -4.417      -5.381      -4.859      -5.984      -1.649      -3.289      -8.083     -10.889      -6.633      -8.099      -7.482      -3.431      -0.389     -31.105      -6.334      -3.372      -7.222     -19.190     -21.662     -15.422     -17.772     -11.146     -13.123     -10.403     -15.887     -25.877      -7.882     -22.797      -9.855     -11.502     -11.642     -14.703     -11.861     -12.128     -11.945     -15.739     -12.228      -4.695      -5.417      -3.554      -6.335     -11.151      -7.112      -9.182      -6.057      -7.880      -5.530      -6.698     -13.181      -9.629     -10.835     -10.166      -7.836     -10.053     -12.878      -8.084     -10.749      -9.263     -14.545      -6.773      -7.637      -6.209      -9.744      -8.244     -11.212     -13.246     -11.816     -14.361     -13.237      -4.853      -0.883     -10.365      -8.662      -9.063      -6.346     -11.566     -10.959      -7.254     -10.586     -15.170      -5.743     -13.275     -13.186      -7.931      -8.305      -8.629     -11.802     -13.664     -17.036      -7.575     -11.710     -18.302     -14.067     -13.816     -13.826      -9.312     -10.416      -4.930      -8.419      -7.834     -12.094     -15.773     -12.207     -10.369     -11.934     -11.188      -9.381     -11.305      -8.427      -8.726     -10.179     -18.643     -19.748     -16.113     -15.922     -12.047     -12.673     -11.031     -13.869     -13.592     -17.577     -14.098     -25.981     -16.263     -11.142     -13.253      -8.203     -11.153     -13.871     -14.586     -14.920     -19.702     -17.111     -15.499     -12.613     -13.441     -11.876     -14.242     -17.182     -14.379     -13.150     -23.097     -33.617     -20.293     -24.144     -34.262     -35.438     -19.242     -22.752     -27.664     -33.346     -57.943     -14.697     -16.942     -20.871     -18.414     -81.890     -77.427     -21.004     -28.191     -12.333     -27.349     -46.994     -15.882     -14.557     -22.735     -47.521     -28.234     -35.823     -48.241     -49.308     -16.513     -15.432     -21.615     -27.003     -34.567     -46.814     -57.382     -99.000     -15.641     -40.516     -15.223     -19.913     -39.005      -7.896     -15.207      -8.189     -12.019      -8.589     -32.371     -31.920     -31.838     -13.523     -12.566     -24.694     -24.737     -17.453     -19.051     -17.163     -11.699     -14.588     -13.322     -11.866      -8.423     -15.953     -16.357     -28.152     -54.840     -82.850     -29.736     -47.976     -54.190     -79.434      -8.516     -19.972     -20.623     -12.382     -23.537     -32.943     -48.255     -10.744     -16.846     -44.481     -12.890      -9.852     -11.618     -21.127     -19.390     -29.349     -25.023     -64.398     -23.628     -23.297     -15.262     -25.754     -20.834     -16.665     -22.640     -42.818     -49.258     -44.861     -47.332     -42.674     -79.782     -82.889     -39.146     -39.706     -16.458     -27.067     -19.256     -30.078     -21.583     -22.490     -34.587     -13.550     -23.171     -15.188     -44.946     -22.607     -32.855     -44.007     -22.382     -40.922     -26.193     -25.936     -31.483     -36.765     -36.812     -43.592     -25.926     -21.863     -25.577     -44.568     -35.566     -39.095     -45.930     -38.303     -48.814     -33.564     -36.428     -55.676     -54.960     -45.911     -48.191     -67.294     -81.691     -13.183     -18.359     -27.448     -12.935     -17.822     -42.574     -26.079     -19.792     -30.424     -41.695     -21.128     -27.149     -22.477     -23.104     -14.256     -23.328     -24.017     -30.859     -44.936     -22.050     -26.916     -36.163     -36.099     -41.839     -29.084     -33.661     -26.837     -31.158     -38.897     -42.634     -24.484     -26.122     -36.594     -35.956     -20.426     -23.533     -34.317     -36.076     -41.393     -41.836     -52.167     -43.345     -35.803     -46.942     -39.540     -30.576     -33.288     -58.397     -54.643     -68.111     -53.228     -41.716     -45.292     -75.466     -61.829     -68.758     -92.454     -83.476     -99.000     -99.000     -24.427     -11.729     -18.691     -13.182     -12.236     -20.297     -20.338     -30.590     -16.940     -12.930     -48.910     -24.353      -9.503     -18.292     -45.420      -6.983     -43.319     -12.383     -10.074     -13.666     -18.013     -28.972     -21.707     -64.382      -9.876     -15.605     -26.978     -16.956     -14.155     -14.639     -33.763     -44.541     -53.914     -15.850     -61.015     -18.023     -15.202     -14.812     -13.144     -16.598     -17.633     -19.086     -25.221     -75.527     -99.000     -36.999     -70.631     -21.655     -32.480     -45.052     -55.472     -65.627     -77.209     -20.722      -2.423     -13.427     -14.484     -23.409     -24.303     -31.730     -14.116     -23.417     -30.214     -35.544     -50.092     -12.869     -22.727     -11.187     -16.644     -24.355     -20.376     -29.529      -4.195      -9.204     -12.013     -25.162     -36.142      -8.809     -16.533      -2.479     -12.537      -8.560     -11.318     -14.836      -9.574     -26.952      -3.157     -14.057     -14.743     -10.794     -10.976     -15.673     -22.296     -15.734     -21.388     -38.524     -27.767     -36.880     -26.609     -32.807     -28.115     -34.061     -41.741     -46.396     -56.999     -60.506     -72.388     -73.326     -91.173      -1.410     -11.795      -3.277      -6.001     -16.964     -12.723     -16.967     -13.965     -16.662      -3.708     -17.613     -23.715      -1.291      -7.960     -10.547     -22.680     -14.313     -19.081      -2.619     -15.530     -21.810      -6.764      -8.468     -16.153      -5.665     -12.012      -4.357      -9.188      -1.577     -10.020      -3.892     -15.675      -4.795     -16.076     -62.273      -8.217     -18.524     -25.426     -26.557     -24.902     -62.101     -17.175     -18.248     -16.874     -27.137     -14.826     -26.039     -64.231     -44.617     -27.417     -33.773     -53.547     -73.531     -94.486     -99.000     -19.250     -49.990     -31.682     -16.761     -49.426     -26.361     -80.607     -36.247     -47.054     -32.321     -16.886     -41.166     -49.209     -24.963     -78.480     -34.369     -44.383     -20.901     -22.758     -12.521     -53.149      -7.739     -20.271     -19.103     -27.321     -32.807     -26.952     -36.424     -44.662     -69.106     -16.955      -6.214     -17.496     -12.801     -92.841     -71.900     -11.827     -15.971     -18.766     -14.788     -18.734     -22.549     -19.806     -31.554     -32.848 
 12       3.293       2.223      -0.479      -0.930      -0.126      -5.969      -2.321      -1.504      -4.150      -2.082      -4.323      -5.287      -4.771      -5.897      -1.568      -3.207      -7.971     -10.788      -6.547      -8.013      -7.403      -3.349      -0.275     -30.915      -6.215      -3.311      -7.104     -19.045     -21.465     -15.271     -17.602     -11.025     -13.015     -10.286     -15.751     -25.666      -7.682     -22.482      -9.697     -11.354     -11.475     -14.560     -11.721     -11.913     -11.793     -15.583     -12.093      -4.559      -5.289      -3.435      -6.236     -10.989      -6.975      -9.038      -5.931      -7.749      -5.407      -6.583     -13.009      -9.480     -10.689     -10.019      -7.694      -9.845     -12.730      -7.914     -10.559      -9.082     -14.354      -6.631      -7.492      -6.076      -9.585      -8.088     -11.040     -13.049     -11.641     -14.174     -13.063      -4.761      -0.823     -10.251      -8.542      -8.955      -6.251     -11.431     -10.796      -7.123     -10.461     -15.004      -5.645     -13.145     -13.041      -7.831      -8.217      -8.519     -11.676     -13.551     -16.913      -7.455     -11.571     -18.151     -13.947     -13.673     -13.667      -9.183     -10.289      -4.854      -8.317      -7.724     -11.957     -15.605     -12.065     -10.271     -11.832     -11.067      -9.266     -11.219      -8.308      -8.613     -10.037     -18.468     -19.629     -16.015     -15.790     -11.939     -12.570     -10.933     -13.755     -13.467     -17.438     -13.982     -25.787     -16.135     -11.011     -13.115      -8.113     -11.041     -13.729     -14.466     -14.790     -19.572     -16.993     -15.359     -12.489     -13.320     -11.759     -14.114     -17.035     -14.249     -13.025     -22.950     -33.449     -20.143     -23.979     -34.077     -35.235     -19.112     -22.622     -27.517     -33.197     -57.693     -14.541     -16.763     -20.685     -18.244     -81.490     -77.144     -20.841     -27.995     -12.187     -27.179     -46.765     -15.752     -14.423     -22.557     -47.274     -28.046     -35.594     -47.976     -49.027     -16.390     -15.305     -21.475     -26.851     -34.384     -46.605     -57.097     -99.000     -15.464     -40.248     -15.065     -19.749     -38.788      -7.778     -15.056      -8.054     -11.883      -8.420     -32.114     -31.676     -31.611     -13.347     -12.364     -24.447     -24.502     -17.216     -18.894     -17.016     -11.577     -14.448     -13.194     -11.754      -8.331     -15.822     -16.227     -27.961     -54.534     -82.416     -29.556     -47.746     -53.936     -79.105      -8.377     -19.792     -20.448     -12.211     -23.271     -32.627     -47.957     -10.623     -16.720     -44.203     -12.765      -9.731     -11.490     -20.972     -19.226     -29.166     -24.842     -64.063     -23.467     -23.163     -15.093     -25.511     -20.660     -16.529     -22.498     -42.564     -48.940     -44.642     -47.062     -42.496     -79.371     -82.510     -38.910     -39.453     -16.283     -26.811     -19.092     -29.858     -21.447     -22.292     -34.320     -13.414     -22.993     -15.068     -44.709     -22.453     -32.607     -43.732     -22.224     -40.662     -25.990     -25.731     -31.311     -36.495     -36.538     -43.321     -25.740     -21.716     -25.430     -44.348     -35.356     -38.854     -45.676     -38.081     -48.549     -33.371     -36.245     -55.382     -54.659     -45.677     -47.963     -66.939     -81.281     -13.056     -18.207     -27.259     -12.829     -17.646     -42.292     -25.843     -19.637     -30.213     -41.411     -21.008     -26.919     -22.284     -22.952     -14.155     -23.192     -23.819     -30.652     -44.678     -21.921     -26.737     -35.948     -35.882     -41.600     -28.878     -33.462     -26.706     -31.017     -38.630     -42.397     -24.345     -25.957     -36.380     -35.750     -20.316     -23.425     -34.155     -35.898     -41.093     -41.600     -51.874     -43.152     -35.639     -46.731     -39.323     -30.444     -33.160     -57.996     -54.406     -67.755     -52.964     -41.565     -45.130     -74.964     -61.584     -68.435     -91.852     -83.112     -99.000     -99.000     -24.195     -11.609     -18.497     -13.021     -12.079     -20.099     -20.140     -30.337     -16.753     -12.755     -48.541     -24.117      -9.339     -18.094     -45.066      -6.837     -42.990     -12.209      -9.910     -13.469     -17.790     -28.669     -21.443     -64.001      -9.754     -15.453     -26.762     -16.824     -14.039     -14.509     -33.515     -44.237     -53.552     -15.712     -60.647     -17.866     -15.072     -14.675     -13.030     -16.480     -17.511     -18.894     -25.047     -75.211     -99.000     -36.804     -70.298     -21.484     -32.255     -44.779     -55.147     -65.246     -76.777     -20.568      -2.341     -13.263     -14.339     -23.254     -24.131     -31.512     -13.985     -23.276     -30.032     -35.344     -49.876     -12.710     -22.503     -11.038     -16.481     -24.155     -20.203     -29.306      -4.062      -9.050     -11.879     -24.978     -35.939      -8.664     -16.374      -2.397     -12.383      -8.419     -11.191     -14.678      -9.456     -26.743      -3.075     -13.905     -14.556     -10.673     -10.859     -15.534     -22.120     -15.580     -21.210     -38.275     -27.570     -36.639     -26.443     -32.609     -27.919     -33.832     -41.504     -46.133     -56.684     -60.180     -72.024     -72.966     -90.747      -1.327     -11.648      -3.129      -5.853     -16.767     -12.557     -16.761     -13.749     -16.402      -3.627     -17.433     -23.495      -1.209      -7.803     -10.390     -22.479     -14.161     -18.892      -2.537     -15.358     -21.598      -6.613      -8.323     -15.966      -5.549     -11.864      -4.243      -9.054      -1.491      -9.881      -3.810     -15.518      -4.713     -15.923     -62.032      -8.118     -18.382     -25.302     -26.415     -24.797     -61.849     -17.027     -18.081     -16.701     -26.929     -14.707     -25.892     -63.945     -44.451     -27.277     -33.611     -53.348     -73.283     -94.187     -99.000     -19.117     -49.761     -31.474     -16.652     -49.185     -26.224     -80.255     -36.078     -46.853     -32.117     -16.786     -40.938     -48.997     -24.859     -78.168     -34.249     -44.249     -20.726     -22.550     -12.391     -52.823      -7.657     -20.102     -18.954     -27.129     -32.586     -26.743     -36.215     -44.401     -68.756     -16.851      -6.132     -17.343     -12.683     -92.128     -71.563     -11.655     -15.754     -18.627     -14.638     -18.581     -22.389     -19.666     -31.361     -32.653 
 13       3.375       2.305      -0.389      -0.849      -0.041      -5.865      -2.242      -1.427      -4.069      -2.004      -4.228      -5.192      -4.683      -5.809      -1.486      -3.125      -7.858     -10.686      -6.459      -7.925      -7.325      -3.268      -0.160     -30.724      -6.098      -3.248      -6.987     -18.901     -21.267     -15.118     -17.429     -10.902     -12.907     -10.169     -15.614     -25.454      -7.486     -22.174      -9.543     -11.209     -11.312     -14.419     -11.583     -11.698     -11.643     -15.426     -11.958      -4.425      -5.161      -3.315      -6.135     -10.826      -6.836      -8.893      -5.805      -7.618      -5.284      -6.468     -12.836      -9.329     -10.542      -9.872      -7.551      -9.641     -12.583      -7.748     -10.373      -8.904     -14.167      -6.489      -7.348      -5.944      -9.429      -7.935     -10.872     -12.854     -11.466     -13.986     -12.888      -4.668      -0.761     -10.138      -8.421      -8.847      -6.156     -11.296     -10.638      -6.996     -10.334     -14.838      -5.545     -13.016     -12.894      -7.729      -8.128      -8.409     -11.549     -13.435     -16.787      -7.338     -11.435     -18.000     -13.826     -13.531     -13.507      -9.052     -10.160      -4.776      -8.214      -7.612     -11.820     -15.437     -11.923     -10.171     -11.729     -10.945      -9.149     -11.130      -8.190      -8.501      -9.898     -18.290     -19.507     -15.917     -15.655     -11.828     -12.465     -10.833     -13.641     -13.342     -17.298     -13.864     -25.592     -16.007     -10.879     -12.976      -8.020     -10.928     -13.585     -14.344     -14.659     -19.440     -16.875     -15.217     -12.362     -13.196     -11.641     -13.985     -16.887     -14.117     -12.899     -22.800     -33.277     -19.989     -23.811     -33.887     -35.029     -18.978     -22.489     -27.364     -33.042     -57.434     -14.383     -16.581     -20.496     -18.073     -81.083     -76.850     -20.674     -27.794     -12.040     -27.008     -46.535     -15.621     -14.288     -22.379     -47.025     -27.857     -35.365     -47.711     -48.745     -16.266     -15.177     -21.335     -26.698     -34.199     -46.394     -56.809     -99.000     -15.288     -39.978     -14.907     -19.584     -38.568      -7.658     -14.903      -7.919     -11.747      -8.250     -31.855     -31.431     -31.381     -13.170     -12.161     -24.199     -24.265     -16.978     -18.736     -16.866     -11.453     -14.308     -13.065     -11.641      -8.238     -15.689     -16.093     -27.770     -54.227     -81.981     -29.376     -47.513     -53.679     -78.772      -8.239     -19.612     -20.273     -12.039     -23.003     -32.310     -47.653     -10.502     -16.591     -43.920     -12.638      -9.611     -11.362     -20.814     -19.062     -28.980     -24.661     -63.720     -23.304     -23.025     -14.921     -25.264     -20.482     -16.392     -22.353     -42.309     -48.622     -44.420     -46.791     -42.313     -78.960     -82.128     -38.672     -39.199     -16.107     -26.551     -18.927     -29.638     -21.308     -22.096     -34.054     -13.279     -22.813     -14.946     -44.470     -22.297     -32.355     -43.453     -22.064     -40.398     -25.786     -25.528     -31.134     -36.226     -36.264     -43.049     -25.554     -21.568     -25.279     -44.124     -35.144     -38.610     -45.419     -37.858     -48.281     -33.175     -36.057     -55.082     -54.352     -45.438     -47.729     -66.582     -80.865     -12.928     -18.053     -27.066     -12.719     -17.468     -42.007     -25.604     -19.481     -30.002     -41.126     -20.884     -26.690     -22.091     -22.799     -14.052     -23.052     -23.618     -30.441     -44.416     -21.788     -26.556     -35.730     -35.664     -41.356     -28.673     -33.262     -26.571     -30.871     -38.364     -42.158     -24.203     -25.792     -36.164     -35.541     -20.202     -23.312     -33.988     -35.713     -40.789     -41.363     -51.580     -42.955     -35.472     -46.515     -39.104     -30.307     -33.027     -57.590     -54.161     -67.397     -52.697     -41.408     -44.961     -74.456     -61.333     -68.109     -91.243     -82.744     -99.000     -99.000     -23.959     -11.486     -18.302     -12.857     -11.922     -19.900     -19.940     -30.083     -16.564     -12.580     -48.168     -23.877      -9.173     -17.893     -44.708      -6.690     -42.657     -12.035      -9.746     -13.269     -17.567     -28.362     -21.176     -63.615      -9.629     -15.301     -26.545     -16.690     -13.921     -14.377     -33.265     -43.933     -53.188     -15.572     -60.275     -17.708     -14.940     -14.536     -12.912     -16.358     -17.386     -18.703     -24.873     -74.885     -99.000     -36.607     -69.962     -21.312     -32.029     -44.504     -54.819     -64.862     -76.341     -20.409      -2.260     -13.098     -14.196     -23.097     -23.957     -31.291     -13.853     -23.134     -29.846     -35.139     -49.653     -12.551     -22.277     -10.890     -16.315     -23.951     -20.028     -29.080      -3.934      -8.899     -11.747     -24.796     -35.737      -8.521     -16.213      -2.316     -12.228      -8.282     -11.064     -14.523      -9.337     -26.537      -2.994     -13.753     -14.376     -10.552     -10.742     -15.396     -21.943     -15.428     -21.030     -38.024     -27.374     -36.396     -26.277     -32.409     -27.724     -33.603     -41.267     -45.868     -56.370     -59.852     -71.660     -72.603     -90.318      -1.245     -11.500      -2.987      -5.706     -16.571     -12.391     -16.556     -13.534     -16.150      -3.545     -17.253     -23.274      -1.127      -7.651     -10.235     -22.277     -14.009     -18.706      -2.455     -15.187     -21.385      -6.466      -8.179     -15.780      -5.438     -11.717      -4.133      -8.920      -1.406      -9.743      -3.729     -15.360      -4.632     -15.769     -61.782      -8.021     -18.241     -25.175     -26.270     -24.689     -61.592     -16.877     -17.916     -16.528     -26.718     -14.587     -25.746     -63.655     -44.279     -27.135     -33.446     -53.144     -73.026     -93.877     -99.000     -18.983     -49.528     -31.265     -16.542     -48.940     -26.084     -79.895     -35.904     -46.646     -31.912     -16.683     -40.707     -48.778     -24.750     -77.849     -34.122     -44.108     -20.548     -22.342     -12.260     -52.492      -7.575     -19.934     -18.802     -26.936     -32.362     -26.533     -36.004     -44.138     -68.400     -16.742      -6.051     -17.189     -12.564     -91.405     -71.220     -11.482     -15.536     -18.485     -14.487     -18.427     -22.226     -19.525     -31.166     -32.455 
 14       3.456       2.386      -0.301      -0.768       0.043      -5.759      -2.161      -1.348      -3.988      -1.925      -4.131      -5.096      -4.592      -5.719      -1.405      -3.044      -7.745     -10.583      -6.369      -7.836      -7.246      -3.187      -0.044     -30.529      -5.981      -3.182      -6.869     -18.757     -21.065     -14.961     -17.253     -10.776     -12.796     -10.051     -15.478     -25.240      -7.294     -21.875      -9.394     -11.066     -11.153     -14.280     -11.447     -11.483     -11.492     -15.267     -11.822      -4.290      -5.032      -3.195      -6.033     -10.661      -6.695      -8.745      -5.676      -7.486      -5.160      -6.351     -12.662      -9.176     -10.392      -9.722      -7.406      -9.442     -12.438      -7.586     -10.190      -8.731     -13.985      -6.348      -7.203      -5.813      -9.276      -7.784     -10.706     -12.659     -11.291     -13.796     -12.713      -4.575      -0.697     -10.024      -8.299      -8.738      -6.060     -11.162     -10.483      -6.872     -10.205     -14.672      -5.445     -12.886     -12.745      -7.624      -8.036      -8.297     -11.421     -13.316     -16.659      -7.222     -11.300     -17.846     -13.704     -13.390     -13.346      -8.919     -10.029      -4.695      -8.110      -7.500     -11.683     -15.267     -11.778     -10.066     -11.621     -10.820      -9.029     -11.037      -8.072      -8.391      -9.761     -18.110     -19.383     -15.816     -15.518     -11.713     -12.355     -10.730     -13.525     -13.216     -17.154     -13.741     -25.393     -15.878     -10.744     -12.834      -7.924     -10.814     -13.438     -14.218     -14.524     -19.305     -16.755     -15.073     -12.232     -13.070     -11.520     -13.857     -16.737     -13.983     -12.769     -22.644     -33.097     -19.832     -23.639     -33.691     -34.816     -18.840     -22.349     -27.204     -32.879     -57.163     -14.220     -16.396     -20.301     -17.899     -80.664     -76.539     -20.501     -27.586     -11.892     -26.833     -46.300     -15.487     -14.151     -22.201     -46.773     -27.666     -35.134     -47.442     -48.462     -16.140     -15.047     -21.192     -26.540     -34.011     -46.178     -56.516     -99.000     -15.111     -39.707     -14.748     -19.415     -38.343      -7.536     -14.746      -7.782     -11.607      -8.079     -31.594     -31.182     -31.147     -12.990     -11.956     -23.947     -24.024     -16.736     -18.574     -16.711     -11.328     -14.167     -12.934     -11.526      -8.142     -15.554     -15.954     -27.577     -53.917     -81.542     -29.194     -47.274     -53.417     -78.431      -8.099     -19.429     -20.095     -11.865     -22.730     -31.987     -47.342     -10.379     -16.458     -43.627     -12.509      -9.489     -11.234     -20.652     -18.898     -28.789     -24.477     -63.365     -23.136     -22.881     -14.745     -25.010     -20.302     -16.255     -22.203     -42.050     -48.304     -44.193     -46.520     -42.121     -78.548     -81.741     -38.430     -38.941     -15.930     -26.286     -18.761     -29.416     -21.164     -21.899     -33.789     -13.143     -22.632     -14.820     -44.226     -22.135     -32.098     -43.169     -21.899     -40.127     -25.584     -25.324     -30.951     -35.957     -35.991     -42.774     -25.367     -21.415     -25.123     -43.893     -34.926     -38.359     -45.159     -37.632     -48.009     -32.974     -35.863     -54.772     -54.035     -45.194     -47.488     -66.223     -80.437     -12.797     -17.896     -26.869     -12.606     -17.290     -41.718     -25.359     -19.324     -29.788     -40.839     -20.754     -26.463     -21.899     -22.643     -13.944     -22.907     -23.414     -30.222     -44.148     -21.649     -26.374     -35.511     -35.443     -41.105     -28.467     -33.058     -26.428     -30.718     -38.098     -41.915     -24.059     -25.624     -35.946     -35.329     -20.082     -23.193     -33.815     -35.520     -40.481     -41.125     -51.283     -42.752     -35.300     -46.294     -38.883     -30.163     -32.885     -57.177     -53.903     -67.036     -52.427     -41.242     -44.781     -73.939     -61.076     -67.779     -90.624     -82.372     -99.000     -99.000     -23.717     -11.361     -18.104     -12.690     -11.762     -19.698     -19.738     -29.826     -16.372     -12.404     -47.788     -23.631      -9.004     -17.688     -44.343      -6.540     -42.320     -11.858      -9.580     -13.066     -17.341     -28.050     -20.904     -63.221      -9.501     -15.148     -26.326     -16.549     -13.799     -14.242     -33.011     -43.624     -52.821     -15.430     -59.894     -17.548     -14.805     -14.395     -12.790     -16.230     -17.255     -18.512     -24.696     -74.546     -99.000     -36.407     -69.618     -21.138     -31.801     -44.226     -54.487     -64.473     -75.900     -20.244      -2.179     -12.931     -14.052     -22.937     -23.781     -31.065     -13.721     -22.989     -29.654     -34.926     -49.419     -12.390     -22.047     -10.743     -16.146     -23.743     -19.849     -28.850      -3.811      -8.749     -11.619     -24.616     -35.534      -8.378     -16.050      -2.235     -12.070      -8.150     -10.936     -14.370      -9.218     -26.332      -2.913     -13.598     -14.202     -10.431     -10.625     -15.260     -21.766     -15.279     -20.850     -37.770     -27.177     -36.148     -26.111     -32.206     -27.532     -33.372     -41.031     -45.600     -56.057     -59.520     -71.297     -72.235     -89.883      -1.164     -11.350      -2.849      -5.559     -16.374     -12.223     -16.351     -13.318     -15.908      -3.464     -17.072     -23.051      -1.046      -7.504     -10.080     -22.073     -13.854     -18.520      -2.374     -15.014     -21.170      -6.325      -8.036     -15.593      -5.330     -11.571      -4.026      -8.786      -1.323      -9.603      -3.648     -15.200      -4.551     -15.614     -61.520      -7.928     -18.102     -25.045     -26.122     -24.577     -61.328     -16.726     -17.752     -16.353     -26.501     -14.466     -25.598     -63.358     -44.100     -26.991     -33.276     -52.931     -72.757     -93.552     -99.000     -18.848     -49.288     -31.053     -16.427     -48.688     -25.938     -79.525     -35.723     -46.430     -31.704     -16.576     -40.472     -48.553     -24.635     -77.517     -33.986     -43.955     -20.367     -22.135     -12.126     -52.152      -7.495     -19.764     -18.649     -26.740     -32.134     -26.321     -35.788     -43.869     -68.035     -16.628      -5.970     -17.034     -12.443     -90.664     -70.867     -11.305     -15.313     -18.340     -14.333     -18.270     -22.057     -19.379     -30.966     -32.253 
 15       3.536       2.467      -0.214      -0.687       0.126      -5.653      -2.077      -1.268      -3.908      -1.843      -4.032      -4.997      -4.500      -5.627      -1.325      -2.964      -7.630     -10.478      -6.277      -7.744      -7.167      -3.107       0.074     -30.331      -5.866      -3.111      -6.751     -18.613     -20.860     -14.798     -17.071     -10.645     -12.684      -9.931     -15.341     -25.023      -7.107     -21.587      -9.251     -10.926     -10.999     -14.144     -11.314     -11.269     -11.341     -15.106     -11.686      -4.157      -4.903      -3.074      -5.928     -10.493      -6.550      -8.594      -5.545      -7.353      -5.034      -6.233     -12.485      -9.020     -10.239      -9.569      -7.257      -9.248     -12.296      -7.430     -10.013      -8.563     -13.807      -6.206      -7.058      -5.683      -9.126      -7.637     -10.545     -12.464     -11.114     -13.603     -12.535      -4.480      -0.631      -9.910      -8.176      -8.629      -5.962     -11.028     -10.333      -6.751     -10.074     -14.504      -5.342     -12.754     -12.593      -7.516      -7.942      -8.183     -11.293     -13.192     -16.526      -7.108     -11.168     -17.690     -13.581     -13.248     -13.182      -8.783      -9.894      -4.608      -8.004      -7.387     -11.546     -15.096     -11.630      -9.957     -11.509     -10.691      -8.906     -10.939      -7.955      -8.282      -9.628     -17.927     -19.254     -15.713     -15.376     -11.594     -12.241     -10.623     -13.408     -13.089     -17.007     -13.615     -25.191     -15.748     -10.605     -12.688      -7.824     -10.698     -13.288     -14.089     -14.386     -19.166     -16.634     -14.926     -12.099     -12.939     -11.396     -13.727     -16.583     -13.844     -12.636     -22.482     -32.908     -19.668     -23.461     -33.487     -34.596     -18.694     -22.202     -27.035     -32.706     -56.877     -14.051     -16.206     -20.098     -17.720     -80.230     -76.208     -20.319     -27.368     -11.742     -26.654     -46.060     -15.350     -14.011     -22.021     -46.516     -27.471     -34.901     -47.170     -48.175     -16.009     -14.914     -21.046     -26.377     -33.818     -45.955     -56.218     -99.000     -14.932     -39.431     -14.586     -19.241     -38.112      -7.410     -14.583      -7.642     -11.465      -7.907     -31.328     -30.928     -30.907     -12.805     -11.747     -23.690     -23.778     -16.488     -18.406     -16.551     -11.199     -14.022     -12.799     -11.406      -8.042     -15.416     -15.809     -27.380     -53.602     -81.098     -29.008     -47.026     -53.149     -78.079      -7.957     -19.243     -19.913     -11.686     -22.450     -31.656     -47.020     -10.253     -16.319     -43.323     -12.376      -9.364     -11.105     -20.484     -18.731     -28.588     -24.290     -62.991     -22.961     -22.730     -14.564     -24.749     -20.117     -16.118     -22.047     -41.786     -47.985     -43.959     -46.248     -41.918     -78.134     -81.347     -38.182     -38.678     -15.752     -26.014     -18.592     -29.192     -21.013     -21.702     -33.523     -13.006     -22.449     -14.690     -43.977     -21.968     -31.833     -42.878     -21.727     -39.849     -25.380     -25.119     -30.759     -35.687     -35.717     -42.495     -25.178     -21.256     -24.961     -43.653     -34.702     -38.101     -44.894     -37.402     -47.732     -32.766     -35.660     -54.449     -53.706     -44.941     -47.236     -65.859     -79.995     -12.661     -17.732     -26.665     -12.489     -17.110     -41.422     -25.105     -19.163     -29.571     -40.550     -20.617     -26.237     -21.706     -22.484     -13.831     -22.755     -23.205     -29.994     -43.872     -21.504     -26.190     -35.287     -35.218     -40.846     -28.261     -32.850     -26.277     -30.554     -37.832     -41.667     -23.911     -25.454     -35.724     -35.113     -19.956     -23.065     -33.632     -35.317     -40.165     -40.883     -50.984     -42.541     -35.122     -46.065     -38.658     -30.009     -32.731     -56.755     -53.630     -66.671     -52.152     -41.064     -44.588     -73.411     -60.809     -67.442     -89.991     -81.991     -99.000     -99.000     -23.467     -11.232     -17.902     -12.517     -11.600     -19.492     -19.531     -29.564     -16.175     -12.227     -47.400     -23.377      -8.834     -17.479     -43.968      -6.387     -41.976     -11.679      -9.410     -12.858     -17.111     -27.732     -20.625     -62.816      -9.369     -14.991     -26.105     -16.400     -13.673     -14.104     -32.753     -43.311     -52.448     -15.283     -59.501     -17.385     -14.667     -14.251     -12.662     -16.096     -17.118     -18.321     -24.514     -74.189     -99.000     -36.201     -69.265     -20.962     -31.568     -43.943     -54.149     -64.077     -75.451     -20.071      -2.098     -12.764     -13.908     -22.775     -23.603     -30.833     -13.588     -22.840     -29.455     -34.702     -49.172     -12.227     -21.811     -10.596     -15.972     -23.529     -19.666     -28.615      -3.696      -8.601     -11.494     -24.438     -35.331      -8.236     -15.883      -2.154     -11.910      -8.025     -10.807     -14.221      -9.098     -26.130      -2.833     -13.442     -14.036     -10.309     -10.505     -15.127     -21.587     -15.132     -20.669     -37.510     -26.979     -35.896     -25.946     -31.999     -27.341     -33.138     -40.795     -45.328     -55.745     -59.183     -70.932     -71.860     -89.441      -1.083     -11.199      -2.718      -5.413     -16.176     -12.053     -16.145     -13.101     -15.677      -3.384     -16.890     -22.827      -0.966      -7.364      -9.927     -21.866     -13.697     -18.337      -2.294     -14.840     -20.954      -6.191      -7.893     -15.407      -5.227     -11.425      -3.924      -8.652      -1.242      -9.462      -3.567     -15.039      -4.470     -15.456     -61.243      -7.839     -17.965     -24.909     -25.970     -24.458     -61.054     -16.570     -17.587     -16.175     -26.277     -14.343     -25.450     -63.053     -43.910     -26.841     -33.100     -52.705     -72.471     -93.205     -99.000     -18.710     -49.039     -30.839     -16.307     -48.428     -25.785     -79.142     -35.532     -46.203     -31.492     -16.463     -40.231     -48.317     -24.511     -77.170     -33.839     -43.788     -20.182     -21.927     -11.987     -51.801      -7.414     -19.593     -18.493     -26.540     -31.900     -26.106     -35.565     -43.594     -67.658     -16.507      -5.889     -16.877     -12.318     -89.901     -70.503     -11.124     -15.085     -18.191     -14.176     -18.108     -21.881     -19.230     -30.758     -32.043 
 16       3.617       2.547      -0.130      -0.606       0.209      -5.544      -1.990      -1.186      -3.827      -1.758      -3.931      -4.897      -4.405      -5.532      -1.244      -2.883      -7.514     -10.372      -6.183      -7.649      -7.088      -3.026       0.194     -30.128      -5.750      -3.037      -6.632     -18.469     -20.651     -14.629     -16.884     -10.510     -12.570      -9.809     -15.203     -24.802      -6.926     -21.310      -9.112     -10.788     -10.849     -14.011     -11.183     -11.054     -11.188     -14.941     -11.547      -4.023      -4.772      -2.952      -5.820     -10.323      -6.402      -8.440      -5.411      -7.220      -4.907      -6.113     -12.307      -8.861     -10.083      -9.413      -7.106      -9.060     -12.156      -7.278      -9.840      -8.399     -13.634      -6.064      -6.913      -5.553      -8.980      -7.493     -10.387     -12.269     -10.935     -13.407     -12.355      -4.383      -0.562      -9.795      -8.050      -8.518      -5.863     -10.894     -10.187      -6.634      -9.939     -14.335      -5.238     -12.622     -12.438      -7.403      -7.844      -8.068     -11.163     -13.063     -16.389      -6.997     -11.038     -17.532     -13.456     -13.106     -13.017      -8.643      -9.756      -4.517      -7.896      -7.272     -11.409     -14.923     -11.479      -9.842     -11.392     -10.557      -8.778     -10.835      -7.838      -8.175      -9.497     -17.739     -19.120     -15.606     -15.231     -11.470     -12.121     -10.511     -13.289     -12.960     -16.857     -13.483     -24.985     -15.616     -10.463     -12.539      -7.719     -10.580     -13.134     -13.954     -14.244     -19.023     -16.510     -14.774     -11.961     -12.803     -11.269     -13.596     -16.427     -13.701     -12.498     -22.313     -32.710     -19.498     -23.276     -33.274     -34.368     -18.541     -22.048     -26.855     -32.523     -56.575     -13.876     -16.011     -19.888     -17.535     -79.779     -75.855     -20.129     -27.140     -11.589     -26.469     -45.813     -15.209     -13.868     -21.840     -46.253     -27.272     -34.666     -46.892     -47.884     -15.875     -14.778     -20.897     -26.208     -33.621     -45.725     -55.913     -99.000     -14.752     -39.151     -14.422     -19.062     -37.875      -7.279     -14.414      -7.499     -11.319      -7.733     -31.056     -30.668     -30.661     -12.616     -11.534     -23.428     -23.525     -16.235     -18.233     -16.386     -11.066     -13.874     -12.660     -11.283      -7.936     -15.274     -15.658     -27.181     -53.282     -80.646     -28.818     -46.770     -52.873     -77.716      -7.813     -19.052     -19.727     -11.503     -22.163     -31.318     -46.685     -10.124     -16.173     -43.006     -12.237      -9.237     -10.974     -20.309     -18.562     -28.379     -24.098     -62.598     -22.781     -22.572     -14.378     -24.478     -19.927     -15.980     -21.883     -41.517     -47.664     -43.718     -45.974     -41.705     -77.719     -80.946     -37.928     -38.411     -15.571     -25.735     -18.421     -28.963     -20.855     -21.505     -33.257     -12.868     -22.263     -14.556     -43.720     -21.795     -31.560     -42.579     -21.550     -39.563     -25.175     -24.914     -30.558     -35.417     -35.442     -42.211     -24.987     -21.093     -24.791     -43.404     -34.470     -37.834     -44.623     -37.168     -47.449     -32.551     -35.449     -54.114     -53.363     -44.679     -46.975     -65.489     -79.539     -12.522     -17.563     -26.453     -12.367     -16.928     -41.119     -24.843     -19.000     -29.350     -40.257     -20.473     -26.011     -21.511     -22.321     -13.713     -22.597     -22.991     -29.755     -43.587     -21.350     -26.004     -35.059     -34.989     -40.577     -28.055     -32.637     -26.116     -30.380     -37.564     -41.412     -23.759     -25.281     -35.497     -34.892     -19.823     -22.928     -33.440     -35.102     -39.842     -40.638     -50.680     -42.321     -34.937     -45.827     -38.428     -29.845     -32.567     -56.323     -53.341     -66.302     -51.872     -40.873     -44.382     -72.871     -60.532     -67.100     -89.342     -81.603     -99.000     -99.000     -23.207     -11.098     -17.695     -12.338     -11.435     -19.281     -19.321     -29.298     -15.974     -12.048     -47.002     -23.113      -8.659     -17.265     -43.583      -6.230     -41.622     -11.498      -9.238     -12.645     -16.876     -27.406     -20.339     -62.399      -9.232     -14.832     -25.881     -16.244     -13.542     -13.961     -32.490     -42.992     -52.069     -15.132     -59.096     -17.220     -14.525     -14.103     -12.528     -15.954     -16.974     -18.130     -24.328     -73.813     -99.000     -35.991     -68.903     -20.782     -31.332     -43.654     -53.805     -63.673     -74.993     -19.890      -2.018     -12.594     -13.763     -22.609     -23.423     -30.594     -13.455     -22.687     -29.247     -34.469     -48.912     -12.060     -21.569     -10.449     -15.793     -23.308     -19.477     -28.374      -3.587      -8.454     -11.372     -24.262     -35.128      -8.095     -15.711      -2.074     -11.746      -7.905     -10.677     -14.075      -8.977     -25.930      -2.753     -13.283     -13.878     -10.186     -10.385     -14.997     -21.405     -14.989     -20.485     -37.246     -26.780     -35.638     -25.781     -31.787     -27.151     -32.901     -40.559     -45.050     -55.432     -58.840     -70.566     -71.477     -88.991      -1.003     -11.045      -2.593      -5.267     -15.977     -11.880     -15.939     -12.884     -15.458      -3.303     -16.707     -22.600      -0.886      -7.231      -9.773     -21.654     -13.536     -18.155      -2.213     -14.664     -20.733      -6.064      -7.752     -15.220      -5.129     -11.279      -3.827      -8.518      -1.163      -9.318      -3.487     -14.875      -4.390     -15.296     -60.949      -7.753     -17.829     -24.767     -25.813     -24.333     -60.772     -16.411     -17.422     -15.993     -26.045     -14.218     -25.300     -62.738     -43.710     -26.687     -32.917     -52.468     -72.168     -92.835     -99.000     -18.569     -48.780     -30.620     -16.182     -48.158     -25.625     -78.744     -35.333     -45.964     -31.277     -16.345     -39.984     -48.071     -24.377     -76.807     -33.680     -43.607     -19.991     -21.719     -11.845     -51.439      -7.333     -19.420     -18.334     -26.335     -31.660     -25.888     -35.336     -43.311     -67.267     -16.377      -5.809     -16.717     -12.190     -89.111     -70.124     -10.939     -14.850     -18.036     -14.014     -17.942     -21.697     -19.074     -30.543     -31.826 
 17       3.697       2.627      -0.046      -0.526       0.290      -5.433      -1.901      -1.102      -3.747      -1.671      -3.828      -4.794      -4.307      -5.435      -1.164      -2.803      -7.396     -10.263      -6.085      -7.552      -7.008      -2.946       0.316     -29.920      -5.635      -2.958      -6.512     -18.324     -20.438     -14.454     -16.693     -10.370     -12.453      -9.685     -15.064     -24.578      -6.750     -21.043      -8.979     -10.654     -10.703     -13.880     -11.054     -10.839     -11.034     -14.774     -11.407      -3.889      -4.640      -2.828      -5.711     -10.151      -6.250      -8.282      -5.274      -7.085      -4.779      -5.991     -12.126      -8.699      -9.924      -9.253      -6.951      -8.877     -12.018      -7.131      -9.672      -8.240     -13.465      -5.921      -6.767      -5.423      -8.836      -7.351     -10.233     -12.074     -10.755     -13.209     -12.174      -4.284      -0.490      -9.679      -7.922      -8.406      -5.761     -10.761     -10.045      -6.520      -9.800     -14.165      -5.131     -12.489     -12.279      -7.286      -7.744      -7.950     -11.032     -12.930     -16.247      -6.887     -10.911     -17.370     -13.329     -12.964     -12.849      -8.500      -9.613      -4.422      -7.786      -7.155     -11.271     -14.748     -11.324      -9.722     -11.270     -10.420      -8.646     -10.725      -7.722      -8.070      -9.369     -17.547     -18.981     -15.496     -15.082     -11.340     -11.996     -10.396     -13.168     -12.830     -16.703     -13.347     -24.774     -15.482     -10.316     -12.386      -7.610     -10.460     -12.977     -13.815     -14.098     -18.875     -16.384     -14.619     -11.819     -12.663     -11.138     -13.463     -16.266     -13.554     -12.357     -22.137     -32.503     -19.321     -23.086     -33.052     -34.132     -18.381     -21.886     -26.666     -32.330     -56.257     -13.696     -15.811     -19.670     -17.346     -79.312     -75.481     -19.930     -26.901     -11.434     -26.280     -45.560     -15.064     -13.722     -21.657     -45.985     -27.068     -34.427     -46.610     -47.589     -15.736     -14.638     -20.745     -26.033     -33.419     -45.487     -55.601     -99.000     -14.570     -38.866     -14.256     -18.877     -37.630      -7.144     -14.239      -7.353     -11.170      -7.557     -30.780     -30.403     -30.408     -12.422     -11.317     -23.159     -23.267     -15.975     -18.055     -16.214     -10.930     -13.722     -12.517     -11.154      -7.826     -15.128     -15.499     -26.977     -52.956     -80.188     -28.624     -46.505     -52.588     -77.341      -7.667     -18.857     -19.536     -11.315     -21.869     -30.971     -46.339      -9.991     -16.021     -42.676     -12.095      -9.107     -10.840     -20.126     -18.389     -28.160     -23.901     -62.184     -22.594     -22.406     -14.186     -24.199     -19.731     -15.840     -21.712     -41.242     -47.340     -43.469     -45.698     -41.480     -77.300     -80.537     -37.669     -38.137     -15.388     -25.447     -18.247     -28.732     -20.690     -21.306     -32.990     -12.730     -22.075     -14.417     -43.457     -21.615     -31.279     -42.273     -21.366     -39.268     -24.970     -24.708     -30.349     -35.145     -35.167     -41.923     -24.794     -20.924     -24.615     -43.145     -34.231     -37.559     -44.346     -36.929     -47.161     -32.329     -35.228     -53.765     -53.007     -44.409     -46.703     -65.114     -79.067     -12.378     -17.388     -26.235     -12.241     -16.743     -40.808     -24.572     -18.833     -29.125     -39.961     -20.320     -25.787     -21.316     -22.155     -13.589     -22.431     -22.772     -29.507     -43.295     -21.190     -25.816     -34.827     -34.756     -40.300     -27.847     -32.420     -25.946     -30.196     -37.295     -41.151     -23.602     -25.104     -35.266     -34.667     -19.682     -22.783     -33.239     -34.877     -39.511     -40.390     -50.373     -42.093     -34.745     -45.582     -38.194     -29.672     -32.391     -55.881     -53.036     -65.927     -51.585     -40.670     -44.164     -72.317     -60.245     -66.751     -88.679     -81.206     -99.000     -99.000     -22.939     -10.960     -17.484     -12.154     -11.266     -19.066     -19.106     -29.026     -15.768     -11.867     -46.594     -22.841      -8.482     -17.046     -43.187      -6.070     -41.261     -11.314      -9.062     -12.427     -16.638     -27.072     -20.045     -61.971      -9.092     -14.670     -25.654     -16.080     -13.406     -13.813     -32.222     -42.667     -51.684     -14.976     -58.678     -17.051     -14.379     -13.952     -12.388     -15.805     -16.822     -17.938     -24.137     -73.418     -99.000     -35.774     -68.530     -20.600     -31.092     -43.360     -53.453     -63.262     -74.526     -19.700      -1.938     -12.422     -13.618     -22.439     -23.239     -30.348     -13.320     -22.530     -29.030     -34.224     -48.638     -11.890     -21.321     -10.303     -15.609     -23.081     -19.283     -28.126      -3.484      -8.309     -11.253     -24.088     -34.923      -7.954     -15.534      -1.993     -11.580      -7.791     -10.546     -13.933      -8.854     -25.731      -2.673     -13.121     -13.729     -10.062     -10.262     -14.868     -21.222     -14.849     -20.299     -36.977     -26.579     -35.374     -25.615     -31.571     -26.963     -32.660     -40.322     -44.767     -55.119     -58.492     -70.199     -71.086     -88.533      -0.924     -10.889      -2.474      -5.121     -15.777     -11.705     -15.731     -12.666     -15.250      -3.223     -16.523     -22.370      -0.806      -7.104      -9.621     -21.440     -13.372     -17.974      -2.133     -14.487     -20.510      -5.944      -7.610     -15.032      -5.036     -11.134      -3.735      -8.383      -1.085      -9.174      -3.407     -14.709      -4.310     -15.133     -60.639      -7.670     -17.696     -24.620     -25.652     -24.201     -60.479     -16.247     -17.257     -15.808     -25.804     -14.090     -25.149     -62.414     -43.499     -26.527     -32.726     -52.217     -71.846     -92.443     -99.000     -18.425     -48.511     -30.398     -16.053     -47.879     -25.457     -78.332     -35.123     -45.714     -31.058     -16.222     -39.730     -47.814     -24.236     -76.427     -33.509     -43.411     -19.794     -21.509     -11.699     -51.065      -7.253     -19.246     -18.171     -26.126     -31.414     -25.668     -35.100     -43.021     -66.863     -16.239      -5.729     -16.555     -12.058     -88.296     -69.731     -10.750     -14.610     -17.875     -13.847     -17.772     -21.504     -18.914     -30.318     -31.600 
 18       3.777       2.708       0.036      -0.446       0.371      -5.321      -1.809      -1.018      -3.667      -1.582      -3.722      -4.689      -4.207      -5.335      -1.084      -2.723      -7.278     -10.153      -5.986      -7.452      -6.928      -2.866       0.439     -29.709      -5.519      -2.875      -6.391     -18.179     -20.221     -14.274     -16.496     -10.226     -12.335      -9.560     -14.924     -24.351      -6.577     -20.784      -8.850     -10.521     -10.561     -13.751     -10.927     -10.624     -10.878     -14.603     -11.266      -3.756      -4.506      -2.703      -5.599      -9.976      -6.095      -8.121      -5.134      -6.949      -4.649      -5.867     -11.943      -8.534      -9.761      -9.090      -6.794      -8.699     -11.882      -6.987      -9.508      -8.085     -13.301      -5.778      -6.621      -5.294      -8.696      -7.212     -10.082     -11.879     -10.573     -13.007     -11.990      -4.183      -0.415      -9.562      -7.792      -8.293      -5.658     -10.627      -9.907      -6.408      -9.658     -13.993      -5.022     -12.355     -12.117      -7.166      -7.640      -7.830     -10.899     -12.792     -16.102      -6.778     -10.785     -17.206     -13.200     -12.822     -12.678      -8.353      -9.467      -4.322      -7.674      -7.037     -11.133     -14.571     -11.167      -9.598     -11.143     -10.279      -8.512     -10.610      -7.605      -7.965      -9.243     -17.351     -18.839     -15.383     -14.929     -11.207     -11.866     -10.277     -13.045     -12.699     -16.545     -13.207     -24.560     -15.346     -10.166     -12.230      -7.496     -10.338     -12.817     -13.672     -13.948     -18.725     -16.256     -14.461     -11.673     -12.519     -11.005     -13.329     -16.103     -13.404     -12.213     -21.955     -32.287     -19.139     -22.891     -32.823     -33.890     -18.215     -21.717     -26.468     -32.128     -55.926     -13.509     -15.607     -19.445     -17.152     -78.831     -75.088     -19.723     -26.653     -11.277     -26.085     -45.301     -14.915     -13.573     -21.473     -45.712     -26.860     -34.186     -46.323     -47.290     -15.594     -14.495     -20.590     -25.853     -33.213     -45.244     -55.283     -99.000     -14.387     -38.576     -14.087     -18.688     -37.379      -7.006     -14.059      -7.204     -11.017      -7.379     -30.499     -30.132     -30.149     -12.223     -11.097     -22.886     -23.003     -15.709     -17.871     -16.037     -10.790     -13.567     -12.371     -11.023      -7.712     -14.978     -15.334     -26.770     -52.625     -79.723     -28.426     -46.232     -52.297     -76.956      -7.517     -18.658     -19.342     -11.123     -21.568     -30.617     -45.983      -9.856     -15.862     -42.334     -11.947      -8.973     -10.705     -19.937     -18.213     -27.933     -23.699     -61.753     -22.402     -22.234     -13.990     -23.912     -19.532     -15.700     -21.536     -40.963     -47.015     -43.214     -45.420     -41.245     -76.880     -80.122     -37.404     -37.859     -15.202     -25.153     -18.070     -28.497     -20.519     -21.107     -32.722     -12.590     -21.885     -14.274     -43.189     -21.430     -30.991     -41.959     -21.177     -38.966     -24.763     -24.501     -30.132     -34.872     -34.890     -41.630     -24.598     -20.750     -24.432     -42.879     -33.985     -37.276     -44.063     -36.688     -46.867     -32.102     -35.000     -53.405     -52.639     -44.132     -46.422     -64.735     -78.583     -12.231     -17.208     -26.010     -12.110     -16.557     -40.491     -24.293     -18.664     -28.897     -39.661     -20.161     -25.563     -21.120     -21.985     -13.461     -22.260     -22.548     -29.251     -42.995     -21.022     -25.625     -34.591     -34.519     -40.014     -27.639     -32.199     -25.768     -30.003     -37.025     -40.885     -23.442     -24.925     -35.031     -34.437     -19.536     -22.631     -33.030     -34.641     -39.173     -40.138     -50.062     -41.857     -34.548     -45.330     -37.957     -29.491     -32.206     -55.431     -52.717     -65.548     -51.294     -40.457     -43.933     -71.753     -59.950     -66.396     -88.003     -80.803     -99.000     -99.000     -22.663     -10.819     -17.269     -11.965     -11.095     -18.848     -18.887     -28.750     -15.558     -11.685     -46.178     -22.560      -8.302     -16.822     -42.782      -5.906     -40.892     -11.127      -8.883     -12.204     -16.396     -26.732     -19.745     -61.531      -8.948     -14.505     -25.424     -15.910     -13.266     -13.662     -31.949     -42.337     -51.293     -14.817     -58.250     -16.879     -14.230     -13.797     -12.243     -15.650     -16.664     -17.745     -23.942     -73.007     -99.000     -35.553     -68.149     -20.415     -30.848     -43.061     -53.097     -62.844     -74.051     -19.504      -1.858     -12.249     -13.472     -22.267     -23.053     -30.097     -13.184     -22.369     -28.807     -33.971     -48.351     -11.718     -21.068     -10.156     -15.420     -22.848     -19.084     -27.873      -3.387      -8.165     -11.137     -23.915     -34.718      -7.812     -15.353      -1.913     -11.410      -7.682     -10.414     -13.792      -8.731     -25.534      -2.593     -12.957     -13.586      -9.937     -10.139     -14.742     -21.037     -14.712     -20.112     -36.703     -26.377     -35.106     -25.450     -31.351     -26.776     -32.417     -40.085     -44.480     -54.805     -58.138     -69.829     -70.688     -88.067      -0.846     -10.730      -2.360      -4.975     -15.575     -11.528     -15.523     -12.447     -15.052      -3.142     -16.338     -22.138      -0.727      -6.984      -9.469     -21.222     -13.206     -17.795      -2.053     -14.308     -20.284      -5.829      -7.469     -14.843      -4.946     -10.988      -3.646      -8.248      -1.010      -9.027      -3.327     -14.541      -4.230     -14.969     -60.315      -7.590     -17.564     -24.468     -25.486     -24.064     -60.178     -16.080     -17.092     -15.620     -25.557     -13.961     -24.997     -62.082     -43.278     -26.364     -32.529     -51.955     -71.509     -92.030     -99.000     -18.277     -48.233     -30.172     -15.918     -47.592     -25.282     -77.908     -34.906     -45.454     -30.836     -16.094     -39.472     -47.549     -24.086     -76.034     -33.329     -43.202     -19.593     -21.299     -11.549     -50.681      -7.173     -19.069     -18.006     -25.913     -31.162     -25.444     -34.858     -42.724     -66.447     -16.094      -5.649     -16.391     -11.922     -87.458     -69.327     -10.556     -14.365     -17.710     -13.677     -17.597     -21.304     -18.748     -30.087     -31.366 
 19       3.857       2.788       0.117      -0.366       0.452      -5.208      -1.715      -0.932      -3.588      -1.491      -3.616      -4.582      -4.106      -5.234      -1.004      -2.643      -7.158     -10.041      -5.885      -7.352      -6.847      -2.786       0.563     -29.495      -5.403      -2.790      -6.269     -18.033     -20.002     -14.091     -16.296     -10.079     -12.215      -9.434     -14.784     -24.122      -6.408     -20.531      -8.723     -10.390     -10.422     -13.623     -10.801     -10.408     -10.722     -14.431     -11.124      -3.622      -4.372      -2.578      -5.485      -9.799      -5.937      -7.958      -4.993      -6.812      -4.518      -5.742     -11.759      -8.366      -9.597      -8.926      -6.635      -8.523     -11.747      -6.846      -9.346      -7.932     -13.139      -5.635      -6.475      -5.165      -8.556      -7.075      -9.933     -11.683     -10.390     -12.804     -11.805      -4.081      -0.338      -9.444      -7.660      -8.179      -5.553     -10.493      -9.771      -6.298      -9.515     -13.820      -4.912     -12.220     -11.954      -7.044      -7.535      -7.709     -10.766     -12.652     -15.954      -6.670     -10.660     -17.041     -13.071     -12.680     -12.506      -8.204      -9.319      -4.219      -7.561      -6.917     -10.994     -14.392     -11.007      -9.470     -11.014     -10.136      -8.374     -10.492      -7.489      -7.861      -9.119     -17.153     -18.694     -15.269     -14.774     -11.071     -11.733     -10.156     -12.922     -12.568     -16.386     -13.064     -24.343     -15.209     -10.014     -12.071      -7.381     -10.215     -12.654     -13.527     -13.796     -18.571     -16.126     -14.301     -11.525     -12.372     -10.869     -13.195     -15.937     -13.251     -12.066     -21.769     -32.066     -18.954     -22.692     -32.588     -33.642     -18.044     -21.545     -26.264     -31.920     -55.586     -13.320     -15.400     -19.215     -16.955     -78.340     -74.684     -19.511     -26.399     -11.118     -25.888     -45.038     -14.765     -13.422     -21.287     -45.435     -26.650     -33.942     -46.034     -46.988     -15.449     -14.349     -20.433     -25.669     -33.004     -44.996     -54.961     -99.000     -14.203     -38.284     -13.916     -18.495     -37.125      -6.864     -13.875      -7.053     -10.862      -7.200     -30.215     -29.858     -29.887     -12.022     -10.874     -22.610     -22.735     -15.440     -17.684     -15.856     -10.648     -13.410     -12.222     -10.888      -7.595     -14.827     -15.165     -26.561     -52.290     -79.254     -28.225     -45.954     -52.001     -76.565      -7.366     -18.457     -19.144     -10.928     -21.262     -30.257     -45.619      -9.718     -15.700     -41.985     -11.798      -8.838     -10.568     -19.743     -18.035     -27.700     -23.494     -61.310     -22.206     -22.058     -13.790     -23.620     -19.329     -15.560     -21.355     -40.680     -46.689     -42.955     -45.142     -41.005     -76.458     -79.703     -37.135     -37.578     -15.016     -24.855     -17.892     -28.261     -20.344     -20.907     -32.453     -12.450     -21.693     -14.128     -42.916     -21.241     -30.698     -41.642     -20.985     -38.659     -24.556     -24.293     -29.909     -34.598     -34.613     -41.335     -24.402     -20.572     -24.246     -42.607     -33.736     -36.989     -43.778     -36.443     -46.571     -31.870     -34.767     -53.037     -52.264     -43.849     -46.135     -64.353     -78.089     -12.081     -17.024     -25.781     -11.976     -16.369     -40.170     -24.010     -18.492     -28.667     -39.359     -19.998     -25.339     -20.923     -21.813     -13.330     -22.085     -22.322     -28.988     -42.690     -20.851     -25.433     -34.353     -34.279     -39.723     -27.431     -31.975     -25.584     -29.804     -36.755     -40.615     -23.279     -24.744     -34.793     -34.204     -19.385     -22.473     -32.816     -34.400     -38.832     -39.885     -49.749     -41.617     -34.347     -45.074     -37.717     -29.304     -32.014     -54.974     -52.390     -65.166     -51.000     -40.236     -43.696     -71.182     -59.649     -66.038     -87.318     -80.395     -99.000     -99.000     -22.381     -10.675     -17.051     -11.773     -10.922     -18.627     -18.665     -28.471     -15.345     -11.501     -45.755     -22.275      -8.120     -16.595     -42.371      -5.740     -40.518     -10.939      -8.702     -11.978     -16.152     -26.387     -19.441     -61.085      -8.801     -14.339     -25.192     -15.735     -13.123     -13.508     -31.673     -42.003     -50.899     -14.656     -57.813     -16.706     -14.078     -13.641     -12.094     -15.490     -16.502     -17.551     -23.744     -72.584     -99.000     -35.329     -67.763     -20.228     -30.602     -42.759     -52.736     -62.422     -73.572     -19.303      -1.779     -12.074     -13.326     -22.092     -22.866     -29.842     -13.047     -22.206     -28.579     -33.712     -48.057     -11.543     -20.812     -10.010     -15.228     -22.611     -18.882     -27.617      -3.293      -8.021     -11.022     -23.743     -34.511      -7.671     -15.169      -1.833     -11.239      -7.576     -10.281     -13.653      -8.607     -25.338      -2.513     -12.792     -13.448      -9.812     -10.015     -14.617     -20.851     -14.575     -19.924     -36.426     -26.174     -34.834     -25.285     -31.129     -26.590     -32.173     -39.848     -44.190     -54.491     -57.781     -69.459     -70.287     -87.597      -0.768     -10.571      -2.250      -4.830     -15.373     -11.349     -15.314     -12.227     -14.860      -3.062     -16.151     -21.904      -0.648      -6.866      -9.318     -21.002     -13.038     -17.616      -1.973     -14.128     -20.057      -5.719      -7.329     -14.654      -4.859     -10.843      -3.560      -8.113      -0.935      -8.880      -3.247     -14.372      -4.150     -14.803     -59.982      -7.512     -17.434     -24.313     -25.317     -23.923     -59.872     -15.910     -16.927     -15.430     -25.305     -13.831     -24.843     -61.744     -43.051     -26.197     -32.329     -51.686     -71.162     -91.605     -99.000     -18.127     -47.950     -29.945     -15.781     -47.299     -25.104     -77.475     -34.683     -45.187     -30.611     -15.963     -39.210     -47.277     -23.932     -75.632     -33.142     -42.985     -19.389     -21.088     -11.396     -50.290      -7.093     -18.892     -17.838     -25.697     -30.908     -25.219     -34.612     -42.422     -66.023     -15.945      -5.569     -16.225     -11.785     -86.605     -68.915     -10.361     -14.116     -17.541     -13.503     -17.418     -21.099     -18.579     -29.850     -31.128 
 20       3.937       2.868       0.198      -0.286       0.532      -5.094      -1.621      -0.846      -3.508      -1.399      -3.509      -4.475      -4.003      -5.132      -0.923      -2.563      -7.038      -9.929      -5.784      -7.250      -6.766      -2.706       0.689     -29.279      -5.288      -2.703      -6.147     -17.887     -19.781     -13.905     -16.095      -9.931     -12.095      -9.307     -14.643     -23.892      -6.240     -20.282      -8.598     -10.260     -10.283     -13.496     -10.676     -10.193     -10.565     -14.258     -10.982      -3.488      -4.238      -2.452      -5.371      -9.621      -5.779      -7.794      -4.850      -6.675      -4.387      -5.617     -11.575      -8.198      -9.431      -8.760      -6.474      -8.350     -11.613      -6.706      -9.186      -7.781     -12.978      -5.491      -6.328      -5.036      -8.418      -6.939      -9.785     -11.487     -10.207     -12.600     -11.619      -3.978      -0.260      -9.326      -7.528      -8.064      -5.448     -10.359      -9.637      -6.189      -9.370     -13.646      -4.801     -12.084     -11.789      -6.920      -7.429      -7.588     -10.632     -12.509     -15.805      -6.563     -10.537     -16.874     -12.940     -12.538     -12.334      -8.055      -9.170      -4.115      -7.447      -6.798     -10.855     -14.213     -10.847      -9.341     -10.882      -9.992      -8.236     -10.371      -7.373      -7.758      -8.995     -16.953     -18.547     -15.153     -14.618     -10.933     -11.598     -10.033     -12.797     -12.435     -16.225     -12.919     -24.125     -15.071      -9.860     -11.912      -7.263     -10.091     -12.490     -13.380     -13.642     -18.417     -15.996     -14.139     -11.375     -12.224     -10.733     -13.060     -15.771     -13.096     -11.918     -21.581     -31.841     -18.765     -22.490     -32.351     -33.392     -17.871     -21.369     -26.057     -31.709     -55.241     -13.128     -15.191     -18.983     -16.756     -77.844     -74.272     -19.296     -26.141     -10.958     -25.689     -44.773     -14.612     -13.270     -21.101     -45.157     -26.437     -33.698     -45.743     -46.685     -15.303     -14.203     -20.274     -25.483     -32.793     -44.745     -54.636     -99.000     -14.017     -37.990     -13.745     -18.301     -36.868      -6.721     -13.689      -6.900     -10.706      -7.020     -29.928     -29.582     -29.622     -11.818     -10.649     -22.331     -22.465     -15.169     -17.495     -15.673     -10.505     -13.252     -12.072     -10.752      -7.475     -14.674     -14.994     -26.350     -51.954     -78.782     -28.023     -45.672     -51.702     -76.169      -7.214     -18.254     -18.945     -10.731     -20.954     -29.894     -45.250      -9.579     -15.535     -41.632     -11.646      -8.702     -10.430     -19.547     -17.856     -27.463     -23.286     -60.859     -22.007     -21.878     -13.588     -23.324     -19.125     -15.419     -21.172     -40.396     -46.362     -42.693     -44.863     -40.760     -76.036     -79.281     -36.864     -37.295     -14.828     -24.554     -17.713     -28.023     -20.166     -20.706     -32.184     -12.310     -21.500     -13.980     -42.641     -21.050     -30.402     -41.321     -20.790     -38.349     -24.349     -24.085     -29.683     -34.324     -34.336     -41.038     -24.204     -20.393     -24.057     -42.332     -33.484     -36.699     -43.490     -36.198     -46.272     -31.635     -34.531     -52.665     -51.884     -43.563     -45.844     -63.968     -77.591     -11.930     -16.838     -25.549     -11.841     -16.181     -39.846     -23.724     -18.320     -28.436     -39.056     -19.832     -25.115     -20.726     -21.640     -13.196     -21.907     -22.094     -28.723     -42.382     -20.677     -25.240     -34.113     -34.038     -39.429     -27.222     -31.749     -25.397     -29.601     -36.483     -40.343     -23.114     -24.562     -34.554     -33.970     -19.232     -22.313     -32.598     -34.155     -38.487     -39.631     -49.435     -41.373     -34.143     -44.814     -37.476     -29.114     -31.818     -54.514     -52.056     -64.783     -50.704     -40.011     -43.453     -70.606     -59.344     -65.678     -86.627     -79.984     -99.000     -99.000     -22.097     -10.530     -16.832     -11.578     -10.748     -18.404     -18.442     -28.190     -15.130     -11.317     -45.330     -21.985      -7.937     -16.366     -41.956      -5.573     -40.142     -10.749      -8.521     -11.750     -15.906     -26.040     -19.135     -60.634      -8.653     -14.171     -24.959     -15.558     -12.979     -13.353     -31.395     -41.667     -50.501     -14.492     -57.373     -16.531     -13.925     -13.482     -11.943     -15.327     -16.337     -17.357     -23.544     -72.155     -99.000     -35.102     -67.372     -20.041     -30.355     -42.455     -52.373     -61.997     -73.088     -19.099      -1.699     -11.899     -13.180     -21.916     -22.677     -29.584     -12.911     -22.041     -28.348     -33.448     -47.758     -11.368     -20.553      -9.863     -15.034     -22.371     -18.679     -27.358      -3.201      -7.878     -10.908     -23.571     -34.305      -7.529     -14.984      -1.753     -11.066      -7.473     -10.148     -13.516      -8.483     -25.143      -2.434     -12.627     -13.312      -9.686      -9.890     -14.492     -20.664     -14.440     -19.735     -36.147     -25.971     -34.561     -25.120     -30.904     -26.404     -31.927     -39.611     -43.898     -54.177     -57.423     -69.089     -69.882     -87.123      -0.690     -10.411      -2.142      -4.684     -15.170     -11.170     -15.105     -12.007     -14.672      -2.982     -15.965     -21.670      -0.569      -6.752      -9.166     -20.780     -12.868     -17.437      -1.892     -13.948     -19.829      -5.610      -7.188     -14.464      -4.774     -10.698      -3.476      -7.977      -0.861      -8.732      -3.167     -14.202      -4.070     -14.636     -59.643      -7.436     -17.303     -24.156     -25.147     -23.780     -59.562     -15.739     -16.761     -15.239     -25.050     -13.699     -24.689     -61.403     -42.820     -26.028     -32.125     -51.412     -70.808     -91.171     -99.000     -17.976     -47.663     -29.715     -15.642     -47.004     -24.923     -77.037     -34.456     -44.915     -30.384     -15.829     -38.945     -47.002     -23.774     -75.224     -32.951     -42.764     -19.183     -20.877     -11.242     -49.894      -7.013     -18.714     -17.670     -25.480     -30.650     -24.992     -34.364     -42.118     -65.595     -15.792      -5.490     -16.058     -11.645     -85.742     -68.498     -10.163     -13.866     -17.370     -13.327     -17.239     -20.891     -18.408     -29.609     -30.886 
 21       4.017       2.948       0.279      -0.206       0.613      -4.980      -1.527      -0.760      -3.429      -1.307      -3.402      -4.368      -3.901      -5.030      -0.843      -2.483      -6.918      -9.817      -5.682      -7.148      -6.686      -2.626       0.814     -29.063      -5.172      -2.616      -6.025     -17.742     -19.561     -13.720     -15.894      -9.783     -11.974      -9.180     -14.503     -23.662      -6.073     -20.033      -8.473     -10.130     -10.145     -13.369     -10.551      -9.978     -10.408     -14.086     -10.839      -3.354      -4.103      -2.326      -5.256      -9.444      -5.621      -7.630      -4.708      -6.538      -4.255      -5.491     -11.390      -8.030      -9.266      -8.595      -6.314      -8.177     -11.479      -6.567      -9.026      -7.630     -12.818      -5.348      -6.182      -4.907      -8.280      -6.803      -9.638     -11.292     -10.023     -12.396     -11.433      -3.875      -0.182      -9.208      -7.395      -7.950      -5.343     -10.225      -9.503      -6.080      -9.225     -13.472      -4.690     -11.949     -11.624      -6.796      -7.323      -7.466     -10.499     -12.367     -15.656      -6.456     -10.413     -16.708     -12.810     -12.396     -12.161      -7.905      -9.020      -4.011      -7.333      -6.677     -10.717     -14.034     -10.687      -9.212     -10.751      -9.847      -8.097     -10.251      -7.256      -7.655      -8.872     -16.754     -18.401     -15.037     -14.462     -10.795     -11.463      -9.910     -12.673     -12.303     -16.064     -12.775     -23.907     -14.933      -9.706     -11.752      -7.146      -9.967     -12.327     -13.233     -13.489     -18.262     -15.866     -13.977     -11.226     -12.076     -10.597     -12.925     -15.604     -12.942     -11.770     -21.393     -31.617     -18.577     -22.289     -32.113     -33.142     -17.697     -21.193     -25.849     -31.497     -54.895     -12.936     -14.982     -18.750     -16.558     -77.347     -73.859     -19.081     -25.883     -10.798     -25.490     -44.508     -14.460     -13.118     -20.915     -44.878     -26.225     -33.454     -45.452     -46.382     -15.157     -14.056     -20.116     -25.298     -32.582     -44.495     -54.311     -99.000     -13.832     -37.696     -13.573     -18.106     -36.610      -6.577     -13.503      -6.748     -10.550      -6.840     -29.642     -29.305     -29.358     -11.615     -10.424     -22.052     -22.195     -14.897     -17.306     -15.490     -10.361     -13.094     -11.922     -10.615      -7.356     -14.520     -14.823     -26.139     -51.617     -78.311     -27.821     -45.390     -51.403     -75.774      -7.062     -18.051     -18.746     -10.534     -20.645     -29.532     -44.882      -9.440     -15.370     -41.278     -11.494      -8.566     -10.292     -19.350     -17.677     -27.226     -23.079     -60.407     -21.809     -21.700     -13.386     -23.029     -18.921     -15.278     -20.989     -40.111     -46.034     -42.431     -44.584     -40.515     -75.613     -78.859     -36.593     -37.012     -14.641     -24.253     -17.533     -27.785     -19.988     -20.506     -31.915     -12.169     -21.307     -13.833     -42.366     -20.859     -30.107     -41.001     -20.595     -38.039     -24.141     -23.876     -29.457     -34.050     -34.059     -40.741     -24.007     -20.214     -23.868     -42.056     -33.232     -36.408     -43.202     -35.952     -45.973     -31.401     -34.294     -52.293     -51.504     -43.277     -45.553     -63.584     -77.093     -11.778     -16.653     -25.317     -11.706     -15.993     -39.522     -23.438     -18.148     -28.204     -38.753     -19.665     -24.892     -20.529     -21.467     -13.063     -21.729     -21.865     -28.457     -42.075     -20.503     -25.047     -33.873     -33.798     -39.134     -27.013     -31.523     -25.210     -29.398     -36.213     -40.072     -22.950     -24.380     -34.315     -33.736     -19.079     -22.152     -32.381     -33.909     -38.143     -39.377     -49.121     -41.130     -33.940     -44.554     -37.235     -28.924     -31.622     -54.053     -51.723     -64.399     -50.407     -39.786     -43.210     -70.030     -59.039     -65.317     -85.937     -79.573     -99.000     -99.000     -21.812     -10.385     -16.613     -11.384     -10.574     -18.181     -18.219     -27.909     -14.916     -11.132     -44.904     -21.696      -7.754     -16.137     -41.542      -5.406     -39.764     -10.560      -8.339     -11.522     -15.660     -25.693     -18.828     -60.184      -8.505     -14.003     -24.726     -15.380     -12.835     -13.198     -31.117     -41.331     -50.104     -14.329     -56.932     -16.357     -13.772     -13.324     -11.792     -15.165     -16.172     -17.164     -23.345     -71.725     -99.000     -34.876     -66.982     -19.853     -30.107     -42.151     -52.009     -61.571     -72.605     -18.896      -1.619     -11.724     -13.034     -21.740     -22.489     -29.327     -12.774     -21.876     -28.118     -33.185     -47.460     -11.193     -20.295      -9.717     -14.840     -22.132     -18.475     -27.099      -3.110      -7.735     -10.794     -23.400     -34.098      -7.388     -14.798      -1.673     -10.893      -7.369     -10.015     -13.378      -8.358     -24.948      -2.354     -12.461     -13.177      -9.561      -9.765     -14.368     -20.477     -14.306     -19.546     -35.868     -25.768     -34.288     -24.954     -30.680     -26.218     -31.681     -39.374     -43.606     -53.864     -57.064     -68.719     -69.478     -86.651      -0.612     -10.250      -2.034      -4.539     -14.967     -10.990     -14.896     -11.786     -14.485      -2.902     -15.778     -21.435      -0.490      -6.637      -9.015     -20.559     -12.699     -17.259      -1.812     -13.767     -19.600      -5.502      -7.048     -14.275      -4.689     -10.553      -3.392      -7.842      -0.787      -8.584      -3.087     -14.032      -3.991     -14.469     -59.304      -7.359     -17.173     -23.999     -24.977     -23.638     -59.252     -15.568     -16.595     -15.048     -24.795     -13.568     -24.536     -61.061     -42.589     -25.860     -31.921     -51.138     -70.454     -90.736     -99.000     -17.825     -47.377     -29.486     -15.503     -46.708     -24.741     -76.599     -34.230     -44.644     -30.158     -15.697     -38.681     -46.726     -23.617     -74.816     -32.760     -42.542     -18.977     -20.667     -11.089     -49.499      -6.933     -18.536     -17.502     -25.262     -30.393     -24.766     -34.116     -41.814     -65.166     -15.639      -5.410     -15.891     -11.506     -84.879     -68.081      -9.966     -13.615     -17.199     -13.151     -17.059     -20.684     -18.237     -29.369     -30.644 
 22       4.097       3.028       0.360      -0.126       0.693      -4.867      -1.434      -0.675      -3.349      -1.217      -3.296      -4.262      -3.801      -4.929      -0.763      -2.403      -6.798      -9.706      -5.582      -7.048      -6.605      -2.546       0.938     -28.850      -5.056      -2.531      -5.904     -17.597     -19.342     -13.538     -15.696      -9.637     -11.855      -9.054     -14.363     -23.434      -5.903     -19.780      -8.346      -9.999     -10.006     -13.241     -10.426      -9.763     -10.252     -13.914     -10.697      -3.220      -3.970      -2.201      -5.143      -9.268      -5.464      -7.468      -4.567      -6.402      -4.125      -5.367     -11.207      -7.863      -9.102      -8.431      -6.156      -8.001     -11.344      -6.425      -8.864      -7.477     -12.656      -5.205      -6.036      -4.778      -8.141      -6.666      -9.489     -11.097      -9.841     -12.194     -11.248      -3.773      -0.105      -9.091      -7.264      -7.836      -5.239     -10.091      -9.367      -5.970      -9.081     -13.300      -4.580     -11.814     -11.461      -6.674      -7.218      -7.346     -10.366     -12.228     -15.508      -6.348     -10.288     -16.543     -12.680     -12.254     -11.990      -7.757      -8.873      -3.909      -7.220      -6.558     -10.578     -13.857     -10.528      -9.085     -10.622      -9.705      -7.961     -10.134      -7.141      -7.552      -8.748     -16.557     -18.257     -14.923     -14.307     -10.660     -11.331      -9.790     -12.549     -12.172     -15.905     -12.633     -23.691     -14.796      -9.555     -11.594      -7.031      -9.845     -12.165     -13.088     -13.338     -18.109     -15.737     -13.817     -11.079     -11.930     -10.462     -12.791     -15.440     -12.789     -11.623     -21.208     -31.397     -18.392     -22.091     -31.880     -32.895     -17.528     -21.021     -25.646     -31.291     -54.557     -12.747     -14.776     -18.521     -16.362     -76.859     -73.458     -18.870     -25.631     -10.640     -25.293     -44.247     -14.310     -12.967     -20.730     -44.603     -26.015     -33.211     -45.163     -46.081     -15.012     -13.911     -19.959     -25.115     -32.374     -44.248     -53.991     -99.000     -13.648     -37.404     -13.404     -17.914     -36.357      -6.436     -13.320      -6.597     -10.395      -6.661     -29.359     -29.032     -29.096     -11.414     -10.201     -21.776     -21.928     -14.629     -17.120     -15.310     -10.219     -12.938     -11.773     -10.481      -7.239     -14.369     -14.655     -25.930     -51.283     -77.843     -27.621     -45.113     -51.109     -75.384      -6.912     -17.850     -18.549     -10.340     -20.341     -29.173     -44.520      -9.303     -15.208     -40.930     -11.345      -8.431     -10.155     -19.157     -17.499     -26.994     -22.874     -59.966     -21.614     -21.524     -13.187     -22.738     -18.720     -15.137     -20.809     -39.829     -45.709     -42.172     -44.306     -40.276     -75.193     -78.441     -36.326     -36.732     -14.455     -23.955     -17.355     -27.549     -19.814     -20.307     -31.647     -12.030     -21.115     -13.688     -42.094     -20.672     -29.815     -40.685     -20.403     -37.734     -23.935     -23.669     -29.236     -33.777     -33.782     -40.447     -23.811     -20.038     -23.682     -41.786     -32.983     -36.122     -42.917     -35.708     -45.677     -31.171     -34.062     -51.927     -51.131     -42.996     -45.268     -63.203     -76.602     -11.629     -16.470     -25.089     -11.574     -15.805     -39.202     -23.156     -17.977     -27.975     -38.452     -19.503     -24.669     -20.333     -21.295     -12.932     -21.555     -21.640     -28.197     -41.772     -20.333     -24.856     -33.635     -33.559     -38.845     -26.805     -31.300     -25.028     -29.200     -35.943     -39.803     -22.788     -24.200     -34.078     -33.504     -18.930     -21.995     -32.168     -33.669     -37.802     -39.125     -48.809     -40.890     -33.739     -44.299     -36.996     -28.738     -31.432     -53.599     -51.397     -64.019     -50.114     -39.567     -42.974     -69.461     -58.739     -64.961     -85.254     -79.167     -99.000     -99.000     -21.532     -10.242     -16.396     -11.192     -10.402     -17.960     -17.998     -27.631     -14.704     -10.949     -44.484     -21.412      -7.573     -15.911     -41.132      -5.241     -39.392     -10.372      -8.159     -11.297     -15.417     -25.349     -18.525     -59.739      -8.359     -13.837     -24.494     -15.207     -12.693     -13.045     -30.842     -40.998     -49.711     -14.168     -56.497     -16.184     -13.621     -13.168     -11.643     -15.006     -16.011     -16.971     -23.149     -71.304     -99.000     -34.653     -66.596     -19.667     -29.861     -41.850     -51.650     -61.150     -72.126     -18.697      -1.540     -11.550     -12.889     -21.567     -22.302     -29.073     -12.638     -21.714     -27.891     -32.927     -47.168     -11.019     -20.039      -9.571     -14.650     -21.896     -18.274     -26.843      -3.016      -7.592     -10.679     -23.228     -33.893      -7.247     -14.615      -1.593     -10.722      -7.263      -9.882     -13.240      -8.235     -24.752      -2.275     -12.297     -13.039      -9.436      -9.641     -14.243     -20.291     -14.170     -19.359     -35.592     -25.565     -34.017     -24.790     -30.459     -26.032     -31.437     -39.138     -43.317     -53.551     -56.709     -68.350     -69.077     -86.182      -0.534     -10.092      -1.924      -4.394     -14.765     -10.812     -14.687     -11.567     -14.293      -2.822     -15.593     -21.203      -0.412      -6.520      -8.864     -20.340     -12.531     -17.080      -1.732     -13.588     -19.374      -5.391      -6.907     -14.086      -4.602     -10.408      -3.305      -7.707      -0.712      -8.437      -3.007     -13.864      -3.911     -14.304     -58.973      -7.281     -17.042     -23.845     -24.809     -23.498     -58.947     -15.398     -16.430     -14.859     -24.543     -13.437     -24.383     -60.725     -42.364     -25.694     -31.721     -50.870     -70.109     -90.312     -99.000     -17.676     -47.095     -29.259     -15.367     -46.417     -24.564     -76.169     -34.008     -44.378     -29.934     -15.566     -38.421     -46.456     -23.463     -74.417     -32.574     -42.327     -18.773     -20.456     -10.937     -49.110      -6.853     -18.359     -17.335     -25.047     -30.139     -24.541     -33.872     -41.514     -64.744     -15.491      -5.330     -15.726     -11.369     -84.030     -67.671      -9.771     -13.367     -17.031     -12.978     -16.881     -20.480     -18.069     -29.133     -30.406 
 23       4.177       3.108       0.442      -0.046       0.774      -4.756      -1.343      -0.591      -3.270      -1.129      -3.192      -4.158      -3.702      -4.831      -0.684      -2.323      -6.680      -9.597      -5.484      -6.950      -6.525      -2.466       1.060     -28.641      -4.941      -2.450      -5.784     -17.453     -19.128     -13.361     -15.502      -9.496     -11.738      -8.930     -14.224     -23.210      -5.730     -19.520      -8.216      -9.866      -9.863     -13.112     -10.299      -9.549     -10.098     -13.746     -10.558      -3.087      -3.837      -2.077      -5.033      -9.094      -5.311      -7.309      -4.430      -6.267      -3.997      -5.244     -11.026      -7.700      -8.942      -8.271      -6.000      -7.822     -11.208      -6.281      -8.699      -7.321     -12.491      -5.063      -5.891      -4.650      -8.000      -6.527      -9.337     -10.902      -9.661     -11.994     -11.066      -3.673      -0.032      -8.975      -7.136      -7.724      -5.137      -9.958      -9.228      -5.858      -8.942     -13.129      -4.472     -11.681     -11.301      -6.556      -7.116      -7.227     -10.234     -12.093     -15.366      -6.239     -10.162     -16.380     -12.553     -12.113     -11.822      -7.612      -8.729      -3.811      -7.110      -6.441     -10.441     -13.681     -10.372      -8.964     -10.498      -9.567      -7.828     -10.021      -7.025      -7.447      -8.622     -16.364     -18.117     -14.812     -14.157     -10.529     -11.204      -9.673     -12.428     -12.042     -15.750     -12.495     -23.480     -14.662      -9.407     -11.439      -6.920      -9.724     -12.006     -12.948     -13.190     -17.961     -15.610     -13.661     -10.935     -11.788     -10.331     -12.659     -15.278     -12.641     -11.481     -21.029     -31.185     -18.213     -21.899     -31.655     -32.656     -17.365     -20.857     -25.453     -31.093     -54.233     -12.564     -14.575     -18.300     -16.171     -76.385     -73.075     -18.668     -25.388     -10.485     -25.102     -43.992     -14.164     -12.820     -20.547     -44.333     -25.810     -32.972     -44.880     -45.785     -14.873     -13.770     -19.806     -24.938     -32.171     -44.008     -53.677     -99.000     -13.466     -37.118     -13.236     -17.727     -36.110      -6.300     -13.142      -6.450     -10.245      -6.485     -29.081     -28.765     -28.841     -11.218      -9.983     -21.506     -21.667     -14.367     -16.939     -15.136     -10.082     -12.785     -11.629     -10.351      -7.127     -14.222     -14.494     -25.725     -50.955     -77.382     -27.426     -44.845     -50.822     -75.006      -6.764     -17.654     -18.357     -10.150     -20.044     -28.823     -44.169      -9.169     -15.052     -40.595     -11.200      -8.299     -10.021     -18.971     -17.326     -26.770     -22.675     -59.544     -21.425     -21.356     -12.994     -22.455     -18.523     -14.998     -20.636     -39.553     -45.386     -41.921     -44.031     -40.047     -74.776     -78.031     -36.064     -36.457     -14.271     -23.666     -17.181     -27.317     -19.646     -20.109     -31.381     -11.891     -20.927     -13.547     -41.829     -20.490     -29.531     -40.376     -20.217     -37.436     -23.730     -23.463     -29.023     -33.506     -33.507     -40.157     -23.617     -19.867     -23.503     -41.524     -32.742     -35.844     -42.638     -35.469     -45.387     -30.946     -33.838     -51.574     -50.770     -42.723     -44.991     -62.827     -76.125     -11.485     -16.294     -24.868     -11.446     -15.621     -38.889     -22.882     -17.809     -27.749     -38.155     -19.347     -24.446     -20.138     -21.128     -12.807     -21.387     -21.419     -27.945     -41.476     -20.169     -24.667     -33.402     -33.325     -38.564     -26.599     -31.081     -24.854     -29.012     -35.675     -39.540     -22.630     -24.023     -33.846     -33.277     -18.787     -21.847     -31.963     -33.439     -37.469     -38.876     -48.501     -40.659     -33.546     -44.051     -36.761     -28.561     -31.252     -53.153     -51.086     -63.644     -49.827     -39.359     -42.750     -68.904     -58.449     -64.610     -84.586     -78.769     -99.000     -99.000     -21.260     -10.104     -16.184     -11.006     -10.232     -17.744     -17.782     -27.358     -14.496     -10.768     -44.073     -21.136      -7.395     -15.690     -40.733      -5.080     -39.028     -10.187      -7.982     -11.076     -15.177     -25.013     -18.230     -59.306      -8.217     -13.674     -24.267     -15.040     -12.555     -12.896     -30.573     -40.672     -49.324     -14.011     -56.075     -16.014     -13.474     -13.016     -11.501     -14.854     -15.856     -16.779     -22.959     -70.900     -99.000     -34.435     -66.220     -19.483     -29.620     -41.554     -51.296     -60.737     -71.657     -18.504      -1.460     -11.379     -12.744     -21.396     -22.118     -28.825     -12.503     -21.555     -27.672     -32.679     -46.888     -10.849     -19.790      -9.425     -14.464     -21.667     -18.078     -26.594      -2.917      -7.448     -10.562     -23.056     -33.689      -7.106     -14.437      -1.513     -10.555      -7.153      -9.751     -13.099      -8.112     -24.555      -2.195     -12.135     -12.894      -9.312      -9.519     -14.117     -20.108     -14.032     -19.173     -35.322     -25.365     -33.753     -24.625     -30.242     -25.846     -31.197     -38.902     -43.033     -53.239     -56.360     -67.983     -68.685     -85.722      -0.456      -9.936      -1.809      -4.249     -14.565     -10.637     -14.480     -11.349     -14.092      -2.742     -15.409     -20.973      -0.333      -6.397      -8.713     -20.124     -12.367     -16.901      -1.652     -13.411     -19.150      -5.275      -6.767     -13.899      -4.511     -10.263      -3.216      -7.573      -0.636      -8.293      -2.927     -13.698      -3.832     -14.141     -58.657      -7.200     -16.910     -23.696     -24.645     -23.364     -58.651     -15.233     -16.265     -14.672     -24.299     -13.310     -24.232     -60.397     -42.148     -25.533     -31.528     -50.613     -69.779     -89.909     -99.000     -17.531     -46.822     -29.036     -15.235     -46.134     -24.393     -75.751     -33.795     -44.123     -29.715     -15.441     -38.166     -46.196     -23.318     -74.031     -32.399     -42.124     -18.575     -20.247     -10.789     -48.732      -6.773     -18.184     -17.171     -24.837     -29.891     -24.320     -33.633     -41.221     -64.335     -15.349      -5.251     -15.564     -11.236     -83.206     -67.274      -9.581     -13.125     -16.868     -12.810     -16.709     -20.285     -17.906     -28.905     -30.177 
 24       4.257       3.188       0.525       0.034       0.856      -4.648      -1.257      -0.510      -3.190      -1.045      -3.092      -4.058      -3.608      -4.736      -0.604      -2.243      -6.565      -9.491      -5.390      -6.855      -6.447      -2.386       1.179     -28.439      -4.827      -2.376      -5.666     -17.310     -18.920     -13.192     -15.317      -9.362     -11.624      -8.809     -14.087     -22.991      -5.551     -19.246      -8.080      -9.730      -9.715     -12.980     -10.169      -9.336      -9.947     -13.583     -10.420      -2.955      -3.708      -1.956      -4.926      -8.926      -5.164      -7.156      -4.296      -6.134      -3.870      -5.125     -10.849      -7.542      -8.787      -8.115      -5.850      -7.636     -11.070      -6.131      -8.528      -7.159     -12.320      -4.922      -5.747      -4.521      -7.855      -6.384      -9.181     -10.710      -9.484     -11.801     -10.888      -3.577       0.037      -8.861      -7.011      -7.615      -5.038      -9.826      -9.084      -5.743      -8.808     -12.962      -4.368     -11.550     -11.147      -6.443      -7.019      -7.112     -10.106     -11.965     -15.230      -6.129     -10.034     -16.223     -12.428     -11.973     -11.657      -7.474      -8.591      -3.721      -7.003      -6.327     -10.305     -13.509     -10.222      -8.850     -10.382      -9.435      -7.702      -9.918      -6.909      -7.342      -8.493     -16.178     -17.984     -14.706     -14.013     -10.406     -11.085      -9.563     -12.310     -11.915     -15.600     -12.365     -23.275     -14.530      -9.266     -11.291      -6.816      -9.607     -11.854     -12.814     -13.050     -17.818     -15.487     -13.511     -10.798     -11.654     -10.204     -12.529     -15.123     -12.499     -11.345     -20.861     -30.988     -18.044     -21.715     -31.442     -32.429     -17.213     -20.703     -25.274     -30.911     -53.933     -12.390     -14.381     -18.091     -15.988     -75.936     -72.723     -18.478     -25.161     -10.334     -24.919     -43.747     -14.023     -12.679     -20.367     -44.072     -25.612     -32.738     -44.604     -45.496     -14.739     -13.635     -19.659     -24.770     -31.976     -43.780     -53.374     -99.000     -13.288     -36.840     -13.074     -17.550     -35.874      -6.170     -12.975      -6.308     -10.100      -6.312     -28.812     -28.507     -28.597     -11.030      -9.772     -21.245     -21.416     -14.115     -16.767     -14.971      -9.950     -12.638     -11.491     -10.228      -7.023     -14.081     -14.343     -25.527     -50.638     -76.934     -27.238     -44.591     -50.548     -74.646      -6.622     -17.465     -18.173      -9.969     -19.759     -28.487     -43.837      -9.041     -14.908     -40.279     -11.063      -8.174      -9.892     -18.798     -17.158     -26.562     -22.486     -59.153     -21.245     -21.199     -12.808     -22.186     -18.335     -14.860     -20.473     -39.286     -45.068     -41.681     -43.760     -39.834     -74.364     -77.633     -35.812     -36.191     -14.092     -23.387     -17.010     -27.090     -19.489     -19.913     -31.117     -11.755     -20.743     -13.414     -41.574     -20.317     -29.259     -40.078     -20.040     -37.151     -23.527     -23.260     -28.823     -33.238     -33.235     -39.875     -23.427     -19.704     -23.334     -41.276     -32.511     -35.578     -42.369     -35.236     -45.106     -30.732     -33.628     -51.239     -50.428     -42.462     -44.731     -62.460     -75.670     -11.346     -16.126     -24.659     -11.325     -15.440     -38.587     -22.621     -17.647     -27.530     -37.865     -19.203     -24.223     -19.946     -20.966     -12.689     -21.230     -21.206     -27.708     -41.194     -20.017     -24.483     -33.176     -33.098     -38.297     -26.395     -30.870     -24.694     -28.839     -35.410     -39.287     -22.479     -23.851     -33.621     -33.058     -18.654     -21.710     -31.773     -33.226     -37.148     -38.633     -48.200     -40.441     -33.362     -43.815     -36.534     -28.399     -31.088     -52.724     -50.798     -63.277     -49.548     -39.169     -42.545     -68.367     -58.174     -64.271     -83.941     -78.383     -99.000     -99.000     -21.002      -9.971     -15.978     -10.828     -10.068     -17.535     -17.573     -27.093     -14.296     -10.591     -43.677     -20.874      -7.222     -15.477     -40.350      -4.924     -38.677     -10.007      -7.810     -10.864     -14.944     -24.688     -17.945     -58.891      -8.081     -13.517     -24.044     -14.885     -12.425     -12.753     -30.311     -40.355     -48.948     -13.860     -55.672     -15.850     -13.333     -12.869     -11.368     -14.713     -15.712     -16.589     -22.778     -70.525     -99.000     -34.225     -65.860     -19.305     -29.385     -41.267     -50.954     -60.335     -71.201     -18.324      -1.381     -11.211     -12.600     -21.231     -21.938     -28.588     -12.371     -21.403     -27.465     -32.446     -46.629     -10.683     -19.550      -9.280     -14.286     -21.447     -17.891     -26.354      -2.810      -7.303     -10.442     -22.882     -33.488      -6.966     -14.267      -1.433     -10.392      -7.035      -9.621     -12.955      -7.992     -24.357      -2.116     -11.978     -12.739      -9.191      -9.400     -13.988     -19.929     -13.890     -18.991     -35.060     -25.168     -33.497     -24.462     -30.032     -25.658     -30.962     -38.668     -42.758     -52.929     -56.020     -67.621     -68.305     -85.276      -0.377      -9.783      -1.686      -4.105     -14.368     -10.465     -14.276     -11.134     -13.876      -2.662     -15.228     -20.748      -0.253      -6.266      -8.562     -19.915     -12.207     -16.721      -1.573     -13.237     -18.932      -5.150      -6.627     -13.713      -4.415     -10.119      -3.120      -7.440      -0.558      -8.150      -2.848     -13.536      -3.752     -13.983     -58.364      -7.115     -16.776     -23.555     -24.489     -23.239     -58.370     -15.075     -16.102     -14.492     -24.068     -13.185     -24.084     -60.083     -41.948     -25.379     -31.345     -50.376     -69.476     -89.540     -99.000     -17.391     -46.564     -28.820     -15.111     -45.866     -24.232     -75.355     -33.596     -43.885     -29.501     -15.323     -37.920     -45.951     -23.185     -73.670     -32.241     -41.943     -18.385     -20.041     -10.648     -48.371      -6.693     -18.013     -17.013     -24.634     -29.653     -24.104     -33.406     -40.940     -63.947     -15.220      -5.171     -15.406     -11.109     -82.422     -66.899      -9.397     -12.892     -16.714     -12.650     -16.545     -20.101     -17.753     -28.691     -29.961 
 25       4.336       3.267       0.611       0.114       0.938      -4.546      -1.178      -0.433      -3.111      -0.967      -2.998      -3.963      -3.520      -4.649      -0.524      -2.163      -6.454      -9.390      -5.302      -6.768      -6.370      -2.307       1.293     -28.249      -4.715      -2.312      -5.551     -17.170     -18.724     -13.038     -15.145      -9.239     -11.518      -8.694     -13.954     -22.783      -5.361     -18.949      -7.935      -9.588      -9.559     -12.844     -10.036      -9.126      -9.802     -13.428     -10.288      -2.824      -3.582      -1.839      -4.827      -8.764      -5.026      -7.012      -4.171      -6.006      -3.749      -5.011     -10.678      -7.394      -8.641      -7.970      -5.708      -7.438     -10.927      -5.973      -8.347      -6.988     -12.139      -4.783      -5.605      -4.392      -7.704      -6.236      -9.017     -10.520      -9.313     -11.615     -10.716      -3.487       0.097      -8.752      -6.893      -7.510      -4.946      -9.696      -8.932      -5.622      -8.684     -12.801      -4.271     -11.423     -11.002      -6.342      -6.931      -7.003      -9.981     -11.850     -15.105      -6.015      -9.901     -16.074     -12.309     -11.834     -11.500      -7.345      -8.464      -3.642      -6.902      -6.218     -10.171     -13.344     -10.080      -8.750     -10.279      -9.314      -7.586      -9.829      -6.795      -7.234      -8.358     -16.004     -17.863     -14.609     -13.879     -10.295     -10.980      -9.463     -12.198     -11.792     -15.461     -12.247     -23.082     -14.404      -9.135     -11.153      -6.723      -9.496     -11.711     -12.694     -12.920     -17.687     -15.371     -13.370     -10.672     -11.531     -10.087     -12.403     -14.976     -12.369     -11.219     -20.711     -30.815     -17.892     -21.549     -31.253     -32.224     -17.080     -20.569     -25.121     -30.755     -53.672     -12.233     -14.202     -17.903     -15.819     -75.530     -72.426     -18.312     -24.961     -10.191     -24.751     -43.521     -13.894     -12.547     -20.194     -43.828     -25.427     -32.514     -44.344     -45.220     -14.617     -13.511     -19.522     -24.620     -31.795     -43.572     -53.092     -99.000     -13.116     -36.575     -12.919     -17.388     -35.658      -6.053     -12.824      -6.177      -9.966      -6.147     -28.558     -28.266     -28.371     -10.856      -9.573     -21.001     -21.184     -13.881     -16.611     -14.823      -9.830     -12.501     -11.365     -10.118      -6.932     -13.951     -14.209     -25.341     -50.338     -76.508     -27.063     -44.362     -50.297     -74.318      -6.488     -17.289     -18.002      -9.801     -19.496     -28.176     -43.537      -8.924     -14.781     -39.999     -10.940      -8.058      -9.771     -18.646     -17.003     -26.382     -22.314     -58.818     -21.083     -21.061     -12.638     -21.942     -18.161     -14.726     -20.328     -39.035     -44.758     -41.462     -43.495     -39.649     -73.961     -77.256     -35.578     -35.942     -13.919     -23.130     -16.849     -26.875     -19.350     -19.721     -30.858     -11.622     -20.566     -13.292     -41.338     -20.161     -29.009     -39.802     -19.880     -36.889     -23.329     -23.061     -28.647     -32.975     -32.968     -39.608     -23.245     -19.556     -23.183     -41.052     -32.300     -35.335     -42.116     -35.016     -44.841     -30.537     -33.440     -50.939     -50.121     -42.224     -44.497     -62.108     -75.255     -11.220     -15.975     -24.470     -11.216     -15.267     -38.307     -22.383     -17.494     -27.323     -37.586     -19.080     -24.001     -19.758     -20.816     -12.586     -21.090     -21.008     -27.496     -40.934     -19.884     -24.305     -32.963     -32.882     -38.054     -26.194     -30.672     -24.558     -28.692     -35.151     -39.052     -22.340     -23.688     -33.409     -32.852     -18.540     -21.596     -31.606     -33.040     -36.848     -38.400     -47.912     -40.245     -33.196     -43.601     -36.318     -28.260     -30.953     -52.323     -50.551     -62.925     -49.286     -39.010     -42.374     -67.864     -57.925     -63.949     -83.338     -78.021     -99.000     -99.000     -20.769      -9.849     -15.786     -10.666      -9.914     -17.339     -17.377     -26.844     -14.109     -10.420     -43.309     -20.636      -7.058     -15.278     -39.995      -4.779     -38.350      -9.836      -7.648     -10.667     -14.724     -24.385     -17.681     -58.510      -7.957     -13.368     -23.832     -14.749     -12.307     -12.623     -30.066     -40.056     -48.592     -13.722     -55.304     -15.694     -13.204     -12.733     -11.251     -14.591     -15.588     -16.404     -22.613     -70.201     -99.000     -34.032     -65.527     -19.135     -29.162     -40.996     -50.630     -59.955     -70.771     -18.164      -1.301     -11.048     -12.459     -21.076     -21.767     -28.369     -12.242     -21.262     -27.281     -32.242     -46.405     -10.527     -19.327      -9.136     -14.123     -21.247     -17.718     -26.132      -2.689      -7.157     -10.317     -22.707     -33.291      -6.828     -14.110      -1.354     -10.240      -6.903      -9.496     -12.804      -7.876     -24.156      -2.037     -11.828     -12.566      -9.072      -9.285     -13.854     -19.756     -13.743     -18.816     -34.812     -24.975     -33.256     -24.300     -29.836     -25.469     -30.737     -38.437     -42.497     -52.623     -55.696     -67.265     -67.947     -84.853      -0.297      -9.638      -1.549      -3.961     -14.175     -10.302     -14.075     -10.923     -13.635      -2.583     -15.051     -20.531      -0.174      -6.120      -8.410     -19.717     -12.057     -16.539      -1.493     -13.068     -18.723      -5.010      -6.487     -13.532      -4.308      -9.976      -3.014      -7.309      -0.476      -8.013      -2.768     -13.381      -3.673     -13.832     -58.113      -7.023     -16.638     -23.428     -24.346     -23.131     -58.115     -14.928     -15.941     -14.321     -23.859     -13.067     -23.940     -59.795     -41.777     -25.239     -31.182     -50.173     -69.220     -89.230     -99.000     -17.262     -46.332     -28.614     -15.000     -45.622     -24.092     -74.996     -33.421     -43.677     -29.299     -15.220     -37.692     -45.733     -23.075     -73.349     -32.112     -41.799     -18.210     -19.838     -10.518     -48.042      -6.613     -17.847     -16.864     -24.443     -29.432     -23.898     -33.196     -40.680     -63.594     -15.112      -5.092     -15.255     -10.993     -81.713     -66.561      -9.224     -12.675     -16.576     -12.505     -16.395     -19.940     -17.614     -28.502     -29.770 
 26       4.416       3.347       0.699       0.193       1.022      -4.449      -1.107      -0.361      -3.032      -0.898      -2.910      -3.876      -3.439      -4.568      -0.445      -2.084      -6.347      -9.296      -5.223      -6.688      -6.295      -2.228       1.400     -28.073      -4.607      -2.261      -5.442     -17.032     -18.540     -12.900     -14.989      -9.129     -11.419      -8.584     -13.824     -22.586      -5.159     -18.627      -7.781      -9.441      -9.393     -12.703      -9.897      -8.918      -9.664     -13.282     -10.161      -2.696      -3.461      -1.727      -4.735      -8.612      -4.900      -6.879      -4.054      -5.881      -3.633      -4.904     -10.516      -7.255      -8.507      -7.835      -5.577      -7.228     -10.781      -5.804      -8.156      -6.807     -11.948      -4.646      -5.466      -4.263      -7.547      -6.080      -8.845     -10.333      -9.148     -11.440     -10.552      -3.404       0.146      -8.647      -6.784      -7.411      -4.861      -9.568      -8.771      -5.495      -8.572     -12.647      -4.181     -11.300     -10.868      -6.252      -6.852      -6.902      -9.861     -11.751     -14.994      -5.899      -9.764     -15.934     -12.196     -11.698     -11.352      -7.228      -8.349      -3.578      -6.808      -6.115     -10.041     -13.186      -9.949      -8.665     -10.190      -9.207      -7.483      -9.757      -6.681      -7.125      -8.218     -15.843     -17.756     -14.522     -13.758     -10.199     -10.890      -9.375     -12.092     -11.674     -15.333     -12.143     -22.903     -14.284      -9.015     -11.027      -6.643      -9.392     -11.579     -12.587     -12.804     -17.569     -15.262     -13.242     -10.559     -11.422      -9.979     -12.282     -14.840     -12.251     -11.105     -20.581     -30.670     -17.759     -21.400     -31.089     -32.041     -16.968     -20.458     -24.997     -30.629     -53.457     -12.094     -14.038     -17.740     -15.667     -75.171     -72.189     -18.171     -24.792     -10.057     -24.600     -43.315     -13.778     -12.428     -20.028     -43.602     -25.258     -32.301     -44.100     -44.959     -14.510     -13.399     -19.396     -24.488     -31.630     -43.387     -52.832     -99.000     -12.952     -36.328     -12.774     -17.244     -35.463      -5.950     -12.693      -6.057      -9.844      -5.990     -28.322     -28.044     -28.166     -10.700      -9.389     -20.776     -20.971     -13.667     -16.472     -14.694      -9.723     -12.376     -11.251     -10.022      -6.857     -13.834     -14.097     -25.170     -50.058     -76.106     -26.903     -44.162     -50.072     -74.026      -6.364     -17.129     -17.847      -9.650     -19.258     -27.893     -43.275      -8.820     -14.677     -39.758     -10.832      -7.954      -9.661     -18.519     -16.862     -26.233     -22.163     -58.548     -20.939     -20.945     -12.486     -21.725     -18.002     -14.594     -20.204     -38.801     -44.458     -41.265     -43.237     -39.497     -73.568     -76.903     -35.364     -35.710     -13.755     -22.895     -16.696     -26.671     -19.233     -19.535     -30.605     -11.492     -20.398     -13.184     -41.123     -20.023     -28.783     -39.549     -19.738     -36.651     -23.135     -22.866     -28.497     -32.719     -32.707     -39.356     -23.070     -19.424     -23.053     -40.855     -32.110     -35.116     -41.882     -34.809     -44.595     -30.362     -33.279     -50.677     -49.852     -42.012     -44.294     -61.774     -74.883     -11.106     -15.842     -24.303     -11.121     -15.101     -38.050     -22.170     -17.352     -27.128     -37.321     -18.979     -23.780     -19.576     -20.677     -12.498     -20.970     -20.826     -27.314     -40.699     -19.772     -24.136     -32.762     -32.681     -37.839     -25.998     -30.490     -24.449     -28.576     -34.898     -38.837     -22.214     -23.536     -33.210     -32.662     -18.445     -21.507     -31.466     -32.887     -36.571     -38.179     -47.636     -40.075     -33.050     -43.411     -36.116     -28.149     -30.850     -51.952     -50.348     -62.590     -49.041     -38.886     -42.240     -67.400     -57.706     -63.648     -82.782     -77.683     -98.465     -99.000     -20.562      -9.740     -15.607     -10.521      -9.769     -17.158     -17.195     -26.612     -13.938     -10.257     -42.970     -20.426      -6.904     -15.096     -39.673      -4.645     -38.051      -9.673      -7.496     -10.485     -14.516     -24.105     -17.438     -58.166      -7.846     -13.229     -23.632     -14.635     -12.203     -12.506     -29.838     -39.778     -48.258     -13.597     -54.974     -15.550     -13.088     -12.610     -11.152     -14.493     -15.486     -16.223     -22.467     -69.933     -99.000     -33.855     -65.225     -18.975     -28.952     -40.742     -50.328     -59.600     -70.370     -18.027      -1.222     -10.893     -12.321     -20.932     -21.605     -28.169     -12.117     -21.134     -27.120     -32.068     -46.220     -10.380     -19.122      -8.994     -13.975     -21.066     -17.561     -25.929      -2.553      -7.009     -10.186     -22.530     -33.100      -6.692     -13.970      -1.274     -10.098      -6.757      -9.373     -12.647      -7.763     -23.952      -1.957     -11.687     -12.373      -8.957      -9.175     -13.717     -19.590     -13.589     -18.646     -34.581     -24.788     -33.033     -24.141     -29.653     -25.279     -30.522     -38.209     -42.253     -52.320     -55.392     -66.916     -67.613     -84.456      -0.215      -9.499      -1.396      -3.817     -13.988     -10.147     -13.879     -10.717     -13.365      -2.503     -14.879     -20.323      -0.094      -5.957      -8.257     -19.531     -11.916     -16.356      -1.414     -12.905     -18.524      -4.853      -6.347     -13.355      -4.189      -9.833      -2.896      -7.180      -0.389      -7.882      -2.689     -13.233      -3.593     -13.688     -57.908      -6.922     -16.497     -23.319     -24.217     -23.041     -57.889     -14.794     -15.783     -14.162     -23.675     -12.957     -23.804     -59.536     -41.637     -25.115     -31.042     -50.008     -69.017     -88.989     -99.000     -17.147     -46.128     -28.421     -14.904     -45.405     -23.972     -74.679     -33.274     -43.502     -29.110     -15.133     -37.482     -45.545     -22.990     -73.076     -32.016     -41.695     -18.051     -19.639     -10.400     -47.749      -6.534     -17.688     -16.725     -24.267     -29.230     -23.702     -33.007     -40.443     -63.283     -15.028      -5.012     -15.112     -10.889     -81.086     -66.266      -9.065     -12.476     -16.457     -12.378     -16.262     -19.805     -17.495     -28.342     -29.608 
 27       4.495       3.426       0.790       0.273       1.106      -4.359      -1.047      -0.294      -2.953      -0.837      -2.832      -3.797      -3.368      -4.498      -0.366      -2.005      -6.246      -9.209      -5.153      -6.618      -6.224      -2.150       1.499     -27.914      -4.503      -2.226      -5.338     -16.898     -18.373     -12.784     -14.853      -9.038     -11.329      -8.483     -13.699     -22.404      -4.942     -18.273      -7.615      -9.287      -9.216     -12.557      -9.754      -8.713      -9.537     -13.149     -10.042      -2.572      -3.346      -1.622      -4.653      -8.471      -4.787      -6.760      -3.950      -5.763      -3.524      -4.804     -10.363      -7.130      -8.386      -7.713      -5.457      -7.001     -10.630      -5.625      -7.952      -6.613     -11.743      -4.512      -5.331      -4.135      -7.380      -5.917      -8.662     -10.151      -8.993     -11.277     -10.398      -3.332       0.180      -8.549      -6.685      -7.321      -4.786      -9.444      -8.600      -5.362      -8.476     -12.503      -4.101     -11.183     -10.747      -6.177      -6.786      -6.809      -9.748     -11.670     -14.900      -5.779      -9.622     -15.807     -12.092     -11.565     -11.214      -7.125      -8.250      -3.533      -6.724      -6.020      -9.914     -13.038      -9.832      -8.600     -10.122      -9.116      -7.395      -9.708      -6.569      -7.013      -8.072     -15.699     -17.667     -14.447     -13.652     -10.120     -10.820      -9.303     -11.994     -11.563     -15.220     -12.057     -22.740     -14.173      -8.912     -10.915      -6.581      -9.297     -11.461     -12.497     -12.703     -17.466     -15.163     -13.127     -10.461     -11.330      -9.884     -12.168     -14.718     -12.149     -11.006     -20.477     -30.560     -17.650     -21.274     -30.958     -31.889     -16.884     -20.374     -24.910     -30.540     -53.299     -11.979     -13.895     -17.607     -15.535     -74.873     -72.029     -18.063     -24.663      -9.935     -24.472     -43.136     -13.679     -12.324     -19.872     -43.401     -25.109     -32.103     -43.878     -44.718     -14.420     -13.304     -19.285     -24.382     -31.486     -43.232     -52.603     -99.000     -12.798     -36.102     -12.642     -17.124     -35.298      -5.866     -12.588      -5.953      -9.739      -5.844     -28.109     -27.847     -27.988     -10.566      -9.224     -20.576     -20.785     -13.479     -16.358     -14.589      -9.633     -12.266     -11.155      -9.945      -6.804     -13.734     -14.011     -25.018     -49.805     -75.738     -26.765     -44.000     -49.880     -73.783      -6.255     -16.990     -17.714      -9.521     -19.054     -27.648     -43.062      -8.733     -14.602     -39.569     -10.746      -7.866      -9.565     -18.427     -16.743     -26.128     -22.041     -58.365     -20.819     -20.856     -12.355     -21.543     -17.864     -14.468     -20.106     -38.591     -44.171     -41.098     -42.989     -39.385     -73.189     -76.581     -35.176     -35.501     -13.603     -22.691     -16.557     -26.484     -19.143     -19.355     -30.361     -11.368     -20.242     -13.094     -40.934     -19.908     -28.587     -39.326     -19.620     -36.446     -22.949     -22.679     -28.381     -32.471     -32.453     -39.126     -22.906     -19.313     -22.948     -40.693     -31.948     -34.930     -41.672     -34.620     -44.372     -30.214     -33.150     -50.462     -49.632     -41.834     -44.130     -61.463     -74.568     -11.008     -15.733     -24.167     -11.044     -14.947     -37.825     -21.990     -17.224     -26.951     -37.074     -18.907     -23.561     -19.401     -20.553     -12.430     -20.876     -20.663     -27.167     -40.496     -19.688     -23.978     -32.580     -32.497     -37.658     -25.808     -30.327     -24.374     -28.498     -34.653     -38.647     -22.104     -23.396     -33.031     -32.490     -18.377     -21.448     -31.360     -32.774     -36.324     -37.972     -47.379     -39.938     -32.930     -43.253     -35.932     -28.073     -30.787     -51.621     -50.204     -62.276     -48.819     -38.807     -42.154     -66.985     -57.526     -63.373     -82.285     -77.379     -97.883     -99.000     -20.391      -9.647     -15.447     -10.399      -9.639     -16.996     -17.033     -26.403     -13.785     -10.104     -42.672     -20.251      -6.763     -14.934     -39.393      -4.526     -37.788      -9.523      -7.358     -10.325     -14.326     -23.855     -17.224     -57.872      -7.750     -13.105     -23.448     -14.549     -12.118     -12.407     -29.634     -39.527     -47.955     -13.489     -54.696     -15.419     -12.988     -12.502     -11.079     -14.423     -15.412     -16.050     -22.347     -69.741     -99.000     -33.701     -64.963     -18.827     -28.759     -40.511     -50.053     -59.277     -70.005     -17.920      -1.143     -10.746     -12.186     -20.802     -21.454     -27.996     -11.997     -21.023     -26.989     -31.934     -46.085     -10.247     -18.942      -8.853     -13.847     -20.913     -17.426     -25.752      -2.399      -6.860     -10.049     -22.351     -32.918      -6.560     -13.852      -1.195      -9.970      -6.593      -9.256     -12.481      -7.656     -23.745      -1.878     -11.555     -12.154      -8.847      -9.073     -13.573     -19.434     -13.427     -18.486     -34.370     -24.608     -32.831     -23.983     -29.489     -25.086     -30.322     -37.985     -42.029     -52.022     -55.111     -66.578     -67.310     -84.093      -0.133      -9.371      -1.224      -3.675     -13.810     -10.003     -13.689     -10.519     -13.058      -2.424     -14.714     -20.128      -0.013      -5.773      -8.105     -19.362     -11.788     -16.171      -1.335     -12.750     -18.339      -4.676      -6.208     -13.184      -4.056      -9.692      -2.764      -7.054      -0.297      -7.757      -2.610     -13.095      -3.514     -13.555     -57.761      -6.812     -16.352     -23.230     -24.107     -22.976     -57.700     -14.677     -15.630     -14.017     -23.524     -12.856     -23.675     -59.315     -41.540     -25.013     -30.931     -49.894     -68.885     -88.837     -99.000     -17.049     -45.961     -28.244     -14.828     -45.223     -23.880     -74.416     -33.162     -43.370     -28.938     -15.066     -37.297     -45.397     -22.936     -72.861     -31.961     -41.644     -17.913     -19.447     -10.299     -47.501      -6.455     -17.537     -16.599     -24.110     -29.052     -23.520     -32.845     -40.237     -63.025     -14.975      -4.933     -14.979     -10.802     -80.568     -66.025      -8.924     -12.300     -16.361     -12.275     -16.152     -19.703     -17.399     -28.220     -29.484 
 28       4.573       3.504       0.882       0.351       1.191      -4.279      -0.999      -0.237      -2.874      -0.789      -2.763      -3.730      -3.309      -4.440      -0.288      -1.927      -6.153      -9.132      -5.095      -6.560      -6.158      -2.072       1.588     -27.777      -4.407      -2.212      -5.243     -16.768     -18.226     -12.694     -14.743      -8.969     -11.252      -8.392     -13.580     -22.240      -4.707     -17.879      -7.438      -9.123      -9.025     -12.404      -9.603      -8.513      -9.425     -13.032      -9.933      -2.454      -3.238      -1.525      -4.585      -8.344      -4.693      -6.659      -3.860      -5.653      -3.424      -4.715     -10.222      -7.022      -8.283      -7.608      -5.355      -6.754     -10.473      -5.431      -7.730      -6.403     -11.520      -4.383      -5.200      -4.007      -7.204      -5.744      -8.465      -9.976      -8.849     -11.131     -10.255      -3.273       0.196      -8.461      -6.602      -7.242      -4.724      -9.326      -8.416      -5.222      -8.400     -12.372      -4.033     -11.073     -10.644      -6.123      -6.735      -6.727      -9.642     -11.612     -14.828      -5.654      -9.472     -15.696     -12.000     -11.436     -11.091      -7.041      -8.170      -3.511      -6.653      -5.936      -9.793     -12.902      -9.731      -8.561     -10.078      -9.047      -7.328      -9.686      -6.461      -6.898      -7.917     -15.579     -17.600     -14.390     -13.566     -10.065     -10.775      -9.251     -11.907     -11.460     -15.125     -11.994     -22.599     -14.074      -8.827     -10.823      -6.540      -9.213     -11.362     -12.431     -12.624     -17.384     -15.079     -13.032     -10.384     -11.259      -9.806     -12.062     -14.613     -12.068     -10.927     -20.405     -30.494     -17.574     -21.179     -30.868     -31.775     -16.835     -20.326     -24.872     -30.499     -53.215     -11.896     -13.778     -17.516     -15.432     -74.652     -71.967     -17.997     -24.586      -9.830     -24.375     -42.992     -13.602     -12.242     -19.730     -43.232     -24.988     -31.925     -43.685     -44.503     -14.354     -13.232     -19.195     -24.310     -31.370     -43.115     -52.414     -99.000     -12.658     -35.905     -12.528     -17.036     -35.169      -5.807     -12.517      -5.871      -9.656      -5.714     -27.927     -27.684     -27.846     -10.461      -9.084     -20.409     -20.634     -13.326     -16.274     -14.517      -9.567     -12.178     -11.082      -9.894      -6.780     -13.657     -13.962     -24.892     -49.590     -75.415     -26.654     -43.888     -49.735     -73.602      -6.167     -16.880     -17.611      -9.423     -18.894     -27.454     -42.913      -8.669     -14.565     -39.448     -10.691      -7.802      -9.492     -18.382     -16.654     -26.081     -21.963     -58.301     -20.730     -20.803     -12.253     -21.408     -17.751     -14.346     -20.040     -38.412     -43.902     -40.969     -42.753     -39.326     -72.826     -76.297     -35.022     -35.325     -13.464     -22.525     -16.434     -26.318     -19.087     -19.185     -30.129     -11.250     -20.100     -13.026     -40.781     -19.823     -28.432     -39.140     -19.533     -36.281     -22.771     -22.500     -28.310     -32.235     -32.211     -38.923     -22.754     -19.229     -22.876     -40.577     -31.822     -34.785     -41.495     -34.453     -44.180     -30.101     -33.065     -50.311     -49.476     -41.697     -44.016     -61.181     -74.326     -10.932     -15.655     -24.071     -10.990     -14.805     -37.640     -21.853     -17.113     -26.797     -36.852     -18.873     -23.345     -19.236     -20.450     -12.389     -20.815     -20.527     -27.069     -40.333     -19.639     -23.833     -32.421     -32.336     -37.522     -25.626     -30.190     -24.345     -28.469     -34.421     -38.492     -22.017     -23.273     -32.874     -32.343     -18.342     -21.430     -31.298     -32.714     -36.116     -37.784     -47.145     -39.844     -32.843     -43.134     -35.770     -28.043     -30.777     -51.341     -50.134     -61.990     -48.626     -38.786     -42.130     -66.634     -57.394     -63.132     -81.864     -77.116     -97.389     -99.000     -20.267      -9.574     -15.311     -10.306      -9.526     -16.859     -16.896     -26.225     -13.658      -9.965     -42.424     -20.122      -6.639     -14.798     -39.166      -4.428     -37.572      -9.389      -7.238     -10.191     -14.159     -23.643     -17.048     -57.641      -7.676     -12.999     -23.286     -14.501     -12.055     -12.330     -29.462     -39.312     -47.694     -13.402     -54.485     -15.307     -12.912     -12.416     -11.037     -14.391     -15.375     -15.887     -22.260     -69.646     -99.000     -33.576     -64.752     -18.695     -28.589     -40.309     -49.814     -58.994     -69.688     -17.853      -1.065     -10.609     -12.055     -20.691     -21.319     -27.854     -11.883     -20.932     -26.898     -31.851     -46.015     -10.132     -18.792      -8.716     -13.747     -20.795     -17.318     -25.608      -2.221      -6.710      -9.904     -22.171     -32.746      -6.435     -13.763      -1.117      -9.860      -6.404      -9.146     -12.304      -7.555     -23.533      -1.799     -11.437     -11.903      -8.743      -8.979     -13.422     -19.290     -13.255     -18.337     -34.186     -24.438     -32.658     -23.830     -29.349     -24.891     -30.138     -37.768     -41.833     -51.731     -54.860     -66.253     -67.047     -83.773      -0.048      -9.254      -1.027      -3.533     -13.641      -9.875     -13.508     -10.330     -12.706      -2.346     -14.556     -19.948       0.069      -5.563      -7.951     -19.215     -11.677     -15.985      -1.256     -12.604     -18.171      -4.472      -6.069     -13.022      -3.905      -9.552      -2.613      -6.933      -0.198      -7.642      -2.531     -12.970      -3.435     -13.435     -57.691      -6.690     -16.202     -23.170     -24.022     -22.942     -57.559     -14.584     -15.483     -13.891     -23.416     -12.769     -23.559     -59.143     -41.498     -24.939     -30.860     -49.850     -68.846     -88.805     -99.000     -16.976     -45.841     -28.089     -14.775     -45.086     -23.822     -74.221     -33.095     -43.294     -28.787     -15.024     -37.141     -45.297     -22.923     -72.721     -31.960     -41.659     -17.802     -19.262     -10.218     -47.313      -6.377     -17.395     -16.490     -23.978     -28.907     -23.356     -32.716     -40.071     -62.838     -14.962      -4.854     -14.859     -10.738     -80.194     -65.857      -8.805     -12.155     -16.299     -12.206     -16.072     -19.649     -17.337     -28.153     -29.413 
 29       4.651       3.582       0.976       0.430       1.277      -4.209      -0.967      -0.189      -2.796      -0.756      -2.708      -3.674      -3.263      -4.395      -0.211      -1.849      -6.069      -9.066      -5.051      -6.515      -6.098      -1.996       1.665     -27.663      -4.323      -2.221      -5.159     -16.643     -18.102     -12.635     -14.660      -8.929     -11.190      -8.312     -13.468     -22.097      -4.450     -17.440      -7.250      -8.950      -8.822     -12.243      -9.444      -8.317      -9.332     -12.931      -9.837      -2.343      -3.140      -1.440      -4.531      -8.234      -4.618      -6.577      -3.789      -5.551      -3.334      -4.638     -10.095      -6.932      -8.199      -7.523      -5.271      -6.484     -10.312      -5.224      -7.490      -6.177     -11.279      -4.259      -5.074      -3.882      -7.016      -5.559      -8.253      -9.810      -8.718     -11.005     -10.126      -3.232       0.188      -8.385      -6.539      -7.177      -4.679      -9.215      -8.220      -5.077      -8.349     -12.258      -3.981     -10.972     -10.560      -6.092      -6.703      -6.659      -9.546     -11.582     -14.779      -5.527      -9.315     -15.603     -11.923     -11.312     -10.984      -6.980      -8.114      -3.519      -6.597      -5.865      -9.679     -12.782      -9.651      -8.552     -10.063      -9.003      -7.286      -9.696      -6.359      -6.783      -7.755     -15.484     -17.557     -14.353     -13.501     -10.036     -10.758      -9.223     -11.833     -11.366     -15.051     -11.957     -22.482     -13.988      -8.765     -10.752      -6.526      -9.142     -11.283     -12.390     -12.567     -17.325     -15.010     -12.956     -10.330     -11.213      -9.749     -11.965     -14.527     -12.009     -10.871     -20.370     -30.478     -17.534     -21.116     -30.824     -31.704     -16.827     -20.319     -24.887     -30.511     -53.212     -11.847     -13.691     -17.471     -15.361     -74.519     -72.015     -17.979     -24.567      -9.744     -24.314     -42.890     -13.553     -12.186     -19.605     -43.100     -24.899     -31.771     -43.527     -44.319     -14.316     -13.187     -19.129     -24.278     -31.288     -43.044     -52.271     -99.000     -12.535     -35.741     -12.433     -16.985     -35.085      -5.777     -12.486      -5.814      -9.600      -5.602     -27.782     -27.559     -27.746     -10.392      -8.973     -20.280     -20.523     -13.214     -16.225     -14.482      -9.530     -12.115     -11.037      -9.875      -6.791     -13.607     -13.958     -24.799     -49.418     -75.144     -26.578     -43.836     -49.644     -73.495      -6.104     -16.804     -17.543      -9.361     -18.786     -27.320     -42.837      -8.635     -14.574     -39.405     -10.672      -7.768      -9.447     -18.395     -16.604     -26.105     -21.938     -58.377     -20.676     -20.789     -12.183     -21.325     -17.667     -14.231     -20.012     -38.269     -43.655     -40.883     -42.530     -39.327     -72.483     -76.058     -34.907     -35.184     -13.343     -22.404     -16.330     -26.178     -19.071     -19.028     -29.913     -11.140     -19.975     -12.983     -40.667     -19.772     -28.323     -38.997     -19.479     -36.161     -22.605     -22.332     -28.288     -32.014     -31.983     -38.754     -22.618     -19.178     -22.841     -40.512     -31.736     -34.688     -41.354     -34.312     -44.022     -30.027     -33.026     -50.231     -49.390     -41.610     -43.957     -60.933     -74.166     -10.879     -15.614     -24.022     -10.961     -14.680     -37.504     -21.764     -17.024     -26.670     -36.659     -18.881     -23.134     -19.084     -20.368     -12.376     -20.791     -20.420     -27.025     -40.216     -19.630     -23.704     -32.287     -32.200     -37.434     -25.454     -30.083     -24.369     -28.497     -34.204     -38.376     -21.954     -23.169     -32.744     -32.225     -18.347     -21.456     -31.285     -32.713     -35.950     -37.617     -46.939     -39.799     -32.792     -43.060     -35.633     -28.065     -30.826     -51.119     -50.148     -61.735     -48.466     -38.830     -42.174     -66.354     -57.317     -62.928     -81.529     -76.900     -96.995     -99.000     -20.196      -9.524     -15.202     -10.246      -9.434     -16.753     -16.790     -26.083     -13.559      -9.843     -42.235     -20.047      -6.534     -14.693     -39.001      -4.352     -37.413      -9.273      -7.137     -10.088     -14.016     -23.475     -16.915     -57.484      -7.625     -12.914     -23.149     -14.497     -12.017     -12.281     -29.327     -39.142     -47.481     -13.341     -54.350     -15.216     -12.863     -12.354     -11.034     -14.402     -15.380     -15.737     -22.214     -69.666     -99.000     -33.485     -64.599     -18.581     -28.443     -40.140     -49.614     -58.758     -69.424     -17.834      -0.986     -10.485     -11.930     -20.600     -21.201     -27.750     -11.778     -20.864     -26.850     -31.825     -46.015     -10.036     -18.678      -8.583     -13.676     -20.716     -17.241     -25.503      -2.020      -6.560      -9.754     -21.993     -32.589      -6.319     -13.709      -1.039      -9.773      -6.189      -9.043     -12.116      -7.462     -23.318      -1.721     -11.334     -11.616      -8.646      -8.896     -13.264     -19.159     -13.071     -18.200     -34.032     -24.278     -32.515     -23.680     -29.236     -24.695     -29.975     -37.556     -41.666     -51.448     -54.644     -65.943     -66.829     -83.501       0.037      -9.152      -0.803      -3.393     -13.485      -9.765     -13.338     -10.153     -12.302      -2.268     -14.407     -19.787       0.150      -5.323      -7.797     -19.094     -11.584     -15.800      -1.179     -12.469     -18.023      -4.240      -5.933     -12.870      -3.734      -9.414      -2.442      -6.815      -0.095      -7.540      -2.453     -12.858      -3.357     -13.330     -57.703      -6.556     -16.049     -23.143     -23.966     -22.945     -57.474     -14.519     -15.347     -13.789     -23.359     -12.698     -23.459     -59.028     -41.520     -24.900     -30.838     -49.886     -68.921     -88.916     -99.000     -16.936     -45.772     -27.958     -14.750     -44.998     -23.804     -74.102     -33.078     -43.278     -28.661     -15.011     -37.019     -45.253     -22.956     -72.665     -32.018     -41.749     -17.723     -19.088     -10.160     -47.192      -6.299     -17.265     -16.399     -23.873     -28.797     -23.213     -32.626     -39.950     -62.730     -14.995      -4.776     -14.754     -10.699     -79.987     -65.773      -8.712     -12.044     -16.277     -12.179     -16.028     -19.651     -17.314     -28.150     -29.407 
 30       4.728       3.659       1.069       0.507       1.362      -4.150      -0.951      -0.156      -2.719      -0.739      -2.665      -3.632      -3.232      -4.365      -0.135      -1.772      -5.993      -9.011      -5.021      -6.485      -6.048      -1.922       1.728     -27.576      -4.256      -2.257      -5.090     -16.524     -18.003     -12.609     -14.608      -8.924     -11.146      -8.246     -13.365     -21.976      -4.171     -16.950      -7.054      -8.766      -8.605     -12.076      -9.279      -8.126      -9.264     -12.850      -9.758      -2.243      -3.052      -1.367      -4.494      -8.141      -4.568      -6.518      -3.740      -5.460      -3.256      -4.574      -9.984      -6.864      -8.138      -7.459      -5.209      -6.189     -10.149      -5.003      -7.229      -5.933     -11.016      -4.140      -4.955      -3.762      -6.817      -5.362      -8.025      -9.656      -8.603     -10.903     -10.013      -3.211       0.150      -8.325      -6.502      -7.131      -4.656      -9.115      -8.013      -4.929      -8.327     -12.163      -3.947     -10.880     -10.498      -6.090      -6.692      -6.606      -9.461     -11.583     -14.758      -5.397      -9.151     -15.531     -11.866     -11.196     -10.897      -6.945      -8.085      -3.561      -6.559      -5.809      -9.573     -12.678      -9.593      -8.577     -10.082      -8.988      -7.272      -9.744      -6.266      -6.667      -7.585     -15.420     -17.543     -14.342     -13.462     -10.038     -10.773      -9.223     -11.773     -11.284     -15.000     -11.949     -22.392     -13.922      -8.728     -10.704      -6.543      -9.088     -11.227     -12.378     -12.538     -17.291     -14.963     -12.905     -10.303     -11.195      -9.715     -11.880     -14.463     -11.977     -10.840     -20.377     -30.520     -17.535     -21.091     -30.834     -31.683     -16.865     -20.357     -24.965     -30.585     -53.303     -11.839     -13.639     -17.481     -15.327     -74.485     -72.189     -18.015     -24.616      -9.683     -24.298     -42.837     -13.535     -12.162     -19.501     -43.014     -24.851     -31.647     -43.409     -44.172     -14.313     -13.176     -19.093     -24.294     -31.245     -43.027     -52.186     -99.000     -12.434     -35.619     -12.365     -16.980     -35.052      -5.783     -12.505      -5.790      -9.576      -5.514     -27.679     -27.481     -27.696     -10.366      -8.900     -20.197     -20.461     -13.150     -16.219     -14.492      -9.529     -12.083     -11.025      -9.893      -6.846     -13.590     -14.008     -24.747     -49.301     -74.938     -26.545     -43.856     -49.618     -73.475      -6.074     -16.773     -17.520      -9.345     -18.743     -27.259     -42.850      -8.639     -14.640     -39.455     -10.700      -7.771      -9.440     -18.483     -16.606     -26.218     -21.983     -58.628     -20.661     -20.821     -12.152     -21.304     -17.615     -14.123     -20.027     -38.170     -43.437     -40.849     -42.325     -39.399     -72.163     -75.870     -34.841     -35.088     -13.242     -22.335     -16.249     -26.070     -19.101     -18.886     -29.716     -11.039     -19.869     -12.968     -40.602     -19.761     -28.269     -38.902     -19.464     -36.093     -22.452     -22.178     -28.324     -31.812     -31.772     -38.623     -22.499     -19.164     -22.849     -40.508     -31.697     -34.647     -41.257     -34.200     -43.904     -30.001     -33.042     -50.233     -49.386     -41.581     -43.963     -60.723     -74.101     -10.854     -15.617     -24.027     -10.963     -14.576     -37.425     -21.732     -16.960     -26.576     -36.503     -18.939     -22.931     -18.949     -20.314     -12.395     -20.810     -20.348     -27.045     -40.150     -19.666     -23.593     -32.184     -32.094     -37.403     -25.295     -30.011     -24.455     -28.589     -34.007     -38.307     -21.920     -23.087     -32.646     -32.139     -18.398     -21.533     -31.330     -32.784     -35.836     -37.475     -46.764     -39.811     -32.785     -43.039     -35.527     -28.148     -30.941     -50.963     -50.256     -61.517     -48.345     -38.952     -42.297     -66.157     -57.305     -62.769     -81.294     -76.739     -96.716     -99.000     -20.188      -9.503     -15.125     -10.225      -9.368     -16.683     -16.719     -25.986     -13.494      -9.742     -42.114     -20.035      -6.451     -14.622     -38.908      -4.304     -37.322      -9.178      -7.059     -10.019     -13.904     -23.358     -16.832     -57.414      -7.600     -12.858     -23.046     -14.546     -12.009     -12.262     -29.238     -39.025     -47.329     -13.309     -54.305     -15.151     -12.847     -12.324     -11.078     -14.464     -15.435     -15.605     -22.219     -69.822     -99.000     -33.434     -64.516     -18.488     -28.327     -40.010     -49.462     -58.576     -69.224     -17.874      -0.909     -10.373     -11.810     -20.532     -21.103     -27.685     -11.681     -20.824     -26.851     -31.866     -46.097      -9.965     -18.604      -8.456     -13.639     -20.684     -17.201     -25.443      -1.793      -6.412      -9.598     -21.817     -32.451      -6.217     -13.699      -0.962      -9.710      -5.945      -8.950     -11.915      -7.377     -23.098      -1.642     -11.247     -11.288      -8.555      -8.825     -13.099     -19.044     -12.876     -18.077     -33.910     -24.132     -32.407     -23.538     -29.153     -24.497     -29.834     -37.354     -41.534     -51.175     -54.467     -65.652     -66.662     -83.286       0.123      -9.066      -0.548      -3.253     -13.344      -9.676     -13.180      -9.991     -11.841      -2.191     -14.267     -19.646       0.231      -5.050      -7.642     -19.004     -11.513     -15.615      -1.102     -12.345     -17.898      -3.976      -5.798     -12.733      -3.540      -9.277      -2.249      -6.702       0.014      -7.451      -2.376     -12.760      -3.279     -13.239     -57.811      -6.410     -15.894     -23.155     -23.945     -22.992     -57.454     -14.489     -15.225     -13.715     -23.365     -12.647     -23.381     -58.984     -41.622     -24.906     -30.876     -50.025     -69.135     -89.205     -99.000     -16.938     -45.763     -27.855     -14.756     -44.966     -23.830     -74.069     -33.118     -43.332     -28.565     -15.030     -36.936     -45.271     -23.040     -72.704     -32.145     -41.924     -17.679     -18.926     -10.128     -47.149      -6.222     -17.147     -16.330     -23.800     -28.728     -23.093     -32.580     -39.882     -62.718     -15.083      -4.698     -14.664     -10.692     -79.982     -65.788      -8.651     -11.975     -16.302     -12.205     -16.030     -19.723     -17.338     -28.228     -29.480 
 31       4.803       3.734       1.159       0.583       1.445      -4.103      -0.954      -0.138      -2.642      -0.741      -2.637      -3.603      -3.217      -4.351      -0.061      -1.697      -5.926      -8.969      -5.008      -6.471      -6.011      -1.850       1.776     -27.517      -4.211      -2.323      -5.039     -16.413     -17.929     -12.620     -14.590      -8.961     -11.123      -8.197     -13.272     -21.879      -3.868     -16.406      -6.854      -8.574      -8.377     -11.905      -9.108      -7.940      -9.226     -12.791      -9.701      -2.157      -2.977      -1.311      -4.476      -8.067      -4.543      -6.482      -3.719      -5.382      -3.192      -4.526      -9.889      -6.819      -8.101      -7.420      -5.171      -5.868      -9.987      -4.772      -6.948      -5.673     -10.733      -4.031      -4.843      -3.651      -6.607      -5.155      -7.781      -9.516      -8.506     -10.828      -9.916      -3.216       0.076      -8.284      -6.497      -7.109      -4.658      -9.030      -7.796      -4.782      -8.338     -12.091      -3.936     -10.801     -10.460      -6.122      -6.706      -6.571      -9.389     -11.617     -14.768      -5.267      -8.980     -15.484     -11.836     -11.090     -10.832      -6.940      -8.086      -3.646      -6.544      -5.772      -9.479     -12.594      -9.562      -8.640     -10.138      -9.006      -7.292      -9.834      -6.187      -6.556      -7.410     -15.391     -17.560     -14.363     -13.449     -10.072     -10.822      -9.258     -11.731     -11.216     -14.974     -11.972     -22.329     -13.879      -8.720     -10.683      -6.597      -9.052     -11.196     -12.398     -12.539     -17.286     -14.942     -12.878     -10.305     -11.207      -9.711     -11.809     -14.423     -11.973     -10.838     -20.431     -30.625     -17.584     -21.108     -30.903     -31.716     -16.956     -20.445     -25.114     -30.727     -53.497     -11.877     -13.627     -17.553     -15.338     -74.561     -72.503     -18.112     -24.741      -9.648     -24.334     -42.843     -13.557     -12.178     -19.423     -42.981     -24.851     -31.558     -43.341     -44.071     -14.351     -13.207     -19.093     -24.368     -31.249     -43.074     -52.168     -99.000     -12.360     -35.545     -12.327     -17.031     -35.082      -5.832     -12.582      -5.806      -9.590      -5.454     -27.629     -27.458     -27.706     -10.393      -8.869     -20.168     -20.456     -13.144     -16.262     -14.552      -9.570     -12.087     -11.053      -9.958      -6.952     -13.613     -14.124     -24.744     -49.249     -74.809     -26.565     -43.961     -49.671     -73.561      -6.084     -16.793     -17.550      -9.383     -18.777     -27.287     -42.963      -8.688     -14.774     -39.611     -10.786      -7.821      -9.481     -18.659     -16.673     -26.437     -22.117     -59.089     -20.689     -20.903     -12.162     -21.355     -17.597     -14.023     -20.090     -38.122     -43.255     -40.876     -42.139     -39.553     -71.870     -75.743     -34.832     -35.044     -13.166     -22.329     -16.196     -25.999     -19.183     -18.765     -29.547     -10.948     -19.787     -12.984     -40.592     -19.794     -28.279     -38.858     -19.493     -36.081     -22.317     -22.040     -28.425     -31.634     -31.584     -38.541     -22.402     -19.196     -22.902     -40.575     -31.711     -34.672     -41.211     -34.124     -43.834     -30.030     -33.118     -50.327     -49.471     -41.619     -44.039     -60.559     -74.144     -10.858     -15.669     -24.097     -10.998     -14.495     -37.416     -21.768     -16.926     -26.523     -36.392     -19.053     -22.739     -18.835     -20.292     -12.451     -20.878     -20.315     -27.139     -40.140     -19.754     -23.503     -32.117     -32.024     -37.433     -25.152     -29.980     -24.615     -28.754     -33.834     -38.295     -21.920     -23.032     -32.584     -32.092     -18.502     -21.666     -31.441     -32.936     -35.779     -37.363     -46.629     -39.891     -32.829     -43.079     -35.454     -28.302     -31.131     -50.884     -50.472     -61.343     -48.270     -39.162     -42.509     -66.056     -57.367     -62.662     -81.174     -76.643     -96.572     -99.000     -20.254      -9.511     -15.084     -10.248      -9.331     -16.657     -16.693     -25.943     -13.466      -9.668     -42.069     -20.095      -6.394     -14.592     -38.895      -4.288     -37.313      -9.109      -7.007      -9.992     -13.826     -23.300     -16.810     -57.444      -7.606     -12.834     -22.983     -14.658     -12.032     -12.281     -29.204     -38.973     -47.252     -13.310     -54.365     -15.117     -12.872     -12.332     -11.179     -14.584     -15.548     -15.497     -22.285     -70.141     -99.000     -33.432     -64.516     -18.421     -28.245     -39.926     -49.366     -58.457     -69.098     -17.983      -0.833     -10.272     -11.698     -20.493     -21.027     -27.665     -11.595     -20.815     -26.906     -31.979     -46.269      -9.923     -18.574      -8.337     -13.639     -20.703     -17.202     -25.436      -1.542      -6.265      -9.440     -21.649     -32.340      -6.136     -13.739      -0.887      -9.679      -5.671      -8.867     -11.704      -7.299     -22.877      -1.565     -11.176     -10.917      -8.472      -8.770     -12.928     -18.946     -12.670     -17.969     -33.824     -24.003     -32.337     -23.406     -29.105     -24.300     -29.718     -37.165     -41.441     -50.918     -54.335     -65.385     -66.554     -83.134       0.208      -8.996      -0.260      -3.113     -13.221      -9.615     -13.039      -9.850     -11.317      -2.116     -14.135     -19.527       0.311      -4.742      -7.485     -18.950     -11.463     -15.436      -1.026     -12.231     -17.796      -3.681      -5.666     -12.611      -3.325      -9.143      -2.032      -6.593       0.125      -7.378      -2.300     -12.677      -3.203     -13.164     -58.026      -6.257     -15.741     -23.214     -23.967     -23.091     -57.510     -14.503     -15.125     -13.676     -23.445     -12.623     -23.334     -59.025     -41.819     -24.969     -30.991     -50.289     -69.520     -89.710     -99.000     -16.993     -45.817     -27.785     -14.796     -44.996     -23.905     -74.130     -33.222     -43.465     -28.501     -15.085     -36.893     -45.356     -23.182     -72.847     -32.348     -42.195     -17.677     -18.779     -10.124     -47.194      -6.146     -17.040     -16.283     -23.765     -28.704     -22.997     -32.582     -39.873     -62.814     -15.232      -4.622     -14.589     -10.720     -80.215     -65.919      -8.627     -11.954     -16.383     -12.296     -16.084     -19.881     -17.419     -28.401     -29.649 
 32       4.877       3.808       1.244       0.657       1.525      -4.066      -0.974      -0.139      -2.568      -0.760      -2.621      -3.587      -3.217      -4.351       0.011      -1.623      -5.866      -8.937      -5.010      -6.471      -5.992      -1.783       1.805     -27.481      -4.194      -2.424      -5.010     -16.313     -17.878     -12.664     -14.601      -9.046     -11.126      -8.167     -13.190     -21.802      -3.545     -15.808      -6.658      -8.376      -8.143     -11.737      -8.937      -7.758      -9.221     -12.752      -9.671      -2.089      -2.916      -1.274      -4.482      -8.013      -4.544      -6.471      -3.727      -5.321      -3.145      -4.497      -9.811      -6.796      -8.089      -7.404      -5.160      -5.524      -9.834      -4.534      -6.649      -5.400     -10.432      -3.931      -4.741      -3.554      -6.392      -4.941      -7.525      -9.390      -8.426     -10.780      -9.836      -3.252      -0.040      -8.269      -6.529      -7.115      -4.690      -8.963      -7.576      -4.643      -8.385     -12.045      -3.950     -10.735     -10.446      -6.191      -6.751      -6.557      -9.332     -11.687     -14.808      -5.143      -8.809     -15.461     -11.838     -10.996     -10.789      -6.967      -8.118      -3.778      -6.557      -5.758      -9.400     -12.529      -9.557      -8.743     -10.232      -9.059      -7.348      -9.967      -6.131      -6.455      -7.235     -15.395     -17.607     -14.422     -13.464     -10.141     -10.908      -9.330     -11.710     -11.163     -14.973     -12.028     -22.291     -13.866      -8.741     -10.689      -6.693      -9.039     -11.191     -12.451     -12.571     -17.308     -14.954     -12.877     -10.336     -11.249      -9.740     -11.756     -14.405     -11.998     -10.867     -20.533     -30.798     -17.684     -21.169     -31.035     -31.807     -17.103     -20.588     -25.339     -30.942     -53.801     -11.964     -13.657     -17.695     -15.396     -74.755     -72.968     -18.270     -24.946      -9.643     -24.433     -42.918     -13.624     -12.241     -19.377     -43.011     -24.908     -31.512     -43.330     -44.023     -14.436     -13.286     -19.135     -24.510     -31.310     -43.194     -52.230     -99.000     -12.319     -35.528     -12.326     -17.145     -35.182      -5.930     -12.727      -5.869      -9.652      -5.428     -27.639     -27.499     -27.784     -10.480      -8.889     -20.203     -20.519     -13.204     -16.356     -14.667      -9.662     -12.135     -11.128     -10.077      -7.121     -13.682     -14.315     -24.801     -49.274     -74.772     -26.646     -44.166     -49.815     -73.767      -6.142     -16.877     -17.644      -9.486     -18.899     -27.417     -43.184      -8.790     -14.985     -39.880     -10.938      -7.928      -9.579     -18.942     -16.818     -26.780     -22.355     -59.790     -20.763     -21.038     -12.219     -21.483     -17.610     -13.934     -20.205     -38.136     -43.117     -40.974     -41.978     -39.799     -71.613     -75.686     -34.888     -35.062     -13.119     -22.392     -16.176     -25.973     -19.320     -18.669     -29.411     -10.872     -19.733     -13.031     -40.648     -19.875     -28.361     -38.866     -19.567     -36.124     -22.202     -21.924     -28.596     -31.485     -31.425     -38.514     -22.329     -19.277     -23.004     -40.723     -31.782     -34.771     -41.226     -34.090     -43.820     -30.122     -33.259     -50.519     -49.653     -41.733     -44.193     -60.450     -74.303     -10.893     -15.775     -24.239     -11.070     -14.443     -37.488     -21.880     -16.928     -26.516     -36.335     -19.226     -22.564     -18.747     -20.307     -12.543     -20.998     -20.327     -27.318     -40.187     -19.895     -23.439     -32.090     -31.994     -37.524     -25.028     -29.998     -24.857     -28.999     -33.691     -38.349     -21.960     -23.007     -32.564     -32.090     -18.667     -21.859     -31.622     -33.180     -35.790     -37.286     -46.539     -40.049     -32.930     -43.191     -35.423     -28.535     -31.402     -50.894     -50.801     -61.220     -48.247     -39.472     -42.816     -66.066     -57.515     -62.616     -81.186     -76.622     -96.582     -99.000     -20.402      -9.553     -15.080     -10.319      -9.330     -16.682     -16.717     -25.964     -13.478      -9.625     -42.105     -20.235      -6.366     -14.608     -38.968      -4.310     -37.399      -9.070      -6.988     -10.010     -13.789     -23.309     -16.856     -57.584      -7.643     -12.849     -22.968     -14.839     -12.088     -12.342     -29.234     -38.999     -47.263     -13.350     -54.538     -15.119     -12.944     -12.384     -11.344     -14.768     -15.723     -15.418     -22.427     -70.650     -99.000     -33.488     -64.614     -18.383     -28.205     -39.896     -49.336     -58.415     -69.061     -18.169      -0.758     -10.178     -11.596     -20.485     -20.980     -27.687     -11.523     -20.843     -27.014     -32.168     -46.534      -9.915     -18.588      -8.230     -13.674     -20.775     -17.246     -25.486      -1.270      -6.120      -9.287     -21.497     -32.263      -6.084     -13.837      -0.813      -9.683      -5.367      -8.798     -11.484      -7.227     -22.661      -1.490     -11.116     -10.504      -8.393      -8.733     -12.757     -18.866     -12.457     -17.876     -33.771     -23.893     -32.302     -23.292     -29.094     -24.111     -29.629     -36.997     -41.390     -50.685     -54.252     -65.154     -66.510     -83.054       0.291      -8.938       0.058      -2.971     -13.122      -9.585     -12.918      -9.739     -10.730      -2.042     -14.005     -19.426       0.389      -4.400      -7.322     -18.935     -11.437     -15.268      -0.953     -12.121     -17.715      -3.356      -5.535     -12.506      -3.091      -9.009      -1.795      -6.486       0.234      -7.319      -2.226     -12.603      -3.128     -13.099     -58.352      -6.101     -15.598     -23.330     -24.041     -23.252     -57.650     -14.568     -15.058     -13.680     -23.614     -12.631     -23.327     -59.168     -42.129     -25.101     -31.196     -50.703     -70.110     -90.474     -99.000     -17.114     -45.937     -27.749     -14.870     -45.087     -24.031     -74.285     -33.395     -43.683     -28.473     -15.176     -36.889     -45.512     -23.384     -73.096     -32.634     -42.570     -17.718     -18.653     -10.149     -47.333      -6.073     -16.938     -16.259     -23.768     -28.725     -22.924     -32.632     -39.925     -63.028     -15.448      -4.547     -14.524     -10.785     -80.722     -66.183      -8.646     -11.989     -16.525     -12.463     -16.196     -20.136     -17.561     -28.683     -29.926 
 33       4.947       3.878       1.323       0.727       1.600      -4.034      -1.008      -0.158      -2.497      -0.794      -2.614      -3.578      -3.227      -4.361       0.077      -1.553      -5.808      -8.912      -5.021      -6.481      -5.995      -1.724       1.812     -27.461      -4.212      -2.565      -5.008     -16.226     -17.840     -12.735     -14.635      -9.177     -11.165      -8.163     -13.125     -21.736      -3.208     -15.161      -6.477      -8.181      -7.913     -11.584      -8.775      -7.576      -9.249     -12.731      -9.676      -2.044      -2.874      -1.262      -4.514      -7.974      -4.570      -6.483      -3.769      -5.281      -3.119      -4.490      -9.745      -6.796      -8.100      -7.411      -5.173      -5.164      -9.702      -4.300      -6.340      -5.123     -10.120      -3.846      -4.653      -3.479      -6.182      -4.729      -7.263      -9.276      -8.363     -10.755      -9.770      -3.324      -0.206      -8.283      -6.602      -7.159      -4.761      -8.918      -7.362      -4.523      -8.468     -12.023      -3.996     -10.688     -10.455      -6.302      -6.832      -6.570      -9.294     -11.792     -14.878      -5.035      -8.646     -15.462     -11.880     -10.919     -10.766      -7.025      -8.180      -3.961      -6.604      -5.772      -9.339     -12.482      -9.576      -8.886     -10.366      -9.146      -7.439     -10.146      -6.105      -6.377      -7.071     -15.426     -17.685     -14.527     -13.505     -10.244     -11.029      -9.444     -11.716     -11.132     -14.997     -12.116     -22.270     -13.890      -8.792     -10.721      -6.833      -9.056     -11.210     -12.538     -12.634     -17.358     -15.005     -12.900     -10.397     -11.321      -9.804     -11.727     -14.410     -12.050     -10.926     -20.686     -31.045     -17.836     -21.275     -31.235     -31.961     -17.310     -20.787     -25.646     -31.236     -54.218     -12.102     -13.731     -17.910     -15.503     -75.075     -73.596     -18.485     -25.231      -9.667     -24.606     -43.073     -13.745     -12.360     -19.370     -43.117     -25.034     -31.518     -43.390     -44.039     -14.578     -13.424     -19.229     -24.731     -31.437     -43.403     -52.387     -99.000     -12.317     -35.580     -12.370     -17.336     -35.369      -6.086     -12.953      -5.988      -9.770      -5.444     -27.722     -27.618     -27.945     -10.640      -8.971     -20.315     -20.661     -13.344     -16.505     -14.840      -9.814     -12.235     -11.258     -10.260      -7.362     -13.809     -14.585     -24.928     -49.393     -74.846     -26.803     -44.488     -50.069     -74.118      -6.257     -17.034     -17.814      -9.666     -19.128     -27.672     -43.518      -8.957     -15.289     -40.270     -11.165      -8.101      -9.746     -19.348     -17.057     -27.269     -22.716     -60.767     -20.884     -21.229     -12.322     -21.697     -17.648     -13.858     -20.373     -38.224     -43.035     -41.158     -41.849     -40.148     -71.401     -75.717     -35.024     -35.154     -13.109     -22.536     -16.195     -26.003     -19.515     -18.605     -29.318     -10.812     -19.714     -13.109     -40.785     -20.006     -28.525     -38.923     -19.690     -36.221     -22.116     -21.834     -28.844     -31.376     -31.303     -38.557     -22.288     -19.414     -23.157     -40.960     -31.916     -34.955     -41.316     -34.109     -43.875     -30.283     -33.469     -50.816     -49.935     -41.933     -44.431     -60.409     -74.588     -10.958     -15.939     -24.458     -11.177     -14.427     -37.658     -22.079     -16.973     -26.568     -36.345     -19.463     -22.410     -18.692     -20.369     -12.672     -21.174     -20.395     -27.592     -40.287     -20.094     -23.407     -32.114     -32.014     -37.675     -24.932     -30.076     -25.192     -29.329     -33.588     -38.483     -22.050     -23.020     -32.599     -32.143     -18.899     -22.115     -31.880     -33.528     -35.882     -37.252     -46.508     -40.301     -33.103     -43.389     -35.443     -28.858     -31.759     -51.012     -51.250     -61.162     -48.289     -39.895     -43.228     -66.210     -57.766     -62.645     -81.360     -76.693     -96.778     -99.000     -20.641      -9.627     -15.116     -10.441      -9.371     -16.769     -16.804     -26.061     -13.531      -9.622     -42.224     -20.463      -6.374     -14.681     -39.129      -4.377     -37.601      -9.070      -7.006     -10.085     -13.803     -23.399     -16.980     -57.840      -7.709     -12.912     -23.013     -15.095     -12.175     -12.455     -29.344     -39.118     -47.381     -13.435     -54.832     -15.168     -13.075     -12.489     -11.580     -15.018     -15.963     -15.377     -22.661     -71.385     -99.000     -33.620     -64.837     -18.384     -28.218     -39.934     -49.388     -58.468     -69.134     -18.434      -0.688     -10.080     -11.506     -20.517     -20.965     -27.747     -11.467     -20.914     -27.170     -32.433     -46.896      -9.949     -18.641      -8.137     -13.738     -20.897     -17.336     -25.598      -0.983      -5.970      -9.149     -21.373     -32.238      -6.076     -13.994      -0.743      -9.730      -5.038      -8.747     -11.266      -7.157     -22.459      -1.419     -11.057     -10.053      -8.315      -8.719     -12.598     -18.804     -12.247     -17.796     -33.746     -23.811     -32.297     -23.209     -29.124     -23.941     -29.567     -36.864     -41.385     -50.492     -54.223     -64.976     -66.539     -83.055       0.369      -8.883       0.402      -2.820     -13.051      -9.595     -12.823      -9.671     -10.082      -1.973     -13.865     -19.336       0.463      -4.030      -7.149     -18.961     -11.432     -15.124      -0.883     -12.005     -17.648      -3.007      -5.399     -12.417      -2.845      -8.871      -1.544      -6.378       0.337      -7.267      -2.155     -12.528      -3.057     -13.035     -58.796      -5.953     -15.476     -23.513     -24.175     -23.486     -57.885     -14.696     -15.038     -13.736     -23.888     -12.679     -23.370     -59.431     -42.571     -25.316     -31.510     -51.294     -70.939     -91.541     -99.000     -17.312     -46.121     -27.748     -14.979     -45.238     -24.211     -74.533     -33.642     -43.993     -28.481     -15.304     -36.920     -45.736     -23.651     -73.450     -33.007     -43.058     -17.804     -18.551     -10.201     -47.569      -6.003     -16.831     -16.256     -23.812     -28.785     -22.865     -32.726     -40.037     -63.369     -15.735      -4.477     -14.459     -10.889     -81.549     -66.601      -8.712     -12.086     -16.733     -12.720     -16.370     -20.498     -17.769     -29.085     -30.322 
 34       4.991       3.921       1.370       0.771       1.646      -4.009      -1.030      -0.174      -2.452      -0.818      -2.607      -3.570      -3.232      -4.365       0.117      -1.509      -5.765      -8.892      -5.028      -6.486      -6.006      -1.691       1.806     -27.443      -4.240      -2.675      -5.021     -16.177     -17.810     -12.781     -14.655      -9.277     -11.208      -8.172     -13.090     -21.687      -2.990     -14.726      -6.373      -8.063      -7.773     -11.499      -8.682      -7.451      -9.278     -12.721      -9.694      -2.025      -2.856      -1.265      -4.548      -7.951      -4.593      -6.495      -3.807      -5.267      -3.112      -4.496      -9.703      -6.799      -8.113      -7.420      -5.188      -4.928      -9.632      -4.156      -6.141      -4.948      -9.919      -3.799      -4.603      -3.442      -6.055      -4.600      -7.097      -9.202      -8.323     -10.739      -9.728      -3.387      -0.337      -8.306      -6.664      -7.205      -4.824      -8.900      -7.232      -4.461      -8.532     -12.015      -4.040     -10.666     -10.465      -6.388      -6.902      -6.591      -9.279     -11.870     -14.931      -4.979      -8.551     -15.467     -11.924     -10.877     -10.755      -7.072      -8.229      -4.100      -6.652      -5.795      -9.309     -12.454      -9.594      -8.992     -10.465      -9.213      -7.510     -10.276      -6.105      -6.345      -6.976     -15.447     -17.744     -14.615     -13.537     -10.321     -11.118      -9.533     -11.735     -11.122     -15.017     -12.181     -22.253     -13.922      -8.833     -10.749      -6.942      -9.082     -11.228     -12.605     -12.684     -17.396     -15.056     -12.919     -10.444     -11.376      -9.857     -11.719     -14.416     -12.090     -10.973     -20.802     -31.233     -17.953     -21.358     -31.390     -32.084     -17.464     -20.936     -25.877     -31.457     -54.529     -12.210     -13.793     -18.078     -15.590     -75.328     -74.064     -18.639     -25.440      -9.689     -24.752     -43.212     -13.848     -12.464     -19.385     -43.221     -25.147     -31.547     -43.462     -44.081     -14.697     -13.541     -19.313     -24.912     -31.550     -43.579     -52.535     -99.000     -12.336     -35.646     -12.420     -17.495     -35.529      -6.214     -13.136      -6.091      -9.874      -5.475     -27.810     -27.731     -28.087     -10.778      -9.052     -20.423     -20.791     -13.472     -16.622     -14.972      -9.940     -12.323     -11.368     -10.409      -7.552     -13.918     -14.788     -25.045     -49.514     -74.946     -26.939     -44.751     -50.285     -74.413      -6.360     -17.171     -17.961      -9.819     -19.327     -27.895     -43.775      -9.096     -15.528     -40.566     -11.343      -8.245      -9.886     -19.669     -17.256     -27.654     -23.009     -61.524     -20.979     -21.372     -12.405     -21.870     -17.672     -13.815     -20.500     -38.316     -43.008     -41.318     -41.780     -40.418     -71.286     -75.777     -35.149     -35.248     -13.119     -22.663     -16.226     -26.048     -19.663     -18.579     -29.279     -10.782     -19.718     -13.168     -40.911     -20.108     -28.666     -38.970     -19.786     -36.296     -22.072     -21.789     -29.033     -31.324     -31.241     -38.618     -22.277     -19.524     -23.273     -41.152     -32.025     -35.109     -41.409     -34.146     -43.944     -30.416     -33.631     -51.045     -50.151     -42.098     -44.618     -60.416     -74.819     -11.008     -16.067     -24.631     -11.257     -14.433     -37.814     -22.243     -17.022     -26.628     -36.383     -19.639     -22.322     -18.673     -20.433     -12.766     -21.308     -20.464     -27.809     -40.364     -20.243     -23.402     -32.153     -32.050     -37.789     -24.882     -30.154     -25.448     -29.577     -33.540     -38.607     -22.132     -23.047     -32.646     -32.204     -19.076     -22.303     -32.077     -33.797     -35.979     -37.251     -46.515     -40.508     -33.248     -43.558     -35.479     -29.103     -32.024     -51.137     -51.584     -61.154     -48.346     -40.216     -43.536     -66.365     -57.977     -62.699     -81.546     -76.781     -96.991     -99.000     -20.831      -9.685     -15.151     -10.536      -9.418     -16.854     -16.888     -26.161     -13.578      -9.638     -42.329     -20.646      -6.396     -14.754     -39.262      -4.441     -37.786      -9.089      -7.037     -10.159     -13.837     -23.495     -17.092     -58.049      -7.760     -12.975     -23.070     -15.286     -12.240     -12.551     -29.452     -39.240     -47.509     -13.511     -55.067     -15.221     -13.188     -12.583     -11.762     -15.205     -16.143     -15.368     -22.860     -71.969     -99.000     -33.745     -65.043     -18.403     -28.251     -39.993     -49.462     -58.548     -69.235     -18.630      -0.644     -10.003     -11.454     -20.555     -20.971     -27.791     -11.440     -20.980     -27.282     -32.627     -47.163      -9.990     -18.682      -8.084     -13.781     -20.986     -17.410     -25.693      -0.798      -5.866      -9.072     -21.313     -32.253      -6.097     -14.119      -0.699      -9.781      -4.821      -8.721     -11.132      -7.105     -22.342      -1.375     -11.009      -9.749      -8.259      -8.722     -12.506     -18.767     -12.119     -17.745     -33.730     -23.770     -32.296     -23.178     -29.157     -23.847     -29.534     -36.801     -41.396     -50.392     -54.223     -64.891     -66.586     -83.088       0.416      -8.837       0.631      -2.712     -13.019      -9.620     -12.774      -9.653      -9.641      -1.929     -13.759     -19.270       0.509      -3.783      -7.026     -18.990     -11.432     -15.048      -0.839     -11.915     -17.598      -2.777      -5.304     -12.360      -2.688      -8.775      -1.381      -6.301       0.398      -7.227      -2.111     -12.468      -3.013     -12.981     -59.125      -5.865     -15.411     -23.661     -24.289     -23.669     -58.073     -14.806     -15.053     -13.796     -24.112     -12.727     -23.418     -59.655     -42.916     -25.492     -31.762     -51.754     -71.582     -92.366     -99.000     -17.477     -46.257     -27.758     -15.058     -45.350     -24.346     -74.716     -33.829     -44.230     -28.497     -15.398     -36.944     -45.900     -23.847     -73.708     -33.284     -43.420     -17.874     -18.498     -10.242     -47.754      -5.959     -16.747     -16.257     -23.854     -28.831     -22.821     -32.795     -40.124     -63.637     -15.948      -4.433     -14.405     -10.969     -82.230     -66.939      -8.772     -12.174     -16.891     -12.928     -16.506     -20.773     -17.928     -29.395     -30.629 
 35       5.050       3.980       1.431       0.830       1.708      -3.969      -1.069      -0.209      -2.392      -0.857      -2.596      -3.555      -3.241      -4.372       0.169      -1.451      -5.693      -8.858      -5.038      -6.494      -6.040      -1.653       1.770     -27.410      -4.319      -2.885      -5.071     -16.124     -17.757     -12.854     -14.689      -9.456     -11.317      -8.218     -13.059     -21.606      -2.668     -14.044      -6.248      -7.906      -7.583     -11.412      -8.572      -7.259      -9.345     -12.717      -9.753      -2.025      -2.852      -1.298      -4.630      -7.926      -4.645      -6.528      -3.890      -5.276      -3.130      -4.533      -9.647      -6.818      -8.149      -7.450      -5.229      -4.578      -9.558      -3.962      -5.851      -4.700      -9.626      -3.747      -4.547      -3.415      -5.891      -4.427      -6.861      -9.096      -8.273     -10.722      -9.673      -3.522      -0.586      -8.375      -6.790      -7.318      -4.962      -8.901      -7.061      -4.403      -8.656     -12.021      -4.141     -10.657     -10.495      -6.551      -7.051      -6.654      -9.281     -12.017     -15.034      -4.927      -8.436     -15.491     -12.028     -10.837     -10.751      -7.166      -8.325      -4.352      -6.765      -5.863      -9.286     -12.422      -9.639      -9.183     -10.644      -9.342      -7.644     -10.509      -6.142      -6.340      -6.864     -15.488     -17.854     -14.792     -13.603     -10.462     -11.279      -9.701     -11.797     -11.134     -15.064     -12.304     -22.224     -14.007      -8.917     -10.810      -7.144      -9.161     -11.275     -12.732     -12.786     -17.472     -15.170     -12.964     -10.536     -11.479      -9.967     -11.740     -14.441     -12.171     -11.066     -21.023     -31.585     -18.175     -21.524     -31.687     -32.327     -17.750     -21.210     -26.303     -31.865     -55.099     -12.417     -13.926     -18.400     -15.764     -75.827     -74.922     -18.910     -25.817      -9.744     -25.055     -43.514     -14.063     -12.681     -19.454     -43.465     -25.395     -31.652     -43.652     -44.220     -14.938     -13.781     -19.496     -25.272     -31.796     -43.942     -52.866     -99.000     -12.411     -35.828     -12.545     -17.819     -35.867      -6.470     -13.500      -6.308     -10.096      -5.569     -28.028     -27.990     -28.396     -11.065      -9.244     -20.674     -21.079     -13.756     -16.845     -15.222     -10.196     -12.515     -11.595     -10.703      -7.913     -14.146     -15.156     -25.298     -49.801     -75.227     -27.226     -45.277     -50.732     -75.017      -6.576     -17.460     -18.264     -10.132     -19.745     -28.369     -44.263      -9.373     -15.986     -41.117     -11.678      -8.533     -10.171     -20.283     -17.653     -28.388     -23.580     -62.939     -21.163     -21.638     -12.572     -22.213     -17.715     -13.768     -20.741     -38.542     -43.037     -41.658     -41.721     -40.928     -71.176     -75.974     -35.429     -35.475     -13.178     -22.934     -16.320     -26.180     -19.937     -18.580     -29.272     -10.761     -19.771     -13.279     -41.195     -20.306     -28.960     -39.074     -19.972     -36.447     -22.043     -21.757     -29.390     -31.293     -31.196     -38.790     -22.300     -19.741     -23.493     -41.530     -32.249     -35.425     -41.639     -34.267     -44.133     -30.684     -33.941     -51.481     -50.565     -42.433     -44.982     -60.512     -75.286     -11.108     -16.311     -24.965     -11.406     -14.486     -38.160     -22.579     -17.146     -26.786     -36.519     -19.961     -22.218     -18.684     -20.586     -12.937     -21.559     -20.632     -28.232     -40.520     -20.518     -23.433     -32.273     -32.165     -38.004     -24.842     -30.342     -25.922     -30.031     -33.518     -38.887     -22.314     -23.134     -32.784     -32.363     -19.404     -22.643     -32.446     -34.305     -36.221     -37.303     -46.596     -40.927     -33.549     -43.914     -35.596     -29.560     -32.506     -51.454     -52.194     -61.223     -48.512     -40.811     -44.104     -66.756     -58.415     -62.871     -82.016     -77.025     -97.533     -99.000     -21.207      -9.799     -15.237     -10.724      -9.538     -17.052     -17.086     -26.398     -13.685      -9.709     -42.559     -21.005      -6.473     -14.929     -39.540      -4.590     -38.196      -9.168      -7.130     -10.337     -13.951     -23.736     -17.340     -58.470      -7.859     -13.123     -23.223     -15.632     -12.362     -12.754     -29.703     -39.528     -47.822     -13.679     -55.532     -15.357     -13.424     -12.785     -12.102     -15.546     -16.472     -15.397     -23.268     -73.098     -99.000     -34.028     -65.506     -18.479     -28.367     -40.166     -49.677     -58.788     -69.525     -18.976      -0.584      -9.861     -11.393     -20.659     -21.022     -27.878     -11.421     -21.132     -27.482     -32.978     -47.646     -10.101     -18.765      -8.025     -13.854     -21.152     -17.561     -25.895      -0.520      -5.696      -8.990     -21.270     -32.348      -6.191     -14.359      -0.640      -9.909      -4.487      -8.705     -10.952      -7.021     -22.204      -1.315     -10.916      -9.273      -8.165      -8.756     -12.401     -18.724     -11.948     -17.675     -33.718     -23.744     -32.308     -23.185     -29.244     -23.747     -29.508     -36.767     -41.459     -50.309     -54.280     -64.848     -66.734     -83.226       0.481      -8.750       0.984      -2.534     -13.007      -9.704     -12.734      -9.693      -8.936      -1.870     -13.569     -19.163       0.570      -3.401      -6.823     -19.070     -11.447     -14.978      -0.780     -11.752     -17.518      -2.422      -5.147     -12.283      -2.460      -8.622      -1.140      -6.175       0.479      -7.153      -2.052     -12.354      -2.953     -12.878     -59.726      -5.749     -15.346     -23.949     -24.522     -24.018     -58.443     -15.034     -15.136     -13.939     -24.558     -12.837     -23.532     -60.112     -43.565     -25.831     -32.242     -52.614     -72.776     -93.894     -99.000     -17.799     -46.510     -27.804     -15.205     -45.564     -24.597     -75.062     -34.180     -44.677     -28.552     -15.567     -36.997     -46.200     -24.199     -74.177     -33.784     -44.075     -18.018     -18.451     -10.324     -48.120      -5.900     -16.595     -16.273     -23.951     -28.922     -22.750     -32.924     -40.300     -64.156     -16.332      -4.373     -14.302     -11.117     -83.599     -67.607      -8.905     -12.366     -17.187     -13.336     -16.764     -21.277     -18.225     -29.974     -31.204 
 36       5.100       4.030       1.480       0.880       1.759      -3.918      -1.102      -0.246      -2.342      -0.892      -2.577      -3.529      -3.244      -4.371       0.209      -1.401      -5.607      -8.814      -5.041      -6.493      -6.087      -1.632       1.706     -27.357      -4.436      -3.135      -5.152     -16.095     -17.685     -12.911     -14.709      -9.647     -11.475      -8.299     -13.052     -21.507      -2.373     -13.368      -6.171      -7.787      -7.432     -11.382      -8.510      -7.061      -9.429     -12.718      -9.840      -2.055      -2.874      -1.361      -4.744      -7.906      -4.706      -6.569      -3.992      -5.318      -3.178      -4.599      -9.593      -6.845      -8.196      -7.489      -5.280      -4.252      -9.523      -3.806      -5.589      -4.485      -9.362      -3.719      -4.515      -3.421      -5.771      -4.294      -6.657      -8.992      -8.226     -10.698      -9.623      -3.694      -0.880      -8.478      -6.940      -7.475      -5.141      -8.931      -6.930      -4.394      -8.797     -12.042      -4.278     -10.675     -10.533      -6.738      -7.245      -6.751      -9.311     -12.183     -15.150      -4.922      -8.365     -15.523     -12.161     -10.822     -10.754      -7.275      -8.434      -4.634      -6.921      -5.966      -9.291     -12.395      -9.692      -9.392     -10.841      -9.489      -7.795     -10.765      -6.219      -6.391      -6.797     -15.522     -17.977     -15.003     -13.680     -10.619     -11.455      -9.893     -11.897     -11.177     -15.119     -12.441     -22.182     -14.124      -9.016     -10.885      -7.375      -9.280     -11.335     -12.879     -12.908     -17.560     -15.314     -13.018     -10.641     -11.594     -10.097     -11.795     -14.472     -12.264     -11.172     -21.276     -31.991     -18.432     -21.718     -32.035     -32.617     -18.074     -21.520     -26.787     -32.330     -55.741     -12.658     -14.088     -18.777     -15.970     -76.419     -75.897     -19.197     -26.232      -9.812     -25.433     -43.905     -14.334     -12.955     -19.571     -43.793     -25.714     -31.820     -43.922     -44.437     -15.236     -14.080     -19.734     -25.711     -32.115     -44.399     -53.302     -99.000     -12.536     -36.090     -12.721     -18.220     -36.297      -6.785     -13.943      -6.582     -10.381      -5.712     -28.329     -28.335     -28.794     -11.429      -9.505     -21.011     -21.455     -14.129     -17.104     -15.510     -10.511     -12.762     -11.879     -11.062      -8.342     -14.437     -15.560     -25.625     -50.192     -75.636     -27.591     -45.921     -51.292     -75.771      -6.850     -17.824     -18.645     -10.524     -20.275     -28.973     -44.824      -9.712     -16.532     -41.746     -12.065      -8.885     -10.522     -21.013     -18.142     -29.258     -24.269     -64.587     -21.378     -21.940     -12.770     -22.626     -17.748     -13.741     -21.017     -38.854     -43.138     -42.094     -41.712     -41.521     -71.139     -76.280     -35.795     -35.787     -13.281     -23.275     -16.460     -26.376     -20.248     -18.623     -29.322     -10.769     -19.872     -13.404     -41.571     -20.537     -29.326     -39.196     -20.190     -36.618     -22.053     -21.764     -29.802     -31.317     -31.203     -39.045     -22.368     -19.998     -23.744     -41.985     -32.521     -35.813     -41.957     -34.455     -44.409     -31.007     -34.303     -51.985     -51.042     -42.840     -45.414     -60.701     -75.848     -11.222     -16.595     -25.359     -11.573     -14.584     -38.613     -22.988     -17.319     -27.010     -36.733     -20.324     -22.152     -18.738     -20.800     -13.125     -21.846     -20.865     -28.734     -40.696     -20.831     -23.508     -32.454     -32.341     -38.243     -24.841     -30.599     -26.466     -30.548     -33.551     -39.255     -22.554     -23.270     -32.988     -32.592     -19.779     -23.022     -32.874     -34.898     -36.557     -37.413     -46.750     -41.447     -33.929     -44.369     -35.775     -30.084     -33.050     -51.896     -52.880     -61.377     -48.757     -41.495     -44.752     -67.303     -58.967     -63.135     -82.673     -77.381     -98.291     -99.000     -21.655      -9.930     -15.349     -10.945      -9.707     -17.318     -17.352     -26.720     -13.818      -9.826     -42.843     -21.435      -6.593     -15.170     -39.876      -4.788     -38.730      -9.299      -7.271     -10.579     -14.130     -24.073     -17.658     -58.975      -7.971     -13.323     -23.443     -16.012     -12.497     -13.010     -30.041     -39.919     -48.254     -13.898     -56.084     -15.549     -13.724     -13.046     -12.492     -15.930     -16.845     -15.473     -23.789     -74.456     -99.000     -34.410     -66.126     -18.607     -28.553     -40.430     -50.001     -59.153     -69.961     -19.343      -0.534      -9.685     -11.355     -20.809     -21.115     -27.969     -11.427     -21.332     -27.693     -33.364     -48.183     -10.259     -18.853      -7.991     -13.917     -21.328     -17.741     -26.144      -0.262      -5.511      -8.953     -21.289     -32.528      -6.356     -14.640      -0.591     -10.086      -4.166      -8.713     -10.811      -6.923     -22.121      -1.265     -10.794      -8.801      -8.059      -8.820     -12.344     -18.693     -11.817     -17.610     -33.704     -23.757     -32.319     -23.262     -29.364     -23.704     -29.504     -36.808     -41.561     -50.312     -54.389     -64.906     -66.952     -83.450       0.534      -8.632       1.324      -2.338     -13.035      -9.835     -12.733      -9.810      -8.222      -1.820     -13.340     -19.035       0.622      -3.030      -6.601     -19.177     -11.469     -14.965      -0.730     -11.552     -17.419      -2.081      -4.975     -12.210      -2.259      -8.460      -0.920      -6.037       0.545      -7.053      -2.002     -12.208      -2.903     -12.744     -60.400      -5.657     -15.319     -24.292     -24.805     -24.425     -58.880     -15.315     -15.282     -14.128     -25.096     -12.977     -23.675     -60.670     -44.315     -26.227     -32.802     -53.602     -74.143     -95.640     -99.000     -18.185     -46.790     -27.872     -15.367     -45.803     -24.880     -75.445     -34.585     -45.196     -28.632     -15.752     -37.054     -46.530     -24.591     -74.692     -34.347     -44.815     -18.192     -18.441     -10.417     -48.548      -5.850     -16.406     -16.296     -24.075     -29.019     -22.661     -33.060     -40.499     -64.766     -16.761      -4.323     -14.166     -11.284     -85.276     -68.415      -9.072     -12.608     -17.522     -13.828     -17.061     -21.842     -18.562     -30.643     -31.867 
 37       5.140       4.070       1.517       0.920       1.799      -3.859      -1.133      -0.285      -2.301      -0.924      -2.553      -3.497      -3.243      -4.364       0.234      -1.362      -5.510      -8.762      -5.038      -6.486      -6.145      -1.631       1.614     -27.290      -4.590      -3.426      -5.266     -16.093     -17.597     -12.955     -14.722      -9.853     -11.687      -8.419     -13.071     -21.396      -2.104     -12.696      -6.140      -7.703      -7.317     -11.413      -8.498      -6.860      -9.531     -12.729      -9.955      -2.115      -2.923      -1.455      -4.890      -7.893      -4.781      -6.623      -4.115      -5.398      -3.258      -4.695      -9.544      -6.883      -8.259      -7.541      -5.348      -3.948      -9.526      -3.687      -5.354      -4.301      -9.124      -3.716      -4.509      -3.459      -5.696      -4.199      -6.483      -8.893      -8.187     -10.671      -9.583      -3.905      -1.223      -8.618      -7.115      -7.680      -5.364      -8.993      -6.838      -4.431      -8.960     -12.081      -4.449     -10.720     -10.583      -6.950      -7.486      -6.885      -9.370     -12.375     -15.282      -4.960      -8.337     -15.568     -12.323     -10.833     -10.767      -7.403      -8.560      -4.948      -7.122      -6.105      -9.322     -12.376      -9.757      -9.624     -11.060      -9.658      -7.965     -11.050      -6.336      -6.500      -6.775     -15.556     -18.117     -15.249     -13.770     -10.795     -11.652     -10.111     -12.038     -11.252     -15.187     -12.597     -22.131     -14.274      -9.136     -10.978      -7.638      -9.446     -11.413     -13.052     -13.055     -17.662     -15.490     -13.084     -10.761     -11.725     -10.249     -11.890     -14.514     -12.372     -11.296     -21.567     -32.458     -18.726     -21.947     -32.439     -32.960     -18.440     -21.872     -27.335     -32.859     -56.465     -12.937     -14.283     -19.214     -16.211     -77.115     -77.000     -19.508     -26.690      -9.896     -25.891     -44.389     -14.663     -13.290     -19.739     -44.211     -26.110     -32.053     -44.278     -44.735     -15.596     -14.440     -20.029     -26.234     -32.510     -44.953     -53.848     -99.000     -12.713     -36.438     -12.948     -18.704     -36.823      -7.162     -14.470      -6.917     -10.734      -5.907     -28.718     -28.772     -29.287     -11.873      -9.837     -21.439     -21.925     -14.594     -17.405     -15.840     -10.889     -13.066     -12.223     -11.490      -8.841     -14.795     -16.005     -26.031     -50.691     -76.181     -28.036     -46.689     -51.972     -76.683      -7.186     -18.270     -19.107     -10.996     -20.924     -29.715     -45.467     -10.118     -17.168     -42.462     -12.506      -9.305     -10.943     -21.862     -18.724     -30.271     -25.079     -66.478     -21.630     -22.285     -13.003     -23.114     -17.781     -13.734     -21.334     -39.256     -43.315     -42.632     -41.756     -42.204     -71.181     -76.700     -36.254     -36.187     -13.432     -23.693     -16.648     -26.640     -20.604     -18.710     -29.431     -10.806     -20.026     -13.546     -42.045     -20.806     -29.769     -39.343     -20.442     -36.818     -22.104     -21.812     -30.277     -31.396     -31.266     -39.387     -22.483     -20.298     -24.033     -42.519     -32.846     -36.279     -42.369     -34.716     -44.781     -31.391     -34.724     -52.566     -51.592     -43.325     -45.922     -60.988     -76.516     -11.356     -16.925     -25.819     -11.760     -14.729     -39.180     -23.479     -17.543     -27.303     -37.030     -20.734     -22.124     -18.836     -21.080     -13.335     -22.174     -21.165     -29.322     -40.901     -21.185     -23.627     -32.701     -32.582     -38.516     -24.881     -30.930     -27.085     -31.133     -33.640     -39.718     -22.859     -23.458     -33.265     -32.894     -20.205     -23.446     -33.363     -35.581     -36.993     -37.583     -46.982     -42.074     -34.394     -44.930     -36.023     -30.680     -33.664     -52.469     -53.651     -61.621     -49.087     -42.274     -45.489     -68.014     -59.640     -63.499     -83.527     -77.855     -99.000     -99.000     -22.182     -10.083     -15.490     -11.201      -9.927     -17.655     -17.689     -27.131     -13.981      -9.991     -43.191     -21.941      -6.760     -15.479     -40.278      -5.037     -39.396      -9.489      -7.465     -10.888     -14.378     -24.510     -18.051     -59.575      -8.099     -13.577     -23.732     -16.431     -12.650     -13.323     -30.468     -40.417     -48.808     -14.170     -56.734     -15.802     -14.093     -13.371     -12.933     -16.363     -17.264     -15.595     -24.439     -76.056     -99.000     -34.906     -66.921     -18.793     -28.817     -40.794     -50.446     -59.657     -70.557     -19.733      -0.494      -9.477     -11.340     -21.008     -21.254     -28.071     -11.461     -21.583     -27.924     -33.793     -48.785     -10.468     -18.955      -7.981     -13.978     -21.523     -17.955     -26.445      -0.022      -5.313      -8.960     -21.369     -32.791      -6.591     -14.966      -0.551     -10.314      -3.856      -8.744     -10.708      -6.817     -22.093      -1.224     -10.647      -8.332      -7.944      -8.918     -12.336     -18.679     -11.725     -17.553     -33.695     -23.811     -32.337     -23.409     -29.524     -23.721     -29.526     -36.926     -41.710     -50.402     -54.557     -65.066     -67.250     -83.767       0.576      -8.488       1.654      -2.127     -13.105     -10.013     -12.770     -10.005      -7.497      -1.780     -13.077     -18.893       0.663      -2.666      -6.362     -19.315     -11.503     -15.010      -0.690     -11.320     -17.307      -1.751      -4.789     -12.143      -2.084      -8.294      -0.720      -5.892       0.596      -6.930      -1.962     -12.034      -2.863     -12.581     -61.159      -5.586     -15.326     -24.692     -25.141     -24.891     -59.389     -15.649     -15.491     -14.366     -25.729     -13.149     -23.846     -61.331     -45.167     -26.679     -33.443     -54.719     -75.685     -97.606     -99.000     -18.636     -47.106     -27.969     -15.548     -46.074     -25.202     -75.878     -35.050     -45.794     -28.740     -15.958     -37.119     -46.898     -25.027     -75.265     -34.980     -45.648     -18.398     -18.471     -10.525     -49.048      -5.811     -16.185     -16.330     -24.231     -29.128     -22.561     -33.211     -40.730     -65.477     -17.239      -4.283     -14.001     -11.473     -87.278     -69.370      -9.275     -12.903     -17.899     -14.405     -17.400     -22.471     -18.943     -31.404     -32.624 
 38       5.170       4.100       1.540       0.950       1.829      -3.795      -1.169      -0.334      -2.271      -0.960      -2.529      -3.460      -3.244      -4.357       0.243      -1.333      -5.403      -8.707      -5.036      -6.478      -6.218      -1.655       1.485     -27.216      -4.791      -3.773      -5.419     -16.121     -17.501     -12.995     -14.739     -10.091     -11.973      -8.590     -13.120     -21.280      -1.849     -11.998      -6.154      -7.649      -7.232     -11.513      -8.539      -6.658      -9.667     -12.758     -10.107      -2.213      -3.005      -1.585      -5.078      -7.896      -4.879      -6.699      -4.269      -5.525      -3.379      -4.829      -9.508      -6.943      -8.352      -7.619      -5.441      -3.652      -9.566      -3.599      -5.134      -4.138      -8.902      -3.740      -4.533      -3.531      -5.665      -4.140      -6.329      -8.804      -8.162     -10.655      -9.561      -4.165      -1.629      -8.802      -7.328      -7.950      -5.645      -9.092      -6.780      -4.516      -9.159     -12.153      -4.666     -10.799     -10.654      -7.203      -7.793      -7.066      -9.463     -12.610     -15.445      -5.042      -8.354     -15.633     -12.523     -10.874     -10.798      -7.563      -8.715      -5.313      -7.384      -6.292      -9.386     -12.372      -9.844      -9.897     -11.316      -9.866      -8.170     -11.383      -6.502      -6.675      -6.799     -15.604     -18.286     -15.546     -13.885     -11.005     -11.883     -10.370     -12.233     -11.369     -15.277     -12.786     -22.086     -14.471      -9.291     -11.105      -7.952      -9.675     -11.526     -13.269     -13.248     -17.790     -15.709     -13.173     -10.910     -11.885     -10.435     -12.034     -14.577     -12.509     -11.451     -21.916     -33.013     -19.081     -22.229     -32.927     -33.382     -18.872     -22.288     -27.980     -33.483     -57.319     -13.276     -14.531     -19.739     -16.507     -77.967     -78.297     -19.867     -27.226     -10.008     -26.455     -44.995     -15.069     -13.703     -19.972     -44.743     -26.605     -32.370     -44.744     -45.138     -16.036     -14.882     -20.398     -26.869     -33.003     -45.635     -54.536     -99.000     -12.957     -36.895     -13.242     -19.295     -37.475      -7.620     -15.109      -7.331     -11.179      -6.166     -29.222     -29.328     -29.904     -12.421     -10.263     -21.985     -22.517     -15.181     -17.767     -16.237     -11.350     -13.446     -12.647     -12.010      -9.434     -15.246     -16.518     -26.538     -51.331     -76.900     -28.588     -47.624     -52.810     -77.804      -7.601     -18.821     -19.676     -11.576     -21.730     -30.639     -46.240     -10.611     -17.929     -43.314     -13.026      -9.814     -11.456     -22.874     -19.433     -31.478     -26.054     -68.712     -21.940     -22.696     -13.292     -23.710     -17.827     -13.749     -21.714     -39.775     -43.582     -43.307     -41.861     -43.014     -71.311     -77.266     -36.833     -36.702     -13.640     -24.217     -16.898     -26.987     -21.026     -18.850     -29.610     -10.882     -20.251     -13.721     -42.649     -21.133     -30.319     -39.538     -20.751     -37.070     -22.204     -21.908     -30.845     -31.541     -31.393     -39.840     -22.659     -20.661     -24.381     -43.167     -33.249     -36.854     -42.905     -35.072     -45.278     -31.860     -35.231     -53.266     -52.255     -43.919     -46.539     -61.401     -77.338     -11.525     -17.324     -26.375     -11.984     -14.931     -39.893     -24.081     -17.833     -27.683     -37.429     -21.216     -22.137     -18.986     -21.448     -13.583     -22.565     -21.550     -30.031     -41.157     -21.604     -23.802     -33.030     -32.904     -38.847     -24.969     -31.356     -27.812     -31.821     -33.795     -40.304     -23.247     -23.713     -33.638     -33.295     -20.705     -23.942     -33.946     -36.392     -37.555     -37.827     -47.308     -42.845     -34.973     -45.635     -36.358     -31.381     -34.383     -53.209     -54.556     -61.976     -49.525     -43.191     -46.357     -68.933     -60.476     -63.987     -84.629     -78.481     -99.000     -99.000     -22.821     -10.274     -15.675     -11.514     -10.213     -18.084     -18.117     -27.655     -14.191     -10.216     -43.636     -22.553      -6.984     -15.877     -40.782      -5.353     -40.233      -9.754      -7.727     -11.286     -14.714     -25.076     -18.547     -60.317      -8.257     -13.901     -24.108     -16.915     -12.833     -13.710     -31.009     -41.051     -49.518     -14.512     -57.530     -16.139     -14.554     -13.780     -13.453     -16.871     -17.755     -15.773     -25.270     -77.985     -99.000     -35.554     -67.956     -19.054     -29.185     -41.292     -51.052     -60.347     -71.370     -20.176      -0.464      -9.243     -11.350     -21.267     -21.447     -28.204     -11.526     -21.900     -28.196     -34.297     -49.491     -10.740     -19.087      -7.998     -14.052     -21.757     -18.220     -26.818       0.212      -5.101      -9.011     -21.515     -33.153      -6.907     -15.360      -0.520     -10.609      -3.541      -8.801     -10.640      -6.704     -22.123      -1.194     -10.483      -7.844      -7.820      -9.057     -12.380     -18.694     -11.670     -17.514     -33.704     -23.911     -32.376     -23.636     -29.744     -23.799     -29.589     -37.129     -41.926     -50.589     -54.806     -65.343     -67.656     -84.210       0.609      -8.323       1.990      -1.899     -13.222     -10.251     -12.853     -10.287      -6.729      -1.750     -12.782     -18.744       0.694      -2.294      -6.104     -19.501     -11.559     -15.115      -0.660     -11.057     -17.191      -1.414      -4.590     -12.089      -1.930      -8.127      -0.532      -5.742       0.636      -6.788      -1.931     -11.838      -2.833     -12.395     -62.051      -5.531     -15.367     -25.169     -25.550     -25.443     -60.005     -16.055     -15.771     -14.669     -26.490     -13.363     -24.060     -62.135     -46.168     -27.214     -34.199     -56.026     -77.483     -99.000     -99.000     -19.178     -47.486     -28.108     -15.764     -46.404     -25.583     -76.404     -35.606     -46.508     -28.891     -16.201     -37.212     -47.335     -25.535     -75.941     -35.719     -46.618     -18.655     -18.545     -10.662     -49.660      -5.780     -15.935     -16.384     -24.434     -29.270     -22.458     -33.396     -41.017     -66.341     -17.796      -4.253     -13.812     -11.699     -89.713     -70.529      -9.529     -13.272     -18.342     -15.093     -17.802     -23.203     -19.391     -32.300     -33.517 
 39       5.192       4.123       1.552       0.972       1.852      -3.734      -1.200      -0.380      -2.248      -0.990      -2.506      -3.421      -3.245      -4.346       0.238      -1.313      -5.300      -8.652      -5.031      -6.467      -6.291      -1.693       1.355     -27.138      -4.995      -4.109      -5.573     -16.163     -17.404     -13.013     -14.752     -10.315     -12.276      -8.775     -13.179     -21.172      -1.631     -11.372      -6.198      -7.618      -7.174     -11.653      -8.614      -6.476      -9.804     -12.790     -10.259      -2.320      -3.092      -1.717      -5.264      -7.904      -4.976      -6.775      -4.420      -5.668      -3.509      -4.966      -9.480      -7.007      -8.452      -7.700      -5.537      -3.394      -9.621      -3.540      -4.948      -4.007      -8.714      -3.775      -4.570      -3.613      -5.669      -4.113      -6.203      -8.728      -8.145     -10.644      -9.552      -4.421      -2.023      -8.989      -7.534      -8.229      -5.931      -9.202      -6.750      -4.620      -9.355     -12.239      -4.881     -10.884     -10.727      -7.445      -8.104      -7.255      -9.565     -12.845     -15.603      -5.139      -8.399     -15.700     -12.717     -10.926     -10.832      -7.720      -8.866      -5.659      -7.652      -6.485      -9.459     -12.373      -9.929     -10.156     -11.558     -10.072      -8.367     -11.703      -6.677      -6.872      -6.850     -15.654     -18.449     -15.832     -13.997     -11.204     -12.103     -10.617     -12.438     -11.497     -15.366     -12.968     -22.046     -14.673      -9.448     -11.238      -8.258      -9.919     -11.648     -13.491     -13.449     -17.915     -15.924     -13.261     -11.054     -12.039     -10.616     -12.194     -14.641     -12.644     -11.601     -22.253     -33.547     -19.421     -22.504     -33.398     -33.791     -19.285     -22.685     -28.594     -34.080     -58.133     -13.604     -14.775     -20.246     -16.792     -78.794     -79.533     -20.205     -27.734     -10.122     -27.009     -45.594     -15.468     -14.110     -20.216     -45.275     -27.096     -32.696     -45.213     -45.549     -16.468     -15.316     -20.763     -27.489     -33.492     -46.306     -55.219     -99.000     -13.212     -37.358     -13.536     -19.876     -38.120      -8.068     -15.731      -7.738     -11.626      -6.431     -29.729     -29.884     -30.517     -12.963     -10.689     -22.532     -23.106     -15.765     -18.120     -16.619     -11.802     -13.822     -13.064     -12.523     -10.007     -15.700     -17.002     -27.043     -51.973     -77.629     -29.133     -48.538     -53.634     -78.903      -8.011     -19.366     -20.238     -12.146     -22.529     -31.555     -46.987     -11.095     -18.669     -44.134     -13.527     -10.314     -11.963     -23.856     -20.131     -32.652     -27.012     -70.865     -22.241     -23.091     -13.573     -24.290     -17.875     -13.767     -22.081     -40.297     -43.866     -43.980     -41.986     -43.792     -71.472     -77.845     -37.408     -37.218     -13.854     -24.733     -17.149     -27.338     -21.433     -19.000     -29.804     -10.972     -20.493     -13.892     -43.255     -21.450     -30.859     -39.729     -21.049     -37.315     -22.318     -22.019     -31.392     -31.704     -31.537     -40.301     -22.850     -21.012     -24.716     -43.795     -33.642     -37.415     -43.448     -35.442     -45.792     -32.316     -35.724     -53.940     -52.893     -44.498     -47.139     -61.837     -78.138     -11.694     -17.714     -26.917     -12.198     -15.138     -40.603     -24.671     -18.123     -28.063     -37.834     -21.677     -22.171     -19.145     -21.829     -13.821     -22.939     -21.933     -30.717     -41.405     -22.004     -23.985     -33.363     -33.231     -39.165     -25.070     -31.784     -28.508     -32.480     -33.966     -40.888     -23.640     -23.976     -34.023     -33.706     -21.183     -24.412     -34.505     -37.173     -38.116     -38.082     -47.645     -43.606     -35.548     -46.340     -36.700     -32.052     -35.069     -53.947     -55.417     -62.347     -49.971     -44.067     -47.186     -69.850     -61.302     -64.485     -85.728     -79.114     -99.000     -99.000     -23.440     -10.465     -15.858     -11.815     -10.499     -18.508     -18.541     -28.177     -14.396     -10.444     -44.073     -23.146      -7.210     -16.275     -41.274      -5.665     -41.063     -10.034      -7.997     -11.683     -15.058     -25.644     -19.040     -61.043      -8.409     -14.222     -24.486     -17.374     -13.008     -14.090     -31.547     -41.681     -50.225     -14.850     -58.307     -16.489     -15.014     -14.191     -13.949     -17.356     -18.225     -15.959     -26.139     -79.870     -99.000     -36.233     -69.029     -19.334     -29.579     -41.821     -51.695     -61.079     -72.231     -20.589      -0.441      -9.020     -11.371     -21.527     -21.646     -28.334     -11.600     -22.213     -28.454     -34.776     -50.163     -11.012     -19.217      -8.027     -14.119     -21.981     -18.477     -27.183       0.412      -4.905      -9.082     -21.681     -33.526      -7.229     -15.743      -0.498     -10.904      -3.263      -8.862     -10.604      -6.600     -22.186      -1.171     -10.331      -7.405      -7.706      -9.202     -12.454     -18.727     -11.645     -17.491     -33.718     -24.023     -32.418     -23.886     -29.975     -23.905     -29.668     -37.359     -42.153     -50.808     -55.069     -65.652     -68.070     -84.667       0.632      -8.164       2.289      -1.687     -13.349     -10.491     -12.948     -10.583      -6.031      -1.728     -12.501     -18.605       0.717      -1.963      -5.866     -19.688     -11.619     -15.240      -0.638     -10.808     -17.082      -1.117      -4.405     -12.047      -1.812      -7.985      -0.376      -5.610       0.665      -6.648      -1.909     -11.652      -2.810     -12.217     -62.901      -5.492     -15.418     -25.630     -25.947     -25.971     -60.603     -16.449     -16.056     -14.970     -27.227     -13.574     -24.269     -62.915     -47.125     -27.728     -34.924     -57.277     -79.199     -99.000     -99.000     -19.707     -47.850     -28.251     -15.972     -46.722     -25.947     -76.910     -36.141     -47.195     -29.044     -16.433     -37.304     -47.751     -26.014     -76.584     -36.422     -47.540     -18.905     -18.633     -10.795     -50.254      -5.758     -15.697     -16.439     -24.635     -29.407     -22.363     -33.574     -41.293     -67.181     -18.325      -4.230     -13.629     -11.918     -92.085     -71.656      -9.776     -13.632     -18.762     -15.754     -18.186     -23.897     -19.817     -33.158     -34.372 
 40       5.209       4.140       1.558       0.989       1.869      -3.681      -1.221      -0.414      -2.230      -1.008      -2.484      -3.384      -3.243      -4.333       0.228      -1.298      -5.211      -8.605      -5.021      -6.452      -6.347      -1.731       1.252     -27.064      -5.164      -4.378      -5.697     -16.201     -17.315     -13.007     -14.754     -10.490     -12.538      -8.937     -13.228     -21.080      -1.463     -10.878      -6.246      -7.598      -7.133     -11.790      -8.694      -6.330      -9.918     -12.813     -10.381      -2.411      -3.163      -1.824      -5.413      -7.908      -5.051      -6.834      -4.539      -5.792      -3.620      -5.078      -9.456      -7.057      -8.536      -7.765      -5.615      -3.191      -9.668      -3.503      -4.802      -3.908      -8.568      -3.804      -4.603      -3.681      -5.686      -4.101      -6.107      -8.669      -8.129     -10.634      -9.548      -4.629      -2.342      -9.144      -7.698      -8.467      -6.169      -9.295      -6.736      -4.712      -9.513     -12.318      -5.055     -10.955     -10.782      -7.637      -8.364      -7.413      -9.650     -13.039     -15.727      -5.222      -8.447     -15.751     -12.870     -10.968     -10.856      -7.846      -8.985      -5.934      -7.877      -6.647      -9.520     -12.371      -9.994     -10.361     -11.748     -10.239      -8.521     -11.960      -6.824      -7.047      -6.905     -15.692     -18.577     -16.061     -14.083     -11.361     -12.275     -10.813     -12.611     -11.606     -15.434     -13.112     -22.013     -14.843      -9.578     -11.350      -8.506     -10.130     -11.754     -13.677     -13.622     -18.013     -16.097     -13.330     -11.167     -12.160     -10.759     -12.333     -14.690     -12.751     -11.720     -22.520     -33.971     -19.693     -22.722     -33.774     -34.119     -19.612     -23.000     -29.082     -34.554     -58.777     -13.866     -14.970     -20.650     -17.018     -79.454     -80.516     -20.469     -28.134     -10.213     -27.460     -46.081     -15.793     -14.441     -20.421     -45.709     -27.496     -32.965     -45.597     -45.887     -16.819     -15.669     -21.059     -27.991     -33.890     -46.850     -55.773     -99.000     -13.426     -37.739     -13.774     -20.348     -38.644      -8.432     -16.236      -8.070     -11.998      -6.650     -30.146     -30.339     -31.017     -13.404     -11.036     -22.981     -23.588     -16.243     -18.403     -16.927     -12.169     -14.128     -13.403     -12.944     -10.470     -16.081     -17.385     -27.457     -52.500     -78.230     -29.579     -49.280     -54.304     -79.794      -8.346     -19.811     -20.696     -12.610     -23.183     -32.305     -47.585     -11.491     -19.269     -44.790     -13.928     -10.723     -12.380     -24.654     -20.707     -33.607     -27.797     -72.604     -22.484     -23.406     -13.797     -24.753     -17.911     -13.777     -22.375     -40.727     -44.100     -44.531     -42.090     -44.413     -71.606     -78.320     -37.878     -37.641     -14.028     -25.151     -17.353     -27.625     -21.758     -19.124     -29.966     -11.052     -20.702     -14.028     -43.754     -21.703     -31.295     -39.878     -21.286     -37.506     -22.413     -22.111     -31.831     -31.839     -31.658     -40.682     -23.012     -21.292     -24.983     -44.299     -33.958     -37.868     -43.897     -35.751     -46.222     -32.682     -36.120     -54.478     -53.400     -44.963     -47.622     -62.201     -78.779     -11.831     -18.029     -27.355     -12.368     -15.307     -41.182     -25.146     -18.357     -28.372     -38.163     -22.046     -22.202     -19.274     -22.151     -14.010     -23.235     -22.243     -31.268     -41.597     -22.321     -24.134     -33.634     -33.497     -39.413     -25.155     -32.136     -29.064     -33.006     -34.106     -41.366     -23.964     -24.195     -34.346     -34.050     -21.564     -24.784     -34.951     -37.798     -38.568     -38.289     -47.920     -44.227     -36.019     -46.922     -36.983     -32.587     -35.616     -54.543     -56.098     -62.650     -50.337     -44.766     -47.849     -70.589     -61.976     -64.892     -86.614     -79.633     -99.000     -99.000     -23.936     -10.620     -16.002     -12.054     -10.732     -18.852     -18.885     -28.600     -14.559     -10.628     -44.421     -23.617      -7.392     -16.599     -41.666      -5.915     -41.740     -10.271      -8.221     -12.005     -15.341     -26.105     -19.438     -61.627      -8.529     -14.483     -24.793     -17.737     -13.144     -14.397     -31.982     -42.193     -50.796     -15.124     -58.931     -16.786     -15.393     -14.532     -14.345     -17.744     -18.599     -16.111     -26.896     -81.399     -99.000     -36.812     -69.940     -19.575     -29.918     -42.276     -52.248     -61.707     -72.971     -20.910      -0.424      -8.837     -11.387     -21.736     -21.808     -28.434     -11.661     -22.463     -28.655     -35.154     -50.694     -11.233     -19.317      -8.052     -14.168     -22.155     -18.679     -27.471       0.563      -4.749      -9.148     -21.824     -33.836      -7.497     -16.053      -0.480     -11.143      -3.045      -8.908     -10.587      -6.516     -22.249      -1.153     -10.208      -7.060      -7.612      -9.323     -12.526     -18.760     -11.635     -17.476     -33.724     -24.114     -32.447     -24.101     -30.167     -24.003     -29.736     -37.556     -42.340     -50.997     -55.283     -65.913     -68.407     -85.042       0.651      -8.032       2.523      -1.516     -13.451     -10.684     -13.026     -10.827      -5.480      -1.710     -12.272     -18.489       0.735      -1.703      -5.673     -19.838     -11.666     -15.347      -0.620     -10.603     -16.990      -0.884      -4.256     -12.012      -1.730      -7.878      -0.261      -5.508       0.687      -6.529      -1.891     -11.500      -2.792     -12.070     -63.574      -5.463     -15.460     -26.000     -26.267     -26.394     -61.080     -16.766     -16.289     -15.215     -27.817     -13.744     -24.436     -63.542     -47.889     -28.138     -35.505     -58.280     -80.574     -99.000     -99.000     -20.137     -48.137     -28.366     -16.137     -46.972     -26.234     -77.309     -36.569     -47.744     -29.166     -16.615     -37.374     -48.078     -26.393     -77.089     -36.982     -48.274     -19.102     -18.704     -10.899     -50.726      -5.740     -15.501     -16.481     -24.795     -29.512     -22.281     -33.710     -41.508     -67.856     -18.745      -4.212     -13.477     -12.094     -93.995     -72.565      -9.971     -13.916     -19.092     -16.283     -18.489     -24.449     -20.153     -33.844     -35.057 
 41       5.224       4.155       1.562       1.004       1.884      -3.635      -1.234      -0.439      -2.215      -1.019      -2.464      -3.348      -3.239      -4.317       0.217      -1.286      -5.135      -8.562      -5.009      -6.435      -6.390      -1.766       1.170     -26.994      -5.304      -4.596      -5.797     -16.232     -17.234     -12.985     -14.750     -10.629     -12.761      -9.076     -13.269     -21.001      -1.327     -10.479      -6.294      -7.581      -7.102     -11.914      -8.771      -6.210     -10.013     -12.830     -10.479      -2.487      -3.220      -1.909      -5.532      -7.909      -5.108      -6.878      -4.634      -5.896      -3.712      -5.168      -9.433      -7.095      -8.606      -7.818      -5.677      -3.025      -9.707      -3.475      -4.683      -3.828      -8.448      -3.826      -4.631      -3.736      -5.706      -4.097      -6.028      -8.619      -8.114     -10.624      -9.546      -4.798      -2.602      -9.271      -7.830      -8.667      -6.369      -9.372      -6.728      -4.791      -9.643     -12.389      -5.195     -11.012     -10.824      -7.790      -8.581      -7.546      -9.720     -13.201     -15.826      -5.291      -8.493     -15.789     -12.991     -11.002     -10.873      -7.948      -9.079      -6.155      -8.065      -6.781      -9.569     -12.367     -10.044     -10.525     -11.899     -10.376      -8.643     -12.170      -6.948      -7.197      -6.956     -15.723     -18.677     -16.245     -14.149     -11.485     -12.412     -10.969     -12.756     -11.698     -15.486     -13.228     -21.984     -14.985      -9.685     -11.445      -8.710     -10.310     -11.845     -13.834     -13.770     -18.090     -16.237     -13.383     -11.257     -12.255     -10.874     -12.451     -14.727     -12.837     -11.815     -22.734     -34.313     -19.910     -22.898     -34.077     -34.384     -19.875     -23.252     -29.473     -34.935     -59.292     -14.076     -15.127     -20.976     -17.198     -79.985     -81.304     -20.677     -28.453     -10.287     -27.828     -46.480     -16.059     -14.713     -20.593     -46.064     -27.824     -33.187     -45.913     -46.166     -17.106     -15.957     -21.301     -28.401     -34.215     -47.293     -56.225     -99.000     -13.605     -38.053     -13.969     -20.734     -39.072      -8.730     -16.648      -8.343     -12.307      -6.829     -30.490     -30.712     -31.427     -13.766     -11.321     -23.350     -23.984     -16.636     -18.632     -17.176     -12.469     -14.380     -13.681     -13.293     -10.849     -16.401     -17.692     -27.799     -52.935     -78.725     -29.945     -49.887     -54.853     -80.521      -8.622     -20.178     -21.072     -12.991     -23.720     -32.921     -48.069     -11.816     -19.761     -45.322     -14.255     -11.059     -12.725     -25.309     -21.184     -34.391     -28.448     -74.023     -22.681     -23.660     -13.976     -25.127     -17.940     -13.780     -22.612     -41.080     -44.291     -44.984     -42.173     -44.914     -71.713     -78.708     -38.262     -37.989     -14.170     -25.490     -17.518     -27.858     -22.022     -19.225     -30.097     -11.122     -20.880     -14.138     -44.164     -21.907     -31.649     -39.994     -21.476     -37.657     -22.491     -22.187     -32.186     -31.948     -31.757     -40.997     -23.149     -21.519     -25.197     -44.705     -34.212     -38.235     -44.267     -36.008     -46.582     -32.979     -36.441     -54.912     -53.807     -45.340     -48.014     -62.504     -79.294     -11.944     -18.287     -27.712     -12.503     -15.444     -41.656     -25.531     -18.547     -28.623     -38.431     -22.343     -22.227     -19.377     -22.422     -14.162     -23.472     -22.493     -31.714     -41.746     -22.575     -24.255     -33.854     -33.712     -39.607     -25.222     -32.425     -29.512     -33.431     -34.219     -41.758     -24.232     -24.377     -34.614     -34.337     -21.869     -25.083     -35.309     -38.302     -38.934     -38.457     -48.142     -44.735     -36.405     -47.403     -37.215     -33.018     -36.058     -55.024     -56.642     -62.896     -50.636     -45.330     -48.383     -71.185     -62.525     -65.223     -87.328     -80.056     -99.000     -99.000     -24.336     -10.748     -16.115     -12.245     -10.920     -19.131     -19.165     -28.944     -14.686     -10.778     -44.698     -23.996      -7.538     -16.864     -41.978      -6.117     -42.293     -10.470      -8.408     -12.266     -15.570     -26.481     -19.762     -62.100      -8.623     -14.695     -25.043     -18.027     -13.251     -14.646     -32.336     -42.608     -51.260     -15.347     -59.438     -17.039     -15.706     -14.816     -14.664     -18.056     -18.900     -16.234     -27.557     -82.646     -99.000     -37.304     -70.711     -19.782     -30.208     -42.665     -52.720     -62.244     -73.603     -21.163      -0.408      -8.686     -11.399     -21.904     -21.939     -28.512     -11.709     -22.665     -28.814     -35.455     -51.119     -11.411     -19.394      -8.071     -14.203     -22.292     -18.840     -27.702       0.682      -4.621      -9.204     -21.943     -34.091      -7.718     -16.306      -0.465     -11.337      -2.870      -8.942     -10.579      -6.446     -22.307      -1.138     -10.108      -6.781      -7.534      -9.423     -12.592     -18.791     -11.632     -17.465     -33.724     -24.185     -32.464     -24.281     -30.326     -24.087     -29.792     -37.721     -42.493     -51.154     -55.457     -66.127     -68.681     -85.348       0.667      -7.920       2.711      -1.375     -13.533     -10.838     -13.087     -11.026      -5.035      -1.695     -12.082     -18.390       0.751      -1.493      -5.516     -19.958     -11.703     -15.436      -0.605     -10.432     -16.911      -0.696      -4.133     -11.981      -1.670      -7.795      -0.173      -5.429       0.705      -6.427      -1.876     -11.375      -2.777     -11.947     -64.112      -5.441     -15.492     -26.298     -26.526     -26.735     -61.465     -17.021     -16.478     -15.413     -28.294     -13.880     -24.570     -64.049     -48.507     -28.470     -35.976     -59.093     -81.688     -99.000     -99.000     -20.491     -48.365     -28.457     -16.269     -47.171     -26.464     -77.627     -36.915     -48.188     -29.262     -16.760     -37.426     -48.338     -26.696     -77.489     -37.432     -48.863     -19.258     -18.760     -10.980     -51.105      -5.725     -15.339     -16.512     -24.923     -29.593     -22.211     -33.816     -41.677     -68.404     -19.083      -4.197     -13.349     -12.235     -95.543     -73.303     -10.124     -14.141     -19.355     -16.709     -18.730     -24.893     -20.422     -34.398     -35.611 
 42       5.238       4.170       1.563       1.018       1.898      -3.593      -1.243      -0.459      -2.200      -1.023      -2.445      -3.314      -3.234      -4.301       0.206      -1.275      -5.066      -8.523      -4.996      -6.417      -6.425      -1.797       1.104     -26.926      -5.423      -4.779      -5.879     -16.258     -17.157     -12.953     -14.740     -10.744     -12.955      -9.198     -13.303     -20.930      -1.212     -10.142      -6.340      -7.566      -7.076     -12.027      -8.843      -6.105     -10.093     -12.840     -10.559      -2.552      -3.265      -1.979      -5.629      -7.906      -5.153      -6.914      -4.710      -5.985      -3.790      -5.244      -9.410      -7.125      -8.667      -7.861      -5.728      -2.883      -9.738      -3.454      -4.581      -3.760      -8.345      -3.842      -4.654      -3.780      -5.725      -4.095      -5.960      -8.576      -8.098     -10.615      -9.543      -4.940      -2.822      -9.378      -7.939      -8.840      -6.542      -9.439      -6.723      -4.859      -9.752     -12.453      -5.312     -11.058     -10.857      -7.917      -8.767      -7.660      -9.779     -13.340     -15.906      -5.348      -8.535     -15.818     -13.089     -11.028     -10.883      -8.032      -9.156      -6.338      -8.225      -6.896      -9.610     -12.359     -10.083     -10.660     -12.022     -10.491      -8.743     -12.347      -7.054      -7.329      -7.003     -15.747     -18.758     -16.398     -14.202     -11.586     -12.524     -11.098     -12.880     -11.777     -15.526     -13.322     -21.957     -15.107      -9.776     -11.526      -8.882     -10.467     -11.926     -13.971     -13.900     -18.153     -16.353     -13.425     -11.330     -12.333     -10.968     -12.553     -14.756     -12.907     -11.893     -22.911     -34.596     -20.090     -23.043     -34.329     -34.604     -20.092     -23.460     -29.796     -35.250     -59.716     -14.251     -15.256     -21.245     -17.345     -80.427     -81.957     -20.847     -28.714     -10.349     -28.139     -46.814     -16.283     -14.942     -20.741     -46.364     -28.102     -33.376     -46.180     -46.403     -17.347     -16.201     -21.503     -28.746     -34.488     -47.665     -56.604     -99.000     -13.760     -38.320     -14.132     -21.060     -39.433      -8.980     -16.995      -8.572     -12.570      -6.980     -30.781     -31.029     -31.773     -14.072     -11.561     -23.663     -24.319     -16.968     -18.823     -17.384     -12.723     -14.592     -13.915     -13.589     -11.167     -16.677     -17.946     -28.089     -53.305     -79.145     -30.254     -50.398     -55.315     -81.131      -8.855     -20.489     -21.390     -13.314     -24.176     -33.444     -48.474     -12.092     -20.177     -45.766     -14.529     -11.345     -13.020     -25.864     -21.593     -35.057     -29.004     -75.220     -22.845     -23.871     -14.125     -25.437     -17.961     -13.776     -22.809     -41.378     -44.450     -45.367     -42.240     -45.332     -71.798     -79.034     -38.587     -38.283     -14.287     -25.774     -17.655     -28.053     -22.242     -19.308     -30.207     -11.182     -21.035     -14.229     -44.510     -22.077     -31.945     -40.087     -21.634     -37.778     -22.557     -22.251     -32.484     -32.040     -31.838     -41.263     -23.267     -21.707     -25.376     -45.045     -34.425     -38.542     -44.581     -36.227     -46.890     -33.226     -36.710     -55.272     -54.143     -45.656     -48.342     -62.761     -79.723     -12.039     -18.505     -28.012     -12.613     -15.557     -42.054     -25.853     -18.705     -28.832     -38.654     -22.591     -22.246     -19.461     -22.655     -14.288     -23.667     -22.700     -32.087     -41.864     -22.785     -24.355     -34.037     -33.891     -39.764     -25.277     -32.669     -29.886     -33.784     -34.310     -42.089     -24.458     -24.530     -34.844     -34.581     -22.123     -25.330     -35.606     -38.723     -39.237     -38.596     -48.326     -45.163     -36.730     -47.811     -37.410     -33.376     -36.425     -55.422     -57.091     -63.099     -50.887     -45.799     -48.827     -71.679     -62.987     -65.500     -87.920     -80.410     -99.000     -99.000     -24.669     -10.855     -16.206     -12.401     -11.078     -19.364     -19.398     -29.232     -14.790     -10.901     -44.924     -24.309      -7.658     -17.085     -42.235      -6.285     -42.758     -10.641      -8.567     -12.485     -15.760     -26.795     -20.033     -62.494      -8.699     -14.872     -25.252     -18.267     -13.338     -14.854     -32.631     -42.955     -51.646     -15.533     -59.860     -17.259     -15.971     -15.059     -14.930     -18.317     -19.150     -16.336     -28.148     -83.692     -99.000     -37.730     -71.377     -19.962     -30.461     -43.005     -53.133     -62.712     -74.155     -21.369      -0.394      -8.556     -11.407     -22.044     -22.048     -28.574     -11.748     -22.831     -28.942     -35.703     -51.469     -11.559     -19.456      -8.085     -14.228     -22.403     -18.971     -27.890       0.780      -4.513      -9.254     -22.045     -34.306      -7.906     -16.519      -0.451     -11.499      -2.724      -8.966     -10.575      -6.387     -22.359      -1.124     -10.024      -6.546      -7.466      -9.507     -12.650     -18.817     -11.632     -17.455     -33.718     -24.242     -32.474     -24.435     -30.461     -24.160     -29.840     -37.861     -42.621     -51.287     -55.600     -66.306     -68.908     -85.602       0.681      -7.824       2.870      -1.254     -13.598     -10.966     -13.135     -11.192      -4.660      -1.680     -11.919     -18.302       0.766      -1.318      -5.382     -20.057     -11.732     -15.511      -0.591     -10.286     -16.840      -0.538      -4.027     -11.953      -1.623      -7.727      -0.102      -5.363       0.722      -6.338      -1.862     -11.268      -2.763     -11.841     -64.557      -5.421     -15.515     -26.547     -26.743     -27.019     -61.784     -17.233     -16.636     -15.580     -28.691     -13.993     -24.680     -64.472     -49.021     -28.747     -36.368     -59.774     -82.621     -99.000     -99.000     -20.791     -48.552     -28.532     -16.379     -47.333     -26.655     -77.889     -37.204     -48.559     -29.340     -16.880     -37.465     -48.550     -26.945     -77.816     -37.806     -49.352     -19.386     -18.805     -11.047     -51.418      -5.711     -15.199     -16.535     -25.027     -29.657     -22.148     -33.900     -41.812     -68.860     -19.364      -4.183     -13.237     -12.352     -96.834     -73.921     -10.247     -14.325     -19.570     -17.061     -18.928     -25.263     -20.642     -34.861     -36.074 
 43       5.251       4.184       1.565       1.031       1.912      -3.553      -1.247      -0.473      -2.186      -1.024      -2.425      -3.280      -3.227      -4.283       0.195      -1.266      -5.002      -8.486      -4.980      -6.398      -6.453      -1.824       1.049     -26.859      -5.528      -4.936      -5.948     -16.279     -17.083     -12.913     -14.727     -10.840     -13.127      -9.308     -13.332     -20.863      -1.110      -9.847      -6.384      -7.552      -7.052     -12.130      -8.912      -6.012     -10.164     -12.846     -10.627      -2.608      -3.302      -2.037      -5.712      -7.901      -5.189      -6.941      -4.775      -6.064      -3.859      -5.308      -9.387      -7.149      -8.721      -7.898      -5.772      -2.757      -9.763      -3.436      -4.490      -3.700      -8.254      -3.854      -4.673      -3.818      -5.743      -4.095      -5.899      -8.536      -8.082     -10.605      -9.541      -5.063      -3.014      -9.472      -8.032      -8.994      -6.695      -9.498      -6.720      -4.920      -9.847     -12.511      -5.413     -11.096     -10.882      -8.025      -8.931      -7.760      -9.830     -13.463     -15.973      -5.398      -8.575     -15.840     -13.172     -11.049     -10.889      -8.103      -9.221      -6.496      -8.365      -6.997      -9.645     -12.349     -10.114     -10.775     -12.126     -10.592      -8.827     -12.502      -7.148      -7.446      -7.047     -15.768     -18.825     -16.528     -14.244     -11.670     -12.618     -11.207     -12.987     -11.846     -15.557     -13.402     -21.933     -15.214      -9.855     -11.598      -9.031     -10.607     -11.998     -14.093     -14.018     -18.206     -16.453     -13.459     -11.391     -12.398     -11.048     -12.644     -14.779     -12.967     -11.959     -23.062     -34.839     -20.244     -23.167     -34.544     -34.793     -20.277     -23.636     -30.072     -35.520     -60.077     -14.400     -15.366     -21.477     -17.468     -80.806     -82.515     -20.990     -28.936     -10.402     -28.409     -47.105     -16.479     -15.142     -20.873     -46.624     -28.344     -33.542     -46.413     -46.610     -17.557     -16.412     -21.679     -29.046     -34.725     -47.988     -56.931     -99.000     -13.897     -38.553     -14.272     -21.344     -39.746      -9.199     -17.296      -8.772     -12.801      -7.112     -31.036     -31.305     -32.074     -14.339     -11.770     -23.936     -24.610     -17.257     -18.988     -17.563     -12.943     -14.776     -14.120     -13.850     -11.445     -16.922     -18.163     -28.344     -53.629     -79.514     -30.524     -50.843     -55.716     -81.660      -9.059     -20.762     -21.668     -13.595     -24.575     -33.901     -48.821     -12.334     -20.540     -46.149     -14.767     -11.596     -13.280     -26.350     -21.954     -35.640     -29.495     -76.261     -22.987     -24.051     -14.251     -25.702     -17.979     -13.768     -22.979     -41.638     -44.587     -45.700     -42.296     -45.690     -71.868     -79.315     -38.868     -38.539     -14.388     -26.019     -17.773     -28.221     -22.432     -19.380     -30.301     -11.236     -21.174     -14.308     -44.812     -22.224     -32.201     -40.162     -21.768     -37.880     -22.613     -22.306     -32.740     -32.118     -31.907     -41.496     -23.371     -21.869     -25.529     -45.337     -34.607     -38.807     -44.855     -36.419     -47.162     -33.440     -36.943     -55.581     -54.430     -45.928     -48.626     -62.986     -80.091     -12.122     -18.694     -28.273     -12.707     -15.653     -42.400     -26.131     -18.840     -29.012     -38.845     -22.803     -22.260     -19.532     -22.860     -14.396     -23.832     -22.878     -32.407     -41.959     -22.963     -24.439     -34.194     -34.045     -39.895     -25.322     -32.881     -30.207     -34.088     -34.386     -42.375     -24.655     -24.663     -35.046     -34.796     -22.340     -25.542     -35.859     -39.084     -39.497     -38.714     -48.483     -45.534     -37.013     -48.167     -37.579     -33.683     -36.741     -55.762     -57.473     -63.272     -51.104     -46.202     -49.208     -72.100     -63.387     -65.738     -88.425     -80.716     -99.000     -99.000     -24.954     -10.949     -16.281     -12.533     -11.214     -19.564     -19.599     -29.481     -14.875     -11.007     -45.115     -24.576      -7.760     -17.277     -42.452      -6.428     -43.161     -10.790      -8.706     -12.673     -15.923     -27.066     -20.267     -62.832      -8.762     -15.025     -25.431     -18.472     -13.410     -15.035     -32.885     -43.255     -51.978     -15.694     -60.222     -17.455     -16.202     -15.273     -15.158     -18.541     -19.364     -16.423     -28.692     -84.595     -99.000     -38.107     -71.966     -20.123     -30.688     -43.309     -53.502     -63.130     -74.649     -21.542      -0.380      -8.440     -11.412     -22.163     -22.141     -28.625     -11.780     -22.973     -29.049     -35.914     -51.766     -11.686     -19.505      -8.094     -14.247     -22.495     -19.080     -28.048       0.864      -4.418      -9.298     -22.133     -34.494      -8.069     -16.703      -0.437     -11.639      -2.596      -8.983     -10.573      -6.334     -22.407      -1.110      -9.950      -6.340      -7.405      -9.580     -12.702     -18.840     -11.634     -17.447     -33.708     -24.288     -32.477     -24.569     -30.577     -24.224     -29.880     -37.984     -42.730     -51.400     -55.721     -66.460     -69.101     -85.819       0.695      -7.737       3.009      -1.147     -13.651     -11.073     -13.173     -11.335      -4.334      -1.667     -11.775     -18.222       0.780      -1.164      -5.264     -20.140     -11.756     -15.575      -0.577     -10.156     -16.774      -0.401      -3.933     -11.926      -1.584      -7.668      -0.042      -5.307       0.738      -6.256      -1.848     -11.173      -2.749     -11.745     -64.936      -5.403     -15.533     -26.761     -26.930     -27.263     -62.057     -17.415     -16.771     -15.723     -29.032     -14.089     -24.773     -64.836     -49.463     -28.984     -36.707     -60.364     -83.426     -99.000     -99.000     -21.054     -48.711     -28.595     -16.473     -47.470     -26.817     -78.110     -37.454     -48.878     -29.403     -16.981     -37.494     -48.728     -27.157     -78.091     -38.127     -49.771     -19.493     -18.840     -11.102     -51.684      -5.697     -15.075     -16.552     -25.115     -29.708     -22.090     -33.969     -41.924     -69.254     -19.604      -4.169     -13.137     -12.453     -97.946     -74.455     -10.350     -14.479     -19.752     -17.363     -19.096     -25.580     -20.829     -35.259     -36.473 
 44       5.264       4.198       1.566       1.044       1.925      -3.515      -1.249      -0.484      -2.173      -1.021      -2.406      -3.246      -3.220      -4.265       0.185      -1.258      -4.942      -8.450      -4.963      -6.378      -6.475      -1.848       1.003     -26.793      -5.621      -5.075      -6.008     -16.297     -17.010     -12.865     -14.710     -10.923     -13.282      -9.408     -13.357     -20.799      -1.018      -9.582      -6.426      -7.537      -7.030     -12.225      -8.978      -5.925     -10.227     -12.849     -10.685      -2.658      -3.333      -2.087      -5.783      -7.893      -5.218      -6.963      -4.829      -6.133      -3.919      -5.365      -9.364      -7.169      -8.771      -7.928      -5.809      -2.641      -9.784      -3.420      -4.406      -3.644      -8.170      -3.862      -4.689      -3.849      -5.760      -4.096      -5.843      -8.499      -8.064     -10.594      -9.537      -5.172      -3.185      -9.555      -8.112      -9.133      -6.833      -9.551      -6.718      -4.976      -9.931     -12.566      -5.501     -11.129     -10.902      -8.119      -9.077      -7.850      -9.875     -13.575     -16.031      -5.441      -8.611     -15.857     -13.242     -11.066     -10.891      -8.166      -9.276      -6.633      -8.490      -7.086      -9.674     -12.337     -10.139     -10.875     -12.215     -10.682      -8.899     -12.639      -7.233      -7.553      -7.088     -15.784     -18.883     -16.642     -14.279     -11.742     -12.698     -11.301     -13.083     -11.907     -15.582     -13.471     -21.908     -15.311      -9.925     -11.662      -9.164     -10.734     -12.065     -14.204     -14.126     -18.250     -16.540     -13.488     -11.444     -12.453     -11.117     -12.725     -14.797     -13.019     -12.017     -23.193     -35.051     -20.378     -23.276     -34.734     -34.960     -20.438     -23.790     -30.312     -35.755     -60.391     -14.531     -15.462     -21.679     -17.575     -81.139     -83.003     -21.113     -29.129     -10.447     -28.651     -47.363     -16.654     -15.321     -20.993     -46.856     -28.561     -33.691     -46.620     -46.795     -17.744     -16.600     -21.834     -29.313     -34.935     -48.274     -57.219     -99.000     -14.021     -38.762     -14.395     -21.596     -40.024      -9.393     -17.564      -8.950     -13.008      -7.229     -31.265     -31.551     -32.342     -14.578     -11.955     -24.180     -24.870     -17.515     -19.133     -17.721     -13.140     -14.940     -14.302     -14.083     -11.692     -17.144     -18.352     -28.574     -53.920     -79.844     -30.765     -51.240     -56.073     -82.129      -9.242     -21.006     -21.916     -13.846     -24.932     -34.310     -49.128     -12.550     -20.865     -46.487     -14.977     -11.820     -13.514     -26.785     -22.280     -36.163     -29.938     -77.189     -23.112     -24.210     -14.360     -25.934     -17.992     -13.756     -23.128     -41.868     -44.706     -45.996     -42.343     -46.006     -71.925     -79.562     -39.119     -38.768     -14.477     -26.236     -17.876     -28.370     -22.599     -19.442     -30.383     -11.285     -21.299     -14.377     -45.081     -22.353     -32.427     -40.225     -21.886     -37.966     -22.662     -22.353     -32.967     -32.185     -31.967     -41.704     -23.465     -22.012     -25.664     -45.594     -34.768     -39.042     -45.100     -36.591     -47.406     -33.628     -37.151     -55.853     -54.682     -46.169     -48.878     -63.188     -80.415     -12.196     -18.861     -28.504     -12.788     -15.737     -42.706     -26.375     -18.959     -29.170     -39.012     -22.991     -22.270     -19.591     -23.045     -14.489     -23.976     -23.033     -32.689     -42.038     -23.117     -24.512     -34.332     -34.179     -40.005     -25.359     -33.069     -30.490     -34.356     -34.450     -42.630     -24.829     -24.782     -35.226     -34.988     -22.531     -25.726     -36.080     -39.403     -39.723     -38.816     -48.619     -45.863     -37.263     -48.484     -37.727     -33.953     -37.019     -56.059     -57.805     -63.422     -51.294     -46.557     -49.543     -72.467     -63.740     -65.946     -88.865     -80.985     -99.000     -99.000     -25.204     -11.031     -16.344     -12.648     -11.333     -19.741     -19.776     -29.700     -14.948     -11.098     -45.279     -24.808      -7.848     -17.446     -42.639      -6.553     -43.518     -10.924      -8.830     -12.839     -16.063     -27.306     -20.472     -63.129      -8.815     -15.159     -25.589     -18.652     -13.471     -15.194     -33.110     -43.519     -52.269     -15.836     -60.541     -17.634     -16.407     -15.466     -15.359     -18.739     -19.552     -16.497     -29.203     -85.392     -99.000     -38.447     -72.498     -20.269     -30.894     -43.586     -53.838     -63.511     -75.098     -21.691      -0.366      -8.335     -11.413     -22.267     -22.223     -28.668     -11.807     -23.096     -29.139     -36.096     -52.025     -11.797     -19.545      -8.101     -14.260     -22.573     -19.174     -28.185       0.938      -4.332      -9.337     -22.212     -34.661      -8.216     -16.867      -0.423     -11.761      -2.482      -8.995     -10.573      -6.286     -22.451      -1.096      -9.884      -6.156      -7.348      -9.645     -12.749     -18.859     -11.635     -17.438     -33.694     -24.325     -32.475     -24.689     -30.679     -24.281     -29.915     -38.092     -42.826     -51.499     -55.825     -66.593     -69.268     -86.008       0.710      -7.657       3.133      -1.050     -13.695     -11.166     -13.204     -11.461      -4.041      -1.653     -11.643     -18.146       0.794      -1.027      -5.156     -20.212     -11.775     -15.631      -0.563     -10.038     -16.712      -0.277      -3.848     -11.900      -1.549      -7.615       0.011      -5.256       0.753      -6.180      -1.834     -11.087      -2.735     -11.658     -65.265      -5.386     -15.546     -26.950     -27.096     -27.477     -62.295     -17.574     -16.889     -15.848     -29.332     -14.172     -24.853     -65.158     -49.853     -29.193     -37.005     -60.885     -84.139     -99.000     -99.000     -21.288     -48.847     -28.648     -16.555     -47.589     -26.958     -78.303     -37.676     -49.161     -29.457     -17.068     -37.516     -48.882     -27.341     -78.328     -38.408     -50.139     -19.584     -18.868     -11.148     -51.916      -5.683     -14.961     -16.564     -25.190     -29.749     -22.034     -34.025     -42.017     -69.600     -19.816      -4.155     -13.044     -12.541     -98.925     -74.927     -10.437     -14.611     -19.908     -17.627     -19.240     -25.858     -20.991     -35.610     -36.824 
 45       5.278       4.212       1.567       1.057       1.938      -3.478      -1.248      -0.492      -2.158      -1.016      -2.387      -3.212      -3.211      -4.245       0.175      -1.249      -4.883      -8.415      -4.945      -6.356      -6.494      -1.869       0.964     -26.726      -5.706      -5.201      -6.061     -16.312     -16.937     -12.811     -14.690     -10.996     -13.425      -9.501     -13.380     -20.736      -0.933      -9.338      -6.466      -7.523      -7.008     -12.314      -9.041      -5.844     -10.285     -12.849     -10.735      -2.704      -3.360      -2.130      -5.845      -7.883      -5.242      -6.980      -4.877      -6.195      -3.973      -5.415      -9.340      -7.184      -8.816      -7.955      -5.842      -2.533      -9.801      -3.405      -4.327      -3.592      -8.090      -3.867      -4.702      -3.875      -5.774      -4.096      -5.790      -8.463      -8.045     -10.582      -9.532      -5.271      -3.340      -9.630      -8.183      -9.260      -6.961      -9.600      -6.716      -5.026     -10.006     -12.617      -5.580     -11.157     -10.917      -8.203      -9.211      -7.933      -9.915     -13.678     -16.080      -5.479      -8.646     -15.870     -13.303     -11.079     -10.889      -8.221      -9.324      -6.756      -8.604      -7.168      -9.700     -12.323     -10.159     -10.964     -12.293     -10.763      -8.962     -12.764      -7.310      -7.652      -7.126     -15.798     -18.931     -16.744     -14.307     -11.805     -12.769     -11.384     -13.169     -11.962     -15.601     -13.532     -21.884     -15.400      -9.988     -11.721      -9.284     -10.850     -12.127     -14.306     -14.228     -18.289     -16.618     -13.511     -11.490     -12.502     -11.179     -12.800     -14.811     -13.065     -12.067     -23.310     -35.240     -20.498     -23.372     -34.903     -35.110     -20.581     -23.926     -30.526     -35.965     -60.668     -14.647     -15.546     -21.859     -17.668     -81.437     -83.438     -21.220     -29.298     -10.487     -28.869     -47.596     -16.812     -15.483     -21.104     -47.066     -28.758     -33.827     -46.809     -46.964     -17.913     -16.770     -21.974     -29.554     -35.124     -48.532     -57.479     -99.000     -14.136     -38.954     -14.506     -21.825     -40.276      -9.569     -17.807      -9.111     -13.197      -7.334     -31.473     -31.774     -32.586     -14.794     -12.122     -24.403     -25.106     -17.749     -19.263     -17.864     -13.319     -15.090     -14.467     -14.297     -11.916     -17.348     -18.521     -28.784     -54.187     -80.147     -30.985     -51.599     -56.396     -82.553      -9.408     -21.229     -22.141     -14.074     -25.258     -34.683     -49.402     -12.748     -21.161     -46.789     -15.167     -12.026     -13.729     -27.182     -22.580     -36.641     -30.346     -78.033     -23.225     -24.350     -14.457     -26.141     -18.002     -13.741     -23.262     -42.077     -44.811     -46.264     -42.382     -46.288     -71.971     -79.784     -39.347     -38.977     -14.556     -26.430     -17.969     -28.504     -22.750     -19.496     -30.455     -11.330     -21.415     -14.439     -45.325     -22.468     -32.631     -40.278     -21.991     -38.039     -22.705     -22.396     -33.172     -32.245     -32.019     -41.892     -23.551     -22.140     -25.785     -45.826     -34.913     -39.253     -45.323     -36.748     -47.629     -33.798     -37.338     -56.097     -54.906     -46.386     -49.107     -63.371     -80.705     -12.262     -19.013     -28.712     -12.859     -15.810     -42.983     -26.595     -19.064     -29.311     -39.161     -23.158     -22.277     -19.643     -23.213     -14.573     -24.103     -23.170     -32.942     -42.103     -23.254     -24.576     -34.455     -34.298     -40.099     -25.390     -33.238     -30.744     -34.596     -34.504     -42.859     -24.987     -24.888     -35.389     -35.162     -22.700     -25.890     -36.277     -39.688     -39.924     -38.905     -48.738     -46.160     -37.488     -48.771     -37.860     -34.194     -37.268     -56.322     -58.099     -63.554     -51.464     -46.875     -49.843     -72.793     -64.057     -66.130     -89.254     -81.225     -99.000     -99.000     -25.427     -11.105     -16.397     -12.748     -11.440     -19.899     -19.934     -29.896     -15.010     -11.179     -45.421     -25.014      -7.925     -17.598     -42.803      -6.664     -43.840     -11.045      -8.942     -12.988     -16.186     -27.520     -20.657     -63.393      -8.861     -15.280     -25.731     -18.811     -13.523     -15.337     -33.311     -43.756     -52.529     -15.963     -60.825     -17.800     -16.594     -15.643     -15.538     -18.916     -19.720     -16.563     -29.691     -86.107     -99.000     -38.759     -72.985     -20.404     -31.085     -43.842     -54.148     -63.862     -75.514     -21.821      -0.352      -8.237     -11.413     -22.359     -22.296     -28.704     -11.830     -23.204     -29.217     -36.257     -52.254     -11.896     -19.577      -8.104     -14.268     -22.640     -19.255     -28.303       1.004      -4.252      -9.373     -22.283     -34.811      -8.348     -17.015      -0.409     -11.870      -2.378      -9.003     -10.574      -6.242     -22.493      -1.081      -9.824      -5.988      -7.295      -9.703     -12.791     -18.875     -11.636     -17.428     -33.675     -24.355     -32.468     -24.797     -30.770     -24.332     -29.944     -38.189     -42.909     -51.587     -55.915     -66.711     -69.415     -86.175       0.724      -7.582       3.247      -0.959     -13.731     -11.248     -13.228     -11.573      -3.774      -1.638     -11.521     -18.073       0.808      -0.901      -5.057     -20.275     -11.791     -15.681      -0.549      -9.927     -16.651      -0.164      -3.768     -11.873      -1.518      -7.567       0.058      -5.211       0.769      -6.107      -1.820     -11.007      -2.721     -11.575     -65.558      -5.370     -15.554     -27.120     -27.245     -27.668     -62.507     -17.716     -16.994     -15.961     -29.600     -14.246     -24.923     -65.447     -50.202     -29.380     -37.273     -61.356     -84.782     -99.000     -99.000     -21.502     -48.967     -28.695     -16.628     -47.692     -27.084     -78.472     -37.875     -49.416     -29.502     -17.145     -37.531     -49.016     -27.504     -78.535     -38.660     -50.467     -19.664     -18.891     -11.187     -52.121      -5.669     -14.854     -16.573     -25.255     -29.783     -21.980     -34.072     -42.096     -69.910     -20.004      -4.141     -12.957     -12.619     -99.000     -75.352     -10.512     -14.725     -20.045     -17.861     -19.366     -26.106     -21.134     -35.924     -37.139 
 46       5.292       4.227       1.568       1.070       1.952      -3.441      -1.244      -0.498      -2.144      -1.008      -2.366      -3.177      -3.201      -4.223       0.166      -1.241      -4.825      -8.379      -4.924      -6.333      -6.509      -1.887       0.930     -26.657      -5.784      -5.315      -6.107     -16.325     -16.863     -12.751     -14.666     -11.060     -13.557      -9.588     -13.401     -20.674      -0.851      -9.110      -6.506      -7.507      -6.987     -12.398      -9.103      -5.766     -10.337     -12.846     -10.779      -2.745      -3.382      -2.167      -5.900      -7.870      -5.261      -6.993      -4.918      -6.251      -4.023      -5.461      -9.314      -7.195      -8.858      -7.978      -5.870      -2.430      -9.814      -3.391      -4.251      -3.542      -8.014      -3.870      -4.713      -3.898      -5.787      -4.096      -5.739      -8.428      -8.025     -10.569      -9.525      -5.360      -3.483      -9.699      -8.246      -9.379      -7.079      -9.645      -6.714      -5.074     -10.076     -12.666      -5.651     -11.180     -10.928      -8.278      -9.335      -8.008      -9.953     -13.774     -16.124      -5.514      -8.679     -15.878     -13.356     -11.089     -10.885      -8.270      -9.367      -6.868      -8.708      -7.243      -9.724     -12.306     -10.174     -11.043     -12.362     -10.837      -9.018     -12.879      -7.383      -7.744      -7.163     -15.808     -18.974     -16.835     -14.329     -11.859     -12.830     -11.458     -13.247     -12.012     -15.615     -13.585     -21.859     -15.481     -10.044     -11.775      -9.393     -10.958     -12.185     -14.403     -14.323     -18.322     -16.688     -13.531     -11.530     -12.544     -11.233     -12.868     -14.822     -13.106     -12.112     -23.414     -35.411     -20.605     -23.460     -35.056     -35.246     -20.710     -24.047     -30.719     -36.154     -60.916     -14.751     -15.621     -22.022     -17.750     -81.709     -83.830     -21.314     -29.449     -10.522     -29.071     -47.809     -16.959     -15.633     -21.208     -47.259     -28.940     -33.953     -46.983     -47.121     -18.069     -16.926     -22.101     -29.775     -35.297     -48.767     -57.715     -99.000     -14.244     -39.131     -14.606     -22.035     -40.507      -9.731     -18.031      -9.259     -13.372      -7.431     -31.666     -31.981     -32.809     -14.994     -12.276     -24.609     -25.323     -17.965     -19.381     -17.993     -13.483     -15.227     -14.619     -14.495     -12.123     -17.539     -18.673     -28.978     -54.435     -80.428     -31.186     -51.930     -56.693     -82.940      -9.561     -21.435     -22.348     -14.284     -25.559     -35.027     -49.651     -12.930     -21.435     -47.065     -15.340     -12.216     -13.929     -27.549     -22.859     -37.084     -30.726     -78.810     -23.329     -24.477     -14.543     -26.327     -18.008     -13.723     -23.384     -42.269     -44.906     -46.509     -42.414     -46.545     -72.008     -79.984     -39.556     -39.169     -14.627     -26.608     -18.053     -28.626     -22.887     -19.545     -30.520     -11.371     -21.523     -14.494     -45.548     -22.574     -32.818     -40.323     -22.087     -38.103     -22.745     -22.434     -33.359     -32.298     -32.065     -42.066     -23.631     -22.256     -25.894     -46.037     -35.044     -39.447     -45.527     -36.893     -47.836     -33.954     -37.510     -56.319     -55.108     -46.586     -49.316     -63.540     -80.969     -12.323     -19.153     -28.904     -12.922     -15.875     -43.236     -26.794     -19.159     -29.439     -39.295     -23.310     -22.280     -19.687     -23.369     -14.648     -24.215     -23.294     -33.173     -42.157     -23.377     -24.632     -34.565     -34.406     -40.179     -25.416     -33.392     -30.975     -34.814     -34.551     -43.070     -25.130     -24.985     -35.539     -35.322     -22.854     -26.038     -36.455     -39.947     -40.104     -38.984     -48.845     -46.431     -37.693     -49.035     -37.980     -34.413     -37.494     -56.558     -58.363     -63.671     -51.617     -47.163     -50.115     -73.085     -64.347     -66.296     -89.604     -81.442     -99.000     -99.000     -25.629     -11.172     -16.442     -12.837     -11.537     -20.042     -20.078     -30.075     -15.063     -11.252     -45.546     -25.199      -7.993     -17.738     -42.948      -6.764     -44.135     -11.157      -9.045     -13.123     -16.295     -27.716     -20.825     -63.631      -8.901     -15.389     -25.859     -18.954     -13.569     -15.468     -33.493     -43.971     -52.764     -16.080     -61.082     -17.955     -16.765     -15.808     -15.702     -19.077     -19.872     -16.621     -30.164     -86.756     -99.000     -39.048     -73.436     -20.529     -31.262     -44.081     -54.438     -64.189     -75.901     -21.935      -0.338      -8.143     -11.410     -22.441     -22.361     -28.735     -11.848     -23.301     -29.284     -36.400     -52.459     -11.984     -19.603      -8.105     -14.272     -22.697     -19.326     -28.408       1.065      -4.178      -9.406     -22.347     -34.948      -8.471     -17.151      -0.394     -11.969      -2.282      -9.007     -10.575      -6.200     -22.531      -1.067      -9.767      -5.831      -7.243      -9.756     -12.829     -18.888     -11.637     -17.417     -33.653     -24.379     -32.457     -24.895     -30.851     -24.378     -29.968     -38.277     -42.984     -51.664     -55.992     -66.814     -69.545     -86.324       0.739      -7.509       3.354      -0.873     -13.761     -11.320     -13.247     -11.674      -3.526      -1.624     -11.405     -18.002       0.823      -0.784      -4.964     -20.330     -11.803     -15.725      -0.534      -9.822     -16.591      -0.058      -3.693     -11.846      -1.490      -7.521       0.102      -5.168       0.784      -6.036      -1.805     -10.931      -2.706     -11.497     -65.820      -5.353     -15.559     -27.274     -27.381     -27.842     -62.697     -17.845     -17.088     -16.063     -29.843     -14.312     -24.984     -65.710     -50.519     -29.550     -37.517     -61.786     -85.370     -99.000     -99.000     -21.700     -49.072     -28.735     -16.695     -47.784     -27.198     -78.623     -38.058     -49.649     -29.540     -17.214     -37.541     -49.134     -27.650     -78.717     -38.887     -50.765     -19.733     -18.908     -11.221     -52.304      -5.654     -14.754     -16.578     -25.311     -29.809     -21.926     -34.111     -42.163     -70.190     -20.175      -4.126     -12.872     -12.690     -99.000     -75.740     -10.576     -14.825     -20.166     -18.071     -19.477     -26.331     -21.260     -36.208     -37.425 
 47       5.306       4.242       1.569       1.084       1.967      -3.404      -1.238      -0.501      -2.128      -0.997      -2.345      -3.140      -3.190      -4.200       0.159      -1.233      -4.768      -8.343      -4.902      -6.308      -6.520      -1.904       0.902     -26.585      -5.856      -5.421      -6.148     -16.335     -16.787     -12.684     -14.639     -11.117     -13.680      -9.669     -13.420     -20.611      -0.774      -8.895      -6.544      -7.491      -6.966     -12.476      -9.162      -5.690     -10.386     -12.839     -10.818      -2.783      -3.400      -2.200      -5.949      -7.855      -5.275      -7.003      -4.954      -6.302      -4.067      -5.502      -9.287      -7.204      -8.897      -7.999      -5.896      -2.330      -9.824      -3.377      -4.177      -3.493      -7.940      -3.869      -4.722      -3.916      -5.798      -4.096      -5.689      -8.392      -8.003     -10.555      -9.517      -5.443      -3.617      -9.762      -8.303      -9.490      -7.191      -9.687      -6.712      -5.118     -10.139     -12.711      -5.716     -11.200     -10.936      -8.345      -9.450      -8.079      -9.987     -13.866     -16.161      -5.545      -8.710     -15.883     -13.402     -11.096     -10.877      -8.314      -9.404      -6.970      -8.804      -7.312      -9.744     -12.287     -10.186     -11.115     -12.424     -10.906      -9.066     -12.986      -7.451      -7.831      -7.197     -15.817     -19.010     -16.918     -14.347     -11.908     -12.885     -11.525     -13.318     -12.058     -15.625     -13.632     -21.834     -15.558     -10.096     -11.825      -9.494     -11.059     -12.241     -14.493     -14.415     -18.352     -16.752     -13.547     -11.565     -12.582     -11.282     -12.932     -14.829     -13.142     -12.153     -23.509     -35.567     -20.703     -23.539     -35.197     -35.372     -20.827     -24.157     -30.894     -36.326     -61.141     -14.846     -15.688     -22.170     -17.822     -81.959     -84.187     -21.398     -29.584     -10.553     -29.258     -48.007     -17.095     -15.772     -21.308     -47.438     -29.111     -34.071     -47.145     -47.268     -18.213     -17.071     -22.218     -29.980     -35.457     -48.985     -57.932     -99.000     -14.345     -39.296     -14.697     -22.231     -40.721      -9.882     -18.238      -9.397     -13.534      -7.520     -31.847     -32.173     -33.017     -15.180     -12.418     -24.801     -25.525     -18.166     -19.489     -18.111     -13.636     -15.354     -14.761     -14.680     -12.315     -17.719     -18.810     -29.161     -54.668     -80.692     -31.374     -52.236     -56.968     -83.298      -9.703     -21.628     -22.541     -14.479     -25.840     -35.350     -49.879     -13.101     -21.691     -47.318     -15.500     -12.394     -14.117     -27.893     -23.123     -37.499     -31.083     -79.533     -23.424     -24.593     -14.620     -26.497     -18.012     -13.701     -23.496     -42.446     -44.992     -46.737     -42.441     -46.781     -72.037     -80.167     -39.750     -39.348     -14.691     -26.772     -18.129     -28.738     -23.014     -19.589     -30.578     -11.410     -21.625     -14.546     -45.756     -22.671     -32.990     -40.360     -22.173     -38.159     -22.780     -22.468     -33.532     -32.346     -32.107     -42.227     -23.706     -22.364     -25.995     -46.232     -35.165     -39.627     -45.718     -37.028     -48.030     -34.097     -37.670     -56.523     -55.294     -46.771     -49.511     -63.697     -81.211     -12.379     -19.282     -29.081     -12.978     -15.933     -43.469     -26.978     -19.246     -29.556     -39.417     -23.450     -22.280     -19.725     -23.514     -14.716     -24.317     -23.406     -33.384     -42.200     -23.487     -24.682     -34.666     -34.503     -40.248     -25.437     -33.534     -31.187     -35.014     -34.590     -43.263     -25.262     -25.074     -35.677     -35.470     -22.993     -26.172     -36.616     -40.185     -40.268     -39.054     -48.940     -46.682     -37.882     -49.279     -38.089     -34.613     -37.702     -56.772     -58.601     -63.776     -51.757     -47.428     -50.364     -73.349     -64.612     -66.446     -89.920     -81.639     -99.000     -99.000     -25.813     -11.232     -16.480     -12.916     -11.626     -20.173     -20.210     -30.240     -15.109     -11.316     -45.656     -25.367      -8.054     -17.866     -43.077      -6.854     -44.406     -11.260      -9.141     -13.247     -16.392     -27.895     -20.979     -63.848      -8.936     -15.490     -25.976     -19.084     -13.608     -15.588     -33.661     -44.169     -52.979     -16.187     -61.317     -18.102     -16.923     -15.962     -15.851     -19.225     -20.011     -16.673     -30.627     -87.352     -99.000     -39.317     -73.857     -20.646     -31.428     -44.305     -54.710     -64.497     -76.266     -22.036      -0.322      -8.054     -11.405     -22.515     -22.421     -28.760     -11.864     -23.388     -29.343     -36.528     -52.644     -12.064     -19.624      -8.103     -14.272     -22.747     -19.387     -28.500       1.122      -4.106      -9.436     -22.406     -35.076      -8.585     -17.276      -0.379     -12.058      -2.192      -9.007     -10.577      -6.160     -22.568      -1.051      -9.713      -5.682      -7.193      -9.805     -12.864     -18.899     -11.636     -17.405     -33.627     -24.397     -32.441     -24.985     -30.925     -24.420     -29.988     -38.357     -43.049     -51.733     -56.059     -66.907     -69.661     -86.457       0.754      -7.438       3.454      -0.791     -13.786     -11.384     -13.261     -11.765      -3.292      -1.608     -11.293     -17.931       0.838      -0.674      -4.875     -20.379     -11.813     -15.765      -0.519      -9.721     -16.531       0.041      -3.620     -11.818      -1.462      -7.477       0.143      -5.127       0.801      -5.967      -1.790     -10.858      -2.691     -11.420     -66.058      -5.336     -15.561     -27.415     -27.507     -28.001     -62.870     -17.961     -17.174     -16.156     -30.066     -14.371     -25.038     -65.953     -50.810     -29.705     -37.741     -62.185     -85.913     -99.000     -99.000     -21.884     -49.167     -28.770     -16.755     -47.866     -27.302     -78.759     -38.227     -49.865     -29.571     -17.275     -37.545     -49.238     -27.782     -78.878     -39.096     -51.036     -19.794     -18.920     -11.249     -52.469      -5.639     -14.656     -16.579     -25.361     -29.829     -21.872     -34.142     -42.219     -70.447     -20.332      -4.111     -12.790     -12.753     -99.000     -76.098     -10.632     -14.913     -20.273     -18.261     -19.575     -26.536     -21.373     -36.469     -37.687 
 48       5.321       4.258       1.571       1.099       1.982      -3.366      -1.230      -0.502      -2.112      -0.984      -2.323      -3.102      -3.178      -4.176       0.152      -1.226      -4.711      -8.306      -4.878      -6.282      -6.529      -1.918       0.877     -26.511      -5.924      -5.520      -6.184     -16.343     -16.708     -12.611     -14.608     -11.167     -13.795      -9.746     -13.437     -20.546      -0.699      -8.688      -6.582      -7.474      -6.945     -12.551      -9.219      -5.615     -10.430     -12.830     -10.852      -2.818      -3.415      -2.229      -5.993      -7.838      -5.286      -7.009      -4.984      -6.349      -4.108      -5.540      -9.258      -7.209      -8.934      -8.016      -5.918      -2.233      -9.831      -3.363      -4.105      -3.445      -7.868      -3.866      -4.729      -3.932      -5.807      -4.094      -5.641      -8.355      -7.980     -10.540      -9.507      -5.520      -3.742      -9.821      -8.353      -9.594      -7.296      -9.726      -6.710      -5.159     -10.198     -12.755      -5.776     -11.217     -10.939      -8.407      -9.558      -8.144     -10.019     -13.954     -16.194      -5.573      -8.739     -15.884     -13.442     -11.100     -10.866      -8.354      -9.437      -7.063      -8.894      -7.376      -9.762     -12.266     -10.194     -11.181     -12.478     -10.970      -9.109     -13.087      -7.515      -7.913      -7.230     -15.823     -19.041     -16.993     -14.361     -11.950     -12.934     -11.585     -13.384     -12.100     -15.631     -13.674     -21.807     -15.629     -10.142     -11.871      -9.588     -11.153     -12.294     -14.580     -14.502     -18.377     -16.811     -13.560     -11.596     -12.615     -11.327     -12.991     -14.834     -13.175     -12.189     -23.595     -35.711     -20.793     -23.612     -35.326     -35.488     -20.933     -24.257     -31.054     -36.483     -61.344     -14.933     -15.749     -22.306     -17.887     -82.190     -84.513     -21.472     -29.706     -10.580     -29.434     -48.191     -17.224     -15.903     -21.403     -47.605     -29.272     -34.183     -47.298     -47.406     -18.348     -17.206     -22.327     -30.173     -35.605     -49.187     -58.132     -99.000     -14.442     -39.453     -14.781     -22.414     -40.920     -10.023     -18.433      -9.526     -13.686      -7.602     -32.017     -32.354     -33.211     -15.354     -12.550     -24.981     -25.715     -18.354     -19.589     -18.220     -13.779     -15.472     -14.893     -14.855     -12.495     -17.888     -18.936     -29.335     -54.889     -80.941     -31.549     -52.523     -57.224     -83.631      -9.837     -21.810     -22.722     -14.663     -26.105     -35.653     -50.089     -13.262     -21.931     -47.551     -15.649     -12.562     -14.295     -28.217     -23.372     -37.891     -31.423     -80.212     -23.513     -24.698     -14.690     -26.652     -18.013     -13.677     -23.599     -42.611     -45.070     -46.949     -42.463     -46.999     -72.058     -80.334     -39.931     -39.517     -14.751     -26.924     -18.200     -28.842     -23.132     -19.629     -30.631     -11.446     -21.721     -14.593     -45.950     -22.761     -33.150     -40.390     -22.253     -38.206     -22.813     -22.500     -33.693     -32.388     -32.143     -42.378     -23.777     -22.463     -26.089     -46.413     -35.278     -39.794     -45.897     -37.155     -48.212     -34.231     -37.820     -56.712     -55.464     -46.943     -49.694     -63.845     -81.435     -12.432     -19.403     -29.246     -13.028     -15.985     -43.686     -27.147     -19.325     -29.663     -39.528     -23.579     -22.277     -19.757     -23.649     -14.778     -24.408     -23.508     -33.579     -42.234     -23.587     -24.726     -34.758     -34.592     -40.307     -25.453     -33.665     -31.383     -35.199     -34.622     -43.443     -25.384     -25.156     -35.806     -35.609     -23.121     -26.295     -36.763     -40.405     -40.416     -39.117     -49.025     -46.914     -38.057     -49.507     -38.189     -34.797     -37.893     -56.966     -58.817     -63.870     -51.885     -47.672     -50.594     -73.589     -64.858     -66.582     -90.206     -81.820     -99.000     -99.000     -25.983     -11.288     -16.512     -12.987     -11.707     -20.294     -20.332     -30.392     -15.147     -11.375     -45.753     -25.519      -8.108     -17.985     -43.192      -6.937     -44.659     -11.357      -9.229     -13.362     -16.478     -28.061     -21.122     -64.045      -8.965     -15.583     -26.085     -19.203     -13.641     -15.700     -33.816     -44.353     -53.177     -16.286     -61.531     -18.242     -17.070     -16.109     -15.989     -19.362     -20.138     -16.719     -31.083     -87.900     -99.000     -39.570     -74.251     -20.755     -31.585     -44.517     -54.967     -64.786     -76.609     -22.126      -0.306      -7.967     -11.399     -22.583     -22.476     -28.782     -11.876     -23.466     -29.393     -36.644     -52.812     -12.138     -19.639      -8.099     -14.269     -22.790     -19.441     -28.582       1.175      -4.036      -9.464     -22.461     -35.194      -8.692     -17.393      -0.363     -12.141      -2.106      -9.005     -10.578      -6.121     -22.603      -1.035      -9.662      -5.541      -7.144      -9.850     -12.896     -18.905     -11.635     -17.391     -33.598     -24.410     -32.421     -25.067     -30.991     -24.458     -30.004     -38.431     -43.107     -51.793     -56.117     -66.989     -69.764     -86.575       0.770      -7.369       3.550      -0.711     -13.805     -11.441     -13.271     -11.850      -3.070      -1.592     -11.185     -17.861       0.854      -0.569      -4.789     -20.423     -11.820     -15.802      -0.503      -9.622     -16.470       0.136      -3.549     -11.788      -1.436      -7.434       0.182      -5.088       0.818      -5.898      -1.774     -10.787      -2.675     -11.345     -66.274      -5.318     -15.560     -27.546     -27.625     -28.147     -63.028     -18.068     -17.252     -16.241     -30.272     -14.425     -25.085     -66.179     -51.079     -29.847     -37.948     -62.556     -86.419     -99.000     -99.000     -22.057     -49.251     -28.800     -16.810     -47.939     -27.397     -78.882     -38.386     -50.067     -29.597     -17.330     -37.545     -49.331     -27.902     -79.022     -39.288     -51.287     -19.848     -18.928     -11.274     -52.619      -5.623     -14.562     -16.578     -25.404     -29.844     -21.817     -34.167     -42.267     -70.683     -20.476      -4.095     -12.710     -12.811     -99.000     -76.430     -10.680     -14.990     -20.368     -18.433     -19.662     -26.724     -21.473     -36.708     -37.927 
 49       5.331       4.269       1.573       1.109       1.992      -3.340      -1.224      -0.501      -2.101      -0.973      -2.307      -3.076      -3.169      -4.159       0.148      -1.221      -4.672      -8.281      -4.861      -6.263      -6.533      -1.926       0.863     -26.459      -5.966      -5.582      -6.206     -16.347     -16.654     -12.558     -14.586     -11.198     -13.868      -9.795     -13.448     -20.503      -0.649      -8.555      -6.607      -7.462      -6.930     -12.599      -9.257      -5.566     -10.458     -12.823     -10.872      -2.839      -3.423      -2.245      -6.019      -7.826      -5.291      -7.011      -5.003      -6.377      -4.132      -5.564      -9.238      -7.211      -8.958      -8.026      -5.931      -2.169      -9.834      -3.354      -4.057      -3.413      -7.820      -3.863      -4.733      -3.940      -5.812      -4.093      -5.609      -8.331      -7.963     -10.529      -9.499      -5.568      -3.821      -9.857      -8.383      -9.660      -7.364      -9.751      -6.708      -5.185     -10.235     -12.783      -5.813     -11.227     -10.940      -8.445      -9.627      -8.186     -10.039     -14.010     -16.214      -5.591      -8.758     -15.883     -13.466     -11.101     -10.858      -8.378      -9.457      -7.122      -8.950      -7.416      -9.773     -12.250     -10.198     -11.221     -12.511     -11.011      -9.135     -13.152      -7.556      -7.965      -7.251     -15.826     -19.060     -17.039     -14.367     -11.975     -12.963     -11.621     -13.424     -12.126     -15.632     -13.700     -21.788     -15.674     -10.171     -11.900      -9.647     -11.213     -12.328     -14.635     -14.559     -18.393     -16.847     -13.566     -11.615     -12.635     -11.354     -13.029     -14.836     -13.195     -12.211     -23.649     -35.800     -20.849     -23.658     -35.408     -35.561     -20.999     -24.318     -31.153     -36.581     -61.469     -14.987     -15.786     -22.390     -17.926     -82.336     -84.716     -21.517     -29.781     -10.596     -29.546     -48.308     -17.305     -15.987     -21.464     -47.712     -29.374     -34.255     -47.395     -47.495     -18.433     -17.292     -22.395     -30.294     -35.699     -49.315     -58.258     -99.000     -14.505     -39.553     -14.834     -22.531     -41.046     -10.112     -18.556      -9.607     -13.783      -7.654     -32.126     -32.469     -33.334     -15.465     -12.633     -25.097     -25.835     -18.474     -19.651     -18.288     -13.870     -15.548     -14.978     -14.966     -12.610     -17.997     -19.014     -29.445     -55.030     -81.101     -31.661     -52.706     -57.386     -83.841      -9.921     -21.926     -22.837     -14.779     -26.274     -35.846     -50.220     -13.364     -22.085     -47.698     -15.742     -12.669     -14.408     -28.424     -23.533     -38.141     -31.641     -80.644     -23.569     -24.764     -14.733     -26.749     -18.012     -13.659     -23.664     -42.716     -45.118     -47.083     -42.475     -47.135     -72.068     -80.439     -40.046     -39.624     -14.788     -27.019     -18.244     -28.907     -23.206     -19.653     -30.663     -11.469     -21.782     -14.622     -46.072     -22.818     -33.251     -40.407     -22.303     -38.235     -22.833     -22.519     -33.795     -32.415     -32.166     -42.474     -23.822     -22.525     -26.148     -46.527     -35.348     -39.900     -46.011     -37.236     -48.328     -34.315     -37.915     -56.830     -55.570     -47.053     -49.810     -63.939     -81.577     -12.465     -19.480     -29.351     -13.059     -16.017     -43.822     -27.253     -19.374     -29.730     -39.597     -23.660     -22.273     -19.776     -23.735     -14.816     -24.464     -23.571     -33.702     -42.252     -23.649     -24.753     -34.815     -34.647     -40.341     -25.461     -33.747     -31.506     -35.315     -34.641     -43.556     -25.460     -25.207     -35.886     -35.695     -23.201     -26.371     -36.854     -40.542     -40.509     -39.155     -49.077     -47.061     -38.167     -49.650     -38.251     -34.912     -38.013     -57.086     -58.951     -63.927     -51.964     -47.825     -50.738     -73.737     -65.012     -66.666     -90.384     -81.933     -99.000     -99.000     -26.088     -11.322     -16.530     -13.030     -11.758     -20.370     -20.409     -30.487     -15.170     -11.411     -45.811     -25.613      -8.142     -18.060     -43.262      -6.988     -44.818     -11.417      -9.285     -13.434     -16.530     -28.166     -21.211     -64.168      -8.982     -15.641     -26.152     -19.276     -13.661     -15.771     -33.913     -44.468     -53.300     -16.349     -61.665     -18.332     -17.163     -16.202     -16.076     -19.448     -20.218     -16.747     -31.386     -88.243     -99.000     -39.730     -74.501     -20.825     -31.684     -44.651     -55.130     -64.970     -76.829     -22.180      -0.295      -7.910     -11.393     -22.625     -22.511     -28.794     -11.882     -23.514     -29.422     -36.715     -52.915     -12.183     -19.646      -8.095     -14.265     -22.815     -19.473     -28.632       1.210      -3.991      -9.482     -22.494     -35.268      -8.759     -17.466      -0.352     -12.192      -2.052      -9.001     -10.579      -6.096     -22.625      -1.024      -9.628      -5.449      -7.111      -9.879     -12.915     -18.908     -11.633     -17.381     -33.576     -24.417     -32.405     -25.119     -31.031     -24.481     -30.012     -38.476     -43.142     -51.830     -56.151     -67.038     -69.826     -86.648       0.782      -7.323       3.612      -0.659     -13.815     -11.476     -13.275     -11.902      -2.927      -1.581     -11.115     -17.813       0.866      -0.501      -4.733     -20.449     -11.824     -15.824      -0.491      -9.558     -16.429       0.198      -3.503     -11.768      -1.419      -7.405       0.207      -5.062       0.829      -5.851      -1.762     -10.741      -2.664     -11.296     -66.407      -5.306     -15.558     -27.629     -27.699     -28.239     -63.125     -18.135     -17.301     -16.294     -30.401     -14.458     -25.113     -66.321     -51.248     -29.937     -38.079     -62.791     -86.739     -99.000     -99.000     -22.167     -49.303     -28.818     -16.845     -47.983     -27.457     -78.958     -38.486     -50.195     -29.612     -17.364     -37.542     -49.387     -27.976     -79.108     -39.408     -51.443     -19.879     -18.931     -11.287     -52.711      -5.612     -14.500     -16.575     -25.430     -29.850     -21.780     -34.180     -42.293     -70.830     -20.566      -4.084     -12.656     -12.846     -99.000     -76.640     -10.707     -15.036     -20.425     -18.539     -19.714     -26.841     -21.534     -36.857     -38.078 
 50       5.342       4.281       1.575       1.119       2.003      -3.314      -1.216      -0.499      -2.089      -0.963      -2.291      -3.049      -3.160      -4.141       0.145      -1.216      -4.633      -8.256      -4.843      -6.244      -6.536      -1.933       0.851     -26.406      -6.006      -5.642      -6.227     -16.350     -16.599     -12.502     -14.562     -11.226     -13.938      -9.842     -13.458     -20.458      -0.601      -8.425      -6.631      -7.450      -6.915     -12.645      -9.294      -5.516     -10.484     -12.814     -10.890      -2.860      -3.431      -2.261      -6.044      -7.812      -5.294      -7.011      -5.019      -6.404      -4.156      -5.587      -9.216      -7.212      -8.981      -8.035      -5.943      -2.106      -9.836      -3.344      -4.010      -3.382      -7.772      -3.859      -4.736      -3.948      -5.816      -4.091      -5.577      -8.305      -7.945     -10.517      -9.490      -5.614      -3.898      -9.892      -8.411      -9.724      -7.429      -9.775      -6.706      -5.211     -10.271     -12.809      -5.848     -11.235     -10.940      -8.481      -9.693      -8.226     -10.058     -14.065     -16.232      -5.607      -8.776     -15.881     -13.488     -11.102     -10.848      -8.401      -9.475      -7.177      -9.004      -7.455      -9.783     -12.233     -10.201     -11.258     -12.541     -11.050      -9.159     -13.214      -7.596      -8.016      -7.272     -15.827     -19.076     -17.083     -14.372     -11.997     -12.989     -11.655     -13.463     -12.150     -15.632     -13.723     -21.769     -15.718     -10.197     -11.928      -9.703     -11.271     -12.360     -14.689     -14.614     -18.406     -16.882     -13.572     -11.632     -12.653     -11.380     -13.065     -14.837     -13.214     -12.232     -23.699     -35.885     -20.901     -23.701     -35.485     -35.632     -21.061     -24.375     -31.247     -36.673     -61.587     -15.037     -15.821     -22.470     -17.962     -82.475     -84.909     -21.557     -29.851     -10.610     -29.653     -48.419     -17.384     -16.067     -21.524     -47.814     -29.473     -34.324     -47.488     -47.581     -18.515     -17.374     -22.459     -30.410     -35.788     -49.437     -58.378     -99.000     -14.566     -39.651     -14.883     -22.642     -41.167     -10.198     -18.674      -9.686     -13.875      -7.704     -32.232     -32.580     -33.452     -15.572     -12.713     -25.208     -25.951     -18.589     -19.709     -18.353     -13.958     -15.620     -15.058     -15.073     -12.720     -18.102     -19.087     -29.553     -55.167     -81.256     -31.767     -52.880     -57.541     -84.041     -10.002     -22.038     -22.947     -14.891     -26.437     -36.033     -50.344     -13.463     -22.233     -47.837     -15.831     -12.773     -14.518     -28.624     -23.688     -38.383     -31.852     -81.059     -23.623     -24.826     -14.772     -26.840     -18.009     -13.640     -23.725     -42.815     -45.164     -47.211     -42.485     -47.265     -72.076     -80.537     -40.157     -39.727     -14.823     -27.111     -18.286     -28.970     -23.277     -19.676     -30.693     -11.491     -21.840     -14.650     -46.190     -22.872     -33.348     -40.422     -22.350     -38.260     -22.852     -22.538     -33.893     -32.439     -32.186     -42.566     -23.866     -22.585     -26.204     -46.636     -35.416     -40.002     -46.120     -37.313     -48.440     -34.396     -38.007     -56.944     -55.671     -47.158     -49.922     -64.030     -81.712     -12.496     -19.553     -29.451     -13.087     -16.047     -43.952     -27.355     -19.420     -29.794     -39.662     -23.736     -22.268     -19.793     -23.817     -14.852     -24.517     -23.631     -33.819     -42.266     -23.706     -24.778     -34.869     -34.699     -40.370     -25.468     -33.826     -31.623     -35.426     -34.656     -43.665     -25.533     -25.255     -35.963     -35.778     -23.276     -26.443     -36.941     -40.674     -40.595     -39.190     -49.126     -47.201     -38.272     -49.787     -38.309     -35.021     -38.127     -57.199     -59.076     -63.980     -52.038     -47.971     -50.874     -73.876     -65.159     -66.744     -90.550     -82.038     -99.000     -99.000     -26.188     -11.354     -16.545     -13.070     -11.807     -20.443     -20.481     -30.578     -15.189     -11.445     -45.865     -25.702      -8.172     -18.132     -43.326      -7.037     -44.970     -11.475      -9.338     -13.503     -16.578     -28.266     -21.296     -64.283      -8.998     -15.697     -26.217     -19.346     -13.679     -15.839     -34.005     -44.577     -53.417     -16.409     -61.790     -18.419     -17.252     -16.293     -16.158     -19.529     -20.293     -16.773     -31.687     -88.568     -99.000     -39.885     -74.741     -20.891     -31.779     -44.781     -55.288     -65.147     -77.040     -22.229      -0.283      -7.853     -11.387     -22.664     -22.543     -28.805     -11.888     -23.559     -29.449     -36.781     -53.012     -12.226     -19.652      -8.090     -14.259     -22.837     -19.502     -28.677       1.243      -3.946      -9.498     -22.526     -35.339      -8.824     -17.537      -0.340     -12.241      -1.998      -8.997     -10.580      -6.072     -22.647      -1.012      -9.595      -5.360      -7.079      -9.906     -12.934     -18.910     -11.631     -17.369     -33.552     -24.421     -32.387     -25.168     -31.068     -24.502     -30.018     -38.518     -43.174     -51.863     -56.180     -67.083     -69.882     -86.714       0.793      -7.277       3.672      -0.608     -13.823     -11.508     -13.277     -11.952      -2.788      -1.570     -11.045     -17.765       0.877      -0.435      -4.678     -20.473     -11.826     -15.845      -0.480      -9.494     -16.387       0.257      -3.457     -11.747      -1.401      -7.377       0.231      -5.037       0.841      -5.805      -1.751     -10.695      -2.652     -11.247     -66.533      -5.293     -15.554     -27.707     -27.770     -28.326     -63.217     -18.197     -17.346     -16.345     -30.523     -14.489     -25.138     -66.457     -51.408     -30.021     -38.203     -63.016     -87.045     -99.000     -99.000     -22.273     -49.350     -28.834     -16.878     -48.024     -27.513     -79.028     -38.582     -50.317     -29.624     -17.395     -37.537     -49.438     -28.045     -79.188     -39.522     -51.591     -19.908     -18.932     -11.299     -52.798      -5.600     -14.438     -16.571     -25.453     -29.855     -21.742     -34.191     -42.316     -70.969     -20.652      -4.072     -12.603     -12.879     -99.000     -76.840     -10.732     -15.077     -20.477     -18.638     -19.761     -26.951     -21.590     -36.998     -38.219 
 51       5.353       4.293       1.577       1.129       2.014      -3.287      -1.208      -0.497      -2.078      -0.950      -2.275      -3.021      -3.150      -4.122       0.141      -1.210      -4.593      -8.230      -4.825      -6.224      -6.538      -1.938       0.840     -26.352      -6.045      -5.699      -6.246     -16.352     -16.542     -12.444     -14.537     -11.252     -14.005      -9.887     -13.468     -20.413      -0.553      -8.297      -6.655      -7.438      -6.900     -12.689      -9.330      -5.467     -10.508     -12.804     -10.906      -2.879      -3.436      -2.274      -6.066      -7.797      -5.296      -7.011      -5.033      -6.429      -4.177      -5.608      -9.194      -7.212      -9.004      -8.043      -5.954      -2.043      -9.837      -3.334      -3.962      -3.350      -7.725      -3.854      -4.738      -3.954      -5.819      -4.088      -5.545      -8.279      -7.927     -10.504      -9.480      -5.658      -3.972      -9.925      -8.437      -9.786      -7.492      -9.798      -6.704      -5.235     -10.304     -12.835      -5.882     -11.243     -10.938      -8.515      -9.756      -8.264     -10.077     -14.119     -16.247      -5.622      -8.793     -15.877     -13.508     -11.101     -10.836      -8.422      -9.491      -7.229      -9.056      -7.491      -9.792     -12.216     -10.202     -11.294     -12.569     -11.087      -9.181     -13.273      -7.635      -8.066      -7.291     -15.828     -19.090     -17.124     -14.375     -12.018     -13.014     -11.686     -13.499     -12.172     -15.631     -13.744     -21.749     -15.759     -10.222     -11.954      -9.756     -11.326     -12.392     -14.741     -14.669     -18.419     -16.915     -13.577     -11.648     -12.670     -11.404     -13.099     -14.836     -13.232     -12.251     -23.746     -35.965     -20.951     -23.742     -35.558     -35.699     -21.119     -24.429     -31.335     -36.760     -61.696     -15.085     -15.853     -22.546     -17.994     -82.607     -85.090     -21.595     -29.916     -10.623     -29.757     -48.526     -17.460     -16.145     -21.583     -47.912     -29.569     -34.392     -47.579     -47.665     -18.593     -17.452     -22.521     -30.522     -35.873     -49.553     -58.492     -99.000     -14.625     -39.745     -14.930     -22.750     -41.283     -10.281     -18.788      -9.761     -13.965      -7.751     -32.334     -32.687     -33.566     -15.675     -12.789     -25.315     -26.062     -18.700     -19.765     -18.415     -14.042     -15.690     -15.136     -15.177     -12.827     -18.204     -19.155     -29.656     -55.301     -81.407     -31.870     -53.048     -57.690     -84.233     -10.081     -22.146     -23.052     -14.999     -26.594     -36.214     -50.461     -13.558     -22.376     -47.969     -15.915     -12.873     -14.624     -28.817     -23.838     -38.617     -32.057     -81.459     -23.675     -24.884     -14.809     -26.926     -18.006     -13.619     -23.784     -42.911     -45.206     -47.335     -42.493     -47.389     -72.080     -80.630     -40.263     -39.827     -14.856     -27.198     -18.325     -29.030     -23.345     -19.697     -30.721     -11.511     -21.897     -14.677     -46.303     -22.924     -33.441     -40.433     -22.395     -38.282     -22.870     -22.555     -33.987     -32.462     -32.205     -42.654     -23.908     -22.642     -26.257     -46.740     -35.481     -40.099     -46.225     -37.388     -48.548     -34.474     -38.095     -57.052     -55.766     -47.259     -50.030     -64.118     -81.840     -12.526     -19.624     -29.548     -13.113     -16.074     -44.077     -27.451     -19.464     -29.854     -39.723     -23.809     -22.262     -19.807     -23.896     -14.886     -24.565     -23.687     -33.930     -42.277     -23.760     -24.800     -34.920     -34.747     -40.396     -25.473     -33.900     -31.735     -35.531     -34.669     -43.768     -25.602     -25.301     -36.036     -35.857     -23.348     -26.511     -37.022     -40.799     -40.677     -39.223     -49.171     -47.334     -38.372     -49.918     -38.363     -35.125     -38.236     -57.305     -59.193     -64.029     -52.108     -48.110     -51.004     -74.006     -65.299     -66.816     -90.706     -82.138     -99.000     -99.000     -26.283     -11.384     -16.558     -13.107     -11.853     -20.511     -20.551     -30.665     -15.207     -11.476     -45.913     -25.785      -8.201     -18.201     -43.386      -7.082     -45.116     -11.531      -9.389     -13.568     -16.621     -28.361     -21.377     -64.391      -9.011     -15.750     -26.278     -19.411     -13.694     -15.903     -34.094     -44.682     -53.528     -16.466     -61.909     -18.503     -17.338     -16.381     -16.237     -19.607     -20.365     -16.797     -31.988     -88.877     -99.000     -40.033     -74.971     -20.955     -31.871     -44.906     -55.439     -65.317     -77.243     -22.274      -0.271      -7.798     -11.380     -22.701     -22.574     -28.814     -11.892     -23.601     -29.472     -36.843     -53.102     -12.266     -19.654      -8.084     -14.252     -22.856     -19.528     -28.718       1.275      -3.902      -9.514     -22.556     -35.407      -8.887     -17.604      -0.328     -12.287      -1.947      -8.991     -10.580      -6.047     -22.668      -1.000      -9.562      -5.273      -7.046      -9.932     -12.951     -18.910     -11.628     -17.357     -33.526     -24.423     -32.368     -25.214     -31.103     -24.522     -30.023     -38.558     -43.202     -51.893     -56.206     -67.124     -69.934     -86.776       0.805      -7.231       3.732      -0.557     -13.829     -11.537     -13.277     -11.999      -2.653      -1.558     -10.976     -17.717       0.889      -0.371      -4.623     -20.495     -11.828     -15.864      -0.468      -9.431     -16.345       0.316      -3.412     -11.726      -1.384      -7.349       0.255      -5.012       0.854      -5.759      -1.739     -10.650      -2.640     -11.198     -66.651      -5.281     -15.549     -27.782     -27.838     -28.408     -63.303     -18.257     -17.389     -16.393     -30.640     -14.517     -25.161     -66.587     -51.561     -30.102     -38.322     -63.231     -87.338     -99.000     -99.000     -22.375     -49.394     -28.849     -16.909     -48.062     -27.566     -79.094     -38.675     -50.435     -29.634     -17.424     -37.529     -49.485     -28.110     -79.260     -39.630     -51.732     -19.935     -18.932     -11.310     -52.878      -5.588     -14.377     -16.566     -25.474     -29.857     -21.704     -34.199     -42.335     -71.101     -20.733      -4.060     -12.550     -12.909     -99.000     -77.031     -10.754     -15.115     -20.524     -18.731     -19.804     -27.055     -21.642     -37.131     -38.353 
 52       5.364       4.305       1.580       1.140       2.026      -3.260      -1.199      -0.494      -2.065      -0.937      -2.258      -2.993      -3.139      -4.103       0.139      -1.205      -4.553      -8.203      -4.805      -6.203      -6.539      -1.943       0.831     -26.296      -6.081      -5.754      -6.263     -16.354     -16.483     -12.382     -14.510     -11.276     -14.070      -9.931     -13.478     -20.366      -0.505      -8.172      -6.678      -7.425      -6.885     -12.731      -9.365      -5.418     -10.531     -12.793     -10.920      -2.897      -3.441      -2.287      -6.087      -7.781      -5.296      -7.009      -5.046      -6.451      -4.197      -5.629      -9.171      -7.210      -9.025      -8.049      -5.963      -1.980      -9.836      -3.324      -3.915      -3.318      -7.677      -3.847      -4.739      -3.959      -5.821      -4.085      -5.513      -8.253      -7.907     -10.491      -9.469      -5.700      -4.043      -9.957      -8.461      -9.845      -7.552      -9.820      -6.702      -5.259     -10.336     -12.859      -5.914     -11.249     -10.935      -8.546      -9.818      -8.300     -10.095     -14.172     -16.261      -5.637      -8.810     -15.872     -13.526     -11.099     -10.824      -8.441      -9.505      -7.279      -9.105      -7.526      -9.801     -12.197     -10.201     -11.327     -12.595     -11.123      -9.200     -13.331      -7.673      -8.113      -7.310     -15.828     -19.102     -17.163     -14.377     -12.036     -13.036     -11.715     -13.533     -12.193     -15.628     -13.764     -21.729     -15.799     -10.245     -11.978      -9.807     -11.378     -12.423     -14.791     -14.721     -18.430     -16.945     -13.580     -11.662     -12.685     -11.426     -13.132     -14.834     -13.248     -12.268     -23.790     -36.041     -20.998     -23.780     -35.628     -35.763     -21.174     -24.479     -31.418     -36.842     -61.799     -15.130     -15.883     -22.617     -18.024     -82.734     -85.261     -21.629     -29.976     -10.635     -29.857     -48.629     -17.533     -16.219     -21.641     -48.006     -29.661     -34.457     -47.666     -47.745     -18.669     -17.528     -22.579     -30.630     -35.954     -49.665     -58.600     -99.000     -14.683     -39.836     -14.973     -22.853     -41.394     -10.361     -18.898      -9.833     -14.050      -7.796     -32.432     -32.790     -33.675     -15.774     -12.862     -25.419     -26.170     -18.807     -19.818     -18.473     -14.123     -15.756     -15.211     -15.277     -12.929     -18.302     -19.220     -29.757     -55.430     -81.553     -31.968     -53.210     -57.833     -84.417     -10.156     -22.250     -23.154     -15.102     -26.746     -36.388     -50.573     -13.650     -22.515     -48.094     -15.996     -12.969     -14.727     -29.004     -23.984     -38.844     -32.256     -81.844     -23.724     -24.939     -14.844     -27.007     -18.001     -13.597     -23.840     -43.003     -45.246     -47.453     -42.499     -47.508     -72.081     -80.718     -40.365     -39.924     -14.887     -27.282     -18.363     -29.087     -23.410     -19.717     -30.748     -11.531     -21.952     -14.702     -46.411     -22.974     -33.531     -40.443     -22.437     -38.302     -22.887     -22.572     -34.077     -32.483     -32.222     -42.739     -23.948     -22.696     -26.308     -46.840     -35.543     -40.193     -46.327     -37.461     -48.653     -34.549     -38.180     -57.155     -55.857     -47.356     -50.134     -64.202     -81.963     -12.555     -19.692     -29.640     -13.136     -16.099     -44.196     -27.543     -19.506     -29.911     -39.781     -23.878     -22.255     -19.820     -23.971     -14.918     -24.611     -23.739     -34.036     -42.283     -23.811     -24.820     -34.968     -34.793     -40.418     -25.476     -33.971     -31.841     -35.631     -34.680     -43.866     -25.668     -25.343     -36.106     -35.933     -23.415     -26.575     -37.098     -40.918     -40.753     -39.252     -49.212     -47.462     -38.466     -50.044     -38.414     -35.223     -38.339     -57.404     -59.303     -64.074     -52.173     -48.242     -51.128     -74.128     -65.432     -66.884     -90.851     -82.232     -99.000     -99.000     -26.373     -11.411     -16.568     -13.141     -11.897     -20.577     -20.617     -30.748     -15.221     -11.505     -45.956     -25.863      -8.227     -18.266     -43.440      -7.125     -45.255     -11.584      -9.438     -13.630     -16.661     -28.452     -21.454     -64.493      -9.023     -15.801     -26.336     -19.473     -13.708     -15.965     -34.178     -44.782     -53.634     -16.521     -62.021     -18.585     -17.419     -16.466     -16.311     -19.682     -20.433     -16.819     -32.289     -89.170     -99.000     -40.175     -75.191     -21.016     -31.959     -45.026     -55.585     -65.480     -77.438     -22.315      -0.259      -7.742     -11.372     -22.736     -22.603     -28.821     -11.895     -23.640     -29.492     -36.900     -53.187     -12.304     -19.655      -8.076     -14.243     -22.873     -19.552     -28.755       1.307      -3.858      -9.528     -22.584     -35.471      -8.947     -17.668      -0.316     -12.330      -1.897      -8.983     -10.581      -6.023     -22.688      -0.988      -9.530      -5.188      -7.013      -9.956     -12.966     -18.908     -11.625     -17.344     -33.499     -24.423     -32.346     -25.257     -31.135     -24.540     -30.025     -38.595     -43.228     -51.920     -56.228     -67.161     -69.981     -86.832       0.818      -7.186       3.789      -0.506     -13.834     -11.564     -13.275     -12.043      -2.520      -1.545     -10.908     -17.668       0.902      -0.308      -4.570     -20.515     -11.828     -15.882      -0.455      -9.368     -16.302       0.373      -3.367     -11.703      -1.367      -7.320       0.278      -4.986       0.867      -5.712      -1.727     -10.605      -2.628     -11.149     -66.761      -5.267     -15.543     -27.853     -27.903     -28.487     -63.384     -18.313     -17.429     -16.438     -30.750     -14.544     -25.181     -66.712     -51.707     -30.178     -38.435     -63.438     -87.619     -99.000     -99.000     -22.473     -49.434     -28.862     -16.938     -48.097     -27.617     -79.156     -38.764     -50.549     -29.641     -17.450     -37.520     -49.528     -28.171     -79.326     -39.732     -51.865     -19.958     -18.929     -11.318     -52.953      -5.576     -14.317     -16.559     -25.493     -29.857     -21.664     -34.204     -42.351     -71.226     -20.811      -4.048     -12.496     -12.938     -99.000     -77.214     -10.772     -15.149     -20.567     -18.816     -19.843     -27.153     -21.688     -37.256     -38.480 
 53       5.375       4.318       1.583       1.151       2.038      -3.232      -1.188      -0.489      -2.052      -0.922      -2.240      -2.963      -3.128      -4.082       0.138      -1.200      -4.513      -8.176      -4.784      -6.180      -6.538      -1.947       0.824     -26.238      -6.116      -5.807      -6.278     -16.354     -16.423     -12.317     -14.481     -11.297     -14.132      -9.972     -13.487     -20.318      -0.458      -8.048      -6.701      -7.411      -6.869     -12.773      -9.399      -5.368     -10.552     -12.781     -10.933      -2.914      -3.444      -2.297      -6.105      -7.764      -5.295      -7.005      -5.057      -6.473      -4.215      -5.648      -9.147      -7.208      -9.046      -8.055      -5.971      -1.918      -9.834      -3.314      -3.868      -3.287      -7.630      -3.839      -4.740      -3.963      -5.822      -4.081      -5.481      -8.225      -7.887     -10.477      -9.457      -5.740      -4.111      -9.986      -8.482      -9.902      -7.611      -9.841      -6.699      -5.281     -10.366     -12.883      -5.944     -11.254     -10.930      -8.576      -9.877      -8.335     -10.112     -14.223     -16.274      -5.650      -8.827     -15.865     -13.541     -11.096     -10.810      -8.459      -9.519      -7.326      -9.152      -7.559      -9.808     -12.176     -10.200     -11.358     -12.618     -11.157      -9.218     -13.387      -7.710      -8.160      -7.328     -15.827     -19.112     -17.199     -14.376     -12.053     -13.056     -11.742     -13.565     -12.213     -15.623     -13.781     -21.707     -15.837     -10.266     -12.002      -9.855     -11.429     -12.453     -14.840     -14.773     -18.439     -16.975     -13.582     -11.675     -12.698     -11.446     -13.164     -14.832     -13.262     -12.285     -23.832     -36.112     -21.042     -23.817     -35.694     -35.824     -21.225     -24.525     -31.496     -36.919     -61.894     -15.172     -15.910     -22.685     -18.051     -82.855     -85.423     -21.659     -30.032     -10.644     -29.953     -48.727     -17.604     -16.291     -21.697     -48.097     -29.751     -34.520     -47.750     -47.824     -18.741     -17.600     -22.635     -30.733     -36.032     -49.771     -58.703     -99.000     -14.739     -39.924     -15.015     -22.953     -41.501     -10.437     -19.004      -9.902     -14.132      -7.839     -32.528     -32.889     -33.780     -15.870     -12.932     -25.520     -26.273     -18.910     -19.867     -18.528     -14.201     -15.821     -15.283     -15.373     -13.028     -18.397     -19.280     -29.854     -55.555     -81.695     -32.063     -53.365     -57.969     -84.592     -10.228     -22.351     -23.252     -15.202     -26.894     -36.557     -50.678     -13.738     -22.648     -48.213     -16.073     -13.062     -14.826     -29.185     -24.126     -39.064     -32.449     -82.216     -23.771     -24.991     -14.875     -27.083     -17.994     -13.574     -23.893     -43.090     -45.282     -47.566     -42.502     -47.620     -72.079     -80.800     -40.463     -40.017     -14.916     -27.362     -18.399     -29.141     -23.472     -19.735     -30.772     -11.550     -22.004     -14.725     -46.515     -23.021     -33.616     -40.449     -22.478     -38.318     -22.903     -22.587     -34.164     -32.503     -32.238     -42.821     -23.987     -22.748     -26.357     -46.936     -35.602     -40.284     -46.425     -37.531     -48.753     -34.621     -38.263     -57.254     -55.943     -47.450     -50.235     -64.283     -82.080     -12.583     -19.757     -29.729     -13.158     -16.122     -44.309     -27.631     -19.545     -29.965     -39.835     -23.945     -22.246     -19.831     -24.043     -14.947     -24.652     -23.788     -34.137     -42.287     -23.857     -24.839     -35.013     -34.836     -40.436     -25.478     -34.038     -31.943     -35.726     -34.688     -43.960     -25.730     -25.384     -36.172     -36.004     -23.479     -26.635     -37.170     -41.031     -40.824     -39.279     -49.250     -47.584     -38.557     -50.164     -38.462     -35.316     -38.437     -57.497     -59.405     -64.115     -52.235     -48.367     -51.245     -74.242     -65.558     -66.947     -90.988     -82.320     -99.000     -99.000     -26.458     -11.437     -16.576     -13.172     -11.939     -20.639     -20.680     -30.827     -15.233     -11.532     -45.995     -25.937      -8.251     -18.330     -43.489      -7.165     -45.387     -11.634      -9.484     -13.690     -16.696     -28.538     -21.527     -64.588      -9.033     -15.849     -26.391     -19.530     -13.719     -16.025     -34.258     -44.877     -53.733     -16.574     -62.126     -18.665     -17.497     -16.548     -16.382     -19.752     -20.497     -16.839     -32.590     -89.448     -99.000     -40.311     -75.403     -21.074     -32.043     -45.141     -55.725     -65.637     -77.626     -22.352      -0.246      -7.687     -11.363     -22.768     -22.630     -28.827     -11.897     -23.676     -29.509     -36.952     -53.266     -12.339     -19.654      -8.068     -14.232     -22.887     -19.572     -28.789       1.338      -3.814      -9.542     -22.611     -35.533      -9.005     -17.729      -0.303     -12.372      -1.847      -8.975     -10.581      -5.999     -22.707      -0.975      -9.498      -5.105      -6.980      -9.979     -12.980     -18.906     -11.621     -17.329     -33.469     -24.421     -32.322     -25.298     -31.164     -24.556     -30.025     -38.630     -43.251     -51.943     -56.246     -67.194     -70.023     -86.882       0.831      -7.140       3.846      -0.456     -13.836     -11.589     -13.272     -12.085      -2.391      -1.532     -10.840     -17.618       0.915      -0.247      -4.517     -20.533     -11.827     -15.899      -0.442      -9.306     -16.258       0.429      -3.322     -11.680      -1.350      -7.291       0.301      -4.961       0.880      -5.665      -1.714     -10.560      -2.615     -11.100     -66.865      -5.254     -15.536     -27.921     -27.966     -28.561     -63.460     -18.366     -17.466     -16.481     -30.855     -14.568     -25.199     -66.831     -51.846     -30.250     -38.542     -63.637     -87.889     -99.000     -99.000     -22.567     -49.471     -28.873     -16.966     -48.129     -27.665     -79.212     -38.850     -50.658     -29.647     -17.475     -37.508     -49.566     -28.227     -79.386     -39.830     -51.992     -19.979     -18.925     -11.325     -53.023      -5.563     -14.256     -16.551     -25.509     -29.854     -21.624     -34.207     -42.363     -71.344     -20.884      -4.035     -12.443     -12.964     -99.000     -77.389     -10.788     -15.179     -20.605     -18.896     -19.876     -27.245     -21.730     -37.374     -38.599 
