 *********************************************************************************
   Plane-parallel Cool-MARCS (=MSG) model for Teff = 5778. K, log(g) = 4.4
 *********************************************************************************

The model is computed in 53 layers from log_10(tau_ross)= -5.00 to  2.50
 This model has the elemental abundances of the general type Solar
meaning that at a scale where epsilon(H) = log(H)=12, epsilon(elm) included:
 12.00 10.93 8.39 7.78 8.66 6.17 7.53 6.37 7.51 5.08 6.31 4.90 4.00 7.45 2.58
  H     He    C    N    O    Na   Mg   Al   Si   K    Ca   Ti   V    Fe   Zr  
The model used  84 molecules/atoms in the opacity computation. They were:
 SO2  TiH  CO2  OH   CrH  CH   AlCl ZrO  PO   NaCl SiS  NO   LiF  HCN  C3   C2H2 MgH  TiO 
 CaH  SiO  LiCl PH3  H2   C2   KCl  HCl  CP   LiH  NaH  AlF  FeH  BeH  MgF  CaF  CH4  CO  
 CN   H2CO NH3  AlO  VO   SiH  PN   CS   KF   H2O  PS   SN   AlH  NaF  HS   NH   Al   Be  
 Ca   Cl   C    Cr   Fe   F    K    Li   Mg   Na   N    O    P    Si   S    Ti   V    Zr  
 O2   O3   COS  N2O  SO3  H2S  CS2  NO2  N2   S2   SO   C2H4
The OS cross sections (cm2/molecule) were read into  7949 wavenumbers between
 400.0 and 80000.0 cm-1 (= 0.125 to  25. mu). We used only each 10th in the radiative transfer
 of this model, resulting in a (statistical spectral) OS-resolution of 1500.0

Convection was computed based on the parameter choice:
palfa, pbeta, pny, py = 1.5 0.0 8.0 0.076
(but convection was apriori considered irelevant for the uppermost 26 layers)
 Irradiation: off

Chemistry:
 Disequilibrium Status: OFF 
 Cloud model: OFF

The convergence criterium was delta(T)= 5.0 K and temp. corr. in the last iteration was 0.00 K


 Technical settings:
dpein,dtin,method-pe,inz.K=12,kort,kpi,mihal,lops,nops: 0.005 0.005 1 4.339eV 5  0 40 0  1

 *********************************************************************************




 C O R R E C T I O N S  I N  T H E  L A S T  I T E R A T I O N
 K LOG(TauR)  TAUROSS      T       DELTA(T)     FCONV    DELTA(FCONV)  K
  1  -5.00   1.00E-05    3889.17      -0.75   0.000E+00    0.00E+00    1
  2  -4.85   1.41E-05    3926.33      -0.78   0.000E+00    0.00E+00    2
  3  -4.70   2.00E-05    3969.03      -0.78   0.000E+00    0.00E+00    3
  4  -4.55   2.82E-05    4010.76      -0.76   0.000E+00    0.00E+00    4
  5  -4.40   3.98E-05    4051.75      -0.75   0.000E+00    0.00E+00    5
  6  -4.25   5.62E-05    4092.25      -0.75   0.000E+00    0.00E+00    6
  7  -4.10   7.94E-05    4132.26      -0.75   0.000E+00    0.00E+00    7
  8  -3.95   1.12E-04    4171.60      -0.75   0.000E+00    0.00E+00    8
  9  -3.80   1.58E-04    4210.30      -0.73   0.000E+00    0.00E+00    9
 10  -3.65   2.24E-04    4248.56      -0.74   0.000E+00    0.00E+00   10
 11  -3.50   3.16E-04    4286.61      -0.73   0.000E+00    0.00E+00   11
 12  -3.35   4.47E-04    4324.35      -0.74   0.000E+00    0.00E+00   12
 13  -3.20   6.31E-04    4361.53      -0.74   0.000E+00    0.00E+00   13
 14  -3.05   8.91E-04    4397.79      -0.74   0.000E+00    0.00E+00   14
 15  -2.90   1.26E-03    4432.77      -0.75   0.000E+00    0.00E+00   15
 16  -2.75   1.78E-03    4466.39      -0.76   0.000E+00    0.00E+00   16
 17  -2.60   2.51E-03    4498.69      -0.75   0.000E+00    0.00E+00   17
 18  -2.45   3.55E-03    4529.84      -0.76   0.000E+00    0.00E+00   18
 19  -2.30   5.01E-03    4560.29      -0.74   0.000E+00    0.00E+00   19
 20  -2.15   7.08E-03    4590.48      -0.71   0.000E+00    0.00E+00   20
 21  -2.00   1.00E-02    4620.97      -0.70   0.000E+00    0.00E+00   21
 22  -1.85   1.41E-02    4652.64      -0.71   0.000E+00    0.00E+00   22
 23  -1.70   2.00E-02    4686.55      -0.68   0.000E+00    0.00E+00   23
 24  -1.55   2.82E-02    4723.83      -0.65   0.000E+00    0.00E+00   24
 25  -1.40   3.98E-02    4766.01      -0.61   0.000E+00    0.00E+00   25
 26  -1.25   5.62E-02    4814.69      -0.57   0.000E+00    0.00E+00   26
 27  -1.10   7.94E-02    4871.75      -0.53   0.000E+00    0.00E+00   27
 28  -0.95   1.12E-01    4939.27      -0.48   0.000E+00    0.00E+00   28
 29  -0.80   1.58E-01    5019.51      -0.44   0.000E+00    0.00E+00   29
 30  -0.65   2.24E-01    5115.17      -0.39   0.000E+00    0.00E+00   30
 31  -0.50   3.16E-01    5229.35      -0.34   0.000E+00    0.00E+00   31
 32  -0.35   4.47E-01    5365.58      -0.29   0.000E+00    0.00E+00   32
 33  -0.20   6.31E-01    5528.35      -0.27   0.000E+00    0.00E+00   33
 34  -0.10   7.94E-01    5648.32      -0.25   0.000E+00    0.00E+00   34
 35   0.05   1.12E+00    5859.16      -0.22   0.000E+00    0.00E+00   35
 36   0.20   1.58E+00    6100.25      -0.19   3.647E+05    0.00E+00   36
 37   0.35   2.24E+00    6377.78      -0.14   8.294E+06    1.55E+04   37
 38   0.50   3.16E+00    6711.65       0.02   6.507E+08    3.04E+06   38
 39   0.65   4.47E+00    7052.26      -0.16   5.822E+09    2.73E+07   39
 40   0.80   6.31E+00    7348.44      -0.42   1.547E+10    4.60E+07   40
 41   0.95   8.91E+00    7607.14      -0.61   2.606E+10    4.64E+07   41
 42   1.10   1.26E+01    7838.90      -0.75   3.524E+10    3.57E+07   42
 43   1.25   1.78E+01    8052.21      -0.84   4.240E+10    2.50E+07   43
 44   1.40   2.51E+01    8252.66      -0.89   4.762E+10    1.72E+07   44
 45   1.55   3.55E+01    8444.18      -0.93   5.137E+10    1.22E+07   45
 46   1.70   5.01E+01    8629.61      -0.95   5.410E+10    8.90E+06   46
 47   1.85   7.08E+01    8810.95      -0.97   5.614E+10    6.66E+06   47
 48   2.00   1.00E+02    8989.59      -0.98   5.772E+10    5.10E+06   48
 49   2.10   1.26E+02    9107.83      -0.99   5.856E+10    4.24E+06   49
 50   2.20   1.58E+02    9225.50      -1.00   5.925E+10    3.61E+06   50
 51   2.30   2.00E+02    9342.77      -1.01   5.983E+10    3.08E+06   51
 52   2.40   2.51E+02    9459.80      -1.02   6.032E+10    2.67E+06   52
 53   2.50   3.16E+02    9576.73      -1.03   6.082E+10    2.24E+06   53


 M O D E L  A T M O S P H E R E   (CGS UNITS)
    K    TAUROSS   TAU(5000)  GEOM. DEPTH     T        PE          PG         PRAD        PTURB     KAPPAROSS     K
    1  1.0000E-05  1.2754E-05   0.0000E+00  3889.17  1.3498E-02  1.9289E+02  1.4318E+00  0.0000E+00  1.4283E-03   1
    2  1.4125E-05  1.8026E-05   3.0462E+06  3926.33  1.8227E-02  2.6319E+02  1.4319E+00  0.0000E+00  1.8169E-03   2
    3  1.9953E-05  2.5476E-05   5.6241E+06  3969.03  2.3772E-02  3.4219E+02  1.4321E+00  0.0000E+00  2.2451E-03   3
    4  2.8184E-05  3.5952E-05   7.9551E+06  4010.76  3.0277E-02  4.3340E+02  1.4323E+00  0.0000E+00  2.7246E-03   4
    5  3.9811E-05  5.0660E-05   1.0143E+07  4051.75  3.7990E-02  5.4022E+02  1.4325E+00  0.0000E+00  3.2697E-03   5
    6  5.6234E-05  7.1295E-05   1.2245E+07  4092.25  4.7194E-02  6.6645E+02  1.4328E+00  0.0000E+00  3.8963E-03   6
    7  7.9433E-05  1.0021E-04   1.4294E+07  4132.26  5.8210E-02  8.1639E+02  1.4331E+00  0.0000E+00  4.6250E-03   7
    8  1.1220E-04  1.4068E-04   1.6310E+07  4171.60  7.1402E-02  9.9513E+02  1.4335E+00  0.0000E+00  5.4719E-03   8
    9  1.5849E-04  1.9732E-04   1.8308E+07  4210.30  8.7215E-02  1.2088E+03  1.4339E+00  0.0000E+00  6.4609E-03   9
   10  2.2387E-04  2.7651E-04   2.0296E+07  4248.56  1.0619E-01  1.4645E+03  1.4345E+00  0.0000E+00  7.6209E-03  10
   11  3.1623E-04  3.8717E-04   2.2282E+07  4286.61  1.2899E-01  1.7709E+03  1.4351E+00  0.0000E+00  8.9793E-03  11
   12  4.4668E-04  5.4175E-04   2.4270E+07  4324.35  1.5637E-01  2.1383E+03  1.4359E+00  0.0000E+00  1.0576E-02  12
   13  6.3096E-04  7.5756E-04   2.6263E+07  4361.53  1.8920E-01  2.5791E+03  1.4370E+00  0.0000E+00  1.2452E-02  13
   14  8.9125E-04  1.0588E-03   2.8263E+07  4397.79  2.2847E-01  3.1080E+03  1.4382E+00  0.0000E+00  1.4652E-02  14
   15  1.2589E-03  1.4794E-03   3.0273E+07  4432.77  2.7532E-01  3.7429E+03  1.4398E+00  0.0000E+00  1.7242E-02  15
   16  1.7783E-03  2.0665E-03   3.2292E+07  4466.39  3.3112E-01  4.5052E+03  1.4418E+00  0.0000E+00  2.0279E-02  16
   17  2.5119E-03  2.8863E-03   3.4322E+07  4498.69  3.9753E-01  5.4210E+03  1.4443E+00  0.0000E+00  2.3842E-02  17
   18  3.5481E-03  4.0313E-03   3.6364E+07  4529.84  4.7651E-01  6.5212E+03  1.4476E+00  0.0000E+00  2.8034E-02  18
   19  5.0119E-03  5.6305E-03   3.8417E+07  4560.29  5.7055E-01  7.8432E+03  1.4519E+00  0.0000E+00  3.2951E-02  19
   20  7.0795E-03  7.8642E-03   4.0482E+07  4590.48  6.8268E-01  9.4320E+03  1.4575E+00  0.0000E+00  3.8723E-02  20
   21  1.0000E-02  1.0984E-02   4.2560E+07  4620.97  8.1669E-01  1.1342E+04  1.4650E+00  0.0000E+00  4.5520E-02  21
   22  1.4125E-02  1.5338E-02   4.4650E+07  4652.64  9.7753E-01  1.3636E+04  1.4750E+00  0.0000E+00  5.3525E-02  22
   23  1.9953E-02  2.1413E-02   4.6753E+07  4686.55  1.1717E+00  1.6391E+04  1.4884E+00  0.0000E+00  6.2968E-02  23
   24  2.8184E-02  2.9877E-02   4.8868E+07  4723.83  1.4078E+00  1.9698E+04  1.5064E+00  0.0000E+00  7.4159E-02  24
   25  3.9811E-02  4.1652E-02   5.0996E+07  4766.01  1.6973E+00  2.3661E+04  1.5307E+00  0.0000E+00  8.7458E-02  25
   26  5.6234E-02  5.7999E-02   5.3137E+07  4814.69  2.0560E+00  2.8404E+04  1.5634E+00  0.0000E+00  1.0333E-01  26
   27  7.9433E-02  8.0634E-02   5.5291E+07  4871.75  2.5052E+00  3.4068E+04  1.6075E+00  0.0000E+00  1.2238E-01  27
   28  1.1220E-01  1.1187E-01   5.7458E+07  4939.27  3.0748E+00  4.0813E+04  1.6669E+00  0.0000E+00  1.4536E-01  28
   29  1.5849E-01  1.5482E-01   5.9639E+07  5019.51  3.8074E+00  4.8819E+04  1.7467E+00  0.0000E+00  1.7332E-01  29
   30  2.2387E-01  2.1360E-01   6.1834E+07  5115.17  4.7683E+00  5.8277E+04  1.8534E+00  0.0000E+00  2.0791E-01  30
   31  3.1623E-01  2.9360E-01   6.4036E+07  5229.35  6.0677E+00  6.9362E+04  1.9958E+00  0.0000E+00  2.5201E-01  31
   32  4.4668E-01  4.0175E-01   6.6230E+07  5365.58  7.9173E+00  8.2166E+04  2.1845E+00  0.0000E+00  3.1155E-01  32
   33  6.3096E-01  5.4685E-01   6.8379E+07  5528.35  1.0776E+01  9.6535E+04  2.4335E+00  0.0000E+00  3.9986E-01  33
   34  7.9433E-01  6.6941E-01   6.9742E+07  5648.32  1.3607E+01  1.0675E+05  2.6407E+00  0.0000E+00  4.8526E-01  34
   35  1.1220E+00  9.0222E-01   7.1672E+07  5859.16  2.0710E+01  1.2234E+05  3.0305E+00  0.0000E+00  6.9296E-01  35
   36  1.5849E+00  1.2082E+00   7.3369E+07  6100.25  3.3994E+01  1.3720E+05  3.5360E+00  0.0000E+00  1.0651E+00  36
   37  2.2387E+00  1.6087E+00   7.4796E+07  6377.78  5.9975E+01  1.5042E+05  4.1877E+00  0.0000E+00  1.7488E+00  37
   38  3.1623E+00  2.1298E+00   7.5944E+07  6711.65  1.1514E+02  1.6133E+05  5.0140E+00  0.0000E+00  3.1229E+00  38
   39  4.4668E+00  2.8060E+00   7.6845E+07  7052.26  2.1478E+02  1.6993E+05  6.0070E+00  0.0000E+00  5.5080E+00  39
   40  6.3096E+00  3.6926E+00   7.7591E+07  7348.44  3.5678E+02  1.7712E+05  7.1121E+00  0.0000E+00  8.8527E+00  40
   41  8.9125E+00  4.8736E+00   7.8265E+07  7607.14  5.4188E+02  1.8368E+05  8.2647E+00  0.0000E+00  1.3229E+01  41
   42  1.2589E+01  6.4652E+00   7.8915E+07  7838.90  7.7332E+02  1.9005E+05  9.4157E+00  0.0000E+00  1.8799E+01  42
   43  1.7783E+01  8.6278E+00   7.9567E+07  8052.21  1.0573E+03  1.9650E+05  1.0550E+01  0.0000E+00  2.5828E+01  43
   44  2.5119E+01  1.1583E+01   8.0241E+07  8252.66  1.4021E+03  2.0322E+05  1.1678E+01  0.0000E+00  3.4662E+01  44
   45  3.5481E+01  1.5637E+01   8.0948E+07  8444.18  1.8182E+03  2.1035E+05  1.2820E+01  0.0000E+00  4.5761E+01  45
   46  5.0119E+01  2.1215E+01   8.1701E+07  8629.61  2.3185E+03  2.1803E+05  1.3993E+01  0.0000E+00  5.9716E+01  46
   47  7.0795E+01  2.8904E+01   8.2508E+07  8810.95  2.9186E+03  2.2638E+05  1.5210E+01  0.0000E+00  7.7275E+01  47
   48  1.0000E+02  3.9514E+01   8.3378E+07  8989.59  3.6366E+03  2.3552E+05  1.6482E+01  0.0000E+00  9.9378E+01  48
   49  1.2589E+02  4.8744E+01   8.3991E+07  9107.83  4.1919E+03  2.4212E+05  1.7365E+01  0.0000E+00  1.1722E+02  49
   50  1.5849E+02  6.0192E+01   8.4638E+07  9225.50  4.8159E+03  2.4917E+05  1.8278E+01  0.0000E+00  1.3801E+02  50
   51  1.9953E+02  7.4391E+01   8.5321E+07  9342.77  5.5165E+03  2.5672E+05  1.9222E+01  0.0000E+00  1.6221E+02  51
   52  2.5119E+02  9.2002E+01   8.6041E+07  9459.80  6.3025E+03  2.6481E+05  2.0200E+01  0.0000E+00  1.9037E+02  52
   53  3.1623E+02  1.1384E+02   8.6801E+07  9576.73  7.1835E+03  2.7350E+05  2.1213E+01  0.0000E+00  2.2310E+02  53


 T H E R M O D Y N A M I C A L  Q U A N T I T I E S  AND  C O N V E C T I O N  (CGS UNITS)
   K   TAUROSS   DENSITY     MU         CP          CV       ADGRAD         Q       SOUND VEL.  CONV. VEL. FCONV/F   K
   1  1.000E-05  7.498E-10   1.249   1.808E+08   1.103E+08   3.806E-01   1.003E+00   6.494E+05   0.000E+00  0.00000  1
   2  1.413E-05  1.013E-09   1.249   1.783E+08   1.088E+08   3.824E-01   1.003E+00   6.523E+05   0.000E+00  0.00000  2
   3  1.995E-05  1.303E-09   1.249   1.767E+08   1.078E+08   3.836E-01   1.004E+00   6.557E+05   0.000E+00  0.00000  3
   4  2.818E-05  1.634E-09   1.249   1.755E+08   1.071E+08   3.845E-01   1.004E+00   6.592E+05   0.000E+00  0.00000  4
   5  3.981E-05  2.016E-09   1.249   1.746E+08   1.066E+08   3.852E-01   1.004E+00   6.625E+05   0.000E+00  0.00000  5
   6  5.623E-05  2.462E-09   1.249   1.739E+08   1.062E+08   3.858E-01   1.004E+00   6.658E+05   0.000E+00  0.00000  6
   7  7.943E-05  2.987E-09   1.249   1.734E+08   1.058E+08   3.863E-01   1.004E+00   6.691E+05   0.000E+00  0.00000  7
   8  1.122E-04  3.607E-09   1.249   1.729E+08   1.055E+08   3.868E-01   1.004E+00   6.724E+05   0.000E+00  0.00000  8
   9  1.585E-04  4.341E-09   1.249   1.726E+08   1.053E+08   3.871E-01   1.004E+00   6.755E+05   0.000E+00  0.00000  9
  10  2.239E-04  5.212E-09   1.249   1.723E+08   1.051E+08   3.874E-01   1.004E+00   6.786E+05   0.000E+00  0.00000 10
  11  3.162E-04  6.246E-09   1.249   1.721E+08   1.050E+08   3.876E-01   1.004E+00   6.817E+05   0.000E+00  0.00000 11
  12  4.467E-04  7.477E-09   1.249   1.719E+08   1.048E+08   3.878E-01   1.004E+00   6.847E+05   0.000E+00  0.00000 12
  13  6.310E-04  8.941E-09   1.249   1.718E+08   1.048E+08   3.879E-01   1.005E+00   6.876E+05   0.000E+00  0.00000 13
  14  8.913E-04  1.069E-08   1.249   1.717E+08   1.047E+08   3.879E-01   1.005E+00   6.904E+05   0.000E+00  0.00000 14
  15  1.259E-03  1.277E-08   1.249   1.717E+08   1.048E+08   3.878E-01   1.005E+00   6.931E+05   0.000E+00  0.00000 15
  16  1.778E-03  1.525E-08   1.250   1.718E+08   1.048E+08   3.876E-01   1.005E+00   6.956E+05   0.000E+00  0.00000 16
  17  2.512E-03  1.822E-08   1.250   1.719E+08   1.050E+08   3.873E-01   1.006E+00   6.979E+05   0.000E+00  0.00000 17
  18  3.548E-03  2.177E-08   1.250   1.721E+08   1.051E+08   3.869E-01   1.006E+00   7.001E+05   0.000E+00  0.00000 18
  19  5.012E-03  2.601E-08   1.250   1.724E+08   1.054E+08   3.864E-01   1.006E+00   7.022E+05   0.000E+00  0.00000 19
  20  7.079E-03  3.107E-08   1.250   1.727E+08   1.056E+08   3.858E-01   1.007E+00   7.042E+05   0.000E+00  0.00000 20
  21  1.000E-02  3.712E-08   1.250   1.731E+08   1.060E+08   3.852E-01   1.007E+00   7.062E+05   0.000E+00  0.00000 21
  22  1.413E-02  4.433E-08   1.250   1.734E+08   1.063E+08   3.845E-01   1.008E+00   7.083E+05   0.000E+00  0.00000 22
  23  1.995E-02  5.290E-08   1.250   1.738E+08   1.066E+08   3.838E-01   1.009E+00   7.106E+05   0.000E+00  0.00000 23
  24  2.818E-02  6.307E-08   1.250   1.742E+08   1.069E+08   3.832E-01   1.009E+00   7.131E+05   0.000E+00  0.00000 24
  25  3.981E-02  7.510E-08   1.250   1.745E+08   1.071E+08   3.827E-01   1.010E+00   7.160E+05   0.000E+00  0.00000 25
  26  5.623E-02  8.924E-08   1.250   1.746E+08   1.072E+08   3.825E-01   1.010E+00   7.196E+05   0.000E+00  0.00000 26
  27  7.943E-02  1.058E-07   1.250   1.746E+08   1.072E+08   3.826E-01   1.010E+00   7.239E+05   0.000E+00  0.00000 27
  28  1.122E-01  1.250E-07   1.250   1.744E+08   1.070E+08   3.831E-01   1.010E+00   7.291E+05   0.000E+00  0.00000 28
  29  1.585E-01  1.471E-07   1.250   1.739E+08   1.066E+08   3.839E-01   1.010E+00   7.355E+05   0.000E+00  0.00000 29
  30  2.239E-01  1.723E-07   1.250   1.733E+08   1.060E+08   3.851E-01   1.009E+00   7.431E+05   0.000E+00  0.00000 30
  31  3.162E-01  2.006E-07   1.250   1.725E+08   1.054E+08   3.865E-01   1.009E+00   7.520E+05   0.000E+00  0.00000 31
  32  4.467E-01  2.316E-07   1.250   1.719E+08   1.048E+08   3.877E-01   1.008E+00   7.623E+05   0.000E+00  0.00000 32
  33  6.310E-01  2.641E-07   1.250   1.714E+08   1.045E+08   3.883E-01   1.007E+00   7.740E+05   0.000E+00  0.00000 33
  34  7.943E-01  2.858E-07   1.250   1.714E+08   1.046E+08   3.881E-01   1.006E+00   7.822E+05   0.000E+00  0.00000 34
  35  1.122E+00  3.157E-07   1.249   1.720E+08   1.052E+08   3.867E-01   1.006E+00   7.957E+05   0.000E+00  0.00000 35
  36  1.585E+00  3.400E-07   1.249   1.736E+08   1.068E+08   3.833E-01   1.006E+00   8.097E+05   2.882E+03  0.00001 36
  37  2.239E+00  3.565E-07   1.249   1.768E+08   1.099E+08   3.769E-01   1.007E+00   8.239E+05   1.454E+04  0.00013 37
  38  3.162E+00  3.632E-07   1.248   1.832E+08   1.158E+08   3.650E-01   1.010E+00   8.380E+05   6.098E+04  0.01029 38
  39  4.467E+00  3.638E-07   1.248   1.935E+08   1.253E+08   3.478E-01   1.016E+00   8.489E+05   1.252E+05  0.09204 39
  40  6.310E+00  3.636E-07   1.247   2.065E+08   1.371E+08   3.290E-01   1.024E+00   8.558E+05   1.716E+05  0.24465 40
  41  8.913E+00  3.639E-07   1.246   2.214E+08   1.508E+08   3.100E-01   1.034E+00   8.603E+05   2.010E+05  0.41200 41
  42  1.259E+01  3.650E-07   1.244   2.383E+08   1.659E+08   2.917E-01   1.046E+00   8.637E+05   2.183E+05  0.55717 42
  43  1.778E+01  3.669E-07   1.242   2.569E+08   1.827E+08   2.743E-01   1.060E+00   8.666E+05   2.274E+05  0.67040 43
  44  2.512E+01  3.697E-07   1.241   2.775E+08   2.011E+08   2.580E-01   1.075E+00   8.694E+05   2.313E+05  0.75290 44
  45  3.548E+01  3.733E-07   1.238   3.001E+08   2.213E+08   2.428E-01   1.092E+00   8.723E+05   2.318E+05  0.81216 45
  46  5.012E+01  3.779E-07   1.236   3.248E+08   2.432E+08   2.287E-01   1.111E+00   8.756E+05   2.304E+05  0.85534 46
  47  7.079E+01  3.834E-07   1.233   3.518E+08   2.669E+08   2.157E-01   1.132E+00   8.793E+05   2.277E+05  0.88750 47
  48  1.000E+02  3.899E-07   1.230   3.811E+08   2.926E+08   2.037E-01   1.155E+00   8.835E+05   2.243E+05  0.91252 48
  49  1.259E+02  3.949E-07   1.228   4.020E+08   3.109E+08   1.963E-01   1.172E+00   8.866E+05   2.218E+05  0.92583 49
  50  1.585E+02  4.004E-07   1.225   4.239E+08   3.299E+08   1.893E-01   1.190E+00   8.899E+05   2.190E+05  0.93670 50
  51  1.995E+02  4.065E-07   1.222   4.469E+08   3.499E+08   1.829E-01   1.208E+00   8.935E+05   2.161E+05  0.94591 51
  52  2.512E+02  4.131E-07   1.219   4.710E+08   3.706E+08   1.768E-01   1.228E+00   8.973E+05   2.131E+05  0.95370 52
  53  3.162E+02  4.204E-07   1.216   4.961E+08   3.922E+08   1.711E-01   1.249E+00   9.014E+05   2.097E+05  0.96154 53


 P A R T I A L  P R E S S U R E S    of 15 selected neutral atoms of the 22 calculated in GGchem
     H       He      C       N       O       Na      Mg      Si      Fe      Al      Ca      Cr      Ti      S       K 
  1   2.249   1.179  -1.682  -1.978  -1.234  -7.294  -3.322  -2.497  -3.061  -5.535  -6.490  -5.894  -7.010  -2.612  -9.406
  2   2.384   1.314  -1.544  -1.843  -1.098  -7.102  -3.163  -2.353  -2.907  -5.353  -6.309  -5.721  -6.838  -2.477  -9.204
  3   2.498   1.428  -1.412  -1.729  -0.978  -6.955  -3.051  -2.243  -2.797  -5.218  -6.175  -5.596  -6.714  -2.363  -9.045
  4   2.600   1.530  -1.289  -1.626  -0.867  -6.826  -2.955  -2.146  -2.703  -5.101  -6.059  -5.488  -6.606  -2.260  -8.906
  5   2.696   1.626  -1.174  -1.530  -0.764  -6.708  -2.868  -2.057  -2.618  -4.994  -5.953  -5.389  -6.509  -2.164  -8.777
  6   2.787   1.717  -1.065  -1.438  -0.666  -6.597  -2.786  -1.973  -2.538  -4.893  -5.853  -5.297  -6.418  -2.073  -8.655
  7   2.875   1.805  -0.959  -1.349  -0.571  -6.489  -2.708  -1.893  -2.461  -4.796  -5.757  -5.208  -6.330  -1.985  -8.537
  8   2.961   1.891  -0.858  -1.263  -0.479  -6.384  -2.630  -1.814  -2.385  -4.700  -5.662  -5.120  -6.243  -1.899  -8.422
  9   3.046   1.976  -0.760  -1.178  -0.388  -6.279  -2.553  -1.736  -2.309  -4.605  -5.568  -5.033  -6.156  -1.815  -8.308
 10   3.129   2.059  -0.664  -1.095  -0.300  -6.175  -2.476  -1.659  -2.233  -4.511  -5.474  -4.945  -6.070  -1.732  -8.195
 11   3.211   2.142  -0.571  -1.012  -0.213  -6.072  -2.399  -1.581  -2.158  -4.417  -5.381  -4.858  -5.983  -1.649  -8.083
 12   3.293   2.223  -0.479  -0.930  -0.126  -5.968  -2.321  -1.504  -2.081  -4.322  -5.287  -4.771  -5.897  -1.567  -7.970
 13   3.375   2.305  -0.389  -0.849  -0.041  -5.864  -2.241  -1.426  -2.004  -4.227  -5.192  -4.682  -5.809  -1.486  -7.858
 14   3.456   2.386  -0.301  -0.768   0.043  -5.759  -2.160  -1.347  -1.924  -4.130  -5.095  -4.592  -5.719  -1.405  -7.744
 15   3.536   2.467  -0.214  -0.687   0.126  -5.652  -2.076  -1.267  -1.843  -4.031  -4.997  -4.499  -5.627  -1.324  -7.629
 16   3.617   2.547  -0.130  -0.606   0.209  -5.543  -1.989  -1.185  -1.758  -3.930  -4.896  -4.404  -5.532  -1.244  -7.513
 17   3.697   2.628  -0.046  -0.526   0.290  -5.433  -1.900  -1.102  -1.671  -3.827  -4.793  -4.306  -5.434  -1.164  -7.396
 18   3.777   2.708   0.036  -0.446   0.372  -5.320  -1.808  -1.017  -1.581  -3.722  -4.688  -4.206  -5.335  -1.083  -7.277
 19   3.858   2.788   0.117  -0.365   0.452  -5.207  -1.714  -0.931  -1.490  -3.615  -4.581  -4.105  -5.233  -1.003  -7.157
 20   3.938   2.868   0.198  -0.285   0.533  -5.093  -1.620  -0.845  -1.398  -3.508  -4.474  -4.003  -5.131  -0.923  -7.037
 21   4.018   2.948   0.279  -0.205   0.613  -4.979  -1.526  -0.759  -1.307  -3.401  -4.367  -3.901  -5.029  -0.843  -6.917
 22   4.098   3.028   0.360  -0.125   0.694  -4.866  -1.433  -0.674  -1.216  -3.295  -4.261  -3.800  -4.928  -0.763  -6.797
 23   4.178   3.108   0.442  -0.045   0.774  -4.756  -1.343  -0.591  -1.128  -3.192  -4.157  -3.702  -4.830  -0.683  -6.680
 24   4.257   3.188   0.526   0.034   0.856  -4.648  -1.257  -0.510  -1.045  -3.092  -4.057  -3.607  -4.736  -0.604  -6.564
 25   4.337   3.268   0.611   0.114   0.938  -4.545  -1.177  -0.433  -0.967  -2.997  -3.963  -3.519  -4.648  -0.524  -6.453
 26   4.416   3.347   0.699   0.194   1.022  -4.448  -1.106  -0.360  -0.897  -2.910  -3.875  -3.438  -4.568  -0.445  -6.346
 27   4.495   3.426   0.790   0.273   1.107  -4.358  -1.046  -0.294  -0.837  -2.831  -3.797  -3.368  -4.497  -0.366  -6.246
 28   4.573   3.504   0.883   0.352   1.192  -4.278  -0.999  -0.236  -0.789  -2.763  -3.729  -3.308  -4.439  -0.288  -6.153
 29   4.651   3.582   0.976   0.430   1.277  -4.208  -0.966  -0.189  -0.755  -2.707  -3.673  -3.263  -4.394  -0.211  -6.068
 30   4.728   3.659   1.069   0.507   1.362  -4.149  -0.950  -0.155  -0.738  -2.665  -3.631  -3.232  -4.364  -0.135  -5.992
 31   4.804   3.735   1.159   0.583   1.446  -4.102  -0.953  -0.137  -0.740  -2.636  -3.602  -3.217  -4.350  -0.060  -5.926
 32   4.877   3.808   1.245   0.657   1.526  -4.065  -0.973  -0.138  -0.759  -2.620  -3.586  -3.216  -4.350   0.011  -5.865
 33   4.947   3.878   1.323   0.727   1.601  -4.033  -1.007  -0.157  -0.793  -2.613  -3.577  -3.226  -4.360   0.077  -5.807
 34   4.991   3.922   1.370   0.771   1.647  -4.009  -1.030  -0.174  -0.817  -2.606  -3.569  -3.231  -4.364   0.118  -5.764
 35   5.050   3.981   1.432   0.830   1.708  -3.968  -1.068  -0.208  -0.856  -2.595  -3.554  -3.240  -4.372   0.170  -5.692
 36   5.100   4.031   1.481   0.880   1.759  -3.916  -1.101  -0.245  -0.891  -2.576  -3.529  -3.243  -4.370   0.209  -5.606
 37   5.140   4.070   1.517   0.920   1.800  -3.858  -1.132  -0.285  -0.923  -2.552  -3.496  -3.242  -4.364   0.235  -5.509
 38   5.170   4.101   1.540   0.950   1.830  -3.794  -1.168  -0.333  -0.959  -2.528  -3.459  -3.244  -4.356   0.243  -5.402
 39   5.192   4.123   1.552   0.972   1.852  -3.733  -1.199  -0.379  -0.989  -2.505  -3.420  -3.245  -4.346   0.238  -5.299
 40   5.210   4.141   1.559   0.990   1.870  -3.680  -1.220  -0.413  -1.007  -2.483  -3.383  -3.242  -4.332   0.229  -5.211
 41   5.225   4.156   1.562   1.005   1.885  -3.634  -1.234  -0.439  -1.018  -2.463  -3.347  -3.239  -4.317   0.218  -5.134
 42   5.238   4.170   1.564   1.018   1.899  -3.592  -1.242  -0.458  -1.023  -2.444  -3.313  -3.233  -4.300   0.207  -5.065
 43   5.252   4.184   1.565   1.031   1.912  -3.552  -1.246  -0.472  -1.023  -2.425  -3.279  -3.227  -4.283   0.196  -5.001
 44   5.265   4.198   1.566   1.045   1.925  -3.514  -1.248  -0.483  -1.021  -2.405  -3.246  -3.219  -4.264   0.186  -4.941
 45   5.278   4.212   1.567   1.058   1.939  -3.477  -1.247  -0.491  -1.015  -2.386  -3.211  -3.210  -4.244   0.176  -4.882
 46   5.292   4.227   1.569   1.071   1.953  -3.440  -1.243  -0.497  -1.007  -2.365  -3.176  -3.200  -4.222   0.167  -4.825
 47   5.306   4.243   1.570   1.085   1.967  -3.403  -1.237  -0.500  -0.996  -2.344  -3.139  -3.189  -4.200   0.159  -4.768
 48   5.321   4.259   1.572   1.099   1.982  -3.365  -1.229  -0.501  -0.983  -2.322  -3.102  -3.177  -4.175   0.153  -4.710
 49   5.331   4.270   1.573   1.109   1.993  -3.339  -1.223  -0.500  -0.973  -2.307  -3.075  -3.168  -4.158   0.149  -4.671
 50   5.342   4.281   1.575   1.119   2.003  -3.313  -1.216  -0.499  -0.962  -2.291  -3.048  -3.159  -4.140   0.145  -4.632
 51   5.353   4.293   1.578   1.130   2.015  -3.287  -1.207  -0.496  -0.949  -2.274  -3.021  -3.149  -4.121   0.142  -4.593
 52   5.364   4.306   1.580   1.141   2.026  -3.259  -1.198  -0.493  -0.936  -2.257  -2.992  -3.138  -4.102   0.140  -4.553
 53   5.376   4.319   1.583   1.152   2.038  -3.232  -1.187  -0.488  -0.922  -2.239  -2.963  -3.127  -4.081   0.138  -4.512


 P A R T I A L  P R E S S U R E S   of 13 selected ions of the 82(+)+52(-)=134 calculated in GGchem
     H2+     OH+     AL+     CA+     K+      MG+     NA+     H2-     OH-     H-      K-      NA-     O-     ions+  pe+ions-
  1 -10.230 -11.394  -3.384  -3.442  -4.671  -2.257  -3.581 -14.671 -13.885  -7.747 -19.742 -17.558 -10.187  -1.874  -1.874
  2  -9.948 -11.139  -3.250  -3.307  -4.536  -2.124  -3.446 -14.308 -13.575  -7.501 -19.426 -17.252  -9.949  -1.743  -1.743
  3  -9.674 -10.890  -3.136  -3.193  -4.422  -2.010  -3.332 -14.005 -13.327  -7.294 -19.172 -17.009  -9.745  -1.628  -1.628
  4  -9.420 -10.659  -3.033  -3.090  -4.320  -1.907  -3.230 -13.735 -13.107  -7.108 -18.946 -16.795  -9.561  -1.523  -1.523
  5  -9.180 -10.440  -2.938  -2.994  -4.224  -1.811  -3.134 -13.483 -12.904  -6.934 -18.737 -16.596  -9.389  -1.424  -1.424
  6  -8.948 -10.229  -2.846  -2.903  -4.133  -1.718  -3.043 -13.244 -12.712  -6.769 -18.539 -16.408  -9.225  -1.330  -1.330
  7  -8.724 -10.025  -2.758  -2.815  -4.045  -1.629  -2.955 -13.012 -12.527  -6.609 -18.347 -16.227  -9.067  -1.239  -1.239
  8  -8.506  -9.827  -2.673  -2.729  -3.959  -1.543  -2.869 -12.786 -12.346  -6.454 -18.160 -16.050  -8.914  -1.150  -1.150
  9  -8.294  -9.635  -2.588  -2.645  -3.874  -1.458  -2.784 -12.564 -12.167  -6.301 -17.976 -15.875  -8.763  -1.064  -1.064
 10  -8.087  -9.448  -2.505  -2.561  -3.791  -1.374  -2.701 -12.345 -11.990  -6.150 -17.793 -15.702  -8.615  -0.978  -0.978
 11  -7.883  -9.263  -2.423  -2.479  -3.708  -1.291  -2.618 -12.128 -11.815  -6.001 -17.612 -15.529  -8.468  -0.894  -0.894
 12  -7.683  -9.082  -2.341  -2.397  -3.626  -1.209  -2.537 -11.912 -11.640  -5.853 -17.432 -15.358  -8.323  -0.810  -0.810
 13  -7.486  -8.904  -2.260  -2.316  -3.545  -1.127  -2.455 -11.697 -11.465  -5.705 -17.252 -15.186  -8.179  -0.727  -0.727
 14  -7.294  -8.731  -2.179  -2.235  -3.464  -1.046  -2.374 -11.482 -11.290  -5.559 -17.071 -15.013  -8.035  -0.645  -0.645
 15  -7.108  -8.563  -2.098  -2.154  -3.383  -0.966  -2.293 -11.268 -11.113  -5.412 -16.889 -14.839  -7.893  -0.564  -0.564
 16  -6.926  -8.399  -2.018  -2.073  -3.303  -0.886  -2.213 -11.053 -10.934  -5.266 -16.707 -14.664  -7.751  -0.484  -0.484
 17  -6.750  -8.240  -1.938  -1.993  -3.222  -0.806  -2.133 -10.838 -10.754  -5.121 -16.522 -14.486  -7.610  -0.405  -0.405
 18  -6.578  -8.085  -1.858  -1.913  -3.142  -0.727  -2.052 -10.623 -10.572  -4.975 -16.337 -14.307  -7.469  -0.326  -0.326
 19  -6.408  -7.932  -1.778  -1.833  -3.062  -0.648  -1.972 -10.408 -10.389  -4.829 -16.151 -14.127  -7.328  -0.248  -0.248
 20  -6.241  -7.781  -1.699  -1.753  -2.982  -0.569  -1.892 -10.192 -10.206  -4.684 -15.964 -13.947  -7.188  -0.170  -0.170
 21  -6.073  -7.630  -1.619  -1.673  -2.902  -0.490  -1.812  -9.977 -10.022  -4.539 -15.778 -13.766  -7.047  -0.092  -0.092
 22  -5.904  -7.477  -1.539  -1.593  -2.822  -0.411  -1.732  -9.762  -9.840  -4.394 -15.592 -13.587  -6.907  -0.014  -0.014
 23  -5.730  -7.321  -1.460  -1.513  -2.742  -0.332  -1.652  -9.548  -9.660  -4.249 -15.408 -13.410  -6.767   0.065   0.065
 24  -5.551  -7.159  -1.380  -1.433  -2.662  -0.253  -1.572  -9.336  -9.483  -4.104 -15.227 -13.236  -6.626   0.145   0.145
 25  -5.361  -6.988  -1.301  -1.353  -2.583  -0.173  -1.493  -9.125  -9.312  -3.960 -15.050 -13.067  -6.486   0.226   0.226
 26  -5.159  -6.807  -1.222  -1.274  -2.503  -0.093  -1.413  -8.917  -9.147  -3.817 -14.878 -12.904  -6.346   0.309   0.309
 27  -4.942  -6.613  -1.143  -1.195  -2.424  -0.013  -1.335  -8.712  -8.992  -3.674 -14.713 -12.749  -6.207   0.395   0.395
 28  -4.707  -6.403  -1.064  -1.117  -2.346   0.069  -1.256  -8.512  -8.848  -3.533 -14.555 -12.603  -6.069   0.483   0.483
 29  -4.450  -6.177  -0.986  -1.039  -2.268   0.150  -1.178  -8.316  -8.717  -3.392 -14.406 -12.468  -5.932   0.576   0.576
 30  -4.171  -5.933  -0.909  -0.962  -2.191   0.231  -1.101  -8.125  -8.602  -3.252 -14.266 -12.344  -5.798   0.674   0.674
 31  -3.868  -5.673  -0.832  -0.886  -2.115   0.312  -1.026  -7.939  -8.504  -3.112 -14.134 -12.230  -5.666   0.778   0.778
 32  -3.544  -5.400  -0.758  -0.813  -2.042   0.390  -0.952  -7.757  -8.425  -2.970 -14.003 -12.120  -5.534   0.894   0.894
 33  -3.207  -5.123  -0.687  -0.743  -1.972   0.464  -0.882  -7.574  -8.362  -2.819 -13.864 -12.004  -5.398   1.028   1.028
 34  -2.989  -4.948  -0.643  -0.699  -1.928   0.509  -0.839  -7.450  -8.322  -2.712 -13.758 -11.914  -5.303   1.129   1.129
 35  -2.667  -4.699  -0.584  -0.640  -1.869   0.571  -0.779  -7.257  -8.271  -2.533 -13.568 -11.751  -5.146   1.312   1.312
 36  -2.373  -4.484  -0.533  -0.590  -1.820   0.622  -0.730  -7.059  -8.225  -2.337 -13.339 -11.551  -4.974   1.528   1.528
 37  -2.104  -4.300  -0.493  -0.550  -1.780   0.663  -0.690  -6.859  -8.186  -2.126 -13.076 -11.319  -4.788   1.774   1.774
 38  -1.848  -4.137  -0.463  -0.520  -1.750   0.695  -0.660  -6.656  -8.161  -1.898 -12.781 -11.056  -4.589   2.058   2.058
 39  -1.630  -4.007  -0.441  -0.498  -1.727   0.718  -0.637  -6.475  -8.144  -1.686 -12.500 -10.807  -4.405   2.328   2.328
 40  -1.462  -3.907  -0.423  -0.480  -1.710   0.736  -0.620  -6.329  -8.128  -1.515 -12.271 -10.602  -4.255   2.549   2.549
 41  -1.326  -3.828  -0.408  -0.465  -1.694   0.752  -0.604  -6.208  -8.113  -1.374 -12.081 -10.431  -4.132   2.730   2.730
 42  -1.211  -3.760  -0.394  -0.450  -1.680   0.766  -0.590  -6.104  -8.097  -1.253 -11.918 -10.285  -4.026   2.884   2.884
 43  -1.110  -3.699  -0.380  -0.436  -1.666   0.780  -0.576  -6.010  -8.081  -1.146 -11.774 -10.155  -3.933   3.020   3.020
 44  -1.017  -3.644  -0.366  -0.423  -1.652   0.794  -0.562  -5.924  -8.063  -1.049 -11.642 -10.037  -3.847   3.142   3.142
 45  -0.932  -3.591  -0.352  -0.408  -1.638   0.809  -0.548  -5.843  -8.044  -0.958 -11.520  -9.926  -3.768   3.255   3.255
 46  -0.851  -3.541  -0.337  -0.394  -1.623   0.823  -0.533  -5.764  -8.024  -0.873 -11.404  -9.821  -3.692   3.360   3.360
 47  -0.773  -3.492  -0.322  -0.378  -1.608   0.839  -0.518  -5.688  -8.002  -0.790 -11.293  -9.720  -3.619   3.460   3.460
 48  -0.698  -3.444  -0.306  -0.362  -1.592   0.855  -0.502  -5.614  -7.978  -0.710 -11.185  -9.621  -3.549   3.555   3.555
 49  -0.649  -3.412  -0.294  -0.351  -1.581   0.866  -0.491  -5.564  -7.961  -0.658 -11.114  -9.557  -3.502   3.616   3.616
 50  -0.600  -3.381  -0.283  -0.340  -1.569   0.878  -0.479  -5.515  -7.944  -0.607 -11.044  -9.493  -3.457   3.676   3.677
 51  -0.552  -3.349  -0.271  -0.328  -1.557   0.890  -0.467  -5.466  -7.925  -0.556 -10.976  -9.430  -3.411   3.735   3.735
 52  -0.505  -3.318  -0.259  -0.315  -1.545   0.902  -0.455  -5.417  -7.906  -0.506 -10.907  -9.367  -3.366   3.793   3.793
 53  -0.458  -3.286  -0.246  -0.302  -1.532   0.915  -0.442  -5.367  -7.885  -0.456 -10.839  -9.305  -3.322   3.850   3.850


 P A R T I A L  P R E S S U R E S   of 15 iselected neutral molecules (k1mol) of the 409 calculated in GGchem
     H2      C2      N2      O2      CH      CN      CO      CO2     H2O     CH4     NH3     HCN     C2H2    C3      TIO   
  1  -1.738  -7.798  -4.094  -8.624  -6.325  -5.970  -1.644  -9.552  -8.716 -20.271 -15.994  -9.320 -14.461 -13.230 -11.545
  2  -1.527  -7.601  -3.948  -8.418  -6.098  -5.796  -1.511  -9.350  -8.434 -19.812 -15.611  -9.078 -14.128 -12.994 -11.326
  3  -1.365  -7.423  -3.858  -8.250  -5.903  -5.659  -1.415  -9.208  -8.225 -19.470 -15.329  -8.902 -13.872 -12.793 -11.181
  4  -1.223  -7.261  -3.784  -8.100  -5.726  -5.539  -1.333  -9.088  -8.043 -19.173 -15.086  -8.752 -13.649 -12.615 -11.059
  5  -1.093  -7.111  -3.720  -7.962  -5.563  -5.429  -1.260  -8.981  -7.877 -18.901 -14.864  -8.615 -13.446 -12.451 -10.951
  6  -0.969  -6.969  -3.661  -7.831  -5.407  -5.326  -1.192  -8.882  -7.720 -18.647 -14.655  -8.488 -13.257 -12.299 -10.850
  7  -0.850  -6.834  -3.604  -7.704  -5.258  -5.228  -1.128  -8.787  -7.570 -18.402 -14.453  -8.367 -13.075 -12.154 -10.754
  8  -0.734  -6.704  -3.547  -7.581  -5.113  -5.132  -1.066  -8.695  -7.421 -18.161 -14.255  -8.248 -12.899 -12.014 -10.658
  9  -0.618  -6.578  -3.489  -7.460  -4.971  -5.038  -1.004  -8.604  -7.275 -17.923 -14.058  -8.129 -12.724 -11.879 -10.562
 10  -0.503  -6.455  -3.430  -7.340  -4.832  -4.945  -0.943  -8.513  -7.128 -17.687 -13.861  -8.012 -12.552 -11.747 -10.465
 11  -0.389  -6.334  -3.371  -7.222  -4.695  -4.852  -0.883  -8.422  -6.983 -17.451 -13.665  -7.894 -12.381 -11.617 -10.368
 12  -0.274  -6.215  -3.310  -7.104  -4.559  -4.760  -0.822  -8.330  -6.836 -17.215 -13.467  -7.777 -12.210 -11.489 -10.270
 13  -0.159  -6.097  -3.247  -6.986  -4.424  -4.668  -0.760  -8.237  -6.689 -16.977 -13.268  -7.657 -12.038 -11.362 -10.169
 14  -0.043  -5.981  -3.181  -6.869  -4.290  -4.574  -0.697  -8.141  -6.539 -16.734 -13.065  -7.535 -11.864 -11.234 -10.065
 15   0.075  -5.865  -3.111  -6.751  -4.156  -4.479  -0.631  -8.041  -6.386 -16.487 -12.857  -7.409 -11.685 -11.104  -9.955
 16   0.195  -5.750  -3.036  -6.631  -4.023  -4.382  -0.561  -7.935  -6.229 -16.233 -12.643  -7.278 -11.502 -10.973  -9.841
 17   0.316  -5.634  -2.957  -6.511  -3.889  -4.283  -0.489  -7.825  -6.068 -15.973 -12.425  -7.143 -11.314 -10.840  -9.721
 18   0.440  -5.519  -2.874  -6.390  -3.755  -4.182  -0.414  -7.711  -5.905 -15.707 -12.202  -7.004 -11.122 -10.704  -9.597
 19   0.564  -5.403  -2.789  -6.268  -3.621  -4.080  -0.337  -7.593  -5.739 -15.438 -11.976  -6.863 -10.927 -10.567  -9.469
 20   0.689  -5.287  -2.702  -6.146  -3.487  -3.977  -0.259  -7.474  -5.572 -15.167 -11.748  -6.719 -10.730 -10.429  -9.340
 21   0.815  -5.171  -2.615  -6.025  -3.353  -3.874  -0.181  -7.355  -5.405 -14.895 -11.520  -6.576 -10.533 -10.291  -9.211
 22   0.939  -5.056  -2.530  -5.903  -3.219  -3.772  -0.104  -7.238  -5.240 -14.627 -11.295  -6.435 -10.338 -10.154  -9.084
 23   1.061  -4.941  -2.449  -5.783  -3.086  -3.672  -0.031  -7.126  -5.079 -14.365 -11.075  -6.298 -10.149 -10.020  -8.963
 24   1.180  -4.827  -2.375  -5.665  -2.954  -3.576   0.037  -7.022  -4.923 -14.114 -10.864  -6.169  -9.968  -9.891  -8.849
 25   1.293  -4.715  -2.311  -5.551  -2.824  -3.486   0.097  -6.931  -4.777 -13.879 -10.665  -6.051  -9.799  -9.770  -8.748
 26   1.401  -4.606  -2.260  -5.441  -2.696  -3.404   0.146  -6.856  -4.644 -13.665 -10.484  -5.948  -9.648  -9.660  -8.663
 27   1.500  -4.502  -2.226  -5.338  -2.572  -3.331   0.181  -6.803  -4.525 -13.477 -10.324  -5.865  -9.520  -9.564  -8.599
 28   1.588  -4.406  -2.211  -5.243  -2.453  -3.273   0.196  -6.779  -4.427 -13.324 -10.190  -5.805  -9.421  -9.491  -8.560
 29   1.665  -4.322  -2.220  -5.159  -2.342  -3.231   0.188  -6.790  -4.351 -13.212 -10.086  -5.776  -9.359  -9.446  -8.551
 30   1.729  -4.255  -2.256  -5.089  -2.242  -3.210   0.150  -6.844  -4.303 -13.148 -10.018  -5.782  -9.343  -9.439  -8.575
 31   1.777  -4.210  -2.322  -5.038  -2.156  -3.215   0.077  -6.951  -4.287 -13.141  -9.990  -5.831  -9.381  -9.479  -8.638
 32   1.806  -4.193  -2.423  -5.009  -2.088  -3.251  -0.040  -7.120  -4.309 -13.201 -10.008  -5.928  -9.484  -9.578  -8.742
 33   1.813  -4.211  -2.564  -5.007  -2.043  -3.323  -0.205  -7.360  -4.375 -13.342 -10.083  -6.084  -9.664  -9.744  -8.885
 34   1.807  -4.239  -2.674  -5.020  -2.024  -3.386  -0.336  -7.550  -4.440 -13.470 -10.157  -6.212  -9.817  -9.885  -8.991
 35   1.771  -4.318  -2.884  -5.069  -2.024  -3.521  -0.585  -7.912  -4.588 -13.754 -10.335  -6.469 -10.130 -10.169  -9.181
 36   1.707  -4.435  -3.134  -5.151  -2.054  -3.693  -0.879  -8.341  -4.786 -14.126 -10.576  -6.784 -10.521 -10.521  -9.391
 37   1.615  -4.589  -3.425  -5.265  -2.114  -3.904  -1.222  -8.839  -5.036 -14.591 -10.886  -7.160 -10.994 -10.941  -9.623
 38   1.486  -4.790  -3.772  -5.418  -2.212  -4.164  -1.628  -9.432  -5.351 -15.178 -11.284  -7.619 -11.574 -11.455  -9.896
 39   1.356  -4.994  -4.107  -5.572  -2.319  -4.420  -2.022 -10.005  -5.663 -15.763 -11.681  -8.067 -12.144 -11.961 -10.155
 40   1.253  -5.163  -4.377  -5.696  -2.410  -4.628  -2.341 -10.469  -5.914 -16.241 -12.002  -8.431 -12.608 -12.378 -10.359
 41   1.171  -5.303  -4.595  -5.796  -2.486  -4.797  -2.601 -10.847  -6.116 -16.633 -12.264  -8.728 -12.989 -12.723 -10.523
 42   1.105  -5.422  -4.778  -5.878  -2.550  -4.939  -2.821 -11.165  -6.283 -16.965 -12.482  -8.979 -13.311 -13.018 -10.658
 43   1.050  -5.526  -4.935  -5.947  -2.607  -5.062  -3.013 -11.443  -6.426 -17.254 -12.671  -9.197 -13.592 -13.278 -10.773
 44   1.004  -5.620  -5.074  -6.007  -2.657  -5.171  -3.183 -11.690  -6.551 -17.512 -12.837  -9.391 -13.843 -13.512 -10.874
 45   0.965  -5.705  -5.199  -6.059  -2.702  -5.269  -3.339 -11.914  -6.662 -17.746 -12.985  -9.567 -14.071 -13.727 -10.963
 46   0.932  -5.783  -5.314  -6.106  -2.744  -5.359  -3.482 -12.121  -6.762 -17.962 -13.120  -9.729 -14.281 -13.927 -11.042
 47   0.903  -5.855  -5.420  -6.147  -2.781  -5.442  -3.615 -12.313  -6.853 -18.163 -13.245  -9.880 -14.477 -14.115 -11.114
 48   0.879  -5.922  -5.519  -6.183  -2.816  -5.519  -3.740 -12.493  -6.935 -18.351 -13.359 -10.021 -14.660 -14.292 -11.179
 49   0.865  -5.965  -5.581  -6.205  -2.838  -5.567  -3.820 -12.608  -6.987 -18.471 -13.431 -10.110 -14.777 -14.406 -11.219
 50   0.852  -6.005  -5.641  -6.226  -2.859  -5.613  -3.897 -12.718  -7.035 -18.586 -13.500 -10.196 -14.888 -14.516 -11.257
 51   0.842  -6.043  -5.698  -6.244  -2.878  -5.657  -3.970 -12.825  -7.080 -18.697 -13.565 -10.279 -14.996 -14.622 -11.292
 52   0.833  -6.080  -5.753  -6.262  -2.896  -5.699  -4.041 -12.927  -7.123 -18.804 -13.628 -10.359 -15.100 -14.724 -11.325
 53   0.825  -6.114  -5.806  -6.277  -2.913  -5.739  -4.110 -13.026  -7.163 -18.907 -13.687 -10.435 -15.199 -14.824 -11.356


 P A R T I A L  P R E S S U R E S   of 15 selected neutral molecules (k2mol) of the 409 calculated in GGchem
     OH      MGH     ALH     HS      HCL     NACL    KH      CAH     CAOH    TIH     CRH     FEH     SIO     SIC     SIC2  
  1  -4.970  -8.736 -10.883  -6.980  -8.051 -17.154 -15.217 -11.395 -17.275 -12.561 -11.896  -9.516  -5.842 -10.119 -14.437
  2  -4.757  -8.468 -10.605  -6.758  -7.840 -16.881 -14.905 -11.110 -16.934 -12.281 -11.615  -9.245  -5.667  -9.896 -14.181
  3  -4.588  -8.272 -10.400  -6.585  -7.677 -16.680 -14.661 -10.897 -16.689 -12.073 -11.406  -9.043  -5.553  -9.718 -13.988
  4  -4.438  -8.102 -10.221  -6.432  -7.535 -16.507 -14.446 -10.712 -16.479 -11.891 -11.225  -8.866  -5.459  -9.561 -13.821
  5  -4.299  -7.947 -10.059  -6.291  -7.404 -16.350 -14.248 -10.542 -16.288 -11.726 -11.059  -8.705  -5.376  -9.418 -13.670
  6  -4.167  -7.801  -9.906  -6.157  -7.280 -16.201 -14.061 -10.382 -16.109 -11.570 -10.903  -8.553  -5.299  -9.283 -13.530
  7  -4.041  -7.661  -9.758  -6.028  -7.161 -16.058 -13.880 -10.228 -15.937 -11.420 -10.752  -8.406  -5.225  -9.154 -13.397
  8  -3.917  -7.523  -9.613  -5.902  -7.043 -15.917 -13.702 -10.077 -15.767 -11.272 -10.604  -8.262  -5.152  -9.028 -13.268
  9  -3.795  -7.385  -9.468  -5.777  -6.927 -15.777 -13.527  -9.927 -15.598 -11.126 -10.457  -8.120  -5.078  -8.904 -13.140
 10  -3.674  -7.248  -9.325  -5.653  -6.812 -15.638 -13.353  -9.777 -15.429 -10.980 -10.311  -7.977  -5.004  -8.783 -13.014
 11  -3.554  -7.112  -9.181  -5.530  -6.697 -15.498 -13.181  -9.628 -15.261 -10.834 -10.165  -7.836  -4.929  -8.662 -12.889
 12  -3.434  -6.974  -9.037  -5.407  -6.582 -15.358 -13.008  -9.479 -15.091 -10.688 -10.018  -7.693  -4.853  -8.541 -12.764
 13  -3.315  -6.835  -8.892  -5.283  -6.467 -15.217 -12.835  -9.328 -14.920 -10.541  -9.871  -7.550  -4.775  -8.421 -12.637
 14  -3.194  -6.694  -8.744  -5.159  -6.350 -15.072 -12.661  -9.175 -14.744 -10.391  -9.721  -7.405  -4.694  -8.299 -12.508
 15  -3.073  -6.549  -8.593  -5.034  -6.232 -14.925 -12.485  -9.019 -14.563 -10.238  -9.568  -7.256  -4.607  -8.175 -12.374
 16  -2.951  -6.401  -8.439  -4.907  -6.112 -14.773 -12.306  -8.860 -14.377 -10.082  -9.412  -7.105  -4.516  -8.049 -12.236
 17  -2.827  -6.249  -8.281  -4.778  -5.990 -14.618 -12.125  -8.698 -14.185  -9.923  -9.252  -6.950  -4.421  -7.921 -12.093
 18  -2.703  -6.094  -8.120  -4.648  -5.866 -14.460 -11.943  -8.533 -13.988  -9.760  -9.089  -6.793  -4.321  -7.791 -11.946
 19  -2.577  -5.936  -7.957  -4.517  -5.741 -14.299 -11.758  -8.365 -13.788  -9.596  -8.925  -6.633  -4.218  -7.659 -11.796
 20  -2.451  -5.778  -7.793  -4.386  -5.616 -14.138 -11.574  -8.197 -13.586  -9.430  -8.759  -6.473  -4.114  -7.527 -11.644
 21  -2.325  -5.619  -7.629  -4.255  -5.490 -13.976 -11.389  -8.029 -13.384  -9.264  -8.593  -6.313  -4.009  -7.394 -11.493
 22  -2.200  -5.463  -7.466  -4.124  -5.366 -13.816 -11.206  -7.862 -13.185  -9.101  -8.430  -6.154  -3.907  -7.263 -11.343
 23  -2.076  -5.310  -7.308  -3.996  -5.244 -13.660 -11.025  -7.699 -12.992  -8.940  -8.269  -5.999  -3.810  -7.135 -11.199
 24  -1.955  -5.163  -7.155  -3.870  -5.125 -13.510 -10.848  -7.542 -12.808  -8.786  -8.115  -5.850  -3.720  -7.011 -11.063
 25  -1.838  -5.025  -7.011  -3.748  -5.011 -13.369 -10.677  -7.392 -12.637  -8.640  -7.969  -5.707  -3.641  -6.892 -10.939
 26  -1.726  -4.898  -6.878  -3.632  -4.903 -13.240 -10.514  -7.254 -12.484  -8.506  -7.834  -5.576  -3.577  -6.783 -10.831
 27  -1.621  -4.786  -6.759  -3.523  -4.804 -13.126 -10.362  -7.129 -12.354  -8.385  -7.712  -5.457  -3.532  -6.684 -10.745
 28  -1.525  -4.691  -6.658  -3.423  -4.715 -13.030 -10.221  -7.021 -12.251  -8.282  -7.607  -5.354  -3.510  -6.602 -10.689
 29  -1.439  -4.617  -6.576  -3.333  -4.637 -12.955 -10.094  -6.931 -12.182  -8.198  -7.522  -5.270  -3.518  -6.539 -10.670
 30  -1.367  -4.566  -6.517  -3.255  -4.573 -12.903  -9.983  -6.863 -12.150  -8.137  -7.458  -5.208  -3.560  -6.501 -10.699
 31  -1.310  -4.541  -6.481  -3.191  -4.525 -12.877  -9.888  -6.818 -12.161  -8.100  -7.418  -5.170  -3.645  -6.496 -10.784
 32  -1.273  -4.542  -6.470  -3.144  -4.496 -12.876  -9.809  -6.795 -12.217  -8.088  -7.403  -5.158  -3.777  -6.528 -10.937
 33  -1.261  -4.569  -6.481  -3.118  -4.489 -12.898  -9.744  -6.794 -12.320  -8.099  -7.409  -5.172  -3.960  -6.600 -11.163
 34  -1.264  -4.591  -6.493  -3.111  -4.495 -12.918  -9.702  -6.797 -12.403  -8.111  -7.418  -5.187  -4.098  -6.662 -11.341
 35  -1.297  -4.643  -6.527  -3.129  -4.532 -12.963  -9.645  -6.816 -12.570  -8.147  -7.448  -5.227  -4.351  -6.789 -11.676
 36  -1.360  -4.705  -6.568  -3.177  -4.598 -13.017  -9.591  -6.843 -12.768  -8.194  -7.487  -5.279  -4.633  -6.939 -12.063
 37  -1.453  -4.779  -6.622  -3.257  -4.694 -13.083  -9.543  -6.882 -13.001  -8.258  -7.540  -5.346  -4.947  -7.114 -12.504
 38  -1.584  -4.878  -6.697  -3.378  -4.828 -13.172  -9.507  -6.942 -13.290  -8.351  -7.617  -5.440  -5.312  -7.326 -13.024
 39  -1.716  -4.975  -6.773  -3.508  -4.965 -13.260  -9.479  -7.006 -13.571  -8.450  -7.698  -5.536  -5.658  -7.533 -13.525
 40  -1.823  -5.049  -6.832  -3.619  -5.076 -13.328  -9.454  -7.055 -13.795  -8.534  -7.764  -5.613  -5.933  -7.697 -13.927
 41  -1.908  -5.107  -6.877  -3.711  -5.167 -13.382  -9.431  -7.094 -13.975  -8.605  -7.816  -5.676  -6.154  -7.829 -14.253
 42  -1.978  -5.152  -6.912  -3.789  -5.242 -13.424  -9.409  -7.124 -14.123  -8.666  -7.859  -5.727  -6.337  -7.937 -14.527
 43  -2.036  -5.188  -6.940  -3.858  -5.307 -13.458  -9.386  -7.148 -14.249  -8.720  -7.896  -5.770  -6.494  -8.030 -14.764
 44  -2.086  -5.217  -6.962  -3.918  -5.364 -13.486  -9.363  -7.167 -14.358  -8.769  -7.927  -5.808  -6.632  -8.111 -14.975
 45  -2.129  -5.241  -6.979  -3.972  -5.414 -13.510  -9.338  -7.182 -14.455  -8.814  -7.954  -5.840  -6.755  -8.182 -15.165
 46  -2.166  -5.259  -6.992  -4.021  -5.460 -13.529  -9.313  -7.194 -14.541  -8.856  -7.977  -5.869  -6.866  -8.245 -15.338
 47  -2.199  -5.274  -7.001  -4.066  -5.501 -13.545  -9.285  -7.202 -14.618  -8.896  -7.997  -5.894  -6.968  -8.301 -15.498
 48  -2.227  -5.284  -7.007  -4.106  -5.539 -13.558  -9.256  -7.208 -14.688  -8.933  -8.015  -5.916  -7.062  -8.351 -15.646
 49  -2.244  -5.289  -7.009  -4.131  -5.563 -13.565  -9.236  -7.210 -14.730  -8.957  -8.025  -5.929  -7.120  -8.382 -15.739
 50  -2.260  -5.293  -7.010  -4.154  -5.586 -13.571  -9.215  -7.211 -14.770  -8.980  -8.034  -5.941  -7.175  -8.410 -15.829
 51  -2.273  -5.294  -7.009  -4.176  -5.607 -13.575  -9.193  -7.211 -14.807  -9.002  -8.041  -5.952  -7.228  -8.436 -15.913
 52  -2.285  -5.295  -7.007  -4.196  -5.627 -13.578  -9.170  -7.209 -14.842  -9.024  -8.048  -5.962  -7.278  -8.459 -15.994
 53  -2.296  -5.293  -7.004  -4.214  -5.646 -13.580  -9.146  -7.206 -14.873  -9.045  -8.054  -5.970  -7.325  -8.480 -16.071


 P A R T I A L  P R E S S U R E S   of 15 iselected neutral molecules (k3mol) of the 409 calculated in GGchem
     CS      VO      CRO     FEO     ZRO     SIS     ALOH    KOH     FES     H2S     H2SO4   PH3     TIO2    O3      TIC   
  1  -7.502 -13.147 -12.630 -10.755 -12.334  -9.278 -16.549 -20.988 -13.158 -11.999 -47.232 -20.632 -18.021 -21.370 -14.227
  2  -7.323 -12.924 -12.384 -10.521 -12.130  -9.081 -16.224 -20.617 -12.913 -11.692 -46.596 -20.218 -17.745 -21.042 -13.990
  3  -7.182 -12.775 -12.208 -10.354 -12.002  -8.948 -15.998 -20.340 -12.739 -11.461 -46.123 -19.903 -17.568 -20.770 -13.814
  4  -7.058 -12.649 -12.057 -10.210 -11.897  -8.837 -15.805 -20.099 -12.590 -11.259 -45.712 -19.628 -17.421 -20.525 -13.662
  5  -6.944 -12.537 -11.920 -10.080 -11.804  -8.738 -15.632 -19.878 -12.456 -11.073 -45.336 -19.375 -17.292 -20.299 -13.525
  6  -6.837 -12.432 -11.792  -9.957 -11.718  -8.645 -15.469 -19.670 -12.329 -10.898 -44.982 -19.137 -17.172 -20.083 -13.397
  7  -6.735 -12.332 -11.669  -9.840 -11.636  -8.556 -15.313 -19.469 -12.207 -10.730 -44.641 -18.906 -17.057 -19.875 -13.274
  8  -6.636 -12.233 -11.548  -9.724 -11.554  -8.468 -15.158 -19.273 -12.087 -10.564 -44.307 -18.680 -16.943 -19.673 -13.154
  9  -6.538 -12.133 -11.428  -9.610 -11.471  -8.380 -15.004 -19.078 -11.968 -10.399 -43.975 -18.456 -16.828 -19.475 -13.035
 10  -6.441 -12.033 -11.307  -9.495 -11.388  -8.291 -14.850 -18.884 -11.848 -10.236 -43.645 -18.234 -16.713 -19.279 -12.917
 11  -6.346 -11.933 -11.187  -9.380 -11.304  -8.202 -14.696 -18.690 -11.728 -10.073 -43.317 -18.011 -16.596 -19.086 -12.800
 12  -6.251 -11.832 -11.066  -9.265 -11.218  -8.112 -14.540 -18.496 -11.608  -9.910 -42.988 -17.789 -16.478 -18.893 -12.682
 13  -6.156 -11.727 -10.944  -9.148 -11.129  -8.019 -14.381 -18.301 -11.485  -9.745 -42.655 -17.566 -16.356 -18.702 -12.563
 14  -6.059 -11.620 -10.819  -9.028 -11.036  -7.923 -14.218 -18.103 -11.360  -9.579 -42.318 -17.339 -16.229 -18.512 -12.442
 15  -5.961 -11.508 -10.690  -8.904 -10.938  -7.823 -14.050 -17.900 -11.230  -9.409 -41.973 -17.109 -16.095 -18.321 -12.317
 16  -5.862 -11.391 -10.556  -8.777 -10.833  -7.718 -13.875 -17.694 -11.097  -9.237 -41.620 -16.875 -15.953 -18.129 -12.189
 17  -5.760 -11.268 -10.419  -8.645 -10.723  -7.609 -13.694 -17.483 -10.959  -9.061 -41.258 -16.637 -15.804 -17.937 -12.057
 18  -5.657 -11.142 -10.278  -8.510 -10.609  -7.495 -13.508 -17.268 -10.818  -8.882 -40.889 -16.395 -15.648 -17.744 -11.921
 19  -5.553 -11.012 -10.135  -8.373 -10.490  -7.379 -13.318 -17.050 -10.674  -8.701 -40.516 -16.151 -15.488 -17.550 -11.783
 20  -5.448 -10.881  -9.991  -8.235 -10.370  -7.262 -13.126 -16.831 -10.529  -8.519 -40.139 -15.904 -15.325 -17.357 -11.644
 21  -5.342 -10.750  -9.846  -8.096 -10.250  -7.145 -12.934 -16.611 -10.384  -8.337 -39.762 -15.659 -15.163 -17.163 -11.505
 22  -5.238 -10.621  -9.704  -7.960 -10.132  -7.030 -12.745 -16.395 -10.241  -8.157 -39.389 -15.415 -15.004 -16.970 -11.368
 23  -5.136 -10.497  -9.565  -7.827 -10.020  -6.919 -12.562 -16.182 -10.102  -7.980 -39.025 -15.176 -14.852 -16.778 -11.235
 24  -5.038 -10.381  -9.434  -7.701  -9.917  -6.815 -12.389 -15.978  -9.970  -7.810 -38.676 -14.943 -14.712 -16.589 -11.108
 25  -4.945 -10.277  -9.313  -7.585  -9.828  -6.722 -12.231 -15.785  -9.848  -7.647 -38.347 -14.722 -14.590 -16.403 -10.991
 26  -4.860 -10.189  -9.206  -7.481  -9.756  -6.642 -12.092 -15.606  -9.739  -7.495 -38.048 -14.515 -14.491 -16.223 -10.888
 27  -4.785 -10.121  -9.115  -7.394  -9.707  -6.580 -11.978 -15.446  -9.646  -7.358 -37.785 -14.325 -14.422 -16.049 -10.802
 28  -4.724 -10.077  -9.046  -7.327  -9.685  -6.539 -11.894 -15.310  -9.573  -7.237 -37.570 -14.157 -14.389 -15.886 -10.737
 29  -4.679 -10.062  -9.002  -7.285  -9.695  -6.525 -11.845 -15.201  -9.523  -7.135 -37.410 -14.015 -14.400 -15.736 -10.698
 30  -4.655 -10.081  -8.987  -7.271  -9.743  -6.542 -11.837 -15.124  -9.501  -7.057 -37.319 -13.902 -14.462 -15.604 -10.691
 31  -4.657 -10.136  -9.005  -7.291  -9.832  -6.596 -11.875 -15.082  -9.510  -7.006 -37.310 -13.824 -14.582 -15.496 -10.719
 32  -4.690 -10.231  -9.057  -7.347  -9.966  -6.691 -11.962 -15.078  -9.552  -6.986 -37.396 -13.787 -14.766 -15.417 -10.784
 33  -4.760 -10.365  -9.145  -7.438 -10.144  -6.832 -12.100 -15.114  -9.626  -7.005 -37.598 -13.801 -15.016 -15.375 -10.888
 34  -4.823 -10.464  -9.212  -7.508 -10.275  -6.940 -12.208 -15.149  -9.684  -7.035 -37.783 -13.835 -15.203 -15.366 -10.967
 35  -4.961 -10.643  -9.341  -7.642 -10.508  -7.143 -12.415 -15.235  -9.798  -7.128 -38.192 -13.948 -15.544 -15.396 -11.116
 36  -5.140 -10.840  -9.487  -7.793 -10.764  -7.374 -12.656 -15.347  -9.928  -7.269 -38.726 -14.127 -15.928 -15.471 -11.282
 37  -5.362 -11.058  -9.657  -7.964 -11.048  -7.637 -12.936 -15.488 -10.082  -7.463 -39.392 -14.376 -16.361 -15.593 -11.471
 38  -5.644 -11.315  -9.865  -8.169 -11.381  -7.951 -13.274 -15.673 -10.273  -7.725 -40.229 -14.712 -16.869 -15.772 -11.698
 39  -5.930 -11.557 -10.071  -8.365 -11.701  -8.257 -13.602 -15.856 -10.463  -7.995 -41.060 -15.056 -17.354 -15.958 -11.917
 40  -6.168 -11.747 -10.238  -8.519 -11.959  -8.505 -13.864 -16.000 -10.619  -8.220 -41.736 -15.338 -17.742 -16.110 -12.092
 41  -6.368 -11.898 -10.374  -8.642 -12.169  -8.708 -14.075 -16.113 -10.746  -8.406 -42.289 -15.568 -18.054 -16.233 -12.233
 42  -6.540 -12.021 -10.490  -8.742 -12.346  -8.880 -14.249 -16.204 -10.854  -8.565 -42.754 -15.758 -18.315 -16.334 -12.351
 43  -6.693 -12.125 -10.591  -8.826 -12.500  -9.029 -14.398 -16.279 -10.947  -8.704 -43.156 -15.920 -18.539 -16.421 -12.451
 44  -6.832 -12.214 -10.680  -8.898 -12.638  -9.162 -14.529 -16.342 -11.030  -8.828 -43.514 -16.061 -18.737 -16.496 -12.540
 45  -6.959 -12.292 -10.761  -8.961 -12.762  -9.282 -14.645 -16.395 -11.103  -8.940 -43.836 -16.184 -18.914 -16.561 -12.618
 46  -7.078 -12.361 -10.836  -9.016 -12.877  -9.392 -14.749 -16.440 -11.170  -9.043 -44.130 -16.293 -19.075 -16.619 -12.688
 47  -7.189 -12.422 -10.904  -9.065 -12.985  -9.493 -14.844 -16.478 -11.231  -9.139 -44.402 -16.390 -19.223 -16.671 -12.752
 48  -7.295 -12.477 -10.969  -9.108 -13.086  -9.586 -14.931 -16.510 -11.286  -9.227 -44.654 -16.476 -19.360 -16.718 -12.809
 49  -7.362 -12.509 -11.010  -9.134 -13.150  -9.645 -14.985 -16.528 -11.320  -9.283 -44.814 -16.528 -19.445 -16.746 -12.844
 50  -7.427 -12.540 -11.048  -9.158 -13.212  -9.701 -15.035 -16.543 -11.352  -9.336 -44.966 -16.575 -19.527 -16.772 -12.877
 51  -7.490 -12.568 -11.086  -9.179 -13.272  -9.754 -15.083 -16.556 -11.382  -9.387 -45.111 -16.619 -19.605 -16.796 -12.908
 52  -7.551 -12.593 -11.122  -9.199 -13.330  -9.805 -15.128 -16.566 -11.410  -9.436 -45.250 -16.658 -19.679 -16.818 -12.936
 53  -7.609 -12.616 -11.156  -9.216 -13.386  -9.853 -15.170 -16.574 -11.435  -9.482 -45.383 -16.693 -19.750 -16.837 -12.962


 P A R T I A L  P R E S S U R E S  -- overview of all the 565 neutral and ionized species from GGchem
          22 neutral atoms (atnames), 409 neutral molecules, 82 positive ions, 52 negative ions (molnames):
     H       He      C       N       O       Na      Mg      Si      F       Fe      Al      Ca      Cr      Ti      S 
      1       2       3       4       5       6       7       8       9      10      11      12      13      14      15
  1   2.249   1.179  -1.682  -1.978  -1.234  -7.294  -3.322  -2.497  -5.193  -3.061  -5.535  -6.490  -5.894  -7.010  -2.612
 53   5.376   4.319   1.583   1.152   2.038  -3.232  -1.187  -0.488  -2.052  -0.922  -2.239  -2.963  -3.127  -4.081   0.138
     Cl      K       Li      V       Zr      Be      P 
     16      17      18      19      20      21      22
  1  -4.251  -9.406 -12.081  -7.659  -9.122  -8.416  -4.392
 53  -1.199  -4.512  -8.175  -4.784  -6.180  -6.538  -1.946
     H2      LI2     C2      N2      O2      F2      NA2     MG2     AL2     SI2     P2      S2      CL2     K2      H2+     
      1       2       3       4       5       6       7       8       9      10      11      12      13      14      15
  1  -1.738 -33.345  -7.798  -4.094  -8.624 -20.891 -23.989 -17.198 -19.791 -12.583 -14.402 -11.780 -17.490 -28.376 -10.230
 53   0.825 -26.236  -6.114  -5.806  -6.277 -16.353 -16.422 -12.316 -14.480 -11.295 -14.130  -9.971 -13.485 -20.317  -0.458
     HE2+    C2+     N2+     O2+     P2+     S2+     H2-     C2-     LIH     BEH     CH      NH      OH      HF      NAH     
     16      17      18      19      20      21      22      23      24      25      26      27      28      29      30
  1 -26.492 -11.778 -13.235 -13.613 -16.387 -13.508 -14.671 -13.795 -17.579 -13.824  -6.325  -6.923  -4.970  -7.512 -13.069
 53  -8.048  -6.700  -7.410  -6.868 -12.771  -9.398  -5.367 -10.551 -12.780 -10.932  -2.913  -3.443  -2.296  -6.104  -7.763
     MGH     ALH     SIH     PH      HS      HCL     KH      CAH     TIH     CRH     FEH     HEH+    BEH+    CH+     NH+     
     31      32      33      34      35      36      37      38      39      40      41      42      43      44      45
  1  -8.736 -10.883  -7.543  -9.426  -6.980  -8.051 -15.217 -11.395 -12.561 -11.896  -9.516 -12.493 -14.633 -10.107 -12.978
 53  -5.293  -7.004  -5.056  -6.471  -4.214  -5.646  -9.146  -7.206  -9.045  -8.054  -5.970  -1.918  -9.833  -3.313  -3.867
     OH+     HF+     MGH+    ALH+    SIH+    PH+     SH+     HCL+    CH-     OH-     SIH-    HS-     CN      CO      CF      
     46      47      48      49      50      51      52      53      54      55      56      57      58      59      60
  1 -11.394 -16.778  -8.446  -9.346  -7.772 -11.607 -10.072 -13.227 -15.598 -13.885 -16.574 -15.290  -5.970  -1.644 -11.739
 53  -3.286  -7.629  -3.838  -4.739  -3.962  -5.822  -4.080  -5.480  -8.224  -7.885 -10.475  -9.455  -5.739  -4.110  -9.985
     SIC     CP      CS      CCL     CN+     CO+     CN-     CS-     NO      FN      ALN     SIN     PN      SN      NCL     
     61      62      63      64      65      66      67      68      69      70      71      72      73      74      75
  1 -10.119 -10.377  -7.502 -13.198 -12.899  -8.824 -12.107 -17.163  -6.916 -14.803 -14.903  -9.115  -9.349  -9.924 -13.296
 53  -8.480  -9.900  -7.609  -9.840  -6.698  -5.280 -10.364 -12.881  -5.943 -11.252 -10.929  -8.574  -9.875  -8.333 -10.111
     TIN     ZRN     NO+     NS+     LIO     BEO     FO      NAO     MGO     ALO     SIO     PO      SO      CLO     KO      
     76      77      78      79      80      81      82      83      84      85      86      87      88      89      90
  1 -15.015 -18.500  -8.982 -13.339 -20.092 -15.501 -15.506 -15.714 -10.850 -11.923  -5.842  -9.639  -9.149 -13.721 -17.766
 53 -14.222 -16.272  -5.649  -8.825 -15.864 -13.540 -11.095 -10.808  -8.458  -9.517  -7.325  -9.150  -7.558  -9.807 -12.175
     CAO     TIO     VO      CRO     FEO     ZRO     SIO+    PO+     SO+     FEO-    LIF     BEF     NAF     MGF     ALF     
     91      92      93      94      95      96      97      98      99     100     101     102     103     104     105
  1 -13.884 -11.545 -13.147 -12.630 -10.755 -12.334  -9.841 -10.068 -11.853 -20.734 -21.158 -17.270 -17.494 -13.335 -13.892
 53 -10.198 -11.356 -12.616 -11.156  -9.216 -13.386  -7.709  -8.158  -7.327 -15.825 -19.111 -17.197 -14.375 -12.051 -13.054
     SIF     PF      SF      KF      CAF     LINA    BES     MGS     ALS     SIS     PS      CAS     TIS     CRS     LICL    
    106     107     108     109     110     111     112     113     114     115     116     117     118     119     120
  1 -12.198 -15.211 -15.065 -19.223 -15.479 -28.276 -17.769 -12.688 -14.880  -9.278 -12.481 -15.556 -16.010 -16.460 -21.242
 53 -11.741 -13.563 -12.211 -15.621 -13.780 -21.706 -15.836 -10.264 -12.000  -9.853 -11.427 -12.451 -14.839 -14.771 -18.438
     BECL    NACL    MGCL    ALCL    SICL    PCL     KCL     CACL    FECL    ALCLF   ALCLF2  ALOCL   ALCL2   ALCL2F  ALCL3   
    121     122     123     124     125     126     127     128     129     130     131     132     133     134     135
  1 -18.505 -17.154 -14.090 -14.876 -13.265 -15.754 -18.915 -15.917 -14.631 -24.841 -35.602 -22.079 -26.096 -36.456 -37.838
 53 -16.973 -13.580 -11.673 -12.697 -11.445 -13.162 -14.830 -13.261 -12.283 -23.830 -36.110 -21.040 -23.814 -35.691 -35.821
     ALOF    ALF2    ALF2O   ALF3    NAALF4  ALOH    HALO    ALO2H   ALO2    AL2CL6  (ALF3)2 AL2O    AL2O2   ALC     CFCLO   
    136     137     138     139     140     141     142     143     144     145     146     147     148     149     150
  1 -20.789 -24.292 -29.418 -35.121 -60.915 -16.549 -19.075 -23.086 -20.429 -86.609 -80.786 -22.942 -30.527 -14.097 -29.395
 53 -21.223 -24.523 -31.493 -36.916 -61.890 -15.170 -15.908 -22.682 -18.049 -82.849 -85.417 -21.657 -30.028 -10.642 -29.950
     CCLF3   CCLN    CCLO    CCL2    CCL2F2  COCL2   CCL3    CCL3F   CCL4    CFN     CFO     CF2     CF2O    CF3     CF4     
    151     152     153     154     155     156     157     158     159     160     161     162     163     164     165
  1 -49.719 -17.452 -16.183 -24.868 -50.467 -30.487 -38.555 -51.390 -52.647 -17.994 -16.973 -23.300 -28.833 -36.763 -49.307
 53 -48.724 -17.602 -16.289 -21.695 -48.094 -29.748 -34.517 -47.746 -47.820 -18.739 -17.598 -22.633 -30.730 -36.029 -49.768
     CF4O    CF8S    CHCL    CHCL3   CHF     CHFO    CHF3    HCN     CHNO    HCO     PCH     CH2     CH2CL2  CH2CLF  CH2F2   
    166     167     168     169     170     171     172     173     174     175     176     177     178     179     180
  1 -60.795 -99.000 -17.759 -43.706 -17.114 -21.884 -41.604  -9.320 -17.034  -9.818 -13.657 -10.623 -35.433 -34.824 -34.557
 53 -58.699 -99.000 -14.738 -39.921 -15.013 -22.950 -41.497 -10.435 -19.001  -9.900 -14.130  -7.837 -32.525 -32.886 -33.777
     H2CO    CH3     CH3CL   CH3F    CH4     KCN     NACN    CNO     CNN     NCN     COS     CO2     CS2     SI2C    C2CL2   
    181     182     183     184     185     186     187     188     189     190     191     192     193     194     195
  1 -15.635 -14.977 -27.635 -27.539 -20.271 -20.935 -18.947 -13.183 -16.263 -14.866 -13.224  -9.552 -17.537 -17.942 -30.465
 53 -15.867 -12.930 -25.516 -26.270 -18.907 -19.865 -18.526 -14.199 -15.819 -15.281 -15.371 -13.026 -18.394 -19.277 -29.852
     C2CL4   C2CL6   C2F2    C2F3N   C2F4    C2F6    C2H     C2HCL   C2HF    C2H2    C2H4    C2H4O   (KCN)2  C2N     C2N2    
    196     197     198     199     200     201     202     203     204     205     206     207     208     209     210
  1 -58.509 -88.025 -31.916 -50.755 -57.254 -83.385 -10.214 -22.156 -22.748 -14.461 -26.741 -36.735 -51.854 -12.236 -18.407
 53 -55.551 -81.689 -32.060 -53.361 -57.965 -84.587 -10.226 -22.349 -23.249 -15.199 -26.890 -36.552 -50.673 -13.736 -22.646
     (NACN)2 SIC2    C2O     C3      C3O2    C4      C4N2    C5      FE(CO)5 CACL2   CAF2    CAOH    CA(OH)2 CA2     CLF     
    211     212     213     214     215     216     217     218     219     220     221     222     223     224     225
  1 -47.841 -14.437 -11.348 -13.230 -23.082 -21.456 -31.645 -27.326 -68.565 -25.529 -24.894 -17.275 -28.646 -22.915 -18.269
 53 -48.208 -16.071 -13.060 -14.824 -29.181 -24.123 -39.059 -32.445 -82.207 -23.769 -24.989 -14.873 -27.080 -17.993 -13.573
     MGCLF   CLFO2S  CLFO3   PCLF2O  CLF3    CLF3SI  CLF5    CLF5S   CHCLF2  CHCL2F  OHCL    SIH3CL  NOCL    NO2CL   TIOCL   
    226     227     228     229     230     231     232     233     234     235     236     237     238     239     240
  1 -24.317 -45.829 -53.029 -47.453 -50.519 -44.781 -84.626 -87.360 -41.966 -42.722 -18.531 -30.094 -21.195 -32.679 -23.201
 53 -23.890 -43.087 -45.280 -47.563 -42.500 -47.616 -72.075 -80.796 -40.460 -40.013 -14.914 -27.358 -18.397 -29.139 -23.470
     CLO2    CLO3    SCL     CLS2    TICL    CL2FOP  FECL2   SIH2CL2 (KCL)2  MGCL2   (NACL)2 CLOCL   CLCLO   TIOCL2  CLO2CL  
    241     242     243     244     245     246     247     248     249     250     251     252     253     254     255
  1 -24.828 -37.754 -15.151 -25.281 -16.609 -47.746 -24.428 -35.790 -47.263 -24.246 -44.004 -28.597 -28.351 -33.534 -39.961
 53 -19.733 -30.770 -11.548 -22.001 -14.724 -46.512 -23.019 -33.613 -40.446 -22.475 -38.316 -22.901 -22.585 -34.161 -32.500
     CLOCLO  SO2CL2  SCL2    SICL2   TICL2   SIFCL3  FECL3   SIHCL3  PCL3O   PCL3    PCL3S   SICL3   TICL3   FE2CL4  MG2CL4  
    256     257     258     259     260     261     262     263     264     265     266     267     268     269     270
  1 -40.062 -46.804 -28.111 -23.597 -27.321 -47.168 -38.040 -41.941 -48.937 -40.924 -51.950 -35.847 -38.598 -59.157 -58.517
 53 -32.236 -42.817 -23.985 -22.746 -26.355 -46.933 -35.599 -40.280 -46.421 -37.528 -48.750 -34.618 -38.260 -57.249 -55.939
     SICL4   TICL4   PCL5    (FECL3)2CRN     CRO2    CRO3    FEF     FHO     FHO3S   SIH3F   FNO     FNO2    FNO3    TIOF    
    271     272     273     274     275     276     277     278     279     280     281     282     283     284     285
  1 -48.680 -50.898 -71.479 -86.535 -14.685 -20.174 -29.717 -14.205 -19.917 -45.927 -28.865 -21.626 -32.926 -45.071 -22.562
 53 -47.447 -50.231 -64.279 -82.075 -12.581 -19.755 -29.726 -13.157 -16.120 -44.305 -27.628 -19.543 -29.963 -39.832 -23.942
     OFO     FOO     PSF     TIF     FEF2    H2F2    SIH2F2  K2F2    MGF2    F2N     F2N2(cisF2N2(traNA2F2   F2O     F2OS    
    286     287     288     289     290     291     292     293     294     295     296     297     298     299     300
  1 -29.879 -24.768 -24.897 -15.452 -24.945 -26.360 -33.309 -47.991 -23.582 -29.040 -38.705 -38.657 -44.675 -31.521 -36.017
 53 -22.244 -19.829 -24.041 -14.946 -24.650 -23.786 -34.134 -42.284 -23.855 -24.837 -35.010 -34.834 -40.433 -25.476 -34.035
     SIOF2   TIOF2   F2O2    F2O2S   PF2     SF2     FSSF    F2S2    SIF2    TIF2    FEF3    SIHF3   F3H3    NF3     NOF3    
    301     302     303     304     305     306     307     308     309     310     311     312     313     314     315
  1 -28.400 -32.839 -42.054 -45.442 -26.133 -28.062 -39.116 -38.396 -21.740 -24.820 -36.238 -38.197 -44.934 -44.618 -55.633
 53 -31.940 -35.723 -34.686 -43.957 -25.728 -25.382 -36.169 -36.001 -23.477 -26.633 -37.168 -41.027 -40.821 -39.276 -49.247
     POF3    PF3     PSF3    SF3     SIF3    TIF3    F4H4    MG2F4   N2F4    SF4     SIF4    TIF4    F5H5    PF5     SF5     
    316     317     318     319     320     321     322     323     324     325     326     327     328     329     330
  1 -45.637 -37.742 -49.447 -42.102 -32.147 -34.805 -63.131 -57.455 -72.313 -56.342 -43.502 -47.224 -81.390 -64.727 -72.573
 53 -47.581 -38.554 -50.160 -38.459 -35.314 -38.435 -57.492 -59.401 -64.112 -52.231 -48.364 -51.241 -74.236 -65.554 -66.943
     F6H6    SF6     F7H7    F10S2   FE(OH)2 FES     KOH     MGOH    HNO     HONO    HNO2    HNO3    NAOH    HO2     (KOH)2  
    331     332     333     334     335     336     337     338     339     340     341     342     343     344     345
  1 -99.000 -87.770 -99.000 -99.000 -27.184 -13.158 -20.988 -15.094 -14.092 -22.651 -22.694 -33.594 -19.161 -15.005 -53.287
 53 -90.980 -82.316 -99.000 -99.000 -26.455 -11.435 -16.574 -13.170 -11.937 -20.637 -20.677 -30.824 -15.231 -11.530 -45.991
     MG(OH)2 NH2     N2H2    (NAOH)2 H2O     H2SO4   PH2     H2S     NH3     PH3     N2H4    SIH4    K2SO4   MGN     NO2     
    346     347     348     349     350     351     352     353     354     355     356     357     358     359     360
  1 -27.156 -11.449 -20.639 -49.618  -8.716 -47.232 -14.437 -11.999 -15.994 -20.632 -32.553 -24.825 -68.918 -11.334 -17.407
 53 -25.933  -8.249 -18.327 -43.485  -7.163 -45.383 -11.632  -9.482 -13.687 -16.693 -28.535 -21.524 -64.583  -9.032 -15.847
     NO3     SI2N    VN      N2O     N2O3    N2O4    N2O5    N3      NA2SO4  S2O     PO2     SO2     SIO2    TIO2    VO2     
    361     362     363     364     365     366     367     368     369     370     371     372     373     374     375
  1 -29.555 -18.519 -15.533 -16.185 -36.723 -48.148 -58.227 -17.478 -65.387 -19.883 -16.763 -16.454 -14.523 -18.021 -19.097
 53 -26.388 -19.528 -13.718 -16.023 -34.255 -44.873 -53.729 -16.572 -62.121 -18.663 -17.495 -16.546 -16.380 -19.750 -20.495
     O3      SO3     P4O6    P4O10   P4      P4S3    S3      S4      S5      S6      S7      S8      SI3     AL+     AL-     
    376     377     378     379     380     381     382     383     384     385     386     387     388     389     390
  1 -21.370 -27.329 -79.325 -99.000 -39.306 -74.564 -23.672 -35.126 -48.271 -59.309 -70.122 -82.304 -22.567  -3.384 -15.373
 53 -16.837 -32.586 -89.440 -99.000 -40.308 -75.397 -21.072 -32.040 -45.137 -55.720 -65.631 -77.619 -22.350  -0.246  -7.686
     ALCL+   ALCLF+  ALCL2+  ALCL2-  ALF+    ALF2+   ALF2-   ALF2O-  ALF4-   ALOH+   ALOH-   ALO+    ALO-    ALO2-   AL2O+   
    391     392     393     394     395     396     397     398     399     400     401     402     403     404     405
  1 -16.180 -25.243 -26.341 -34.315 -15.664 -25.073 -32.370 -37.925 -52.654 -14.743 -25.386 -12.946 -18.589 -26.748 -22.426
 53 -11.362 -22.766 -22.629 -28.824 -11.896 -23.674 -29.507 -36.949 -53.262 -12.337 -19.652  -8.067 -14.231 -22.885 -19.570
     AL2O2+  C+      C-      CF+     CF2+    CF3+    HCO+    CO2-    CA+     CAOH+   CL+     MGCL+   SCL+    CL-     SCL2+   
    406     407     408     409     410     411     412     413     414     415     416     417     418     419     420
  1 -32.182  -5.783 -11.044 -13.618 -27.362 -38.565 -10.552 -18.466  -3.442 -14.368 -10.209 -12.811 -16.687 -10.973 -29.400
 53 -28.786   1.338  -3.813  -9.541 -22.609 -35.530  -9.003 -17.727  -0.302 -12.370  -1.847  -8.973 -10.579  -5.999 -22.706
     CR+     CR-     F+      F-      MGF+    PF+     PF-     SF+     SF-     F2K-    MGF2+   NAF2-   PF2+    PF2-    SF2+    
    421     422     423     424     425     426     427     428     429     430     431     432     433     434     435
  1  -4.118 -15.860 -16.924 -12.219 -12.350 -17.316 -24.377 -17.548 -23.499 -41.466 -30.079 -39.734 -28.573 -35.149 -30.418
 53  -0.974  -9.497  -5.105  -6.980  -9.978 -12.979 -18.904 -11.620 -17.328 -33.467 -24.420 -32.320 -25.297 -31.161 -24.554
     SF2-    SF3+    SF3-    SF4+    SF4-    SF5+    SF5-    SF6-    FE+     FE-     H+      H-      KOH+    MGOH+   NAOH+   
    436     437     438     439     440     441     442     443     444     445     446     447     448     449     450
  1 -36.759 -44.534 -49.499 -60.702 -64.355 -76.668 -77.575 -96.199  -2.384 -13.539  -4.999  -7.747 -19.288 -14.686 -19.397
 53 -30.023 -38.628 -43.248 -51.941 -56.242 -67.191 -70.019 -86.878   0.831  -7.139   3.846  -0.456 -13.834 -11.587 -13.270
     H3O+    HE+     K+      K-      KO-     MG+     N+      N-      NO2-    N2-     N2O+    NA+     NA-     NAO-    O+      
    451     452     453     454     455     456     457     458     459     460     461     462     463     464     465
  1 -16.516 -19.705  -4.671 -19.742 -26.329  -2.257  -9.799 -12.395 -25.075 -16.105 -21.308  -3.581 -17.558 -24.325  -8.547
 53 -12.083  -2.391  -1.532 -10.839 -17.617   0.915  -0.247  -4.516 -20.531 -11.826 -15.898  -0.442  -9.305 -16.256   0.429
     O-      O2-     P+      P-      S+      S-      SI+     SI-     TI+     TI-     V+      V-      LIALF4  BE+     BECL+   
    466     467     468     469     470     471     472     473     474     475     476     477     478     479     480
  1 -10.187 -18.376  -7.012 -13.756  -5.688 -10.772  -2.593 -11.655  -4.854 -17.538  -5.756 -17.889 -65.133  -9.382 -20.205
 53  -3.322 -11.679  -1.349  -7.290   0.302  -4.960   0.881  -5.664  -1.713 -10.559  -2.614 -11.099 -66.860  -5.253 -15.535
     BECLF   BECL2   BEF2    BEF3LI  BEHO    BEHO+   BEH2    BEH2O2  BEN     BE2     BE2CL4  BE2F2O  BE2O    BE2O2   BE3O3   
    481     482     483     484     485     486     487     488     489     490     491     492     493     494     495
  1 -26.904 -28.249 -26.153 -65.096 -18.936 -20.216 -18.912 -29.612 -16.243 -27.794 -67.621 -46.609 -29.093 -35.722 -55.946
 53 -27.919 -27.964 -28.559 -63.456 -18.363 -17.465 -16.479 -30.852 -14.567 -25.197 -66.826 -51.842 -30.247 -38.539 -63.632
     BE4O4   BE5O5   BE6O6   C2BE    LI2CLF  LIOCL   ZRCL    (LICL)2 ZRCL2   (LICL)3 ZRCL3   ZRCL4   LIOF    ZRF     LIF2-   
    496     497     498     499     500     501     502     503     504     505     506     507     508     509     510
  1 -76.537 -98.104 -99.000 -20.897 -52.693 -34.146 -18.047 -52.274 -27.979 -84.780 -38.254 -49.439 -34.743 -18.078 -43.868
 53 -87.883 -99.000 -99.000 -22.565 -49.468 -28.871 -16.964 -48.126 -27.662 -79.208 -38.847 -50.654 -29.645 -17.473 -37.506
     LI2F2   ZRF2    LI3F3   ZRF3    ZRF4    LIOH    LIOH+   ZRH     (LIOH)2 LI+     LI-     LIN     LINO    LINAO   LIO-    
    511     512     513     514     515     516     517     518     519     520     521     522     523     524     525
  1 -51.731 -26.202 -82.174 -35.808 -45.974 -22.980 -25.217 -14.054 -57.025  -8.701 -22.260 -20.873 -29.594 -35.437 -29.435
 53 -49.563 -28.225 -79.382 -39.827 -51.988 -19.977 -18.924 -11.324 -53.019  -5.562 -14.255 -16.550 -25.507 -29.852 -21.623
     LI2O    LI2O2   LI2SO4  ZRO2    ZR+     ZR-     TIC     SI(CH3)4SICH3CL3SIH2    SIH3    TIC2    C3H     CRC2    SI2C2   
    526     527     528     529     530     531     532     533     534     535     536     537     538     539     540
  1 -38.901 -47.757 -73.275 -18.212  -7.176 -19.305 -14.227 -99.000 -75.940 -13.859 -18.526 -20.487 -16.672 -20.613 -24.517
 53 -34.205 -42.360 -71.339 -20.881  -4.034 -12.442 -12.962 -99.000 -77.384 -10.786 -15.177 -20.602 -18.893 -19.874 -27.241
     VC2     TIC4    VC4     
    541     542     543
  1 -21.533 -33.967 -35.291
 53 -21.728 -37.370 -38.595


 P A R T I A L  P R E S S U R E S  -- illustrative sums

positive ions   negative ions  neutral atoms  neutral molecules  sum{el,at,mol}  electron pres   static el.pres
  ppH2  ppCH4  ppNH3  ppH2O  ppH  ppHe 

 I   pat+    pat-    pnat    pnmol    psum    pel  pel-stat   ppH2   ppCH4   ppNH3   ppH2O    ppH    ppHe
 1  -1.874  -7.745   2.284  -1.386   2.285  -1.874  -1.870  -1.738 -20.271 -15.994  -8.716   2.249   1.179
 2  -1.743  -7.499   2.419  -1.217   2.420  -1.743  -1.739  -1.527 -19.812 -15.611  -8.434   2.384   1.314
 3  -1.628  -7.292   2.533  -1.087   2.534  -1.628  -1.624  -1.365 -19.470 -15.329  -8.225   2.498   1.428
 4  -1.523  -7.105   2.636  -0.973   2.636  -1.523  -1.519  -1.223 -19.173 -15.086  -8.043   2.600   1.530
 5  -1.424  -6.932   2.732  -0.866   2.732  -1.424  -1.420  -1.093 -18.901 -14.864  -7.877   2.696   1.626
 6  -1.330  -6.767   2.823  -0.765   2.823  -1.330  -1.326  -0.969 -18.647 -14.655  -7.720   2.787   1.717
 7  -1.239  -6.607   2.911  -0.666   2.911  -1.239  -1.235  -0.850 -18.402 -14.453  -7.570   2.875   1.805
 8  -1.150  -6.452   2.997  -0.567   2.997  -1.150  -1.146  -0.734 -18.161 -14.255  -7.421   2.961   1.891
 9  -1.064  -6.299   3.081  -0.468   3.082  -1.064  -1.059  -0.618 -17.923 -14.058  -7.275   3.046   1.976
10  -0.978  -6.148   3.165  -0.368   3.165  -0.978  -0.974  -0.503 -17.687 -13.861  -7.128   3.129   2.059
11  -0.894  -5.999   3.247  -0.267   3.247  -0.894  -0.889  -0.389 -17.451 -13.665  -6.983   3.211   2.142
12  -0.810  -5.850   3.329  -0.165   3.329  -0.810  -0.806  -0.274 -17.215 -13.467  -6.836   3.293   2.223
13  -0.727  -5.703   3.410  -0.062   3.411  -0.727  -0.723  -0.159 -16.977 -13.268  -6.689   3.375   2.305
14  -0.645  -5.556   3.492   0.044   3.492  -0.645  -0.641  -0.043 -16.734 -13.065  -6.539   3.456   2.386
15  -0.564  -5.410   3.572   0.153   3.572  -0.564  -0.560   0.075 -16.487 -12.857  -6.386   3.536   2.467
16  -0.484  -5.264   3.653   0.265   3.653  -0.484  -0.480   0.195 -16.233 -12.643  -6.229   3.617   2.547
17  -0.405  -5.118   3.733   0.380   3.733  -0.405  -0.401   0.316 -15.973 -12.425  -6.068   3.697   2.628
18  -0.326  -4.973   3.813   0.497   3.814  -0.326  -0.322   0.440 -15.707 -12.202  -5.905   3.777   2.708
19  -0.248  -4.827   3.893   0.616   3.894  -0.248  -0.244   0.564 -15.438 -11.976  -5.739   3.858   2.788
20  -0.170  -4.682   3.973   0.736   3.974  -0.170  -0.166   0.689 -15.167 -11.748  -5.572   3.938   2.868
21  -0.092  -4.537   4.054   0.857   4.054  -0.092  -0.088   0.815 -14.895 -11.520  -5.405   4.018   2.948
22  -0.014  -4.392   4.133   0.977   4.134  -0.014  -0.010   0.939 -14.627 -11.295  -5.240   4.098   3.028
23   0.065  -4.247   4.213   1.095   4.214   0.065   0.069   1.061 -14.365 -11.075  -5.079   4.178   3.108
24   0.145  -4.102   4.293   1.210   4.293   0.145   0.149   1.180 -14.114 -10.864  -4.923   4.257   3.188
25   0.226  -3.958   4.373   1.321   4.373   0.226   0.230   1.293 -13.879 -10.665  -4.777   4.337   3.268
26   0.309  -3.815   4.452   1.425   4.452   0.309   0.313   1.401 -13.665 -10.484  -4.644   4.416   3.347
27   0.395  -3.672   4.531   1.520   4.531   0.395   0.399   1.500 -13.477 -10.324  -4.525   4.495   3.426
28   0.483  -3.531   4.609   1.606   4.610   0.483   0.488   1.588 -13.324 -10.190  -4.427   4.573   3.504
29   0.576  -3.390   4.687   1.680   4.688   0.576   0.581   1.665 -13.212 -10.086  -4.351   4.651   3.582
30   0.674  -3.251   4.764   1.741   4.764   0.673   0.678   1.729 -13.148 -10.018  -4.303   4.728   3.659
31   0.778  -3.111   4.840   1.786   4.840   0.778   0.783   1.777 -13.141  -9.990  -4.287   4.804   3.735
32   0.894  -2.968   4.913   1.813   4.914   0.893   0.899   1.806 -13.201 -10.008  -4.309   4.877   3.808
33   1.028  -2.817   4.983   1.818   4.984   1.028   1.032   1.813 -13.342 -10.083  -4.375   4.947   3.878
34   1.129  -2.710   5.027   1.811   5.027   1.129   1.134   1.807 -13.470 -10.157  -4.440   4.991   3.922
35   1.312  -2.532   5.086   1.774   5.087   1.312   1.316   1.771 -13.754 -10.335  -4.588   5.050   3.981
36   1.528  -2.336   5.136   1.709   5.136   1.528   1.531   1.707 -14.126 -10.576  -4.786   5.100   4.031
37   1.774  -2.125   5.176   1.616   5.176   1.774   1.778   1.615 -14.591 -10.886  -5.036   5.140   4.070
38   2.058  -1.897   5.206   1.487   5.207   2.058   2.061   1.486 -15.178 -11.284  -5.351   5.170   4.101
39   2.328  -1.685   5.228   1.357   5.229   2.328   2.332   1.356 -15.763 -11.681  -5.663   5.192   4.123
40   2.549  -1.514   5.245   1.254   5.247   2.549   2.552   1.253 -16.241 -12.002  -5.914   5.210   4.141
41   2.730  -1.373   5.260   1.172   5.263   2.730   2.734   1.171 -16.633 -12.264  -6.116   5.225   4.156
42   2.884  -1.252   5.274   1.106   5.278   2.884   2.888   1.105 -16.965 -12.482  -6.283   5.238   4.170
43   3.020  -1.145   5.288   1.051   5.292   3.020   3.024   1.050 -17.254 -12.671  -6.426   5.252   4.184
44   3.142  -1.048   5.301   1.005   5.307   3.142   3.147   1.004 -17.512 -12.837  -6.551   5.265   4.198
45   3.255  -0.957   5.314   0.966   5.322   3.255   3.260   0.965 -17.746 -12.985  -6.662   5.278   4.212
46   3.360  -0.872   5.328   0.932   5.337   3.360   3.365   0.932 -17.962 -13.120  -6.762   5.292   4.227
47   3.460  -0.789   5.343   0.903   5.354   3.460   3.465   0.903 -18.163 -13.245  -6.853   5.306   4.243
48   3.555  -0.710   5.358   0.879   5.371   3.555   3.561   0.879 -18.351 -13.359  -6.935   5.321   4.259
49   3.616  -0.657   5.368   0.865   5.383   3.616   3.622   0.865 -18.471 -13.431  -6.987   5.331   4.270
50   3.676  -0.606   5.379   0.853   5.395   3.677   3.683   0.852 -18.586 -13.500  -7.035   5.342   4.281
51   3.735  -0.555   5.390   0.842   5.409   3.735   3.742   0.842 -18.697 -13.565  -7.080   5.353   4.293
52   3.793  -0.505   5.401   0.833   5.422   3.793   3.800   0.833 -18.804 -13.628  -7.123   5.364   4.306
53   3.850  -0.455   5.413   0.825   5.436   3.850   3.856   0.825 -18.907 -13.687  -7.163   5.376   4.319
 
 
  
  
 84 MOLECULES(/+ATOMS) HAVE BEEN CONSIDERED IN THE OPACITY
 A B S O R P T I O N   C O E F F I C I E N T S  [CM/MOL]
 K  SO2   TiH   CO2   OH    CrH   CH    AlCl  ZrO   PO    NaCl  SiS   NO    LiF   HCN   C3    C2H2  MgH   TiO   CaH   SiO   LiCl  PH3   H2    C2    KCl   HCl   CP    LiH   NaH   AlF   FeH   BeH   MgF   CaF   CH4   CO    CN    H2CO  NH3   AlO   VO    SiH   PN    CS    KF    H2O   PS    SN    AlH   NaF   HS    NH  
  Al    Be    Ca    Cl    C     Cr    Fe    F     K     Li    Mg    Na    N     O     P     Si    S     Ti    V     Zr    O2    O3    COS   N2O   SO3   H2S   CS2   NO2   N2    S2    SO    C2H4
  1 10.97 10.49  9.66 10.11  9.76 10.70 10.96 11.06  6.11  5.40  6.24 10.36  6.69  6.96  7.11 11.08 10.63 10.89 11.00 10.58  6.66  6.45 -0.60 10.16  5.40 10.75  8.70  7.01 10.68  6.70  9.10  8.51  7.23 11.11 10.45 10.69 10.28  6.81 10.75  9.87 10.60  9.03  9.37 11.00  6.05 10.45  8.20  5.70  9.85  6.24 10.83 10.61
***  8.29 10.58  3.99  4.85 10.87 11.51  3.21 16.32 11.08 11.70  7.77  3.07  2.78  9.47 11.47  7.80 11.01 11.24 11.17 10.66 10.73  7.13  6.87  7.14  5.66 11.61 10.81-35.19 10.68 11.22  6.59
  2 10.97 10.48  9.66 10.11  9.76 10.70 10.95 11.06  6.11  5.41  6.24 10.36  6.69  6.96  7.11 11.08 10.63 10.88 11.00 10.58  6.65  6.45 -0.60 10.16  5.41 10.75  8.70  7.01 10.68  6.69  9.09  8.51  7.23 11.11 10.45 10.69 10.28  6.82 10.75  9.87 10.59  9.02  9.37 11.00  6.05 10.45  8.20  5.71  9.85  6.24 10.83 10.61
***  8.29 10.58  3.99  4.86 10.88 11.51  3.21 16.18 11.09 11.71  7.80  3.08  2.78  9.49 11.47  7.80 11.02 11.24 11.17 10.66 10.73  7.12  6.85  7.14  5.66 11.61 10.81-35.16 10.68 11.22  6.59
  3 10.97 10.48  9.66 10.11  9.77 10.70 10.95 11.06  6.11  5.42  6.24 10.36  6.69  6.95  7.10 11.08 10.63 10.88 11.00 10.58  6.65  6.45 -0.60 10.16  5.42 10.75  8.70  7.01 10.68  6.69  9.08  8.50  7.23 11.11 10.45 10.69 10.27  6.83 10.75  9.86 10.59  9.02  9.37 11.00  6.04 10.45  8.20  5.71  9.84  6.23 10.83 10.61
***  8.29 10.59  3.99  4.87 10.89 11.50  3.21 16.08 11.10 11.71  7.83  3.09  2.79  9.50 11.47  7.80 11.03 11.24 11.16 10.66 10.73  7.11  6.84  7.14  5.66 11.61 10.81-35.13 10.68 11.22  6.59
  4 10.97 10.47  9.66 10.11  9.77 10.70 10.94 11.06  6.11  5.43  6.24 10.36  6.68  6.95  7.09 11.08 10.63 10.88 11.00 10.58  6.65  6.45 -0.60 10.16  5.43 10.75  8.71  7.01 10.68  6.69  9.08  8.50  7.23 11.11 10.45 10.69 10.27  6.83 10.75  9.86 10.58  9.02  9.37 11.00  6.04 10.45  8.19  5.71  9.84  6.23 10.83 10.61
***  8.29 10.60  3.99  4.88 10.90 11.50  3.21 15.96 11.11 11.71  7.86  3.11  2.79  9.52 11.47  7.80 11.04 11.25 11.15 10.66 10.73  7.10  6.83  7.14  5.66 11.61 10.81-35.11 10.68 11.22  6.59
  5 10.97 10.47  9.66 10.11  9.77 10.70 10.94 11.06  6.11  5.43  6.24 10.36  6.68  6.95  7.09 11.08 10.63 10.88 11.00 10.58  6.65  6.45 -0.60 10.16  5.43 10.75  8.71  7.01 10.68  6.69  9.08  8.50  7.23 11.11 10.45 10.69 10.27  6.83 10.75  9.86 10.58  9.02  9.37 11.00  6.04 10.45  8.19  5.71  9.84  6.23 10.83 10.61
***  8.29 10.60  3.99  4.89 10.90 11.50  3.21 15.87 11.11 11.71  7.90  3.12  2.79  9.56 11.47  7.80 11.04 11.25 11.15 10.66 10.73  7.10  6.83  7.14  5.66 11.61 10.81-35.11 10.68 11.22  6.59
  6 10.97 10.47  9.66 10.11  9.77 10.70 10.94 11.06  6.11  5.43  6.24 10.36  6.68  6.95  7.09 11.08 10.63 10.88 11.00 10.58  6.65  6.45 -0.60 10.16  5.43 10.75  8.71  7.01 10.68  6.69  9.08  8.50  7.23 11.11 10.45 10.69 10.27  6.83 10.75  9.86 10.58  9.02  9.37 11.00  6.04 10.45  8.19  5.71  9.84  6.23 10.83 10.61
***  8.29 10.61  3.99  4.90 10.91 11.50  3.21 15.79 11.12 11.72  7.94  3.14  2.79  9.60 11.47  7.80 11.05 11.25 11.14 10.66 10.73  7.10  6.83  7.14  5.66 11.61 10.81-35.11 10.68 11.22  6.59
  7 10.97 10.47  9.66 10.11  9.77 10.70 10.94 11.06  6.11  5.43  6.24 10.36  6.68  6.95  7.09 11.08 10.63 10.88 11.00 10.58  6.65  6.45 -0.60 10.16  5.43 10.75  8.71  7.01 10.68  6.69  9.08  8.50  7.23 11.11 10.45 10.69 10.27  6.83 10.75  9.86 10.58  9.02  9.37 11.00  6.04 10.45  8.19  5.71  9.84  6.23 10.83 10.61
***  8.29 10.62  3.99  4.91 10.92 11.50  3.21 15.70 11.13 11.73  7.98  3.15  2.79  9.63 11.47  7.80 11.06 11.25 11.14 10.66 10.73  7.10  6.83  7.14  5.66 11.61 10.81-35.11 10.68 11.22  6.59
  8 10.97 10.47  9.66 10.11  9.77 10.70 10.94 11.06  6.11  5.43  6.24 10.36  6.68  6.95  7.09 11.08 10.63 10.88 11.00 10.58  6.65  6.45 -0.60 10.16  5.43 10.75  8.71  7.01 10.68  6.69  9.08  8.50  7.23 11.11 10.45 10.69 10.27  6.83 10.75  9.86 10.58  9.02  9.37 11.00  6.04 10.45  8.19  5.71  9.84  6.23 10.83 10.61
***  8.29 10.62  3.99  4.92 10.93 11.50  3.21 15.59 11.14 11.73  8.02  3.17  2.79  9.66 11.46  7.80 11.06 11.26 11.14 10.66 10.73  7.10  6.83  7.14  5.66 11.61 10.81-35.11 10.68 11.22  6.59
  9 10.97 10.47  9.66 10.11  9.77 10.70 10.94 11.06  6.11  5.43  6.24 10.36  6.68  6.95  7.09 11.08 10.63 10.88 11.00 10.58  6.65  6.45 -0.60 10.16  5.43 10.75  8.71  7.01 10.68  6.69  9.08  8.50  7.23 11.11 10.45 10.69 10.27  6.83 10.75  9.86 10.58  9.02  9.37 11.00  6.04 10.45  8.19  5.71  9.84  6.23 10.83 10.61
***  8.29 10.62  3.99  4.93 10.93 11.50  3.21 15.52 11.15 11.73  8.09  3.19  2.79  9.69 11.46  7.81 11.07 11.26 11.13 10.66 10.73  7.10  6.83  7.14  5.66 11.61 10.81-35.11 10.68 11.22  6.59
 10 10.97 10.47  9.66 10.11  9.77 10.70 10.94 11.06  6.11  5.43  6.24 10.36  6.68  6.95  7.09 11.08 10.63 10.88 11.00 10.58  6.65  6.45 -0.60 10.16  5.43 10.75  8.71  7.01 10.68  6.69  9.08  8.50  7.23 11.11 10.45 10.69 10.27  6.83 10.75  9.86 10.58  9.02  9.37 11.00  6.04 10.45  8.19  5.71  9.84  6.23 10.83 10.61
***  8.29 10.62  3.99  4.94 10.94 11.49  3.21 15.45 11.16 11.74  8.15  3.21  2.79  9.72 11.46  7.81 11.08 11.26 11.13 10.66 10.73  7.10  6.83  7.14  5.66 11.61 10.81-35.11 10.68 11.22  6.59
 11 10.97 10.47  9.66 10.11  9.77 10.70 10.94 11.06  6.11  5.43  6.24 10.36  6.68  6.95  7.09 11.08 10.63 10.88 11.00 10.58  6.65  6.45 -0.60 10.16  5.43 10.75  8.71  7.01 10.68  6.69  9.08  8.50  7.23 11.11 10.45 10.69 10.27  6.83 10.75  9.86 10.58  9.02  9.37 11.00  6.04 10.45  8.19  5.71  9.84  6.23 10.83 10.61
***  8.29 10.62  3.99  4.95 10.94 11.49  3.21 15.36 11.17 11.74  8.20  3.22  2.79  9.74 11.47  7.81 11.08 11.26 11.12 10.66 10.73  7.10  6.83  7.14  5.66 11.61 10.81-35.11 10.68 11.22  6.59
 12 10.97 10.47  9.66 10.11  9.77 10.70 10.94 11.06  6.11  5.43  6.24 10.36  6.68  6.95  7.09 11.08 10.63 10.88 11.00 10.58  6.65  6.45 -0.60 10.16  5.43 10.75  8.71  7.01 10.68  6.69  9.08  8.50  7.23 11.11 10.45 10.69 10.27  6.83 10.75  9.86 10.58  9.02  9.37 11.00  6.04 10.45  8.19  5.71  9.84  6.23 10.83 10.61
***  8.29 10.62  3.99  4.96 10.95 11.49  3.21 15.25 11.18 11.74  8.25  3.24  2.79  9.76 11.46  7.81 11.09 11.27 11.12 10.66 10.73  7.10  6.83  7.14  5.66 11.61 10.81-35.11 10.68 11.22  6.59
 13 10.97 10.47  9.66 10.11  9.77 10.70 10.94 11.06  6.11  5.43  6.24 10.36  6.68  6.95  7.09 11.08 10.63 10.88 11.00 10.58  6.65  6.45 -0.60 10.16  5.43 10.75  8.71  7.01 10.68  6.69  9.08  8.50  7.23 11.11 10.45 10.69 10.27  6.83 10.75  9.86 10.58  9.02  9.37 11.00  6.04 10.45  8.19  5.71  9.84  6.23 10.83 10.61
***  8.29 10.63  3.99  4.97 10.96 11.49  3.21 15.19 11.19 11.74  8.33  3.26  2.79  9.78 11.46  7.81 11.09 11.27 11.11 10.66 10.73  7.10  6.83  7.14  5.66 11.61 10.81-35.11 10.68 11.22  6.59
 14 10.97 10.47  9.66 10.11  9.77 10.70 10.94 11.06  6.11  5.43  6.24 10.36  6.68  6.95  7.09 11.08 10.63 10.88 11.00 10.58  6.65  6.45 -0.60 10.16  5.43 10.75  8.71  7.01 10.68  6.69  9.08  8.50  7.23 11.11 10.45 10.69 10.27  6.83 10.75  9.86 10.58  9.02  9.37 11.00  6.04 10.45  8.19  5.71  9.84  6.23 10.83 10.61
***  8.29 10.63  3.99  4.98 10.96 11.49  3.21 15.12 11.20 11.74  8.39  3.28  2.79  9.80 11.46  7.81 11.10 11.27 11.11 10.66 10.73  7.10  6.83  7.14  5.66 11.61 10.81-35.11 10.68 11.22  6.59
 15 10.97 10.47  9.66 10.11  9.77 10.70 10.94 11.06  6.11  5.43  6.24 10.36  6.68  6.95  7.09 11.08 10.63 10.88 11.00 10.58  6.65  6.45 -0.60 10.16  5.43 10.75  8.71  7.01 10.68  6.69  9.08  8.50  7.23 11.11 10.45 10.69 10.27  6.83 10.75  9.86 10.58  9.02  9.37 11.00  6.04 10.45  8.19  5.71  9.84  6.23 10.83 10.61
***  8.29 10.64  3.99  4.99 10.97 11.49  3.21 15.04 11.21 11.75  8.45  3.30  2.79  9.81 11.46  7.81 11.10 11.27 11.11 10.66 10.73  7.10  6.83  7.14  5.66 11.61 10.81-35.11 10.68 11.22  6.59
 16 10.97 10.47  9.66 10.11  9.77 10.70 10.94 11.06  6.11  5.43  6.24 10.36  6.68  6.95  7.09 11.08 10.63 10.88 11.00 10.58  6.65  6.45 -0.60 10.16  5.43 10.75  8.71  7.01 10.68  6.69  9.08  8.50  7.23 11.11 10.45 10.69 10.27  6.83 10.75  9.86 10.58  9.02  9.37 11.00  6.04 10.45  8.19  5.71  9.84  6.23 10.83 10.61
***  8.29 10.65  3.99  5.00 10.97 11.48  3.21 14.94 11.22 11.75  8.50  3.31  2.79  9.83 11.46  7.81 11.11 11.28 11.10 10.66 10.73  7.10  6.83  7.14  5.66 11.61 10.81-35.11 10.68 11.22  6.59
 17 10.97 10.47  9.66 10.11  9.77 10.70 10.94 11.06  6.11  5.43  6.24 10.36  6.68  6.95  7.09 11.08 10.63 10.88 11.00 10.58  6.65  6.45 -0.60 10.16  5.43 10.75  8.71  7.01 10.68  6.69  9.08  8.50  7.23 11.11 10.45 10.69 10.27  6.83 10.75  9.86 10.58  9.02  9.37 11.00  6.04 10.45  8.19  5.71  9.84  6.23 10.83 10.61
***  8.29 10.65  3.99  5.01 10.98 11.48  3.21 14.87 11.22 11.75  8.59  3.33  2.79  9.84 11.46  7.81 11.11 11.28 11.10 10.66 10.73  7.10  6.83  7.14  5.66 11.61 10.81-35.11 10.68 11.22  6.59
 18 10.97 10.47  9.66 10.11  9.77 10.70 10.94 11.06  6.11  5.43  6.24 10.36  6.68  6.95  7.09 11.08 10.63 10.88 11.00 10.58  6.65  6.45 -0.60 10.16  5.43 10.75  8.71  7.01 10.68  6.69  9.08  8.50  7.23 11.11 10.45 10.69 10.27  6.83 10.75  9.86 10.58  9.02  9.37 11.00  6.04 10.45  8.19  5.71  9.84  6.23 10.83 10.61
***  8.29 10.65  3.99  5.02 10.98 11.48  3.21 14.80 11.23 11.75  8.67  3.35  2.79  9.87 11.46  7.81 11.12 11.28 11.10 10.66 10.73  7.10  6.83  7.14  5.66 11.61 10.81-35.11 10.68 11.22  6.59
 19 10.97 10.47  9.66 10.11  9.77 10.70 10.94 11.06  6.11  5.43  6.24 10.36  6.68  6.95  7.09 11.08 10.63 10.88 11.00 10.58  6.65  6.45 -0.60 10.16  5.43 10.75  8.71  7.01 10.68  6.69  9.08  8.50  7.23 11.11 10.45 10.69 10.27  6.83 10.75  9.86 10.58  9.02  9.37 11.00  6.04 10.45  8.19  5.71  9.84  6.23 10.83 10.61
***  8.29 10.65  3.99  5.03 10.99 11.48  3.21 14.72 11.24 11.76  8.74  3.36  2.80  9.90 11.46  7.81 11.12 11.28 11.09 10.66 10.73  7.10  6.83  7.14  5.66 11.61 10.81-35.11 10.68 11.22  6.59
 20 10.97 10.47  9.66 10.11  9.77 10.70 10.94 11.06  6.11  5.43  6.24 10.36  6.68  6.95  7.09 11.08 10.63 10.88 11.00 10.58  6.65  6.45 -0.60 10.16  5.43 10.75  8.71  7.01 10.68  6.69  9.08  8.50  7.23 11.11 10.45 10.69 10.27  6.83 10.75  9.86 10.58  9.02  9.37 11.00  6.04 10.45  8.19  5.71  9.84  6.23 10.83 10.61
***  8.29 10.65  3.99  5.04 10.99 11.48  3.21 14.62 11.24 11.76  8.79  3.38  2.80  9.92 11.46  7.81 11.13 11.28 11.09 10.66 10.73  7.10  6.83  7.14  5.66 11.61 10.81-35.11 10.68 11.22  6.59
 21 10.97 10.47  9.66 10.11  9.77 10.70 10.94 11.06  6.11  5.43  6.24 10.36  6.68  6.95  7.09 11.08 10.63 10.88 11.00 10.58  6.65  6.45 -0.60 10.16  5.43 10.75  8.71  7.01 10.68  6.69  9.08  8.50  7.23 11.11 10.45 10.69 10.27  6.83 10.75  9.86 10.58  9.02  9.37 11.00  6.04 10.45  8.19  5.71  9.84  6.23 10.83 10.61
***  8.29 10.65  3.99  5.05 11.00 11.48  3.21 14.54 11.25 11.76  8.88  3.40  2.80  9.94 11.46  7.81 11.13 11.29 11.09 10.66 10.73  7.10  6.83  7.14  5.66 11.61 10.81-35.11 10.68 11.22  6.59
 22 10.97 10.47  9.66 10.11  9.77 10.70 10.94 11.06  6.11  5.43  6.24 10.36  6.68  6.95  7.09 11.08 10.63 10.88 11.00 10.58  6.65  6.45 -0.60 10.16  5.43 10.75  8.71  7.01 10.68  6.69  9.08  8.50  7.23 11.11 10.45 10.69 10.27  6.83 10.75  9.86 10.58  9.02  9.37 11.00  6.04 10.45  8.19  5.71  9.84  6.23 10.83 10.61
***  8.29 10.66  3.99  5.06 11.00 11.48  3.21 14.48 11.25 11.76  8.97  3.41  2.80  9.95 11.46  7.81 11.14 11.29 11.08 10.66 10.73  7.10  6.83  7.14  5.66 11.61 10.81-35.11 10.68 11.22  6.59
 23 10.97 10.47  9.66 10.11  9.77 10.70 10.94 11.06  6.11  5.43  6.24 10.36  6.68  6.95  7.09 11.08 10.63 10.88 11.00 10.58  6.65  6.45 -0.60 10.16  5.43 10.75  8.71  7.01 10.68  6.69  9.08  8.50  7.23 11.11 10.45 10.69 10.27  6.83 10.75  9.86 10.58  9.02  9.37 11.00  6.04 10.45  8.19  5.71  9.84  6.23 10.83 10.61
***  8.29 10.67  3.99  5.08 11.01 11.48  3.21 14.40 11.26 11.76  9.04  3.43  2.80  9.97 11.46  7.81 11.14 11.29 11.08 10.66 10.73  7.10  6.83  7.14  5.66 11.61 10.81-35.11 10.68 11.22  6.59
 24 10.97 10.47  9.66 10.11  9.77 10.70 10.94 11.06  6.11  5.43  6.24 10.36  6.68  6.95  7.09 11.08 10.63 10.88 11.00 10.58  6.65  6.45 -0.60 10.16  5.43 10.75  8.71  7.01 10.68  6.69  9.08  8.50  7.23 11.11 10.45 10.69 10.27  6.83 10.75  9.86 10.58  9.02  9.37 11.00  6.04 10.45  8.19  5.71  9.84  6.23 10.83 10.61
***  8.29 10.67  3.99  5.09 11.01 11.47  3.21 14.30 11.27 11.77  9.10  3.45  2.80  9.99 11.46  7.81 11.15 11.29 11.08 10.66 10.73  7.10  6.83  7.14  5.66 11.61 10.81-35.11 10.68 11.22  6.59
 25 10.97 10.47  9.66 10.11  9.77 10.70 10.94 11.06  6.11  5.43  6.24 10.36  6.68  6.95  7.09 11.08 10.63 10.88 11.00 10.58  6.65  6.45 -0.60 10.16  5.43 10.75  8.71  7.01 10.68  6.69  9.08  8.50  7.23 11.11 10.45 10.69 10.27  6.83 10.75  9.86 10.58  9.02  9.37 11.00  6.04 10.45  8.19  5.71  9.84  6.23 10.83 10.61
***  8.29 10.68  3.99  5.11 11.02 11.47  3.21 14.22 11.27 11.77  9.18  3.48  2.80 10.01 11.46  7.81 11.15 11.29 11.07 10.66 10.73  7.10  6.83  7.14  5.66 11.61 10.81-35.11 10.68 11.22  6.59
 26 10.97 10.47  9.66 10.11  9.77 10.70 10.94 11.06  6.11  5.43  6.24 10.36  6.68  6.95  7.09 11.08 10.63 10.88 11.00 10.58  6.65  6.45 -0.60 10.16  5.43 10.75  8.71  7.01 10.68  6.69  9.08  8.50  7.23 11.11 10.45 10.69 10.27  6.83 10.75  9.86 10.58  9.02  9.37 11.00  6.04 10.45  8.19  5.71  9.84  6.23 10.83 10.61
***  8.29 10.69  4.00  5.13 11.03 11.47  3.21 14.16 11.28 11.78  9.27  3.51  2.81 10.04 11.45  7.81 11.16 11.29 11.07 10.66 10.73  7.10  6.83  7.14  5.66 11.61 10.81-35.11 10.68 11.22  6.59
 27 10.97 10.47  9.66 10.11  9.77 10.70 10.94 11.06  6.11  5.43  6.24 10.36  6.68  6.95  7.09 11.08 10.63 10.88 11.00 10.58  6.65  6.45 -0.60 10.16  5.43 10.75  8.71  7.01 10.68  6.69  9.08  8.50  7.23 11.11 10.45 10.69 10.27  6.83 10.75  9.86 10.58  9.02  9.37 11.00  6.04 10.45  8.19  5.71  9.84  6.23 10.83 10.61
***  8.29 10.69  4.00  5.16 11.03 11.47  3.21 14.08 11.29 11.78  9.35  3.54  2.81 10.07 11.45  7.81 11.17 11.30 11.06 10.66 10.73  7.10  6.83  7.14  5.66 11.61 10.81-35.11 10.68 11.22  6.59
 28 10.97 10.47  9.66 10.11  9.77 10.70 10.94 11.06  6.11  5.43  6.24 10.36  6.68  6.95  7.09 11.08 10.63 10.88 11.00 10.58  6.65  6.45 -0.60 10.16  5.43 10.75  8.71  7.01 10.68  6.69  9.08  8.50  7.23 11.11 10.45 10.69 10.27  6.83 10.75  9.86 10.58  9.02  9.37 11.00  6.04 10.45  8.19  5.71  9.84  6.23 10.83 10.61
***  8.29 10.70  4.00  5.20 11.04 11.47  3.21 13.99 11.31 11.78  9.41  3.58  2.82 10.10 11.45  7.81 11.18 11.30 11.05 10.66 10.73  7.10  6.83  7.14  5.66 11.61 10.81-35.11 10.68 11.22  6.59
 29 10.97 10.47  9.66 10.11  9.77 10.70 10.94 11.06  6.11  5.43  6.24 10.36  6.68  6.95  7.09 11.08 10.63 10.88 11.00 10.58  6.65  6.45 -0.60 10.16  5.43 10.75  8.71  7.01 10.68  6.69  9.08  8.50  7.23 11.11 10.45 10.69 10.27  6.83 10.75  9.86 10.58  9.02  9.37 11.00  6.04 10.45  8.19  5.71  9.84  6.23 10.83 10.61
***  8.29 10.71  4.01  5.25 11.05 11.46  3.21 13.90 11.32 11.78  9.48  3.63  2.83 10.14 11.45  7.81 11.18 11.30 11.05 10.66 10.73  7.10  6.83  7.14  5.66 11.61 10.81-35.11 10.68 11.22  6.59
 30 10.97 10.47  9.66 10.11  9.77 10.70 10.94 11.06  6.11  5.43  6.24 10.36  6.68  6.95  7.09 11.08 10.63 10.88 11.00 10.58  6.65  6.45 -0.60 10.16  5.43 10.75  8.71  7.01 10.68  6.69  9.08  8.50  7.23 11.11 10.45 10.69 10.27  6.83 10.75  9.86 10.58  9.02  9.37 11.00  6.04 10.45  8.19  5.71  9.84  6.23 10.83 10.61
***  8.29 10.72  4.01  5.31 11.07 11.46  3.21 13.84 11.33 11.78  9.58  3.69  2.85 10.19 11.45  7.82 11.19 11.31 11.04 10.66 10.73  7.10  6.83  7.14  5.66 11.61 10.81-35.11 10.68 11.22  6.59
 31 10.97 10.47  9.66 10.11  9.77 10.70 10.94 11.06  6.11  5.43  6.24 10.36  6.68  6.95  7.09 11.08 10.63 10.88 11.00 10.58  6.65  6.45 -0.60 10.16  5.43 10.75  8.71  7.01 10.68  6.69  9.08  8.50  7.23 11.11 10.45 10.69 10.27  6.83 10.75  9.86 10.58  9.02  9.37 11.00  6.04 10.45  8.19  5.71  9.84  6.23 10.83 10.61
***  8.29 10.74  4.03  5.39 11.08 11.45  3.21 13.77 11.35 11.80  9.65  3.76  2.89 10.23 11.45  7.82 11.21 11.31 11.03 10.66 10.73  7.10  6.83  7.14  5.66 11.61 10.81-35.11 10.68 11.22  6.59
 32 10.97 10.47  9.66 10.11  9.77 10.70 10.94 11.06  6.11  5.43  6.24 10.36  6.68  6.95  7.09 11.08 10.63 10.88 11.00 10.58  6.65  6.45 -0.60 10.16  5.43 10.75  8.71  7.01 10.68  6.69  9.08  8.50  7.23 11.11 10.45 10.69 10.27  6.83 10.75  9.86 10.58  9.02  9.37 11.00  6.04 10.45  8.19  5.71  9.84  6.23 10.83 10.61
***  8.29 10.76  4.06  5.50 11.09 11.45  3.21 13.70 11.37 11.79  9.72  3.85  2.95 10.30 11.44  7.82 11.22 11.31 11.01 10.66 10.73  7.10  6.83  7.14  5.66 11.61 10.81-35.11 10.68 11.22  6.59
 33 10.97 10.47  9.66 10.11  9.77 10.70 10.94 11.06  6.11  5.43  6.24 10.36  6.68  6.95  7.09 11.08 10.63 10.88 11.00 10.58  6.65  6.45 -0.60 10.16  5.43 10.75  8.71  7.01 10.68  6.69  9.08  8.50  7.23 11.11 10.45 10.69 10.27  6.83 10.75  9.86 10.58  9.02  9.37 11.00  6.04 10.45  8.19  5.71  9.84  6.23 10.83 10.61
***  8.28 10.78  4.10  5.64 11.11 11.44  3.21 13.61 11.39 11.79  9.77  3.96  3.07 10.35 11.45  7.82 11.23 11.32 11.00 10.66 10.73  7.10  6.83  7.14  5.66 11.61 10.81-35.11 10.68 11.22  6.59
 34 10.97 10.47  9.66 10.11  9.77 10.70 10.94 11.06  6.11  5.43  6.24 10.36  6.68  6.95  7.09 11.08 10.63 10.88 11.00 10.58  6.65  6.45 -0.60 10.16  5.43 10.75  8.71  7.01 10.68  6.69  9.08  8.50  7.23 11.11 10.45 10.69 10.27  6.83 10.75  9.86 10.58  9.02  9.37 11.00  6.04 10.45  8.19  5.71  9.84  6.23 10.83 10.61
***  8.28 10.80  4.15  5.75 11.12 11.44  3.21 13.56 11.40 11.80  9.82  4.04  3.17 10.40 11.44  7.82 11.24 11.32 10.99 10.66 10.73  7.10  6.83  7.14  5.66 11.61 10.81-35.11 10.68 11.22  6.59
 35 10.97 10.47  9.66 10.11  9.77 10.70 10.94 11.06  6.11  5.43  6.24 10.36  6.68  6.95  7.09 11.08 10.63 10.88 11.00 10.58  6.65  6.45 -0.60 10.16  5.43 10.75  8.71  7.01 10.68  6.69  9.08  8.50  7.23 11.11 10.45 10.69 10.27  6.83 10.75  9.86 10.58  9.02  9.37 11.00  6.04 10.45  8.19  5.71  9.84  6.23 10.83 10.61
***  8.28 10.83  4.27  5.94 11.13 11.43  3.21 13.52 11.43 11.81  9.89  4.20  3.40 10.47 11.44  7.82 11.26 11.33 10.97 10.66 10.73  7.10  6.83  7.14  5.66 11.61 10.81-35.11 10.68 11.22  6.59
 36 10.97 10.47  9.66 10.11  9.77 10.70 10.94 11.06  6.11  5.43  6.24 10.36  6.68  6.95  7.09 11.08 10.63 10.88 11.00 10.58  6.65  6.45 -0.60 10.16  5.43 10.75  8.71  7.01 10.68  6.69  9.08  8.50  7.23 11.11 10.45 10.69 10.27  6.83 10.75  9.86 10.58  9.02  9.37 11.00  6.04 10.45  8.19  5.71  9.84  6.23 10.83 10.61
***  8.28 10.86  4.46  6.16 11.15 11.42  3.21 13.47 11.45 11.81  9.95  4.39  3.68 10.56 11.43  7.83 11.28 11.33 10.95 10.66 10.73  7.10  6.83  7.14  5.66 11.61 10.81-35.11 10.68 11.22  6.59
 37 10.97 10.47  9.66 10.11  9.77 10.70 10.94 11.06  6.11  5.43  6.24 10.36  6.68  6.95  7.09 11.08 10.63 10.88 11.00 10.58  6.65  6.45 -0.60 10.16  5.43 10.75  8.71  7.01 10.68  6.69  9.08  8.50  7.23 11.11 10.45 10.69 10.27  6.83 10.75  9.86 10.58  9.02  9.37 11.00  6.04 10.45  8.19  5.71  9.84  6.23 10.83 10.61
***  8.28 10.86  4.46  6.16 11.15 11.42  3.21 13.44 11.45 11.81  9.98  4.39  3.68 10.56 11.43  7.83 11.28 11.33 10.95 10.66 10.73  7.10  6.83  7.14  5.66 11.61 10.81-35.11 10.68 11.22  6.59
 38 10.97 10.47  9.66 10.11  9.77 10.70 10.94 11.06  6.11  5.43  6.24 10.36  6.68  6.95  7.09 11.08 10.63 10.88 11.00 10.58  6.65  6.45 -0.60 10.16  5.43 10.75  8.71  7.01 10.68  6.69  9.08  8.50  7.23 11.11 10.45 10.69 10.27  6.83 10.75  9.86 10.58  9.02  9.37 11.00  6.04 10.45  8.19  5.71  9.84  6.23 10.83 10.61
***  8.28 10.86  4.46  6.16 11.15 11.42  3.21 13.41 11.45 11.81 10.01  4.39  3.68 10.56 11.43  7.83 11.28 11.33 10.95 10.66 10.73  7.10  6.83  7.14  5.66 11.61 10.81-35.11 10.68 11.22  6.59
 39 10.97 10.47  9.66 10.11  9.77 10.70 10.94 11.06  6.11  5.43  6.24 10.36  6.68  6.95  7.09 11.08 10.63 10.88 11.00 10.58  6.65  6.45 -0.60 10.16  5.43 10.75  8.71  7.01 10.68  6.69  9.08  8.50  7.23 11.11 10.45 10.69 10.27  6.83 10.75  9.86 10.58  9.02  9.37 11.00  6.04 10.45  8.19  5.71  9.84  6.23 10.83 10.61
***  8.28 10.86  4.46  6.16 11.15 11.42  3.21 13.38 11.45 11.81 10.03  4.39  3.68 10.56 11.43  7.83 11.28 11.33 10.95 10.66 10.73  7.10  6.83  7.14  5.66 11.61 10.81-35.11 10.68 11.22  6.59
 40 10.97 10.47  9.66 10.11  9.77 10.70 10.94 11.06  6.11  5.43  6.24 10.36  6.68  6.95  7.09 11.08 10.63 10.88 11.00 10.58  6.65  6.45 -0.60 10.16  5.43 10.75  8.71  7.01 10.68  6.69  9.08  8.50  7.23 11.11 10.45 10.69 10.27  6.83 10.75  9.86 10.58  9.02  9.37 11.00  6.04 10.45  8.19  5.71  9.84  6.23 10.83 10.61
***  8.28 10.86  4.46  6.16 11.15 11.42  3.21 13.36 11.45 11.81 10.05  4.39  3.68 10.56 11.43  7.83 11.28 11.33 10.95 10.66 10.73  7.10  6.83  7.14  5.66 11.61 10.81-35.11 10.68 11.22  6.59
 41 10.97 10.47  9.66 10.11  9.77 10.70 10.94 11.06  6.11  5.43  6.24 10.36  6.68  6.95  7.09 11.08 10.63 10.88 11.00 10.58  6.65  6.45 -0.60 10.16  5.43 10.75  8.71  7.01 10.68  6.69  9.08  8.50  7.23 11.11 10.45 10.69 10.27  6.83 10.75  9.86 10.58  9.02  9.37 11.00  6.04 10.45  8.19  5.71  9.84  6.23 10.83 10.61
***  8.28 10.86  4.46  6.16 11.15 11.42  3.21 13.34 11.45 11.81 10.06  4.39  3.68 10.56 11.43  7.83 11.28 11.33 10.95 10.66 10.73  7.10  6.83  7.14  5.66 11.61 10.81-35.11 10.68 11.22  6.59
 42 10.97 10.47  9.66 10.11  9.77 10.70 10.94 11.06  6.11  5.43  6.24 10.36  6.68  6.95  7.09 11.08 10.63 10.88 11.00 10.58  6.65  6.45 -0.60 10.16  5.43 10.75  8.71  7.01 10.68  6.69  9.08  8.50  7.23 11.11 10.45 10.69 10.27  6.83 10.75  9.86 10.58  9.02  9.37 11.00  6.04 10.45  8.19  5.71  9.84  6.23 10.83 10.61
***  8.28 10.86  4.46  6.16 11.15 11.42  3.21 13.33 11.45 11.81 10.07  4.39  3.68 10.56 11.43  7.83 11.28 11.33 10.95 10.66 10.73  7.10  6.83  7.14  5.66 11.61 10.81-35.11 10.68 11.22  6.59
 43 10.97 10.47  9.66 10.11  9.77 10.70 10.94 11.06  6.11  5.43  6.24 10.36  6.68  6.95  7.09 11.08 10.63 10.88 11.00 10.58  6.65  6.45 -0.60 10.16  5.43 10.75  8.71  7.01 10.68  6.69  9.08  8.50  7.23 11.11 10.45 10.69 10.27  6.83 10.75  9.86 10.58  9.02  9.37 11.00  6.04 10.45  8.19  5.71  9.84  6.23 10.83 10.61
***  8.28 10.86  4.46  6.16 11.15 11.42  3.21 13.31 11.45 11.81 10.08  4.39  3.68 10.56 11.43  7.83 11.28 11.33 10.95 10.66 10.73  7.10  6.83  7.14  5.66 11.61 10.81-35.11 10.68 11.22  6.59
 44 10.97 10.47  9.66 10.11  9.77 10.70 10.94 11.06  6.11  5.43  6.24 10.36  6.68  6.95  7.09 11.08 10.63 10.88 11.00 10.58  6.65  6.45 -0.60 10.16  5.43 10.75  8.71  7.01 10.68  6.69  9.08  8.50  7.23 11.11 10.45 10.69 10.27  6.83 10.75  9.86 10.58  9.02  9.37 11.00  6.04 10.45  8.19  5.71  9.84  6.23 10.83 10.61
***  8.28 10.86  4.46  6.16 11.15 11.42  3.21 13.29 11.45 11.81 10.09  4.39  3.68 10.56 11.43  7.83 11.28 11.33 10.95 10.66 10.73  7.10  6.83  7.14  5.66 11.61 10.81-35.11 10.68 11.22  6.59
 45 10.97 10.47  9.66 10.11  9.77 10.70 10.94 11.06  6.11  5.43  6.24 10.36  6.68  6.95  7.09 11.08 10.63 10.88 11.00 10.58  6.65  6.45 -0.60 10.16  5.43 10.75  8.71  7.01 10.68  6.69  9.08  8.50  7.23 11.11 10.45 10.69 10.27  6.83 10.75  9.86 10.58  9.02  9.37 11.00  6.04 10.45  8.19  5.71  9.84  6.23 10.83 10.61
***  8.28 10.86  4.46  6.16 11.15 11.42  3.21 13.27 11.45 11.81 10.10  4.39  3.68 10.56 11.43  7.83 11.28 11.33 10.95 10.66 10.73  7.10  6.83  7.14  5.66 11.61 10.81-35.11 10.68 11.22  6.59
 46 10.97 10.47  9.66 10.11  9.77 10.70 10.94 11.06  6.11  5.43  6.24 10.36  6.68  6.95  7.09 11.08 10.63 10.88 11.00 10.58  6.65  6.45 -0.60 10.16  5.43 10.75  8.71  7.01 10.68  6.69  9.08  8.50  7.23 11.11 10.45 10.69 10.27  6.83 10.75  9.86 10.58  9.02  9.37 11.00  6.04 10.45  8.19  5.71  9.84  6.23 10.83 10.61
***  8.28 10.86  4.46  6.16 11.15 11.42  3.21 13.25 11.45 11.81 10.12  4.39  3.68 10.56 11.43  7.83 11.28 11.33 10.95 10.66 10.73  7.10  6.83  7.14  5.66 11.61 10.81-35.11 10.68 11.22  6.59
 47 10.97 10.47  9.66 10.11  9.77 10.70 10.94 11.06  6.11  5.43  6.24 10.36  6.68  6.95  7.09 11.08 10.63 10.88 11.00 10.58  6.65  6.45 -0.60 10.16  5.43 10.75  8.71  7.01 10.68  6.69  9.08  8.50  7.23 11.11 10.45 10.69 10.27  6.83 10.75  9.86 10.58  9.02  9.37 11.00  6.04 10.45  8.19  5.71  9.84  6.23 10.83 10.61
***  8.28 10.86  4.46  6.16 11.15 11.42  3.21 13.23 11.45 11.81 10.14  4.39  3.68 10.56 11.43  7.83 11.28 11.33 10.95 10.66 10.73  7.10  6.83  7.14  5.66 11.61 10.81-35.11 10.68 11.22  6.59
 48 10.97 10.47  9.66 10.11  9.77 10.70 10.94 11.06  6.11  5.43  6.24 10.36  6.68  6.95  7.09 11.08 10.63 10.88 11.00 10.58  6.65  6.45 -0.60 10.16  5.43 10.75  8.71  7.01 10.68  6.69  9.08  8.50  7.23 11.11 10.45 10.69 10.27  6.83 10.75  9.86 10.58  9.02  9.37 11.00  6.04 10.45  8.19  5.71  9.84  6.23 10.83 10.61
***  8.28 10.86  4.46  6.16 11.15 11.42  3.21 13.22 11.45 11.81 10.16  4.39  3.68 10.56 11.43  7.83 11.28 11.33 10.95 10.66 10.73  7.10  6.83  7.14  5.66 11.61 10.81-35.11 10.68 11.22  6.59
 49 10.97 10.47  9.66 10.11  9.77 10.70 10.94 11.06  6.11  5.43  6.24 10.36  6.68  6.95  7.09 11.08 10.63 10.88 11.00 10.58  6.65  6.45 -0.60 10.16  5.43 10.75  8.71  7.01 10.68  6.69  9.08  8.50  7.23 11.11 10.45 10.69 10.27  6.83 10.75  9.86 10.58  9.02  9.37 11.00  6.04 10.45  8.19  5.71  9.84  6.23 10.83 10.61
***  8.28 10.86  4.46  6.16 11.15 11.42  3.21 13.21 11.45 11.81 10.18  4.39  3.68 10.56 11.43  7.83 11.28 11.33 10.95 10.66 10.73  7.10  6.83  7.14  5.66 11.61 10.81-35.11 10.68 11.22  6.59
 50 10.97 10.47  9.66 10.11  9.77 10.70 10.94 11.06  6.11  5.43  6.24 10.36  6.68  6.95  7.09 11.08 10.63 10.88 11.00 10.58  6.65  6.45 -0.60 10.16  5.43 10.75  8.71  7.01 10.68  6.69  9.08  8.50  7.23 11.11 10.45 10.69 10.27  6.83 10.75  9.86 10.58  9.02  9.37 11.00  6.04 10.45  8.19  5.71  9.84  6.23 10.83 10.61
***  8.28 10.86  4.46  6.16 11.15 11.42  3.21 13.20 11.45 11.81 10.19  4.39  3.68 10.56 11.43  7.83 11.28 11.33 10.95 10.66 10.73  7.10  6.83  7.14  5.66 11.61 10.81-35.11 10.68 11.22  6.59
 51 10.97 10.47  9.66 10.11  9.77 10.70 10.94 11.06  6.11  5.43  6.24 10.36  6.68  6.95  7.09 11.08 10.63 10.88 11.00 10.58  6.65  6.45 -0.60 10.16  5.43 10.75  8.71  7.01 10.68  6.69  9.08  8.50  7.23 11.11 10.45 10.69 10.27  6.83 10.75  9.86 10.58  9.02  9.37 11.00  6.04 10.45  8.19  5.71  9.84  6.23 10.83 10.61
***  8.28 10.86  4.46  6.16 11.15 11.42  3.21 13.19 11.45 11.81 10.21  4.39  3.68 10.56 11.43  7.83 11.28 11.33 10.95 10.66 10.73  7.10  6.83  7.14  5.66 11.61 10.81-35.11 10.68 11.22  6.59
 52 10.97 10.47  9.66 10.11  9.77 10.70 10.94 11.06  6.11  5.43  6.24 10.36  6.68  6.95  7.09 11.08 10.63 10.88 11.00 10.58  6.65  6.45 -0.60 10.16  5.43 10.75  8.71  7.01 10.68  6.69  9.08  8.50  7.23 11.11 10.45 10.69 10.27  6.83 10.75  9.86 10.58  9.02  9.37 11.00  6.04 10.45  8.19  5.71  9.84  6.23 10.83 10.61
***  8.28 10.86  4.46  6.16 11.15 11.42  3.21 13.18 11.45 11.81 10.22  4.39  3.68 10.56 11.43  7.83 11.28 11.33 10.95 10.66 10.73  7.10  6.83  7.14  5.66 11.61 10.81-35.11 10.68 11.22  6.59
 53 10.97 10.47  9.66 10.11  9.77 10.70 10.94 11.06  6.11  5.43  6.24 10.36  6.68  6.95  7.09 11.08 10.63 10.88 11.00 10.58  6.65  6.45 -0.60 10.16  5.43 10.75  8.71  7.01 10.68  6.69  9.08  8.50  7.23 11.11 10.45 10.69 10.27  6.83 10.75  9.86 10.58  9.02  9.37 11.00  6.04 10.45  8.19  5.71  9.84  6.23 10.83 10.61
***  8.28 10.86  4.46  6.16 11.15 11.42  3.21 13.17 11.45 11.81 10.24  4.39  3.68 10.56 11.43  7.83 11.28 11.33 10.95 10.66 10.73  7.10  6.83  7.14  5.66 11.61 10.81-35.11 10.68 11.22  6.59
  
  
 I N T E G R A T E D   O P A C I T Y   [CM/G*]
 K  SO2   TiH   CO2   OH    CrH   CH    AlCl  ZrO   PO    NaCl  SiS   NO    LiF   HCN   C3    C2H2  MgH   TiO   CaH   SiO   LiCl  PH3   H2    C2    KCl   HCl   CP    LiH   NaH   AlF   FeH   BeH   MgF   CaF   CH4   CO    CN    H2CO  NH3   AlO   VO    SiH   PN    CS    KF    H2O   PS    SN    AlH   NaF   HS    NH  
  Al    Be    Ca    Cl    C     Cr    Fe    F     K     Li    Mg    Na    N     O     P     Si    S     Ti    V     Zr    O2    O3    COS   N2O   SO3   H2S   CS2   NO2   N2    S2    SO    C2H4
  1  -7.9  -4.5  -2.3   2.8  -4.5   2.0  -6.3  -3.7  -5.9 -14.1  -5.4   1.1 -16.9  -4.7  -8.5  -5.8  -0.5  -3.0  -2.8   2.4 -17.0 -16.6  -4.7  -0.0 -15.9   0.3  -4.1 -13.0  -4.8  -9.6  -2.8  -7.7  -8.5  -6.8 -12.2   6.7   1.9 -11.2  -7.6  -4.4  -4.9  -0.9  -2.4   1.1 -15.6  -0.7  -6.7  -6.6  -3.4 -13.6   1.5   1.3
***  -2.5   1.7  -2.6   0.8   2.6   6.1  -4.4   4.5  -3.4   6.0  -1.9  -1.3  -0.8   2.7   6.6   2.8   1.6   1.2  -0.3  -0.3 -13.0  -8.5 -11.7 -22.6  -8.7  -8.3  -9.0 -41.7  -3.5  -0.3 -22.5
  2  -7.7  -4.3  -2.2   2.8  -4.4   2.1  -6.2  -3.6  -5.9 -14.0  -5.4   1.1 -16.7  -4.6  -8.4  -5.6  -0.4  -3.0  -2.6   2.4 -16.8 -16.3  -4.6   0.0 -15.7   0.4  -4.0 -12.8  -4.6  -9.5  -2.7  -7.6  -8.4  -6.6 -11.9   6.7   2.0 -11.0  -7.4  -4.3  -4.9  -0.8  -2.3   1.2 -15.4  -0.5  -6.6  -6.5  -3.3 -13.5   1.6   1.4
***  -2.5   1.8  -2.6   0.8   2.6   6.1  -4.4   4.5  -3.3   6.0  -1.8  -1.3  -0.8   2.7   6.6   2.8   1.7   1.2  -0.3  -0.3 -12.8  -8.4 -11.6 -22.4  -8.6  -8.2  -8.8 -41.6  -3.4  -0.2 -22.2
  3  -7.6  -4.2  -2.2   2.9  -4.3   2.2  -6.1  -3.6  -5.8 -13.9  -5.3   1.1 -16.7  -4.6  -8.3  -5.4  -0.3  -2.9  -2.5   2.4 -16.8 -16.1  -4.6   0.1 -15.6   0.4  -4.0 -12.7  -4.5  -9.5  -2.6  -7.5  -8.3  -6.6 -11.6   6.6   2.0 -10.8  -7.2  -4.3  -4.8  -0.7  -2.3   1.2 -15.3  -0.4  -6.5  -6.5  -3.2 -13.4   1.6   1.5
***  -2.5   1.8  -2.6   0.8   2.7   6.1  -4.4   4.4  -3.3   6.0  -1.8  -1.3  -0.8   2.7   6.6   2.8   1.7   1.2  -0.3  -0.2 -12.7  -8.3 -11.5 -22.2  -8.4  -8.1  -8.7 -41.6  -3.4  -0.2 -21.9
  4  -7.6  -4.2  -2.2   2.9  -4.2   2.2  -6.1  -3.6  -5.8 -13.8  -5.3   1.2 -16.6  -4.5  -8.3  -5.3  -0.2  -2.9  -2.5   2.4 -16.7 -15.9  -4.6   0.2 -15.6   0.5  -3.9 -12.6  -4.4  -9.4  -2.5  -7.5  -8.3  -6.6 -11.5   6.6   2.0 -10.7  -7.1  -4.2  -4.8  -0.7  -2.3   1.2 -15.3  -0.3  -6.5  -6.5  -3.1 -13.4   1.7   1.5
***  -2.5   1.8  -2.6   0.9   2.7   6.1  -4.4   4.3  -3.3   6.0  -1.7  -1.3  -0.8   2.7   6.6   2.8   1.7   1.3  -0.3  -0.2 -12.5  -8.3 -11.5 -22.1  -8.3  -8.0  -8.6 -41.6  -3.3  -0.2 -21.6
  5  -7.5  -4.1  -2.2   3.0  -4.1   2.3  -6.1  -3.6  -5.8 -13.7  -5.3   1.2 -16.6  -4.5  -8.2  -5.2  -0.2  -2.9  -2.4   2.4 -16.7 -15.8  -4.5   0.2 -15.5   0.5  -3.9 -12.5  -4.3  -9.4  -2.5  -7.4  -8.3  -6.5 -11.3   6.6   2.0 -10.6  -6.9  -4.2  -4.8  -0.6  -2.3   1.2 -15.2  -0.3  -6.5  -6.4  -3.1 -13.3   1.7   1.6
***  -2.5   1.8  -2.6   0.9   2.7   6.1  -4.4   4.3  -3.2   6.0  -1.6  -1.2  -0.8   2.8   6.6   2.8   1.7   1.3  -0.3  -0.1 -12.4  -8.3 -11.4 -22.0  -8.2  -8.0  -8.6 -41.7  -3.3  -0.1 -21.4
  6  -7.5  -4.0  -2.1   3.0  -4.1   2.4  -6.0  -3.6  -5.7 -13.7  -5.3   1.2 -16.6  -4.5  -8.1  -5.1  -0.1  -2.9  -2.3   2.4 -16.6 -15.6  -4.5   0.3 -15.4   0.5  -3.8 -12.4  -4.2  -9.4  -2.4  -7.3  -8.3  -6.5 -11.1   6.6   2.0 -10.5  -6.8  -4.1  -4.8  -0.6  -2.3   1.2 -15.2  -0.2  -6.5  -6.4  -3.0 -13.3   1.8   1.6
***  -2.5   1.8  -2.6   0.9   2.7   6.0  -4.4   4.2  -3.2   6.0  -1.6  -1.2  -0.8   2.8   6.6   2.8   1.7   1.3  -0.3  -0.1 -12.3  -8.3 -11.4 -21.9  -8.2  -7.9  -8.5 -41.7  -3.2  -0.1 -21.2
  7  -7.4  -4.0  -2.1   3.1  -4.0   2.4  -6.0  -3.6  -5.7 -13.6  -5.3   1.2 -16.5  -4.4  -8.1  -5.0  -0.0  -2.9  -2.2   2.3 -16.6 -15.5  -4.5   0.3 -15.4   0.6  -3.8 -12.4  -4.1  -9.4  -2.3  -7.3  -8.2  -6.5 -11.0   6.6   2.0 -10.4  -6.7  -4.1  -4.8  -0.6  -2.3   1.3 -15.1  -0.1  -6.4  -6.4  -2.9 -13.2   1.8   1.7
***  -2.5   1.8  -2.6   0.9   2.7   6.0  -4.4   4.2  -3.2   6.0  -1.5  -1.2  -0.8   2.9   6.6   2.8   1.7   1.3  -0.3  -0.1 -12.2  -8.2 -11.3 -21.8  -8.1  -7.9  -8.4 -41.7  -3.2  -0.1 -21.0
  8  -7.4  -3.9  -2.1   3.1  -3.9   2.5  -6.0  -3.6  -5.7 -13.6  -5.3   1.2 -16.5  -4.4  -8.0  -4.9   0.0  -2.9  -2.2   2.3 -16.5 -15.3  -4.4   0.4 -15.3   0.6  -3.8 -12.3  -4.1  -9.4  -2.3  -7.2  -8.2  -6.4 -10.8   6.5   2.0 -10.3  -6.6  -4.0  -4.7  -0.5  -2.3   1.3 -15.0  -0.1  -6.4  -6.3  -2.9 -13.2   1.8   1.7
***  -2.5   1.9  -2.6   1.0   2.7   6.0  -4.4   4.1  -3.1   6.0  -1.5  -1.2  -0.8   2.9   6.6   2.8   1.7   1.3  -0.3  -0.0 -12.0  -8.2 -11.3 -21.7  -8.0  -7.8  -8.3 -41.8  -3.2  -0.0 -20.8
  9  -7.3  -3.8  -2.1   3.1  -3.9   2.5  -5.9  -3.6  -5.7 -13.5  -5.3   1.2 -16.5  -4.4  -8.0  -4.8   0.1  -2.9  -2.1   2.3 -16.5 -15.2  -4.4   0.4 -15.2   0.6  -3.8 -12.2  -4.0  -9.4  -2.2  -7.2  -8.2  -6.4 -10.6   6.5   2.1 -10.2  -6.5  -4.0  -4.7  -0.5  -2.3   1.3 -15.0  -0.0  -6.4  -6.3  -2.8 -13.1   1.9   1.8
***  -2.5   1.9  -2.6   1.0   2.7   6.0  -4.4   4.0  -3.1   6.0  -1.4  -1.2  -0.8   2.9   6.5   2.8   1.7   1.3  -0.3   0.0 -11.9  -8.2 -11.2 -21.6  -7.9  -7.8  -8.3 -41.8  -3.1  -0.0 -20.7
 10  -7.2  -3.8  -2.1   3.2  -3.8   2.6  -5.9  -3.6  -5.7 -13.5  -5.3   1.3 -16.4  -4.3  -7.9  -4.7   0.1  -2.8  -2.0   2.3 -16.4 -15.0  -4.4   0.4 -15.2   0.7  -3.7 -12.2  -3.9  -9.3  -2.2  -7.1  -8.2  -6.4 -10.5   6.5   2.1 -10.1  -6.4  -3.9  -4.7  -0.4  -2.3   1.3 -14.9   0.1  -6.3  -6.3  -2.7 -13.1   1.9   1.8
***  -2.5   1.9  -2.6   1.0   2.7   6.0  -4.4   4.0  -3.1   6.0  -1.3  -1.2  -0.8   2.9   6.5   2.8   1.7   1.3  -0.3   0.1 -11.8  -8.1 -11.2 -21.5  -7.8  -7.7  -8.2 -41.8  -3.1   0.0 -20.5
 11  -7.2  -3.7  -2.1   3.2  -3.7   2.7  -5.8  -3.6  -5.7 -13.4  -5.3   1.3 -16.4  -4.3  -7.9  -4.6   0.2  -2.8  -2.0   2.3 -16.4 -14.9  -4.3   0.5 -15.1   0.7  -3.7 -12.1  -3.8  -9.3  -2.1  -7.1  -8.2  -6.3 -10.3   6.5   2.1 -10.0  -6.3  -3.9  -4.7  -0.4  -2.3   1.3 -14.9   0.1  -6.3  -6.3  -2.7 -13.0   2.0   1.8
***  -2.5   1.9  -2.6   1.0   2.7   6.0  -4.4   3.9  -3.1   6.0  -1.2  -1.1  -0.8   3.0   6.5   2.8   1.8   1.3  -0.3   0.1 -11.7  -8.1 -11.2 -21.4  -7.8  -7.7  -8.1 -41.8  -3.1   0.0 -20.3
 12  -7.1  -3.6  -2.1   3.2  -3.7   2.7  -5.8  -3.6  -5.6 -13.4  -5.3   1.3 -16.4  -4.3  -7.8  -4.6   0.2  -2.8  -1.9   2.3 -16.4 -14.8  -4.3   0.5 -15.0   0.7  -3.7 -12.0  -3.7  -9.3  -2.0  -7.0  -8.1  -6.3 -10.2   6.4   2.1  -9.9  -6.1  -3.9  -4.7  -0.3  -2.3   1.3 -14.8   0.2  -6.3  -6.2  -2.6 -13.0   2.0   1.9
***  -2.5   1.9  -2.6   1.0   2.8   6.0  -4.4   3.9  -3.0   6.0  -1.1  -1.1  -0.8   3.0   6.5   2.8   1.8   1.3  -0.3   0.1 -11.6  -8.1 -11.1 -21.3  -7.7  -7.6  -8.1 -41.8  -3.0   0.1 -20.1
 13  -7.1  -3.6  -2.1   3.3  -3.6   2.8  -5.8  -3.6  -5.6 -13.3  -5.3   1.3 -16.3  -4.2  -7.8  -4.5   0.3  -2.8  -1.8   2.3 -16.3 -14.6  -4.3   0.6 -15.0   0.8  -3.7 -11.9  -3.7  -9.3  -2.0  -7.0  -8.1  -6.3 -10.0   6.4   2.1  -9.8  -6.0  -3.8  -4.7  -0.3  -2.3   1.3 -14.8   0.2  -6.2  -6.2  -2.6 -12.9   2.0   1.9
***  -2.5   1.9  -2.6   1.1   2.8   6.0  -4.4   3.8  -3.0   6.0  -1.0  -1.1  -0.8   3.0   6.5   2.8   1.8   1.3  -0.3   0.2 -11.5  -8.0 -11.1 -21.2  -7.6  -7.6  -8.0 -41.9  -3.0   0.1 -19.9
 14  -7.0  -3.5  -2.1   3.3  -3.5   2.8  -5.7  -3.6  -5.6 -13.2  -5.3   1.3 -16.3  -4.2  -7.7  -4.4   0.3  -2.8  -1.8   2.3 -16.2 -14.5  -4.2   0.6 -14.9   0.8  -3.6 -11.9  -3.6  -9.3  -1.9  -6.9  -8.1  -6.2  -9.9   6.4   2.1  -9.7  -5.9  -3.8  -4.6  -0.3  -2.3   1.3 -14.7   0.3  -6.2  -6.2  -2.5 -12.9   2.1   2.0
***  -2.5   1.9  -2.6   1.1   2.8   6.0  -4.4   3.8  -3.0   6.0  -1.0  -1.1  -0.8   3.0   6.5   2.8   1.8   1.3  -0.3   0.2 -11.4  -8.0 -11.0 -21.1  -7.5  -7.5  -7.9 -41.9  -3.0   0.1 -19.7
 15  -7.0  -3.4  -2.1   3.4  -3.5   2.9  -5.7  -3.5  -5.6 -13.2  -5.3   1.3 -16.2  -4.1  -7.7  -4.3   0.4  -2.7  -1.7   2.3 -16.2 -14.3  -4.2   0.6 -14.8   0.8  -3.6 -11.8  -3.5  -9.2  -1.8  -6.9  -8.0  -6.2  -9.7   6.4   2.1  -9.6  -5.8  -3.7  -4.6  -0.2  -2.2   1.4 -14.6   0.4  -6.2  -6.1  -2.4 -12.8   2.1   2.0
***  -2.5   2.0  -2.6   1.1   2.8   6.0  -4.4   3.7  -2.9   6.0  -0.9  -1.1  -0.8   3.0   6.5   2.8   1.8   1.3  -0.3   0.2 -11.3  -8.0 -10.9 -21.0  -7.4  -7.5  -7.8 -41.9  -2.9   0.2 -19.5
 16  -6.9  -3.4  -2.0   3.4  -3.4   2.9  -5.6  -3.5  -5.5 -13.1  -5.2   1.4 -16.2  -4.1  -7.6  -4.2   0.5  -2.7  -1.6   2.3 -16.1 -14.2  -4.2   0.7 -14.8   0.9  -3.6 -11.7  -3.4  -9.2  -1.8  -6.8  -8.0  -6.1  -9.5   6.4   2.1  -9.5  -5.6  -3.6  -4.6  -0.1  -2.2   1.4 -14.6   0.5  -6.1  -6.1  -2.4 -12.8   2.2   2.1
***  -2.5   2.0  -2.6   1.1   2.8   6.0  -4.4   3.7  -2.9   6.0  -0.8  -1.0  -0.8   3.0   6.5   2.8   1.8   1.3  -0.3   0.3 -11.1  -7.9 -10.9 -20.9  -7.3  -7.4  -7.8 -41.9  -2.9   0.2 -19.3
 17  -6.8  -3.3  -2.0   3.5  -3.3   3.0  -5.6  -3.5  -5.5 -13.0  -5.2   1.4 -16.1  -4.0  -7.6  -4.1   0.5  -2.7  -1.5   2.3 -16.1 -14.0  -4.1   0.7 -14.7   0.9  -3.5 -11.6  -3.3  -9.1  -1.7  -6.7  -7.9  -6.1  -9.4   6.4   2.2  -9.4  -5.5  -3.6  -4.5  -0.1  -2.2   1.4 -14.5   0.5  -6.1  -6.1  -2.3 -12.7   2.2   2.1
***  -2.5   2.0  -2.6   1.1   2.8   6.0  -4.4   3.6  -2.9   6.0  -0.7  -1.0  -0.7   3.1   6.5   2.8   1.8   1.4  -0.3   0.3 -11.0  -7.9 -10.8 -20.8  -7.2  -7.3  -7.7 -41.9  -2.8   0.2 -19.1
 18  -6.7  -3.2  -2.0   3.5  -3.2   3.0  -5.5  -3.5  -5.5 -12.9  -5.2   1.4 -16.1  -4.0  -7.5  -4.0   0.6  -2.6  -1.4   2.3 -16.0 -13.9  -4.1   0.7 -14.6   1.0  -3.5 -11.5  -3.2  -9.1  -1.6  -6.7  -7.9  -6.0  -9.2   6.4   2.2  -9.3  -5.4  -3.5  -4.5  -0.0  -2.2   1.4 -14.4   0.6  -6.1  -6.0  -2.2 -12.6   2.3   2.2
***  -2.5   2.1  -2.6   1.1   2.9   6.0  -4.4   3.6  -2.8   6.0  -0.6  -1.0  -0.7   3.1   6.5   2.8   1.9   1.4  -0.3   0.4 -10.9  -7.8 -10.7 -20.7  -7.1  -7.3  -7.6 -41.9  -2.8   0.3 -18.9
 19  -6.7  -3.1  -1.9   3.5  -3.1   3.1  -5.4  -3.4  -5.4 -12.9  -5.1   1.5 -16.0  -3.9  -7.5  -3.8   0.7  -2.6  -1.4   2.4 -15.9 -13.7  -4.0   0.8 -14.5   1.0  -3.5 -11.4  -3.1  -9.0  -1.5  -6.6  -7.8  -6.0  -9.0   6.4   2.2  -9.2  -5.2  -3.4  -4.4   0.0  -2.2   1.5 -14.3   0.7  -6.0  -6.0  -2.1 -12.5   2.3   2.2
***  -2.5   2.1  -2.6   1.2   2.9   6.0  -4.4   3.6  -2.8   6.1  -0.5  -1.0  -0.7   3.1   6.5   2.8   1.9   1.4  -0.3   0.4 -10.8  -7.8 -10.7 -20.6  -7.0  -7.2  -7.5 -41.9  -2.7   0.3 -18.7
 20  -6.6  -3.0  -1.9   3.6  -3.1   3.1  -5.4  -3.4  -5.4 -12.8  -5.1   1.5 -15.9  -3.8  -7.4  -3.7   0.8  -2.5  -1.3   2.4 -15.8 -13.5  -4.0   0.8 -14.4   1.1  -3.4 -11.3  -3.0  -9.0  -1.5  -6.6  -7.8  -5.9  -8.8   6.4   2.2  -9.1  -5.1  -3.4  -4.4   0.1  -2.1   1.5 -14.3   0.8  -6.0  -6.0  -2.0 -12.5   2.4   2.3
***  -2.5   2.1  -2.6   1.2   2.9   6.0  -4.4   3.5  -2.8   6.1  -0.4  -1.0  -0.7   3.1   6.5   2.8   1.9   1.4  -0.2   0.4 -10.7  -7.7 -10.6 -20.5  -6.9  -7.1  -7.4 -41.9  -2.7   0.4 -18.4
 21  -6.5  -2.9  -1.8   3.6  -3.0   3.2  -5.3  -3.3  -5.4 -12.7  -5.1   1.5 -15.9  -3.8  -7.4  -3.6   0.9  -2.5  -1.2   2.4 -15.8 -13.4  -3.9   0.8 -14.3   1.1  -3.4 -11.2  -2.9  -8.9  -1.4  -6.5  -7.7  -5.8  -8.6   6.4   2.2  -8.9  -4.9  -3.3  -4.3   0.2  -2.1   1.5 -14.2   0.9  -5.9  -5.9  -1.9 -12.4   2.4   2.4
***  -2.5   2.1  -2.6   1.2   2.9   6.0  -4.4   3.5  -2.7   6.1  -0.3  -1.0  -0.7   3.2   6.5   2.8   2.0   1.5  -0.2   0.5 -10.6  -7.7 -10.5 -20.4  -6.8  -7.1  -7.3 -41.9  -2.7   0.4 -18.2
 22  -6.4  -2.9  -1.8   3.7  -2.9   3.2  -5.2  -3.3  -5.3 -12.6  -5.0   1.6 -15.8  -3.7  -7.3  -3.5   0.9  -2.4  -1.1   2.4 -15.7 -13.2  -3.9   0.9 -14.2   1.2  -3.4 -11.1  -2.8  -8.9  -1.3  -6.4  -7.7  -5.8  -8.4   6.4   2.3  -8.8  -4.8  -3.2  -4.3   0.2  -2.1   1.5 -14.1   1.0  -5.9  -5.9  -1.9 -12.3   2.5   2.4
***  -2.5   2.2  -2.6   1.2   3.0   6.0  -4.4   3.4  -2.7   6.1  -0.1  -0.9  -0.7   3.2   6.6   2.8   2.0   1.5  -0.2   0.5 -10.5  -7.6 -10.4 -20.2  -6.7  -7.0  -7.3 -41.9  -2.6   0.4 -18.0
 23  -6.4  -2.8  -1.8   3.7  -2.8   3.3  -5.2  -3.3  -5.3 -12.5  -5.0   1.6 -15.7  -3.7  -7.2  -3.4   1.0  -2.4  -1.0   2.5 -15.6 -13.0  -3.8   0.9 -14.2   1.2  -3.3 -11.1  -2.7  -8.8  -1.2  -6.4  -7.6  -5.7  -8.2   6.4   2.3  -8.7  -4.6  -3.2  -4.2   0.3  -2.1   1.5 -14.0   1.1  -5.8  -5.8  -1.8 -12.2   2.5   2.5
***  -2.5   2.2  -2.6   1.2   3.0   6.0  -4.4   3.4  -2.7   6.1  -0.0  -0.9  -0.7   3.2   6.6   2.8   2.0   1.5  -0.2   0.6 -10.4  -7.6 -10.4 -20.1  -6.6  -6.9  -7.2 -41.9  -2.6   0.5 -17.8
 24  -6.3  -2.7  -1.8   3.8  -2.7   3.4  -5.1  -3.2  -5.3 -12.5  -5.0   1.6 -15.7  -3.6  -7.2  -3.3   1.1  -2.4  -0.9   2.5 -15.6 -12.9  -3.8   0.9 -14.1   1.2  -3.3 -11.0  -2.6  -8.8  -1.2  -6.3  -7.6  -5.7  -8.1   6.3   2.3  -8.6  -4.5  -3.1  -4.2   0.3  -2.0   1.6 -14.0   1.1  -5.8  -5.8  -1.7 -12.2   2.6   2.5
***  -2.5   2.2  -2.6   1.2   3.0   6.0  -4.4   3.3  -2.6   6.1   0.1  -0.9  -0.7   3.2   6.6   2.8   2.0   1.5  -0.2   0.6 -10.2  -7.5 -10.3 -20.0  -6.5  -6.9  -7.1 -41.9  -2.5   0.5 -17.6
 25  -6.2  -2.6  -1.7   3.8  -2.7   3.4  -5.1  -3.2  -5.3 -12.4  -5.0   1.6 -15.6  -3.6  -7.1  -3.2   1.1  -2.3  -0.9   2.5 -15.5 -12.7  -3.8   1.0 -14.0   1.3  -3.3 -10.9  -2.6  -8.8  -1.1  -6.3  -7.5  -5.6  -7.9   6.3   2.3  -8.5  -4.4  -3.1  -4.2   0.4  -2.0   1.6 -13.9   1.2  -5.8  -5.8  -1.6 -12.1   2.6   2.6
***  -2.6   2.2  -2.6   1.3   3.0   6.0  -4.4   3.3  -2.6   6.1   0.2  -0.9  -0.7   3.2   6.6   2.8   2.0   1.5  -0.2   0.6 -10.1  -7.5 -10.3 -19.9  -6.5  -6.8  -7.0 -41.9  -2.5   0.5 -17.4
 26  -6.2  -2.6  -1.7   3.8  -2.6   3.5  -5.0  -3.2  -5.2 -12.4  -5.0   1.6 -15.6  -3.5  -7.1  -3.1   1.2  -2.3  -0.8   2.5 -15.5 -12.6  -3.7   1.0 -14.0   1.3  -3.3 -10.8  -2.5  -8.8  -1.0  -6.2  -7.5  -5.6  -7.8   6.3   2.3  -8.4  -4.3  -3.0  -4.2   0.4  -2.0   1.6 -13.8   1.3  -5.7  -5.7  -1.6 -12.1   2.6   2.6
***  -2.6   2.3  -2.6   1.3   3.0   6.0  -4.4   3.3  -2.6   6.1   0.3  -0.9  -0.7   3.3   6.5   2.8   2.0   1.5  -0.2   0.7 -10.0  -7.5 -10.2 -19.9  -6.4  -6.8  -7.0 -41.9  -2.5   0.6 -17.2
 27  -6.2  -2.5  -1.8   3.9  -2.6   3.5  -5.0  -3.3  -5.2 -12.3  -5.0   1.6 -15.6  -3.5  -7.1  -3.1   1.2  -2.3  -0.8   2.4 -15.4 -12.5  -3.7   1.0 -13.9   1.3  -3.2 -10.8  -2.4  -8.8  -1.0  -6.2  -7.5  -5.6  -7.7   6.2   2.3  -8.4  -4.2  -3.0  -4.2   0.4  -2.0   1.6 -13.8   1.3  -5.7  -5.7  -1.6 -12.1   2.7   2.6
***  -2.6   2.3  -2.6   1.3   3.0   6.0  -4.4   3.2  -2.5   6.1   0.4  -0.8  -0.7   3.3   6.5   2.8   2.0   1.5  -0.2   0.7  -9.9  -7.5 -10.2 -19.8  -6.3  -6.8  -6.9 -42.0  -2.4   0.6 -17.1
 28  -6.2  -2.5  -1.8   3.9  -2.5   3.5  -5.0  -3.3  -5.2 -12.3  -5.0   1.6 -15.6  -3.6  -7.1  -3.0   1.2  -2.4  -0.7   2.4 -15.4 -12.4  -3.7   1.0 -13.9   1.3  -3.2 -10.7  -2.4  -8.8  -1.0  -6.1  -7.5  -5.6  -7.6   6.2   2.3  -8.3  -4.2  -3.0  -4.2   0.4  -2.1   1.6 -13.8   1.3  -5.7  -5.7  -1.5 -12.0   2.7   2.7
***  -2.6   2.3  -2.6   1.4   3.0   6.0  -4.4   3.1  -2.5   6.1   0.4  -0.8  -0.7   3.3   6.5   2.8   2.0   1.5  -0.2   0.7  -9.9  -7.5 -10.2 -19.8  -6.3  -6.8  -6.9 -42.0  -2.4   0.6 -17.0
 29  -6.2  -2.5  -1.9   3.9  -2.5   3.6  -5.1  -3.4  -5.3 -12.3  -5.1   1.6 -15.7  -3.6  -7.1  -3.1   1.2  -2.5  -0.7   2.3 -15.5 -12.3  -3.7   1.0 -13.9   1.3  -3.3 -10.7  -2.3  -8.9  -1.0  -6.1  -7.6  -5.6  -7.5   6.1   2.3  -8.3  -4.1  -3.0  -4.3   0.4  -2.1   1.5 -13.8   1.3  -5.7  -5.7  -1.5 -12.1   2.7   2.7
***  -2.6   2.2  -2.6   1.4   3.0   5.9  -4.4   3.0  -2.5   6.0   0.5  -0.7  -0.7   3.4   6.5   2.8   2.0   1.5  -0.3   0.7  -9.8  -7.6 -10.2 -19.9  -6.3  -6.8  -6.9 -42.1  -2.4   0.6 -17.0
 30  -6.2  -2.5  -2.0   3.9  -2.5   3.6  -5.1  -3.5  -5.3 -12.3  -5.2   1.6 -15.7  -3.7  -7.2  -3.1   1.2  -2.6  -0.7   2.2 -15.5 -12.3  -3.7   1.0 -13.9   1.3  -3.3 -10.7  -2.3  -8.9  -1.0  -6.1  -7.7  -5.7  -7.6   6.0   2.2  -8.4  -4.1  -3.1  -4.4   0.4  -2.2   1.5 -13.8   1.3  -5.8  -5.8  -1.5 -12.1   2.7   2.7
***  -2.6   2.2  -2.6   1.5   3.0   5.9  -4.4   3.0  -2.5   6.0   0.6  -0.7  -0.6   3.4   6.4   2.8   2.0   1.4  -0.3   0.7  -9.7  -7.7 -10.3 -19.9  -6.3  -6.8  -6.9 -42.2  -2.4   0.6 -17.0
 31  -6.3  -2.6  -2.2   3.9  -2.6   3.6  -5.2  -3.7  -5.4 -12.4  -5.3   1.5 -15.8  -3.8  -7.3  -3.2   1.1  -2.7  -0.8   2.0 -15.6 -12.3  -3.8   1.0 -13.9   1.3  -3.3 -10.7  -2.3  -9.1  -1.0  -6.1  -7.8  -5.8  -7.6   5.8   2.1  -8.5  -4.2  -3.2  -4.5   0.4  -2.3   1.4 -13.9   1.2  -5.8  -5.8  -1.6 -12.2   2.7   2.7
***  -2.7   2.2  -2.6   1.6   2.9   5.8  -4.4   2.9  -2.6   5.9   0.6  -0.6  -0.6   3.4   6.4   2.8   1.9   1.4  -0.4   0.7  -9.7  -7.8 -10.4 -20.1  -6.3  -6.9  -7.0 -42.4  -2.5   0.5 -17.1
 32  -6.4  -2.6  -2.5   3.8  -2.6   3.6  -5.3  -3.9  -5.5 -12.5  -5.5   1.4 -15.9  -4.0  -7.5  -3.4   1.1  -2.9  -0.8   1.8 -15.7 -12.3  -3.8   1.0 -14.0   1.2  -3.4 -10.8  -2.3  -9.2  -1.1  -6.2  -7.9  -5.9  -7.8   5.6   2.0  -8.7  -4.3  -3.3  -4.7   0.3  -2.4   1.3 -13.9   1.1  -5.9  -5.9  -1.6 -12.2   2.7   2.7
***  -2.7   2.2  -2.6   1.7   2.9   5.7  -4.4   2.8  -2.6   5.8   0.6  -0.5  -0.5   3.5   6.3   2.8   1.9   1.3  -0.5   0.6  -9.7  -8.0 -10.5 -20.3  -6.3  -7.1  -7.0 -42.5  -2.5   0.5 -17.3
 33  -6.6  -2.7  -2.8   3.8  -2.7   3.6  -5.5  -4.2  -5.6 -12.6  -5.7   1.3 -16.1  -4.2  -7.7  -3.7   1.0  -3.1  -0.9   1.5 -15.8 -12.4  -3.9   0.9 -14.1   1.2  -3.5 -10.8  -2.4  -9.4  -1.2  -6.3  -8.1  -6.1  -8.0   5.4   1.9  -8.9  -4.4  -3.4  -4.9   0.2  -2.5   1.2 -14.0   1.0  -5.9  -5.9  -1.7 -12.4   2.6   2.7
***  -2.8   2.1  -2.5   1.9   2.8   5.6  -4.4   2.7  -2.6   5.7   0.7  -0.4  -0.4   3.5   6.2   2.8   1.8   1.2  -0.6   0.6  -9.7  -8.2 -10.7 -20.6  -6.4  -7.3  -7.2 -42.8  -2.6   0.4 -17.6
 34  -6.7  -2.8  -3.0   3.7  -2.8   3.6  -5.6  -4.3  -5.7 -12.6  -5.8   1.2 -16.2  -4.4  -7.9  -3.9   0.9  -3.2  -0.9   1.4 -15.9 -12.5  -3.9   0.8 -14.1   1.1  -3.6 -10.8  -2.4  -9.6  -1.2  -6.3  -8.2  -6.2  -8.1   5.2   1.8  -9.1  -4.5  -3.5  -5.0   0.1  -2.7   1.0 -14.1   0.9  -6.0  -6.0  -1.8 -12.4   2.6   2.6
***  -2.8   2.1  -2.5   2.0   2.8   5.5  -4.4   2.7  -2.6   5.6   0.7  -0.3  -0.3   3.6   6.1   2.8   1.8   1.2  -0.6   0.5  -9.8  -8.4 -10.8 -20.8  -6.5  -7.4  -7.3 -42.9  -2.6   0.3 -17.9
 35  -7.0  -2.9  -3.4   3.6  -2.9   3.5  -5.7  -4.6  -5.8 -12.7  -6.1   1.0 -16.4  -4.7  -8.3  -4.2   0.8  -3.5  -1.0   1.0 -16.0 -12.7  -4.0   0.7 -14.2   1.0  -3.8 -10.9  -2.4  -9.8  -1.3  -6.4  -8.4  -6.4  -8.5   4.9   1.6  -9.4  -4.8  -3.6  -5.2  -0.1  -2.9   0.9 -14.2   0.7  -6.2  -6.1  -1.9 -12.6   2.5   2.6
***  -2.9   2.1  -2.4   2.2   2.7   5.4  -4.4   2.6  -2.6   5.6   0.7  -0.2  -0.1   3.6   6.0   2.8   1.7   1.1  -0.7   0.4  -9.8  -8.8 -11.1 -21.3  -6.7  -7.7  -7.5 -43.2  -2.7   0.2 -18.3
 36  -7.3  -3.0  -3.9   3.5  -2.9   3.4  -5.9  -4.9  -6.0 -12.8  -6.4   0.9 -16.5  -5.1  -8.7  -4.7   0.7  -3.7  -1.1   0.7 -16.1 -12.9  -4.1   0.5 -14.3   0.9  -4.0 -10.9  -2.5 -10.0  -1.4  -6.6  -8.6  -6.6  -8.9   4.6   1.3  -9.8  -5.1  -3.8  -5.5  -0.2  -3.1   0.6 -14.3   0.4  -6.3  -6.3  -2.0 -12.7   2.4   2.5
***  -3.0   2.1  -2.2   2.4   2.7   5.3  -4.4   2.6  -2.6   5.5   0.8   0.0   0.2   3.7   6.0   2.8   1.7   1.1  -0.8   0.3 -10.0  -9.2 -11.4 -21.9  -6.8  -8.1  -7.7 -43.5  -2.9   0.0 -18.9
 37  -7.7  -3.1  -4.5   3.4  -3.0   3.3  -6.1  -5.3  -6.3 -12.9  -6.7   0.6 -16.7  -5.5  -9.1  -5.2   0.6  -4.0  -1.2   0.4 -16.3 -13.2  -4.3   0.3 -14.4   0.8  -4.2 -11.0  -2.5 -10.2  -1.5  -6.7  -8.8  -6.8  -9.4   4.2   1.1 -10.3  -5.4  -4.0  -5.7  -0.4  -3.4   0.4 -14.4   0.1  -6.5  -6.5  -2.1 -12.8   2.3   2.4
***  -3.1   2.1  -2.2   2.4   2.6   5.2  -4.4   2.7  -2.6   5.4   0.9   0.0   0.2   3.7   5.9   2.8   1.6   1.0  -0.8   0.1 -10.1  -9.7 -11.8 -22.6  -7.1  -8.5  -8.0 -43.8  -3.0  -0.2 -19.6
 38  -8.1  -3.2  -5.1   3.2  -3.1   3.2  -6.2  -5.6  -6.6 -13.0  -7.0   0.4 -16.9  -6.0  -9.7  -5.8   0.4  -4.3  -1.3  -0.0 -16.4 -13.6  -4.4   0.1 -14.5   0.6  -4.5 -11.1  -2.5 -10.5  -1.7  -6.9  -9.1  -7.0 -10.0   3.8   0.8 -10.9  -5.8  -4.2  -6.0  -0.6  -3.7   0.0 -14.5  -0.2  -6.8  -6.7  -2.2 -13.0   2.1   2.3
***  -3.2   2.1  -2.2   2.4   2.6   5.2  -4.4   2.7  -2.6   5.3   0.9   0.0   0.2   3.6   5.8   2.8   1.6   1.0  -0.8  -0.1 -10.3 -10.2 -12.2 -23.4  -7.4  -8.9  -8.4 -44.2  -3.2  -0.4 -20.4
 39  -8.5  -3.3  -5.7   3.1  -3.3   3.1  -6.4  -6.0  -6.9 -13.2  -7.3   0.2 -17.1  -6.4 -10.2  -6.4   0.3  -4.6  -1.3  -0.4 -16.6 -13.9  -4.6  -0.2 -14.5   0.5  -4.9 -11.1  -2.6 -10.7  -1.8  -7.1  -9.3  -7.2 -10.6   3.3   0.5 -11.5  -6.3  -4.3  -6.3  -0.7  -4.1  -0.3 -14.7  -0.5  -7.1  -6.9  -2.3 -13.1   2.0   2.2
***  -3.3   2.1  -2.2   2.4   2.6   5.1  -4.4   2.8  -2.5   5.3   1.0   0.0   0.2   3.5   5.7   2.7   1.6   1.0  -0.8  -0.2 -10.6 -10.7 -12.6 -24.3  -7.7  -9.4  -8.7 -44.5  -3.4  -0.6 -21.3
 40  -8.9  -3.4  -6.2   2.9  -3.3   2.9  -6.6  -6.2  -7.1 -13.2  -7.6  -0.0 -17.2  -6.8 -10.6  -6.9   0.2  -4.8  -1.4  -0.7 -16.7 -14.2  -4.7  -0.3 -14.6   0.3  -5.1 -11.2  -2.6 -10.9  -1.9  -7.2  -9.5  -7.4 -11.1   3.0   0.3 -11.9  -6.6  -4.5  -6.5  -0.9  -4.3  -0.5 -14.7  -0.8  -7.3  -7.1  -2.3 -13.2   1.9   2.1
***  -3.4   2.1  -2.2   2.4   2.6   5.1  -4.4   2.8  -2.5   5.2   1.0   0.0   0.2   3.5   5.7   2.7   1.6   1.0  -0.8  -0.4 -10.7 -11.2 -12.9 -25.1  -7.9  -9.8  -9.0 -44.8  -3.6  -0.8 -21.9
 41  -9.2  -3.5  -6.5   2.8  -3.4   2.9  -6.7  -6.5  -7.3 -13.3  -7.8  -0.2 -17.4  -7.1 -11.0  -7.3   0.2  -5.0  -1.5  -0.9 -16.8 -14.5  -4.8  -0.5 -14.7   0.2  -5.3 -11.2  -2.6 -11.1  -2.0  -7.3  -9.6  -7.5 -11.5   2.7   0.1 -12.3  -6.9  -4.6  -6.7  -1.0  -4.6  -0.7 -14.8  -1.0  -7.5  -7.2  -2.4 -13.3   1.8   2.0
***  -3.5   2.2  -2.2   2.4   2.6   5.0  -4.4   2.8  -2.5   5.2   1.1   0.0   0.2   3.4   5.6   2.7   1.6   1.0  -0.8  -0.5 -10.9 -11.6 -13.2 -25.8  -8.1 -10.1  -9.2 -45.1  -3.8  -0.9 -22.5
 42  -9.5  -3.6  -6.9   2.8  -3.5   2.8  -6.8  -6.7  -7.5 -13.4  -8.0  -0.3 -17.4  -7.4 -11.3  -7.6   0.1  -5.2  -1.5  -1.1 -16.9 -14.7  -4.9  -0.6 -14.7   0.1  -5.5 -11.2  -2.6 -11.2  -2.0  -7.4  -9.7  -7.6 -11.9   2.5  -0.0 -12.6  -7.1  -4.7  -6.8  -1.1  -4.8  -0.9 -14.9  -1.2  -7.6  -7.3  -2.4 -13.3   1.7   2.0
***  -3.5   2.2  -2.2   2.4   2.5   5.0  -4.4   2.9  -2.4   5.2   1.1   0.0   0.2   3.4   5.6   2.7   1.6   1.0  -0.8  -0.6 -11.0 -11.9 -13.4 -26.4  -8.3 -10.4  -9.4 -45.3  -3.9  -1.0 -23.0
 43  -9.7  -3.6  -7.2   2.7  -3.5   2.7  -6.8  -6.8  -7.6 -13.4  -8.2  -0.4 -17.5  -7.6 -11.6  -7.9   0.0  -5.3  -1.5  -1.3 -16.9 -14.9  -4.9  -0.8 -14.7   0.1  -5.7 -11.2  -2.6 -11.3  -2.1  -7.5  -9.8  -7.7 -12.2   2.3  -0.2 -12.9  -7.3  -4.7  -6.9  -1.1  -5.0  -1.1 -14.9  -1.4  -7.8  -7.4  -2.5 -13.4   1.6   1.9
***  -3.6   2.2  -2.2   2.3   2.5   5.0  -4.4   2.9  -2.4   5.2   1.1   0.0   0.2   3.4   5.6   2.6   1.6   1.0  -0.8  -0.7 -11.1 -12.1 -13.6 -26.9  -8.4 -10.7  -9.6 -45.4  -4.0  -1.2 -23.4
 44  -9.9  -3.7  -7.4   2.6  -3.6   2.6  -6.9  -7.0  -7.8 -13.5  -8.3  -0.5 -17.6  -7.8 -11.8  -8.2   0.0  -5.4  -1.6  -1.5 -17.0 -15.0  -5.0  -0.9 -14.8  -0.0  -5.8 -11.2  -2.6 -11.4  -2.1  -7.6  -9.9  -7.8 -12.5   2.1  -0.3 -13.1  -7.5  -4.8  -7.0  -1.2  -5.1  -1.2 -14.9  -1.5  -7.9  -7.5  -2.5 -13.5   1.5   1.9
***  -3.6   2.2  -2.2   2.3   2.5   5.0  -4.4   2.9  -2.4   5.2   1.2   0.0   0.2   3.3   5.5   2.6   1.6   1.0  -0.8  -0.7 -11.2 -12.4 -13.8 -27.5  -8.6 -10.9  -9.7 -45.6  -4.1  -1.3 -23.7
 45 -10.1  -3.8  -7.7   2.6  -3.6   2.6  -7.0  -7.1  -7.9 -13.5  -8.5  -0.6 -17.7  -8.0 -12.1  -8.4  -0.0  -5.5  -1.6  -1.6 -17.1 -15.1  -5.0  -1.0 -14.8  -0.1  -6.0 -11.3  -2.6 -11.5  -2.2  -7.6 -10.0  -7.8 -12.7   1.9  -0.4 -13.4  -7.7  -4.9  -7.1  -1.3  -5.3  -1.4 -15.0  -1.6  -8.1  -7.6  -2.6 -13.5   1.4   1.8
***  -3.6   2.2  -2.2   2.3   2.5   5.0  -4.4   3.0  -2.4   5.1   1.2   0.0   0.2   3.3   5.5   2.6   1.6   1.0  -0.8  -0.8 -11.2 -12.6 -13.9 -28.0  -8.7 -11.2  -9.9 -45.7  -4.2  -1.4 -24.1
 46 -10.3  -3.8  -7.9   2.5  -3.6   2.5  -7.0  -7.2  -8.0 -13.5  -8.6  -0.7 -17.7  -8.2 -12.3  -8.6  -0.1  -5.6  -1.6  -1.7 -17.1 -15.3  -5.1  -1.1 -14.8  -0.1  -6.1 -11.3  -2.6 -11.6  -2.2  -7.7 -10.1  -7.9 -12.9   1.8  -0.5 -13.6  -7.8  -4.9  -7.2  -1.3  -5.4  -1.5 -15.0  -1.7  -8.2  -7.7  -2.6 -13.5   1.4   1.8
***  -3.7   2.3  -2.2   2.3   2.5   5.0  -4.4   3.0  -2.4   5.1   1.2   0.0   0.2   3.2   5.5   2.6   1.6   1.0  -0.8  -0.9 -11.3 -12.8 -14.1 -28.5  -8.8 -11.4 -10.0 -45.9  -4.3  -1.4 -24.4
 47 -10.4  -3.9  -8.1   2.5  -3.7   2.5  -7.1  -7.4  -8.1 -13.6  -8.7  -0.8 -17.8  -8.4 -12.5  -8.8  -0.1  -5.7  -1.7  -1.8 -17.2 -15.4  -5.1  -1.1 -14.8  -0.2  -6.2 -11.3  -2.6 -11.6  -2.3  -7.8 -10.1  -8.0 -13.2   1.6  -0.6 -13.8  -7.9  -5.0  -7.3  -1.4  -5.5  -1.6 -15.0  -1.9  -8.3  -7.8  -2.6 -13.6   1.3   1.8
***  -3.7   2.3  -2.2   2.3   2.5   5.0  -4.4   3.0  -2.3   5.1   1.3   0.0   0.2   3.2   5.5   2.5   1.6   1.0  -0.8  -0.9 -11.4 -13.0 -14.2 -28.9  -8.9 -11.6 -10.1 -46.0  -4.4  -1.5 -24.7
 48 -10.6  -3.9  -8.3   2.4  -3.7   2.4  -7.1  -7.5  -8.2 -13.6  -8.8  -0.9 -17.8  -8.5 -12.7  -9.0  -0.1  -5.8  -1.7  -1.9 -17.2 -15.5  -5.2  -1.2 -14.9  -0.3  -6.4 -11.3  -2.6 -11.7  -2.3  -7.8 -10.2  -8.0 -13.4   1.5  -0.7 -14.0  -8.1  -5.0  -7.4  -1.4  -5.7  -1.8 -15.1  -2.0  -8.4  -7.9  -2.6 -13.6   1.3   1.7
***  -3.7   2.3  -2.2   2.3   2.5   5.0  -4.4   3.0  -2.3   5.1   1.3   0.0   0.2   3.2   5.5   2.5   1.6   1.0  -0.8  -1.0 -11.4 -13.2 -14.3 -29.4  -9.0 -11.7 -10.2 -46.1  -4.5  -1.6 -25.0
 49 -10.7  -4.0  -8.4   2.4  -3.7   2.4  -7.2  -7.6  -8.3 -13.6  -8.9  -0.9 -17.8  -8.6 -12.8  -9.2  -0.1  -5.8  -1.7  -2.0 -17.2 -15.5  -5.2  -1.3 -14.9  -0.3  -6.4 -11.3  -2.6 -11.7  -2.3  -7.8 -10.2  -8.1 -13.5   1.4  -0.8 -14.1  -8.2  -5.1  -7.4  -1.5  -5.7  -1.8 -15.1  -2.0  -8.5  -8.0  -2.6 -13.6   1.2   1.7
***  -3.7   2.3  -2.2   2.3   2.5   5.0  -4.4   3.1  -2.3   5.1   1.4   0.0   0.2   3.2   5.5   2.5   1.6   1.0  -0.8  -1.0 -11.5 -13.3 -14.4 -29.7  -9.1 -11.9 -10.3 -46.2  -4.6  -1.7 -25.2
 50 -10.8  -4.0  -8.5   2.4  -3.7   2.4  -7.2  -7.6  -8.4 -13.6  -8.9  -1.0 -17.9  -8.7 -12.9  -9.3  -0.2  -5.9  -1.7  -2.1 -17.2 -15.6  -5.2  -1.3 -14.9  -0.3  -6.5 -11.3  -2.6 -11.8  -2.3  -7.9 -10.2  -8.1 -13.6   1.3  -0.8 -14.2  -8.2  -5.1  -7.4  -1.5  -5.8  -1.9 -15.1  -2.1  -8.6  -8.0  -2.7 -13.6   1.2   1.7
***  -3.7   2.3  -2.2   2.3   2.5   5.0  -4.4   3.1  -2.3   5.1   1.4   0.0   0.2   3.1   5.4   2.5   1.7   1.0  -0.8  -1.0 -11.5 -13.5 -14.5 -30.0  -9.2 -12.0 -10.4 -46.2  -4.6  -1.7 -25.3
 51 -10.9  -4.0  -8.7   2.3  -3.8   2.3  -7.2  -7.7  -8.4 -13.6  -9.0  -1.0 -17.9  -8.8 -13.0  -9.4  -0.2  -5.9  -1.7  -2.1 -17.3 -15.7  -5.3  -1.4 -14.9  -0.4  -6.6 -11.3  -2.6 -11.8  -2.4  -7.9 -10.3  -8.1 -13.7   1.2  -0.9 -14.3  -8.3  -5.1  -7.5  -1.5  -5.9  -2.0 -15.1  -2.1  -8.6  -8.1  -2.7 -13.6   1.2   1.7
***  -3.8   2.3  -2.2   2.2   2.5   5.0  -4.4   3.1  -2.3   5.1   1.4   0.0   0.2   3.1   5.4   2.5   1.7   1.0  -0.8  -1.1 -11.6 -13.6 -14.6 -30.3  -9.2 -12.1 -10.4 -46.3  -4.7  -1.8 -25.5
 52 -11.0  -4.1  -8.8   2.3  -3.8   2.3  -7.3  -7.8  -8.5 -13.7  -9.1  -1.1 -17.9  -8.9 -13.1  -9.5  -0.2  -6.0  -1.7  -2.2 -17.3 -15.7  -5.3  -1.4 -14.9  -0.4  -6.6 -11.3  -2.6 -11.9  -2.4  -7.9 -10.3  -8.2 -13.9   1.1  -0.9 -14.5  -8.4  -5.2  -7.5  -1.5  -6.0  -2.1 -15.1  -2.2  -8.7  -8.1  -2.7 -13.7   1.1   1.7
***  -3.8   2.4  -2.3   2.2   2.5   5.0  -4.4   3.1  -2.3   5.1   1.5   0.0   0.2   3.1   5.4   2.5   1.7   1.0  -0.8  -1.1 -11.6 -13.7 -14.6 -30.7  -9.3 -12.2 -10.5 -46.4  -4.8  -1.8 -25.7
 53 -11.1  -4.1  -8.9   2.3  -3.8   2.3  -7.3  -7.8  -8.6 -13.7  -9.1  -1.1 -17.9  -9.0 -13.3  -9.6  -0.2  -6.0  -1.7  -2.3 -17.3 -15.8  -5.3  -1.5 -14.9  -0.4  -6.7 -11.3  -2.6 -11.9  -2.4  -8.0 -10.3  -8.2 -14.0   1.1  -1.0 -14.6  -8.5  -5.2  -7.6  -1.6  -6.0  -2.1 -15.1  -2.2  -8.8  -8.1  -2.7 -13.7   1.1   1.6
***  -3.8   2.4  -2.3   2.2   2.5   5.0  -4.4   3.1  -2.2   5.1   1.5   0.0   0.2   3.1   5.4   2.4   1.7   1.0  -0.8  -1.1 -11.6 -13.8 -14.7 -31.0  -9.3 -12.3 -10.6 -46.4  -4.8  -1.9 -25.8
  
  
 LAMBDA FOR ABS-. AND SCAT.COEF. = 
          20
    3300.000    3800.000    4999.500    6000.000    7000.000    8000.000    9000.000   10000.000   11000.000   13749.000
   15600.000   16000.000   16300.000   16600.000   17000.000   22000.000   33000.000   45000.000   60000.000    8000.000
  
 ABSORBTION COEF. AND SCATTERING COEF. I EACH TAU:
  
   1   0.100E-04
 7.96575E-04 9.34034E-04 1.25554E-03 1.47846E-03 1.64295E-03 1.73434E-03 1.74372E-03 1.66625E-03 1.50664E-03 7.74345E-04
 2.61289E-04 1.94060E-04 1.61210E-04 1.55298E-04 1.62392E-04 2.63319E-04 5.71467E-04 1.04259E-03 1.82977E-03 1.73434E-03
 2.75278E-03 1.48595E-03 4.75204E-04 2.33958E-04 1.34474E-04 8.72994E-05 6.25749E-05 4.85953E-05 4.02057E-05 2.96249E-05
 2.67352E-05 2.63130E-05 2.60294E-05 2.57709E-05 2.54608E-05 2.34691E-05 2.25876E-05 2.24339E-05 2.23912E-05 8.72994E-05
   2   0.141E-04
 1.02835E-03 1.20624E-03 1.62152E-03 1.90948E-03 2.12194E-03 2.23993E-03 2.25201E-03 2.15206E-03 1.94630E-03 1.00318E-03
 3.43464E-04 2.57207E-04 2.15159E-04 2.07807E-04 2.17300E-04 3.52379E-04 7.64691E-04 1.39512E-03 2.44867E-03 2.23993E-03
 2.75251E-03 1.48570E-03 4.74967E-04 2.33724E-04 1.34241E-04 8.70671E-05 6.23429E-05 4.83635E-05 3.99740E-05 2.93933E-05
 2.65037E-05 2.60814E-05 2.57979E-05 2.55394E-05 2.52293E-05 2.32376E-05 2.23561E-05 2.22024E-05 2.21597E-05 8.70671E-05
   3   0.200E-04
 1.27438E-03 1.49585E-03 2.01092E-03 2.36803E-03 2.63154E-03 2.77792E-03 2.79287E-03 2.66907E-03 2.41450E-03 1.24868E-03
 4.34706E-04 3.28551E-04 2.76948E-04 2.68241E-04 2.80491E-04 4.54911E-04 9.87082E-04 1.80092E-03 3.16120E-03 2.77792E-03
 2.75255E-03 1.48576E-03 4.75032E-04 2.33792E-04 1.34309E-04 8.71360E-05 6.24121E-05 4.84328E-05 4.00434E-05 2.94628E-05
 2.65732E-05 2.61509E-05 2.58674E-05 2.56089E-05 2.52988E-05 2.33072E-05 2.24257E-05 2.22719E-05 2.22292E-05 8.71360E-05
   4   0.282E-04
 1.54539E-03 1.81498E-03 2.44002E-03 2.87331E-03 3.19305E-03 3.37074E-03 3.38884E-03 3.23883E-03 2.93070E-03 1.52071E-03
 5.38088E-04 4.10262E-04 3.48299E-04 3.38229E-04 3.53668E-04 5.73692E-04 1.24464E-03 2.27099E-03 3.98663E-03 3.37074E-03
 2.75265E-03 1.48587E-03 4.75152E-04 2.33914E-04 1.34432E-04 8.72597E-05 6.25360E-05 4.85569E-05 4.01675E-05 2.95869E-05
 2.66974E-05 2.62751E-05 2.59916E-05 2.57331E-05 2.54230E-05 2.34314E-05 2.25499E-05 2.23962E-05 2.23535E-05 8.72597E-05
   5   0.398E-04
 1.84953E-03 2.17299E-03 2.92140E-03 3.44015E-03 3.82293E-03 4.03569E-03 4.05734E-03 3.87798E-03 3.51005E-03 1.82741E-03
 6.57004E-04 5.05126E-04 4.31715E-04 4.20247E-04 4.39419E-04 7.12944E-04 1.54650E-03 2.82201E-03 4.95431E-03 4.03569E-03
 2.75278E-03 1.48600E-03 4.75296E-04 2.34060E-04 1.34579E-04 8.74071E-05 6.26836E-05 4.87046E-05 4.03152E-05 2.97348E-05
 2.68452E-05 2.64230E-05 2.61395E-05 2.58810E-05 2.55709E-05 2.35793E-05 2.26978E-05 2.25441E-05 2.25014E-05 8.74071E-05
   6   0.562E-04
 2.19456E-03 2.57909E-03 3.46744E-03 4.08311E-03 4.53740E-03 4.78994E-03 4.81560E-03 4.60304E-03 4.16758E-03 2.17702E-03
 7.95089E-04 6.16205E-04 5.29991E-04 5.17080E-04 5.40652E-04 8.77413E-04 1.90291E-03 3.47276E-03 6.09720E-03 4.78994E-03
 2.75291E-03 1.48615E-03 4.75450E-04 2.34216E-04 1.34736E-04 8.75642E-05 6.28409E-05 4.88620E-05 4.04727E-05 2.98924E-05
 2.70028E-05 2.65806E-05 2.62971E-05 2.60386E-05 2.57285E-05 2.37369E-05 2.28555E-05 2.27017E-05 2.26590E-05 8.75642E-05
   7   0.794E-04
 2.58876E-03 3.04292E-03 4.09110E-03 4.81747E-03 5.35339E-03 5.65137E-03 5.68161E-03 5.43121E-03 4.91900E-03 2.57818E-03
 9.56274E-04 7.46839E-04 6.46200E-04 6.31790E-04 6.60568E-04 1.07233E-03 2.32516E-03 4.24391E-03 7.45162E-03 5.65137E-03
 2.75304E-03 1.48629E-03 4.75602E-04 2.34370E-04 1.34891E-04 8.77195E-05 6.29963E-05 4.90175E-05 4.06283E-05 3.00481E-05
 2.71586E-05 2.67363E-05 2.64528E-05 2.61943E-05 2.58842E-05 2.38927E-05 2.30112E-05 2.28575E-05 2.28148E-05 8.77195E-05
   8   0.112E-03
 3.04138E-03 3.57529E-03 4.80689E-03 5.66030E-03 6.28990E-03 6.64001E-03 6.67553E-03 6.38177E-03 5.78189E-03 3.04062E-03
 1.14501E-03 9.00825E-04 7.83838E-04 7.67869E-04 8.02813E-04 1.30366E-03 2.82611E-03 5.15904E-03 9.05899E-03 6.64001E-03
 2.75316E-03 1.48642E-03 4.75742E-04 2.34512E-04 1.35034E-04 8.78626E-05 6.31397E-05 4.91610E-05 4.07718E-05 3.01917E-05
 2.73022E-05 2.68800E-05 2.65964E-05 2.63380E-05 2.60279E-05 2.40363E-05 2.31549E-05 2.30011E-05 2.29584E-05 8.78626E-05
   9   0.158E-03
 3.56299E-03 4.18855E-03 5.63145E-03 6.63118E-03 7.36865E-03 7.77879E-03 7.82039E-03 7.47684E-03 6.77634E-03 3.57563E-03
 1.36660E-03 1.08273E-03 9.47147E-04 9.29565E-04 9.71828E-04 1.57853E-03 3.42136E-03 6.24655E-03 1.09692E-02 7.77879E-03
 2.75325E-03 1.48653E-03 4.75865E-04 2.34638E-04 1.35161E-04 8.79898E-05 6.32671E-05 4.92885E-05 4.08995E-05 3.03194E-05
 2.74300E-05 2.70077E-05 2.67242E-05 2.64658E-05 2.61557E-05 2.41641E-05 2.32827E-05 2.31290E-05 2.30862E-05 8.79898E-05
  10   0.224E-03
 4.16536E-03 4.89646E-03 6.58328E-03 7.75190E-03 8.61382E-03 9.09319E-03 9.14185E-03 8.74105E-03 7.92447E-03 4.19607E-03
 1.62727E-03 1.29804E-03 1.14128E-03 1.12207E-03 1.17305E-03 1.90546E-03 4.12986E-03 7.54070E-03 1.32421E-02 9.09319E-03
 2.75334E-03 1.48663E-03 4.75975E-04 2.34751E-04 1.35274E-04 8.81041E-05 6.33817E-05 4.94033E-05 4.10143E-05 3.04344E-05
 2.75449E-05 2.71227E-05 2.68392E-05 2.65807E-05 2.62706E-05 2.42791E-05 2.33977E-05 2.32440E-05 2.32013E-05 8.81041E-05
  11   0.316E-03
 4.86207E-03 5.71487E-03 7.68366E-03 9.04749E-03 1.00532E-02 1.06126E-02 1.06694E-02 1.02027E-02 9.25233E-03 4.91656E-03
 1.93436E-03 1.55317E-03 1.37227E-03 1.35142E-03 1.41279E-03 2.29489E-03 4.97393E-03 9.08259E-03 1.59502E-02 1.06126E-02
 2.75341E-03 1.48672E-03 4.76075E-04 2.34853E-04 1.35378E-04 8.82086E-05 6.34864E-05 4.95081E-05 4.11193E-05 3.05394E-05
 2.76500E-05 2.72278E-05 2.69443E-05 2.66858E-05 2.63757E-05 2.43842E-05 2.35028E-05 2.33491E-05 2.33064E-05 8.82086E-05
  12   0.447E-03
 5.66891E-03 6.66221E-03 8.95734E-03 1.05471E-02 1.17192E-02 1.23711E-02 1.24375E-02 1.18946E-02 1.07899E-02 5.75423E-03
 2.29634E-03 1.85556E-03 1.64706E-03 1.62462E-03 1.69834E-03 2.75866E-03 5.97928E-03 1.09192E-02 1.91758E-02 1.23711E-02
 2.75346E-03 1.48679E-03 4.76161E-04 2.34943E-04 1.35469E-04 8.83000E-05 6.35782E-05 4.96001E-05 4.12113E-05 3.06316E-05
 2.77422E-05 2.73200E-05 2.70365E-05 2.67780E-05 2.64679E-05 2.44765E-05 2.35951E-05 2.34413E-05 2.33986E-05 8.83000E-05
  13   0.631E-03
 6.60420E-03 7.75988E-03 1.04331E-02 1.22847E-02 1.36495E-02 1.44085E-02 1.44859E-02 1.38552E-02 1.25722E-02 6.72893E-03
 2.72293E-03 2.21371E-03 1.97365E-03 1.94966E-03 2.03808E-03 3.31034E-03 7.17535E-03 1.31044E-02 2.30135E-02 1.44085E-02
 2.75349E-03 1.48684E-03 4.76229E-04 2.35014E-04 1.35541E-04 8.83729E-05 6.36514E-05 4.96735E-05 4.12849E-05 3.07053E-05
 2.78160E-05 2.73938E-05 2.71102E-05 2.68518E-05 2.65417E-05 2.45503E-05 2.36689E-05 2.35151E-05 2.34724E-05 8.83729E-05
  14   0.891E-03
 7.68965E-03 9.03334E-03 1.21452E-02 1.43004E-02 1.58886E-02 1.67719E-02 1.68622E-02 1.61299E-02 1.46406E-02 7.86411E-03
 3.22551E-03 2.63751E-03 2.36127E-03 2.33582E-03 2.44169E-03 3.96558E-03 8.59623E-03 1.57004E-02 2.75726E-02 1.67719E-02
 2.75349E-03 1.48687E-03 4.76270E-04 2.35059E-04 1.35588E-04 8.84200E-05 6.36989E-05 4.97212E-05 4.13327E-05 3.07533E-05
 2.78640E-05 2.74418E-05 2.71583E-05 2.68998E-05 2.65897E-05 2.45983E-05 2.37170E-05 2.35632E-05 2.35205E-05 8.84200E-05
  15   0.126E-02
 8.95024E-03 1.05119E-02 1.41330E-02 1.66407E-02 1.84883E-02 1.95157E-02 1.96211E-02 1.87711E-02 1.70429E-02 9.18678E-03
 3.81704E-03 3.13823E-03 2.82041E-03 2.79362E-03 2.92016E-03 4.74221E-03 1.02806E-02 1.87780E-02 3.29773E-02 1.95157E-02
 2.75345E-03 1.48685E-03 4.76276E-04 2.35070E-04 1.35601E-04 8.84340E-05 6.37133E-05 4.97359E-05 4.13475E-05 3.07683E-05
 2.78790E-05 2.74569E-05 2.71733E-05 2.69149E-05 2.66048E-05 2.46134E-05 2.37321E-05 2.35784E-05 2.35357E-05 8.84340E-05
  16   0.178E-02
 1.04148E-02 1.22295E-02 1.64421E-02 1.93592E-02 2.15081E-02 2.27028E-02 2.28257E-02 2.18395E-02 1.98343E-02 1.07283E-02
 4.51292E-03 3.72934E-03 3.36369E-03 3.33572E-03 3.48673E-03 5.66165E-03 1.22751E-02 2.24224E-02 3.93772E-02 2.27028E-02
 2.75337E-03 1.48680E-03 4.76248E-04 2.35046E-04 1.35579E-04 8.84135E-05 6.36933E-05 4.97162E-05 4.13279E-05 3.07489E-05
 2.78598E-05 2.74376E-05 2.71541E-05 2.68956E-05 2.65856E-05 2.45942E-05 2.37129E-05 2.35592E-05 2.35164E-05 8.84135E-05
  17   0.251E-02
 1.21169E-02 1.42257E-02 1.91257E-02 2.25188E-02 2.50175E-02 2.64065E-02 2.65500E-02 2.54059E-02 2.30794E-02 1.25257E-02
 5.33142E-03 4.42687E-03 4.00617E-03 3.97724E-03 4.15718E-03 6.74946E-03 1.46353E-02 2.67352E-02 4.69505E-02 2.64065E-02
 2.75324E-03 1.48671E-03 4.76183E-04 2.34988E-04 1.35524E-04 8.83589E-05 6.36393E-05 4.96624E-05 4.12744E-05 3.06956E-05
 2.78066E-05 2.73844E-05 2.71009E-05 2.68425E-05 2.65324E-05 2.45411E-05 2.36598E-05 2.35061E-05 2.34633E-05 8.83589E-05
  18   0.355E-02
 1.40950E-02 1.65453E-02 2.22442E-02 2.61903E-02 2.90955E-02 3.07101E-02 3.08776E-02 2.95506E-02 2.68516E-02 1.46210E-02
 6.29395E-03 5.24974E-03 4.76568E-03 4.73614E-03 4.95030E-03 8.03602E-03 1.74273E-02 3.18372E-02 5.59094E-02 3.07101E-02
 2.75307E-03 1.48658E-03 4.76088E-04 2.34899E-04 1.35438E-04 8.82742E-05 6.35553E-05 4.95789E-05 4.11911E-05 3.06126E-05
 2.77235E-05 2.73014E-05 2.70179E-05 2.67595E-05 2.64494E-05 2.44582E-05 2.35769E-05 2.34232E-05 2.33804E-05 8.82742E-05
  19   0.501E-02
 1.63928E-02 1.92399E-02 2.58668E-02 3.04551E-02 3.38323E-02 3.57088E-02 3.59044E-02 3.43657E-02 3.12349E-02 1.70634E-02
 7.42633E-03 6.22104E-03 5.66417E-03 5.63453E-03 5.88917E-03 9.55868E-03 2.07323E-02 3.78770E-02 6.65148E-02 3.57088E-02
 2.75287E-03 1.48643E-03 4.75969E-04 2.34788E-04 1.35330E-04 8.81677E-05 6.34496E-05 4.94735E-05 4.10860E-05 3.05078E-05
 2.76189E-05 2.71967E-05 2.69133E-05 2.66548E-05 2.63448E-05 2.43536E-05 2.34723E-05 2.33186E-05 2.32759E-05 8.81677E-05
  20   0.708E-02
 1.90617E-02 2.23694E-02 3.00739E-02 3.54083E-02 3.93335E-02 4.15140E-02 4.17424E-02 3.99585E-02 3.63277E-02 1.99102E-02
 8.75934E-03 7.36843E-03 6.72798E-03 6.69900E-03 7.00159E-03 1.13629E-02 2.46491E-02 4.50356E-02 7.90849E-02 4.15140E-02
 2.75265E-03 1.48626E-03 4.75835E-04 2.34663E-04 1.35208E-04 8.80481E-05 6.33308E-05 4.93553E-05 4.09680E-05 3.03902E-05
 2.75014E-05 2.70792E-05 2.67958E-05 2.65374E-05 2.62273E-05 2.42362E-05 2.33550E-05 2.32013E-05 2.31586E-05 8.80481E-05
  21   0.100E-01
 2.21602E-02 2.60021E-02 3.49574E-02 4.11574E-02 4.57188E-02 4.82521E-02 4.85187E-02 4.64512E-02 4.22424E-02 2.32273E-02
 1.03295E-02 8.72504E-03 7.98886E-03 7.96167E-03 8.32118E-03 1.35044E-02 2.92985E-02 5.35352E-02 9.40114E-02 4.82521E-02
 2.75241E-03 1.48608E-03 4.75698E-04 2.34536E-04 1.35085E-04 8.79269E-05 6.32105E-05 4.92355E-05 4.08486E-05 3.02711E-05
 2.73824E-05 2.69603E-05 2.66768E-05 2.64184E-05 2.61084E-05 2.41174E-05 2.32362E-05 2.30825E-05 2.30398E-05 8.79269E-05
  22   0.141E-01
 2.57559E-02 3.02162E-02 4.06222E-02 4.78260E-02 5.31250E-02 5.60674E-02 5.63787E-02 5.39836E-02 4.91072E-02 2.70939E-02
 1.21838E-02 1.03343E-02 9.48892E-03 9.46526E-03 9.89251E-03 1.60545E-02 3.48360E-02 6.36600E-02 1.11792E-01 5.60674E-02
 2.75217E-03 1.48591E-03 4.75576E-04 2.34425E-04 1.34978E-04 8.78215E-05 6.31061E-05 4.91317E-05 4.07451E-05 3.01681E-05
 2.72795E-05 2.68574E-05 2.65740E-05 2.63156E-05 2.60056E-05 2.40146E-05 2.31334E-05 2.29797E-05 2.29370E-05 8.78215E-05
  23   0.200E-01
 2.99276E-02 3.51022E-02 4.71896E-02 5.55567E-02 6.17105E-02 6.51271E-02 6.54906E-02 6.27180E-02 5.70713E-02 3.16039E-02
 1.43808E-02 1.22511E-02 1.12816E-02 1.12641E-02 1.17723E-02 1.91054E-02 4.14624E-02 7.57775E-02 1.33073E-01 6.51271E-02
 2.75197E-03 1.48577E-03 4.75489E-04 2.34349E-04 1.34907E-04 8.77529E-05 6.30387E-05 4.90649E-05 4.06786E-05 3.01021E-05
 2.72136E-05 2.67915E-05 2.65081E-05 2.62497E-05 2.59397E-05 2.39488E-05 2.30677E-05 2.29140E-05 2.28713E-05 8.77529E-05
  24   0.282E-01
 3.47666E-02 4.07640E-02 5.47985E-02 6.45123E-02 7.16560E-02 7.56221E-02 7.60466E-02 7.28397E-02 6.63061E-02 3.68678E-02
 1.69934E-02 1.45444E-02 1.34349E-02 1.34274E-02 1.40330E-02 2.27744E-02 4.94334E-02 9.03570E-02 1.58677E-01 7.56221E-02
 2.75183E-03 1.48569E-03 4.75462E-04 2.34334E-04 1.34896E-04 8.77442E-05 6.30311E-05 4.90579E-05 4.06720E-05 3.00960E-05
 2.72076E-05 2.67855E-05 2.65021E-05 2.62437E-05 2.59338E-05 2.39430E-05 2.30619E-05 2.29082E-05 2.28655E-05 8.77442E-05
  25   0.398E-01
 4.03787E-02 4.73196E-02 6.36064E-02 7.48777E-02 8.31663E-02 8.77685E-02 8.82644E-02 8.45595E-02 7.70075E-02 4.30181E-02
 2.01158E-02 1.73053E-02 1.60390E-02 1.60473E-02 1.67708E-02 2.72179E-02 5.90897E-02 1.08023E-01 1.89702E-01 8.77685E-02
 2.75178E-03 1.48571E-03 4.75527E-04 2.34409E-04 1.34976E-04 8.78258E-05 6.31138E-05 4.91412E-05 4.07557E-05 3.01800E-05
 2.72918E-05 2.68697E-05 2.65863E-05 2.63280E-05 2.60180E-05 2.40273E-05 2.31462E-05 2.29926E-05 2.29499E-05 8.78258E-05
  26   0.562E-01
 4.68890E-02 5.49046E-02 7.37932E-02 8.68630E-02 9.64744E-02 1.01813E-01 1.02392E-01 9.81184E-02 8.94004E-02 5.02134E-02
 2.38693E-02 2.06521E-02 1.92122E-02 1.92450E-02 2.01122E-02 3.26408E-02 7.08784E-02 1.29597E-01 2.27588E-01 1.01813E-01
 2.75187E-03 1.48585E-03 4.75716E-04 2.34608E-04 1.35179E-04 8.80304E-05 6.33193E-05 4.93472E-05 4.09620E-05 3.03868E-05
 2.74987E-05 2.70766E-05 2.67932E-05 2.65349E-05 2.62249E-05 2.42343E-05 2.33533E-05 2.31996E-05 2.31569E-05 8.80304E-05
  27   0.794E-01
 5.44474E-02 6.36738E-02 8.55630E-02 1.00706E-01 1.11844E-01 1.18033E-01 1.18710E-01 1.13789E-01 1.03742E-01 5.86462E-02
 2.84120E-02 2.47415E-02 2.31122E-02 2.31822E-02 2.42261E-02 3.93171E-02 8.53965E-02 1.56175E-01 2.74259E-01 1.18033E-01
 2.75214E-03 1.48618E-03 4.76071E-04 2.34971E-04 1.35544E-04 8.83971E-05 6.36867E-05 4.97150E-05 4.13300E-05 3.07551E-05
 2.78670E-05 2.74450E-05 2.71616E-05 2.69033E-05 2.65933E-05 2.46028E-05 2.37218E-05 2.35681E-05 2.35254E-05 8.83971E-05
  28   0.112E+00
 6.32451E-02 7.38115E-02 9.91553E-02 1.16684E-01 1.29581E-01 1.36753E-01 1.37545E-01 1.31892E-01 1.20335E-01 6.85566E-02
 3.39548E-02 2.97846E-02 2.79526E-02 2.80782E-02 2.93414E-02 4.76171E-02 1.03450E-01 1.89239E-01 3.32312E-01 1.36753E-01
 2.75267E-03 1.48673E-03 4.76640E-04 2.35544E-04 1.36119E-04 8.89727E-05 6.42627E-05 5.02912E-05 4.19064E-05 3.13316E-05
 2.84436E-05 2.80216E-05 2.77382E-05 2.74799E-05 2.71700E-05 2.51794E-05 2.42984E-05 2.41448E-05 2.41021E-05 8.89727E-05
  29   0.158E+00
 7.35569E-02 8.55623E-02 1.14883E-01 1.35157E-01 1.50084E-01 1.58394E-01 1.59317E-01 1.52842E-01 1.39577E-01 8.02693E-02
 4.07924E-02 3.60779E-02 3.40340E-02 3.42419E-02 3.57805E-02 5.80609E-02 1.26170E-01 2.30866E-01 4.05379E-01 1.58394E-01
 2.75352E-03 1.48758E-03 4.77488E-04 2.36392E-04 1.36967E-04 8.98210E-05 6.51109E-05 5.11395E-05 4.27547E-05 3.21799E-05
 2.92919E-05 2.88699E-05 2.85865E-05 2.83282E-05 2.80182E-05 2.60277E-05 2.51467E-05 2.49930E-05 2.49503E-05 8.98210E-05
  30   0.224E+00
 8.58539E-02 9.93219E-02 1.33246E-01 1.56701E-01 1.73983E-01 1.83621E-01 1.84695E-01 1.77293E-01 1.62098E-01 9.43095E-02
 4.93953E-02 4.40936E-02 4.18345E-02 4.21637E-02 4.40539E-02 7.14580E-02 1.55231E-01 2.84024E-01 4.98647E-01 1.83621E-01
 2.75480E-03 1.48883E-03 4.78723E-04 2.37622E-04 1.38196E-04 9.10485E-05 6.63381E-05 5.23664E-05 4.39814E-05 3.34064E-05
 3.05184E-05 3.00964E-05 2.98130E-05 2.95546E-05 2.92447E-05 2.72541E-05 2.63731E-05 2.62194E-05 2.61767E-05 9.10485E-05
  31   0.316E+00
 1.01107E-01 1.15897E-01 1.55261E-01 1.82481E-01 2.02561E-01 2.13787E-01 2.15029E-01 2.06567E-01 1.89156E-01 1.11647E-01
 6.05718E-02 5.46335E-02 5.21608E-02 5.26696E-02 5.50219E-02 8.91748E-02 1.93510E-01 3.53912E-01 6.21154E-01 2.13787E-01
 2.75672E-03 1.49070E-03 4.80551E-04 2.39441E-04 1.40011E-04 9.28623E-05 6.81510E-05 5.41788E-05 4.57935E-05 3.52182E-05
 3.23301E-05 3.19080E-05 3.16246E-05 3.13663E-05 3.10563E-05 2.90657E-05 2.81846E-05 2.80310E-05 2.79883E-05 9.28623E-05
  32   0.447E+00
 1.21519E-01 1.37153E-01 1.83298E-01 2.15226E-01 2.38824E-01 2.52065E-01 2.53475E-01 2.43738E-01 2.23648E-01 1.34401E-01
 7.59577E-02 6.92986E-02 6.66126E-02 6.73938E-02 7.03856E-02 1.13904E-01 2.46644E-01 4.50691E-01 7.90486E-01 2.52065E-01
 2.75972E-03 1.49362E-03 4.83417E-04 2.42295E-04 1.42859E-04 9.57083E-05 7.09957E-05 5.70229E-05 4.86372E-05 3.80614E-05
 3.51731E-05 3.47510E-05 3.44676E-05 3.42093E-05 3.38993E-05 3.19085E-05 3.10274E-05 3.08738E-05 3.08311E-05 9.57083E-05
  33   0.631E+00
 1.52203E-01 1.67432E-01 2.22920E-01 2.61357E-01 2.89865E-01 3.05952E-01 3.07481E-01 2.96052E-01 2.72392E-01 1.67453E-01
 9.91993E-02 9.16374E-02 8.87241E-02 8.99435E-02 9.39001E-02 1.51584E-01 3.26987E-01 5.96568E-01 1.04491E+00 3.05952E-01
 2.76480E-03 1.49861E-03 4.88334E-04 2.47196E-04 1.47755E-04 1.00601E-04 7.58869E-05 6.19132E-05 5.35271E-05 4.29506E-05
 4.00622E-05 3.96401E-05 3.93567E-05 3.90983E-05 3.87883E-05 3.67974E-05 3.59163E-05 3.57626E-05 3.57199E-05 1.00601E-04
  34   0.794E+00
 1.82451E-01 1.96041E-01 2.60196E-01 3.04679E-01 3.37786E-01 3.56571E-01 3.58094E-01 3.45150E-01 3.18265E-01 1.99106E-01
 1.21925E-01 1.13584E-01 1.10501E-01 1.12165E-01 1.17067E-01 1.88591E-01 4.05461E-01 7.38863E-01 1.29217E+00 3.56571E-01
 2.76998E-03 1.50373E-03 4.93417E-04 2.52270E-04 1.52825E-04 1.05670E-04 8.09550E-05 6.69808E-05 5.85944E-05 4.80176E-05
 4.51291E-05 4.47070E-05 4.44235E-05 4.41652E-05 4.38552E-05 4.18642E-05 4.09831E-05 4.08294E-05 4.07867E-05 1.05670E-04
  35   0.112E+01
 2.57493E-01 2.63171E-01 3.47471E-01 4.06004E-01 4.49930E-01 4.75191E-01 4.76253E-01 4.60032E-01 4.25979E-01 2.75155E-01
 1.77876E-01 1.67947E-01 1.64625E-01 1.67456E-01 1.74716E-01 2.80476E-01 5.99385E-01 1.09072E+00 1.89979E+00 4.75191E-01
 2.78350E-03 1.51718E-03 5.06817E-04 2.65660E-04 1.66212E-04 1.19054E-04 9.43384E-05 8.03638E-05 7.19770E-05 6.13999E-05
 5.85112E-05 5.80891E-05 5.78057E-05 5.75473E-05 5.72373E-05 5.52463E-05 5.43651E-05 5.42114E-05 5.41687E-05 1.19054E-04
  36   0.158E+01
 3.94586E-01 3.76767E-01 4.95366E-01 5.77855E-01 6.40526E-01 6.77432E-01 6.76427E-01 6.55350E-01 6.10112E-01 4.09432E-01
 2.79715E-01 2.67659E-01 2.64317E-01 2.69449E-01 2.81110E-01 4.50207E-01 9.55410E-01 1.73679E+00 3.00375E+00 6.77432E-01
 2.80863E-03 1.54230E-03 5.31937E-04 2.90780E-04 1.91332E-04 1.44175E-04 1.19459E-04 1.05484E-04 9.70978E-05 8.65208E-05
 8.36321E-05 8.32100E-05 8.29266E-05 8.26682E-05 8.23582E-05 8.03672E-05 7.94860E-05 7.93323E-05 7.92896E-05 1.44175E-04
  37   0.224E+01
 6.55500E-01 5.71191E-01 7.49629E-01 8.74201E-01 9.70576E-01 1.02966E+00 1.02124E+00 9.93665E-01 9.31668E-01 6.54881E-01
 4.72778E-01 4.58431E-01 4.56007E-01 4.65927E-01 4.86202E-01 7.78923E-01 1.63992E+00 2.97984E+00 5.08979E+00 1.02966E+00
 2.85672E-03 1.59049E-03 5.80212E-04 3.39077E-04 2.39638E-04 1.92485E-04 1.67772E-04 1.53798E-04 1.45413E-04 1.34837E-04
 1.31948E-04 1.31526E-04 1.31243E-04 1.30984E-04 1.30674E-04 1.28684E-04 1.27802E-04 1.27649E-04 1.27606E-04 1.92485E-04
  38   0.316E+01
 1.20330E+00 9.21585E-01 1.21107E+00 1.41562E+00 1.57842E+00 1.68499E+00 1.64977E+00 1.61578E+00 1.53071E+00 1.14370E+00
 8.73705E-01 8.58452E-01 8.60003E-01 8.80663E-01 9.19226E-01 1.47999E+00 3.08429E+00 5.60441E+00 9.34845E+00 1.68499E+00
 2.95686E-03 1.69097E-03 6.80969E-04 4.39900E-04 3.40488E-04 2.93349E-04 2.68642E-04 2.54673E-04 2.46289E-04 2.35716E-04
 2.32829E-04 2.32407E-04 2.32123E-04 2.31865E-04 2.31555E-04 2.29565E-04 2.28684E-04 2.28530E-04 2.28488E-04 2.93349E-04
  39   0.447E+01
 2.20786E+00 1.45608E+00 1.92270E+00 2.25977E+00 2.53836E+00 2.73642E+00 2.62564E+00 2.59418E+00 2.48992E+00 1.99380E+00
 1.59698E+00 1.58733E+00 1.60003E+00 1.64179E+00 1.71448E+00 2.78442E+00 5.73320E+00 1.04241E+01 1.67564E+01 2.73642E+00
 3.13173E-03 1.86653E-03 8.57073E-04 6.16137E-04 5.16779E-04 4.69666E-04 4.44973E-04 4.31011E-04 4.22632E-04 4.12065E-04
 4.09179E-04 4.08757E-04 4.08474E-04 4.08216E-04 4.07906E-04 4.05917E-04 4.05037E-04 4.04883E-04 4.04840E-04 4.69666E-04
  40   0.631E+01
 3.68895E+00 2.11595E+00 2.81389E+00 3.33161E+00 3.77719E+00 4.11979E+00 3.85830E+00 3.84944E+00 3.74591E+00 3.20318E+00
 2.65209E+00 2.66024E+00 2.69465E+00 2.76996E+00 2.89469E+00 4.74554E+00 9.65400E+00 1.75683E+01 2.70043E+01 4.11979E+00
 3.37047E-03 2.10626E-03 1.09760E-03 8.56853E-04 7.57574E-04 7.10497E-04 6.85824E-04 6.71873E-04 6.63501E-04 6.52942E-04
 6.50058E-04 6.49637E-04 6.49354E-04 6.49096E-04 6.48787E-04 6.46799E-04 6.45919E-04 6.45766E-04 6.45723E-04 7.10497E-04
  41   0.891E+01
 5.69884E+00 2.88422E+00 3.86900E+00 4.61972E+00 5.29240E+00 5.84608E+00 5.33214E+00 5.37549E+00 5.30432E+00 4.81892E+00
 4.08345E+00 4.12710E+00 4.19762E+00 4.32228E+00 4.52122E+00 7.47855E+00 1.50409E+01 2.73975E+01 4.00739E+01 5.84608E+00
 3.66863E-03 2.40568E-03 1.39802E-03 1.15751E-03 1.05833E-03 1.01130E-03 9.86655E-04 9.72718E-04 9.64354E-04 9.53806E-04
 9.50925E-04 9.50504E-04 9.50221E-04 9.49964E-04 9.49654E-04 9.47669E-04 9.46790E-04 9.46637E-04 9.46594E-04 1.01130E-03
  42   0.126E+02
 8.31489E+00 3.76318E+00 5.09757E+00 6.14355E+00 7.11689E+00 7.96529E+00 7.06786E+00 7.20306E+00 7.20781E+00 6.92479E+00
 5.96814E+00 6.06999E+00 6.19479E+00 6.38835E+00 6.68872E+00 1.11565E+01 2.22069E+01 4.04921E+01 5.61715E+01 7.96529E+00
 4.02584E-03 2.76440E-03 1.75795E-03 1.51774E-03 1.41868E-03 1.37170E-03 1.34708E-03 1.33316E-03 1.32481E-03 1.31427E-03
 1.31140E-03 1.31098E-03 1.31069E-03 1.31044E-03 1.31013E-03 1.30814E-03 1.30727E-03 1.30711E-03 1.30707E-03 1.37170E-03
  43   0.178E+02
 1.16487E+01 4.76758E+00 6.52760E+00 7.94590E+00 9.31243E+00 1.05621E+01 9.11383E+00 9.39309E+00 9.53160E+00 9.64398E+00
 8.41909E+00 8.60870E+00 8.81125E+00 9.09872E+00 9.53521E+00 1.60271E+01 3.16095E+01 5.76990E+01 7.57186E+01 1.05621E+01
 4.44566E-03 3.18601E-03 2.18099E-03 1.94111E-03 1.84219E-03 1.79529E-03 1.77070E-03 1.75680E-03 1.74846E-03 1.73794E-03
 1.73507E-03 1.73465E-03 1.73436E-03 1.73411E-03 1.73380E-03 1.73182E-03 1.73094E-03 1.73079E-03 1.73075E-03 1.79529E-03
  44   0.251E+02
 1.58372E+01 5.91778E+00 8.19657E+00 1.00832E+01 1.19593E+01 1.37457E+01 1.15348E+01 1.20262E+01 1.23742E+01 1.31352E+01
 1.15829E+01 1.18986E+01 1.22091E+01 1.26225E+01 1.32394E+01 2.24105E+01 4.38446E+01 8.01223E+01 9.92697E+01 1.37457E+01
 4.93305E-03 3.67549E-03 2.67214E-03 2.43266E-03 2.33390E-03 2.28707E-03 2.26253E-03 2.24865E-03 2.24032E-03 2.22982E-03
 2.22695E-03 2.22653E-03 2.22625E-03 2.22600E-03 2.22569E-03 2.22371E-03 2.22284E-03 2.22268E-03 2.22264E-03 2.28707E-03
  45   0.355E+02
 2.10511E+01 7.24079E+00 1.01532E+01 1.26287E+01 1.51612E+01 1.76555E+01 1.44154E+01 1.52073E+01 1.58636E+01 1.76043E+01
 1.56517E+01 1.61427E+01 1.66001E+01 1.71802E+01 1.80341E+01 3.07220E+01 5.96922E+01 1.09209E+02 1.27544E+02 1.76555E+01
 5.49454E-03 4.23938E-03 3.23794E-03 2.99892E-03 2.90035E-03 2.85361E-03 2.82912E-03 2.81527E-03 2.80695E-03 2.79647E-03
 2.79361E-03 2.79319E-03 2.79291E-03 2.79265E-03 2.79234E-03 2.79037E-03 2.78950E-03 2.78935E-03 2.78930E-03 2.85361E-03
  46   0.501E+02
 2.74971E+01 8.77010E+00 1.24569E+01 1.56741E+01 1.90472E+01 2.24657E+01 1.78621E+01 1.90690E+01 2.01617E+01 2.33153E+01
 2.08751E+01 2.16040E+01 2.22574E+01 2.30560E+01 2.42183E+01 4.14919E+01 8.01583E+01 1.46837E+02 1.61437E+02 2.24657E+01
 6.13768E-03 4.88528E-03 3.88603E-03 3.64754E-03 3.54919E-03 3.50255E-03 3.47811E-03 3.46429E-03 3.45599E-03 3.44553E-03
 3.44267E-03 3.44226E-03 3.44198E-03 3.44172E-03 3.44141E-03 3.43945E-03 3.43857E-03 3.43842E-03 3.43838E-03 3.50255E-03
  47   0.708E+02
 3.54196E+01 1.05448E+01 1.51811E+01 1.93294E+01 2.37746E+01 2.83899E+01 2.20058E+01 2.37750E+01 2.54693E+01 3.05927E+01
 2.75581E+01 2.86061E+01 2.95189E+01 3.06027E+01 3.21651E+01 5.53893E+01 1.06504E+02 1.95349E+02 2.01989E+02 2.83899E+01
 6.87060E-03 5.62133E-03 4.62460E-03 4.38670E-03 4.28859E-03 4.24207E-03 4.21769E-03 4.20390E-03 4.19563E-03 4.18520E-03
 4.18235E-03 4.18193E-03 4.18165E-03 4.18140E-03 4.18109E-03 4.17913E-03 4.17826E-03 4.17811E-03 4.17806E-03 4.24207E-03
  48   0.100E+03
 4.51026E+01 1.26110E+01 1.84121E+01 2.37268E+01 2.95326E+01 3.56859E+01 2.70054E+01 2.95248E+01 3.20321E+01 3.98385E+01
 3.60827E+01 3.75534E+01 3.88068E+01 4.02600E+01 4.23390E+01 7.32444E+01 1.40307E+02 2.57690E+02 2.50424E+02 3.56859E+01
 7.70147E-03 6.45576E-03 5.46187E-03 5.22464E-03 5.12682E-03 5.08043E-03 5.05612E-03 5.04237E-03 5.03412E-03 5.02372E-03
 5.02088E-03 5.02046E-03 5.02018E-03 5.01993E-03 5.01962E-03 5.01766E-03 5.01680E-03 5.01665E-03 5.01660E-03 5.08043E-03
  49   0.126E+03
 5.27045E+01 1.41783E+01 2.09000E+01 2.71511E+01 3.40590E+01 4.14689E+01 3.09113E+01 3.40606E+01 3.72559E+01 4.73436E+01
 4.30253E+01 4.48492E+01 4.63855E+01 4.81431E+01 5.06463E+01 8.78603E+01 1.67965E+02 3.08761E+02 2.87823E+02 4.14689E+01
 8.31460E-03 7.07151E-03 6.07971E-03 5.84299E-03 5.74537E-03 5.69908E-03 5.67482E-03 5.66110E-03 5.65287E-03 5.64248E-03
 5.63965E-03 5.63923E-03 5.63896E-03 5.63870E-03 5.63840E-03 5.63644E-03 5.63558E-03 5.63543E-03 5.63539E-03 5.69908E-03
  50   0.158E+03
 6.13385E+01 1.59166E+01 2.36922E+01 3.10271E+01 3.92189E+01 4.81014E+01 3.53468E+01 3.92491E+01 4.32712E+01 5.61088E+01
 5.11555E+01 5.34008E+01 5.52728E+01 5.73897E+01 6.03927E+01 1.05039E+02 2.00473E+02 3.68851E+02 3.29807E+02 4.81014E+01
 8.97681E-03 7.73656E-03 6.74702E-03 6.51084E-03 6.41344E-03 6.36726E-03 6.34305E-03 6.32937E-03 6.32115E-03 6.31080E-03
 6.30797E-03 6.30755E-03 6.30728E-03 6.30702E-03 6.30672E-03 6.30477E-03 6.30391E-03 6.30376E-03 6.30371E-03 6.36726E-03
  51   0.200E+03
 7.11217E+01 1.78459E+01 2.68271E+01 3.54147E+01 4.50986E+01 5.57015E+01 4.03862E+01 4.51846E+01 5.01948E+01 6.63273E+01
 6.06601E+01 6.34057E+01 6.56749E+01 6.82149E+01 7.18053E+01 1.25186E+02 2.38614E+02 4.39421E+02 3.76889E+02 5.57015E+01
 9.69025E-03 8.45304E-03 7.46593E-03 7.23033E-03 7.13317E-03 7.08710E-03 7.06295E-03 7.04930E-03 7.04111E-03 7.03078E-03
 7.02795E-03 7.02754E-03 7.02726E-03 7.02701E-03 7.02671E-03 7.02476E-03 7.02390E-03 7.02375E-03 7.02371E-03 7.08710E-03
  52   0.251E+03
 8.21786E+01 1.99880E+01 3.03469E+01 4.03794E+01 5.17930E+01 6.43990E+01 4.61121E+01 5.19719E+01 5.81569E+01 7.82150E+01
 7.17487E+01 7.50861E+01 7.78237E+01 8.08603E+01 8.51392E+01 1.48758E+02 2.83266E+02 5.22123E+02 4.29618E+02 6.43990E+01
 1.04568E-02 9.22286E-03 8.23838E-03 8.00340E-03 7.90650E-03 7.86055E-03 7.83647E-03 7.82285E-03 7.81468E-03 7.80438E-03
 7.80156E-03 7.80115E-03 7.80088E-03 7.80062E-03 7.80032E-03 7.79838E-03 7.79752E-03 7.79737E-03 7.79733E-03 7.86055E-03
  53   0.316E+03
 9.46462E+01 2.23675E+01 3.42991E+01 4.59952E+01 5.94088E+01 7.43405E+01 5.26182E+01 5.97303E+01 6.73056E+01 9.20174E+01
 8.46605E+01 8.86955E+01 9.19834E+01 9.56017E+01 1.00686E+02 1.76275E+02 3.35440E+02 6.18849E+02 4.88604E+02 7.43405E+01
 1.12782E-02 1.00478E-02 9.06611E-03 8.83181E-03 8.73518E-03 8.68937E-03 8.66535E-03 8.65178E-03 8.64363E-03 8.63335E-03
 8.63054E-03 8.63013E-03 8.62986E-03 8.62961E-03 8.62931E-03 8.62737E-03 8.62652E-03 8.62637E-03 8.62632E-03 8.68937E-03
  


 I O N I Z A T I O N  C O N D I T I O N S  AND  A B S O R P T I O N  M E C H A N I S M S

 ****************
 * TAU=  0.0000 *
 ****************

 T=  3889.  PE= 1.35E-02 lag:  1 lg10_tau(kr)=  -5.00
 ELEMENT  ABUNDANCE ELCONT IONIZATION FRACTIONS                 PARTITION FUNCTIONS
                              I       II      III     IV            I         II        III       IV
      H    1.000E+00 0.001  1.0000  0.0000
      HE   8.511E-02 0.000  1.0000  0.0000
      C    2.455E-04 0.000  0.9999  0.0001  0.0000
      N    6.026E-05 0.000  1.0000  0.0000  0.0000
      O    4.571E-04 0.000  1.0000  0.0000
      NE   6.918E-05 0.000  1.0000  0.0000
      NA   1.479E-06 0.019  0.0002  0.9998
      MG   3.388E-05 0.410  0.0797  0.9203  0.0000
      AL   2.344E-06 0.031  0.0071  0.9929  0.0000  0.0000
      SI   3.236E-05 0.189  0.5569  0.4431  0.0000
      S    1.380E-05 0.000  0.9992  0.0008  0.0000
      K    1.202E-07 0.002  0.0000  1.0000
      CA   2.042E-06 0.027  0.0009  0.9991  0.0000
      CR   4.365E-07 0.006  0.0167  0.9833  0.0000
      FE   2.818E-05 0.301  0.1882  0.8118  0.0000
      NI   1.698E-06 0.015  0.3404  0.6596  0.0000




                F R A C T I O N S  O F  C O N T I N U O U S  A B S O R P T I O N  A N D  S C A T T E R I N G
 WAVELENGTH   ABS       SCAT     H-    H BF  (H+H) H2+   H2-   C I   MG I  AL I  SI I  HE I  HE-   H2PR  HEPR  ELSC  H-SC  H2SC 
      3300. 7.966E-04 2.753E-03 0.989 0.001 0.000 0.000 0.000 0.000 0.009 0.000 0.001 0.000 0.000 0.000 0.000 0.008 0.992 0.000
      3800. 9.340E-04 1.486E-03 0.998 0.000 0.000 0.000 0.000 0.000 0.001 0.000 0.001 0.000 0.000 0.000 0.000 0.015 0.985 0.000
      5000. 1.256E-03 4.752E-04 0.998 0.000 0.000 0.000 0.000 0.000 0.001 0.000 0.001 0.000 0.000 0.000 0.000 0.047 0.953 0.000
      6000. 1.478E-03 2.340E-04 0.998 0.000 0.000 0.000 0.000 0.000 0.001 0.000 0.000 0.000 0.000 0.000 0.000 0.096 0.904 0.000
      7000. 1.643E-03 1.345E-04 0.999 0.000 0.000 0.000 0.000 0.000 0.001 0.000 0.000 0.000 0.000 0.000 0.000 0.166 0.834 0.000
      8000. 1.734E-03 8.730E-05 1.000 0.000 0.000 0.000 0.000 0.000 0.000 0.000 0.000 0.000 0.000 0.000 0.000 0.256 0.744 0.000
      9000. 1.744E-03 6.257E-05 1.000 0.000 0.000 0.000 0.000 0.000 0.000 0.000 0.000 0.000 0.000 0.000 0.000 0.358 0.642 0.000
     10000. 1.666E-03 4.860E-05 0.999 0.000 0.000 0.000 0.000 0.000 0.000 0.000 0.000 0.000 0.001 0.000 0.000 0.460 0.540 0.000
     11000. 1.507E-03 4.021E-05 0.999 0.000 0.000 0.000 0.000 0.000 0.000 0.000 0.000 0.000 0.001 0.000 0.000 0.556 0.444 0.000
     13749. 7.743E-04 2.962E-05 0.998 0.000 0.000 0.000 0.000 0.000 0.000 0.000 0.000 0.000 0.002 0.000 0.000 0.755 0.245 0.000
     15600. 2.613E-04 2.674E-05 0.992 0.000 0.000 0.000 0.000 0.000 0.000 0.000 0.000 0.000 0.008 0.000 0.000 0.837 0.163 0.000
     16000. 1.941E-04 2.631E-05 0.989 0.000 0.000 0.000 0.000 0.000 0.000 0.000 0.000 0.000 0.011 0.000 0.000 0.850 0.150 0.000
     16300. 1.612E-04 2.603E-05 0.986 0.000 0.000 0.000 0.000 0.000 0.000 0.000 0.000 0.000 0.014 0.000 0.000 0.859 0.141 0.000
     16600. 1.553E-04 2.577E-05 0.985 0.000 0.000 0.000 0.000 0.000 0.000 0.000 0.000 0.000 0.015 0.000 0.000 0.868 0.132 0.000
     17000. 1.624E-04 2.546E-05 0.985 0.000 0.000 0.000 0.000 0.000 0.000 0.000 0.000 0.000 0.015 0.000 0.000 0.879 0.121 0.000
     22000. 2.633E-04 2.347E-05 0.985 0.000 0.000 0.000 0.000 0.000 0.000 0.000 0.000 0.000 0.014 0.000 0.000 0.953 0.047 0.000
     33000. 5.715E-04 2.259E-05 0.987 0.000 0.000 0.000 0.000 0.000 0.000 0.000 0.000 0.000 0.013 0.000 0.000 0.990 0.010 0.000
     45000. 1.043E-03 2.243E-05 0.989 0.000 0.000 0.000 0.000 0.000 0.000 0.000 0.000 0.000 0.011 0.000 0.000 0.997 0.003 0.000
     60000. 1.830E-03 2.239E-05 0.991 0.000 0.000 0.000 0.000 0.000 0.000 0.000 0.000 0.000 0.009 0.000 0.000 0.999 0.001 0.000
      8000. 1.734E-03 8.730E-05 1.000 0.000 0.000 0.000 0.000 0.000 0.000 0.000 0.000 0.000 0.000 0.000 0.000 0.256 0.744 0.000
1

 ****************
 * TAU=  0.0001 *
 ****************

 T=  4172.  PE= 7.14E-02 lag:  8 lg10_tau(kr)=  -3.95
 ELEMENT  ABUNDANCE ELCONT IONIZATION FRACTIONS                 PARTITION FUNCTIONS
                              I       II      III     IV            I         II        III       IV
      H    1.000E+00 0.003  1.0000  0.0000
      HE   8.511E-02 0.000  1.0000  0.0000
      C    2.455E-04 0.001  0.9998  0.0002  0.0000
      N    6.026E-05 0.000  1.0000  0.0000  0.0000
      O    4.571E-04 0.000  1.0000  0.0000
      NE   6.918E-05 0.000  1.0000  0.0000
      NA   1.479E-06 0.019  0.0004  0.9996
      MG   3.388E-05 0.402  0.0760  0.9240  0.0000
      AL   2.344E-06 0.030  0.0094  0.9906  0.0000  0.0000
      SI   3.236E-05 0.199  0.5201  0.4799  0.0000
      S    1.380E-05 0.000  0.9985  0.0015  0.0000
      K    1.202E-07 0.002  0.0001  0.9999
      CA   2.042E-06 0.026  0.0012  0.9988  0.0000
      CR   4.365E-07 0.005  0.0192  0.9808  0.0000
      FE   2.818E-05 0.299  0.1732  0.8268  0.0000
      NI   1.698E-06 0.015  0.3252  0.6748  0.0000




                F R A C T I O N S  O F  C O N T I N U O U S  A B S O R P T I O N  A N D  S C A T T E R I N G
 WAVELENGTH   ABS       SCAT     H-    H BF  (H+H) H2+   H2-   C I   MG I  AL I  SI I  HE I  HE-   H2PR  HEPR  ELSC  H-SC  H2SC 
      3300. 3.041E-03 2.753E-03 0.991 0.003 0.000 0.000 0.000 0.000 0.005 0.000 0.000 0.000 0.000 0.000 0.000 0.008 0.991 0.000
      3800. 3.575E-03 1.486E-03 0.999 0.000 0.000 0.000 0.000 0.000 0.000 0.000 0.000 0.000 0.000 0.000 0.000 0.015 0.984 0.000
      5000. 4.807E-03 4.757E-04 0.999 0.000 0.000 0.000 0.000 0.000 0.001 0.000 0.000 0.000 0.000 0.000 0.000 0.048 0.952 0.000
      6000. 5.660E-03 2.345E-04 0.999 0.000 0.000 0.000 0.000 0.000 0.001 0.000 0.000 0.000 0.000 0.000 0.000 0.098 0.902 0.000
      7000. 6.290E-03 1.350E-04 0.999 0.000 0.000 0.000 0.000 0.000 0.001 0.000 0.000 0.000 0.000 0.000 0.000 0.170 0.830 0.000
      8000. 6.640E-03 8.786E-05 0.999 0.000 0.000 0.000 0.000 0.000 0.000 0.000 0.000 0.000 0.000 0.000 0.000 0.261 0.739 0.000
      9000. 6.676E-03 6.314E-05 0.999 0.000 0.000 0.000 0.000 0.000 0.000 0.000 0.000 0.000 0.001 0.000 0.000 0.363 0.637 0.000
     10000. 6.382E-03 4.916E-05 0.999 0.000 0.000 0.000 0.000 0.000 0.000 0.000 0.000 0.000 0.001 0.000 0.000 0.467 0.533 0.000
     11000. 5.782E-03 4.077E-05 0.999 0.000 0.000 0.000 0.000 0.000 0.000 0.000 0.000 0.000 0.001 0.000 0.000 0.563 0.437 0.000
     13749. 3.041E-03 3.019E-05 0.997 0.000 0.000 0.000 0.000 0.000 0.000 0.000 0.000 0.000 0.003 0.000 0.000 0.760 0.240 0.000
     15600. 1.145E-03 2.730E-05 0.990 0.000 0.000 0.000 0.000 0.000 0.000 0.000 0.000 0.000 0.009 0.000 0.000 0.840 0.160 0.000
     16000. 9.008E-04 2.688E-05 0.987 0.000 0.000 0.000 0.000 0.000 0.000 0.000 0.000 0.000 0.012 0.000 0.000 0.853 0.147 0.000
     16300. 7.838E-04 2.660E-05 0.985 0.000 0.000 0.000 0.000 0.000 0.000 0.000 0.000 0.000 0.014 0.000 0.000 0.862 0.137 0.000
     16600. 7.679E-04 2.634E-05 0.984 0.000 0.000 0.000 0.000 0.000 0.000 0.000 0.000 0.000 0.015 0.000 0.000 0.871 0.129 0.000
     17000. 8.028E-04 2.603E-05 0.984 0.000 0.000 0.000 0.000 0.000 0.000 0.000 0.000 0.000 0.015 0.000 0.000 0.881 0.119 0.000
     22000. 1.304E-03 2.404E-05 0.985 0.000 0.000 0.000 0.000 0.000 0.000 0.000 0.000 0.000 0.015 0.000 0.000 0.954 0.046 0.000
     33000. 2.826E-03 2.315E-05 0.987 0.000 0.000 0.000 0.000 0.000 0.000 0.000 0.000 0.000 0.013 0.000 0.000 0.991 0.009 0.000
     45000. 5.159E-03 2.300E-05 0.989 0.000 0.000 0.000 0.000 0.000 0.000 0.000 0.000 0.000 0.011 0.000 0.000 0.997 0.003 0.000
     60000. 9.059E-03 2.296E-05 0.991 0.000 0.000 0.000 0.000 0.000 0.000 0.000 0.000 0.000 0.009 0.000 0.000 0.999 0.001 0.000
      8000. 6.640E-03 8.786E-05 0.999 0.000 0.000 0.000 0.000 0.000 0.000 0.000 0.000 0.000 0.000 0.000 0.000 0.261 0.739 0.000
1

 ****************
 * TAU=  0.0009 *
 ****************

 T=  4398.  PE= 2.28E-01 lag: 14 lg10_tau(kr)=  -3.05
 ELEMENT  ABUNDANCE ELCONT IONIZATION FRACTIONS                 PARTITION FUNCTIONS
                              I       II      III     IV            I         II        III       IV
      H    1.000E+00 0.006  1.0000  0.0000
      HE   8.511E-02 0.000  1.0000  0.0000
      C    2.455E-04 0.001  0.9997  0.0003  0.0000
      N    6.026E-05 0.000  1.0000  0.0000  0.0000
      O    4.571E-04 0.000  1.0000  0.0000
      NE   6.918E-05 0.000  1.0000  0.0000
      NA   1.479E-06 0.019  0.0005  0.9995
      MG   3.388E-05 0.394  0.0719  0.9281  0.0000
      AL   2.344E-06 0.029  0.0112  0.9888  0.0000  0.0000
      SI   3.236E-05 0.207  0.4880  0.5120  0.0000
      S    1.380E-05 0.000  0.9976  0.0024  0.0000
      K    1.202E-07 0.002  0.0001  0.9999
      CA   2.042E-06 0.026  0.0015  0.9985  0.0000
      CR   4.365E-07 0.005  0.0208  0.9792  0.0000
      FE   2.818E-05 0.296  0.1602  0.8398  0.0000
      NI   1.698E-06 0.015  0.3086  0.6914  0.0000




                F R A C T I O N S  O F  C O N T I N U O U S  A B S O R P T I O N  A N D  S C A T T E R I N G
 WAVELENGTH   ABS       SCAT     H-    H BF  (H+H) H2+   H2-   C I   MG I  AL I  SI I  HE I  HE-   H2PR  HEPR  ELSC  H-SC  H2SC 
      3300. 7.690E-03 2.753E-03 0.990 0.005 0.000 0.001 0.000 0.000 0.003 0.000 0.000 0.000 0.000 0.000 0.000 0.009 0.991 0.000
      3800. 9.033E-03 1.487E-03 0.998 0.000 0.000 0.001 0.000 0.000 0.000 0.000 0.000 0.000 0.000 0.000 0.000 0.016 0.984 0.000
      5000. 1.215E-02 4.763E-04 0.998 0.000 0.000 0.000 0.000 0.000 0.000 0.000 0.000 0.000 0.000 0.000 0.000 0.049 0.950 0.000
      6000. 1.430E-02 2.351E-04 0.999 0.000 0.000 0.000 0.000 0.000 0.001 0.000 0.000 0.000 0.000 0.000 0.000 0.100 0.900 0.000
      7000. 1.589E-02 1.356E-04 0.999 0.000 0.000 0.000 0.000 0.000 0.001 0.000 0.000 0.000 0.000 0.000 0.000 0.173 0.826 0.000
      8000. 1.677E-02 8.842E-05 0.999 0.000 0.000 0.000 0.000 0.000 0.000 0.000 0.000 0.000 0.001 0.000 0.000 0.266 0.734 0.000
      9000. 1.686E-02 6.370E-05 0.999 0.000 0.000 0.000 0.000 0.000 0.000 0.000 0.000 0.000 0.001 0.000 0.000 0.369 0.631 0.000
     10000. 1.613E-02 4.972E-05 0.999 0.000 0.000 0.000 0.000 0.000 0.000 0.000 0.000 0.000 0.001 0.000 0.000 0.473 0.527 0.000
     11000. 1.464E-02 4.133E-05 0.999 0.000 0.000 0.000 0.000 0.000 0.000 0.000 0.000 0.000 0.001 0.000 0.000 0.569 0.431 0.000
     13749. 7.864E-03 3.075E-05 0.996 0.000 0.000 0.000 0.000 0.000 0.000 0.000 0.000 0.000 0.003 0.000 0.000 0.764 0.236 0.000
     15600. 3.226E-03 2.786E-05 0.989 0.000 0.000 0.001 0.000 0.000 0.000 0.000 0.000 0.000 0.010 0.000 0.000 0.843 0.157 0.000
     16000. 2.638E-03 2.744E-05 0.986 0.000 0.000 0.001 0.000 0.000 0.000 0.000 0.000 0.000 0.013 0.000 0.000 0.856 0.144 0.000
     16300. 2.361E-03 2.716E-05 0.984 0.000 0.000 0.001 0.000 0.000 0.000 0.000 0.000 0.000 0.015 0.000 0.000 0.865 0.135 0.000
     16600. 2.336E-03 2.690E-05 0.984 0.000 0.000 0.001 0.000 0.000 0.000 0.000 0.000 0.000 0.015 0.000 0.000 0.874 0.126 0.000
     17000. 2.442E-03 2.659E-05 0.984 0.000 0.000 0.001 0.000 0.000 0.000 0.000 0.000 0.000 0.015 0.000 0.000 0.884 0.116 0.000
     22000. 3.966E-03 2.460E-05 0.985 0.000 0.000 0.000 0.000 0.000 0.000 0.000 0.000 0.000 0.015 0.000 0.000 0.955 0.045 0.000
     33000. 8.596E-03 2.372E-05 0.987 0.000 0.000 0.000 0.000 0.000 0.000 0.000 0.000 0.000 0.012 0.000 0.000 0.991 0.009 0.000
     45000. 1.570E-02 2.356E-05 0.989 0.000 0.000 0.000 0.000 0.000 0.000 0.000 0.000 0.000 0.010 0.000 0.000 0.997 0.003 0.000
     60000. 2.757E-02 2.352E-05 0.991 0.000 0.000 0.000 0.000 0.000 0.000 0.000 0.000 0.000 0.009 0.000 0.000 0.999 0.001 0.000
      8000. 1.677E-02 8.842E-05 0.999 0.000 0.000 0.000 0.000 0.000 0.000 0.000 0.000 0.000 0.001 0.000 0.000 0.266 0.734 0.000
1

 ****************
 * TAU=  0.0100 *
 ****************

 T=  4621.  PE= 8.17E-01 lag: 21 lg10_tau(kr)=  -2.00
 ELEMENT  ABUNDANCE ELCONT IONIZATION FRACTIONS                 PARTITION FUNCTIONS
                              I       II      III     IV            I         II        III       IV
      H    1.000E+00 0.011  1.0000  0.0000
      HE   8.511E-02 0.000  1.0000  0.0000
      C    2.455E-04 0.001  0.9996  0.0004  0.0000
      N    6.026E-05 0.000  1.0000  0.0000  0.0000
      O    4.571E-04 0.000  1.0000  0.0000
      NE   6.918E-05 0.000  1.0000  0.0000
      NA   1.479E-06 0.019  0.0008  0.9992
      MG   3.388E-05 0.397  0.0848  0.9152  0.0000
      AL   2.344E-06 0.029  0.0165  0.9835  0.0000  0.0000
      SI   3.236E-05 0.200  0.5174  0.4826  0.0000
      S    1.380E-05 0.000  0.9972  0.0028  0.0000
      K    1.202E-07 0.002  0.0002  0.9998
      CA   2.042E-06 0.026  0.0022  0.9978  0.0001
      CR   4.365E-07 0.005  0.0280  0.9720  0.0000
      FE   2.818E-05 0.295  0.1813  0.8187  0.0000
      NI   1.698E-06 0.014  0.3440  0.6560  0.0000




                F R A C T I O N S  O F  C O N T I N U O U S  A B S O R P T I O N  A N D  S C A T T E R I N G
 WAVELENGTH   ABS       SCAT     H-    H BF  (H+H) H2+   H2-   C I   MG I  AL I  SI I  HE I  HE-   H2PR  HEPR  ELSC  H-SC  H2SC 
      3300. 2.216E-02 2.752E-03 0.988 0.006 0.000 0.002 0.000 0.000 0.003 0.000 0.000 0.000 0.000 0.000 0.000 0.008 0.991 0.001
      3800. 2.600E-02 1.486E-03 0.998 0.000 0.000 0.001 0.000 0.000 0.000 0.000 0.000 0.000 0.000 0.000 0.000 0.015 0.984 0.001
      5000. 3.496E-02 4.757E-04 0.998 0.000 0.000 0.001 0.000 0.000 0.000 0.000 0.000 0.000 0.000 0.000 0.000 0.048 0.951 0.001
      6000. 4.116E-02 2.345E-04 0.998 0.000 0.000 0.001 0.000 0.000 0.001 0.000 0.000 0.000 0.000 0.000 0.000 0.098 0.901 0.001
      7000. 4.572E-02 1.351E-04 0.998 0.000 0.000 0.000 0.000 0.000 0.001 0.000 0.000 0.000 0.001 0.000 0.000 0.170 0.829 0.001
      8000. 4.825E-02 8.793E-05 0.999 0.000 0.000 0.000 0.000 0.000 0.000 0.000 0.000 0.000 0.001 0.000 0.000 0.262 0.738 0.001
      9000. 4.852E-02 6.321E-05 0.999 0.000 0.000 0.000 0.000 0.000 0.000 0.000 0.000 0.000 0.001 0.000 0.000 0.364 0.635 0.001
     10000. 4.645E-02 4.924E-05 0.999 0.000 0.000 0.000 0.000 0.000 0.000 0.000 0.000 0.000 0.001 0.000 0.000 0.468 0.532 0.000
     11000. 4.224E-02 4.085E-05 0.998 0.000 0.000 0.000 0.000 0.000 0.000 0.000 0.000 0.000 0.001 0.000 0.000 0.564 0.436 0.000
     13749. 2.323E-02 3.027E-05 0.995 0.000 0.000 0.001 0.000 0.000 0.000 0.000 0.000 0.000 0.004 0.000 0.000 0.760 0.239 0.000
     15600. 1.033E-02 2.738E-05 0.988 0.000 0.000 0.001 0.000 0.000 0.000 0.000 0.000 0.000 0.011 0.000 0.000 0.841 0.159 0.000
     16000. 8.725E-03 2.696E-05 0.985 0.000 0.000 0.001 0.000 0.000 0.000 0.000 0.000 0.000 0.013 0.000 0.000 0.854 0.146 0.000
     16300. 7.989E-03 2.668E-05 0.983 0.000 0.000 0.001 0.000 0.000 0.000 0.000 0.000 0.000 0.015 0.000 0.000 0.863 0.137 0.000
     16600. 7.962E-03 2.642E-05 0.983 0.000 0.000 0.001 0.000 0.000 0.000 0.000 0.000 0.000 0.015 0.000 0.000 0.871 0.129 0.000
     17000. 8.321E-03 2.611E-05 0.983 0.000 0.000 0.001 0.000 0.000 0.000 0.000 0.000 0.000 0.015 0.000 0.000 0.882 0.118 0.000
     22000. 1.350E-02 2.412E-05 0.984 0.000 0.000 0.001 0.000 0.000 0.000 0.000 0.000 0.000 0.015 0.000 0.000 0.954 0.045 0.000
     33000. 2.930E-02 2.324E-05 0.987 0.000 0.000 0.000 0.000 0.000 0.000 0.000 0.000 0.000 0.012 0.000 0.000 0.991 0.009 0.000
     45000. 5.354E-02 2.308E-05 0.989 0.000 0.000 0.000 0.000 0.000 0.000 0.000 0.000 0.000 0.010 0.000 0.000 0.997 0.003 0.000
     60000. 9.401E-02 2.304E-05 0.991 0.000 0.000 0.000 0.000 0.000 0.000 0.000 0.000 0.000 0.008 0.000 0.000 0.999 0.001 0.000
      8000. 4.825E-02 8.793E-05 0.999 0.000 0.000 0.000 0.000 0.000 0.000 0.000 0.000 0.000 0.001 0.000 0.000 0.262 0.738 0.001
1

 ****************
 * TAU=  0.1122 *
 ****************

 T=  4939.  PE= 3.07E+00 lag: 28 lg10_tau(kr)=  -0.95
 ELEMENT  ABUNDANCE ELCONT IONIZATION FRACTIONS                 PARTITION FUNCTIONS
                              I       II      III     IV            I         II        III       IV
      H    1.000E+00 0.031  1.0000  0.0000
      HE   8.511E-02 0.000  1.0000  0.0000
      C    2.455E-04 0.002  0.9992  0.0008  0.0000
      N    6.026E-05 0.000  1.0000  0.0000  0.0000
      O    4.571E-04 0.000  1.0000  0.0000
      NE   6.918E-05 0.000  1.0000  0.0000
      NA   1.479E-06 0.018  0.0012  0.9988
      MG   3.388E-05 0.381  0.0793  0.9207  0.0000
      AL   2.344E-06 0.028  0.0200  0.9800  0.0000  0.0000
      SI   3.236E-05 0.206  0.4797  0.5203  0.0000
      S    1.380E-05 0.001  0.9953  0.0047  0.0000
      K    1.202E-07 0.001  0.0004  0.9996
      CA   2.042E-06 0.025  0.0027  0.9972  0.0001
      CR   4.365E-07 0.005  0.0305  0.9695  0.0000
      FE   2.818E-05 0.287  0.1658  0.8342  0.0000
      NI   1.698E-06 0.014  0.3216  0.6784  0.0000




                F R A C T I O N S  O F  C O N T I N U O U S  A B S O R P T I O N  A N D  S C A T T E R I N G
 WAVELENGTH   ABS       SCAT     H-    H BF  (H+H) H2+   H2-   C I   MG I  AL I  SI I  HE I  HE-   H2PR  HEPR  ELSC  H-SC  H2SC 
      3300. 6.325E-02 2.753E-03 0.980 0.012 0.001 0.005 0.000 0.000 0.002 0.000 0.000 0.000 0.000 0.000 0.000 0.009 0.990 0.001
      3800. 7.381E-02 1.487E-03 0.995 0.000 0.000 0.004 0.000 0.000 0.000 0.000 0.000 0.000 0.000 0.000 0.000 0.016 0.982 0.001
      5000. 9.916E-02 4.766E-04 0.997 0.000 0.000 0.002 0.000 0.000 0.000 0.000 0.000 0.000 0.000 0.000 0.000 0.051 0.948 0.001
      6000. 1.167E-01 2.355E-04 0.997 0.000 0.000 0.001 0.000 0.000 0.001 0.000 0.000 0.000 0.001 0.000 0.000 0.102 0.896 0.001
      7000. 1.296E-01 1.361E-04 0.997 0.000 0.000 0.001 0.000 0.000 0.000 0.000 0.000 0.000 0.001 0.000 0.000 0.177 0.822 0.001
      8000. 1.368E-01 8.897E-05 0.998 0.000 0.000 0.001 0.000 0.000 0.000 0.000 0.000 0.000 0.001 0.000 0.000 0.271 0.728 0.001
      9000. 1.375E-01 6.426E-05 0.998 0.000 0.000 0.001 0.000 0.000 0.000 0.000 0.000 0.000 0.001 0.000 0.000 0.375 0.624 0.001
     10000. 1.319E-01 5.029E-05 0.998 0.000 0.000 0.001 0.000 0.000 0.000 0.000 0.000 0.000 0.001 0.000 0.000 0.479 0.520 0.001
     11000. 1.203E-01 4.191E-05 0.997 0.000 0.000 0.001 0.000 0.000 0.000 0.000 0.000 0.000 0.002 0.000 0.000 0.575 0.425 0.001
     13749. 6.856E-02 3.133E-05 0.993 0.000 0.000 0.002 0.000 0.000 0.000 0.000 0.000 0.000 0.005 0.000 0.000 0.769 0.231 0.000
     15600. 3.395E-02 2.844E-05 0.985 0.000 0.000 0.003 0.000 0.000 0.000 0.000 0.000 0.000 0.012 0.000 0.000 0.847 0.153 0.000
     16000. 2.978E-02 2.802E-05 0.982 0.001 0.000 0.003 0.000 0.000 0.000 0.000 0.000 0.000 0.014 0.000 0.000 0.859 0.140 0.000
     16300. 2.795E-02 2.774E-05 0.981 0.001 0.000 0.003 0.000 0.000 0.000 0.000 0.000 0.000 0.015 0.000 0.000 0.868 0.132 0.000
     16600. 2.808E-02 2.748E-05 0.980 0.001 0.000 0.003 0.000 0.000 0.000 0.000 0.000 0.000 0.016 0.000 0.000 0.876 0.123 0.000
     17000. 2.934E-02 2.717E-05 0.980 0.001 0.000 0.003 0.000 0.000 0.000 0.000 0.000 0.000 0.015 0.000 0.000 0.886 0.113 0.000
     22000. 4.762E-02 2.518E-05 0.983 0.001 0.000 0.002 0.000 0.000 0.000 0.000 0.000 0.000 0.014 0.000 0.000 0.956 0.044 0.000
     33000. 1.035E-01 2.430E-05 0.987 0.000 0.000 0.001 0.000 0.000 0.000 0.000 0.000 0.000 0.012 0.000 0.000 0.991 0.009 0.000
     45000. 1.892E-01 2.414E-05 0.989 0.000 0.000 0.000 0.000 0.000 0.000 0.000 0.000 0.000 0.010 0.000 0.000 0.997 0.003 0.000
     60000. 3.323E-01 2.410E-05 0.991 0.000 0.000 0.000 0.000 0.000 0.000 0.000 0.000 0.000 0.008 0.000 0.000 0.999 0.001 0.000
      8000. 1.368E-01 8.897E-05 0.998 0.000 0.000 0.001 0.000 0.000 0.000 0.000 0.000 0.000 0.001 0.000 0.000 0.271 0.728 0.001
1

 ****************
 * TAU=  1.1220 *
 ****************

 T=  5859.  PE= 2.07E+01 lag: 35 lg10_tau(kr)=   0.05
 ELEMENT  ABUNDANCE ELCONT IONIZATION FRACTIONS                 PARTITION FUNCTIONS
                              I       II      III     IV            I         II        III       IV
      H    1.000E+00 0.467  0.9999  0.0001
      HE   8.511E-02 0.000  1.0000  0.0000
      C    2.455E-04 0.015  0.9889  0.0111  0.0000
      N    6.026E-05 0.000  0.9999  0.0001  0.0000
      O    4.571E-04 0.000  0.9999  0.0001
      NE   6.918E-05 0.000  1.0000  0.0000
      NA   1.479E-06 0.008  0.0011  0.9989
      MG   3.388E-05 0.180  0.0230  0.9770  0.0000
      AL   2.344E-06 0.013  0.0101  0.9899  0.0000  0.0000
      SI   3.236E-05 0.146  0.1708  0.8292  0.0000
      S    1.380E-05 0.004  0.9532  0.0468  0.0000
      K    1.202E-07 0.001  0.0006  0.9994
      CA   2.042E-06 0.011  0.0017  0.9961  0.0022
      CR   4.365E-07 0.002  0.0122  0.9878  0.0000
      FE   2.818E-05 0.146  0.0475  0.9525  0.0000
      NI   1.698E-06 0.008  0.1041  0.8959  0.0000




                F R A C T I O N S  O F  C O N T I N U O U S  A B S O R P T I O N  A N D  S C A T T E R I N G
 WAVELENGTH   ABS       SCAT     H-    H BF  (H+H) H2+   H2-   C I   MG I  AL I  SI I  HE I  HE-   H2PR  HEPR  ELSC  H-SC  H2SC 
      3300. 2.575E-01 2.783E-03 0.814 0.123 0.002 0.060 0.000 0.000 0.000 0.000 0.000 0.000 0.000 0.000 0.000 0.019 0.980 0.001
      3800. 2.632E-01 1.517E-03 0.945 0.002 0.001 0.052 0.000 0.000 0.000 0.000 0.000 0.000 0.001 0.000 0.000 0.036 0.964 0.001
      5000. 3.475E-01 5.068E-04 0.963 0.003 0.000 0.033 0.000 0.000 0.000 0.000 0.000 0.000 0.001 0.000 0.000 0.107 0.893 0.001
      6000. 4.060E-01 2.657E-04 0.970 0.004 0.000 0.024 0.000 0.000 0.000 0.000 0.000 0.000 0.001 0.000 0.000 0.204 0.796 0.001
      7000. 4.499E-01 1.662E-04 0.972 0.006 0.000 0.021 0.000 0.000 0.000 0.000 0.000 0.000 0.001 0.000 0.000 0.326 0.674 0.000
      8000. 4.752E-01 1.191E-04 0.972 0.008 0.000 0.018 0.000 0.000 0.000 0.000 0.000 0.000 0.001 0.000 0.000 0.455 0.545 0.000
      9000. 4.763E-01 9.434E-05 0.979 0.002 0.000 0.018 0.000 0.000 0.000 0.000 0.000 0.000 0.002 0.000 0.000 0.574 0.426 0.000
     10000. 4.600E-01 8.036E-05 0.978 0.003 0.000 0.017 0.000 0.000 0.000 0.000 0.000 0.000 0.002 0.000 0.000 0.674 0.326 0.000
     11000. 4.260E-01 7.198E-05 0.975 0.004 0.000 0.018 0.000 0.000 0.000 0.000 0.000 0.000 0.003 0.000 0.000 0.752 0.248 0.000
     13749. 2.752E-01 6.140E-05 0.957 0.011 0.000 0.026 0.000 0.000 0.000 0.000 0.000 0.000 0.007 0.000 0.000 0.882 0.118 0.000
     15600. 1.779E-01 5.851E-05 0.937 0.011 0.000 0.039 0.000 0.000 0.000 0.000 0.000 0.000 0.013 0.000 0.000 0.925 0.074 0.000
     16000. 1.679E-01 5.809E-05 0.933 0.013 0.000 0.041 0.000 0.000 0.000 0.000 0.000 0.000 0.014 0.000 0.000 0.932 0.068 0.000
     16300. 1.646E-01 5.781E-05 0.931 0.013 0.000 0.041 0.000 0.000 0.000 0.000 0.000 0.000 0.015 0.000 0.000 0.937 0.063 0.000
     16600. 1.675E-01 5.755E-05 0.931 0.014 0.000 0.040 0.000 0.000 0.000 0.000 0.000 0.000 0.015 0.000 0.000 0.941 0.059 0.000
     17000. 1.747E-01 5.724E-05 0.933 0.014 0.000 0.038 0.000 0.000 0.000 0.000 0.000 0.000 0.015 0.000 0.000 0.946 0.054 0.000
     22000. 2.805E-01 5.525E-05 0.948 0.017 0.000 0.022 0.000 0.000 0.000 0.000 0.000 0.000 0.014 0.000 0.000 0.980 0.020 0.000
     33000. 5.994E-01 5.437E-05 0.968 0.011 0.000 0.009 0.000 0.000 0.000 0.000 0.000 0.000 0.011 0.000 0.000 0.996 0.004 0.000
     45000. 1.091E+00 5.421E-05 0.975 0.011 0.000 0.004 0.000 0.000 0.000 0.000 0.000 0.000 0.009 0.000 0.000 0.999 0.001 0.000
     60000. 1.900E+00 5.417E-05 0.987 0.003 0.000 0.002 0.000 0.000 0.000 0.000 0.000 0.000 0.008 0.000 0.000 1.000 0.000 0.000
      8000. 4.752E-01 1.191E-04 0.972 0.008 0.000 0.018 0.000 0.000 0.000 0.000 0.000 0.000 0.001 0.000 0.000 0.455 0.545 0.000
1

 ****************
 * TAU=  8.9125 *
 ****************

 T=  7607.  PE= 5.42E+02 lag: 41 lg10_tau(kr)=   0.95
 ELEMENT  ABUNDANCE ELCONT IONIZATION FRACTIONS                 PARTITION FUNCTIONS
                              I       II      III     IV            I         II        III       IV
      H    1.000E+00 0.958  0.9969  0.0031
      HE   8.511E-02 0.000  1.0000  0.0000
      C    2.455E-04 0.009  0.8816  0.1184  0.0000
      N    6.026E-05 0.000  0.9968  0.0032  0.0000
      O    4.571E-04 0.000  0.9973  0.0027
      NE   6.918E-05 0.000  1.0000  0.0000
      NA   1.479E-06 0.000  0.0025  0.9975
      MG   3.388E-05 0.010  0.0120  0.9877  0.0003
      AL   2.344E-06 0.001  0.0102  0.9898  0.0000  0.0000
      SI   3.236E-05 0.009  0.0679  0.9321  0.0000
      S    1.380E-05 0.001  0.7043  0.2957  0.0000
      K    1.202E-07 0.000  0.0016  0.9984
      CA   2.042E-06 0.001  0.0027  0.9673  0.0300
      CR   4.365E-07 0.000  0.0093  0.9906  0.0002
      FE   2.818E-05 0.009  0.0217  0.9782  0.0001
      NI   1.698E-06 0.001  0.0424  0.9576  0.0000




                F R A C T I O N S  O F  C O N T I N U O U S  A B S O R P T I O N  A N D  S C A T T E R I N G
 WAVELENGTH   ABS       SCAT     H-    H BF  (H+H) H2+   H2-   C I   MG I  AL I  SI I  HE I  HE-   H2PR  HEPR  ELSC  H-SC  H2SC 
      3300. 5.699E+00 3.669E-03 0.364 0.581 0.000 0.053 0.000 0.000 0.000 0.000 0.000 0.000 0.000 0.000 0.000 0.258 0.742 0.000
      3800. 2.884E+00 2.406E-03 0.855 0.043 0.000 0.100 0.000 0.001 0.000 0.000 0.000 0.000 0.001 0.000 0.000 0.393 0.606 0.000
      5000. 3.869E+00 1.398E-03 0.858 0.070 0.000 0.070 0.000 0.001 0.000 0.000 0.000 0.000 0.002 0.000 0.000 0.677 0.323 0.000
      6000. 4.620E+00 1.158E-03 0.846 0.097 0.000 0.055 0.000 0.001 0.000 0.000 0.000 0.000 0.002 0.000 0.000 0.818 0.182 0.000
      7000. 5.292E+00 1.058E-03 0.821 0.129 0.000 0.047 0.000 0.001 0.000 0.000 0.000 0.000 0.002 0.000 0.000 0.894 0.106 0.000
      8000. 5.846E+00 1.011E-03 0.790 0.167 0.000 0.041 0.000 0.000 0.000 0.000 0.000 0.000 0.003 0.000 0.000 0.936 0.064 0.000
      9000. 5.332E+00 9.867E-04 0.884 0.068 0.000 0.044 0.000 0.000 0.000 0.000 0.000 0.000 0.003 0.000 0.000 0.959 0.041 0.000
     10000. 5.375E+00 9.727E-04 0.864 0.089 0.000 0.042 0.000 0.000 0.000 0.000 0.000 0.000 0.004 0.000 0.000 0.973 0.027 0.000
     11000. 5.304E+00 9.644E-04 0.837 0.116 0.000 0.042 0.000 0.000 0.000 0.000 0.000 0.000 0.005 0.000 0.000 0.982 0.018 0.000
     13749. 4.819E+00 9.538E-04 0.725 0.224 0.000 0.044 0.000 0.000 0.000 0.000 0.000 0.000 0.008 0.000 0.000 0.992 0.008 0.000
     15600. 4.083E+00 9.509E-04 0.733 0.205 0.000 0.051 0.000 0.000 0.000 0.000 0.000 0.000 0.011 0.000 0.000 0.995 0.005 0.000
     16000. 4.127E+00 9.505E-04 0.723 0.216 0.000 0.050 0.000 0.000 0.000 0.000 0.000 0.000 0.011 0.000 0.000 0.996 0.004 0.000
     16300. 4.198E+00 9.502E-04 0.717 0.222 0.000 0.049 0.000 0.000 0.000 0.000 0.000 0.000 0.011 0.000 0.000 0.996 0.004 0.000
     16600. 4.322E+00 9.500E-04 0.716 0.226 0.000 0.047 0.000 0.000 0.000 0.000 0.000 0.000 0.011 0.000 0.000 0.996 0.004 0.000
     17000. 4.521E+00 9.497E-04 0.715 0.229 0.000 0.045 0.000 0.000 0.000 0.000 0.000 0.000 0.011 0.000 0.000 0.997 0.003 0.000
     22000. 7.479E+00 9.477E-04 0.709 0.256 0.000 0.025 0.000 0.000 0.000 0.000 0.000 0.000 0.010 0.000 0.000 0.999 0.001 0.000
     33000. 1.504E+01 9.468E-04 0.772 0.209 0.000 0.011 0.000 0.000 0.000 0.000 0.000 0.000 0.008 0.000 0.000 1.000 0.000 0.000
     45000. 2.740E+01 9.466E-04 0.779 0.209 0.000 0.005 0.000 0.000 0.000 0.000 0.000 0.000 0.007 0.000 0.000 1.000 0.000 0.000
     60000. 4.007E+01 9.466E-04 0.940 0.050 0.000 0.003 0.000 0.000 0.000 0.000 0.000 0.000 0.007 0.000 0.000 1.000 0.000 0.000
      8000. 5.846E+00 1.011E-03 0.790 0.167 0.000 0.041 0.000 0.000 0.000 0.000 0.000 0.000 0.003 0.000 0.000 0.936 0.064 0.000
1

 ****************
 * TAU=316.2278 *
 ****************

 T=  9577.  PE= 7.18E+03 lag: 53 lg10_tau(kr)=   2.50
 ELEMENT  ABUNDANCE ELCONT IONIZATION FRACTIONS                 PARTITION FUNCTIONS
                              I       II      III     IV            I         II        III       IV
      H    1.000E+00 0.993  0.9709  0.0291
      HE   8.511E-02 0.000  1.0000  0.0000
      C    2.455E-04 0.003  0.6247  0.3753  0.0000
      N    6.026E-05 0.000  0.9624  0.0376  0.0000
      O    4.571E-04 0.000  0.9745  0.0255
      NE   6.918E-05 0.000  1.0000  0.0000
      NA   1.479E-06 0.000  0.0053  0.9947
      MG   3.388E-05 0.001  0.0118  0.9829  0.0052
      AL   2.344E-06 0.000  0.0134  0.9864  0.0002  0.0000
      SI   3.236E-05 0.001  0.0442  0.9554  0.0004
      S    1.380E-05 0.000  0.3894  0.6106  0.0000
      K    1.202E-07 0.000  0.0033  0.9967
      CA   2.042E-06 0.000  0.0047  0.8691  0.1262
      CR   4.365E-07 0.000  0.0102  0.9867  0.0031
      FE   2.818E-05 0.001  0.0180  0.9808  0.0012
      NI   1.698E-06 0.000  0.0286  0.9711  0.0002




                F R A C T I O N S  O F  C O N T I N U O U S  A B S O R P T I O N  A N D  S C A T T E R I N G
 WAVELENGTH   ABS       SCAT     H-    H BF  (H+H) H2+   H2-   C I   MG I  AL I  SI I  HE I  HE-   H2PR  HEPR  ELSC  H-SC  H2SC 
      3300. 9.465E+01 1.128E-02 0.129 0.850 0.000 0.020 0.000 0.000 0.000 0.000 0.000 0.000 0.000 0.000 0.000 0.765 0.235 0.000
      3800. 2.237E+01 1.005E-02 0.648 0.263 0.000 0.086 0.000 0.001 0.000 0.000 0.000 0.000 0.002 0.000 0.000 0.859 0.141 0.000
      5000. 3.430E+01 9.066E-03 0.570 0.371 0.000 0.057 0.000 0.001 0.000 0.000 0.000 0.000 0.002 0.000 0.000 0.951 0.049 0.000
      6000. 4.600E+01 8.832E-03 0.502 0.454 0.000 0.041 0.000 0.001 0.000 0.000 0.000 0.000 0.002 0.000 0.000 0.977 0.023 0.000
      7000. 5.941E+01 8.735E-03 0.435 0.530 0.000 0.032 0.000 0.001 0.000 0.000 0.000 0.000 0.002 0.000 0.000 0.988 0.012 0.000
      8000. 7.434E+01 8.689E-03 0.375 0.598 0.000 0.025 0.000 0.000 0.000 0.000 0.000 0.000 0.002 0.000 0.000 0.993 0.007 0.000
      9000. 5.262E+01 8.665E-03 0.553 0.408 0.000 0.035 0.000 0.000 0.000 0.000 0.000 0.000 0.004 0.000 0.000 0.995 0.005 0.000
     10000. 5.973E+01 8.652E-03 0.495 0.471 0.000 0.030 0.000 0.000 0.000 0.000 0.000 0.000 0.004 0.000 0.000 0.997 0.003 0.000
     11000. 6.731E+01 8.644E-03 0.439 0.531 0.000 0.027 0.000 0.000 0.000 0.000 0.000 0.000 0.004 0.000 0.000 0.998 0.002 0.000
     13749. 9.202E+01 8.633E-03 0.307 0.670 0.000 0.019 0.000 0.000 0.000 0.000 0.000 0.000 0.004 0.000 0.000 0.999 0.001 0.000
     15600. 8.466E+01 8.631E-03 0.340 0.635 0.000 0.020 0.000 0.000 0.000 0.000 0.000 0.000 0.005 0.000 0.000 1.000 0.000 0.000
     16000. 8.870E+01 8.630E-03 0.332 0.644 0.000 0.019 0.000 0.000 0.000 0.000 0.000 0.000 0.005 0.000 0.000 1.000 0.000 0.000
     16300. 9.198E+01 8.630E-03 0.327 0.649 0.000 0.018 0.000 0.000 0.000 0.000 0.000 0.000 0.005 0.000 0.000 1.000 0.000 0.000
     16600. 9.560E+01 8.630E-03 0.325 0.653 0.000 0.017 0.000 0.000 0.000 0.000 0.000 0.000 0.005 0.000 0.000 1.000 0.000 0.000
     17000. 1.007E+02 8.629E-03 0.323 0.656 0.000 0.016 0.000 0.000 0.000 0.000 0.000 0.000 0.005 0.000 0.000 1.000 0.000 0.000
     22000. 1.763E+02 8.627E-03 0.303 0.685 0.000 0.009 0.000 0.000 0.000 0.000 0.000 0.000 0.004 0.000 0.000 1.000 0.000 0.000
     33000. 3.354E+02 8.627E-03 0.349 0.643 0.000 0.004 0.000 0.000 0.000 0.000 0.000 0.000 0.004 0.000 0.000 1.000 0.000 0.000
     45000. 6.188E+02 8.626E-03 0.349 0.646 0.000 0.002 0.000 0.000 0.000 0.000 0.000 0.000 0.003 0.000 0.000 1.000 0.000 0.000
     60000. 4.886E+02 8.626E-03 0.782 0.211 0.000 0.002 0.000 0.000 0.000 0.000 0.000 0.000 0.005 0.000 0.000 1.000 0.000 0.000
      8000. 7.434E+01 8.689E-03 0.375 0.598 0.000 0.025 0.000 0.000 0.000 0.000 0.000 0.000 0.002 0.000 0.000 0.993 0.007 0.000
 Model written out successfully.
