   1249.78  1.6868E-01  6.7473E-01
   1250.62  1.7203E-01  6.8812E-01
   1251.45  1.7545E-01  7.0181E-01
   1252.29  1.7747E-01  7.0988E-01
   1253.12  1.8110E-01  7.2442E-01
   1253.96  1.8471E-01  7.3883E-01
   1254.79  1.8838E-01  7.5354E-01
   1255.63  2.1236E-01  8.4945E-01
   1256.47  2.1670E-01  8.6680E-01
   1257.31  2.2114E-01  8.8457E-01
   1258.14  2.2568E-01  9.0271E-01
   1258.98  1.6261E-01  6.5043E-01
   1259.82  1.6571E-01  6.6286E-01
   1260.66  1.6888E-01  6.7553E-01
   1261.50  1.2845E-01  5.1379E-01
   1262.34  1.3078E-01  5.2314E-01
   1263.19  1.3316E-01  5.3264E-01
   1264.03  1.3558E-01  5.4231E-01
   1264.87  2.7418E-01  1.0967E+00
   1265.71  2.8027E-01  1.1211E+00
   1266.56  2.8622E-01  1.1449E+00
   1267.40  2.9232E-01  1.1693E+00
   1268.25  2.4758E-01  9.9031E-01
   1269.09  2.5264E-01  1.0106E+00
   1269.94  2.5780E-01  1.0312E+00
   1270.79  2.6307E-01  1.0523E+00
   1271.64  2.6584E-01  1.0634E+00
   1272.48  2.7130E-01  1.0852E+00
   1273.33  2.7688E-01  1.1075E+00
   1274.18  2.8260E-01  1.1304E+00
   1275.03  2.4478E-01  9.7911E-01
   1275.88  2.4964E-01  9.9857E-01
   1276.73  2.5461E-01  1.0184E+00
   1277.58  2.5969E-01  1.0387E+00
   1278.44  1.1573E-01  4.6292E-01
   1279.29  1.1765E-01  4.7061E-01
   1280.14  1.1931E-01  4.7724E-01
   1280.99  1.5345E-01  6.1379E-01
   1281.85  1.5557E-01  6.2226E-01
   1282.70  1.5771E-01  6.3082E-01
   1283.56  1.5986E-01  6.3943E-01
   1284.41  1.6206E-01  6.4826E-01
   1285.27  2.1781E-01  8.7124E-01
   1286.13  2.2074E-01  8.8294E-01
   1286.99  2.2363E-01  8.9452E-01
   1287.84  2.2661E-01  9.0645E-01
   1288.70  4.9368E-01  1.9747E+00
   1289.56  4.9995E-01  1.9998E+00
   1290.42  5.0658E-01  2.0263E+00
   1291.28  5.1290E-01  2.0516E+00
   1292.14  3.4444E-01  1.3778E+00
   1293.01  3.4896E-01  1.3958E+00
   1293.87  3.5348E-01  1.4139E+00
   1294.73  1.5527E-01  6.2108E-01
   1295.59  1.5742E-01  6.2969E-01
   1296.46  1.5960E-01  6.3839E-01
   1297.32  1.6180E-01  6.4722E-01
   1298.19  6.2239E-02  2.4896E-01
   1299.05  6.3173E-02  2.5269E-01
   1299.92  6.4119E-02  2.5648E-01
   1300.79  5.5326E-02  2.2130E-01
   1301.65  5.8938E-02  2.3575E-01
   1302.52  5.9828E-02  2.3931E-01
   1303.39  9.6640E-02  3.8656E-01
   1304.26  9.8039E-02  3.9215E-01
   1305.13  9.9510E-02  3.9804E-01
   1306.00  1.0095E-01  4.0381E-01
   1306.87  3.1837E-01  1.2735E+00
   1307.74  3.2259E-01  1.2904E+00
   1308.62  3.2687E-01  1.3075E+00
   1309.49  3.3121E-01  1.3248E+00
   1310.36  3.3823E-01  1.3529E+00
   1311.23  3.4269E-01  1.3708E+00
   1312.11  3.4720E-01  1.3888E+00
   1312.98  3.5179E-01  1.4072E+00
   1313.86  1.7786E-01  7.1143E-01
   1314.74  1.8032E-01  7.2129E-01
   1315.61  1.8282E-01  7.3126E-01
   1316.49  7.2861E-02  2.9144E-01
   1317.37  7.3954E-02  2.9582E-01
   1318.25  7.5063E-02  3.0025E-01
   1319.13  5.8013E-02  2.3205E-01
   1320.01  5.8900E-02  2.3560E-01
   1320.89  5.5765E-02  2.2306E-01
   1321.77  5.6622E-02  2.2649E-01
   1322.65  6.0265E-02  2.4106E-01
   1323.53  6.1185E-02  2.4474E-01
   1324.41  6.2119E-02  2.4848E-01
   1325.30  6.8736E-02  2.7494E-01
   1326.18  9.0157E-02  3.6063E-01
   1327.06  9.1492E-02  3.6597E-01
   1327.95  1.6610E-01  6.6439E-01
   1328.83  1.6845E-01  6.7378E-01
   1329.72  1.7083E-01  6.8330E-01
   1330.61  2.8652E-01  1.1461E+00
   1331.49  2.9041E-01  1.1616E+00
   1332.38  2.9435E-01  1.1774E+00
   1333.27  2.9951E-01  1.1980E+00
   1334.16  3.0357E-01  1.2143E+00
   1335.05  1.4911E-01  5.9644E-01
   1335.94  1.5124E-01  6.0496E-01
   1336.83  1.5340E-01  6.1359E-01
   1337.72  1.0026E-01  4.0104E-01
   1338.61  1.0174E-01  4.0697E-01
   1339.51  7.3337E-02  2.9335E-01
   1340.40  7.4448E-02  2.9779E-01
   1341.29  7.5575E-02  3.0230E-01
   1342.19  7.5733E-02  3.0293E-01
   1343.08  7.6301E-02  3.0520E-01
   1343.98  7.7454E-02  3.0982E-01
   1344.88  7.8624E-02  3.1450E-01
   1345.77  8.0126E-02  3.2051E-01
   1346.67  8.1954E-02  3.2782E-01
   1347.57  8.4674E-02  3.3870E-01
   1348.47  1.1983E-01  4.7934E-01
   1349.37  1.2159E-01  4.8634E-01
   1350.27  1.2336E-01  4.9344E-01
   1351.17  1.2516E-01  5.0064E-01
   1352.07  1.9701E-01  7.8803E-01
   1352.97  1.9978E-01  7.9911E-01
   1353.87  3.4529E-01  1.3811E+00
   1354.77  3.4991E-01  1.3996E+00
   1355.68  3.5459E-01  1.4184E+00
   1356.58  1.6709E-01  6.6834E-01
   1357.49  1.6947E-01  6.7787E-01
   1358.39  1.7188E-01  6.8753E-01
   1359.30  1.1542E-01  4.6168E-01
   1360.20  1.1712E-01  4.6848E-01
   1361.11  1.1884E-01  4.7537E-01
   1362.02  1.0796E-01  4.3186E-01
   1362.93  1.0576E-01  4.2303E-01
   1363.84  1.0733E-01  4.2931E-01
   1364.75  1.0850E-01  4.3399E-01
   1365.66  1.1011E-01  4.4042E-01
   1366.57  1.1174E-01  4.4694E-01
   1367.48  1.1339E-01  4.5356E-01
   1368.39  1.1509E-01  4.6035E-01
   1369.30  1.1679E-01  4.6715E-01
   1370.22  1.1851E-01  4.7405E-01
   1371.13  1.2050E-01  4.8201E-01
   1372.04  1.2558E-01  5.0232E-01
   1372.96  1.2743E-01  5.0970E-01
   1373.87  1.5614E-01  6.2455E-01
   1374.79  1.5840E-01  6.3360E-01
   1375.71  1.6070E-01  6.4279E-01
   1376.62  2.1615E-01  8.6458E-01
   1377.54  2.1922E-01  8.7687E-01
   1378.46  1.8698E-01  7.4790E-01
   1379.38  1.8966E-01  7.5862E-01
   1380.30  1.9237E-01  7.6947E-01
   1381.22  1.9512E-01  7.8047E-01
   1382.14  1.9790E-01  7.9161E-01
   1383.06  1.6637E-01  6.6548E-01
   1383.99  1.6877E-01  6.7510E-01
   1384.91  1.5007E-01  6.0029E-01
   1385.83  1.5226E-01  6.0903E-01
   1386.76  1.5447E-01  6.1789E-01
   1387.68  1.5619E-01  6.2476E-01
   1388.61  1.5846E-01  6.3383E-01
   1389.53  1.6076E-01  6.4303E-01
   1390.46  1.6308E-01  6.5230E-01
   1391.39  1.6544E-01  6.6175E-01
   1392.31  1.6783E-01  6.7133E-01
   1393.24  1.7026E-01  6.8104E-01
   1394.17  1.7272E-01  6.9088E-01
   1395.10  1.7521E-01  7.0086E-01
   1396.03  1.7776E-01  7.1103E-01
   1396.96  1.8032E-01  7.2128E-01
   1397.89  1.8353E-01  7.3412E-01
   1398.83  1.8617E-01  7.4469E-01
   1399.76  1.9689E-01  7.8755E-01
   1400.69  1.9971E-01  7.9883E-01
   1401.63  2.3122E-01  9.2489E-01
   1402.56  2.3450E-01  9.3799E-01
   1403.50  2.3782E-01  9.5127E-01
   1404.43  2.5607E-01  1.0243E+00
   1405.37  2.5967E-01  1.0387E+00
   1406.31  2.6323E-01  1.0529E+00
   1407.24  2.6702E-01  1.0681E+00
   1408.18  2.3155E-01  9.2620E-01
   1409.12  2.3483E-01  9.3932E-01
   1410.06  2.2381E-01  8.9524E-01
   1411.00  2.2508E-01  9.0030E-01
   1411.94  2.2646E-01  9.0586E-01
   1412.88  2.2968E-01  9.1873E-01
   1413.83  2.3282E-01  9.3129E-01
   1414.77  2.3613E-01  9.4450E-01
   1415.71  2.3947E-01  9.5790E-01
   1416.66  2.4287E-01  9.7147E-01
   1417.60  2.4630E-01  9.8522E-01
   1418.55  2.4979E-01  9.9915E-01
   1419.49  2.5332E-01  1.0133E+00
   1420.44  2.5689E-01  1.0276E+00
   1421.39  2.6052E-01  1.0421E+00
   1422.34  2.6419E-01  1.0568E+00
   1423.28  2.6791E-01  1.0717E+00
   1424.23  2.7169E-01  1.0868E+00
   1425.18  2.7565E-01  1.1026E+00
   1426.13  2.7962E-01  1.1185E+00
   1427.08  2.9079E-01  1.1631E+00
   1428.04  2.9486E-01  1.1794E+00
   1428.99  2.9898E-01  1.1959E+00
   1429.94  3.3341E-01  1.3337E+00
   1430.89  3.3804E-01  1.3521E+00
   1431.85  3.4272E-01  1.3709E+00
   1432.80  3.4751E-01  1.3901E+00
   1433.76  3.5232E-01  1.4093E+00
   1434.72  3.5719E-01  1.4288E+00
   1435.67  3.3810E-01  1.3524E+00
   1436.63  3.2934E-01  1.3173E+00
   1437.59  3.3391E-01  1.3357E+00
   1438.55  3.3479E-01  1.3392E+00
   1439.51  3.3944E-01  1.3577E+00
   1440.47  3.4394E-01  1.3757E+00
   1441.43  3.4870E-01  1.3948E+00
   1442.39  3.5353E-01  1.4141E+00
   1443.35  3.5843E-01  1.4337E+00
   1444.31  3.6338E-01  1.4535E+00
   1445.27  3.6840E-01  1.4736E+00
   1446.24  3.7349E-01  1.4940E+00
   1447.20  3.7864E-01  1.5146E+00
   1448.17  3.8386E-01  1.5354E+00
   1449.13  3.8915E-01  1.5566E+00
   1450.10  3.9450E-01  1.5780E+00
   1451.07  3.9993E-01  1.5997E+00
   1452.03  4.0542E-01  1.6217E+00
   1453.00  4.1100E-01  1.6440E+00
   1453.97  4.1664E-01  1.6665E+00
   1454.94  4.2235E-01  1.6894E+00
   1455.91  4.2945E-01  1.7178E+00
   1456.88  4.4446E-01  1.7778E+00
   1457.85  4.5052E-01  1.8021E+00
   1458.83  4.6755E-01  1.8702E+00
   1459.80  4.8536E-01  1.9414E+00
   1460.77  4.9195E-01  1.9678E+00
   1461.75  4.9862E-01  1.9945E+00
   1462.72  5.0538E-01  2.0215E+00
   1463.70  5.1223E-01  2.0489E+00
   1464.67  5.0204E-01  2.0081E+00
   1465.65  4.9290E-01  1.9716E+00
   1466.63  4.9959E-01  1.9983E+00
   1467.61  5.0636E-01  2.0254E+00
   1468.58  5.1044E-01  2.0418E+00
   1469.56  5.1735E-01  2.0694E+00
   1470.54  5.2427E-01  2.0971E+00
   1471.52  5.3135E-01  2.1254E+00
   1472.51  5.3853E-01  2.1541E+00
   1473.49  5.4579E-01  2.1832E+00
   1474.47  5.5314E-01  2.2126E+00
   1475.45  5.6059E-01  2.2424E+00
   1476.44  5.6813E-01  2.2725E+00
   1477.42  5.7577E-01  2.3031E+00
   1478.41  5.8350E-01  2.3340E+00
   1479.39  5.9133E-01  2.3653E+00
   1480.38  5.9926E-01  2.3970E+00
   1481.37  6.0729E-01  2.4291E+00
   1482.35  6.1542E-01  2.4617E+00
   1483.34  6.2489E-01  2.4996E+00
   1484.33  6.3324E-01  2.5330E+00
   1485.32  6.4170E-01  2.5668E+00
   1486.31  6.5026E-01  2.6010E+00
   1487.30  6.7116E-01  2.6846E+00
   1488.30  6.8008E-01  2.7203E+00
   1489.29  7.2042E-01  2.8817E+00
   1490.28  7.2996E-01  2.9199E+00
   1491.28  7.5914E-01  3.0366E+00
   1492.27  7.6916E-01  3.0767E+00
   1493.26  7.7930E-01  3.1172E+00
   1494.26  7.6555E-01  3.0622E+00
   1495.26  7.7564E-01  3.1026E+00
   1496.25  7.8587E-01  3.1435E+00
   1497.25  7.9621E-01  3.1849E+00
   1498.25  7.6128E-01  3.0451E+00
   1499.25  7.7132E-01  3.0853E+00
   1500.25  7.8149E-01  3.1260E+00
   1501.25  7.9179E-01  3.1671E+00
   1502.25  8.0105E-01  3.2042E+00
   1503.25  8.1158E-01  3.2463E+00
   1504.26  8.2223E-01  3.2889E+00
   1505.26  8.3303E-01  3.3321E+00
   1506.26  8.4396E-01  3.3758E+00
   1507.27  8.5502E-01  3.4201E+00
   1508.27  8.6621E-01  3.4649E+00
   1509.28  8.7755E-01  3.5102E+00
   1510.28  8.8902E-01  3.5561E+00
   1511.29  9.0063E-01  3.6025E+00
   1512.30  9.1239E-01  3.6496E+00
   1513.31  9.2429E-01  3.6971E+00
   1514.32  9.3633E-01  3.7453E+00
   1515.33  9.4852E-01  3.7941E+00
   1516.34  9.6088E-01  3.8435E+00
   1517.35  9.7337E-01  3.8935E+00
   1518.36  1.0121E+00  4.0484E+00
   1519.37  1.0254E+00  4.1014E+00
   1520.39  1.0388E+00  4.1551E+00
   1521.40  1.0523E+00  4.2094E+00
   1522.41  1.1644E+00  4.6577E+00
   1523.43  1.1802E+00  4.7208E+00
   1524.45  1.4475E+00  5.7900E+00
   1525.46  1.4692E+00  5.8767E+00
   1526.48  1.4912E+00  5.9647E+00
   1527.50  1.3933E+00  5.5731E+00
   1528.52  1.4132E+00  5.6529E+00
   1529.54  1.4335E+00  5.7339E+00
   1530.56  1.4540E+00  5.8160E+00
   1531.58  1.4748E+00  5.8994E+00
   1532.60  1.3063E+00  5.2252E+00
   1533.62  1.3229E+00  5.2916E+00
   1534.64  1.2236E+00  4.8944E+00
   1535.67  1.2392E+00  4.9570E+00
   1536.69  1.2421E+00  4.9683E+00
   1537.71  1.2580E+00  5.0318E+00
   1538.74  1.2735E+00  5.0939E+00
   1539.77  1.2897E+00  5.1589E+00
   1540.79  1.3060E+00  5.2242E+00
   1541.82  1.3227E+00  5.2907E+00
   1542.85  1.3395E+00  5.3580E+00
   1543.88  1.3565E+00  5.4262E+00
   1544.91  1.3738E+00  5.4951E+00
   1545.94  1.3912E+00  5.5648E+00
   1546.97  1.4089E+00  5.6354E+00
   1548.00  1.4267E+00  5.7068E+00
   1549.03  1.4448E+00  5.7792E+00
   1550.07  1.4639E+00  5.8557E+00
   1551.10  1.4831E+00  5.9326E+00
   1552.13  1.5086E+00  6.0342E+00
   1553.17  1.5357E+00  6.1429E+00
   1554.20  2.2017E+00  8.8068E+00
   1555.24  2.2286E+00  8.9145E+00
   1556.28  2.2559E+00  9.0234E+00
   1557.32  2.2834E+00  9.1336E+00
   1558.35  3.6912E+00  1.4765E+01
   1559.39  3.7344E+00  1.4937E+01
   1560.43  3.7780E+00  1.5112E+01
   1561.47  9.2927E+00  3.7171E+01
   1562.52  9.3933E+00  3.7573E+01
   1563.56  9.4948E+00  3.7979E+01
   1564.60  1.3402E+01  5.3606E+01
   1565.64  1.3541E+01  5.4165E+01
   1566.69  1.3685E+01  5.4742E+01
   1567.73  1.3831E+01  5.5322E+01
   1568.78  2.2035E+01  8.8141E+01
   1569.82  2.2309E+01  8.9235E+01
   1570.87  2.2551E+01  9.0203E+01
   1571.92  2.2795E+01  9.1181E+01
   1572.97  2.3041E+01  9.2162E+01
   1574.02  2.3656E+01  9.4624E+01
   1575.06  2.3925E+01  9.5701E+01
   1576.12  2.4195E+01  9.6780E+01
   1577.17  2.4468E+01  9.7871E+01
   1578.22  2.4738E+01  9.8953E+01
   1579.27  3.9069E+01  1.5628E+02
   1580.32  3.9410E+01  1.5764E+02
   1581.38  4.0621E+01  1.6249E+02
   1582.43  4.0986E+01  1.6394E+02
   1583.49  4.0616E+01  1.6246E+02
   1584.54  4.1007E+01  1.6403E+02
   1585.60  4.1424E+01  1.6570E+02
   1586.66  4.1863E+01  1.6745E+02
   1587.72  4.1575E+01  1.6630E+02
   1588.77  4.2035E+01  1.6814E+02
   1589.83  4.2509E+01  1.7004E+02
   1590.89  4.4367E+01  1.7747E+02
   1591.95  4.4848E+01  1.7939E+02
   1593.02  4.4427E+01  1.7771E+02
   1594.08  4.4884E+01  1.7954E+02
   1595.14  4.5332E+01  1.8133E+02
   1596.21  4.5775E+01  1.8310E+02
   1597.27  4.6233E+01  1.8493E+02
   1598.34  4.6238E+01  1.8495E+02
   1599.40  4.6684E+01  1.8674E+02
   1600.47  4.7127E+01  1.8851E+02
   1601.54  4.7567E+01  1.9027E+02
   1602.60  4.7175E+01  1.8870E+02
   1603.67  4.7622E+01  1.9049E+02
   1604.74  4.8093E+01  1.9237E+02
   1605.81  4.8549E+01  1.9420E+02
   1606.88  4.9033E+01  1.9613E+02
   1607.95  9.2052E+01  3.6821E+02
   1609.03  9.2805E+01  3.7122E+02
   1610.10  9.5727E+01  3.8291E+02
   1611.17  9.6605E+01  3.8642E+02
   1612.25  9.7451E+01  3.8980E+02
   1613.32  5.0203E+01  2.0081E+02
   1614.40  5.0722E+01  2.0289E+02
   1615.47  5.1396E+01  2.0558E+02
   1616.55  5.2011E+01  2.0804E+02
   1617.63  5.2607E+01  2.1043E+02
   1618.71  5.2189E+01  2.0875E+02
   1619.79  5.2791E+01  2.1116E+02
   1620.87  5.3453E+01  2.1381E+02
   1621.95  5.4081E+01  2.1633E+02
   1623.03  5.4712E+01  2.1885E+02
   1624.11  1.2817E+02  5.1266E+02
   1625.20  1.3005E+02  5.2018E+02
   1626.28  1.3226E+02  5.2904E+02
   1627.36  1.3431E+02  5.3725E+02
   1628.45  1.4317E+02  5.7270E+02
   1629.54  1.4509E+02  5.8035E+02
   1630.62  1.4777E+02  5.9109E+02
   1631.71  1.8980E+02  7.5922E+02
   1632.80  1.9369E+02  7.7476E+02
   1633.89  5.9828E+01  2.3931E+02
   1634.98  6.0557E+01  2.4223E+02
   1636.07  6.1257E+01  2.4503E+02
   1637.16  6.1989E+01  2.4796E+02
   1638.25  6.2725E+01  2.5090E+02
   1639.34  5.8531E+01  2.3413E+02
   1640.44  5.9227E+01  2.3691E+02
   1641.53  5.9942E+01  2.3977E+02
   1642.62  6.0626E+01  2.4250E+02
   1643.72  6.1334E+01  2.4533E+02
   1644.82  3.1844E+02  1.2738E+03
   1645.91  3.2701E+02  1.3080E+03
   1647.01  3.3093E+02  1.3237E+03
   1648.11  3.4106E+02  1.3643E+03
   1649.21  3.5016E+02  1.4006E+03
   1650.31  3.7122E+02  1.4849E+03
   1651.41  3.7834E+02  1.5134E+03
   1652.51  3.8410E+02  1.5364E+03
   1653.61  3.9794E+02  1.5918E+03
   1654.71  3.6235E+02  1.4494E+03
   1655.82  3.6821E+02  1.4728E+03
   1656.92  3.7679E+02  1.5072E+03
   1658.03  3.8944E+02  1.5578E+03
   1659.13  4.0183E+02  1.6073E+03
   1660.24  7.8407E+01  3.1363E+02
   1661.35  7.9314E+01  3.1726E+02
   1662.45  8.0386E+01  3.2155E+02
   1663.56  8.1441E+01  3.2576E+02
   1664.67  8.2526E+01  3.3010E+02
   1665.78  6.1770E+02  2.4708E+03
   1666.89  2.1563E+02  8.6250E+02
   1668.00  5.9182E+02  2.3673E+03
   1669.12  6.4363E+02  2.5745E+03
   1670.23  6.6327E+02  2.6531E+03
   1671.34  6.1002E+02  2.4401E+03
   1672.46  1.6459E+01  6.5835E+01
   1673.57  7.7837E+02  3.1135E+03
   1674.69  2.3567E+02  9.4270E+02
   1675.81  3.7156E+02  1.4862E+03
   1676.92  2.2339E+03  8.9355E+03
   1678.04  2.3542E+03  9.4166E+03
   1679.16  2.2817E+03  9.1268E+03
   1680.28  2.4481E+03  9.7924E+03
   1681.40  2.8718E+03  1.1487E+04
   1682.52  2.9019E+03  1.1608E+04
   1683.64  3.1374E+03  1.2550E+04
   1684.77  3.2473E+03  1.2989E+04
   1685.89  1.7805E+03  7.1218E+03
   1687.02  3.2746E+03  1.3099E+04
   1688.14  3.5691E+03  1.4276E+04
   1689.27  1.8195E+01  7.2782E+01
   1690.39  2.8726E+03  1.1490E+04
   1691.52  3.2198E+03  1.2879E+04
   1692.65  3.7074E+03  1.4830E+04
   1693.78  3.9858E+03  1.5943E+04
   1694.91  4.0743E+03  1.6297E+04
   1696.04  1.6782E+02  6.7130E+02
   1697.17  3.8244E+03  1.5298E+04
   1698.30  1.3289E+03  5.3155E+03
   1699.43  3.6230E+03  1.4492E+04
   1700.57  3.9465E+02  1.5786E+03
   1701.70  1.0000E-99  4.0000E-99
   1702.83  1.6811E+02  6.7242E+02
   1703.97  4.5611E+03  1.8245E+04
   1705.11  1.2563E+01  5.0252E+01
   1706.24  1.8839E+03  7.5358E+03
   1707.38  1.0048E+03  4.0193E+03
   1708.52  3.1851E+03  1.2740E+04
   1709.66  1.7703E+02  7.0811E+02
   1710.80  1.0000E-99  4.0000E-99
   1711.94  1.1531E+03  4.6124E+03
   1713.08  1.0000E-99  4.0000E-99
   1714.22  1.0000E-99  4.0000E-99
   1715.37  1.0000E-99  4.0000E-99
   1716.51  1.7534E+01  7.0136E+01
   1717.66  1.0000E-99  4.0000E-99
   1718.80  1.0000E-99  4.0000E-99
   1719.95  1.0000E-99  4.0000E-99
   1721.09  1.0000E-99  4.0000E-99
   1722.24  1.0000E-99  4.0000E-99
   1723.39  1.0000E-99  4.0000E-99
   1724.54  1.0000E-99  4.0000E-99
   1725.69  1.0000E-99  4.0000E-99
   1726.84  1.0000E-99  4.0000E-99
   1727.99  1.0000E-99  4.0000E-99
   1729.14  1.0000E-99  4.0000E-99
   1730.30  1.0000E-99  4.0000E-99
   1731.45  1.0000E-99  4.0000E-99
   1732.61  1.0346E+01  4.1383E+01
   1733.76  1.0000E-99  4.0000E-99
   1734.92  1.0000E-99  4.0000E-99
   1736.07  1.0000E-99  4.0000E-99
   1737.23  1.0000E-99  4.0000E-99
   1738.39  1.0000E-99  4.0000E-99
   1739.55  1.0000E-99  4.0000E-99
   1740.71  1.0000E-99  4.0000E-99
   1741.87  1.0000E-99  4.0000E-99
   1743.03  1.0000E-99  4.0000E-99
   1744.19  1.0000E-99  4.0000E-99
   1745.36  1.1664E+01  4.6656E+01
   1746.52  1.0000E-99  4.0000E-99
   1747.69  1.0000E-99  4.0000E-99
   1748.85  1.0000E-99  4.0000E-99
   1750.02  1.0000E-99  4.0000E-99
   1751.19  1.0000E-99  4.0000E-99
   1752.35  1.1603E+03  4.6414E+03
   1753.52  1.0000E-99  4.0000E-99
   1754.69  1.0000E-99  4.0000E-99
   1755.86  4.7977E+02  1.9191E+03
   1757.03  1.0000E-99  4.0000E-99
   1758.20  1.3184E+03  5.2736E+03
   1759.38  1.0000E-99  4.0000E-99
   1760.55  1.0000E-99  4.0000E-99
   1761.72  3.3886E+03  1.3554E+04
   1762.90  5.2784E+02  2.1114E+03
   1764.07  7.4631E+03  2.9852E+04
   1765.25  3.2897E+03  1.3159E+04
   1766.43  1.6075E+02  6.4299E+02
   1767.61  1.0000E-99  4.0000E-99
   1768.78  1.0000E-99  4.0000E-99
   1769.96  1.0000E-99  4.0000E-99
   1771.14  6.0715E+02  2.4286E+03
   1772.33  1.4169E+04  5.6677E+04
   1773.51  1.0000E-99  4.0000E-99
   1774.69  1.1429E+04  4.5717E+04
   1775.87  1.0000E-99  4.0000E-99
   1777.06  1.0000E-99  4.0000E-99
   1778.24  1.0000E-99  4.0000E-99
   1779.43  1.0000E-99  4.0000E-99
   1780.62  1.0000E-99  4.0000E-99
   1781.80  1.0000E-99  4.0000E-99
   1782.99  1.6869E+04  6.7474E+04
   1784.18  1.0000E-99  4.0000E-99
   1785.37  1.0000E-99  4.0000E-99
   1786.56  1.0000E-99  4.0000E-99
   1787.75  1.7140E+04  6.8558E+04
   1788.94  1.0000E-99  4.0000E-99
   1790.14  1.0000E-99  4.0000E-99
   1791.33  1.0000E-99  4.0000E-99
   1792.53  1.0000E-99  4.0000E-99
   1793.72  1.0000E-99  4.0000E-99
   1794.92  1.0000E-99  4.0000E-99
   1796.11  1.0000E-99  4.0000E-99
   1797.31  1.0000E-99  4.0000E-99
   1798.51  1.0000E-99  4.0000E-99
   1799.71  1.0000E-99  4.0000E-99
   1800.91  1.0000E-99  4.0000E-99
   1802.11  1.0000E-99  4.0000E-99
   1803.31  1.0000E-99  4.0000E-99
   1804.52  1.0631E+04  4.2525E+04
   1805.72  1.7876E+04  7.1505E+04
   1806.92  3.5967E+02  1.4387E+03
   1808.13  2.6617E+03  1.0647E+04
   1809.33  1.6471E+04  6.5883E+04
   1810.54  1.0000E-99  4.0000E-99
   1811.75  9.6655E+03  3.8662E+04
   1812.96  1.0000E-99  4.0000E-99
   1814.16  1.5281E+03  6.1125E+03
   1815.37  1.0000E-99  4.0000E-99
   1816.59  1.2989E+04  5.1955E+04
   1817.80  1.0000E-99  4.0000E-99
   1819.01  2.1322E+04  8.5288E+04
   1820.22  1.0818E+02  4.3274E+02
   1821.44  1.6926E+04  6.7705E+04
   1822.65  1.6849E+04  6.7396E+04
   1823.87  1.0000E-99  4.0000E-99
   1825.08  2.0207E+04  8.0827E+04
   1826.30  9.3677E+01  3.7471E+02
   1827.52  1.6816E+04  6.7262E+04
   1828.74  1.0000E-99  4.0000E-99
   1829.96  2.2335E+04  8.9339E+04
   1831.18  1.0000E-99  4.0000E-99
   1832.40  1.0000E-99  4.0000E-99
   1833.62  1.0000E-99  4.0000E-99
   1834.84  1.0000E-99  4.0000E-99
   1836.07  1.0000E-99  4.0000E-99
   1837.29  1.0000E-99  4.0000E-99
   1838.51  1.0000E-99  4.0000E-99
   1839.74  5.2495E+02  2.0998E+03
   1840.97  2.8572E+04  1.1429E+05
   1842.20  1.0000E-99  4.0000E-99
   1843.42  2.8786E+04  1.1515E+05
   1844.65  2.4554E+04  9.8217E+04
   1845.88  2.5591E+03  1.0236E+04
   1847.11  3.1798E+01  1.2719E+02
   1848.35  8.5878E+02  3.4351E+03
   1849.58  1.8203E+04  7.2813E+04
   1850.81  1.8046E+02  7.2183E+02
   1852.05  1.1525E+03  4.6099E+03
   1853.28  1.0681E+04  4.2725E+04
   1854.52  1.3750E+04  5.5001E+04
   1855.75  1.0000E-99  4.0000E-99
   1856.99  1.0000E-99  4.0000E-99
   1858.23  1.0000E-99  4.0000E-99
   1859.47  1.4215E+04  5.6861E+04
   1860.71  2.3386E+04  9.3543E+04
   1861.95  1.0000E-99  4.0000E-99
   1863.19  1.0000E-99  4.0000E-99
   1864.43  1.4714E+04  5.8856E+04
   1865.68  1.0000E-99  4.0000E-99
   1866.92  2.4202E+04  9.6807E+04
   1868.17  1.0000E-99  4.0000E-99
   1869.41  1.0000E-99  4.0000E-99
   1870.66  1.0000E-99  4.0000E-99
   1871.91  1.0424E+03  4.1697E+03
   1873.15  1.5583E+04  6.2333E+04
   1874.40  1.0000E-99  4.0000E-99
   1875.65  2.1165E+04  8.4661E+04
   1876.90  2.0645E+04  8.2582E+04
   1878.16  1.0000E-99  4.0000E-99
   1879.41  1.9193E+04  7.6772E+04
   1880.66  1.0837E+04  4.3349E+04
   1881.92  8.4980E+02  3.3992E+03
   1883.17  1.0000E-99  4.0000E-99
   1884.43  1.0000E-99  4.0000E-99
   1885.68  1.0000E-99  4.0000E-99
   1886.94  1.0000E-99  4.0000E-99
   1888.20  1.6297E+04  6.5187E+04
   1889.46  9.1367E+03  3.6547E+04
   1890.72  1.0000E-99  4.0000E-99
   1891.98  1.0000E-99  4.0000E-99
   1893.24  4.0579E+01  1.6231E+02
   1894.50  1.0000E-99  4.0000E-99
   1895.77  1.0000E-99  4.0000E-99
   1897.03  7.2529E+03  2.9012E+04
   1898.30  4.3986E+03  1.7594E+04
   1899.56  1.0000E-99  4.0000E-99
   1900.83  1.8313E+04  7.3252E+04
   1902.10  1.5062E+04  6.0247E+04
   1903.37  1.6784E+04  6.7138E+04
   1904.63  4.2101E+02  1.6840E+03
   1905.90  1.0000E-99  4.0000E-99
   1907.18  3.0623E+03  1.2249E+04
   1908.45  7.9058E+03  3.1623E+04
   1909.72  1.0000E-99  4.0000E-99
   1910.99  1.2376E+04  4.9505E+04
   1912.27  5.7394E+03  2.2958E+04
   1913.54  1.0379E+04  4.1514E+04
   1914.82  7.8105E+03  3.1242E+04
   1916.10  1.0000E-99  4.0000E-99
   1917.37  2.3097E+03  9.2386E+03
   1918.65  5.7553E+01  2.3021E+02
   1919.93  1.3524E+04  5.4094E+04
   1921.21  1.0000E-99  4.0000E-99
   1922.49  1.1777E+04  4.7107E+04
   1923.78  1.2953E+04  5.1812E+04
   1925.06  1.0000E-99  4.0000E-99
   1926.34  1.4196E+04  5.6784E+04
   1927.63  3.5289E+03  1.4116E+04
   1928.91  5.6351E+03  2.2540E+04
   1930.20  3.9296E+03  1.5718E+04
   1931.49  3.4473E+03  1.3789E+04
   1932.77  8.8490E+03  3.5396E+04
   1934.06  1.1104E+04  4.4416E+04
   1935.35  1.2861E+04  5.1444E+04
   1936.64  1.0726E+03  4.2902E+03
   1937.93  1.1062E+04  4.4247E+04
   1939.23  1.0879E+04  4.3514E+04
   1940.52  9.2738E+03  3.7095E+04
   1941.81  4.4898E+03  1.7959E+04
   1943.11  1.8291E+03  7.3165E+03
   1944.41  2.6307E+03  1.0523E+04
   1945.70  8.3133E+03  3.3253E+04
   1947.00  1.7078E+02  6.8312E+02
   1948.30  2.4002E+03  9.6010E+03
   1949.60  7.4406E+01  2.9762E+02
   1950.90  1.2267E+04  4.9069E+04
   1952.20  1.1509E+04  4.6036E+04
   1953.50  5.4976E+03  2.1990E+04
   1954.80  5.5310E+03  2.2124E+04
   1956.11  3.1269E+02  1.2507E+03
   1957.41  4.9051E+03  1.9621E+04
   1958.72  6.8868E+01  2.7547E+02
   1960.02  1.4408E+04  5.7630E+04
   1961.33  1.4537E+04  5.8150E+04
   1962.64  9.9706E+03  3.9882E+04
   1963.95  1.3690E+04  5.4760E+04
   1965.26  4.5319E+03  1.8127E+04
   1966.57  8.5439E+01  3.4176E+02
   1967.88  1.0564E+03  4.2256E+03
   1969.19  6.2342E+02  2.4937E+03
   1970.50  1.3263E+04  5.3053E+04
   1971.82  1.1507E+04  4.6029E+04
   1973.13  6.7630E+03  2.7052E+04
   1974.45  1.3806E+04  5.5225E+04
   1975.76  7.6815E+03  3.0726E+04
   1977.08  1.5064E+04  6.0257E+04
   1978.40  1.5439E+04  6.1754E+04
   1979.72  1.5497E+04  6.1988E+04
   1981.04  1.4944E+04  5.9778E+04
   1982.36  1.3515E+04  5.4059E+04
   1983.68  1.5821E+04  6.3285E+04
   1985.01  1.2828E+04  5.1311E+04
   1986.33  9.0551E+01  3.6220E+02
   1987.65  1.7910E+04  7.1641E+04
   1988.98  8.1158E+01  3.2463E+02
   1990.31  1.6813E+04  6.7254E+04
   1991.63  7.1228E+03  2.8491E+04
   1992.96  1.2126E+04  4.8505E+04
   1994.29  9.0059E+03  3.6023E+04
   1995.62  9.4636E+03  3.7854E+04
   1996.95  1.3721E+04  5.4884E+04
   1998.28  1.6251E+04  6.5005E+04
   1999.62  1.1390E+04  4.5562E+04
   2000.95  9.5619E+03  3.8248E+04
   2002.28  1.4028E+04  5.6111E+04
   2003.62  1.9971E+04  7.9885E+04
   2004.96  1.0548E+04  4.2193E+04
   2006.29  1.1649E+04  4.6594E+04
   2007.63  1.0000E-99  4.0000E-99
   2008.97  5.0411E+03  2.0165E+04
   2010.31  1.8498E+04  7.3992E+04
   2011.65  2.0488E+02  8.1951E+02
   2012.99  1.5156E+04  6.0624E+04
   2014.33  1.6745E+04  6.6982E+04
   2015.68  2.3530E+04  9.4120E+04
   2017.02  1.8755E+04  7.5021E+04
   2018.37  2.2469E+04  8.9875E+04
   2019.71  4.3349E+02  1.7340E+03
   2021.06  1.0000E-99  4.0000E-99
   2022.41  3.9136E+04  1.5654E+05
   2023.76  4.0148E+04  1.6059E+05
   2025.10  1.5633E+03  6.2533E+03
   2026.46  1.0425E+02  4.1699E+02
   2027.81  4.6556E+04  1.8623E+05
   2029.16  3.0355E+04  1.2142E+05
   2030.51  4.0121E+04  1.6048E+05
   2031.87  3.8180E+04  1.5272E+05
   2033.22  3.4980E+02  1.3992E+03
   2034.58  4.5290E+04  1.8116E+05
   2035.93  6.5611E+04  2.6244E+05
   2037.29  1.0000E-99  4.0000E-99
   2038.65  3.0954E+04  1.2382E+05
   2040.01  1.0000E-99  4.0000E-99
   2041.37  1.0000E-99  4.0000E-99
   2042.73  1.0000E-99  4.0000E-99
   2044.09  2.2396E+04  8.9583E+04
   2045.46  1.9559E+04  7.8235E+04
   2046.82  7.8171E+04  3.1268E+05
   2048.19  8.3537E+04  3.3415E+05
   2049.55  1.0769E+03  4.3075E+03
   2050.92  1.9650E+04  7.8602E+04
   2052.29  5.2487E+04  2.0995E+05
   2053.65  7.2095E+04  2.8838E+05
   2055.02  1.0000E-99  4.0000E-99
   2056.39  5.2617E+04  2.1047E+05
   2057.77  1.0000E-99  4.0000E-99
   2059.14  8.4335E+04  3.3734E+05
   2060.51  6.7445E+04  2.6978E+05
   2061.89  1.8558E+04  7.4233E+04
   2063.26  8.4532E+04  3.3813E+05
   2064.64  1.0000E-99  4.0000E-99
   2066.01  8.6445E+04  3.4578E+05
   2067.39  5.6978E+04  2.2791E+05
   2068.77  8.5513E+04  3.4205E+05
   2070.15  1.1325E+05  4.5299E+05
   2071.53  2.2910E+04  9.1640E+04
   2072.91  3.0708E+04  1.2283E+05
   2074.29  1.0000E-99  4.0000E-99
   2075.68  1.9452E+04  7.7809E+04
   2077.06  5.1982E+03  2.0793E+04
   2078.45  2.3820E+04  9.5279E+04
   2079.83  1.1849E+04  4.7397E+04
   2081.22  6.9297E+04  2.7719E+05
   2082.61  8.4171E+03  3.3668E+04
   2084.00  9.0098E+04  3.6039E+05
   2085.39  1.1727E+05  4.6907E+05
   2086.78  9.1228E+04  3.6491E+05
   2088.17  1.5383E+02  6.1533E+02
   2089.56  1.0000E-99  4.0000E-99
   2090.95  1.2143E+05  4.8570E+05
   2092.35  1.5932E+03  6.3730E+03
   2093.74  1.1855E+05  4.7422E+05
   2095.14  1.2035E+05  4.8140E+05
   2096.54  1.3664E+03  5.4657E+03
   2097.94  1.2535E+05  5.0138E+05
   2099.33  1.1605E+05  4.6420E+05
   2100.73  5.1070E+03  2.0428E+04
   2102.14  1.4427E+05  5.7706E+05
   2103.54  2.8294E+03  1.1317E+04
   2104.94  1.3535E+05  5.4138E+05
   2106.34  1.4065E+05  5.6261E+05
   2107.75  1.4100E+05  5.6401E+05
   2109.15  1.1841E+05  4.7364E+05
   2110.56  2.2092E+02  8.8368E+02
   2111.97  1.4677E+05  5.8706E+05
   2113.38  1.4677E+05  5.8710E+05
   2114.79  1.2057E+05  4.8230E+05
   2116.20  1.4945E+05  5.9778E+05
   2117.61  1.4099E+05  5.6395E+05
   2119.02  1.0061E+03  4.0243E+03
   2120.43  1.0748E+05  4.2991E+05
   2121.85  1.8848E+02  7.5392E+02
   2123.26  1.2332E+05  4.9327E+05
   2124.68  9.1379E+02  3.6552E+03
   2126.09  2.7258E+03  1.0903E+04
   2127.51  1.4960E+05  5.9839E+05
   2128.93  1.5272E+05  6.1090E+05
   2130.35  2.4643E+03  9.8572E+03
   2131.77  1.1721E+05  4.6885E+05
   2133.19  1.5594E+05  6.2376E+05
   2134.62  1.4200E+05  5.6802E+05
   2136.04  1.4505E+05  5.8020E+05
   2137.46  1.5758E+05  6.3033E+05
   2138.89  1.5345E+05  6.1380E+05
   2140.31  5.2787E+03  2.1115E+04
   2141.74  4.8849E+02  1.9540E+03
   2143.17  1.5518E+05  6.2071E+05
   2144.60  1.4424E+05  5.7695E+05
   2146.03  1.5211E+05  6.0845E+05
   2147.46  2.4322E+03  9.7289E+03
   2148.89  1.0062E+05  4.0248E+05
   2150.33  1.6165E+05  6.4658E+05
   2151.76  2.2342E+02  8.9366E+02
   2153.19  1.6098E+05  6.4391E+05
   2154.63  1.5301E+05  6.1206E+05
   2156.07  1.4615E+05  5.8459E+05
   2157.51  1.4454E+05  5.7818E+05
   2158.94  1.3553E+05  5.4213E+05
   2160.38  1.4448E+05  5.7793E+05
   2161.82  1.4983E+05  5.9933E+05
   2163.27  1.6979E+05  6.7915E+05
   2164.71  1.6622E+05  6.6489E+05
   2166.15  1.5158E+05  6.0633E+05
   2167.60  2.4285E+03  9.7139E+03
   2169.04  2.4620E+02  9.8481E+02
   2170.49  1.0365E+04  4.1458E+04
   2171.94  1.9358E+04  7.7433E+04
   2173.38  1.4433E+05  5.7731E+05
   2174.83  3.1528E+04  1.2611E+05
   2176.28  1.7090E+05  6.8360E+05
   2177.74  1.5700E+05  6.2799E+05
   2179.19  1.1056E+05  4.4225E+05
   2180.64  1.5111E+05  6.0444E+05
   2182.10  1.8142E+05  7.2570E+05
   2183.55  1.7014E+05  6.8058E+05
   2185.01  1.6497E+05  6.5989E+05
   2186.46  1.6609E+05  6.6437E+05
   2187.92  2.9375E+03  1.1750E+04
   2189.38  1.2597E+05  5.0387E+05
   2190.84  1.8400E+05  7.3602E+05
   2192.30  1.1876E+04  4.7502E+04
   2193.76  1.1772E+05  4.7089E+05
   2195.23  1.7374E+05  6.9497E+05
   2196.69  7.9833E+02  3.1933E+03
   2198.16  1.8517E+05  7.4068E+05
   2199.62  1.6603E+05  6.6411E+05
   2201.09  1.2845E+03  5.1379E+03
   2202.56  1.5278E+05  6.1114E+05
   2204.03  1.9190E+05  7.6759E+05
   2205.49  8.4504E+04  3.3801E+05
   2206.97  1.4397E+05  5.7588E+05
   2208.44  1.1145E+05  4.4578E+05
   2209.91  9.5379E+04  3.8152E+05
   2211.38  3.2256E+03  1.2902E+04
   2212.86  1.7065E+05  6.8258E+05
   2214.33  1.8574E+05  7.4298E+05
   2215.81  2.0134E+05  8.0535E+05
   2217.29  1.6888E+03  6.7550E+03
   2218.77  6.6872E+02  2.6749E+03
   2220.25  1.2979E+05  5.1916E+05
   2221.73  1.8852E+05  7.5409E+05
   2223.21  1.9408E+05  7.7631E+05
   2224.69  1.9620E+05  7.8479E+05
   2226.18  2.0817E+05  8.3266E+05
   2227.66  1.2283E+05  4.9131E+05
   2229.15  2.0639E+05  8.2556E+05
   2230.63  1.0000E-99  4.0000E-99
   2232.12  1.6767E+05  6.7068E+05
   2233.61  1.6470E+05  6.5880E+05
   2235.10  9.4246E+03  3.7698E+04
   2236.59  1.1252E+05  4.5009E+05
   2238.08  2.0900E+05  8.3598E+05
   2239.57  1.0000E-99  4.0000E-99
   2241.07  1.9544E+05  7.8176E+05
   2242.56  8.2491E+04  3.2996E+05
   2244.06  2.0324E+05  8.1298E+05
   2245.55  2.1258E+05  8.5033E+05
   2247.05  2.0740E+05  8.2960E+05
   2248.55  2.1661E+05  8.6642E+05
   2250.05  1.0000E-99  4.0000E-99
   2251.55  2.0058E+05  8.0233E+05
   2253.05  1.8285E+05  7.3140E+05
   2254.55  1.8447E+05  7.3786E+05
   2256.06  2.2210E+05  8.8841E+05
   2257.56  1.8277E+05  7.3108E+05
   2259.07  1.6454E+05  6.5816E+05
   2260.57  1.3379E+05  5.3514E+05
   2262.08  2.1265E+05  8.5062E+05
   2263.59  1.9166E+05  7.6662E+05
   2265.10  3.3175E+03  1.3270E+04
   2266.61  2.0288E+05  8.1152E+05
   2268.12  1.7215E+05  6.8858E+05
   2269.63  2.2130E+05  8.8521E+05
   2271.15  1.5074E+05  6.0296E+05
   2272.66  2.3237E+05  9.2948E+05
   2274.18  2.8456E+04  1.1383E+05
   2275.69  1.0328E+05  4.1312E+05
   2277.21  1.0649E+05  4.2598E+05
   2278.73  2.2736E+05  9.0943E+05
   2280.25  1.4716E+05  5.8864E+05
   2281.77  2.0759E+05  8.3038E+05
   2283.29  2.3821E+05  9.5283E+05
   2284.81  2.2121E+04  8.8483E+04
   2286.34  6.6577E+04  2.6631E+05
   2287.86  2.1932E+05  8.7730E+05
   2289.39  2.1295E+05  8.5179E+05
   2290.91  2.2793E+05  9.1172E+05
   2292.44  2.4192E+05  9.6769E+05
   2293.97  3.0553E+04  1.2221E+05
   2295.50  2.0216E+05  8.0864E+05
   2297.03  2.3978E+05  9.5913E+05
   2298.56  6.8979E+04  2.7592E+05
   2300.10  2.2005E+05  8.8021E+05
   2301.63  2.4975E+05  9.9898E+05
   2303.16  1.4533E+05  5.8133E+05
   2304.70  2.0233E+05  8.0933E+05
   2306.24  2.1857E+05  8.7426E+05
   2307.77  1.9823E+05  7.9291E+05
   2309.31  2.4815E+05  9.9261E+05
   2310.85  2.5160E+05  1.0064E+06
   2312.39  2.5331E+05  1.0132E+06
   2313.94  2.1261E+05  8.5044E+05
   2315.48  2.5919E+05  1.0368E+06
   2317.02  1.8891E+05  7.5563E+05
   2318.57  2.3414E+05  9.3658E+05
   2320.12  2.6024E+05  1.0410E+06
   2321.66  2.3841E+05  9.5364E+05
   2323.21  2.5913E+05  1.0365E+06
   2324.76  1.7859E+05  7.1438E+05
   2326.31  2.6083E+05  1.0433E+06
   2327.86  3.2465E+03  1.2986E+04
   2329.41  2.4733E+05  9.8931E+05
   2330.97  2.6649E+05  1.0660E+06
   2332.52  2.2952E+05  9.1807E+05
   2334.08  2.2713E+05  9.0851E+05
   2335.63  1.5105E+05  6.0419E+05
   2337.19  2.0291E+05  8.1165E+05
   2338.75  2.3369E+05  9.3476E+05
   2340.31  1.0000E-99  4.0000E-99
   2341.87  4.3218E+03  1.7287E+04
   2343.43  2.6762E+05  1.0705E+06
   2344.99  2.4956E+05  9.9825E+05
   2346.56  2.7679E+05  1.1072E+06
   2348.12  2.7378E+05  1.0951E+06
   2349.69  2.6293E+05  1.0517E+06
   2351.26  2.5270E+05  1.0108E+06
   2352.82  1.0000E-99  4.0000E-99
   2354.39  2.2640E+05  9.0562E+05
   2355.96  2.3536E+05  9.4146E+05
   2357.53  2.6336E+05  1.0534E+06
   2359.11  2.8280E+05  1.1312E+06
   2360.68  2.8402E+05  1.1361E+06
   2362.25  2.8043E+05  1.1217E+06
   2363.83  2.3047E+05  9.2189E+05
   2365.41  2.8282E+05  1.1313E+06
   2366.98  2.8921E+05  1.1568E+06
   2368.56  6.9549E+03  2.7819E+04
   2370.14  6.2131E+03  2.4852E+04
   2371.72  2.5828E+05  1.0331E+06
   2373.30  2.5921E+05  1.0368E+06
   2374.89  2.8856E+05  1.1542E+06
   2376.47  2.7570E+05  1.1028E+06
   2378.05  2.0200E+05  8.0799E+05
   2379.64  7.0961E+03  2.8384E+04
   2381.23  9.0161E+04  3.6064E+05
   2382.82  2.9721E+05  1.1888E+06
   2384.40  2.2982E+04  9.1930E+04
   2385.99  2.7240E+05  1.0896E+06
   2387.59  2.7669E+05  1.1068E+06
   2389.18  2.9031E+05  1.1612E+06
   2390.77  1.3420E+05  5.3678E+05
   2392.37  2.9174E+05  1.1670E+06
   2393.96  2.9576E+05  1.1830E+06
   2395.56  2.3683E+05  9.4734E+05
   2397.15  3.0238E+05  1.2095E+06
   2398.75  1.0000E-99  4.0000E-99
   2400.35  1.7391E+05  6.9564E+05
   2401.95  2.9272E+05  1.1709E+06
   2403.56  2.9048E+05  1.1619E+06
   2405.16  2.5959E+05  1.0384E+06
   2406.76  2.8581E+05  1.1432E+06
   2408.37  1.0261E+05  4.1042E+05
   2409.97  8.8536E+04  3.5414E+05
   2411.58  2.6605E+03  1.0642E+04
   2413.19  2.2592E+05  9.0367E+05
   2414.80  2.5897E+05  1.0359E+06
   2416.41  1.5734E+05  6.2935E+05
   2418.02  1.1096E+04  4.4384E+04
   2419.63  2.7893E+05  1.1157E+06
   2421.25  1.5814E+04  6.3257E+04
   2422.86  2.0422E+05  8.1688E+05
   2424.48  2.7181E+05  1.0873E+06
   2426.09  2.8631E+05  1.1452E+06
   2427.71  2.8306E+05  1.1322E+06
   2429.33  3.0802E+05  1.2321E+06
   2430.95  2.3663E+05  9.4652E+05
   2432.57  2.9060E+05  1.1624E+06
   2434.19  2.4437E+05  9.7749E+05
   2435.82  1.0758E+04  4.3031E+04
   2437.44  3.1704E+05  1.2682E+06
   2439.07  3.1707E+05  1.2683E+06
   2440.69  2.7541E+05  1.1016E+06
   2442.32  4.4037E+03  1.7615E+04
   2443.95  1.9436E+05  7.7746E+05
   2445.58  2.6814E+05  1.0726E+06
   2447.21  3.2038E+05  1.2815E+06
   2448.84  3.2707E+05  1.3083E+06
   2450.47  2.4738E+05  9.8950E+05
   2452.11  1.3531E+03  5.4123E+03
   2453.74  3.0979E+05  1.2392E+06
   2455.38  2.9719E+05  1.1888E+06
   2457.02  3.0544E+05  1.2218E+06
   2458.66  3.1442E+05  1.2577E+06
   2460.30  3.3410E+05  1.3364E+06
   2461.94  2.8558E+05  1.1423E+06
   2463.58  1.1263E+04  4.5052E+04
   2465.22  2.8226E+05  1.1291E+06
   2466.87  3.3228E+05  1.3291E+06
   2468.51  2.0751E+05  8.3004E+05
   2470.16  2.8075E+05  1.1230E+06
   2471.80  2.9854E+05  1.1941E+06
   2473.45  6.4233E+03  2.5693E+04
   2475.10  2.6640E+05  1.0656E+06
   2476.75  2.8854E+05  1.1542E+06
   2478.40  2.5592E+05  1.0237E+06
   2480.06  6.1469E+04  2.4588E+05
   2481.71  1.6507E+05  6.6028E+05
   2483.37  1.0174E+04  4.0695E+04
   2485.02  4.7554E+03  1.9022E+04
   2486.68  5.3482E+04  2.1393E+05
   2488.34  1.1699E+04  4.6796E+04
   2490.00  2.7919E+04  1.1168E+05
   2491.66  5.2333E+03  2.0933E+04
   2493.32  8.5324E+03  3.4130E+04
   2494.98  1.1550E+03  4.6199E+03
   2496.64  2.4610E+05  9.8440E+05
   2498.31  3.3431E+05  1.3373E+06
   2499.98  2.6286E+05  1.0514E+06
   2501.64  2.3875E+04  9.5500E+04
   2503.31  2.7304E+05  1.0922E+06
   2504.98  3.0409E+05  1.2163E+06
   2506.65  6.0219E+04  2.4087E+05
   2508.32  7.0173E+04  2.8069E+05
   2510.00  2.6612E+05  1.0645E+06
   2511.67  5.4461E+03  2.1785E+04
   2513.34  2.0909E+05  8.3636E+05
   2515.02  1.2246E+03  4.8985E+03
   2516.70  2.4168E+03  9.6672E+03
   2518.38  6.8639E+03  2.7456E+04
   2520.06  4.2870E+03  1.7148E+04
   2521.74  3.2471E+03  1.2988E+04
   2523.42  5.2787E+03  2.1115E+04
   2525.10  4.7774E+03  1.9110E+04
   2526.78  1.9527E+05  7.8107E+05
   2528.47  1.1596E+04  4.6384E+04
   2530.16  2.5251E+04  1.0100E+05
   2531.84  3.1019E+05  1.2407E+06
   2533.53  3.5714E+05  1.4286E+06
   2535.22  3.5974E+05  1.4390E+06
   2536.91  2.9642E+05  1.1857E+06
   2538.60  3.7835E+05  1.5134E+06
   2540.30  3.5132E+05  1.4053E+06
   2541.99  5.4137E+04  2.1655E+05
   2543.69  5.5045E+04  2.2018E+05
   2545.38  8.9231E+03  3.5692E+04
   2547.08  1.1899E+05  4.7595E+05
   2548.78  3.8833E+05  1.5533E+06
   2550.48  1.5481E+04  6.1924E+04
   2552.18  3.8644E+05  1.5458E+06
   2553.88  3.8419E+05  1.5368E+06
   2555.58  2.3129E+05  9.2514E+05
   2557.29  2.6677E+05  1.0671E+06
   2558.99  3.0460E+05  1.2184E+06
   2560.70  1.5983E+05  6.3932E+05
   2562.41  1.9499E+05  7.7994E+05
   2564.12  3.5302E+05  1.4121E+06
   2565.83  1.0000E-99  4.0000E-99
   2567.54  3.0961E+05  1.2385E+06
   2569.25  3.7466E+05  1.4986E+06
   2570.96  2.5586E+05  1.0235E+06
   2572.68  1.0000E-99  4.0000E-99
   2574.39  1.0000E-99  4.0000E-99
   2576.11  1.3300E+05  5.3201E+05
   2577.83  3.9647E+05  1.5859E+06
   2579.55  1.2222E+04  4.8888E+04
   2581.27  3.5201E+05  1.4081E+06
   2582.99  3.6079E+05  1.4432E+06
   2584.71  3.3329E+05  1.3332E+06
   2586.43  4.0620E+05  1.6248E+06
   2588.16  3.9707E+05  1.5883E+06
   2589.88  4.1157E+05  1.6463E+06
   2591.61  5.2679E+03  2.1072E+04
   2593.34  3.8480E+05  1.5392E+06
   2595.07  4.0284E+05  1.6114E+06
   2596.80  4.0225E+05  1.6090E+06
   2598.53  3.5300E+05  1.4120E+06
   2600.26  3.2010E+05  1.2804E+06
   2602.00  1.0000E-99  4.0000E-99
   2603.73  1.2621E+05  5.0485E+05
   2605.47  9.6938E+04  3.8775E+05
   2607.21  2.9670E+05  1.1868E+06
   2608.95  1.3182E+05  5.2727E+05
   2610.69  2.6292E+05  1.0517E+06
   2612.43  3.2990E+05  1.3196E+06
   2614.17  3.0480E+05  1.2192E+06
   2615.91  2.7734E+05  1.1094E+06
   2617.66  1.1057E+04  4.4227E+04
   2619.40  2.2351E+05  8.9403E+05
   2621.15  2.9656E+05  1.1862E+06
   2622.90  3.1268E+05  1.2507E+06
   2624.65  3.7104E+05  1.4841E+06
   2626.40  3.6207E+05  1.4483E+06
   2628.15  1.0000E-99  4.0000E-99
   2629.90  1.4997E+05  5.9989E+05
   2631.65  3.5467E+05  1.4187E+06
   2633.41  2.8841E+05  1.1536E+06
   2635.17  3.3850E+05  1.3540E+06
   2636.92  2.6976E+05  1.0790E+06
   2638.68  1.0000E-99  4.0000E-99
   2640.44  4.0353E+05  1.6141E+06
   2642.20  3.5334E+04  1.4134E+05
   2643.96  1.9404E+05  7.7617E+05
   2645.73  3.9056E+05  1.5622E+06
   2647.49  1.0090E+05  4.0361E+05
   2649.26  1.0000E-99  4.0000E-99
   2651.02  4.0718E+05  1.6287E+06
   2652.79  3.7690E+05  1.5076E+06
   2654.56  3.3194E+05  1.3277E+06
   2656.33  1.6942E+05  6.7769E+05
   2658.10  3.1306E+05  1.2522E+06
   2659.87  1.0000E-99  4.0000E-99
   2661.65  9.1349E+04  3.6540E+05
   2663.42  3.4732E+04  1.3893E+05
   2665.20  3.1768E+05  1.2707E+06
   2666.98  1.0000E-99  4.0000E-99
   2668.76  4.4080E+05  1.7632E+06
   2670.54  4.3777E+05  1.7511E+06
   2672.32  4.1312E+05  1.6525E+06
   2674.10  1.0000E-99  4.0000E-99
   2675.88  1.0000E-99  4.0000E-99
   2677.67  3.5341E+05  1.4136E+06
   2679.45  3.9097E+05  1.5639E+06
   2681.24  2.9647E+03  1.1859E+04
   2683.03  4.3163E+05  1.7265E+06
   2684.82  1.0000E-99  4.0000E-99
   2686.61  2.6301E+05  1.0520E+06
   2688.40  3.7635E+05  1.5054E+06
   2690.19  1.7431E+04  6.9722E+04
   2691.98  5.1384E+04  2.0554E+05
   2693.78  2.9604E+05  1.1842E+06
   2695.58  3.5304E+05  1.4122E+06
   2697.37  1.0000E-99  4.0000E-99
   2699.17  1.0000E-99  4.0000E-99
   2700.97  1.0000E-99  4.0000E-99
   2702.77  5.7217E+03  2.2887E+04
   2704.58  1.2128E+04  4.8514E+04
   2706.38  1.7794E+05  7.1175E+05
   2708.18  3.7886E+05  1.5154E+06
   2709.99  4.3956E+05  1.7582E+06
   2711.80  4.3281E+05  1.7312E+06
   2713.61  4.0447E+05  1.6179E+06
   2715.42  4.5932E+05  1.8373E+06
   2717.23  2.8796E+05  1.1518E+06
   2719.04  2.0690E+05  8.2758E+05
   2720.85  5.4535E+04  2.1814E+05
   2722.67  4.1669E+05  1.6667E+06
   2724.48  6.3338E+04  2.5335E+05
   2726.30  3.7920E+05  1.5168E+06
   2728.12  4.2312E+05  1.6925E+06
   2729.94  1.7703E+05  7.0811E+05
   2731.76  2.7258E+03  1.0903E+04
   2733.58  3.0826E+05  1.2330E+06
   2735.40  2.9513E+03  1.1805E+04
   2737.23  4.2239E+05  1.6896E+06
   2739.05  3.5307E+05  1.4123E+06
   2740.88  3.9781E+05  1.5912E+06
   2742.71  3.6245E+05  1.4498E+06
   2744.53  4.0873E+05  1.6349E+06
   2746.36  3.9278E+05  1.5711E+06
   2748.20  3.9227E+05  1.5691E+06
   2750.03  2.0558E+04  8.2232E+04
   2751.86  4.7426E+05  1.8971E+06
   2753.70  4.3621E+05  1.7448E+06
   2755.53  4.1686E+05  1.6674E+06
   2757.37  4.0290E+05  1.6116E+06
   2759.21  2.7908E+05  1.1163E+06
   2761.05  1.7411E+05  6.9644E+05
   2762.89  2.2463E+05  8.9851E+05
   2764.73  9.8033E+04  3.9213E+05
   2766.58  2.3738E+05  9.4954E+05
   2768.42  3.3677E+05  1.3471E+06
   2770.27  8.7587E+04  3.5035E+05
   2772.12  4.4155E+05  1.7662E+06
   2773.96  3.8423E+05  1.5369E+06
   2775.81  1.8390E+05  7.3559E+05
   2777.67  2.6526E+05  1.0611E+06
   2779.52  3.0315E+05  1.2126E+06
   2781.37  2.8195E+05  1.1278E+06
   2783.23  4.1828E+05  1.6731E+06
   2785.08  4.4187E+05  1.7675E+06
   2786.94  4.1289E+05  1.6515E+06
   2788.80  2.0241E+05  8.0963E+05
   2790.66  1.9982E+04  7.9930E+04
   2792.52  4.1674E+05  1.6669E+06
   2794.38  4.1156E+05  1.6462E+06
   2796.24  3.9594E+05  1.5837E+06
   2798.11  4.3345E+05  1.7338E+06
   2799.98  3.6258E+04  1.4503E+05
   2801.84  4.7264E+05  1.8906E+06
   2803.71  4.1213E+05  1.6485E+06
   2805.58  4.6282E+05  1.8513E+06
   2807.45  4.3775E+05  1.7510E+06
   2809.32  2.9844E+05  1.1938E+06
   2811.20  4.3215E+05  1.7286E+06
   2813.07  4.1156E+05  1.6462E+06
   2814.95  6.9980E+04  2.7992E+05
   2816.83  3.9254E+05  1.5702E+06
   2818.70  4.5288E+05  1.8115E+06
   2820.58  3.7747E+04  1.5099E+05
   2822.46  1.2615E+05  5.0461E+05
   2824.35  4.9574E+05  1.9830E+06
   2826.23  1.2104E+05  4.8417E+05
   2828.11  5.0064E+05  2.0026E+06
   2830.00  2.4614E+05  9.8458E+05
   2831.89  4.9932E+05  1.9973E+06
   2833.78  4.9245E+05  1.9698E+06
   2835.67  4.8378E+05  1.9351E+06
   2837.56  4.8337E+05  1.9335E+06
   2839.45  4.6925E+05  1.8770E+06
   2841.34  4.3236E+05  1.7294E+06
   2843.24  3.7365E+05  1.4946E+06
   2845.13  3.5798E+05  1.4319E+06
   2847.03  2.8886E+05  1.1554E+06
   2848.93  1.4337E+05  5.7347E+05
   2850.83  2.8983E+04  1.1593E+05
   2852.73  4.0415E+03  1.6166E+04
   2854.63  2.4824E+04  9.9298E+04
   2856.54  1.2020E+05  4.8079E+05
   2858.44  2.7148E+05  1.0859E+06
   2860.35  2.4820E+05  9.9282E+05
   2862.26  4.1583E+05  1.6633E+06
   2864.16  3.7401E+05  1.4960E+06
   2866.07  4.6928E+05  1.8771E+06
   2867.99  4.8401E+05  1.9360E+06
   2869.90  4.6468E+05  1.8587E+06
   2871.81  2.9615E+05  1.1846E+06
   2873.73  5.0297E+05  2.0119E+06
   2875.64  4.9926E+05  1.9970E+06
   2877.56  4.0365E+05  1.6146E+06
   2879.48  4.0329E+04  1.6132E+05
   2881.40  8.8327E+03  3.5331E+04
   2883.32  2.0570E+05  8.2281E+05
   2885.24  4.7203E+05  1.8881E+06
   2887.17  4.7165E+05  1.8866E+06
   2889.09  3.4183E+05  1.3673E+06
   2891.02  4.2372E+05  1.6949E+06
   2892.95  4.9712E+05  1.9885E+06
   2894.88  3.8756E+05  1.5502E+06
   2896.81  4.5152E+05  1.8061E+06
   2898.74  4.7063E+05  1.8825E+06
   2900.67  4.8871E+05  1.9548E+06
   2902.61  2.8452E+04  1.1381E+05
   2904.54  3.8732E+05  1.5493E+06
   2906.48  4.1725E+05  1.6690E+06
   2908.42  3.9525E+05  1.5810E+06
   2910.36  4.3689E+05  1.7476E+06
   2912.30  5.1422E+05  2.0569E+06
   2914.24  4.5074E+05  1.8029E+06
   2916.18  4.8982E+05  1.9593E+06
   2918.13  4.5234E+05  1.8094E+06
   2920.07  4.4543E+05  1.7817E+06
   2922.02  4.5111E+05  1.8044E+06
   2923.97  4.8251E+05  1.9301E+06
   2925.92  3.7085E+04  1.4834E+05
   2927.87  4.2253E+05  1.6901E+06
   2929.82  4.5731E+03  1.8292E+04
   2931.78  4.3813E+05  1.7525E+06
   2933.73  4.2053E+05  1.6821E+06
   2935.69  5.0619E+05  2.0248E+06
   2937.65  3.4335E+04  1.3734E+05
   2939.61  3.8584E+05  1.5434E+06
   2941.57  1.2484E+05  4.9937E+05
   2943.53  4.5482E+05  1.8193E+06
   2945.49  2.5109E+05  1.0044E+06
   2947.46  5.3839E+05  2.1536E+06
   2949.42  3.8820E+05  1.5528E+06
   2951.39  4.9351E+05  1.9741E+06
   2953.36  5.3258E+05  2.1303E+06
   2955.33  1.7675E+05  7.0701E+05
   2957.30  5.2937E+05  2.1175E+06
   2959.27  7.7234E+04  3.0894E+05
   2961.24  4.0408E+05  1.6163E+06
   2963.22  2.3551E+05  9.4206E+05
   2965.19  4.6331E+05  1.8532E+06
   2967.17  3.8326E+05  1.5331E+06
   2969.15  1.5402E+05  6.1609E+05
   2971.13  3.3158E+05  1.3263E+06
   2973.11  1.1656E+04  4.6624E+04
   2975.09  4.9215E+05  1.9686E+06
   2977.08  4.2290E+05  1.6916E+06
   2979.06  4.9947E+05  1.9979E+06
   2981.05  3.5168E+04  1.4067E+05
   2983.04  4.7511E+05  1.9004E+06
   2985.03  4.4519E+05  1.7808E+06
   2987.02  5.3541E+05  2.1416E+06
   2989.01  2.4212E+05  9.6848E+05
   2991.00  5.3011E+05  2.1204E+06
   2993.00  6.5615E+04  2.6246E+05
   2994.99  1.9864E+05  7.9456E+05
   2996.99  5.4126E+05  2.1650E+06
   2998.99  5.3737E+05  2.1495E+06
   3000.99  4.4895E+05  1.7958E+06
   3002.99  4.4810E+05  1.7924E+06
   3004.99  5.1017E+05  2.0407E+06
   3007.00  5.4951E+05  2.1980E+06
   3009.00  5.5781E+03  2.2312E+04
   3011.01  1.8339E+04  7.3355E+04
   3013.02  5.4587E+05  2.1835E+06
   3015.03  9.3583E+03  3.7433E+04
   3017.04  5.6896E+03  2.2759E+04
   3019.05  5.0123E+05  2.0049E+06
   3021.06  7.0472E+04  2.8189E+05
   3023.08  4.1365E+05  1.6546E+06
   3025.09  2.0464E+05  8.1857E+05
   3027.11  3.7017E+05  1.4807E+06
   3029.13  4.9147E+05  1.9659E+06
   3031.15  4.6054E+05  1.8421E+06
   3033.17  5.5245E+05  2.2098E+06
   3035.19  5.4771E+05  2.1908E+06
   3037.22  5.3819E+05  2.1527E+06
   3039.24  5.4055E+05  2.1622E+06
   3041.27  6.0503E+03  2.4201E+04
   3043.30  4.9329E+05  1.9731E+06
   3045.33  5.0993E+05  2.0397E+06
   3047.36  4.8588E+05  1.9435E+06
   3049.39  5.0025E+05  2.0010E+06
   3051.42  5.4677E+05  2.1871E+06
   3053.46  5.1444E+05  2.0578E+06
   3055.49  5.3037E+05  2.1215E+06
   3057.53  5.1280E+05  2.0512E+06
   3059.57  1.1479E+05  4.5914E+05
   3061.61  1.1882E+05  4.7527E+05
   3063.65  3.9965E+05  1.5986E+06
   3065.69  5.0549E+05  2.0219E+06
   3067.74  3.7662E+05  1.5065E+06
   3069.79  4.9990E+05  1.9996E+06
   3071.83  5.0633E+05  2.0253E+06
   3073.88  4.8024E+05  1.9210E+06
   3075.93  6.9887E+04  2.7955E+05
   3077.98  5.3261E+05  2.1304E+06
   3080.03  4.0968E+05  1.6387E+06
   3082.09  9.2825E+04  3.7130E+05
   3084.14  4.0473E+04  1.6189E+05
   3086.20  4.6474E+05  1.8590E+06
   3088.26  2.8101E+05  1.1240E+06
   3090.32  4.5009E+05  1.8004E+06
   3092.38  1.3363E+05  5.3451E+05
   3094.44  2.0497E+05  8.1988E+05
   3096.50  4.1961E+05  1.6784E+06
   3098.57  5.2169E+05  2.0868E+06
   3100.64  2.5530E+05  1.0212E+06
   3102.70  5.6373E+05  2.2549E+06
   3104.77  5.2088E+05  2.0835E+06
   3106.84  4.1328E+04  1.6531E+05
   3108.92  3.7604E+05  1.5042E+06
   3110.99  3.7777E+04  1.5111E+05
   3113.06  3.5543E+05  1.4217E+06
   3115.14  4.2139E+05  1.6856E+06
   3117.22  4.7143E+05  1.8857E+06
   3119.30  4.9136E+05  1.9655E+06
   3121.38  4.0902E+05  1.6361E+06
   3123.46  4.6196E+05  1.8478E+06
   3125.54  5.0948E+05  2.0379E+06
   3127.62  3.6480E+04  1.4592E+05
   3129.71  5.0799E+05  2.0320E+06
   3131.80  4.9022E+05  1.9609E+06
   3133.89  4.7399E+05  1.8960E+06
   3135.98  3.7182E+05  1.4873E+06
   3138.07  1.9106E+05  7.6424E+05
   3140.16  9.4417E+04  3.7767E+05
   3142.25  6.6110E+04  2.6444E+05
   3144.35  3.8043E+04  1.5217E+05
   3146.45  5.2339E+04  2.0935E+05
   3148.54  5.4986E+04  2.1994E+05
   3150.64  5.5127E+04  2.2051E+05
   3152.74  1.2347E+04  4.9389E+04
   3154.85  1.3082E+05  5.2327E+05
   3156.95  2.2942E+05  9.1767E+05
   3159.06  3.9371E+05  1.5748E+06
   3161.16  4.3369E+05  1.7348E+06
   3163.27  2.3470E+05  9.3879E+05
   3165.38  2.6634E+05  1.0654E+06
   3167.49  8.4858E+04  3.3943E+05
   3169.60  4.2574E+05  1.7029E+06
   3171.72  3.5837E+05  1.4335E+06
   3173.83  3.7942E+05  1.5177E+06
   3175.95  4.0163E+05  1.6065E+06
   3178.07  3.9480E+05  1.5792E+06
   3180.19  9.9082E+04  3.9633E+05
   3182.31  3.8780E+05  1.5512E+06
   3184.43  1.6689E+05  6.6758E+05
   3186.55  3.2921E+05  1.3169E+06
   3188.68  4.0259E+05  1.6104E+06
   3190.80  4.0749E+05  1.6299E+06
   3192.93  1.0575E+05  4.2298E+05
   3195.06  4.0694E+05  1.6278E+06
   3197.19  4.2542E+05  1.7017E+06
   3199.32  4.3254E+05  1.7302E+06
   3201.46  3.8968E+05  1.5587E+06
   3203.59  1.5097E+05  6.0388E+05
   3205.73  3.0541E+05  1.2216E+06
   3207.87  4.6197E+05  1.8479E+06
   3210.01  2.1895E+05  8.7581E+05
   3212.15  4.9248E+05  1.9699E+06
   3214.29  1.7354E+05  6.9415E+05
   3216.43  5.0760E+05  2.0304E+06
   3218.58  4.5215E+05  1.8086E+06
   3220.72  4.5842E+04  1.8337E+05
   3222.87  3.4909E+05  1.3964E+06
   3225.02  5.1999E+05  2.0800E+06
   3227.17  5.4535E+05  2.1814E+06
   3229.32  5.0768E+05  2.0307E+06
   3231.48  3.7112E+05  1.4845E+06
   3233.63  5.1508E+05  2.0603E+06
   3235.79  6.9544E+04  2.7818E+05
   3237.95  4.6877E+05  1.8751E+06
   3240.11  3.5829E+05  1.4332E+06
   3242.27  8.0250E+04  3.2100E+05
   3244.43  5.5619E+05  2.2248E+06
   3246.59  4.8996E+05  1.9598E+06
   3248.76  4.8052E+05  1.9221E+06
   3250.92  5.8348E+05  2.3339E+06
   3253.09  4.3623E+05  1.7449E+06
   3255.26  1.5803E+04  6.3213E+04
   3257.43  1.6927E+05  6.7710E+05
   3259.60  5.3463E+05  2.1385E+06
   3261.78  5.2400E+05  2.0960E+06
   3263.95  1.3283E+05  5.3131E+05
   3266.13  1.1178E+05  4.4711E+05
   3268.31  5.9310E+05  2.3724E+06
   3270.49  5.4439E+05  2.1776E+06
   3272.67  4.8439E+05  1.9376E+06
   3274.85  5.1304E+05  2.0522E+06
   3277.03  4.1158E+05  1.6463E+06
   3279.22  4.4580E+05  1.7832E+06
   3281.41  4.5625E+05  1.8250E+06
   3283.59  4.5323E+05  1.8129E+06
   3285.78  4.9889E+05  1.9956E+06
   3287.98  5.0074E+05  2.0030E+06
   3290.17  5.0682E+05  2.0273E+06
   3292.36  2.1705E+05  8.6821E+05
   3294.56  5.5196E+05  2.2079E+06
   3296.75  4.6665E+05  1.8666E+06
   3298.95  5.9127E+05  2.3651E+06
   3301.15  4.9443E+05  1.9777E+06
   3303.35  3.6197E+05  1.4479E+06
   3305.56  5.7324E+05  2.2930E+06
   3307.76  5.3179E+05  2.1272E+06
   3309.97  5.2225E+05  2.0890E+06
   3312.17  5.5086E+05  2.2035E+06
   3314.38  4.9442E+05  1.9777E+06
   3316.59  5.6835E+05  2.2734E+06
   3318.81  5.8372E+05  2.3349E+06
   3321.02  5.7022E+05  2.2809E+06
   3323.23  5.4203E+05  2.1681E+06
   3325.45  2.4212E+04  9.6848E+04
   3327.67  5.7185E+05  2.2874E+06
   3329.89  5.7750E+05  2.3100E+06
   3332.11  5.7779E+05  2.3112E+06
   3334.33  4.5567E+05  1.8227E+06
   3336.55  5.6897E+05  2.2759E+06
   3338.78  5.7609E+05  2.3043E+06
   3341.00  6.0044E+05  2.4018E+06
   3343.23  7.7032E+04  3.0813E+05
   3345.46  5.6442E+05  2.2577E+06
   3347.69  5.6014E+05  2.2406E+06
   3349.93  5.5720E+05  2.2288E+06
   3352.16  4.7798E+05  1.9119E+06
   3354.39  5.4440E+05  2.1776E+06
   3356.63  5.4269E+05  2.1708E+06
   3358.87  3.5984E+05  1.4393E+06
   3361.11  1.0612E+05  4.2449E+05
   3363.35  5.4352E+05  2.1741E+06
   3365.59  4.3536E+05  1.7414E+06
   3367.84  5.6787E+05  2.2715E+06
   3370.08  5.0969E+05  2.0388E+06
   3372.33  4.9548E+05  1.9819E+06
   3374.58  5.5689E+05  2.2275E+06
   3376.83  4.5997E+05  1.8399E+06
   3379.08  5.4240E+05  2.1696E+06
   3381.34  5.5475E+05  2.2190E+06
   3383.59  5.6097E+05  2.2439E+06
   3385.85  5.8505E+05  2.3402E+06
   3388.11  4.6739E+05  1.8696E+06
   3390.37  5.4771E+05  2.1908E+06
   3392.63  5.6032E+05  2.2413E+06
   3394.89  5.1739E+05  2.0695E+06
   3397.15  4.3657E+05  1.7463E+06
   3399.42  5.5708E+05  2.2283E+06
   3401.68  5.6530E+05  2.2612E+06
   3403.95  5.6968E+05  2.2787E+06
   3406.22  4.8812E+05  1.9525E+06
   3408.49  1.7260E+05  6.9039E+05
   3410.77  3.2953E+05  1.3181E+06
   3413.04  5.6539E+05  2.2616E+06
   3415.32  5.0381E+05  2.0152E+06
   3417.60  1.5762E+05  6.3049E+05
   3419.87  5.8293E+05  2.3317E+06
   3422.16  1.9080E+05  7.6320E+05
   3424.44  5.6899E+05  2.2760E+06
   3426.72  5.8892E+05  2.3557E+06
   3429.01  5.9414E+05  2.3766E+06
   3431.29  4.4266E+05  1.7706E+06
   3433.58  5.6699E+05  2.2680E+06
   3435.87  5.6944E+05  2.2778E+06
   3438.16  4.8115E+05  1.9246E+06
   3440.46  5.7611E+05  2.3044E+06
   3442.75  5.7565E+05  2.3026E+06
   3445.05  5.7464E+05  2.2985E+06
   3447.34  5.6551E+05  2.2621E+06
   3449.64  5.8133E+05  2.3253E+06
   3451.94  5.5419E+05  2.2168E+06
   3454.24  4.3039E+05  1.7216E+06
   3456.55  1.0493E+05  4.1971E+05
   3458.85  5.8231E+05  2.3292E+06
   3461.16  5.8072E+05  2.3229E+06
   3463.47  5.8780E+05  2.3512E+06
   3465.78  2.0859E+05  8.3435E+05
   3468.09  5.9828E+05  2.3931E+06
   3470.40  5.7449E+05  2.2980E+06
   3472.72  5.8825E+05  2.3530E+06
   3475.03  5.9995E+05  2.3998E+06
   3477.35  5.8554E+05  2.3421E+06
   3479.67  5.9451E+05  2.3780E+06
   3481.99  5.8971E+05  2.3588E+06
   3484.31  5.8636E+05  2.3455E+06
   3486.63  3.0462E+05  1.2185E+06
   3488.96  5.8881E+05  2.3552E+06
   3491.29  5.5697E+05  2.2279E+06
   3493.61  5.9574E+05  2.3830E+06
   3495.94  4.8966E+05  1.9586E+06
   3498.27  5.8658E+05  2.3463E+06
   3500.61  5.9114E+05  2.3646E+06
   3502.94  5.9005E+05  2.3602E+06
   3505.28  5.8388E+05  2.3355E+06
   3507.62  3.8897E+05  1.5559E+06
   3509.95  5.9008E+05  2.3603E+06
   3512.30  5.8923E+05  2.3569E+06
   3514.64  5.1929E+05  2.0772E+06
   3516.98  5.9615E+05  2.3846E+06
   3519.33  5.9368E+05  2.3747E+06
   3521.67  5.9649E+05  2.3860E+06
   3524.02  5.6721E+05  2.2688E+06
   3526.37  6.0182E+05  2.4073E+06
   3528.72  9.3776E+04  3.7510E+05
   3531.08  5.9543E+05  2.3817E+06
   3533.43  6.0072E+05  2.4029E+06
   3535.79  6.0115E+05  2.4046E+06
   3538.15  5.9727E+05  2.3891E+06
   3540.51  3.8647E+05  1.5459E+06
   3542.87  5.2888E+05  2.1155E+06
   3545.23  5.2266E+05  2.0906E+06
   3547.59  6.0556E+05  2.4222E+06
   3549.96  5.2164E+05  2.0866E+06
   3552.33  5.6899E+05  2.2760E+06
   3554.70  3.1110E+04  1.2444E+05
   3557.07  4.3297E+05  1.7319E+06
   3559.44  9.1415E+04  3.6566E+05
   3561.81  5.1035E+05  2.0414E+06
   3564.19  5.7472E+05  2.2989E+06
   3566.56  3.0245E+04  1.2098E+05
   3568.94  5.0949E+05  2.0380E+06
   3571.32  1.8136E+05  7.2543E+05
   3573.70  8.7820E+04  3.5128E+05
   3576.09  3.6816E+04  1.4726E+05
   3578.47  6.0777E+05  2.4311E+06
   3580.86  3.4454E+05  1.3782E+06
   3583.25  3.5109E+05  1.4044E+06
   3585.64  1.8235E+04  7.2938E+04
   3588.03  1.9414E+05  7.7657E+05
   3590.42  3.1062E+04  1.2425E+05
   3592.81  6.7328E+05  2.6931E+06
   3595.21  6.6260E+05  2.6504E+06
   3597.61  6.7206E+05  2.6882E+06
   3600.01  6.7590E+05  2.7036E+06
   3602.41  3.0228E+05  1.2091E+06
   3604.81  5.7415E+04  2.2966E+05
   3607.21  6.7871E+05  2.7148E+06
   3609.62  4.0138E+05  1.6055E+06
   3612.03  6.9191E+05  2.7677E+06
   3614.43  4.7514E+04  1.9006E+05
   3616.85  7.0846E+05  2.8339E+06
   3619.26  8.6754E+04  3.4702E+05
   3621.67  7.1306E+05  2.8522E+06
   3624.09  5.7019E+05  2.2808E+06
   3626.50  7.1993E+05  2.8797E+06
   3628.92  5.6151E+05  2.2460E+06
   3631.34  3.7292E+04  1.4917E+05
   3633.76  7.2339E+05  2.8936E+06
   3636.19  6.9503E+04  2.7801E+05
   3638.61  7.3693E+05  2.9477E+06
   3641.04  7.4000E+05  2.9600E+06
   3643.47  6.6479E+05  2.6592E+06
   3645.89  7.1864E+05  2.8745E+06
   3648.33  6.7886E+05  2.7155E+06
   3650.76  7.5266E+05  3.0106E+06
   3653.19  7.5369E+05  3.0148E+06
   3655.63  5.1174E+05  2.0470E+06
   3658.07  7.5436E+05  3.0175E+06
   3660.51  2.5482E+04  1.0193E+05
   3662.95  7.4541E+05  2.9816E+06
   3665.39  7.4421E+05  2.9769E+06
   3667.84  5.9011E+05  2.3605E+06
   3670.28  3.8033E+05  1.5213E+06
   3672.73  7.5866E+05  3.0347E+06
   3675.18  7.4849E+05  2.9940E+06
   3677.63  7.4915E+05  2.9966E+06
   3680.08  7.0164E+05  2.8066E+06
   3682.54  7.5412E+05  3.0165E+06
   3684.99  7.5711E+05  3.0284E+06
   3687.45  7.5866E+05  3.0346E+06
   3689.91  7.4680E+05  2.9872E+06
   3692.37  7.5991E+05  3.0397E+06
   3694.83  7.4614E+05  2.9846E+06
   3697.29  7.5094E+05  3.0038E+06
   3699.76  1.3612E+05  5.4446E+05
   3702.23  3.1434E+05  1.2573E+06
   3704.70  4.0185E+04  1.6074E+05
   3707.17  1.8881E+05  7.5525E+05
   3709.64  4.5385E+05  1.8154E+06
   3712.11  7.5932E+05  3.0373E+06
   3714.59  7.6020E+05  3.0408E+06
   3717.07  7.6318E+05  3.0527E+06
   3719.54  7.5776E+05  3.0311E+06
   3722.02  7.4853E+05  2.9941E+06
   3724.51  6.6822E+05  2.6729E+06
   3726.99  7.5813E+05  3.0325E+06
   3729.48  7.4369E+05  2.9748E+06
   3731.96  4.6882E+04  1.8753E+05
   3734.45  5.3736E+05  2.1495E+06
   3736.94  6.6481E+05  2.6592E+06
   3739.43  5.4562E+05  2.1825E+06
   3741.93  6.5192E+05  2.6077E+06
   3744.42  1.1135E+05  4.4541E+05
   3746.92  2.0940E+04  8.3759E+04
   3749.42  5.3556E+05  2.1422E+06
   3751.92  7.3336E+05  2.9334E+06
   3754.42  7.5749E+05  3.0300E+06
   3756.93  7.5845E+05  3.0338E+06
   3759.43  2.1795E+05  8.7180E+05
   3761.94  6.7571E+05  2.7028E+06
   3764.45  5.5189E+05  2.2076E+06
   3766.96  7.4628E+05  2.9851E+06
   3769.47  7.5689E+05  3.0276E+06
   3771.98  7.6559E+05  3.0624E+06
   3774.50  7.6277E+05  3.0511E+06
   3777.01  6.3499E+05  2.5400E+06
   3779.53  5.9530E+04  2.3812E+05
   3782.05  7.1131E+05  2.8452E+06
   3784.58  7.5330E+05  3.0132E+06
   3787.10  6.0892E+05  2.4357E+06
   3789.63  7.6069E+05  3.0427E+06
   3792.15  5.3252E+05  2.1301E+06
   3794.68  6.6466E+05  2.6587E+06
   3797.21  4.0012E+05  1.6005E+06
   3799.74  6.7346E+05  2.6938E+06
   3802.28  3.4800E+05  1.3920E+06
   3804.81  5.8425E+05  2.3370E+06
   3807.35  3.1058E+05  1.2423E+06
   3809.89  5.6248E+05  2.2499E+06
   3812.43  3.0939E+05  1.2376E+06
   3814.97  9.4590E+04  3.7836E+05
   3817.52  5.1705E+05  2.0682E+06
   3820.06  2.3490E+05  9.3959E+05
   3822.61  2.4085E+05  9.6340E+05
   3825.16  6.8735E+05  2.7494E+06
   3827.71  2.2630E+05  9.0519E+05
   3830.26  2.2820E+05  9.1281E+05
   3832.82  2.1970E+05  8.7880E+05
   3835.37  1.4153E+05  5.6612E+05
   3837.93  2.8136E+05  1.1254E+06
   3840.49  6.8054E+05  2.7222E+06
   3843.05  3.6774E+05  1.4710E+06
   3845.61  7.4096E+05  2.9638E+06
   3848.18  4.1516E+05  1.6607E+06
   3850.75  2.4813E+05  9.9253E+05
   3853.31  9.9447E+04  3.9779E+05
   3855.88  3.4889E+05  1.3956E+06
   3858.45  6.0974E+05  2.4390E+06
   3861.03  1.7240E+05  6.8961E+05
   3863.60  6.8273E+05  2.7309E+06
   3866.18  1.1298E+05  4.5191E+05
   3868.76  3.3825E+05  1.3530E+06
   3871.34  1.7646E+05  7.0585E+05
   3873.92  1.5367E+05  6.1467E+05
   3876.50  7.3369E+05  2.9348E+06
   3879.09  2.8244E+04  1.1298E+05
   3881.67  2.5982E+05  1.0393E+06
   3884.26  6.9755E+04  2.7902E+05
   3886.85  7.4774E+05  2.9910E+06
   3889.44  1.0172E+05  4.0689E+05
   3892.04  7.2700E+05  2.9080E+06
   3894.63  7.5988E+05  3.0395E+06
   3897.23  7.3099E+05  2.9240E+06
   3899.83  7.6822E+05  3.0729E+06
   3902.43  7.6356E+05  3.0542E+06
   3905.03  5.9837E+05  2.3935E+06
   3907.64  7.3696E+05  2.9478E+06
   3910.24  4.6987E+05  1.8795E+06
   3912.85  7.6339E+05  3.0536E+06
   3915.46  1.9627E+05  7.8507E+05
   3918.07  7.5255E+05  3.0102E+06
   3920.68  7.6885E+05  3.0754E+06
   3923.30  7.6805E+05  3.0722E+06
   3925.91  7.6771E+05  3.0708E+06
   3928.53  7.5826E+05  3.0330E+06
   3931.15  7.3581E+05  2.9433E+06
   3933.77  7.6110E+05  3.0444E+06
   3936.40  6.7008E+05  2.6803E+06
   3939.02  7.4886E+05  2.9954E+06
   3941.65  7.4450E+05  2.9780E+06
   3944.28  7.0731E+05  2.8293E+06
   3946.91  6.7875E+05  2.7150E+06
   3949.54  5.7879E+05  2.3152E+06
   3952.17  5.6509E+05  2.2604E+06
   3954.81  7.6551E+05  3.0621E+06
   3957.45  6.1937E+05  2.4775E+06
   3960.09  7.6387E+05  3.0555E+06
   3962.73  5.2838E+05  2.1135E+06
   3965.37  3.4665E+05  1.3866E+06
   3968.01  7.4404E+05  2.9762E+06
   3970.66  3.2216E+05  1.2886E+06
   3973.31  2.4253E+05  9.7011E+05
   3975.96  7.6340E+05  3.0536E+06
   3978.61  7.6646E+05  3.0658E+06
   3981.26  7.6492E+05  3.0597E+06
   3983.92  7.6047E+05  3.0419E+06
   3986.57  4.2127E+05  1.6851E+06
   3989.23  7.6674E+05  3.0670E+06
   3991.89  7.6625E+05  3.0650E+06
   3994.55  7.6668E+05  3.0667E+06
   3997.22  7.6585E+05  3.0634E+06
   3999.88  7.6380E+05  3.0552E+06
   4002.55  7.5993E+05  3.0397E+06
   4005.22  6.9612E+05  2.7845E+06
   4007.89  2.5541E+05  1.0216E+06
   4010.56  7.6625E+05  3.0650E+06
   4013.24  1.8849E+05  7.5396E+05
   4015.92  7.6365E+05  3.0546E+06
   4018.59  7.5540E+05  3.0216E+06
   4021.27  3.8228E+05  1.5291E+06
   4023.95  7.6638E+05  3.0655E+06
   4026.64  7.6614E+05  3.0646E+06
   4029.32  5.5683E+05  2.2273E+06
   4032.01  7.4370E+05  2.9748E+06
   4034.70  7.3886E+05  2.9554E+06
   4037.39  7.6597E+05  3.0639E+06
   4040.08  7.6343E+05  3.0537E+06
   4042.78  7.5413E+05  3.0165E+06
   4045.47  6.7911E+05  2.7164E+06
   4048.17  6.2334E+05  2.4934E+06
   4050.87  6.7692E+05  2.7077E+06
   4053.57  1.1193E+05  4.4771E+05
   4056.27  7.6153E+05  3.0461E+06
   4058.98  6.5301E+05  2.6120E+06
   4061.69  7.5755E+05  3.0302E+06
   4064.39  2.6119E+05  1.0448E+06
   4067.11  2.0250E+05  8.0998E+05
   4069.82  7.6045E+05  3.0418E+06
   4072.53  6.2029E+05  2.4812E+06
   4075.25  6.8105E+05  2.7242E+06
   4077.97  1.3119E+05  5.2476E+05
   4080.68  7.6180E+05  3.0472E+06
   4083.41  7.5323E+05  3.0129E+06
   4086.13  3.1092E+05  1.2437E+06
   4088.85  7.2854E+05  2.9142E+06
   4091.58  7.3300E+05  2.9320E+06
   4094.31  7.6333E+05  3.0533E+06
   4097.04  1.0543E+05  4.2173E+05
   4099.77  7.6266E+05  3.0507E+06
   4102.51  7.5142E+05  3.0057E+06
   4105.24  3.4974E+05  1.3990E+06
   4107.98  7.3286E+05  2.9314E+06
   4110.72  4.4522E+05  1.7809E+06
   4113.46  6.9066E+05  2.7626E+06
   4116.20  5.8086E+05  2.3235E+06
   4118.95  1.3889E+05  5.5556E+05
   4121.69  6.0938E+05  2.4375E+06
   4124.44  7.3377E+05  2.9351E+06
   4127.19  6.1762E+05  2.4705E+06
   4129.95  6.2031E+05  2.4812E+06
   4132.70  7.0545E+05  2.8218E+06
   4135.46  1.2531E+05  5.0123E+05
   4138.21  6.8227E+05  2.7291E+06
   4140.97  7.4430E+05  2.9772E+06
   4143.74  6.0613E+05  2.4245E+06
   4146.50  7.5873E+05  3.0349E+06
   4149.26  7.3685E+05  2.9474E+06
   4152.03  6.0959E+05  2.4384E+06
   4154.80  5.5695E+05  2.2278E+06
   4157.57  1.2786E+05  5.1144E+05
   4160.34  5.3803E+05  2.1521E+06
   4163.12  7.2153E+05  2.8861E+06
   4165.89  3.3802E+05  1.3521E+06
   4168.67  4.1003E+05  1.6401E+06
   4171.45  7.6107E+05  3.0443E+06
   4174.23  6.7340E+05  2.6936E+06
   4177.02  6.2544E+05  2.5018E+06
   4179.80  7.0319E+05  2.8128E+06
   4182.59  7.0959E+05  2.8384E+06
   4185.38  6.0825E+05  2.4330E+06
   4188.17  5.1818E+04  2.0727E+05
   4190.96  5.6552E+05  2.2621E+06
   4193.76  7.1832E+05  2.8733E+06
   4196.55  4.4846E+05  1.7938E+06
   4199.35  7.0842E+04  2.8337E+05
   4202.15  6.9637E+05  2.7855E+06
   4204.96  7.4376E+05  2.9751E+06
   4207.76  6.2725E+05  2.5090E+06
   4210.57  4.4270E+05  1.7708E+06
   4213.37  6.5144E+05  2.6057E+06
   4216.18  6.2623E+05  2.5049E+06
   4219.00  7.5268E+05  3.0107E+06
   4221.81  6.5236E+05  2.6095E+06
   4224.62  2.5526E+05  1.0210E+06
   4227.44  4.5567E+05  1.8227E+06
   4230.26  7.5112E+05  3.0045E+06
   4233.08  6.6901E+05  2.6760E+06
   4235.90  7.4538E+05  2.9815E+06
   4238.73  7.4845E+05  2.9938E+06
   4241.56  3.3107E+05  1.3243E+06
   4244.38  2.3601E+05  9.4402E+05
   4247.21  1.1735E+05  4.6941E+05
   4250.05  5.5203E+05  2.2081E+06
   4252.88  6.9549E+05  2.7819E+06
   4255.72  7.3722E+05  2.9489E+06
   4258.56  7.5703E+05  3.0281E+06
   4261.40  6.8137E+05  2.7255E+06
   4264.24  3.4704E+05  1.3882E+06
   4267.08  7.4464E+05  2.9786E+06
   4269.93  5.5900E+05  2.2360E+06
   4272.77  3.1953E+05  1.2781E+06
   4275.62  7.4763E+05  2.9905E+06
   4278.47  7.3784E+05  2.9514E+06
   4281.33  3.4294E+05  1.3718E+06
   4284.18  1.4841E+05  5.9363E+05
   4287.04  3.3224E+05  1.3290E+06
   4289.90  1.8394E+05  7.3575E+05
   4292.76  7.5044E+05  3.0018E+06
   4295.62  7.4274E+05  2.9709E+06
   4298.49  1.9251E+05  7.7006E+05
   4301.35  1.7633E+05  7.0533E+05
   4304.22  2.7385E+05  1.0954E+06
   4307.09  1.6295E+05  6.5181E+05
   4309.96  1.8659E+05  7.4636E+05
   4312.84  1.8900E+05  7.5600E+05
   4315.71  5.7287E+05  2.2915E+06
   4318.59  7.5093E+05  3.0037E+06
   4321.47  7.3720E+05  2.9488E+06
   4324.35  2.3544E+05  9.4176E+05
   4327.24  6.6978E+05  2.6791E+06
   4330.12  7.4124E+05  2.9650E+06
   4333.01  7.3375E+05  2.9350E+06
   4335.90  6.7157E+05  2.6863E+06
   4338.79  6.1632E+05  2.4653E+06
   4341.69  6.8841E+05  2.7536E+06
   4344.58  4.7387E+05  1.8955E+06
   4347.48  5.9225E+05  2.3690E+06
   4350.38  7.5145E+05  3.0058E+06
   4353.28  3.1154E+05  1.2462E+06
   4356.18  4.9328E+05  1.9731E+06
   4359.09  5.4955E+05  2.1982E+06
   4361.99  7.1478E+05  2.8591E+06
   4364.90  7.4662E+05  2.9865E+06
   4367.81  3.2260E+05  1.2904E+06
   4370.73  3.2734E+05  1.3093E+06
   4373.64  6.2809E+05  2.5123E+06
   4376.56  6.8837E+05  2.7535E+06
   4379.48  5.5742E+05  2.2297E+06
   4382.40  6.8023E+05  2.7209E+06
   4385.32  3.8397E+05  1.5359E+06
   4388.24  7.1340E+05  2.8536E+06
   4391.17  1.5124E+05  6.0495E+05
   4394.10  5.4413E+05  2.1765E+06
   4397.03  7.3054E+05  2.9221E+06
   4399.96  7.3819E+05  2.9528E+06
   4402.89  6.1359E+05  2.4543E+06
   4405.83  2.1954E+05  8.7817E+05
   4408.77  1.5060E+05  6.0238E+05
   4411.71  6.3282E+05  2.5313E+06
   4414.65  5.6770E+05  2.2708E+06
   4417.60  6.0503E+05  2.4201E+06
   4420.54  7.3599E+05  2.9440E+06
   4423.49  6.9290E+05  2.7716E+06
   4426.44  7.3211E+05  2.9285E+06
   4429.39  7.2366E+05  2.8946E+06
   4432.34  7.4483E+05  2.9793E+06
   4435.30  7.4465E+05  2.9786E+06
   4438.26  7.2668E+05  2.9067E+06
   4441.22  7.0569E+05  2.8228E+06
   4444.18  7.4157E+05  2.9663E+06
   4447.14  7.4434E+05  2.9773E+06
   4450.11  7.2218E+05  2.8887E+06
   4453.08  7.4420E+05  2.9768E+06
   4456.05  6.7755E+05  2.7102E+06
   4459.02  7.4281E+05  2.9712E+06
   4461.99  7.3540E+05  2.9416E+06
   4464.97  7.3746E+05  2.9498E+06
   4467.94  7.3610E+05  2.9444E+06
   4470.92  6.8674E+05  2.7470E+06
   4473.91  3.6611E+05  1.4644E+06
   4476.89  7.3800E+05  2.9520E+06
   4479.87  7.3988E+05  2.9595E+06
   4482.86  6.2659E+05  2.5064E+06
   4485.85  7.0075E+05  2.8030E+06
   4488.84  6.4016E+05  2.5606E+06
   4491.84  7.1798E+05  2.8719E+06
   4494.83  7.1774E+05  2.8709E+06
   4497.83  7.2511E+05  2.9005E+06
   4500.83  7.3865E+05  2.9546E+06
   4503.83  7.3886E+05  2.9554E+06
   4506.83  7.3978E+05  2.9591E+06
   4509.84  7.0829E+05  2.8331E+06
   4512.85  7.3418E+05  2.9367E+06
   4515.86  7.1904E+05  2.8762E+06
   4518.87  7.3084E+05  2.9234E+06
   4521.88  7.3581E+05  2.9432E+06
   4524.90  7.3510E+05  2.9404E+06
   4527.91  7.3095E+05  2.9238E+06
   4530.93  7.3197E+05  2.9279E+06
   4533.95  6.6524E+05  2.6610E+06
   4536.98  6.5398E+05  2.6159E+06
   4540.00  5.0848E+05  2.0339E+06
   4543.03  7.0358E+05  2.8143E+06
   4546.06  7.3277E+05  2.9311E+06
   4549.09  7.0180E+05  2.8072E+06
   4552.13  7.1999E+05  2.8799E+06
   4555.16  6.9763E+05  2.7905E+06
   4558.20  6.7527E+05  2.7011E+06
   4561.24  6.8607E+05  2.7443E+06
   4564.28  7.2933E+05  2.9173E+06
   4567.32  7.2979E+05  2.9192E+06
   4570.37  7.2907E+05  2.9163E+06
   4573.42  6.8027E+05  2.7211E+06
   4576.47  7.0809E+05  2.8324E+06
   4579.52  6.1340E+05  2.4536E+06
   4582.57  1.7218E+05  6.8872E+05
   4585.63  7.2067E+05  2.8827E+06
   4588.69  7.2996E+05  2.9198E+06
   4591.75  7.1626E+05  2.8650E+06
   4594.81  7.3149E+05  2.9259E+06
   4597.87  7.2231E+05  2.8892E+06
   4600.94  7.3061E+05  2.9224E+06
   4604.01  7.2075E+05  2.8830E+06
   4607.08  7.1529E+05  2.8612E+06
   4610.15  7.2699E+05  2.9080E+06
   4613.23  7.2676E+05  2.9070E+06
   4616.30  7.3015E+05  2.9206E+06
   4619.38  7.2996E+05  2.9198E+06
   4622.46  6.7577E+05  2.7031E+06
   4625.54  7.2425E+05  2.8970E+06
   4628.63  4.6638E+05  1.8655E+06
   4631.71  7.2779E+05  2.9112E+06
   4634.80  7.1980E+05  2.8792E+06
   4637.89  6.3861E+05  2.5545E+06
   4640.99  7.0724E+05  2.8289E+06
   4644.08  7.2343E+05  2.8937E+06
   4647.18  4.9676E+05  1.9871E+06
   4650.28  7.1385E+05  2.8554E+06
   4653.38  7.9548E+04  3.1819E+05
   4656.48  7.2073E+05  2.8829E+06
   4659.59  7.0296E+05  2.8119E+06
   4662.70  7.1568E+05  2.8627E+06
   4665.80  7.1977E+05  2.8791E+06
   4668.92  7.1025E+05  2.8410E+06
   4672.03  7.0348E+05  2.8139E+06
   4675.15  7.1183E+05  2.8473E+06
   4678.26  7.1683E+05  2.8673E+06
   4681.38  7.1639E+05  2.8656E+06
   4684.50  7.0532E+05  2.8213E+06
   4687.63  7.2059E+05  2.8824E+06
   4690.75  7.0815E+05  2.8326E+06
   4693.88  7.0042E+05  2.8017E+06
   4697.01  7.1613E+05  2.8645E+06
   4700.15  7.0518E+05  2.8207E+06
   4703.28  6.8906E+05  2.7562E+06
   4706.42  7.0599E+05  2.8240E+06
   4709.55  6.9343E+05  2.7737E+06
   4712.70  3.7451E+05  1.4981E+06
   4715.84  6.6956E+05  2.6782E+06
   4718.98  7.1874E+05  2.8750E+06
   4722.13  7.1597E+05  2.8639E+06
   4725.28  7.1196E+05  2.8478E+06
   4728.43  7.0072E+05  2.8029E+06
   4731.58  7.1235E+05  2.8494E+06
   4734.74  7.1332E+05  2.8533E+06
   4737.90  6.8116E+05  2.7246E+06
   4741.06  7.1881E+05  2.8753E+06
   4744.22  6.9981E+05  2.7992E+06
   4747.38  7.1433E+05  2.8573E+06
   4750.55  7.1392E+05  2.8557E+06
   4753.71  7.0838E+05  2.8335E+06
   4756.88  7.0449E+05  2.8179E+06
   4760.06  7.1447E+05  2.8579E+06
   4763.23  7.0356E+05  2.8142E+06
   4766.41  7.1551E+05  2.8621E+06
   4769.59  1.8734E+05  7.4935E+05
   4772.77  7.0764E+05  2.8306E+06
   4775.95  7.0995E+05  2.8398E+06
   4779.13  6.6357E+05  2.6543E+06
   4782.32  6.9453E+05  2.7781E+06
   4785.51  6.9616E+05  2.7846E+06
   4788.70  6.9110E+05  2.7644E+06
   4791.90  6.8810E+05  2.7524E+06
   4795.09  7.0974E+05  2.8390E+06
   4798.29  2.9994E+05  1.1998E+06
   4801.49  6.9833E+05  2.7933E+06
   4804.69  7.0125E+05  2.8050E+06
   4807.89  6.9017E+05  2.7607E+06
   4811.10  7.0637E+05  2.8255E+06
   4814.31  7.0107E+05  2.8043E+06
   4817.52  7.1122E+05  2.8449E+06
   4820.73  6.9838E+05  2.7935E+06
   4823.95  6.6876E+05  2.6750E+06
   4827.16  7.0855E+05  2.8342E+06
   4830.38  7.0503E+05  2.8201E+06
   4833.60  6.7608E+05  2.7043E+06
   4836.83  6.8106E+05  2.7242E+06
   4840.05  6.9792E+05  2.7917E+06
   4843.28  7.0590E+05  2.8236E+06
   4846.51  7.0777E+05  2.8311E+06
   4849.74  4.8317E+05  1.9327E+06
   4852.98  6.8625E+05  2.7450E+06
   4856.21  7.0508E+05  2.8203E+06
   4859.45  6.7636E+05  2.7054E+06
   4862.69  7.0583E+05  2.8233E+06
   4865.94  7.0295E+05  2.8118E+06
   4869.18  7.0587E+05  2.8235E+06
   4872.43  6.7292E+05  2.6917E+06
   4875.68  6.9708E+05  2.7883E+06
   4878.93  7.0365E+05  2.8146E+06
   4882.18  5.5789E+05  2.2315E+06
   4885.44  6.8522E+05  2.7409E+06
   4888.70  6.9157E+05  2.7663E+06
   4891.96  6.1158E+05  2.4463E+06
   4895.22  7.0114E+05  2.8046E+06
   4898.48  6.9722E+05  2.7889E+06
   4901.75  7.0138E+05  2.8055E+06
   4905.02  6.4372E+05  2.5749E+06
   4908.29  6.9747E+05  2.7899E+06
   4911.56  4.8180E+05  1.9272E+06
   4914.84  6.8334E+05  2.7333E+06
   4918.11  6.8527E+05  2.7411E+06
   4921.39  6.8673E+05  2.7469E+06
   4924.68  6.9371E+05  2.7748E+06
   4927.96  6.8139E+05  2.7255E+06
   4931.25  6.9573E+05  2.7829E+06
   4934.53  6.3911E+05  2.5564E+06
   4937.83  6.7448E+05  2.6979E+06
   4941.12  6.8531E+05  2.7413E+06
   4944.41  6.9779E+05  2.7912E+06
   4947.71  3.5606E+05  1.4243E+06
   4951.01  6.9692E+05  2.7877E+06
   4954.31  6.9518E+05  2.7807E+06
   4957.62  6.9161E+05  2.7665E+06
   4960.92  6.9497E+05  2.7799E+06
   4964.23  6.8148E+05  2.7259E+06
   4967.54  6.9320E+05  2.7728E+06
   4970.85  6.9137E+05  2.7655E+06
   4974.17  6.9038E+05  2.7615E+06
   4977.49  6.9351E+05  2.7740E+06
   4980.80  6.8295E+05  2.7318E+06
   4984.13  6.7767E+05  2.7107E+06
   4987.45  6.8281E+05  2.7312E+06
   4990.78  6.8770E+05  2.7508E+06
   4994.10  6.2193E+05  2.4877E+06
   4997.43  6.9224E+05  2.7690E+06
   5000.77  1.8678E+05  7.4712E+05
   5004.10  1.7842E+05  7.1367E+05
   5007.44  9.5147E+04  3.8059E+05
   5010.78  6.0506E+05  2.4203E+06
   5014.12  6.8905E+05  2.7562E+06
   5017.46  1.5232E+05  6.0929E+05
   5020.81  6.8476E+05  2.7390E+06
   5024.16  1.5466E+05  6.1862E+05
   5027.51  6.8501E+05  2.7401E+06
   5030.86  6.8409E+05  2.7364E+06
   5034.22  6.7207E+05  2.6883E+06
   5037.57  2.0505E+05  8.2021E+05
   5040.93  6.8445E+05  2.7378E+06
   5044.29  6.3359E+05  2.5343E+06
   5047.66  6.6098E+05  2.6439E+06
   5051.02  5.5625E+05  2.2250E+06
   5054.39  5.7088E+05  2.2835E+06
   5057.76  5.4336E+05  2.1734E+06
   5061.14  5.8787E+05  2.3515E+06
   5064.51  5.9673E+05  2.3869E+06
   5067.89  5.8013E+05  2.3205E+06
   5071.27  4.6793E+05  1.8717E+06
   5074.65  5.8084E+05  2.3234E+06
   5078.03  6.4537E+05  2.5815E+06
   5081.42  6.5135E+05  2.6054E+06
   5084.81  6.7831E+05  2.7132E+06
   5088.20  6.6781E+05  2.6712E+06
   5091.59  5.5702E+05  2.2281E+06
   5094.99  6.4967E+05  2.5987E+06
   5098.39  6.4225E+05  2.5690E+06
   5101.79  5.3858E+05  2.1543E+06
   5105.19  6.0905E+05  2.4362E+06
   5108.59  6.4366E+05  2.5747E+06
   5112.00  6.3169E+05  2.5268E+06
   5115.41  6.6582E+05  2.6633E+06
   5118.82  6.6533E+05  2.6613E+06
   5122.23  6.2878E+05  2.5151E+06
   5125.65  4.9890E+05  1.9956E+06
   5129.07  6.3984E+05  2.5594E+06
   5132.49  6.3926E+05  2.5570E+06
   5135.91  5.2384E+05  2.0954E+06
   5139.34  6.2769E+05  2.5108E+06
   5142.76  6.6078E+05  2.6431E+06
   5146.19  6.4789E+05  2.5916E+06
   5149.62  4.9448E+05  1.9779E+06
   5153.06  5.5126E+05  2.2051E+06
   5156.49  6.1826E+05  2.4730E+06
   5159.93  5.6789E+05  2.2716E+06
   5163.37  6.7110E+05  2.6844E+06
   5166.82  4.2007E+05  1.6803E+06
   5170.26  1.1823E+05  4.7290E+05
   5173.71  5.5325E+05  2.2130E+06
   5177.16  6.5633E+05  2.6253E+06
   5180.61  6.6971E+05  2.6788E+06
   5184.07  6.5331E+05  2.6132E+06
   5187.53  6.6838E+05  2.6735E+06
   5190.98  6.6961E+05  2.6784E+06
   5194.45  6.6242E+05  2.6497E+06
   5197.91  6.2596E+05  2.5039E+06
   5201.38  6.6040E+05  2.6416E+06
   5204.85  5.5684E+05  2.2274E+06
   5208.32  6.1481E+05  2.4593E+06
   5211.79  4.2583E+05  1.7033E+06
   5215.27  6.6532E+05  2.6613E+06
   5218.74  1.2818E+05  5.1272E+05
   5222.22  5.2615E+05  2.1046E+06
   5225.71  6.4939E+05  2.5975E+06
   5229.19  6.6556E+05  2.6622E+06
   5232.68  6.6012E+05  2.6405E+06
   5236.17  6.6537E+05  2.6615E+06
   5239.66  6.6474E+05  2.6589E+06
   5243.15  6.6109E+05  2.6444E+06
   5246.65  6.6217E+05  2.6487E+06
   5250.15  6.6340E+05  2.6536E+06
   5253.65  6.6251E+05  2.6500E+06
   5257.15  4.9148E+05  1.9659E+06
   5260.66  6.5490E+05  2.6196E+06
   5264.17  6.6171E+05  2.6468E+06
   5267.68  6.5476E+05  2.6190E+06
   5271.19  6.5018E+05  2.6007E+06
   5274.71  2.2637E+05  9.0550E+05
   5278.22  6.6021E+05  2.6408E+06
   5281.74  2.8844E+05  1.1538E+06
   5285.27  6.5753E+05  2.6301E+06
   5288.79  6.5721E+05  2.6288E+06
   5292.32  6.4391E+05  2.5756E+06
   5295.85  6.5676E+05  2.6270E+06
   5299.38  1.8864E+05  7.5457E+05
   5302.91  6.5572E+05  2.6229E+06
   5306.45  6.5755E+05  2.6302E+06
   5309.99  6.5126E+05  2.6050E+06
   5313.53  6.5540E+05  2.6216E+06
   5317.07  6.5092E+05  2.6037E+06
   5320.62  6.2818E+05  2.5127E+06
   5324.16  6.5366E+05  2.6146E+06
   5327.72  6.0213E+05  2.4085E+06
   5331.27  6.5184E+05  2.6074E+06
   5334.82  6.5416E+05  2.6166E+06
   5338.38  6.5328E+05  2.6131E+06
   5341.94  6.5130E+05  2.6052E+06
   5345.50  6.5092E+05  2.6037E+06
   5349.07  6.5164E+05  2.6066E+06
   5352.64  6.5122E+05  2.6049E+06
   5356.20  6.4070E+05  2.5628E+06
   5359.78  6.4999E+05  2.6000E+06
   5363.35  6.4870E+05  2.5948E+06
   5366.93  6.4338E+05  2.5735E+06
   5370.51  6.4649E+05  2.5860E+06
   5374.09  6.4822E+05  2.5929E+06
   5377.67  6.4322E+05  2.5729E+06
   5381.26  6.4815E+05  2.5926E+06
   5384.85  6.0630E+05  2.4252E+06
   5388.44  6.4216E+05  2.5686E+06
   5392.03  6.4221E+05  2.5688E+06
   5395.63  6.4487E+05  2.5795E+06
   5399.22  6.4158E+05  2.5663E+06
   5402.83  6.3253E+05  2.5301E+06
   5406.43  6.3830E+05  2.5532E+06
   5410.03  6.4121E+05  2.5648E+06
   5413.64  6.3272E+05  2.5309E+06
   5417.25  6.4331E+05  2.5732E+06
   5420.86  6.4317E+05  2.5727E+06
   5424.48  6.4279E+05  2.5712E+06
   5428.10  6.4280E+05  2.5712E+06
   5431.72  6.3340E+05  2.5336E+06
   5435.34  6.3897E+05  2.5559E+06
   5438.96  6.3946E+05  2.5578E+06
   5442.59  6.3569E+05  2.5427E+06
   5446.22  6.3067E+05  2.5227E+06
   5449.85  6.3021E+05  2.5209E+06
   5453.49  4.7516E+05  1.9006E+06
   5457.12  6.2289E+05  2.4916E+06
   5460.76  6.2647E+05  2.5059E+06
   5464.40  3.2430E+05  1.2972E+06
   5468.05  6.3566E+05  2.5426E+06
   5471.69  6.2818E+05  2.5127E+06
   5475.34  3.1505E+05  1.2602E+06
   5478.99  6.2718E+05  2.5087E+06
   5482.65  2.2062E+05  8.8246E+05
   5486.30  6.3235E+05  2.5294E+06
   5489.96  6.2765E+05  2.5106E+06
   5493.62  6.2402E+05  2.4961E+06
   5497.29  6.2734E+05  2.5094E+06
   5500.95  6.3183E+05  2.5273E+06
   5504.62  6.1329E+05  2.4531E+06
   5508.29  6.2949E+05  2.5179E+06
   5511.97  6.2333E+05  2.4933E+06
   5515.64  6.3273E+05  2.5309E+06
   5519.32  6.3244E+05  2.5298E+06
   5523.00  6.3177E+05  2.5271E+06
   5526.68  6.1140E+05  2.4456E+06
   5530.37  6.2404E+05  2.4962E+06
   5534.06  6.1550E+05  2.4620E+06
   5537.75  6.1924E+05  2.4769E+06
   5541.44  6.1347E+05  2.4539E+06
   5545.14  6.2551E+05  2.5020E+06
   5548.83  6.2582E+05  2.5033E+06
   5552.53  6.1824E+05  2.4730E+06
   5556.24  6.2573E+05  2.5029E+06
   5559.94  6.2282E+05  2.4913E+06
   5563.65  6.1642E+05  2.4657E+06
   5567.36  6.1477E+05  2.4591E+06
   5571.07  1.5109E+05  6.0435E+05
   5574.79  6.2370E+05  2.4948E+06
   5578.51  6.2150E+05  2.4860E+06
   5582.23  6.2358E+05  2.4943E+06
   5585.95  5.6164E+05  2.2466E+06
   5589.67  6.2131E+05  2.4852E+06
   5593.40  6.2174E+05  2.4870E+06
   5597.13  6.1674E+05  2.4670E+06
   5600.86  6.2238E+05  2.4895E+06
   5604.60  6.1916E+05  2.4766E+06
   5608.34  6.2072E+05  2.4829E+06
   5612.08  6.2078E+05  2.4831E+06
   5615.82  6.1116E+05  2.4446E+06
   5619.56  6.1281E+05  2.4512E+06
   5623.31  6.1963E+05  2.4785E+06
   5627.06  6.1256E+05  2.4502E+06
   5630.81  6.1735E+05  2.4694E+06
   5634.57  6.1218E+05  2.4487E+06
   5638.33  6.1718E+05  2.4687E+06
   5642.09  6.1567E+05  2.4627E+06
   5645.85  6.1595E+05  2.4638E+06
   5649.61  6.1733E+05  2.4693E+06
   5653.38  6.1676E+05  2.4670E+06
   5657.15  6.1474E+05  2.4590E+06
   5660.92  6.0890E+05  2.4356E+06
   5664.70  6.1553E+05  2.4621E+06
   5668.48  6.1493E+05  2.4597E+06
   5672.26  4.8861E+05  1.9544E+06
   5676.04  6.1305E+05  2.4522E+06
   5679.82  5.4851E+05  2.1940E+06
   5683.61  6.1230E+05  2.4492E+06
   5687.40  6.1113E+05  2.4445E+06
   5691.20  6.1182E+05  2.4473E+06
   5694.99  6.1209E+05  2.4484E+06
   5698.79  6.1167E+05  2.4467E+06
   5702.59  4.1186E+05  1.6474E+06
   5706.39  6.0904E+05  2.4362E+06
   5710.20  6.0955E+05  2.4382E+06
   5714.01  6.0857E+05  2.4343E+06
   5717.82  6.0728E+05  2.4291E+06
   5721.63  6.0818E+05  2.4327E+06
   5725.44  6.0732E+05  2.4293E+06
   5729.26  6.0795E+05  2.4318E+06
   5733.08  6.0542E+05  2.4217E+06
   5736.91  5.9952E+05  2.3981E+06
   5740.73  6.0554E+05  2.4222E+06
   5744.56  5.9847E+05  2.3939E+06
   5748.39  6.0438E+05  2.4175E+06
   5752.22  6.0352E+05  2.4141E+06
   5756.06  6.0457E+05  2.4183E+06
   5759.90  6.0315E+05  2.4126E+06
   5763.74  5.3508E+05  2.1403E+06
   5767.58  6.0226E+05  2.4090E+06
   5771.43  6.0199E+05  2.4080E+06
   5775.28  6.0209E+05  2.4084E+06
   5779.13  5.9355E+05  2.3742E+06
   5782.98  5.9478E+05  2.3791E+06
   5786.84  6.0064E+05  2.4026E+06
   5790.70  5.9719E+05  2.3888E+06
   5794.56  3.5391E+05  1.4157E+06
   5798.43  5.9945E+05  2.3978E+06
   5802.29  5.9677E+05  2.3871E+06
   5806.16  5.9815E+05  2.3926E+06
   5810.03  5.9674E+05  2.3869E+06
   5813.91  5.7507E+05  2.3003E+06
   5817.78  5.9299E+05  2.3720E+06
   5821.66  5.9670E+05  2.3868E+06
   5825.55  5.9665E+05  2.3866E+06
   5829.43  5.9506E+05  2.3802E+06
   5833.32  5.9223E+05  2.3689E+06
   5837.21  5.9334E+05  2.3734E+06
   5841.10  5.9202E+05  2.3681E+06
   5845.00  5.9330E+05  2.3732E+06
   5848.90  5.9359E+05  2.3744E+06
   5852.80  5.9249E+05  2.3700E+06
   5856.70  5.9003E+05  2.3601E+06
   5860.60  5.9128E+05  2.3651E+06
   5864.51  5.9034E+05  2.3613E+06
   5868.42  5.8926E+05  2.3570E+06
   5872.34  5.8967E+05  2.3587E+06
   5876.25  5.8926E+05  2.3571E+06
   5880.17  5.8781E+05  2.3512E+06
   5884.09  5.8738E+05  2.3495E+06
   5888.02  5.8221E+05  2.3288E+06
   5891.94  3.5622E+05  1.4249E+06
   5895.87  5.7252E+05  2.2901E+06
   5899.80  5.7928E+05  2.3171E+06
   5903.74  5.7020E+05  2.2808E+06
   5907.68  5.8609E+05  2.3444E+06
   5911.62  5.8441E+05  2.3376E+06
   5915.56  5.7053E+05  2.2821E+06
   5919.50  5.7727E+05  2.3091E+06
   5923.45  5.8393E+05  2.3357E+06
   5927.40  5.8376E+05  2.3350E+06
   5931.35  5.8319E+05  2.3327E+06
   5935.31  5.1248E+05  2.0499E+06
   5939.27  5.6588E+05  2.2635E+06
   5943.23  3.8447E+05  1.5379E+06
   5947.19  5.8159E+05  2.3263E+06
   5951.16  5.8088E+05  2.3235E+06
   5955.12  5.8134E+05  2.3254E+06
   5959.10  5.7770E+05  2.3108E+06
   5963.07  5.7857E+05  2.3143E+06
   5967.05  5.7903E+05  2.3161E+06
   5971.03  5.7855E+05  2.3142E+06
   5975.01  5.6423E+05  2.2569E+06
   5978.99  5.7710E+05  2.3084E+06
   5982.98  5.7791E+05  2.3116E+06
   5986.97  5.7752E+05  2.3101E+06
   5990.96  5.7648E+05  2.3059E+06
   5994.96  5.7589E+05  2.3036E+06
   5998.95  5.7518E+05  2.3007E+06
   6002.96  5.7550E+05  2.3020E+06
   6006.96  5.7533E+05  2.3013E+06
   6010.96  5.4673E+05  2.1869E+06
   6014.97  5.6585E+05  2.2634E+06
   6018.98  5.7331E+05  2.2932E+06
   6023.00  5.7274E+05  2.2910E+06
   6027.01  5.7222E+05  2.2889E+06
   6031.03  5.7231E+05  2.2892E+06
   6035.06  5.6961E+05  2.2784E+06
   6039.08  5.6923E+05  2.2769E+06
   6043.11  5.6962E+05  2.2785E+06
   6047.14  5.6946E+05  2.2779E+06
   6051.17  5.6838E+05  2.2735E+06
   6055.21  5.6754E+05  2.2702E+06
   6059.24  5.6836E+05  2.2734E+06
   6063.28  5.6874E+05  2.2750E+06
   6067.33  5.5510E+05  2.2204E+06
   6071.37  5.6671E+05  2.2669E+06
   6075.42  5.6696E+05  2.2679E+06
   6079.47  5.6547E+05  2.2619E+06
   6083.53  5.6600E+05  2.2640E+06
   6087.58  5.6533E+05  2.2613E+06
   6091.64  5.6513E+05  2.2605E+06
   6095.71  5.6239E+05  2.2496E+06
   6099.77  4.8702E+05  1.9481E+06
   6103.84  5.6212E+05  2.2485E+06
   6107.91  5.6014E+05  2.2406E+06
   6111.98  5.6238E+05  2.2495E+06
   6116.06  5.6233E+05  2.2493E+06
   6120.14  5.6224E+05  2.2489E+06
   6124.22  5.5839E+05  2.2336E+06
   6128.30  5.6101E+05  2.2440E+06
   6132.39  5.6040E+05  2.2416E+06
   6136.48  5.5968E+05  2.2387E+06
   6140.57  5.5752E+05  2.2301E+06
   6144.67  5.3695E+05  2.1478E+06
   6148.76  5.5833E+05  2.2333E+06
   6152.86  5.5679E+05  2.2272E+06
   6156.97  5.5775E+05  2.2310E+06
   6161.07  5.5727E+05  2.2291E+06
   6165.18  5.5566E+05  2.2226E+06
   6169.29  5.5370E+05  2.2148E+06
   6173.41  5.5520E+05  2.2208E+06
   6177.52  5.5498E+05  2.2199E+06
   6181.64  5.5372E+05  2.2149E+06
   6185.77  5.5441E+05  2.2176E+06
   6189.89  5.5388E+05  2.2155E+06
   6194.02  5.5097E+05  2.2039E+06
   6198.15  5.5093E+05  2.2037E+06
   6202.28  5.5156E+05  2.2062E+06
   6206.42  5.5103E+05  2.2041E+06
   6210.56  5.5025E+05  2.2010E+06
   6214.70  1.8155E+05  7.2620E+05
   6218.84  5.5068E+05  2.2027E+06
   6222.99  5.3349E+05  2.1339E+06
   6227.14  5.4752E+05  2.1901E+06
   6231.29  5.4596E+05  2.1838E+06
   6235.45  5.4798E+05  2.1919E+06
   6239.61  5.4726E+05  2.1890E+06
   6243.77  5.4619E+05  2.1848E+06
   6247.93  1.9144E+05  7.6578E+05
   6252.10  5.4322E+05  2.1729E+06
   6256.27  5.1118E+05  2.0447E+06
   6260.44  5.2687E+05  2.1075E+06
   6264.62  5.4528E+05  2.1811E+06
   6268.79  5.4500E+05  2.1800E+06
   6272.97  5.4258E+05  2.1703E+06
   6277.16  5.4352E+05  2.1741E+06
   6281.34  4.7366E+05  1.8946E+06
   6285.53  5.4254E+05  2.1702E+06
   6289.72  5.4253E+05  2.1701E+06
   6293.92  5.4125E+05  2.1650E+06
   6298.11  4.6696E+05  1.8678E+06
   6302.31  5.4055E+05  2.1622E+06
   6306.52  5.4002E+05  2.1601E+06
   6310.72  5.3990E+05  2.1596E+06
   6314.93  5.3922E+05  2.1569E+06
   6319.14  5.3658E+05  2.1463E+06
   6323.36  5.3778E+05  2.1511E+06
   6327.57  5.3831E+05  2.1532E+06
   6331.79  5.3743E+05  2.1497E+06
   6336.02  5.3121E+05  2.1248E+06
   6340.24  5.3465E+05  2.1386E+06
   6344.47  5.2382E+05  2.0953E+06
   6348.70  5.3178E+05  2.1271E+06
   6352.93  5.3391E+05  2.1356E+06
   6357.17  5.3066E+05  2.1227E+06
   6361.41  5.3224E+05  2.1290E+06
   6365.65  5.3052E+05  2.1221E+06
   6369.90  5.3313E+05  2.1325E+06
   6374.14  5.3245E+05  2.1298E+06
   6378.40  5.3146E+05  2.1258E+06
   6382.65  5.2761E+05  2.1105E+06
   6386.91  5.2868E+05  2.1147E+06
   6391.16  5.3015E+05  2.1206E+06
   6395.43  5.2488E+05  2.0995E+06
   6399.69  5.2562E+05  2.1025E+06
   6403.96  5.2901E+05  2.1161E+06
   6408.23  5.2736E+05  2.1094E+06
   6412.50  5.2678E+05  2.1071E+06
   6416.78  5.2790E+05  2.1116E+06
   6421.06  5.2714E+05  2.1085E+06
   6425.34  4.1048E+05  1.6419E+06
   6429.63  5.2644E+05  2.1058E+06
   6433.91  5.2537E+05  2.1015E+06
   6438.20  5.2532E+05  2.1013E+06
   6442.50  5.2479E+05  2.0992E+06
   6446.79  5.2363E+05  2.0945E+06
   6451.09  5.2314E+05  2.0925E+06
   6455.39  5.2384E+05  2.0953E+06
   6459.70  5.2303E+05  2.0921E+06
   6464.01  5.2109E+05  2.0844E+06
   6468.32  5.1927E+05  2.0771E+06
   6472.63  5.2137E+05  2.0855E+06
   6476.95  5.2137E+05  2.0855E+06
   6481.27  5.1997E+05  2.0799E+06
   6485.59  3.5781E+05  1.4312E+06
   6489.91  5.1914E+05  2.0765E+06
   6494.24  5.1824E+05  2.0730E+06
   6498.57  5.1530E+05  2.0612E+06
   6502.91  5.1289E+05  2.0516E+06
   6507.24  5.0784E+05  2.0313E+06
   6511.58  5.1380E+05  2.0552E+06
   6515.92  5.1679E+05  2.0672E+06
   6520.27  5.1630E+05  2.0652E+06
   6524.62  5.1548E+05  2.0619E+06
   6528.97  5.1256E+05  2.0502E+06
   6533.32  5.0387E+05  2.0155E+06
   6537.68  5.1476E+05  2.0590E+06
   6542.04  5.1370E+05  2.0548E+06
   6546.40  4.9375E+05  1.9750E+06
   6550.77  5.1300E+05  2.0520E+06
   6555.14  5.1165E+05  2.0466E+06
   6559.51  5.0115E+05  2.0046E+06
   6563.88  5.1102E+05  2.0441E+06
   6568.26  5.1015E+05  2.0406E+06
   6572.64  5.0817E+05  2.0327E+06
   6577.02  5.0993E+05  2.0397E+06
   6581.41  5.0964E+05  2.0386E+06
   6585.80  5.0901E+05  2.0360E+06
   6590.19  5.0602E+05  2.0241E+06
   6594.58  1.3479E+05  5.3917E+05
   6598.98  5.0553E+05  2.0221E+06
   6603.38  5.0717E+05  2.0287E+06
   6607.79  5.0680E+05  2.0272E+06
   6612.19  5.0660E+05  2.0264E+06
   6616.60  5.0281E+05  2.0112E+06
   6621.01  5.0479E+05  2.0192E+06
   6625.43  5.0332E+05  2.0133E+06
   6629.85  5.0378E+05  2.0151E+06
   6634.27  5.0314E+05  2.0126E+06
   6638.69  5.0128E+05  2.0051E+06
   6643.12  5.0298E+05  2.0119E+06
   6647.55  5.0211E+05  2.0084E+06
   6651.98  5.0020E+05  2.0008E+06
   6656.42  5.0124E+05  2.0050E+06
   6660.86  4.9955E+05  1.9982E+06
   6665.30  4.9946E+05  1.9978E+06
   6669.75  4.9911E+05  1.9964E+06
   6674.19  4.9816E+05  1.9927E+06
   6678.64  4.9908E+05  1.9963E+06
   6683.10  4.9723E+05  1.9889E+06
   6687.55  4.9731E+05  1.9892E+06
   6692.01  4.9740E+05  1.9896E+06
   6696.48  4.9579E+05  1.9832E+06
   6700.94  4.9557E+05  1.9823E+06
   6705.41  4.9634E+05  1.9854E+06
   6709.88  4.9506E+05  1.9802E+06
   6714.36  3.6678E+05  1.4671E+06
   6718.84  4.9468E+05  1.9787E+06
   6723.32  4.9346E+05  1.9738E+06
   6727.80  4.9246E+05  1.9698E+06
   6732.29  4.9289E+05  1.9716E+06
   6736.78  4.9057E+05  1.9623E+06
   6741.27  4.8263E+05  1.9305E+06
   6745.76  4.8867E+05  1.9547E+06
   6750.26  4.6393E+05  1.8557E+06
   6754.76  4.7943E+05  1.9177E+06
   6759.27  4.8973E+05  1.9589E+06
   6763.78  4.8610E+05  1.9444E+06
   6768.29  4.8511E+05  1.9404E+06
   6772.80  4.8908E+05  1.9563E+06
   6777.32  4.8816E+05  1.9527E+06
   6781.84  4.8125E+05  1.9250E+06
   6786.36  4.8738E+05  1.9495E+06
   6790.88  4.7761E+05  1.9104E+06
   6795.41  4.8538E+05  1.9415E+06
   6799.94  4.8457E+05  1.9383E+06
   6804.48  4.8525E+05  1.9410E+06
   6809.02  4.8335E+05  1.9334E+06
   6813.56  4.8392E+05  1.9357E+06
   6818.10  4.8341E+05  1.9336E+06
   6822.65  4.8303E+05  1.9321E+06
   6827.20  4.8188E+05  1.9275E+06
   6831.75  4.8102E+05  1.9241E+06
   6836.31  4.7694E+05  1.9078E+06
   6840.87  4.8061E+05  1.9225E+06
   6845.43  4.1195E+05  1.6478E+06
   6849.99  4.8092E+05  1.9237E+06
   6854.56  4.7808E+05  1.9123E+06
   6859.13  4.7845E+05  1.9138E+06
   6863.71  4.5458E+05  1.8183E+06
   6868.28  4.7730E+05  1.9092E+06
   6872.86  4.7675E+05  1.9070E+06
   6877.45  4.7507E+05  1.9003E+06
   6882.03  4.7257E+05  1.8903E+06
   6886.62  4.7712E+05  1.9085E+06
   6891.21  4.7453E+05  1.8981E+06
   6895.81  4.7517E+05  1.9007E+06
   6900.41  4.7449E+05  1.8980E+06
   6905.01  4.7438E+05  1.8975E+06
   6909.61  4.7464E+05  1.8986E+06
   6914.22  4.7251E+05  1.8900E+06
   6918.83  4.7337E+05  1.8935E+06
   6923.45  4.7161E+05  1.8864E+06
   6928.06  4.6840E+05  1.8736E+06
   6932.68  4.6878E+05  1.8751E+06
   6937.31  4.5591E+05  1.8236E+06
   6941.93  4.6965E+05  1.8786E+06
   6946.56  4.6884E+05  1.8754E+06
   6951.20  4.6378E+05  1.8551E+06
   6955.83  4.6860E+05  1.8744E+06
   6960.47  4.6947E+05  1.8779E+06
   6965.11  4.6753E+05  1.8701E+06
   6969.76  4.6544E+05  1.8618E+06
   6974.40  4.6483E+05  1.8593E+06
   6979.06  4.6634E+05  1.8653E+06
   6983.71  4.6548E+05  1.8619E+06
   6988.37  4.6407E+05  1.8563E+06
   6993.03  4.6544E+05  1.8617E+06
   6997.69  4.6562E+05  1.8625E+06
   7002.36  3.8234E+05  1.5294E+06
   7007.03  4.6373E+05  1.8549E+06
   7011.70  4.6263E+05  1.8505E+06
   7016.37  4.5359E+05  1.8144E+06
   7021.05  4.5813E+05  1.8325E+06
   7025.74  4.6150E+05  1.8460E+06
   7030.42  4.6198E+05  1.8479E+06
   7035.11  4.5886E+05  1.8354E+06
   7039.80  4.5934E+05  1.8374E+06
   7044.50  4.6077E+05  1.8431E+06
   7049.19  4.6029E+05  1.8412E+06
   7053.89  4.5730E+05  1.8292E+06
   7058.60  4.5879E+05  1.8351E+06
   7063.31  4.5340E+05  1.8136E+06
   7068.02  4.5811E+05  1.8324E+06
   7072.73  4.5807E+05  1.8323E+06
   7077.45  4.5701E+05  1.8280E+06
   7082.17  4.5498E+05  1.8199E+06
   7086.89  4.5577E+05  1.8231E+06
   7091.61  4.5472E+05  1.8189E+06
   7096.34  4.5450E+05  1.8180E+06
   7101.08  4.5303E+05  1.8121E+06
   7105.81  4.5431E+05  1.8172E+06
   7110.55  4.5160E+05  1.8064E+06
   7115.29  4.4513E+05  1.7805E+06
   7120.04  4.5303E+05  1.8121E+06
   7124.78  4.5240E+05  1.8096E+06
   7129.54  4.5190E+05  1.8076E+06
   7134.29  4.4913E+05  1.7965E+06
   7139.05  4.5092E+05  1.8037E+06
   7143.81  4.5078E+05  1.8031E+06
   7148.57  4.4876E+05  1.7950E+06
   7153.34  4.4958E+05  1.7983E+06
   7158.11  4.4894E+05  1.7958E+06
   7162.88  4.4250E+05  1.7700E+06
   7167.66  4.4495E+05  1.7798E+06
   7172.44  4.4298E+05  1.7719E+06
   7177.22  4.4288E+05  1.7715E+06
   7182.01  4.4204E+05  1.7682E+06
   7186.80  4.4601E+05  1.7840E+06
   7191.59  4.2251E+05  1.6900E+06
   7196.39  4.4490E+05  1.7796E+06
   7201.19  4.4520E+05  1.7808E+06
   7205.99  4.4472E+05  1.7789E+06
   7210.79  4.4358E+05  1.7743E+06
   7215.60  4.2515E+05  1.7006E+06
   7220.41  4.4017E+05  1.7607E+06
   7225.23  4.4272E+05  1.7709E+06
   7230.05  4.4018E+05  1.7607E+06
   7234.87  4.4191E+05  1.7676E+06
   7239.69  4.4079E+05  1.7632E+06
   7244.52  4.4040E+05  1.7616E+06
   7249.35  4.4032E+05  1.7613E+06
   7254.19  4.3950E+05  1.7580E+06
   7259.03  4.3936E+05  1.7574E+06
   7263.87  4.3678E+05  1.7471E+06
   7268.71  4.3538E+05  1.7415E+06
   7273.56  4.3571E+05  1.7428E+06
   7278.41  4.3749E+05  1.7499E+06
   7283.26  4.3356E+05  1.7342E+06
   7288.12  4.3432E+05  1.7373E+06
   7292.98  4.3359E+05  1.7343E+06
   7297.84  4.3578E+05  1.7431E+06
   7302.71  4.3503E+05  1.7401E+06
   7307.58  4.3375E+05  1.7350E+06
   7312.45  4.2622E+05  1.7049E+06
   7317.33  4.1145E+05  1.6458E+06
   7322.21  4.3333E+05  1.7333E+06
   7327.09  4.2903E+05  1.7161E+06
   7331.98  3.6044E+05  1.4418E+06
   7336.87  4.3208E+05  1.7283E+06
   7341.76  4.2809E+05  1.7124E+06
   7346.66  4.0985E+05  1.6394E+06
   7351.55  4.3045E+05  1.7218E+06
   7356.46  4.3025E+05  1.7210E+06
   7361.36  4.2978E+05  1.7191E+06
   7366.27  4.2918E+05  1.7167E+06
   7371.18  4.2518E+05  1.7007E+06
   7376.10  4.1885E+05  1.6754E+06
   7381.02  4.2785E+05  1.7114E+06
   7385.94  4.2724E+05  1.7090E+06
   7390.87  4.2614E+05  1.7046E+06
   7395.80  4.2502E+05  1.7001E+06
   7400.73  4.2542E+05  1.7017E+06
   7405.66  4.2552E+05  1.7021E+06
   7410.60  4.2271E+05  1.6909E+06
   7415.54  4.2414E+05  1.6966E+06
   7420.49  2.6810E+05  1.0724E+06
   7425.44  3.3474E+05  1.3390E+06
   7430.39  4.1995E+05  1.6798E+06
   7435.34  4.2164E+05  1.6865E+06
   7440.30  4.1955E+05  1.6782E+06
   7445.26  4.2172E+05  1.6869E+06
   7450.23  4.1977E+05  1.6791E+06
   7455.20  4.2086E+05  1.6835E+06
   7460.17  4.1785E+05  1.6714E+06
   7465.14  4.1663E+05  1.6665E+06
   7470.12  4.1211E+05  1.6484E+06
   7475.10  4.1816E+05  1.6726E+06
   7480.09  4.1755E+05  1.6702E+06
   7485.08  4.1335E+05  1.6534E+06
   7490.07  4.1668E+05  1.6667E+06
   7495.06  4.1396E+05  1.6559E+06
   7500.06  4.1640E+05  1.6656E+06
   7505.06  4.1338E+05  1.6535E+06
   7510.07  4.1578E+05  1.6631E+06
   7515.08  4.1527E+05  1.6611E+06
   7520.09  4.1466E+05  1.6586E+06
   7525.10  3.2707E+05  1.3083E+06
   7530.12  4.1370E+05  1.6548E+06
   7535.14  4.0529E+05  1.6212E+06
   7540.17  4.0838E+05  1.6335E+06
   7545.19  4.1050E+05  1.6420E+06
   7550.23  4.1131E+05  1.6452E+06
   7555.26  4.1162E+05  1.6465E+06
   7560.30  4.1101E+05  1.6440E+06
   7565.34  4.0985E+05  1.6394E+06
   7570.39  4.0993E+05  1.6397E+06
   7575.44  4.0949E+05  1.6380E+06
   7580.49  4.0917E+05  1.6367E+06
   7585.54  4.0604E+05  1.6242E+06
   7590.60  4.0475E+05  1.6190E+06
   7595.66  3.9570E+05  1.5828E+06
   7600.73  4.0756E+05  1.6303E+06
   7605.80  4.0581E+05  1.6232E+06
   7610.87  4.0418E+05  1.6167E+06
   7615.94  4.0562E+05  1.6225E+06
   7621.02  4.0562E+05  1.6225E+06
   7626.11  4.0470E+05  1.6188E+06
   7631.19  4.0432E+05  1.6173E+06
   7636.28  4.0382E+05  1.6153E+06
   7641.37  3.9987E+05  1.5995E+06
   7646.47  4.0307E+05  1.6123E+06
   7651.57  4.0263E+05  1.6105E+06
   7656.67  4.0248E+05  1.6099E+06
   7661.78  2.8418E+05  1.1367E+06
   7666.88  9.1276E+04  3.6510E+05
   7672.00  4.0096E+05  1.6038E+06
   7677.11  4.0055E+05  1.6022E+06
   7682.23  2.8895E+05  1.1558E+06
   7687.36  3.9971E+05  1.5989E+06
   7692.48  3.9857E+05  1.5943E+06
   7697.61  3.9269E+05  1.5708E+06
   7702.75  3.9640E+05  1.5856E+06
   7707.88  3.9722E+05  1.5889E+06
   7713.02  3.9728E+05  1.5891E+06
   7718.17  3.9688E+05  1.5875E+06
   7723.31  3.9625E+05  1.5850E+06
   7728.46  3.9475E+05  1.5790E+06
   7733.62  3.9497E+05  1.5799E+06
   7738.78  3.9409E+05  1.5763E+06
   7743.94  3.9405E+05  1.5762E+06
   7749.10  3.9418E+05  1.5767E+06
   7754.27  3.9124E+05  1.5650E+06
   7759.44  3.9328E+05  1.5731E+06
   7764.61  3.9281E+05  1.5712E+06
   7769.79  3.9243E+05  1.5697E+06
   7774.97  3.8854E+05  1.5542E+06
   7780.16  3.9151E+05  1.5661E+06
   7785.35  3.9112E+05  1.5645E+06
   7790.54  3.9068E+05  1.5627E+06
   7795.73  3.9017E+05  1.5607E+06
   7800.93  3.8973E+05  1.5589E+06
   7806.13  3.8813E+05  1.5525E+06
   7811.34  3.8871E+05  1.5549E+06
   7816.55  3.8841E+05  1.5536E+06
   7821.76  3.8794E+05  1.5517E+06
   7826.98  3.8739E+05  1.5495E+06
   7832.20  3.8673E+05  1.5469E+06
   7837.42  3.8655E+05  1.5462E+06
   7842.65  3.8585E+05  1.5434E+06
   7847.88  3.8570E+05  1.5428E+06
   7853.11  3.7990E+05  1.5196E+06
   7858.35  3.8418E+05  1.5367E+06
   7863.59  3.8273E+05  1.5309E+06
   7868.83  3.8368E+05  1.5347E+06
   7874.08  3.8339E+05  1.5336E+06
   7879.33  3.7130E+05  1.4852E+06
   7884.58  3.8183E+05  1.5273E+06
   7889.84  3.8094E+05  1.5238E+06
   7895.10  3.8168E+05  1.5267E+06
   7900.37  3.7748E+05  1.5099E+06
   7905.64  3.8063E+05  1.5225E+06
   7910.91  3.7255E+05  1.4902E+06
   7916.18  3.7940E+05  1.5176E+06
   7921.46  3.7944E+05  1.5177E+06
   7926.75  3.7898E+05  1.5159E+06
   7932.03  3.7141E+05  1.4856E+06
   7937.32  3.7771E+05  1.5108E+06
   7942.61  3.7708E+05  1.5083E+06
   7947.91  3.5222E+05  1.4089E+06
   7953.21  3.7635E+05  1.5054E+06
   7958.52  3.7613E+05  1.5045E+06
   7963.82  3.7588E+05  1.5035E+06
   7969.13  3.7086E+05  1.4834E+06
   7974.45  3.6970E+05  1.4788E+06
   7979.77  3.7422E+05  1.4969E+06
   7985.09  3.7406E+05  1.4962E+06
   7990.41  3.6622E+05  1.4649E+06
   7995.74  3.7315E+05  1.4926E+06
   8001.07  3.6624E+05  1.4650E+06
   8006.41  3.7198E+05  1.4879E+06
   8011.75  3.7158E+05  1.4863E+06
   8017.09  3.7120E+05  1.4848E+06
   8022.44  3.6928E+05  1.4771E+06
   8027.79  3.7068E+05  1.4827E+06
   8033.14  3.7024E+05  1.4810E+06
   8038.50  3.6937E+05  1.4775E+06
   8043.86  3.6298E+05  1.4519E+06
   8049.22  3.6891E+05  1.4756E+06
   8054.59  3.6780E+05  1.4712E+06
   8059.96  3.6785E+05  1.4714E+06
   8065.34  3.6747E+05  1.4699E+06
   8070.71  3.6608E+05  1.4643E+06
   8076.10  3.6366E+05  1.4547E+06
   8081.48  3.6644E+05  1.4658E+06
   8086.87  3.6393E+05  1.4557E+06
   8092.26  3.6292E+05  1.4517E+06
   8097.66  3.6435E+05  1.4574E+06
   8103.06  3.5919E+05  1.4368E+06
   8108.46  3.5493E+05  1.4197E+06
   8113.87  3.5667E+05  1.4267E+06
   8119.28  3.5636E+05  1.4254E+06
   8124.70  3.6300E+05  1.4520E+06
   8130.12  3.6239E+05  1.4495E+06
   8135.54  3.5973E+05  1.4389E+06
   8140.96  3.6133E+05  1.4453E+06
   8146.39  3.6139E+05  1.4456E+06
   8151.82  3.6072E+05  1.4429E+06
   8157.26  3.5834E+05  1.4333E+06
   8162.70  3.5992E+05  1.4397E+06
   8168.14  3.5013E+05  1.4005E+06
   8173.59  3.5607E+05  1.4243E+06
   8179.04  3.5890E+05  1.4356E+06
   8184.50  3.5824E+05  1.4330E+06
   8189.95  3.4809E+05  1.3923E+06
   8195.41  3.5743E+05  1.4297E+06
   8200.88  3.1383E+05  1.2553E+06
   8206.35  3.5659E+05  1.4264E+06
   8211.82  3.4042E+05  1.3617E+06
   8217.30  3.4078E+05  1.3631E+06
   8222.78  3.5400E+05  1.4160E+06
   8228.26  3.5496E+05  1.4198E+06
   8233.75  3.2309E+05  1.2924E+06
   8239.24  3.5362E+05  1.4145E+06
   8244.73  3.5388E+05  1.4155E+06
   8250.23  3.0033E+05  1.2013E+06
   8255.73  3.5117E+05  1.4047E+06
   8261.24  3.5257E+05  1.4103E+06
   8266.75  3.5221E+05  1.4089E+06
   8272.26  3.5157E+05  1.4063E+06
   8277.78  3.5120E+05  1.4048E+06
   8283.30  3.4959E+05  1.3984E+06
   8288.82  3.5054E+05  1.4022E+06
   8294.35  3.4993E+05  1.3997E+06
   8299.88  3.4842E+05  1.3937E+06
   8305.42  3.1936E+05  1.2774E+06
   8310.95  3.4839E+05  1.3936E+06
   8316.50  3.4418E+05  1.3767E+06
   8322.04  3.4575E+05  1.3830E+06
   8327.59  3.4620E+05  1.3848E+06
   8333.15  3.4675E+05  1.3870E+06
   8338.70  3.4652E+05  1.3861E+06
   8344.26  2.4294E+05  9.7175E+05
   8349.83  3.4595E+05  1.3838E+06
   8355.40  3.4534E+05  1.3814E+06
   8360.97  3.4504E+05  1.3802E+06
   8366.54  3.4469E+05  1.3788E+06
   8372.12  3.3305E+05  1.3322E+06
   8377.71  3.4375E+05  1.3750E+06
   8383.29  3.4320E+05  1.3728E+06
   8388.88  3.3938E+05  1.3575E+06
   8394.48  3.4258E+05  1.3703E+06
   8400.08  3.3395E+05  1.3358E+06
   8405.68  3.4035E+05  1.3614E+06
   8411.28  3.4126E+05  1.3651E+06
   8416.89  3.4086E+05  1.3635E+06
   8422.50  3.4015E+05  1.3606E+06
   8428.12  3.3660E+05  1.3464E+06
   8433.74  3.3969E+05  1.3588E+06
   8439.37  3.3890E+05  1.3556E+06
   8444.99  3.3821E+05  1.3528E+06
   8450.63  3.3844E+05  1.3538E+06
   8456.26  3.3788E+05  1.3515E+06
   8461.90  3.3701E+05  1.3480E+06
   8467.54  3.3346E+05  1.3338E+06
   8473.19  3.3096E+05  1.3238E+06
   8478.84  3.3576E+05  1.3430E+06
   8484.49  3.1937E+05  1.2775E+06
   8490.15  3.3011E+05  1.3204E+06
   8495.81  3.3475E+05  1.3390E+06
   8501.48  3.1692E+05  1.2677E+06
   8507.15  3.3396E+05  1.3358E+06
   8512.82  3.3230E+05  1.3292E+06
   8518.50  3.3327E+05  1.3331E+06
   8524.18  3.3250E+05  1.3300E+06
   8529.86  3.3145E+05  1.3258E+06
   8535.55  3.2969E+05  1.3188E+06
   8541.25  3.2975E+05  1.3190E+06
   8546.94  3.3143E+05  1.3257E+06
   8552.64  3.2528E+05  1.3011E+06
   8558.34  3.3009E+05  1.3204E+06
   8564.05  3.2985E+05  1.3194E+06
   8569.76  3.2833E+05  1.3133E+06
   8575.48  3.2668E+05  1.3067E+06
   8581.20  3.2188E+05  1.2875E+06
   8586.92  2.6612E+05  1.0645E+06
   8592.64  3.2812E+05  1.3125E+06
   8598.38  3.2764E+05  1.3106E+06
   8604.11  3.2730E+05  1.3092E+06
   8609.85  3.2666E+05  1.3066E+06
   8615.59  3.2646E+05  1.3059E+06
   8621.33  3.2552E+05  1.3021E+06
   8627.08  3.2567E+05  1.3027E+06
   8632.84  3.2502E+05  1.3001E+06
   8638.59  3.2463E+05  1.2985E+06
   8644.35  3.2049E+05  1.2820E+06
   8650.12  3.2258E+05  1.2903E+06
   8655.89  3.2360E+05  1.2944E+06
   8661.66  3.2315E+05  1.2926E+06
   8667.44  3.2276E+05  1.2910E+06
   8673.22  3.2215E+05  1.2886E+06
   8679.00  3.2178E+05  1.2871E+06
   8684.79  3.2152E+05  1.2861E+06
   8690.58  3.1703E+05  1.2681E+06
   8696.37  3.1900E+05  1.2760E+06
   8702.17  3.1890E+05  1.2756E+06
   8707.98  3.1907E+05  1.2763E+06
   8713.78  3.1403E+05  1.2561E+06
   8719.59  3.1715E+05  1.2686E+06
   8725.41  3.1867E+05  1.2747E+06
   8731.23  3.1090E+05  1.2436E+06
   8737.05  3.1695E+05  1.2678E+06
   8742.88  3.1556E+05  1.2622E+06
   8748.71  3.1674E+05  1.2669E+06
   8754.54  3.1624E+05  1.2650E+06
   8760.38  3.1626E+05  1.2651E+06
   8766.22  3.0707E+05  1.2283E+06
   8772.07  3.1519E+05  1.2608E+06
   8777.92  3.1274E+05  1.2510E+06
   8783.77  3.1465E+05  1.2586E+06
   8789.63  3.1418E+05  1.2567E+06
   8795.49  1.4823E+05  5.9291E+05
   8801.36  3.1336E+05  1.2534E+06
   8807.23  3.1118E+05  1.2447E+06
   8813.10  3.1234E+05  1.2493E+06
   8818.98  3.1173E+05  1.2469E+06
   8824.86  3.0920E+05  1.2368E+06
   8830.74  3.1115E+05  1.2446E+06
   8836.63  3.1069E+05  1.2428E+06
   8842.52  3.1057E+05  1.2423E+06
   8848.42  3.0949E+05  1.2380E+06
   8854.32  3.0789E+05  1.2316E+06
   8860.23  3.0937E+05  1.2375E+06
   8866.13  3.0839E+05  1.2336E+06
   8872.05  3.0843E+05  1.2337E+06
   8877.96  3.0807E+05  1.2323E+06
   8883.88  3.0584E+05  1.2234E+06
   8889.81  3.0731E+05  1.2293E+06
   8895.74  3.0680E+05  1.2272E+06
   8901.67  3.0624E+05  1.2250E+06
   8907.60  3.0611E+05  1.2244E+06
   8913.55  3.0556E+05  1.2223E+06
   8919.49  3.0534E+05  1.2214E+06
   8925.44  3.0368E+05  1.2147E+06
   8931.39  3.0377E+05  1.2151E+06
   8937.35  3.0416E+05  1.2166E+06
   8943.31  3.0363E+05  1.2145E+06
   8949.27  3.0306E+05  1.2123E+06
   8955.24  3.0294E+05  1.2117E+06
   8961.21  3.0256E+05  1.2102E+06
   8967.19  3.0186E+05  1.2074E+06
   8973.17  3.0173E+05  1.2069E+06
   8979.15  2.9856E+05  1.1942E+06
   8985.14  3.0094E+05  1.2038E+06
   8991.13  3.0043E+05  1.2017E+06
   8997.12  2.9978E+05  1.1991E+06
   9003.12  2.9938E+05  1.1975E+06
   9009.13  2.9789E+05  1.1915E+06
   9015.14  2.9820E+05  1.1928E+06
   9021.15  2.9679E+05  1.1872E+06
   9027.16  2.9794E+05  1.1917E+06
   9033.18  2.9788E+05  1.1915E+06
   9039.21  2.9637E+05  1.1855E+06
   9045.24  2.9683E+05  1.1873E+06
   9051.27  2.9627E+05  1.1851E+06
   9057.30  2.9569E+05  1.1828E+06
   9063.34  2.9557E+05  1.1823E+06
   9069.39  2.9551E+05  1.1820E+06
   9075.44  2.9497E+05  1.1799E+06
   9081.49  2.9425E+05  1.1770E+06
   9087.54  2.9345E+05  1.1738E+06
   9093.60  2.9399E+05  1.1760E+06
   9099.67  2.9331E+05  1.1732E+06
   9105.74  2.9301E+05  1.1720E+06
   9111.81  2.9294E+05  1.1717E+06
   9117.89  2.9216E+05  1.1686E+06
   9123.97  2.9224E+05  1.1690E+06
   9130.05  2.9096E+05  1.1639E+06
   9136.14  2.9144E+05  1.1658E+06
   9142.23  2.9065E+05  1.1626E+06
   9148.33  1.8338E+05  7.3354E+05
   9154.43  2.9027E+05  1.1611E+06
   9160.53  2.8992E+05  1.1597E+06
   9166.64  2.8826E+05  1.1530E+06
   9172.76  2.7613E+05  1.1045E+06
   9178.87  2.8870E+05  1.1548E+06
   9184.99  2.8759E+05  1.1503E+06
   9191.12  2.8806E+05  1.1523E+06
   9197.25  2.8762E+05  1.1505E+06
   9203.38  2.8741E+05  1.1496E+06
   9209.52  2.8693E+05  1.1477E+06
   9215.66  2.8603E+05  1.1441E+06
   9221.81  2.8239E+05  1.1296E+06
   9227.96  2.7788E+05  1.1115E+06
   9234.11  2.8271E+05  1.1308E+06
   9240.27  2.5945E+05  1.0378E+06
   9246.43  2.8406E+05  1.1362E+06
   9252.60  2.8442E+05  1.1377E+06
   9258.77  2.8387E+05  1.1355E+06
   9264.94  2.7365E+05  1.0946E+06
   9271.12  2.8321E+05  1.1328E+06
   9277.30  2.8298E+05  1.1319E+06
   9283.49  2.8239E+05  1.1296E+06
   9289.68  2.4616E+05  9.8466E+05
   9295.87  2.8165E+05  1.1266E+06
   9302.07  2.7719E+05  1.1088E+06
   9308.28  2.8113E+05  1.1245E+06
   9314.48  2.8075E+05  1.1230E+06
   9320.70  2.8016E+05  1.1207E+06
   9326.91  2.7852E+05  1.1141E+06
   9333.13  2.7914E+05  1.1165E+06
   9339.35  2.7923E+05  1.1169E+06
   9345.58  2.7868E+05  1.1147E+06
   9351.82  2.7830E+05  1.1132E+06
   9358.05  2.7812E+05  1.1125E+06
   9364.29  2.7769E+05  1.1108E+06
   9370.54  2.7339E+05  1.0936E+06
   9376.79  2.6882E+05  1.0753E+06
   9383.04  2.7638E+05  1.1055E+06
   9389.30  2.7443E+05  1.0977E+06
   9395.56  2.7578E+05  1.1031E+06
   9401.82  2.7536E+05  1.1014E+06
   9408.09  1.8464E+05  7.3854E+05
   9414.37  2.7149E+05  1.0859E+06
   9420.64  2.6248E+05  1.0499E+06
   9426.93  2.6558E+05  1.0623E+06
   9433.21  2.7272E+05  1.0909E+06
   9439.50  2.6536E+05  1.0614E+06
   9445.80  2.7253E+05  1.0901E+06
   9452.10  2.7246E+05  1.0898E+06
   9458.40  2.6035E+05  1.0414E+06
   9464.71  2.6939E+05  1.0776E+06
   9471.02  2.6670E+05  1.0668E+06
   9477.34  2.7122E+05  1.0849E+06
   9483.66  2.6147E+05  1.0459E+06
   9489.98  2.6748E+05  1.0699E+06
   9496.31  2.5927E+05  1.0371E+06
   9502.64  2.6224E+05  1.0489E+06
   9508.98  2.6104E+05  1.0441E+06
   9515.32  2.6884E+05  1.0754E+06
   9521.67  2.6867E+05  1.0747E+06
   9528.02  2.6397E+05  1.0559E+06
   9534.37  2.6800E+05  1.0720E+06
   9540.73  2.6764E+05  1.0706E+06
   9547.09  2.5308E+05  1.0123E+06
   9553.46  2.6656E+05  1.0662E+06
   9559.83  2.6592E+05  1.0637E+06
   9566.20  2.6586E+05  1.0634E+06
   9572.58  2.6477E+05  1.0591E+06
   9578.97  2.6403E+05  1.0561E+06
   9585.35  2.6508E+05  1.0603E+06
   9591.75  2.6461E+05  1.0584E+06
   9598.14  2.5948E+05  1.0379E+06
   9604.54  2.6047E+05  1.0419E+06
   9610.95  2.4977E+05  9.9907E+05
   9617.36  2.6332E+05  1.0533E+06
   9623.77  2.6207E+05  1.0483E+06
   9630.19  2.6257E+05  1.0503E+06
   9636.61  2.3067E+05  9.2267E+05
   9643.04  2.6158E+05  1.0463E+06
   9649.47  2.6137E+05  1.0455E+06
   9655.90  2.6062E+05  1.0425E+06
   9662.34  2.6012E+05  1.0405E+06
   9668.79  2.6046E+05  1.0418E+06
   9675.23  2.5941E+05  1.0377E+06
   9681.69  2.5972E+05  1.0389E+06
   9688.14  2.5891E+05  1.0356E+06
   9694.60  2.5781E+05  1.0312E+06
   9701.07  2.5609E+05  1.0244E+06
   9707.54  2.5527E+05  1.0211E+06
   9714.01  2.3852E+05  9.5410E+05
   9720.49  2.5762E+05  1.0305E+06
   9726.97  2.5727E+05  1.0291E+06
   9733.46  2.5639E+05  1.0256E+06
   9739.95  2.5582E+05  1.0233E+06
   9746.44  2.5418E+05  1.0167E+06
   9752.94  2.5579E+05  1.0232E+06
   9759.45  2.5547E+05  1.0219E+06
   9765.95  2.5402E+05  1.0161E+06
   9772.47  2.5473E+05  1.0189E+06
   9778.98  2.5398E+05  1.0159E+06
   9785.51  2.5407E+05  1.0163E+06
   9792.03  2.5183E+05  1.0073E+06
   9798.56  2.5320E+05  1.0128E+06
   9805.10  2.4300E+05  9.7200E+05
   9811.63  2.5218E+05  1.0087E+06
   9818.18  2.4915E+05  9.9660E+05
   9824.72  2.5199E+05  1.0080E+06
   9831.28  2.5148E+05  1.0059E+06
   9837.83  2.4992E+05  9.9969E+05
   9844.39  2.5091E+05  1.0036E+06
   9850.96  2.5043E+05  1.0017E+06
   9857.53  2.5024E+05  1.0010E+06
   9864.10  1.4790E+05  5.9160E+05
   9870.68  2.4437E+05  9.7746E+05
   9877.26  2.4647E+05  9.8587E+05
   9883.85  2.4685E+05  9.8740E+05
   9890.44  2.4827E+05  9.9308E+05
   9897.04  2.4814E+05  9.9257E+05
   9903.64  2.4618E+05  9.8473E+05
   9910.24  2.4694E+05  9.8776E+05
   9916.85  2.4687E+05  9.8747E+05
   9923.46  2.4672E+05  9.8687E+05
   9930.08  2.4610E+05  9.8442E+05
   9936.70  2.4588E+05  9.8354E+05
   9943.33  2.4559E+05  9.8237E+05
   9949.96  2.4376E+05  9.7503E+05
   9956.59  2.4500E+05  9.7999E+05
   9963.23  2.4341E+05  9.7363E+05
   9969.88  2.4426E+05  9.7706E+05
   9976.53  2.4387E+05  9.7548E+05
   9983.18  2.4292E+05  9.7168E+05
   9989.84  2.4313E+05  9.7253E+05
   9996.50  2.4291E+05  9.7164E+05
  10003.16  2.4227E+05  9.6907E+05
  10009.84  2.4225E+05  9.6899E+05
  10016.51  2.4188E+05  9.6753E+05
  10023.19  2.4156E+05  9.6622E+05
  10029.87  2.3916E+05  9.5664E+05
  10036.56  2.4004E+05  9.6017E+05
  10043.26  2.4061E+05  9.6244E+05
  10049.95  2.4036E+05  9.6145E+05
  10056.66  2.3985E+05  9.5940E+05
  10063.36  2.3962E+05  9.5848E+05
  10070.07  2.3930E+05  9.5720E+05
  10076.79  2.3846E+05  9.5385E+05
  10083.51  2.3459E+05  9.3836E+05
  10090.23  2.3835E+05  9.5340E+05
  10096.96  2.3810E+05  9.5242E+05
  10103.70  2.3775E+05  9.5101E+05
  10110.43  2.3738E+05  9.4953E+05
  10117.18  2.3661E+05  9.4644E+05
  10123.92  2.3453E+05  9.3813E+05
  10130.67  2.3066E+05  9.2266E+05
  10137.43  2.3552E+05  9.4208E+05
  10144.19  2.3402E+05  9.3607E+05
  10150.95  2.3547E+05  9.4189E+05
  10157.72  2.3453E+05  9.3810E+05
  10164.50  2.3336E+05  9.3344E+05
  10171.28  2.3458E+05  9.3833E+05
  10178.06  2.3392E+05  9.3570E+05
  10184.85  2.3389E+05  9.3557E+05
  10191.64  2.3237E+05  9.2946E+05
  10198.43  2.3323E+05  9.3293E+05
  10205.24  2.3299E+05  9.3196E+05
  10212.04  2.3264E+05  9.3058E+05
  10218.85  1.4185E+05  5.6741E+05
  10225.67  2.3196E+05  9.2783E+05
  10232.48  2.3163E+05  9.2651E+05
  10239.31  2.3122E+05  9.2490E+05
  10246.14  2.3096E+05  9.2385E+05
  10252.97  2.3023E+05  9.2091E+05
  10259.81  2.3017E+05  9.2067E+05
  10266.65  2.3013E+05  9.2051E+05
  10273.50  2.2975E+05  9.1901E+05
  10280.35  2.2951E+05  9.1804E+05
  10287.20  2.2743E+05  9.0973E+05
  10294.06  2.2877E+05  9.1506E+05
  10300.93  2.2584E+05  9.0334E+05
  10307.80  2.2759E+05  9.1034E+05
  10314.67  2.2787E+05  9.1148E+05
  10321.55  2.2756E+05  9.1023E+05
  10328.43  2.2672E+05  9.0686E+05
  10335.32  2.2694E+05  9.0777E+05
  10342.21  1.4176E+05  5.6706E+05
  10349.11  2.2472E+05  8.9887E+05
  10356.01  2.2566E+05  9.0264E+05
  10362.92  2.2560E+05  9.0242E+05
  10369.83  2.2417E+05  8.9667E+05
  10376.74  2.2505E+05  9.0022E+05
  10383.66  2.2478E+05  8.9912E+05
  10390.59  2.2424E+05  8.9697E+05
  10397.52  2.2396E+05  8.9585E+05
  10404.45  2.2368E+05  8.9474E+05
  10411.39  2.2356E+05  8.9423E+05
  10418.33  2.2325E+05  8.9298E+05
  10425.28  2.2283E+05  8.9130E+05
  10432.23  2.2218E+05  8.8872E+05
  10439.19  2.2231E+05  8.8925E+05
  10446.15  2.2186E+05  8.8743E+05
  10453.12  2.2156E+05  8.8624E+05
  10460.09  2.2131E+05  8.8525E+05
  10467.06  2.2095E+05  8.8378E+05
  10474.04  2.2053E+05  8.8212E+05
  10481.03  2.2033E+05  8.8131E+05
  10488.02  2.2016E+05  8.8064E+05
  10495.01  2.1963E+05  8.7853E+05
  10502.01  2.1953E+05  8.7813E+05
  10509.01  2.1916E+05  8.7665E+05
  10516.02  2.1864E+05  8.7455E+05
  10523.03  2.1857E+05  8.7428E+05
  10530.05  2.1826E+05  8.7303E+05
  10537.07  2.1661E+05  8.6644E+05
  10544.10  2.1765E+05  8.7060E+05
  10551.13  2.1736E+05  8.6945E+05
  10558.17  1.9406E+05  7.7623E+05
  10565.21  2.1675E+05  8.6700E+05
  10572.25  2.1563E+05  8.6251E+05
  10579.30  2.1609E+05  8.6435E+05
  10586.36  2.1534E+05  8.6137E+05
  10593.42  2.1538E+05  8.6153E+05
  10600.48  2.1496E+05  8.5984E+05
  10607.55  2.1468E+05  8.5871E+05
  10614.63  2.1452E+05  8.5807E+05
  10621.70  2.1429E+05  8.5717E+05
  10628.79  2.1389E+05  8.5557E+05
  10635.88  2.1229E+05  8.4915E+05
  10642.97  2.1341E+05  8.5364E+05
  10650.07  2.1311E+05  8.5244E+05
  10657.17  2.1264E+05  8.5056E+05
  10664.28  2.0089E+05  8.0357E+05
  10671.39  2.0071E+05  8.0285E+05
  10678.50  2.1176E+05  8.4704E+05
  10685.62  1.3888E+05  5.5550E+05
  10692.75  2.1111E+05  8.4443E+05
  10699.88  2.1013E+05  8.4053E+05
  10707.02  2.1021E+05  8.4082E+05
  10714.16  2.1032E+05  8.4128E+05
  10721.30  2.0839E+05  8.3357E+05
  10728.45  2.0970E+05  8.3882E+05
  10735.61  2.0951E+05  8.3803E+05
  10742.76  2.0920E+05  8.3681E+05
  10749.93  2.0761E+05  8.3043E+05
  10757.10  2.0859E+05  8.3436E+05
  10764.27  2.0786E+05  8.3146E+05
  10771.45  2.0800E+05  8.3199E+05
  10778.63  2.0771E+05  8.3083E+05
  10785.82  2.0739E+05  8.2958E+05
  10793.01  2.0690E+05  8.2759E+05
  10800.21  2.0661E+05  8.2643E+05
  10807.41  2.0648E+05  8.2590E+05
  10814.62  2.0594E+05  8.2374E+05
  10821.83  2.0589E+05  8.2357E+05
  10829.05  1.9468E+05  7.7874E+05
  10836.27  2.0528E+05  8.2112E+05
  10843.50  2.0503E+05  8.2013E+05
  10850.73  2.0446E+05  8.1782E+05
  10857.96  2.0443E+05  8.1770E+05
  10865.20  2.0325E+05  8.1299E+05
  10872.45  1.8564E+05  7.4254E+05
  10879.70  2.0328E+05  8.1312E+05
  10886.96  1.6986E+05  6.7946E+05
  10894.22  2.0277E+05  8.1109E+05
  10901.48  2.0035E+05  8.0140E+05
  10908.75  2.0238E+05  8.0951E+05
  10916.03  2.0202E+05  8.0807E+05
  10923.31  2.0060E+05  8.0240E+05
  10930.59  2.0005E+05  8.0020E+05
  10937.88  2.0125E+05  8.0502E+05
  10945.17  2.0086E+05  8.0345E+05
  10952.47  2.0048E+05  8.0191E+05
  10959.78  1.7116E+05  6.8466E+05
  10967.08  1.9555E+05  7.8219E+05
  10974.40  1.9962E+05  7.9850E+05
  10981.72  1.9486E+05  7.7946E+05
  10989.04  1.9891E+05  7.9563E+05
  10996.37  1.9680E+05  7.8718E+05
  11003.70  1.9825E+05  7.9300E+05
  11011.04  1.9829E+05  7.9314E+05
  11018.38  1.9791E+05  7.9164E+05
  11025.73  1.9599E+05  7.8397E+05
  11033.08  1.8717E+05  7.4869E+05
  11040.44  1.9269E+05  7.7077E+05
  11047.80  1.9682E+05  7.8728E+05
  11055.17  1.9018E+05  7.6070E+05
  11062.54  1.9624E+05  7.8497E+05
  11069.92  1.9344E+05  7.7375E+05
  11077.30  1.9588E+05  7.8350E+05
  11084.69  1.9558E+05  7.8232E+05
  11092.08  1.9537E+05  7.8150E+05
  11099.48  1.9502E+05  7.8009E+05
  11106.88  1.9406E+05  7.7625E+05
  11114.29  1.9173E+05  7.6693E+05
  11121.70  1.9416E+05  7.7665E+05
  11129.11  1.9393E+05  7.7574E+05
  11136.54  1.9363E+05  7.7453E+05
  11143.96  1.9340E+05  7.7360E+05
  11151.39  1.9320E+05  7.7278E+05
  11158.83  1.9284E+05  7.7137E+05
  11166.27  1.9256E+05  7.7024E+05
  11173.72  1.9215E+05  7.6861E+05
  11181.17  1.8964E+05  7.5856E+05
  11188.63  1.9176E+05  7.6705E+05
  11196.09  1.9013E+05  7.6053E+05
  11203.55  1.6901E+05  6.7605E+05
  11211.03  1.9078E+05  7.6312E+05
  11218.50  1.9073E+05  7.6290E+05
  11225.98  1.9051E+05  7.6205E+05
  11233.47  1.9024E+05  7.6095E+05
  11240.96  1.8703E+05  7.4813E+05
  11248.46  1.7456E+05  6.9826E+05
  11255.96  1.1607E+05  4.6428E+05
  11263.46  1.8880E+05  7.5522E+05
  11270.98  1.8891E+05  7.5565E+05
  11278.49  1.8851E+05  7.5403E+05
  11286.01  1.8834E+05  7.5336E+05
  11293.54  1.8780E+05  7.5119E+05
  11301.07  1.8658E+05  7.4632E+05
  11308.61  1.8615E+05  7.4459E+05
  11316.15  1.6697E+05  6.6789E+05
  11323.69  1.8671E+05  7.4684E+05
  11331.25  1.8671E+05  7.4684E+05
  11338.80  1.8337E+05  7.3350E+05
  11346.36  1.8584E+05  7.4334E+05
  11353.93  1.8599E+05  7.4397E+05
  11361.50  1.8441E+05  7.3766E+05
  11369.08  1.8531E+05  7.4123E+05
  11376.66  1.8299E+05  7.3195E+05
  11384.25  1.8397E+05  7.3587E+05
  11391.84  1.8464E+05  7.3857E+05
  11399.44  1.8327E+05  7.3309E+05
  11407.04  1.7905E+05  7.1621E+05
  11414.64  1.8387E+05  7.3548E+05
  11422.26  1.8323E+05  7.3293E+05
  11429.87  1.8313E+05  7.3253E+05
  11437.50  1.8197E+05  7.2789E+05
  11445.12  1.8287E+05  7.3146E+05
  11452.76  1.5999E+05  6.3997E+05
  11460.39  1.8229E+05  7.2918E+05
  11468.04  1.7926E+05  7.1706E+05
  11475.68  1.7758E+05  7.1031E+05
  11483.34  1.8153E+05  7.2610E+05
  11490.99  1.8129E+05  7.2515E+05
  11498.66  1.8098E+05  7.2393E+05
  11506.32  1.6894E+05  6.7574E+05
  11514.00  1.8044E+05  7.2175E+05
  11521.68  1.7939E+05  7.1755E+05
  11529.36  1.7827E+05  7.1309E+05
  11537.05  1.7949E+05  7.1795E+05
  11544.74  1.7940E+05  7.1759E+05
  11552.44  1.7921E+05  7.1684E+05
  11560.14  1.7897E+05  7.1589E+05
  11567.85  1.7833E+05  7.1331E+05
  11575.57  1.7838E+05  7.1350E+05
  11583.29  1.7807E+05  7.1228E+05
  11591.01  1.7796E+05  7.1184E+05
  11598.74  1.7761E+05  7.1042E+05
  11606.48  1.7187E+05  6.8749E+05
  11614.22  1.7642E+05  7.0567E+05
  11621.96  1.6907E+05  6.7627E+05
  11629.71  1.7670E+05  7.0679E+05
  11637.47  1.7634E+05  7.0536E+05
  11645.23  1.7597E+05  7.0390E+05
  11652.99  1.7582E+05  7.0327E+05
  11660.76  1.7567E+05  7.0268E+05
  11668.54  1.7541E+05  7.0164E+05
  11676.32  1.7515E+05  7.0060E+05
  11684.11  1.7491E+05  6.9964E+05
  11691.90  1.7361E+05  6.9444E+05
  11699.70  1.7436E+05  6.9744E+05
  11707.50  1.7417E+05  6.9669E+05
  11715.31  1.6929E+05  6.7715E+05
  11723.12  1.7335E+05  6.9342E+05
  11730.94  1.7336E+05  6.9346E+05
  11738.76  1.7318E+05  6.9270E+05
  11746.59  1.7203E+05  6.8813E+05
  11754.42  1.7256E+05  6.9024E+05
  11762.26  1.7225E+05  6.8900E+05
  11770.10  1.7211E+05  6.8845E+05
  11777.95  1.7184E+05  6.8734E+05
  11785.81  1.6525E+05  6.6100E+05
  11793.67  1.7130E+05  6.8521E+05
  11801.53  1.7117E+05  6.8469E+05
  11809.40  1.7085E+05  6.8340E+05
  11817.28  1.7064E+05  6.8256E+05
  11825.16  1.7029E+05  6.8114E+05
  11833.04  1.6912E+05  6.7648E+05
  11840.93  1.6984E+05  6.7936E+05
  11848.83  1.6966E+05  6.7865E+05
  11856.73  1.6939E+05  6.7755E+05
  11864.64  1.6733E+05  6.6930E+05
  11872.55  1.6892E+05  6.7568E+05
  11880.47  1.6862E+05  6.7450E+05
  11888.39  1.6315E+05  6.5260E+05
  11896.32  1.6778E+05  6.7113E+05
  11904.25  1.6789E+05  6.7158E+05
  11912.19  1.6754E+05  6.7018E+05
  11920.14  1.6692E+05  6.6767E+05
  11928.08  1.6716E+05  6.6866E+05
  11936.04  1.6665E+05  6.6662E+05
  11944.00  1.6671E+05  6.6685E+05
  11951.96  1.6652E+05  6.6608E+05
  11959.93  1.6625E+05  6.6500E+05
  11967.91  1.6577E+05  6.6309E+05
  11975.89  6.2406E+04  2.4963E+05
  11983.88  1.6533E+05  6.6132E+05
  11991.87  1.6507E+05  6.6028E+05
  11999.87  1.6500E+05  6.6001E+05
  12007.87  1.6458E+05  6.5830E+05
  12015.88  1.6408E+05  6.5631E+05
  12023.89  1.6363E+05  6.5452E+05
  12031.91  1.6362E+05  6.5450E+05
  12039.93  1.6372E+05  6.5490E+05
  12047.96  1.6357E+05  6.5426E+05
  12055.99  1.1390E+05  4.5561E+05
  12064.03  1.6306E+05  6.5222E+05
  12072.08  1.6279E+05  6.5115E+05
  12080.13  1.6254E+05  6.5017E+05
  12088.19  1.6249E+05  6.4995E+05
  12096.25  1.6146E+05  6.4584E+05
  12104.31  1.6199E+05  6.4796E+05
  12112.39  1.6160E+05  6.4639E+05
  12120.46  1.6062E+05  6.4248E+05
  12128.55  1.6123E+05  6.4493E+05
  12136.63  1.6083E+05  6.4333E+05
  12144.73  1.6093E+05  6.4371E+05
  12152.83  1.6069E+05  6.4278E+05
  12160.93  1.6037E+05  6.4147E+05
  12169.04  1.5996E+05  6.3983E+05
  12177.15  1.5986E+05  6.3946E+05
  12185.28  1.5975E+05  6.3901E+05
  12193.40  1.0516E+05  4.2064E+05
  12201.53  1.5932E+05  6.3727E+05
  12209.67  1.5908E+05  6.3632E+05
  12217.81  1.5879E+05  6.3514E+05
  12225.96  1.5824E+05  6.3297E+05
  12234.11  1.5729E+05  6.2917E+05
  12242.27  1.5822E+05  6.3286E+05
  12250.44  1.5800E+05  6.3200E+05
  12258.60  1.5775E+05  6.3100E+05
  12266.78  1.5737E+05  6.2948E+05
  12274.96  1.5653E+05  6.2613E+05
  12283.15  1.5701E+05  6.2803E+05
  12291.34  1.5633E+05  6.2531E+05
  12299.53  1.5618E+05  6.2470E+05
  12307.74  1.5640E+05  6.2561E+05
  12315.94  1.5514E+05  6.2058E+05
  12324.16  1.5598E+05  6.2393E+05
  12332.37  1.5545E+05  6.2180E+05
  12340.60  1.5532E+05  6.2127E+05
  12348.83  1.5490E+05  6.1961E+05
  12357.06  1.5349E+05  6.1397E+05
  12365.30  1.5429E+05  6.1715E+05
  12373.55  1.5457E+05  6.1826E+05
  12381.80  1.5427E+05  6.1709E+05
  12390.06  1.5418E+05  6.1673E+05
  12398.32  1.5390E+05  6.1559E+05
  12406.59  1.5372E+05  6.1488E+05
  12414.86  1.5282E+05  6.1129E+05
  12423.14  1.5336E+05  6.1342E+05
  12431.43  1.5313E+05  6.1254E+05
  12439.72  1.5262E+05  6.1048E+05
  12448.01  1.5256E+05  6.1024E+05
  12456.31  1.5245E+05  6.0978E+05
  12464.62  1.5087E+05  6.0350E+05
  12472.93  1.5167E+05  6.0669E+05
  12481.25  1.5159E+05  6.0637E+05
  12489.57  1.5138E+05  6.0550E+05
  12497.90  1.5040E+05  6.0159E+05
  12506.24  1.4844E+05  5.9377E+05
  12514.58  1.5093E+05  6.0373E+05
  12522.92  1.5068E+05  6.0273E+05
  12531.27  1.5054E+05  6.0218E+05
  12539.63  1.5033E+05  6.0130E+05
  12547.99  1.5010E+05  6.0040E+05
  12556.36  1.4979E+05  5.9917E+05
  12564.73  1.4595E+05  5.8380E+05
  12573.11  1.4944E+05  5.9775E+05
  12581.50  1.4881E+05  5.9526E+05
  12589.89  1.4778E+05  5.9113E+05
  12598.28  1.4883E+05  5.9533E+05
  12606.68  1.4846E+05  5.9384E+05
  12615.09  1.4834E+05  5.9334E+05
  12623.50  1.4812E+05  5.9247E+05
  12631.92  1.4774E+05  5.9095E+05
  12640.35  1.4763E+05  5.9052E+05
  12648.78  1.4756E+05  5.9025E+05
  12657.21  1.4735E+05  5.8940E+05
  12665.65  1.4702E+05  5.8808E+05
  12674.10  1.4643E+05  5.8572E+05
  12682.55  1.4342E+05  5.7369E+05
  12691.01  1.4615E+05  5.8459E+05
  12699.47  1.4570E+05  5.8281E+05
  12707.94  1.4608E+05  5.8432E+05
  12716.41  1.4587E+05  5.8346E+05
  12724.89  1.4567E+05  5.8267E+05
  12733.38  1.4234E+05  5.6936E+05
  12741.87  1.3488E+05  5.3953E+05
  12750.37  1.4486E+05  5.7943E+05
  12758.87  1.4484E+05  5.7936E+05
  12767.38  1.4398E+05  5.7594E+05
  12775.89  1.4440E+05  5.7759E+05
  12784.41  1.4380E+05  5.7521E+05
  12792.94  1.1286E+05  4.5144E+05
  12801.47  1.4361E+05  5.7442E+05
  12810.01  1.4338E+05  5.7351E+05
  12818.55  1.4329E+05  5.7315E+05
  12827.10  1.4310E+05  5.7240E+05
  12835.65  1.4295E+05  5.7181E+05
  12844.21  1.3887E+05  5.5548E+05
  12852.78  1.3987E+05  5.5949E+05
  12861.35  1.4230E+05  5.6918E+05
  12869.92  1.4195E+05  5.6781E+05
  12878.51  1.4188E+05  5.6752E+05
  12887.10  1.4176E+05  5.6703E+05
  12895.69  1.4153E+05  5.6612E+05
  12904.29  1.4122E+05  5.6488E+05
  12912.89  1.4113E+05  5.6451E+05
  12921.51  1.4095E+05  5.6380E+05
  12930.12  1.4054E+05  5.6218E+05
  12938.74  1.4004E+05  5.6016E+05
  12947.37  1.4034E+05  5.6135E+05
  12956.01  1.3994E+05  5.5977E+05
  12964.65  1.3980E+05  5.5919E+05
  12973.29  1.3958E+05  5.5832E+05
  12981.94  1.3953E+05  5.5812E+05
  12990.60  1.3926E+05  5.5706E+05
  12999.26  1.3854E+05  5.5415E+05
  13007.93  1.3867E+05  5.5468E+05
  13016.61  1.3869E+05  5.5477E+05
  13025.29  1.3847E+05  5.5388E+05
  13033.97  1.3828E+05  5.5313E+05
  13042.67  1.3814E+05  5.5255E+05
  13051.36  1.3760E+05  5.5041E+05
  13060.07  1.3774E+05  5.5095E+05
  13068.78  1.3729E+05  5.4918E+05
  13077.49  1.3728E+05  5.4910E+05
  13086.21  1.3704E+05  5.4816E+05
  13094.94  1.3694E+05  5.4778E+05
  13103.67  1.3652E+05  5.4607E+05
  13112.41  1.3638E+05  5.4551E+05
  13121.16  1.3638E+05  5.4552E+05
  13129.91  1.3610E+05  5.4440E+05
  13138.66  1.3498E+05  5.3992E+05
  13147.42  1.3582E+05  5.4330E+05
  13156.19  1.3057E+05  5.2228E+05
  13164.96  1.3537E+05  5.4148E+05
  13173.74  1.3517E+05  5.4068E+05
  13182.53  1.3495E+05  5.3979E+05
  13191.32  1.3487E+05  5.3948E+05
  13200.12  1.3459E+05  5.3834E+05
  13208.92  1.3447E+05  5.3788E+05
  13217.73  1.3422E+05  5.3689E+05
  13226.54  1.3398E+05  5.3593E+05
  13235.36  1.3375E+05  5.3499E+05
  13244.19  1.3370E+05  5.3479E+05
  13253.02  1.3354E+05  5.3416E+05
  13261.86  1.3325E+05  5.3300E+05
  13270.70  1.3299E+05  5.3195E+05
  13279.55  1.3268E+05  5.3074E+05
  13288.41  1.3277E+05  5.3108E+05
  13297.27  1.3254E+05  5.3017E+05
  13306.14  1.3218E+05  5.2873E+05
  13315.01  1.3216E+05  5.2864E+05
  13323.89  1.3198E+05  5.2793E+05
  13332.78  1.3166E+05  5.2663E+05
  13341.67  1.3150E+05  5.2600E+05
  13350.56  1.3137E+05  5.2548E+05
  13359.47  1.3128E+05  5.2512E+05
  13368.38  1.3106E+05  5.2426E+05
  13377.29  1.3091E+05  5.2363E+05
  13386.21  1.3073E+05  5.2293E+05
  13395.14  1.3046E+05  5.2184E+05
  13404.07  1.3036E+05  5.2143E+05
  13413.01  1.3004E+05  5.2018E+05
  13421.95  1.2982E+05  5.1928E+05
  13430.90  1.2978E+05  5.1911E+05
  13439.86  1.2961E+05  5.1843E+05
  13448.82  1.2938E+05  5.1751E+05
  13457.79  1.2921E+05  5.1682E+05
  13466.77  1.2906E+05  5.1625E+05
  13475.75  1.2889E+05  5.1555E+05
  13484.73  1.2868E+05  5.1473E+05
  13493.73  1.2852E+05  5.1408E+05
  13502.73  1.2832E+05  5.1326E+05
  13511.73  1.2817E+05  5.1266E+05
  13520.74  1.2789E+05  5.1157E+05
  13529.76  1.2772E+05  5.1089E+05
  13538.78  1.2760E+05  5.1039E+05
  13547.81  1.2741E+05  5.0966E+05
  13556.84  1.2726E+05  5.0904E+05
  13565.88  1.2704E+05  5.0817E+05
  13574.93  1.1540E+05  4.6162E+05
  13583.98  1.2662E+05  5.0648E+05
  13593.04  1.2652E+05  5.0609E+05
  13602.11  1.2637E+05  5.0547E+05
  13611.18  1.2619E+05  5.0476E+05
  13620.25  1.2599E+05  5.0394E+05
  13629.34  1.2583E+05  5.0334E+05
  13638.43  1.2563E+05  5.0252E+05
  13647.52  1.1878E+05  4.7511E+05
  13656.62  1.2508E+05  5.0033E+05
  13665.73  1.2508E+05  5.0034E+05
  13674.84  1.2494E+05  4.9977E+05
  13683.96  1.2476E+05  4.9904E+05
  13693.09  1.2447E+05  4.9790E+05
  13702.22  1.1956E+05  4.7823E+05
  13711.36  1.2408E+05  4.9631E+05
  13720.50  1.2399E+05  4.9598E+05
  13729.65  1.2389E+05  4.9556E+05
  13738.80  1.2369E+05  4.9475E+05
  13747.97  1.2348E+05  4.9391E+05
  13757.13  1.2334E+05  4.9335E+05
  13766.31  1.2312E+05  4.9247E+05
  13775.49  1.2301E+05  4.9205E+05
  13784.68  1.2285E+05  4.9141E+05
  13793.87  1.2266E+05  4.9063E+05
  13803.07  1.1047E+05  4.4187E+05
  13812.27  1.2232E+05  4.8927E+05
  13821.48  1.2213E+05  4.8851E+05
  13830.70  1.2103E+05  4.8412E+05
  13839.92  1.2181E+05  4.8725E+05
  13849.15  1.2164E+05  4.8658E+05
  13858.39  1.2148E+05  4.8590E+05
  13867.63  1.2129E+05  4.8517E+05
  13876.88  1.2113E+05  4.8453E+05
  13886.13  1.2093E+05  4.8371E+05
  13895.39  1.2078E+05  4.8314E+05
  13904.66  1.2063E+05  4.8250E+05
  13913.93  1.2034E+05  4.8134E+05
  13923.21  1.2029E+05  4.8115E+05
  13932.49  1.1973E+05  4.7891E+05
  13941.79  1.1990E+05  4.7961E+05
  13951.08  1.1974E+05  4.7897E+05
  13960.39  1.1955E+05  4.7820E+05
  13969.70  1.1936E+05  4.7742E+05
  13979.01  1.1874E+05  4.7495E+05
  13988.33  1.1860E+05  4.7441E+05
  13997.66  1.1894E+05  4.7574E+05
  14007.00  1.1806E+05  4.7224E+05
  14016.34  1.1860E+05  4.7442E+05
  14025.68  1.1844E+05  4.7374E+05
  14035.04  1.1824E+05  4.7296E+05
  14044.40  1.1751E+05  4.7005E+05
  14053.76  1.1789E+05  4.7156E+05
  14063.14  1.1702E+05  4.6808E+05
  14072.51  1.1659E+05  4.6638E+05
  14081.90  1.1746E+05  4.6985E+05
  14091.29  1.1728E+05  4.6912E+05
  14100.69  1.1657E+05  4.6629E+05
  14110.09  1.1696E+05  4.6783E+05
  14119.50  1.1583E+05  4.6332E+05
  14128.91  1.1243E+05  4.4970E+05
  14138.34  1.1632E+05  4.6530E+05
  14147.76  1.1618E+05  4.6471E+05
  14157.20  1.1577E+05  4.6309E+05
  14166.64  1.1597E+05  4.6389E+05
  14176.09  1.1581E+05  4.6322E+05
  14185.54  1.1191E+05  4.4764E+05
  14195.00  1.1131E+05  4.4526E+05
  14204.47  1.1328E+05  4.5312E+05
  14213.94  1.1500E+05  4.6000E+05
  14223.42  1.1430E+05  4.5720E+05
  14232.90  1.1484E+05  4.5935E+05
  14242.40  1.1468E+05  4.5873E+05
  14251.89  1.0749E+05  4.2998E+05
  14261.40  1.1406E+05  4.5623E+05
  14270.91  1.1385E+05  4.5538E+05
  14280.42  1.1356E+05  4.5424E+05
  14289.95  1.1385E+05  4.5542E+05
  14299.48  1.1377E+05  4.5508E+05
  14309.01  1.1357E+05  4.5429E+05
  14318.55  1.1344E+05  4.5377E+05
  14328.10  1.1174E+05  4.4697E+05
  14337.66  1.1315E+05  4.5261E+05
  14347.22  1.0999E+05  4.3995E+05
  14356.79  1.1134E+05  4.4535E+05
  14366.36  1.1262E+05  4.5049E+05
  14375.94  1.1138E+05  4.4550E+05
  14385.53  1.1238E+05  4.4951E+05
  14395.12  1.1090E+05  4.4358E+05
  14404.72  1.0951E+05  4.3804E+05
  14414.33  1.1152E+05  4.4609E+05
  14423.94  8.2430E+04  3.2972E+05
  14433.56  1.1031E+05  4.4124E+05
  14443.18  9.2929E+04  3.7172E+05
  14452.82  1.1122E+05  4.4490E+05
  14462.45  1.1016E+05  4.4065E+05
  14472.10  1.1096E+05  4.4385E+05
  14481.75  1.1084E+05  4.4336E+05
  14491.41  1.1066E+05  4.4265E+05
  14501.07  1.1034E+05  4.4135E+05
  14510.74  1.0999E+05  4.3994E+05
  14520.42  1.1021E+05  4.4085E+05
  14530.10  1.0794E+05  4.3176E+05
  14539.79  1.0933E+05  4.3731E+05
  14549.49  1.0969E+05  4.3878E+05
  14559.19  1.0617E+05  4.2466E+05
  14568.90  1.0451E+05  4.1805E+05
  14578.61  1.0892E+05  4.3569E+05
  14588.34  1.0902E+05  4.3608E+05
  14598.06  1.0899E+05  4.3597E+05
  14607.80  1.0869E+05  4.3475E+05
  14617.54  1.0838E+05  4.3353E+05
  14627.29  1.0670E+05  4.2679E+05
  14637.04  1.0839E+05  4.3358E+05
  14646.80  1.0832E+05  4.3327E+05
  14656.57  1.0751E+05  4.3002E+05
  14666.35  1.0639E+05  4.2557E+05
  14676.13  1.0483E+05  4.1931E+05
  14685.91  1.0765E+05  4.3061E+05
  14695.71  1.0544E+05  4.2175E+05
  14705.51  1.0715E+05  4.2861E+05
  14715.31  1.0066E+05  4.0264E+05
  14725.13  1.0715E+05  4.2859E+05
  14734.95  1.0701E+05  4.2806E+05
  14744.77  1.0436E+05  4.1745E+05
  14754.61  1.0653E+05  4.2611E+05
  14764.44  1.0656E+05  4.2624E+05
  14774.29  1.0574E+05  4.2298E+05
  14784.14  1.0594E+05  4.2377E+05
  14794.00  1.0608E+05  4.2432E+05
  14803.87  1.0577E+05  4.2307E+05
  14813.74  1.0269E+05  4.1078E+05
  14823.62  1.0533E+05  4.2133E+05
  14833.50  1.0508E+05  4.2032E+05
  14843.40  1.0117E+05  4.0469E+05
  14853.29  1.0332E+05  4.1330E+05
  14863.20  1.0497E+05  4.1989E+05
  14873.11  1.0402E+05  4.1607E+05
  14883.03  1.0360E+05  4.1441E+05
  14892.95  1.0442E+05  4.1768E+05
  14902.89  9.9721E+04  3.9889E+05
  14912.82  1.0418E+05  4.1672E+05
  14922.77  1.0401E+05  4.1604E+05
  14932.72  1.0265E+05  4.1060E+05
  14942.68  7.7731E+04  3.1092E+05
  14952.64  1.0351E+05  4.1406E+05
  14962.62  1.0255E+05  4.1019E+05
  14972.59  9.8715E+04  3.9486E+05
  14982.58  1.0200E+05  4.0802E+05
  14992.57  1.0286E+05  4.1143E+05
  15002.57  1.0205E+05  4.0819E+05
  15012.57  1.0265E+05  4.1059E+05
  15022.58  1.0246E+05  4.0985E+05
  15032.60  1.0156E+05  4.0622E+05
  15042.63  1.0174E+05  4.0694E+05
  15052.66  9.9550E+04  3.9820E+05
  15062.70  1.0186E+05  4.0743E+05
  15072.74  1.0110E+05  4.0439E+05
  15082.79  1.0110E+05  4.0439E+05
  15092.85  1.0144E+05  4.0576E+05
  15102.92  1.0076E+05  4.0305E+05
  15112.99  1.0114E+05  4.0455E+05
  15123.07  9.8465E+04  3.9386E+05
  15133.15  9.8390E+04  3.9356E+05
  15143.24  1.0066E+05  4.0264E+05
  15153.34  1.0055E+05  4.0220E+05
  15163.45  1.0027E+05  4.0108E+05
  15173.56  9.9561E+04  3.9824E+05
  15183.68  9.7140E+04  3.8856E+05
  15193.80  9.9957E+04  3.9983E+05
  15203.93  9.9793E+04  3.9917E+05
  15214.07  9.6993E+04  3.8797E+05
  15224.22  9.9501E+04  3.9801E+05
  15234.37  9.6736E+04  3.8695E+05
  15244.53  9.8982E+04  3.9593E+05
  15254.70  9.8963E+04  3.9585E+05
  15264.87  9.7895E+04  3.9158E+05
  15275.05  9.8700E+04  3.9480E+05
  15285.24  9.8089E+04  3.9235E+05
  15295.43  8.5965E+04  3.4386E+05
  15305.63  7.4831E+04  2.9932E+05
  15315.84  9.8196E+04  3.9278E+05
  15326.05  9.8056E+04  3.9222E+05
  15336.27  9.7885E+04  3.9154E+05
  15346.50  9.7686E+04  3.9074E+05
  15356.73  9.7620E+04  3.9048E+05
  15366.97  9.6644E+04  3.8658E+05
  15377.22  9.6771E+04  3.8708E+05
  15387.47  9.7067E+04  3.8827E+05
  15397.74  9.7018E+04  3.8807E+05
  15408.00  8.0905E+04  3.2362E+05
  15418.28  9.6753E+04  3.8701E+05
  15428.56  9.5494E+04  3.8198E+05
  15438.85  9.6335E+04  3.8534E+05
  15449.15  9.6305E+04  3.8522E+05
  15459.45  9.5222E+04  3.8089E+05
  15469.76  9.6042E+04  3.8417E+05
  15480.07  8.0470E+04  3.2188E+05
  15490.40  9.5587E+04  3.8235E+05
  15500.73  9.4655E+04  3.7862E+05
  15511.06  8.6659E+04  3.4664E+05
  15521.41  9.5306E+04  3.8122E+05
  15531.76  9.5209E+04  3.8084E+05
  15542.12  9.4960E+04  3.7984E+05
  15552.48  9.4918E+04  3.7967E+05
  15562.85  9.4697E+04  3.7879E+05
  15573.23  9.4642E+04  3.7857E+05
  15583.62  9.4410E+04  3.7764E+05
  15594.01  9.4237E+04  3.7695E+05
  15604.41  9.4227E+04  3.7691E+05
  15614.81  9.3954E+04  3.7581E+05
  15625.23  9.3433E+04  3.7373E+05
  15635.65  8.7459E+04  3.4983E+05
  15646.07  9.3572E+04  3.7429E+05
  15656.51  9.3400E+04  3.7360E+05
  15666.95  9.3206E+04  3.7282E+05
  15677.40  7.9408E+04  3.1763E+05
  15687.85  9.2895E+04  3.7158E+05
  15698.31  9.2754E+04  3.7102E+05
  15708.78  9.2130E+04  3.6852E+05
  15719.26  9.0771E+04  3.6308E+05
  15729.74  9.1545E+04  3.6618E+05
  15740.23  9.2073E+04  3.6829E+05
  15750.73  9.1951E+04  3.6780E+05
  15761.23  9.1266E+04  3.6507E+05
  15771.74  8.4580E+04  3.3832E+05
  15782.26  9.1387E+04  3.6555E+05
  15792.78  9.1069E+04  3.6428E+05
  15803.31  9.1129E+04  3.6452E+05
  15813.85  9.0896E+04  3.6358E+05
  15824.40  9.0813E+04  3.6325E+05
  15834.95  9.0674E+04  3.6270E+05
  15845.51  9.0384E+04  3.6153E+05
  15856.08  8.6051E+04  3.4420E+05
  15866.65  9.0205E+04  3.6082E+05
  15877.23  9.0059E+04  3.6023E+05
  15887.82  8.9812E+04  3.5925E+05
  15898.42  8.9653E+04  3.5861E+05
  15909.02  8.8722E+04  3.5489E+05
  15919.63  8.9456E+04  3.5782E+05
  15930.24  8.9310E+04  3.5724E+05
  15940.87  8.9097E+04  3.5639E+05
  15951.50  8.8891E+04  3.5557E+05
  15962.13  8.8722E+04  3.5489E+05
  15972.78  8.8477E+04  3.5391E+05
  15983.43  8.8208E+04  3.5283E+05
  15994.09  8.8088E+04  3.5235E+05
  16004.76  8.7882E+04  3.5153E+05
  16015.43  8.7850E+04  3.5140E+05
  16026.11  7.4639E+04  2.9855E+05
  16036.80  8.7349E+04  3.4940E+05
  16047.49  8.6518E+04  3.4607E+05
  16058.19  8.7389E+04  3.4956E+05
  16068.90  8.6492E+04  3.4597E+05
  16079.62  8.7032E+04  3.4813E+05
  16090.34  8.6712E+04  3.4685E+05
  16101.07  8.6704E+04  3.4682E+05
  16111.81  8.6400E+04  3.4560E+05
  16122.55  8.6384E+04  3.4554E+05
  16133.30  6.9313E+04  2.7725E+05
  16144.06  8.6060E+04  3.4424E+05
  16154.83  8.5795E+04  3.4318E+05
  16165.60  8.5701E+04  3.4280E+05
  16176.38  8.3664E+04  3.3465E+05
  16187.17  8.5393E+04  3.4157E+05
  16197.96  8.4747E+04  3.3899E+05
  16208.76  8.3975E+04  3.3590E+05
  16219.57  8.4418E+04  3.3767E+05
  16230.39  8.0522E+04  3.2209E+05
  16241.21  8.4473E+04  3.3789E+05
  16252.04  8.3911E+04  3.3565E+05
  16262.88  8.3673E+04  3.3469E+05
  16273.73  8.3909E+04  3.3564E+05
  16284.58  8.3072E+04  3.3229E+05
  16295.44  8.3589E+04  3.3436E+05
  16306.31  8.3526E+04  3.3410E+05
  16317.18  8.2859E+04  3.3143E+05
  16328.06  8.3209E+04  3.3284E+05
  16338.95  8.3032E+04  3.3213E+05
  16349.85  7.4377E+04  2.9751E+05
  16360.75  8.2629E+04  3.3052E+05
  16371.66  8.2371E+04  3.2949E+05
  16382.58  8.2282E+04  3.2913E+05
  16393.50  8.2094E+04  3.2838E+05
  16404.43  8.1517E+04  3.2607E+05
  16415.37  8.1755E+04  3.2702E+05
  16426.32  8.1593E+04  3.2637E+05
  16437.28  8.0641E+04  3.2256E+05
  16448.24  8.1135E+04  3.2454E+05
  16459.21  8.0859E+04  3.2344E+05
  16470.18  8.0785E+04  3.2314E+05
  16481.17  7.9485E+04  3.1794E+05
  16492.16  8.0360E+04  3.2144E+05
  16503.15  8.0331E+04  3.2133E+05
  16514.16  8.0092E+04  3.2037E+05
  16525.17  7.7350E+04  3.0940E+05
  16536.19  7.9624E+04  3.1850E+05
  16547.22  7.6534E+04  3.0614E+05
  16558.25  7.9447E+04  3.1779E+05
  16569.30  7.9253E+04  3.1701E+05
  16580.35  7.9086E+04  3.1635E+05
  16591.40  7.8562E+04  3.1425E+05
  16602.47  7.8691E+04  3.1476E+05
  16613.54  7.8553E+04  3.1421E+05
  16624.62  7.8342E+04  3.1337E+05
  16635.70  7.8197E+04  3.1279E+05
  16646.80  7.7864E+04  3.1146E+05
  16657.90  5.4721E+04  2.1889E+05
  16669.01  7.7405E+04  3.0962E+05
  16680.12  7.7362E+04  3.0945E+05
  16691.25  7.7259E+04  3.0904E+05
  16702.38  7.7057E+04  3.0823E+05
  16713.52  7.6805E+04  3.0722E+05
  16724.66  7.6644E+04  3.0658E+05
  16735.82  7.6558E+04  3.0623E+05
  16746.98  7.6229E+04  3.0492E+05
  16758.14  7.6189E+04  3.0476E+05
  16769.32  7.6039E+04  3.0416E+05
  16780.50  7.5863E+04  3.0345E+05
  16791.69  7.5660E+04  3.0264E+05
  16802.89  7.5160E+04  3.0064E+05
  16814.10  7.5325E+04  3.0130E+05
  16825.31  7.5137E+04  3.0055E+05
  16836.53  7.4928E+04  2.9971E+05
  16847.76  6.7492E+04  2.6997E+05
  16858.99  7.4619E+04  2.9848E+05
  16870.23  7.4414E+04  2.9766E+05
  16881.48  7.4276E+04  2.9710E+05
  16892.74  7.0595E+04  2.8238E+05
  16904.01  7.3914E+04  2.9566E+05
  16915.28  7.1989E+04  2.8796E+05
  16926.56  7.3537E+04  2.9415E+05
  16937.85  7.3419E+04  2.9368E+05
  16949.14  7.3247E+04  2.9299E+05
  16960.45  7.2957E+04  2.9183E+05
  16971.76  7.2907E+04  2.9163E+05
  16983.07  7.2640E+04  2.9056E+05
  16994.40  7.2564E+04  2.9026E+05
  17005.73  7.2363E+04  2.8945E+05
  17017.07  7.2150E+04  2.8860E+05
  17028.42  7.2024E+04  2.8810E+05
  17039.78  7.1782E+04  2.8713E+05
  17051.14  7.1709E+04  2.8684E+05
  17062.51  7.0731E+04  2.8292E+05
  17073.89  7.1373E+04  2.8549E+05
  17085.28  7.1157E+04  2.8463E+05
  17096.67  7.0982E+04  2.8393E+05
  17108.07  7.0776E+04  2.8310E+05
  17119.48  7.0604E+04  2.8242E+05
  17130.90  6.9707E+04  2.7883E+05
  17142.32  7.0288E+04  2.8115E+05
  17153.75  7.0163E+04  2.8065E+05
  17165.19  6.9746E+04  2.7898E+05
  17176.64  6.9839E+04  2.7936E+05
  17188.09  6.9338E+04  2.7735E+05
  17199.55  6.9503E+04  2.7801E+05
  17211.02  6.9297E+04  2.7719E+05
  17222.50  6.9164E+04  2.7666E+05
  17233.99  6.8802E+04  2.7521E+05
  17245.48  6.8852E+04  2.7541E+05
  17256.98  6.8337E+04  2.7335E+05
  17268.49  6.8499E+04  2.7399E+05
  17280.00  6.8140E+04  2.7256E+05
  17291.53  6.7546E+04  2.7018E+05
  17303.06  6.7920E+04  2.7168E+05
  17314.60  6.7885E+04  2.7154E+05
  17326.14  6.3904E+04  2.5562E+05
  17337.70  6.7563E+04  2.7025E+05
  17349.26  6.7284E+04  2.6914E+05
  17360.83  6.7075E+04  2.6830E+05
  17372.41  6.7062E+04  2.6825E+05
  17383.99  6.6801E+04  2.6720E+05
  17395.58  6.6750E+04  2.6700E+05
  17407.19  6.6515E+04  2.6606E+05
  17418.79  6.6274E+04  2.6509E+05
  17430.41  6.6253E+04  2.6501E+05
  17442.03  6.6149E+04  2.6459E+05
  17453.66  6.4247E+04  2.5699E+05
  17465.30  6.5829E+04  2.6332E+05
  17476.95  6.5567E+04  2.6227E+05
  17488.61  6.5499E+04  2.6200E+05
  17500.27  6.5227E+04  2.6091E+05
  17511.94  6.5198E+04  2.6079E+05
  17523.62  6.5056E+04  2.6022E+05
  17535.30  6.4885E+04  2.5954E+05
  17547.00  6.4732E+04  2.5893E+05
  17558.70  6.1899E+04  2.4760E+05
  17570.41  6.4408E+04  2.5763E+05
  17582.12  6.4282E+04  2.5713E+05
  17593.85  6.4127E+04  2.5651E+05
  17605.58  6.3973E+04  2.5589E+05
  17617.32  6.3799E+04  2.5520E+05
  17629.07  6.3430E+04  2.5372E+05
  17640.83  6.3516E+04  2.5407E+05
  17652.59  6.3245E+04  2.5298E+05
  17664.36  6.3219E+04  2.5288E+05
  17676.14  6.3070E+04  2.5228E+05
  17687.93  5.7509E+04  2.3004E+05
  17699.73  6.2760E+04  2.5104E+05
  17711.53  6.2283E+04  2.4913E+05
  17723.34  6.2453E+04  2.4981E+05
  17735.16  6.2068E+04  2.4827E+05
  17746.99  5.9432E+04  2.3773E+05
  17758.82  6.2027E+04  2.4811E+05
  17770.66  6.1820E+04  2.4728E+05
  17782.52  6.1696E+04  2.4678E+05
  17794.37  5.9115E+04  2.3646E+05
  17806.24  6.1393E+04  2.4557E+05
  17818.11  6.1167E+04  2.4467E+05
  17830.00  6.0868E+04  2.4347E+05
  17841.89  6.0613E+04  2.4245E+05
  17853.79  6.0701E+04  2.4280E+05
  17865.69  6.0686E+04  2.4275E+05
  17877.61  6.0574E+04  2.4229E+05
  17889.53  5.9889E+04  2.3956E+05
  17901.46  5.9929E+04  2.3972E+05
  17913.40  6.0137E+04  2.4055E+05
  17925.34  5.9999E+04  2.4000E+05
  17937.30  4.7693E+04  1.9077E+05
  17949.26  5.9714E+04  2.3886E+05
  17961.23  5.9520E+04  2.3808E+05
  17973.20  5.9293E+04  2.3717E+05
  17985.19  5.9280E+04  2.3712E+05
  17997.18  5.9093E+04  2.3637E+05
  18009.19  5.8755E+04  2.3502E+05
  18021.20  5.8798E+04  2.3519E+05
  18033.21  5.8608E+04  2.3443E+05
  18045.24  5.8530E+04  2.3412E+05
  18057.27  5.5256E+04  2.2102E+05
  18069.31  5.8124E+04  2.3250E+05
  18081.36  5.8171E+04  2.3269E+05
  18093.42  5.6737E+04  2.2695E+05
  18105.49  5.7874E+04  2.3150E+05
  18117.56  5.7197E+04  2.2879E+05
  18129.64  5.7578E+04  2.3031E+05
  18141.73  5.7452E+04  2.2981E+05
  18153.83  5.7330E+04  2.2932E+05
  18165.94  5.7197E+04  2.2879E+05
  18178.05  5.7074E+04  2.2830E+05
  18190.17  5.6938E+04  2.2775E+05
  18202.31  5.6803E+04  2.2721E+05
  18214.44  5.6510E+04  2.2604E+05
  18226.59  5.6425E+04  2.2570E+05
  18238.75  5.6218E+04  2.2487E+05
  18250.91  5.6226E+04  2.2491E+05
  18263.08  5.5737E+04  2.2295E+05
  18275.26  5.5977E+04  2.2391E+05
  18287.44  5.5801E+04  2.2320E+05
  18299.64  5.4988E+04  2.1995E+05
  18311.84  5.5247E+04  2.2099E+05
  18324.06  5.5204E+04  2.2082E+05
  18336.27  5.5332E+04  2.2133E+05
  18348.50  5.3424E+04  2.1370E+05
  18360.74  5.5056E+04  2.2023E+05
  18372.98  5.4731E+04  2.1893E+05
  18385.24  5.4702E+04  2.1881E+05
  18397.50  5.1674E+04  2.0669E+05
  18409.76  5.4530E+04  2.1812E+05
  18422.04  5.4371E+04  2.1748E+05
  18434.33  3.8068E+04  1.5227E+05
  18446.62  3.7038E+04  1.4815E+05
  18458.92  5.4016E+04  2.1606E+05
  18471.23  5.3836E+04  2.1535E+05
  18483.55  5.3759E+04  2.1504E+05
  18495.87  5.3643E+04  2.1457E+05
  18508.21  5.3512E+04  2.1405E+05
  18520.55  5.3384E+04  2.1354E+05
  18532.90  5.3243E+04  2.1297E+05
  18545.26  5.3134E+04  2.1254E+05
  18557.63  5.2990E+04  2.1196E+05
  18570.00  5.2880E+04  2.1152E+05
  18582.39  5.2611E+04  2.1044E+05
  18594.78  5.2611E+04  2.1044E+05
  18607.18  5.2497E+04  2.0999E+05
  18619.59  5.2382E+04  2.0953E+05
  18632.01  5.2251E+04  2.0901E+05
  18644.43  5.2123E+04  2.0849E+05
  18656.86  5.2001E+04  2.0801E+05
  18669.31  5.1865E+04  2.0746E+05
  18681.76  5.1607E+04  2.0643E+05
  18694.21  5.1636E+04  2.0654E+05
  18706.68  5.1514E+04  2.0606E+05
  18719.15  5.1341E+04  2.0536E+05
  18731.64  5.1222E+04  2.0489E+05
  18744.13  5.0563E+04  2.0225E+05
  18756.63  5.1017E+04  2.0407E+05
  18769.14  5.0890E+04  2.0356E+05
  18781.65  5.0632E+04  2.0253E+05
  18794.18  5.0605E+04  2.0242E+05
  18806.71  5.0538E+04  2.0215E+05
  18819.25  5.0401E+04  2.0160E+05
  18831.80  5.0284E+04  2.0114E+05
  18844.36  5.0177E+04  2.0071E+05
  18856.93  4.9898E+04  1.9959E+05
  18869.50  4.9930E+04  1.9972E+05
  18882.09  4.9780E+04  1.9912E+05
  18894.68  4.9678E+04  1.9871E+05
  18907.28  4.9569E+04  1.9827E+05
  18919.89  4.9325E+04  1.9730E+05
  18932.50  4.8728E+04  1.9491E+05
  18945.13  4.9220E+04  1.9688E+05
  18957.76  4.9111E+04  1.9644E+05
  18970.41  4.8846E+04  1.9539E+05
  18983.06  4.8788E+04  1.9515E+05
  18995.72  4.8759E+04  1.9504E+05
  19008.38  4.8643E+04  1.9457E+05
  19021.06  4.8530E+04  1.9412E+05
  19033.74  4.8379E+04  1.9352E+05
  19046.44  4.8297E+04  1.9319E+05
  19059.14  4.8182E+04  1.9273E+05
  19071.85  4.8063E+04  1.9225E+05
  19084.57  4.7781E+04  1.9112E+05
  19097.29  4.7830E+04  1.9132E+05
  19110.03  4.7723E+04  1.9089E+05
  19122.77  4.7577E+04  1.9031E+05
  19135.53  4.7493E+04  1.8997E+05
  19148.29  4.7252E+04  1.8901E+05
  19161.06  4.7271E+04  1.8908E+05
  19173.83  4.6510E+04  1.8604E+05
  19186.62  4.6959E+04  1.8783E+05
  19199.41  3.1498E+04  1.2599E+05
  19212.22  4.6794E+04  1.8717E+05
  19225.03  4.6704E+04  1.8682E+05
  19237.85  4.6543E+04  1.8617E+05
  19250.68  4.6240E+04  1.8496E+05
  19263.52  3.9020E+04  1.5608E+05
  19276.36  4.6260E+04  1.8504E+05
  19289.22  4.6071E+04  1.8428E+05
  19302.08  4.6034E+04  1.8414E+05
  19314.95  4.5748E+04  1.8299E+05
  19327.83  4.5823E+04  1.8329E+05
  19340.72  4.5713E+04  1.8285E+05
  19353.62  4.5605E+04  1.8242E+05
  19366.53  4.5495E+04  1.8198E+05
  19379.44  4.5385E+04  1.8154E+05
  19392.37  4.5208E+04  1.8083E+05
  19405.30  4.5170E+04  1.8068E+05
  19418.24  4.5053E+04  1.8021E+05
  19431.19  4.4932E+04  1.7973E+05
  19444.15  4.4840E+04  1.7936E+05
  19457.11  4.4668E+04  1.7867E+05
  19470.09  4.4624E+04  1.7849E+05
  19483.07  4.4410E+04  1.7764E+05
  19496.06  3.6908E+04  1.4763E+05
  19509.07  4.4302E+04  1.7721E+05
  19522.08  4.4206E+04  1.7682E+05
  19535.09  4.4103E+04  1.7641E+05
  19548.12  4.3987E+04  1.7595E+05
  19561.16  4.3833E+04  1.7533E+05
  19574.20  4.3781E+04  1.7512E+05
  19587.26  4.3678E+04  1.7471E+05
  19600.32  4.3578E+04  1.7431E+05
  19613.39  4.3470E+04  1.7388E+05
  19626.47  4.3368E+04  1.7347E+05
  19639.56  4.3145E+04  1.7258E+05
  19652.65  4.3161E+04  1.7264E+05
  19665.76  4.1764E+04  1.6706E+05
  19678.87  4.2860E+04  1.7144E+05
  19692.00  4.2852E+04  1.7141E+05
  19705.13  4.2751E+04  1.7101E+05
  19718.27  4.2646E+04  1.7058E+05
  19731.42  4.2510E+04  1.7004E+05
  19744.58  4.2445E+04  1.6978E+05
  19757.74  4.2305E+04  1.6922E+05
  19770.92  4.2204E+04  1.6882E+05
  19784.10  4.1289E+04  1.6515E+05
  19797.30  3.9688E+04  1.5875E+05
  19810.50  4.1939E+04  1.6776E+05
  19823.71  4.1638E+04  1.6655E+05
  19836.93  4.1740E+04  1.6696E+05
  19850.16  4.1598E+04  1.6639E+05
  19863.40  4.1540E+04  1.6616E+05
  19876.64  4.1439E+04  1.6576E+05
  19889.90  4.1320E+04  1.6528E+05
  19903.16  4.1244E+04  1.6498E+05
  19916.43  4.1145E+04  1.6458E+05
  19929.72  4.1037E+04  1.6415E+05
  19943.01  4.0940E+04  1.6376E+05
  19956.31  4.0817E+04  1.6327E+05
  19969.61  4.0747E+04  1.6299E+05
  19982.93  4.0651E+04  1.6260E+05
  19996.26  4.0348E+04  1.6139E+05
  20009.59  4.0417E+04  1.6167E+05
  20022.94  4.0352E+04  1.6141E+05
  20036.29  4.0266E+04  1.6106E+05
  20049.65  4.0124E+04  1.6050E+05
  20063.02  4.0029E+04  1.6012E+05
  20076.40  3.9829E+04  1.5932E+05
  20089.79  3.9880E+04  1.5952E+05
  20103.19  3.9617E+04  1.5847E+05
  20116.59  3.9691E+04  1.5876E+05
  20130.01  3.9577E+04  1.5831E+05
  20143.43  3.9461E+04  1.5784E+05
  20156.86  3.9262E+04  1.5705E+05
  20170.31  3.9068E+04  1.5627E+05
  20183.76  3.9206E+04  1.5682E+05
  20197.22  3.9122E+04  1.5649E+05
  20210.69  3.9018E+04  1.5607E+05
  20224.16  3.8861E+04  1.5544E+05
  20237.65  3.8815E+04  1.5526E+05
  20251.15  3.8204E+04  1.5281E+05
  20264.65  3.8657E+04  1.5463E+05
  20278.16  3.8286E+04  1.5314E+05
  20291.69  3.8352E+04  1.5341E+05
  20305.22  3.8378E+04  1.5351E+05
  20318.76  3.8285E+04  1.5314E+05
  20332.31  3.8189E+04  1.5276E+05
  20345.87  3.8105E+04  1.5242E+05
  20359.44  3.8015E+04  1.5206E+05
  20373.01  3.7920E+04  1.5168E+05
  20386.60  3.7748E+04  1.5099E+05
  20400.19  3.7740E+04  1.5096E+05
  20413.80  3.7646E+04  1.5059E+05
  20427.41  3.7481E+04  1.4992E+05
  20441.03  3.7472E+04  1.4989E+05
  20454.67  3.7254E+04  1.4902E+05
  20468.31  3.7292E+04  1.4917E+05
  20481.96  3.7203E+04  1.4881E+05
  20495.61  3.7084E+04  1.4834E+05
  20509.28  3.7017E+04  1.4807E+05
  20522.96  3.6929E+04  1.4771E+05
  20536.65  3.6847E+04  1.4739E+05
  20550.34  3.6753E+04  1.4701E+05
  20564.05  3.6544E+04  1.4618E+05
  20577.76  3.6583E+04  1.4633E+05
  20591.48  3.5924E+04  1.4370E+05
  20605.21  3.6387E+04  1.4555E+05
  20618.95  3.6318E+04  1.4527E+05
  20632.70  3.6229E+04  1.4492E+05
  20646.46  3.6146E+04  1.4458E+05
  20660.23  3.6058E+04  1.4423E+05
  20674.01  3.5887E+04  1.4355E+05
  20687.80  3.5731E+04  1.4292E+05
  20701.59  3.5788E+04  1.4315E+05
  20715.40  3.5714E+04  1.4286E+05
  20729.21  3.5622E+04  1.4249E+05
  20743.04  3.5506E+04  1.4202E+05
  20756.87  3.5457E+04  1.4183E+05
  20770.71  3.5357E+04  1.4143E+05
  20784.56  3.5276E+04  1.4110E+05
  20798.42  3.5058E+04  1.4023E+05
  20812.29  3.5022E+04  1.4009E+05
  20826.17  3.5011E+04  1.4004E+05
  20840.06  3.4911E+04  1.3964E+05
  20853.96  3.4867E+04  1.3947E+05
  20867.86  3.4782E+04  1.3913E+05
  20881.78  3.4672E+04  1.3869E+05
  20895.71  3.2464E+04  1.2985E+05
  20909.64  3.4532E+04  1.3813E+05
  20923.58  3.4281E+04  1.3712E+05
  20937.54  3.4365E+04  1.3746E+05
  20951.50  3.4280E+04  1.3712E+05
  20965.47  3.4197E+04  1.3679E+05
  20979.45  3.4120E+04  1.3648E+05
  20993.44  3.4037E+04  1.3615E+05
  21007.44  3.3957E+04  1.3583E+05
  21021.45  3.3874E+04  1.3550E+05
  21035.47  3.3792E+04  1.3517E+05
  21049.50  3.3703E+04  1.3481E+05
  21063.54  3.3631E+04  1.3453E+05
  21077.58  3.3529E+04  1.3412E+05
  21091.64  3.3452E+04  1.3381E+05
  21105.70  3.3390E+04  1.3356E+05
  21119.78  3.3307E+04  1.3323E+05
  21133.86  3.3226E+04  1.3290E+05
  21147.96  3.3150E+04  1.3260E+05
  21162.06  3.3055E+04  1.3222E+05
  21176.17  3.0349E+04  1.2140E+05
  21190.29  3.2893E+04  1.3157E+05
  21204.42  3.2830E+04  1.3132E+05
  21218.56  3.2716E+04  1.3086E+05
  21232.71  3.2674E+04  1.3070E+05
  21246.87  3.2595E+04  1.3038E+05
  21261.04  3.2518E+04  1.3007E+05
  21275.22  3.2439E+04  1.2976E+05
  21289.41  3.2345E+04  1.2938E+05
  21303.61  3.2270E+04  1.2908E+05
  21317.81  3.2180E+04  1.2872E+05
  21332.03  3.1948E+04  1.2779E+05
  21346.25  3.2050E+04  1.2820E+05
  21360.49  3.1812E+04  1.2725E+05
  21374.73  3.1896E+04  1.2758E+05
  21388.99  3.1816E+04  1.2726E+05
  21403.25  3.1744E+04  1.2697E+05
  21417.52  3.1555E+04  1.2622E+05
  21431.81  3.1570E+04  1.2628E+05
  21446.10  3.1447E+04  1.2579E+05
  21460.40  3.1400E+04  1.2560E+05
  21474.71  3.1231E+04  1.2492E+05
  21489.03  3.1256E+04  1.2503E+05
  21503.36  3.1213E+04  1.2485E+05
  21517.70  3.1136E+04  1.2454E+05
  21532.05  3.0953E+04  1.2381E+05
  21546.41  3.0982E+04  1.2393E+05
  21560.78  3.0914E+04  1.2366E+05
  21575.16  3.0834E+04  1.2334E+05
  21589.55  3.0754E+04  1.2302E+05
  21603.94  3.0680E+04  1.2272E+05
  21618.35  3.0541E+04  1.2216E+05
  21632.77  3.0503E+04  1.2201E+05
  21647.19  3.0471E+04  1.2188E+05
  21661.63  3.0397E+04  1.2159E+05
  21676.07  3.0303E+04  1.2121E+05
  21690.53  3.0234E+04  1.2094E+05
  21704.99  3.0177E+04  1.2071E+05
  21719.47  3.0102E+04  1.2041E+05
  21733.95  3.0023E+04  1.2009E+05
  21748.45  2.9960E+04  1.1984E+05
  21762.95  2.9886E+04  1.1954E+05
  21777.46  2.9815E+04  1.1926E+05
  21791.99  2.9742E+04  1.1897E+05
  21806.52  2.9529E+04  1.1811E+05
  21821.06  2.9403E+04  1.1761E+05
  21835.61  2.9518E+04  1.1807E+05
  21850.17  2.9459E+04  1.1784E+05
  21864.74  2.9369E+04  1.1748E+05
  21879.32  2.9285E+04  1.1714E+05
  21893.92  2.9246E+04  1.1698E+05
  21908.52  2.9176E+04  1.1670E+05
  21923.13  2.9075E+04  1.1630E+05
  21937.75  2.9034E+04  1.1614E+05
  21952.38  2.8965E+04  1.1586E+05
  21967.01  2.8896E+04  1.1558E+05
  21981.66  2.8803E+04  1.1521E+05
  21996.32  2.8756E+04  1.1503E+05
  22010.99  2.8557E+04  1.1423E+05
  22025.67  2.8591E+04  1.1436E+05
  22040.36  2.8545E+04  1.1418E+05
  22055.06  2.8181E+04  1.1272E+05
  22069.76  2.8328E+04  1.1331E+05
  22084.48  2.8332E+04  1.1333E+05
  22099.21  2.8263E+04  1.1305E+05
  22113.95  2.8192E+04  1.1277E+05
  22128.69  2.8122E+04  1.1249E+05
  22143.45  2.8001E+04  1.1200E+05
  22158.22  2.7983E+04  1.1193E+05
  22172.99  2.7894E+04  1.1158E+05
  22187.78  2.7846E+04  1.1138E+05
  22202.58  2.7773E+04  1.1109E+05
  22217.38  2.7708E+04  1.1083E+05
  22232.20  2.7638E+04  1.1055E+05
  22247.02  2.7568E+04  1.1027E+05
  22261.86  2.7371E+04  1.0948E+05
  22276.71  2.7433E+04  1.0973E+05
  22291.56  2.7364E+04  1.0946E+05
  22306.43  2.7260E+04  1.0904E+05
  22321.30  2.7229E+04  1.0892E+05
  22336.19  2.7162E+04  1.0865E+05
  22351.08  2.7035E+04  1.0814E+05
  22365.99  2.7025E+04  1.0810E+05
  22380.90  2.6544E+04  1.0618E+05
  22395.83  2.6887E+04  1.0755E+05
  22410.76  2.6817E+04  1.0727E+05
  22425.71  2.5169E+04  1.0068E+05
  22440.66  2.6698E+04  1.0679E+05
  22455.63  2.6631E+04  1.0652E+05
  22470.60  2.6563E+04  1.0625E+05
  22485.59  2.6494E+04  1.0598E+05
  22500.58  2.6432E+04  1.0573E+05
  22515.59  2.6311E+04  1.0525E+05
  22530.60  2.6288E+04  1.0515E+05
  22545.63  2.6208E+04  1.0483E+05
  22560.66  2.6172E+04  1.0469E+05
  22575.71  2.6056E+04  1.0422E+05
  22590.76  2.6043E+04  1.0417E+05
  22605.83  2.5980E+04  1.0392E+05
  22620.90  2.5874E+04  1.0349E+05
  22635.99  2.5841E+04  1.0336E+05
  22651.08  2.5786E+04  1.0314E+05
  22666.19  2.5713E+04  1.0285E+05
  22681.30  2.5656E+04  1.0262E+05
  22696.43  2.5553E+04  1.0221E+05
  22711.56  2.5534E+04  1.0214E+05
  22726.71  2.5471E+04  1.0188E+05
  22741.86  2.5375E+04  1.0150E+05
  22757.03  2.3143E+04  9.2572E+04
  22772.21  2.5275E+04  1.0110E+05
  22787.39  2.5217E+04  1.0087E+05
  22802.59  2.5155E+04  1.0062E+05
  22817.80  2.5079E+04  1.0032E+05
  22833.01  2.4950E+04  9.9800E+04
  22848.24  2.4966E+04  9.9862E+04
  22863.47  2.4691E+04  9.8764E+04
  22878.72  2.4504E+04  9.8014E+04
  22893.98  2.4782E+04  9.9130E+04
  22909.25  2.4725E+04  9.8898E+04
  22924.52  2.4657E+04  9.8628E+04
  22939.81  2.4548E+04  9.8190E+04
  22955.11  2.4541E+04  9.8164E+04
  22970.42  2.4477E+04  9.7909E+04
  22985.73  2.4417E+04  9.7667E+04
  23001.06  2.4358E+04  9.7432E+04
  23016.40  2.4298E+04  9.7191E+04
  23031.75  2.4238E+04  9.6951E+04
  23047.11  2.4175E+04  9.6700E+04
  23062.48  2.4120E+04  9.6481E+04
  23077.86  2.1507E+04  8.6027E+04
  23093.25  2.4001E+04  9.6006E+04
  23108.65  2.3942E+04  9.5769E+04
  23124.06  2.1766E+04  8.7066E+04
  23139.48  2.3822E+04  9.5287E+04
  23154.91  2.3764E+04  9.5054E+04
  23170.35  1.8545E+04  7.4178E+04
  23185.80  2.3647E+04  9.4587E+04
  23201.27  2.3589E+04  9.4355E+04
  23216.74  2.3530E+04  9.4121E+04
  23232.22  2.2337E+04  8.9348E+04
  23247.71  2.3377E+04  9.3506E+04
  23263.22  2.3195E+04  9.2782E+04
  23278.73  2.3284E+04  9.3137E+04
  23294.25  2.0603E+04  8.2412E+04
  23309.79  2.3072E+04  9.2289E+04
  23325.33  2.3118E+04  9.2470E+04
  23340.89  2.3023E+04  9.2093E+04
  23356.45  2.3008E+04  9.2031E+04
  23372.03  2.2943E+04  9.1770E+04
  23387.61  2.2898E+04  9.1591E+04
  23403.21  2.2838E+04  9.1350E+04
  23418.82  2.2785E+04  9.1141E+04
  23434.43  2.2729E+04  9.0916E+04
  23450.06  2.2661E+04  9.0646E+04
  23465.70  2.2537E+04  9.0147E+04
  23481.35  2.0058E+04  8.0234E+04
  23497.01  2.2372E+04  8.9488E+04
  23512.68  2.2424E+04  8.9694E+04
  23528.36  1.9925E+04  7.9702E+04
  23544.05  1.9937E+04  7.9746E+04
  23559.75  2.1857E+04  8.7426E+04
  23575.46  2.2201E+04  8.8806E+04
  23591.18  2.1786E+04  8.7144E+04
  23606.91  1.9495E+04  7.7980E+04
  23622.66  2.1998E+04  8.7993E+04
  23638.41  2.2008E+04  8.8032E+04
  23654.17  1.9202E+04  7.6807E+04
  23669.95  2.1889E+04  8.7555E+04
  23685.73  2.1845E+04  8.7379E+04
  23701.53  2.1727E+04  8.6907E+04
  23717.33  2.1739E+04  8.6956E+04
  23733.15  2.1682E+04  8.6728E+04
  23748.98  2.1599E+04  8.6396E+04
  23764.81  1.9862E+04  7.9450E+04
  23780.66  2.1525E+04  8.6100E+04
  23796.52  2.1432E+04  8.5727E+04
  23812.39  2.1415E+04  8.5660E+04
  23828.27  2.1349E+04  8.5395E+04
  23844.16  1.9302E+04  7.7210E+04
  23860.06  2.1259E+04  8.5034E+04
  23875.97  2.1102E+04  8.4406E+04
  23891.89  2.1048E+04  8.4192E+04
  23907.83  2.1103E+04  8.4412E+04
  23923.77  2.0981E+04  8.3924E+04
  23939.72  2.0991E+04  8.3963E+04
  23955.69  2.0945E+04  8.3781E+04
  23971.66  2.0886E+04  8.3543E+04
  23987.65  2.0392E+04  8.1566E+04
  24003.64  2.0732E+04  8.2928E+04
  24019.65  2.0736E+04  8.2944E+04
  24035.67  2.0687E+04  8.2748E+04
  24051.70  2.0629E+04  8.2515E+04
  24067.74  2.0586E+04  8.2343E+04
  24083.79  2.0512E+04  8.2048E+04
  24099.85  2.0482E+04  8.1929E+04
  24115.92  2.0433E+04  8.1733E+04
  24132.00  2.0383E+04  8.1533E+04
  24148.09  1.8806E+04  7.5222E+04
  24164.20  1.8694E+04  7.4775E+04
  24180.31  2.0164E+04  8.0657E+04
  24196.44  1.8469E+04  7.3878E+04
  24212.57  2.0130E+04  8.0520E+04
  24228.72  1.9340E+04  7.7360E+04
  24244.88  1.9648E+04  7.8593E+04
  24261.05  1.9984E+04  7.9935E+04
  24277.22  1.9914E+04  7.9657E+04
  24293.41  1.9884E+04  7.9537E+04
  24309.61  1.9157E+04  7.6626E+04
  24325.83  1.9778E+04  7.9113E+04
  24342.05  1.9610E+04  7.8439E+04
  24358.28  1.9687E+04  7.8748E+04
  24374.52  1.9638E+04  7.8552E+04
  24390.78  1.9586E+04  7.8343E+04
  24407.04  1.8284E+04  7.3138E+04
  24423.32  1.9490E+04  7.7962E+04
  24439.61  1.9446E+04  7.7785E+04
  24455.91  1.9397E+04  7.7586E+04
  24472.21  1.9351E+04  7.7404E+04
  24488.53  1.9187E+04  7.6747E+04
  24504.87  1.9245E+04  7.6980E+04
  24521.21  1.9189E+04  7.6756E+04
  24537.56  1.9099E+04  7.6398E+04
  24553.92  1.9102E+04  7.6409E+04
  24570.30  1.8138E+04  7.2553E+04
  24586.68  1.9017E+04  7.6067E+04
  24603.08  1.8927E+04  7.5707E+04
  24619.48  1.8102E+04  7.2410E+04
  24635.90  1.8869E+04  7.5475E+04
  24652.33  1.8819E+04  7.5275E+04
  24668.77  1.8769E+04  7.5075E+04
  24685.22  1.8683E+04  7.4733E+04
  24701.68  1.8692E+04  7.4769E+04
  24718.16  1.8548E+04  7.4190E+04
  24734.64  1.8593E+04  7.4371E+04
  24751.13  1.7544E+04  7.0174E+04
  24767.64  1.8399E+04  7.3596E+04
  24784.16  1.8454E+04  7.3815E+04
  24800.68  1.8407E+04  7.3628E+04
  24817.22  1.8356E+04  7.3423E+04
  24833.77  1.8218E+04  7.2871E+04
  24850.33  1.7965E+04  7.1862E+04
  24866.91  1.2012E+04  4.8048E+04
  24883.49  1.8133E+04  7.2530E+04
  24900.08  1.7710E+04  7.0839E+04
  24916.69  1.8068E+04  7.2270E+04
  24933.30  1.8056E+04  7.2223E+04
  24949.93  1.8009E+04  7.2035E+04
  24966.57  1.7943E+04  7.1770E+04
  24983.22  1.7826E+04  7.1303E+04
  24999.88  1.7878E+04  7.1510E+04
  25016.55  1.7809E+04  7.1238E+04
  25033.23  1.7773E+04  7.1092E+04
  25049.93  1.7746E+04  7.0983E+04
  25066.63  1.7701E+04  7.0804E+04
  25083.35  1.7597E+04  7.0388E+04
  25100.08  1.7613E+04  7.0451E+04
  25116.81  1.7551E+04  7.0205E+04
  25133.56  1.7502E+04  7.0006E+04
  25150.32  1.7484E+04  6.9935E+04
  25167.10  1.7253E+04  6.9013E+04
  25183.88  1.7373E+04  6.9491E+04
  25200.67  1.7353E+04  6.9413E+04
  25217.48  1.6517E+04  6.6068E+04
  25234.30  1.7264E+04  6.9057E+04
  25251.12  1.7216E+04  6.8863E+04
  25267.96  1.7172E+04  6.8689E+04
  25284.81  1.7075E+04  6.8298E+04
  25301.68  1.7097E+04  6.8389E+04
  25318.55  1.7033E+04  6.8132E+04
  25335.43  1.6918E+04  6.7673E+04
  25352.33  1.6970E+04  6.7882E+04
  25369.23  1.6930E+04  6.7720E+04
  25386.15  1.6887E+04  6.7548E+04
  25403.08  1.6841E+04  6.7365E+04
  25420.02  1.6778E+04  6.7112E+04
  25436.97  1.6763E+04  6.7052E+04
  25453.94  1.6710E+04  6.6839E+04
  25470.91  1.6235E+04  6.4940E+04
  25487.90  1.6639E+04  6.6556E+04
  25504.89  1.6587E+04  6.6348E+04
  25521.90  1.6276E+04  6.5105E+04
  25538.92  1.5831E+04  6.3322E+04
  25555.95  1.6316E+04  6.5264E+04
  25573.00  1.6068E+04  6.4272E+04
  25590.05  1.6372E+04  6.5487E+04
  25607.11  1.5543E+04  6.2173E+04
  25624.19  1.3342E+04  5.3368E+04
  25641.28  1.5309E+04  6.1236E+04
  25658.38  1.6003E+04  6.4010E+04
  25675.49  1.6190E+04  6.4761E+04
  25692.61  1.6117E+04  6.4468E+04
  25709.74  1.6105E+04  6.4421E+04
  25726.89  1.6071E+04  6.4283E+04
  25744.05  1.6028E+04  6.4112E+04
  25761.21  1.5927E+04  6.3708E+04
  25778.39  1.5569E+04  6.2275E+04
  25795.58  1.5783E+04  6.3133E+04
  25812.79  1.5856E+04  6.3426E+04
  25830.00  1.5700E+04  6.2802E+04
  25847.22  1.5003E+04  6.0012E+04
  25864.46  1.5449E+04  6.1798E+04
  25881.71  1.5712E+04  6.2846E+04
  25898.97  1.5673E+04  6.2691E+04
  25916.24  1.5636E+04  6.2543E+04
  25933.52  1.5384E+04  6.1536E+04
  25950.82  1.2780E+04  5.1121E+04
  25968.12  1.5519E+04  6.2078E+04
  25985.44  1.5467E+04  6.1869E+04
  26002.77  1.5042E+04  6.0170E+04
  26020.11  1.5409E+04  6.1636E+04
  26037.46  1.5253E+04  6.1013E+04
  26054.82  1.5333E+04  6.1332E+04
  26072.20  1.5292E+04  6.1170E+04
  26089.59  1.5212E+04  6.0848E+04
  26106.98  1.5191E+04  6.0763E+04
  26124.39  1.5181E+04  6.0722E+04
  26141.82  1.5140E+04  6.0562E+04
  26159.25  1.4854E+04  5.9415E+04
  26176.69  1.5057E+04  6.0227E+04
  26194.15  1.5026E+04  6.0106E+04
  26211.62  1.4985E+04  5.9941E+04
  26229.10  1.2231E+04  4.8925E+04
  26246.59  1.4913E+04  5.9654E+04
  26264.09  1.4883E+04  5.9533E+04
  26281.61  1.4742E+04  5.8966E+04
  26299.13  1.4811E+04  5.9243E+04
  26316.67  1.4772E+04  5.9089E+04
  26334.22  1.4736E+04  5.8943E+04
  26351.78  1.4616E+04  5.8462E+04
  26369.36  1.4661E+04  5.8645E+04
  26386.94  1.4627E+04  5.8508E+04
  26404.54  1.4588E+04  5.8351E+04
  26422.15  1.4456E+04  5.7826E+04
  26439.77  1.4376E+04  5.7503E+04
  26457.40  1.4482E+04  5.7928E+04
  26475.04  1.4174E+04  5.6696E+04
  26492.70  1.4400E+04  5.7598E+04
  26510.36  1.4375E+04  5.7500E+04
  26528.04  1.4340E+04  5.7361E+04
  26545.73  1.4081E+04  5.6324E+04
  26563.44  1.4262E+04  5.7049E+04
  26581.15  1.4225E+04  5.6901E+04
  26598.88  1.4197E+04  5.6788E+04
  26616.61  1.4136E+04  5.6546E+04
  26634.36  1.4104E+04  5.6418E+04
  26652.12  1.4082E+04  5.6327E+04
  26669.90  1.3998E+04  5.5993E+04
  26687.68  1.4022E+04  5.6088E+04
  26705.48  1.3986E+04  5.5944E+04
  26723.29  1.3955E+04  5.5822E+04
  26741.11  1.3909E+04  5.5637E+04
  26758.94  1.3874E+04  5.5496E+04
  26776.79  1.3850E+04  5.5402E+04
  26794.64  1.3809E+04  5.5238E+04
  26812.51  1.3757E+04  5.5027E+04
  26830.39  1.3747E+04  5.4989E+04
  26848.29  1.3710E+04  5.4840E+04
  26866.19  1.3621E+04  5.4483E+04
  26884.11  1.3638E+04  5.4552E+04
  26902.03  1.3577E+04  5.4309E+04
  26919.97  1.3579E+04  5.4315E+04
  26937.93  1.3546E+04  5.4184E+04
  26955.89  1.3247E+04  5.2987E+04
  26973.87  1.3371E+04  5.3483E+04
  26991.85  1.3435E+04  5.3741E+04
  27009.85  1.2130E+04  4.8520E+04
  27027.87  1.3377E+04  5.3509E+04
  27045.89  1.3216E+04  5.2865E+04
  27063.93  1.3312E+04  5.3249E+04
  27081.97  1.3276E+04  5.3103E+04
  27100.03  1.3247E+04  5.2988E+04
  27118.11  1.3150E+04  5.2601E+04
  27136.19  1.3181E+04  5.2725E+04
  27154.29  1.3143E+04  5.2574E+04
  27172.39  1.3099E+04  5.2397E+04
  27190.52  1.3084E+04  5.2337E+04
  27208.65  1.3052E+04  5.2208E+04
  27226.79  1.2744E+04  5.0974E+04
  27244.95  1.2984E+04  5.1935E+04
  27263.12  1.2943E+04  5.1773E+04
  27281.30  1.2923E+04  5.1692E+04
  27299.49  1.2888E+04  5.1554E+04
  27317.70  1.2859E+04  5.1436E+04
  27335.91  1.2719E+04  5.0876E+04
  27354.14  1.2795E+04  5.1180E+04
  27372.38  1.2764E+04  5.1054E+04
  27390.64  1.2729E+04  5.0918E+04
  27408.90  1.2691E+04  5.0764E+04
  27427.18  1.2659E+04  5.0636E+04
  27445.47  1.2637E+04  5.0547E+04
  27463.78  1.2607E+04  5.0427E+04
  27482.09  1.2516E+04  5.0064E+04
  27500.42  1.2544E+04  5.0176E+04
  27518.76  1.2501E+04  5.0004E+04
  27537.11  1.2471E+04  4.9886E+04
  27555.47  1.2450E+04  4.9798E+04
  27573.85  1.2420E+04  4.9681E+04
  27592.23  1.2388E+04  4.9554E+04
  27610.64  1.2359E+04  4.9435E+04
  27629.05  1.2328E+04  4.9313E+04
  27647.47  1.2237E+04  4.8949E+04
  27665.91  1.2246E+04  4.8986E+04
  27684.36  1.2237E+04  4.8947E+04
  27702.82  1.2193E+04  4.8770E+04
  27721.30  1.2161E+04  4.8642E+04
  27739.78  1.2139E+04  4.8557E+04
  27758.28  1.0396E+04  4.1585E+04
  27776.79  1.2086E+04  4.8344E+04
  27795.31  1.2043E+04  4.8171E+04
  27813.85  1.2025E+04  4.8101E+04
  27832.40  1.1980E+04  4.7921E+04
  27850.96  1.1959E+04  4.7835E+04
  27869.53  1.1937E+04  4.7747E+04
  27888.12  1.1901E+04  4.7605E+04
  27906.71  1.1878E+04  4.7511E+04
  27925.32  1.1848E+04  4.7393E+04
  27943.95  1.1816E+04  4.7262E+04
  27962.58  1.1753E+04  4.7011E+04
  27981.23  1.1758E+04  4.7033E+04
  27999.89  1.1731E+04  4.6923E+04
  28018.56  1.1702E+04  4.6808E+04
  28037.25  1.1671E+04  4.6684E+04
  28055.94  1.1643E+04  4.6574E+04
  28074.65  1.1614E+04  4.6458E+04
  28093.37  1.1548E+04  4.6193E+04
  28112.11  1.1553E+04  4.6210E+04
  28130.86  1.1514E+04  4.6057E+04
  28149.62  1.1500E+04  4.6002E+04
  28168.39  1.1472E+04  4.5889E+04
  28187.17  1.1444E+04  4.5775E+04
  28205.97  1.1412E+04  4.5649E+04
  28224.78  1.1373E+04  4.5492E+04
  28243.60  1.1349E+04  4.5396E+04
  28262.44  1.1330E+04  4.5319E+04
  28281.28  1.1303E+04  4.5211E+04
  28300.14  1.1270E+04  4.5081E+04
  28319.02  1.1247E+04  4.4987E+04
  28337.90  1.1212E+04  4.4846E+04
  28356.80  1.1191E+04  4.4762E+04
  28375.71  1.1159E+04  4.4636E+04
  28394.63  1.1136E+04  4.4542E+04
  28413.57  1.1096E+04  4.4385E+04
  28432.51  1.1079E+04  4.4317E+04
  28451.48  1.1052E+04  4.4209E+04
  28470.45  1.1025E+04  4.4102E+04
  28489.43  1.0985E+04  4.3941E+04
  28508.43  1.0961E+04  4.3842E+04
  28527.44  1.0944E+04  4.3774E+04
  28546.47  1.0916E+04  4.3665E+04
  28565.51  1.0888E+04  4.3551E+04
  28584.55  1.0862E+04  4.3449E+04
  28603.62  1.0834E+04  4.3335E+04
  28622.69  1.0785E+04  4.3139E+04
  28641.78  1.0779E+04  4.3117E+04
  28660.88  1.0755E+04  4.3019E+04
  28679.99  1.0728E+04  4.2912E+04
  28699.12  1.0702E+04  4.2806E+04
  28718.26  1.0674E+04  4.2698E+04
  28737.41  1.0624E+04  4.2494E+04
  28756.57  1.0622E+04  4.2489E+04
  28775.75  1.0596E+04  4.2383E+04
  28794.94  1.0570E+04  4.2279E+04
  28814.14  1.0543E+04  4.2171E+04
  28833.36  1.0385E+04  4.1539E+04
  28852.58  8.7916E+03  3.5166E+04
  28871.82  1.0464E+04  4.1858E+04
  28891.08  1.0439E+04  4.1757E+04
  28910.35  1.0332E+04  4.1328E+04
  28929.62  1.0387E+04  4.1549E+04
  28948.92  1.0361E+04  4.1443E+04
  28968.22  1.0334E+04  4.1336E+04
  28987.54  1.0310E+04  4.1240E+04
  29006.87  1.0104E+04  4.0416E+04
  29026.21  1.0259E+04  4.1036E+04
  29045.57  1.0233E+04  4.0933E+04
  29064.94  1.0206E+04  4.0825E+04
  29084.32  1.0183E+04  4.0731E+04
  29103.72  1.0148E+04  4.0591E+04
  29123.13  1.0132E+04  4.0529E+04
  29142.55  1.0106E+04  4.0426E+04
  29161.98  1.0082E+04  4.0329E+04
  29181.43  1.0057E+04  4.0229E+04
  29200.89  1.0032E+04  4.0128E+04
  29220.36  1.0007E+04  4.0029E+04
  29239.85  9.9133E+03  3.9653E+04
  29259.35  9.9572E+03  3.9829E+04
  29278.86  9.9330E+03  3.9732E+04
  29298.38  9.8993E+03  3.9597E+04
  29317.92  9.8822E+03  3.9529E+04
  29337.47  9.8485E+03  3.9394E+04
  29357.04  9.8333E+03  3.9333E+04
  29376.62  9.8102E+03  3.9241E+04
  29396.21  9.7843E+03  3.9137E+04
  29415.81  9.7592E+03  3.9037E+04
  29435.43  9.7323E+03  3.8929E+04
  29455.05  9.7112E+03  3.8845E+04
  29474.70  9.6577E+03  3.8631E+04
  29494.35  9.6651E+03  3.8660E+04
  29514.02  9.6408E+03  3.8563E+04
  29533.70  9.6149E+03  3.8460E+04
  29553.40  9.5825E+03  3.8330E+04
  29573.11  9.5662E+03  3.8265E+04
  29592.83  9.5350E+03  3.8140E+04
  29612.56  9.5177E+03  3.8071E+04
  29632.31  9.4640E+03  3.7856E+04
  29652.07  9.4743E+03  3.7897E+04
  29671.85  9.4508E+03  3.7803E+04
  29691.63  9.4270E+03  3.7708E+04
  29711.43  9.4041E+03  3.7616E+04
  29731.25  9.3793E+03  3.7517E+04
  29751.07  9.3575E+03  3.7430E+04
  29770.91  9.3343E+03  3.7337E+04
  29790.77  9.2471E+03  3.6988E+04
  29810.63  9.2878E+03  3.7151E+04
  29830.51  9.2621E+03  3.7049E+04
  29850.41  9.2412E+03  3.6965E+04
  29870.31  9.2186E+03  3.6874E+04
  29890.23  9.1956E+03  3.6782E+04
  29910.16  9.1732E+03  3.6693E+04
  29930.11  9.1501E+03  3.6600E+04
  29950.07  9.1267E+03  3.6507E+04
  29970.04  9.1014E+03  3.6406E+04
  29990.03  9.0824E+03  3.6330E+04
  30010.03  9.0547E+03  3.6219E+04
  30030.04  9.0374E+03  3.6150E+04
  30050.07  9.0132E+03  3.6053E+04
  30070.11  8.9551E+03  3.5820E+04
  30090.16  8.9675E+03  3.5870E+04
  30110.22  8.8668E+03  3.5467E+04
  30130.30  8.9250E+03  3.5700E+04
  30150.40  8.1328E+03  3.2531E+04
  30170.50  8.8718E+03  3.5487E+04
  30190.62  8.8557E+03  3.5423E+04
  30210.76  8.8372E+03  3.5349E+04
  30230.90  8.8126E+03  3.5250E+04
  30251.06  8.7932E+03  3.5173E+04
  30271.24  8.7713E+03  3.5085E+04
  30291.42  8.7490E+03  3.4996E+04
  30311.62  8.7273E+03  3.4909E+04
  30331.84  8.7063E+03  3.4825E+04
  30352.06  8.6843E+03  3.4737E+04
  30372.31  8.6630E+03  3.4652E+04
  30392.56  8.6408E+03  3.4563E+04
  30412.83  8.6170E+03  3.4468E+04
  30433.11  8.5453E+03  3.4181E+04
  30453.40  8.4033E+03  3.3613E+04
  30473.71  8.5558E+03  3.4223E+04
  30494.03  8.5337E+03  3.4135E+04
  30514.37  8.5131E+03  3.4052E+04
  30534.72  8.4921E+03  3.3969E+04
  30555.08  8.4710E+03  3.3884E+04
  30575.46  8.4495E+03  3.3798E+04
  30595.85  8.4261E+03  3.3704E+04
  30616.25  8.4051E+03  3.3621E+04
  30636.67  8.3274E+03  3.3310E+04
  30657.10  8.3645E+03  3.3458E+04
  30677.54  8.3450E+03  3.3380E+04
  30698.00  8.3247E+03  3.3299E+04
  30718.47  8.3036E+03  3.3214E+04
  30738.96  8.2832E+03  3.3133E+04
  30759.45  8.2538E+03  3.3015E+04
  30779.97  8.2419E+03  3.2967E+04
  30800.49  8.2215E+03  3.2886E+04
  30821.03  8.2006E+03  3.2802E+04
  30841.59  8.1807E+03  3.2723E+04
  30862.15  8.1493E+03  3.2597E+04
  30882.74  8.1387E+03  3.2555E+04
  30903.33  8.1199E+03  3.2480E+04
  30923.94  8.0989E+03  3.2396E+04
  30944.56  8.0796E+03  3.2318E+04
  30965.20  8.0595E+03  3.2238E+04
  30985.85  8.0264E+03  3.2106E+04
  31006.51  8.0189E+03  3.2075E+04
  31027.19  7.9971E+03  3.1988E+04
  31047.88  7.9404E+03  3.1762E+04
  31068.58  7.9596E+03  3.1839E+04
  31089.30  7.9398E+03  3.1759E+04
  31110.03  7.9190E+03  3.1676E+04
  31130.78  7.9002E+03  3.1601E+04
  31151.54  7.8792E+03  3.1517E+04
  31172.31  7.8605E+03  3.1442E+04
  31193.10  7.7954E+03  3.1181E+04
  31213.90  7.8187E+03  3.1275E+04
  31234.72  7.8015E+03  3.1206E+04
  31255.55  7.7824E+03  3.1130E+04
  31276.39  7.7637E+03  3.1055E+04
  31297.25  7.7442E+03  3.0977E+04
  31318.12  7.7221E+03  3.0889E+04
  31339.00  7.7045E+03  3.0818E+04
  31359.90  7.6868E+03  3.0747E+04
  31380.82  7.6677E+03  3.0671E+04
  31401.74  7.6486E+03  3.0595E+04
  31422.68  7.6002E+03  3.0401E+04
  31443.64  7.6037E+03  3.0415E+04
  31464.61  7.5846E+03  3.0338E+04
  31485.59  7.5719E+03  3.0287E+04
  31506.59  7.5522E+03  3.0209E+04
  31527.60  7.5335E+03  3.0134E+04
  31548.62  7.5161E+03  3.0065E+04
  31569.66  7.4974E+03  2.9990E+04
  31590.71  7.4786E+03  2.9914E+04
  31611.78  7.4596E+03  2.9838E+04
  31632.86  7.4410E+03  2.9764E+04
  31653.96  7.4230E+03  2.9692E+04
  31675.07  7.4047E+03  2.9619E+04
  31696.19  7.3861E+03  2.9545E+04
  31717.33  7.3678E+03  2.9471E+04
  31738.48  7.3016E+03  2.9206E+04
  31759.64  7.3309E+03  2.9324E+04
  31780.82  7.3128E+03  2.9251E+04
  31802.01  7.2944E+03  2.9178E+04
  31823.22  7.2765E+03  2.9106E+04
  31844.44  7.2585E+03  2.9034E+04
  31865.68  7.2361E+03  2.8944E+04
  31886.93  7.2215E+03  2.8886E+04
  31908.19  7.2043E+03  2.8817E+04
  31929.47  7.1864E+03  2.8746E+04
  31950.77  7.1685E+03  2.8674E+04
  31972.07  7.1493E+03  2.8597E+04
  31993.39  7.1329E+03  2.8532E+04
  32014.73  7.1138E+03  2.8455E+04
  32036.08  7.0971E+03  2.8388E+04
  32057.44  7.0795E+03  2.8318E+04
  32078.82  7.0620E+03  2.8248E+04
  32100.21  7.0445E+03  2.8178E+04
  32121.62  7.0266E+03  2.8107E+04
  32143.04  7.0092E+03  2.8037E+04
  32164.48  6.9915E+03  2.7966E+04
  32185.93  6.9745E+03  2.7898E+04
  32207.39  6.9563E+03  2.7825E+04
  32228.87  6.9358E+03  2.7743E+04
  32250.36  6.9207E+03  2.7683E+04
  32271.87  6.9052E+03  2.7621E+04
  32293.39  6.8880E+03  2.7552E+04
  32314.92  6.8706E+03  2.7483E+04
  32336.47  6.7928E+03  2.7171E+04
  32358.04  6.8365E+03  2.7346E+04
  32379.61  6.8185E+03  2.7274E+04
  32401.21  6.8023E+03  2.7209E+04
  32422.81  6.7852E+03  2.7141E+04
  32444.44  6.7686E+03  2.7075E+04
  32466.07  6.7519E+03  2.7007E+04
  32487.72  6.7350E+03  2.6940E+04
  32509.39  6.7159E+03  2.6864E+04
  32531.07  6.6985E+03  2.6794E+04
  32552.76  6.6823E+03  2.6729E+04
  32574.47  6.6679E+03  2.6672E+04
  32596.19  6.6514E+03  2.6606E+04
  32617.93  6.6346E+03  2.6538E+04
  32639.68  6.6173E+03  2.6469E+04
  32661.45  6.5975E+03  2.6390E+04
  32683.23  6.5853E+03  2.6341E+04
  32705.02  6.5687E+03  2.6275E+04
  32726.83  6.5471E+03  2.6188E+04
  32748.66  6.5360E+03  2.6144E+04
  32770.50  6.5195E+03  2.6078E+04
  32792.35  6.5036E+03  2.6014E+04
  32814.22  6.3964E+03  2.5586E+04
  32836.10  6.4711E+03  2.5884E+04
  32858.00  6.4538E+03  2.5815E+04
  32879.91  6.4388E+03  2.5755E+04
  32901.84  6.4230E+03  2.5692E+04
  32923.78  6.1969E+03  2.4788E+04
  32945.73  6.2149E+03  2.4860E+04
  32967.71  6.3749E+03  2.5500E+04
  32989.69  6.3589E+03  2.5436E+04
  33011.69  6.3431E+03  2.5372E+04
  33033.70  6.1212E+03  2.4485E+04
  33055.73  6.3051E+03  2.5221E+04
  33077.78  6.2941E+03  2.5177E+04
  33099.84  6.2786E+03  2.5114E+04
  33121.91  6.2627E+03  2.5051E+04
  33144.00  6.2467E+03  2.4987E+04
  33166.10  6.2284E+03  2.4914E+04
  33188.22  6.1867E+03  2.4747E+04
  33210.35  6.1295E+03  2.4518E+04
  33232.50  6.1834E+03  2.4734E+04
  33254.66  6.1662E+03  2.4665E+04
  33276.83  6.1513E+03  2.4605E+04
  33299.02  6.1363E+03  2.4545E+04
  33321.23  6.1196E+03  2.4478E+04
  33343.45  6.1051E+03  2.4420E+04
  33365.69  6.0647E+03  2.4259E+04
  33387.94  6.0740E+03  2.4296E+04
  33410.20  6.0580E+03  2.4232E+04
  33432.48  6.0432E+03  2.4173E+04
  33454.78  6.0278E+03  2.4111E+04
  33477.09  6.0123E+03  2.4049E+04
  33499.41  5.9969E+03  2.3988E+04
  33521.75  5.9819E+03  2.3927E+04
  33544.11  5.9404E+03  2.3762E+04
  33566.48  5.9216E+03  2.3686E+04
  33588.86  5.9364E+03  2.3746E+04
  33611.26  5.9212E+03  2.3685E+04
  33633.67  5.9062E+03  2.3625E+04
  33656.10  5.8895E+03  2.3558E+04
  33678.55  5.8357E+03  2.3343E+04
  33701.01  5.3321E+03  2.1329E+04
  33723.48  5.5495E+03  2.2198E+04
  33745.97  5.8308E+03  2.3323E+04
  33768.47  5.8132E+03  2.3253E+04
  33790.99  5.8018E+03  2.3207E+04
  33813.53  5.7869E+03  2.3148E+04
  33836.08  5.7722E+03  2.3089E+04
  33858.64  5.6383E+03  2.2553E+04
  33881.22  5.7429E+03  2.2972E+04
  33903.81  5.7283E+03  2.2913E+04
  33926.42  5.6768E+03  2.2707E+04
  33949.05  5.5272E+03  2.2109E+04
  33971.69  5.6719E+03  2.2688E+04
  33994.34  5.6701E+03  2.2680E+04
  34017.01  5.6554E+03  2.2622E+04
  34039.70  5.6414E+03  2.2566E+04
  34062.40  5.6013E+03  2.2405E+04
  34085.11  5.6127E+03  2.2451E+04
  34107.84  5.5983E+03  2.2393E+04
  34130.59  5.5843E+03  2.2337E+04
  34153.35  5.5695E+03  2.2278E+04
  34176.12  5.5557E+03  2.2223E+04
  34198.91  5.5418E+03  2.2167E+04
  34221.72  5.5277E+03  2.2111E+04
  34244.54  5.5134E+03  2.2054E+04
  34267.38  5.4487E+03  2.1795E+04
  34290.23  5.4857E+03  2.1943E+04
  34313.10  5.4709E+03  2.1884E+04
  34335.98  5.4578E+03  2.1831E+04
  34358.88  5.4437E+03  2.1775E+04
  34381.79  5.4259E+03  2.1703E+04
  34404.72  5.3260E+03  2.1304E+04
  34427.66  5.4020E+03  2.1608E+04
  34450.62  5.3883E+03  2.1553E+04
  34473.59  5.3750E+03  2.1500E+04
  34496.58  5.3614E+03  2.1446E+04
  34519.59  5.2919E+03  2.1167E+04
  34542.61  5.3341E+03  2.1336E+04
  34565.64  5.3200E+03  2.1280E+04
  34588.69  5.2186E+03  2.0875E+04
  34611.76  5.1488E+03  2.0595E+04
  34634.84  5.2801E+03  2.1121E+04
  34657.94  5.2644E+03  2.1058E+04
  34681.05  5.2534E+03  2.1013E+04
  34704.18  5.2400E+03  2.0960E+04
  34727.32  5.2091E+03  2.0836E+04
  34750.48  5.2117E+03  2.0847E+04
  34773.65  5.2000E+03  2.0800E+04
  34796.84  5.1868E+03  2.0747E+04
  34820.05  5.1735E+03  2.0694E+04
  34843.27  5.1606E+03  2.0642E+04
  34866.50  5.1473E+03  2.0589E+04
  34889.75  5.1315E+03  2.0526E+04
  34913.02  4.9949E+03  1.9980E+04
  34936.30  5.1075E+03  2.0430E+04
  34959.60  5.0954E+03  2.0381E+04
  34982.92  5.0184E+03  2.0074E+04
  35006.24  5.0691E+03  2.0276E+04
  35029.59  5.0562E+03  2.0225E+04
  35052.95  4.9740E+03  1.9896E+04
  35076.32  5.0243E+03  2.0097E+04
  35099.72  5.0175E+03  2.0070E+04
  35123.12  4.9981E+03  1.9992E+04
  35146.54  4.9922E+03  1.9969E+04
  35169.98  4.8666E+03  1.9467E+04
  35193.44  4.9611E+03  1.9844E+04
  35216.91  4.9547E+03  1.9819E+04
  35240.39  4.9416E+03  1.9767E+04
  35263.89  4.9294E+03  1.9718E+04
  35287.41  4.8471E+03  1.9388E+04
  35310.94  4.9019E+03  1.9608E+04
  35334.49  4.8921E+03  1.9568E+04
  35358.05  4.8796E+03  1.9518E+04
  35381.63  4.8671E+03  1.9468E+04
  35405.22  4.8549E+03  1.9420E+04
  35428.84  4.8422E+03  1.9369E+04
  35452.46  4.8302E+03  1.9321E+04
  35476.10  4.8094E+03  1.9238E+04
  35499.76  4.8056E+03  1.9222E+04
  35523.44  4.7934E+03  1.9173E+04
  35547.12  4.7772E+03  1.9109E+04
  35570.83  4.7692E+03  1.9077E+04
  35594.55  4.7571E+03  1.9028E+04
  35618.29  4.7450E+03  1.8980E+04
  35642.04  4.7329E+03  1.8932E+04
  35665.81  4.7209E+03  1.8884E+04
  35689.59  4.6063E+03  1.8425E+04
  35713.39  4.6968E+03  1.8787E+04
  35737.21  4.6713E+03  1.8685E+04
  35761.04  4.6731E+03  1.8692E+04
  35784.89  4.6292E+03  1.8517E+04
  35808.75  4.6494E+03  1.8598E+04
  35832.63  4.6297E+03  1.8519E+04
  35856.53  4.6254E+03  1.8502E+04
  35880.44  4.6140E+03  1.8456E+04
  35904.37  4.5961E+03  1.8385E+04
  35928.31  4.5907E+03  1.8363E+04
  35952.27  4.5790E+03  1.8316E+04
  35976.25  4.5674E+03  1.8270E+04
  36000.24  4.5528E+03  1.8211E+04
  36024.24  4.5432E+03  1.8173E+04
  36048.27  4.5326E+03  1.8130E+04
  36072.31  4.5211E+03  1.8084E+04
  36096.36  4.5096E+03  1.8039E+04
  36120.43  4.4982E+03  1.7993E+04
  36144.52  4.4867E+03  1.7947E+04
  36168.62  4.4739E+03  1.7896E+04
  36192.74  4.4620E+03  1.7848E+04
  36216.88  4.4525E+03  1.7810E+04
  36241.03  4.4413E+03  1.7765E+04
  36265.20  4.4301E+03  1.7720E+04
  36289.38  4.4187E+03  1.7675E+04
  36313.58  4.4010E+03  1.7604E+04
  36337.80  4.3944E+03  1.7578E+04
  36362.03  4.3853E+03  1.7541E+04
  36386.28  4.3361E+03  1.7344E+04
  36410.55  4.3055E+03  1.7222E+04
  36434.83  4.3520E+03  1.7408E+04
  36459.12  4.3381E+03  1.7352E+04
  36483.44  4.3299E+03  1.7320E+04
  36507.77  4.2573E+03  1.7029E+04
  36532.11  4.3076E+03  1.7230E+04
  36556.48  4.2880E+03  1.7152E+04
  36580.85  4.1896E+03  1.6758E+04
  36605.25  4.2356E+03  1.6942E+04
  36629.66  4.2642E+03  1.7057E+04
  36654.09  4.2528E+03  1.7011E+04
  36678.53  4.2361E+03  1.6945E+04
  36702.99  4.2318E+03  1.6927E+04
  36727.47  4.2212E+03  1.6885E+04
  36751.96  4.2105E+03  1.6842E+04
  36776.47  4.1998E+03  1.6799E+04
  36800.99  4.1891E+03  1.6756E+04
  36825.53  3.3151E+03  1.3260E+04
  36850.09  4.1665E+03  1.6666E+04
  36874.66  4.1573E+03  1.6629E+04
  36899.25  4.1466E+03  1.6587E+04
  36923.86  4.1357E+03  1.6543E+04
  36948.49  4.1257E+03  1.6503E+04
  36973.12  3.4379E+03  1.3752E+04
  36997.78  4.1048E+03  1.6419E+04
  37022.45  4.0869E+03  1.6348E+04
  37047.14  4.0837E+03  1.6335E+04
  37071.85  4.0734E+03  1.6294E+04
  37096.57  4.0586E+03  1.6234E+04
  37121.31  4.0515E+03  1.6206E+04
  37146.06  4.0425E+03  1.6170E+04
  37170.83  4.0324E+03  1.6130E+04
  37195.62  4.0191E+03  1.6077E+04
  37220.43  4.0119E+03  1.6047E+04
  37245.25  4.0017E+03  1.6007E+04
  37270.09  3.9915E+03  1.5966E+04
  37294.94  3.9736E+03  1.5894E+04
  37319.81  3.9714E+03  1.5885E+04
  37344.70  3.9603E+03  1.5841E+04
  37369.60  3.9172E+03  1.5669E+04
  37394.52  3.9412E+03  1.5765E+04
  37419.46  3.9311E+03  1.5724E+04
  37444.41  3.8009E+03  1.5204E+04
  37469.38  3.9110E+03  1.5644E+04
  37494.37  3.9010E+03  1.5604E+04
  37519.38  3.8903E+03  1.5561E+04
  37544.40  3.8815E+03  1.5526E+04
  37569.43  3.8715E+03  1.5486E+04
  37594.49  3.8607E+03  1.5443E+04
  37619.56  3.8520E+03  1.5408E+04
  37644.64  3.8423E+03  1.5369E+04
  37669.75  3.8324E+03  1.5330E+04
  37694.87  3.8228E+03  1.5291E+04
  37720.01  3.8128E+03  1.5251E+04
  37745.16  3.8014E+03  1.5205E+04
  37770.33  3.7937E+03  1.5175E+04
  37795.52  3.7841E+03  1.5136E+04
  37820.72  3.7745E+03  1.5098E+04
  37845.95  3.7649E+03  1.5060E+04
  37871.18  3.7548E+03  1.5019E+04
  37896.44  3.7383E+03  1.4953E+04
  37921.71  3.7362E+03  1.4945E+04
  37947.00  3.7260E+03  1.4904E+04
  37972.30  3.7169E+03  1.4868E+04
  37997.63  3.7079E+03  1.4832E+04
  38022.97  3.6978E+03  1.4791E+04
  38048.32  3.6887E+03  1.4755E+04
  38073.70  3.6798E+03  1.4719E+04
  38099.09  3.6667E+03  1.4667E+04
  38124.49  3.6005E+03  1.4402E+04
  38149.92  3.6516E+03  1.4606E+04
  38175.36  3.6426E+03  1.4570E+04
  38200.82  3.6321E+03  1.4528E+04
  38226.29  3.6240E+03  1.4496E+04
  38251.78  3.6138E+03  1.4455E+04
  38277.29  3.6057E+03  1.4423E+04
  38302.82  3.5965E+03  1.4386E+04
  38328.36  3.5874E+03  1.4350E+04
  38353.92  3.5780E+03  1.4312E+04
  38379.50  3.5680E+03  1.4272E+04
  38405.09  3.5590E+03  1.4236E+04
  38430.70  3.5511E+03  1.4204E+04
  38456.33  3.5368E+03  1.4147E+04
  38481.98  3.5330E+03  1.4132E+04
  38507.64  3.4984E+03  1.3994E+04
  38533.32  3.5061E+03  1.4024E+04
  38559.01  3.5063E+03  1.4025E+04
  38584.73  3.4973E+03  1.3989E+04
  38610.46  3.4885E+03  1.3954E+04
  38636.21  3.4783E+03  1.3913E+04
  38661.97  3.4667E+03  1.3867E+04
  38687.75  3.4406E+03  1.3762E+04
  38713.55  3.4532E+03  1.3813E+04
  38739.37  3.4442E+03  1.3777E+04
  38765.20  3.4357E+03  1.3743E+04
  38791.06  3.4269E+03  1.3707E+04
  38816.92  3.4155E+03  1.3662E+04
  38842.81  3.3998E+03  1.3599E+04
  38868.71  3.4009E+03  1.3604E+04
  38894.63  2.7952E+03  1.1181E+04
  38920.57  3.2295E+03  1.2918E+04
  38946.53  3.3244E+03  1.3298E+04
  38972.50  3.1910E+03  1.2764E+04
  38998.49  3.3579E+03  1.3432E+04
  39024.49  3.3494E+03  1.3398E+04
  39050.52  3.3409E+03  1.3363E+04
  39076.56  3.3325E+03  1.3330E+04
  39102.62  3.3240E+03  1.3296E+04
  39128.69  3.3151E+03  1.3261E+04
  39154.79  3.3069E+03  1.3228E+04
  39180.90  3.2987E+03  1.3195E+04
  39207.03  3.2893E+03  1.3157E+04
  39233.17  3.2649E+03  1.3060E+04
  39259.34  3.2731E+03  1.3092E+04
  39285.52  3.2652E+03  1.3061E+04
  39311.72  3.2546E+03  1.3018E+04
  39337.93  3.2487E+03  1.2995E+04
  39364.16  3.2405E+03  1.2962E+04
  39390.42  3.2322E+03  1.2929E+04
  39416.68  3.2242E+03  1.2897E+04
  39442.97  3.2159E+03  1.2863E+04
  39469.27  3.2076E+03  1.2831E+04
  39495.59  3.1996E+03  1.2798E+04
  39521.93  3.1823E+03  1.2729E+04
  39548.29  3.1833E+03  1.2733E+04
  39574.66  3.1753E+03  1.2701E+04
  39601.05  3.1673E+03  1.2669E+04
  39627.46  3.1593E+03  1.2637E+04
  39653.89  3.1512E+03  1.2605E+04
  39680.33  3.1431E+03  1.2572E+04
  39706.79  3.1352E+03  1.2541E+04
  39733.27  3.1272E+03  1.2509E+04
  39759.77  3.1193E+03  1.2477E+04
  39786.28  3.1114E+03  1.2446E+04
  39812.81  3.1025E+03  1.2410E+04
  39839.36  3.0957E+03  1.2383E+04
  39865.93  3.0752E+03  1.2301E+04
  39892.52  3.0792E+03  1.2317E+04
  39919.12  3.0720E+03  1.2288E+04
  39945.74  3.0643E+03  1.2257E+04
  39972.38  3.0565E+03  1.2226E+04
  39999.04  3.0484E+03  1.2194E+04
  40025.71  3.0327E+03  1.2131E+04
  40052.40  3.0332E+03  1.2133E+04
  40079.11  3.0256E+03  1.2103E+04
  40105.84  3.0178E+03  1.2071E+04
  40132.58  3.0100E+03  1.2040E+04
  40159.35  3.0023E+03  1.2009E+04
  40186.13  2.9949E+03  1.1980E+04
  40212.93  2.9825E+03  1.1930E+04
  40239.74  2.9798E+03  1.1919E+04
  40266.58  2.9723E+03  1.1889E+04
  40293.43  2.9647E+03  1.1859E+04
  40320.30  2.9532E+03  1.1813E+04
  40347.19  2.9479E+03  1.1792E+04
  40374.09  2.9422E+03  1.1769E+04
  40401.02  2.9072E+03  1.1629E+04
  40427.96  2.9271E+03  1.1709E+04
  40454.92  2.9198E+03  1.1679E+04
  40481.90  2.9122E+03  1.1649E+04
  40508.90  2.5193E+03  1.0077E+04
  40535.91  2.8883E+03  1.1553E+04
  40562.94  2.8881E+03  1.1552E+04
  40589.99  2.8821E+03  1.1528E+04
  40617.06  2.8139E+03  1.1256E+04
  40644.15  2.8682E+03  1.1473E+04
  40671.25  2.8610E+03  1.1444E+04
  40698.37  2.8330E+03  1.1332E+04
  40725.51  2.8437E+03  1.1375E+04
  40752.67  2.8388E+03  1.1355E+04
  40779.85  2.8320E+03  1.1328E+04
  40807.04  2.8182E+03  1.1273E+04
  40834.26  2.8177E+03  1.1271E+04
  40861.49  2.8104E+03  1.1242E+04
  40888.74  2.7937E+03  1.1175E+04
  40916.00  2.7835E+03  1.1134E+04
  40943.29  2.7878E+03  1.1151E+04
  40970.59  2.7755E+03  1.1102E+04
  40997.91  2.7533E+03  1.1013E+04
  41025.25  2.7651E+03  1.1060E+04
  41052.61  2.6755E+03  1.0702E+04
  41079.99  2.7540E+03  1.1016E+04
  41107.38  2.7453E+03  1.0981E+04
  41134.80  2.7399E+03  1.0960E+04
  41162.23  2.7293E+03  1.0917E+04
  41189.68  2.7258E+03  1.0903E+04
  41217.15  2.7192E+03  1.0877E+04
  41244.63  2.7123E+03  1.0849E+04
  41272.14  2.7054E+03  1.0821E+04
  41299.66  2.6981E+03  1.0792E+04
  41327.20  2.6915E+03  1.0766E+04
  41354.76  2.6847E+03  1.0739E+04
  41382.34  2.6779E+03  1.0712E+04
  41409.94  2.6621E+03  1.0648E+04
  41437.55  2.6627E+03  1.0651E+04
  41465.18  2.6571E+03  1.0628E+04
  41492.84  2.6126E+03  1.0450E+04
  41520.51  2.6423E+03  1.0569E+04
  41548.19  2.6198E+03  1.0479E+04
  41575.90  2.6305E+03  1.0522E+04
  41603.63  2.6241E+03  1.0496E+04
  41631.37  2.6174E+03  1.0469E+04
  41659.13  2.6106E+03  1.0442E+04
  41686.92  2.6040E+03  1.0416E+04
  41714.71  2.5975E+03  1.0390E+04
  41742.53  2.5858E+03  1.0343E+04
  41770.37  2.5786E+03  1.0314E+04
  41798.22  2.5775E+03  1.0310E+04
  41826.10  2.5531E+03  1.0212E+04
  41853.99  2.5633E+03  1.0253E+04
  41881.90  2.5581E+03  1.0232E+04
  41909.83  2.5516E+03  1.0207E+04
  41937.78  2.5451E+03  1.0181E+04
  41965.75  2.5368E+03  1.0147E+04
  41993.73  2.5322E+03  1.0129E+04
  42021.74  2.5238E+03  1.0095E+04
  42049.76  2.5191E+03  1.0076E+04
  42077.80  2.5129E+03  1.0051E+04
  42105.86  2.5066E+03  1.0026E+04
  42133.94  2.5002E+03  1.0001E+04
  42162.04  2.4915E+03  9.9661E+03
  42190.15  2.4875E+03  9.9502E+03
  42218.29  2.4812E+03  9.9250E+03
  42246.44  2.4749E+03  9.8995E+03
  42274.62  2.4685E+03  9.8741E+03
  42302.81  2.4623E+03  9.8490E+03
  42331.02  2.4480E+03  9.7921E+03
  42359.25  2.4495E+03  9.7981E+03
  42387.50  2.4428E+03  9.7710E+03
  42415.76  2.4299E+03  9.7194E+03
  42444.05  2.4312E+03  9.7247E+03
  42472.35  2.4250E+03  9.7001E+03
  42500.68  2.4187E+03  9.6748E+03
  42529.02  2.4126E+03  9.6506E+03
  42557.38  2.4056E+03  9.6226E+03
  42585.76  2.3869E+03  9.5477E+03
  42614.16  2.3944E+03  9.5775E+03
  42642.58  2.3883E+03  9.5534E+03
  42671.01  2.3818E+03  9.5273E+03
  42699.47  2.3762E+03  9.5048E+03
  42727.94  2.3647E+03  9.4590E+03
  42756.44  2.3642E+03  9.4566E+03
  42784.95  2.3581E+03  9.4326E+03
  42813.48  2.3521E+03  9.4085E+03
  42842.03  2.3462E+03  9.3847E+03
  42870.60  2.3401E+03  9.3606E+03
  42899.19  2.3341E+03  9.3364E+03
  42927.80  2.3283E+03  9.3133E+03
  42956.43  2.1922E+03  8.7687E+03
  42985.07  2.1750E+03  8.7002E+03
  43013.74  2.3102E+03  9.2408E+03
  43042.42  2.2944E+03  9.1776E+03
  43071.13  2.1693E+03  8.6773E+03
  43099.85  2.2930E+03  9.1722E+03
  43128.59  2.2872E+03  9.1489E+03
  43157.35  2.2487E+03  8.9947E+03
  43186.13  2.2753E+03  9.1014E+03
  43214.93  2.2449E+03  8.9794E+03
  43243.75  2.2641E+03  9.0562E+03
  43272.59  2.2582E+03  9.0330E+03
  43301.45  2.2526E+03  9.0102E+03
  43330.32  2.2467E+03  8.9870E+03
  43359.22  2.2411E+03  8.9645E+03
  43388.13  1.6276E+03  6.5104E+03
  43417.07  1.5812E+03  6.3249E+03
  43446.02  1.8408E+03  7.3634E+03
  43474.99  1.5586E+03  6.2346E+03
  43503.98  1.8429E+03  7.3716E+03
  43533.00  1.8479E+03  7.3915E+03
  43562.03  2.2011E+03  8.8042E+03
  43591.08  2.0585E+03  8.2339E+03
  43620.15  1.8386E+03  7.3542E+03
  43649.24  1.7840E+03  7.1362E+03
  43678.34  2.1792E+03  8.7169E+03
  43707.47  2.1032E+03  8.4128E+03
  43736.62  2.1682E+03  8.6726E+03
  43765.78  2.1623E+03  8.6493E+03
  43794.97  2.1556E+03  8.6224E+03
  43824.18  2.1517E+03  8.6067E+03
  43853.40  2.1462E+03  8.5848E+03
  43882.65  2.1372E+03  8.5488E+03
  43911.91  2.1353E+03  8.5410E+03
  43941.19  1.5014E+03  6.0055E+03
  43970.50  2.1245E+03  8.4979E+03
  43999.82  2.1188E+03  8.4753E+03
  44029.16  2.0186E+03  8.0742E+03
  44058.52  2.1076E+03  8.4303E+03
  44087.90  1.7716E+03  7.0864E+03
  44117.30  2.0976E+03  8.3903E+03
  44146.72  2.0178E+03  8.0713E+03
  44176.16  2.0869E+03  8.3477E+03
  44205.62  1.4451E+03  5.7802E+03
  44235.10  2.0737E+03  8.2947E+03
  44264.60  2.0710E+03  8.2839E+03
  44294.12  2.0657E+03  8.2628E+03
  44323.66  1.7865E+03  7.1461E+03
  44353.22  2.0553E+03  8.2212E+03
  44382.79  2.0500E+03  8.2002E+03
  44412.39  1.9714E+03  7.8857E+03
  44442.01  2.0394E+03  8.1576E+03
  44471.65  2.0345E+03  8.1379E+03
  44501.30  1.9958E+03  7.9833E+03
  44530.98  1.7829E+03  7.1316E+03
  44560.67  2.0136E+03  8.0545E+03
  44590.39  2.0137E+03  8.0548E+03
  44620.13  2.0087E+03  8.0349E+03
  44649.88  1.9885E+03  7.9540E+03
  44679.66  1.9563E+03  7.8250E+03
  44709.45  1.9911E+03  7.9642E+03
  44739.27  1.9741E+03  7.8966E+03
  44769.10  1.9831E+03  7.9324E+03
  44798.96  1.9585E+03  7.8340E+03
  44828.83  1.9732E+03  7.8926E+03
  44858.73  1.9679E+03  7.8717E+03
  44888.64  1.3353E+03  5.3413E+03
  44918.58  1.9582E+03  7.8329E+03
  44948.53  1.3691E+03  5.4763E+03
  44978.51  1.9468E+03  7.7872E+03
  45008.50  1.3275E+03  5.3102E+03
  45038.52  1.9243E+03  7.6973E+03
  45068.55  1.3177E+03  5.2706E+03
  45098.61  1.9270E+03  7.7081E+03
  45128.68  1.9233E+03  7.6931E+03
  45158.78  1.9031E+03  7.6124E+03
  45188.89  1.9128E+03  7.6513E+03
  45219.03  1.4428E+03  5.7711E+03
  45249.18  1.8101E+03  7.2404E+03
  45279.36  1.8985E+03  7.5939E+03
  45309.55  1.8938E+03  7.5751E+03
  45339.77  1.8889E+03  7.5555E+03
  45370.00  1.8840E+03  7.5362E+03
  45400.26  1.6367E+03  6.5468E+03
  45430.53  1.8740E+03  7.4961E+03
  45460.83  1.8641E+03  7.4563E+03
  45491.15  1.8647E+03  7.4587E+03
  45521.48  1.2770E+03  5.1079E+03
  45551.84  1.8551E+03  7.4203E+03
  45582.22  1.8499E+03  7.3995E+03
  45612.61  1.8454E+03  7.3816E+03
  45643.03  1.8408E+03  7.3631E+03
  45673.47  1.6873E+03  6.7492E+03
  45703.93  1.8313E+03  7.3251E+03
  45734.41  1.8263E+03  7.3052E+03
  45764.90  1.7229E+03  6.8914E+03
  45795.42  1.7881E+03  7.1525E+03
  45825.96  1.8122E+03  7.2486E+03
  45856.52  1.7443E+03  6.9771E+03
  45887.10  1.8023E+03  7.2092E+03
  45917.70  1.7985E+03  7.1942E+03
  45948.32  1.5504E+03  6.2018E+03
  45978.97  1.7893E+03  7.1572E+03
  46009.63  1.7847E+03  7.1388E+03
  46040.31  1.7801E+03  7.1204E+03
  46071.01  1.7755E+03  7.1020E+03
  46101.74  1.7705E+03  7.0819E+03
  46132.48  1.7663E+03  7.0654E+03
  46163.24  1.5933E+03  6.3733E+03
  46194.03  1.7572E+03  7.0289E+03
  46224.83  1.7527E+03  7.0110E+03
  46255.66  1.7481E+03  6.9925E+03
  46286.51  1.7437E+03  6.9750E+03
  46317.37  1.7392E+03  6.9570E+03
  46348.26  1.7348E+03  6.9392E+03
  46379.17  1.7303E+03  6.9211E+03
  46410.10  1.7248E+03  6.8991E+03
  46441.05  1.7214E+03  6.8857E+03
  46472.02  1.7168E+03  6.8673E+03
  46503.01  1.4048E+03  5.6192E+03
  46534.02  1.7033E+03  6.8131E+03
  46565.05  1.7036E+03  6.8146E+03
  46596.10  1.6453E+03  6.5811E+03
  46627.18  1.6920E+03  6.7679E+03
  46658.27  1.6906E+03  6.7625E+03
  46689.39  1.6856E+03  6.7423E+03
  46720.52  1.6818E+03  6.7271E+03
  46751.68  1.2624E+03  5.0495E+03
  46782.85  1.6733E+03  6.6932E+03
  46814.05  1.6689E+03  6.6756E+03
  46845.27  1.6647E+03  6.6588E+03
  46876.51  1.6604E+03  6.6415E+03
  46907.77  1.6497E+03  6.5989E+03
  46939.05  1.6518E+03  6.6074E+03
  46970.35  1.6476E+03  6.5904E+03
  47001.68  1.6433E+03  6.5731E+03
  47033.02  1.6391E+03  6.5563E+03
  47064.39  1.6349E+03  6.5397E+03
  47095.77  1.6307E+03  6.5228E+03
  47127.18  1.6265E+03  6.5061E+03
  47158.61  1.6223E+03  6.4893E+03
  47190.05  1.2518E+03  5.0071E+03
  47221.52  1.6139E+03  6.4557E+03
  47253.01  1.6098E+03  6.4393E+03
  47284.53  1.6057E+03  6.4228E+03
  47316.06  1.6015E+03  6.4059E+03
  47347.61  1.5974E+03  6.3898E+03
  47379.19  1.3517E+03  5.4068E+03
  47410.78  1.3211E+03  5.2845E+03
  47442.40  1.5850E+03  6.3398E+03
  47474.04  1.5811E+03  6.3242E+03
  47505.70  1.5770E+03  6.3080E+03
  47537.38  1.5723E+03  6.2892E+03
  47569.08  1.5611E+03  6.2443E+03
  47600.80  1.5648E+03  6.2592E+03
  47632.54  1.5085E+03  6.0340E+03
  47664.31  1.5425E+03  6.1698E+03
  47696.09  1.5513E+03  6.2053E+03
  47727.90  1.5481E+03  6.1925E+03
  47759.73  1.5448E+03  6.1792E+03
  47791.58  1.5144E+03  6.0577E+03
  47823.45  1.5339E+03  6.1357E+03
  47855.34  1.2907E+03  5.1626E+03
  47887.25  1.5290E+03  6.1159E+03
  47919.19  1.4682E+03  5.8728E+03
  47951.14  1.1132E+03  4.4527E+03
  47983.12  1.5172E+03  6.0686E+03
  48015.12  1.3572E+03  5.4286E+03
  48047.14  1.5086E+03  6.0344E+03
  48079.18  1.5055E+03  6.0221E+03
  48111.24  1.5016E+03  6.0064E+03
  48143.32  1.4977E+03  5.9908E+03
  48175.43  1.4937E+03  5.9747E+03
  48207.56  1.4895E+03  5.9580E+03
  48239.70  1.2394E+03  4.9577E+03
  48271.87  1.4567E+03  5.8269E+03
  48304.06  1.4786E+03  5.9144E+03
  48336.28  1.4705E+03  5.8820E+03
  48368.51  1.4709E+03  5.8835E+03
  48400.77  1.4671E+03  5.8683E+03
  48433.04  1.0890E+03  4.3560E+03
  48465.34  1.3324E+03  5.3295E+03
  48497.66  1.4558E+03  5.8232E+03
  48530.00  1.4521E+03  5.8082E+03
  48562.37  1.4163E+03  5.6654E+03
  48594.75  1.4447E+03  5.7790E+03
  48627.16  1.4410E+03  5.7641E+03
  48659.58  1.4373E+03  5.7492E+03
  48692.03  1.4336E+03  5.7344E+03
  48724.51  1.3647E+03  5.4588E+03
  48757.00  1.4244E+03  5.6976E+03
  48789.51  1.1767E+03  4.7068E+03
  48822.05  1.4189E+03  5.6757E+03
  48854.61  1.4143E+03  5.6572E+03
  48887.19  1.4116E+03  5.6465E+03
  48919.79  1.4080E+03  5.6320E+03
  48952.41  1.4041E+03  5.6163E+03
  48985.05  1.3188E+03  5.2752E+03
  49017.72  1.3972E+03  5.5887E+03
  49050.41  1.1132E+03  4.4526E+03
  49083.12  1.3888E+03  5.5550E+03
  49115.85  1.3862E+03  5.5447E+03
  49148.61  1.3827E+03  5.5307E+03
  49181.38  1.3675E+03  5.4700E+03
  49214.18  1.3756E+03  5.5023E+03
  49247.00  1.2167E+03  4.8669E+03
  49279.84  1.3684E+03  5.4735E+03
  49312.70  1.3652E+03  5.4607E+03
  49345.59  1.3616E+03  5.4466E+03
  49378.49  9.5302E+02  3.8121E+03
  49411.42  1.3546E+03  5.4186E+03
  49444.37  1.3511E+03  5.4043E+03
  49477.35  1.3409E+03  5.3638E+03
  49510.34  1.3432E+03  5.3729E+03
  49543.36  1.3398E+03  5.3593E+03
  49576.40  1.3373E+03  5.3493E+03
  49609.46  1.3331E+03  5.3326E+03
  49642.54  1.2473E+03  4.9892E+03
  49675.65  1.3270E+03  5.3082E+03
  49708.77  1.3236E+03  5.2945E+03
  49741.92  1.3200E+03  5.2799E+03
  49775.09  1.3166E+03  5.2663E+03
  49808.29  1.3119E+03  5.2478E+03
  49841.50  1.3100E+03  5.2399E+03
  49874.74  1.3067E+03  5.2267E+03
  49908.00  1.3032E+03  5.2130E+03
  49941.28  1.3000E+03  5.1999E+03
  49974.59  1.2966E+03  5.1865E+03
  50007.91  1.2070E+03  4.8282E+03
  50041.26  1.2900E+03  5.1599E+03
  50074.63  1.2866E+03  5.1464E+03
  50108.02  1.2834E+03  5.1334E+03
  50141.44  1.1466E+03  4.5863E+03
  50174.88  1.2767E+03  5.1069E+03
  50208.34  1.2604E+03  5.0418E+03
  50241.82  1.2702E+03  5.0807E+03
  50275.32  1.0766E+03  4.3062E+03
  50308.85  1.2595E+03  5.0381E+03
  50342.40  1.2601E+03  5.0405E+03
  50375.97  1.2566E+03  5.0263E+03
  50409.57  1.2539E+03  5.0157E+03
  50443.18  1.2507E+03  5.0028E+03
  50476.82  1.2474E+03  4.9895E+03
  50510.48  1.2372E+03  4.9487E+03
  50544.17  1.1134E+03  4.4536E+03
  50577.87  1.2378E+03  4.9514E+03
  50611.60  1.2321E+03  4.9284E+03
  50645.35  1.2298E+03  4.9192E+03
  50679.13  1.2020E+03  4.8078E+03
  50712.92  1.2252E+03  4.9007E+03
  50746.74  1.1773E+03  4.7091E+03
  50780.58  1.2181E+03  4.8725E+03
  50814.45  1.2046E+03  4.8185E+03
  50848.33  1.2127E+03  4.8506E+03
  50882.24  1.2067E+03  4.8268E+03
  50916.17  1.2060E+03  4.8239E+03
  50950.13  1.2033E+03  4.8134E+03
  50984.10  1.2002E+03  4.8010E+03
  51018.10  1.1971E+03  4.7883E+03
  51052.13  8.4875E+02  3.3950E+03
  51086.17  1.1910E+03  4.7641E+03
  51120.24  1.1877E+03  4.7506E+03
  51154.33  1.1849E+03  4.7396E+03
  51188.44  1.1816E+03  4.7266E+03
  51222.58  1.1785E+03  4.7140E+03
  51256.74  1.1758E+03  4.7031E+03
  51290.92  1.1711E+03  4.6845E+03
  51325.12  8.3792E+02  3.3517E+03
  51359.35  1.1665E+03  4.6660E+03
  51393.60  1.1626E+03  4.6505E+03
  51427.87  1.1607E+03  4.6429E+03
  51462.17  1.1531E+03  4.6125E+03
  51496.49  1.1548E+03  4.6190E+03
  51530.83  1.1518E+03  4.6071E+03
  51565.19  1.1488E+03  4.5953E+03
  51599.58  1.1449E+03  4.5796E+03
  51633.99  1.1429E+03  4.5716E+03
  51668.42  1.1400E+03  4.5600E+03
  51702.88  1.1371E+03  4.5483E+03
  51737.36  1.1327E+03  4.5309E+03
  51771.86  1.1312E+03  4.5250E+03
  51806.38  1.1281E+03  4.5124E+03
  51840.93  1.1254E+03  4.5017E+03
  51875.50  1.1225E+03  4.4901E+03
  51910.10  1.1197E+03  4.4786E+03
  51944.71  1.1142E+03  4.4569E+03
  51979.35  1.1137E+03  4.4549E+03
  52014.02  1.1050E+03  4.4198E+03
  52048.70  1.1056E+03  4.4226E+03
  52083.41  1.1047E+03  4.4187E+03
  52118.15  8.6860E+02  3.4744E+03
  52152.90  1.0997E+03  4.3987E+03
  52187.68  1.0954E+03  4.3818E+03
  52222.48  1.0902E+03  4.3610E+03
  52257.31  1.0912E+03  4.3646E+03
  52292.16  1.0883E+03  4.3534E+03
  52327.03  1.0856E+03  4.3424E+03
  52361.92  8.7449E+02  3.4980E+03
  52396.84  9.1193E+02  3.6477E+03
  52431.78  1.0772E+03  4.3089E+03
  52466.75  1.0659E+03  4.2637E+03
  52501.74  1.0716E+03  4.2865E+03
  52536.75  1.0690E+03  4.2758E+03
  52571.78  1.0662E+03  4.2647E+03
  52606.84  1.0634E+03  4.2538E+03
  52641.92  1.0607E+03  4.2427E+03
  52677.03  1.0580E+03  4.2321E+03
  52712.16  1.0553E+03  4.2211E+03
  52747.31  1.0525E+03  4.2099E+03
  52782.49  1.0499E+03  4.1994E+03
  52817.68  7.6910E+02  3.0764E+03
  52852.91  1.0445E+03  4.1778E+03
  52888.15  1.0401E+03  4.1606E+03
  52923.42  1.0136E+03  4.0545E+03
  52958.72  1.0364E+03  4.1456E+03
  52994.03  9.3300E+02  3.7320E+03
  53029.37  1.0311E+03  4.1245E+03
  53064.73  1.0093E+03  4.0371E+03
  53100.12  1.0235E+03  4.0940E+03
  53135.53  1.0232E+03  4.0927E+03
  53170.97  1.0205E+03  4.0821E+03
  53206.43  1.0158E+03  4.0632E+03
  53241.91  1.0137E+03  4.0547E+03
  53277.41  1.0126E+03  4.0503E+03
  53312.94  1.0056E+03  4.0223E+03
  53348.49  1.0064E+03  4.0255E+03
  53384.07  1.0049E+03  4.0196E+03
  53419.67  1.0023E+03  4.0093E+03
  53455.29  9.9938E+02  3.9975E+03
  53490.94  9.9718E+02  3.9887E+03
  53526.61  9.1306E+02  3.6522E+03
  53562.31  9.9196E+02  3.9678E+03
  53598.03  9.8841E+02  3.9537E+03
  53633.77  9.8695E+02  3.9478E+03
  53669.54  9.8442E+02  3.9377E+03
  53705.33  9.8189E+02  3.9276E+03
  53741.14  9.7890E+02  3.9156E+03
  53776.98  9.6967E+02  3.8787E+03
  53812.84  9.7433E+02  3.8973E+03
  53848.73  9.7184E+02  3.8874E+03
  53884.64  9.6934E+02  3.8774E+03
  53920.57  9.6673E+02  3.8669E+03
  53956.53  9.6390E+02  3.8556E+03
  53992.51  9.6160E+02  3.8464E+03
  54028.52  9.5927E+02  3.8371E+03
  54064.55  9.5692E+02  3.8277E+03
  54100.60  9.5260E+02  3.8104E+03
  54136.68  9.3040E+02  3.7216E+03
  54172.78  8.3644E+02  3.3458E+03
  54208.91  9.4672E+02  3.7869E+03
  54245.06  9.4470E+02  3.7788E+03
  54281.23  9.4225E+02  3.7690E+03
  54317.43  9.3984E+02  3.7594E+03
  54353.65  9.3743E+02  3.7497E+03
  54389.90  8.5009E+02  3.4004E+03
  54426.17  9.3262E+02  3.7305E+03
  54462.46  9.2717E+02  3.7087E+03
  54498.78  7.2852E+02  2.9141E+03
  54535.13  8.6735E+02  3.4694E+03
  54571.49  9.2307E+02  3.6923E+03
  54607.89  9.2051E+02  3.6820E+03
  54644.30  9.1832E+02  3.6733E+03
  54680.74  9.1594E+02  3.6638E+03
  54717.21  9.1361E+02  3.6545E+03
  54753.70  9.1125E+02  3.6450E+03
  54790.21  9.0891E+02  3.6357E+03
  54826.75  7.1135E+02  2.8454E+03
  54863.31  9.0425E+02  3.6170E+03
  54899.90  9.0180E+02  3.6072E+03
  54936.51  7.2621E+02  2.9048E+03
  54973.14  8.3731E+02  3.3493E+03
  55009.80  8.9456E+02  3.5782E+03
  55046.49  8.9268E+02  3.5707E+03
  55083.19  8.8995E+02  3.5598E+03
  55119.93  8.8806E+02  3.5522E+03
  55156.69  8.8582E+02  3.5433E+03
  55193.47  8.8354E+02  3.5341E+03
  55230.27  8.8125E+02  3.5250E+03
  55267.11  8.7889E+02  3.5155E+03
  55303.96  8.7653E+02  3.5061E+03
  55340.84  8.7449E+02  3.4979E+03
  55377.75  8.7180E+02  3.4872E+03
  55414.68  8.6999E+02  3.4800E+03
  55451.63  8.6775E+02  3.4710E+03
  55488.61  7.9847E+02  3.1939E+03
  55525.61  8.6330E+02  3.4532E+03
  55562.64  8.6108E+02  3.4443E+03
  55599.69  8.4038E+02  3.3615E+03
  55636.77  8.5664E+02  3.4266E+03
  55673.87  8.5444E+02  3.4178E+03
  55711.00  8.5224E+02  3.4089E+03
  55748.15  8.5006E+02  3.4002E+03
  55785.33  8.4785E+02  3.3914E+03
  55822.53  8.4569E+02  3.3828E+03
  55859.76  8.4351E+02  3.3741E+03
  55897.01  8.4117E+02  3.3647E+03
  55934.28  8.3919E+02  3.3567E+03
  55971.58  8.3635E+02  3.3454E+03
  56008.91  8.3488E+02  3.3395E+03
  56046.26  7.7939E+02  3.1176E+03
  56083.64  6.9800E+02  2.7920E+03
  56121.04  8.2788E+02  3.3115E+03
  56158.46  8.2628E+02  3.3051E+03
  56195.91  8.0839E+02  3.2336E+03
  56233.39  8.2206E+02  3.2883E+03
  56270.89  8.1993E+02  3.2797E+03
  56308.41  8.1785E+02  3.2714E+03
  56345.96  8.1567E+02  3.2627E+03
  56383.54  8.1364E+02  3.2546E+03
  56421.14  8.1156E+02  3.2462E+03
  56458.76  8.0921E+02  3.2368E+03
  56496.41  7.2010E+02  2.8804E+03
  56534.09  7.5990E+02  3.0396E+03
  56571.79  8.0322E+02  3.2129E+03
  56609.52  8.0113E+02  3.2045E+03
  56647.27  7.9908E+02  3.1963E+03
  56685.04  7.9657E+02  3.1863E+03
  56722.84  7.9498E+02  3.1799E+03
  56760.67  7.9231E+02  3.1692E+03
  56798.52  7.9080E+02  3.1632E+03
  56836.40  7.8209E+02  3.1284E+03
  56874.30  7.8686E+02  3.1474E+03
  56912.23  7.8479E+02  3.1391E+03
  56950.18  7.0274E+02  2.8110E+03
  56988.16  7.8072E+02  3.1229E+03
  57026.16  7.7874E+02  3.1150E+03
  57064.19  7.7678E+02  3.1071E+03
  57102.25  7.6589E+02  3.0636E+03
  57140.33  7.6166E+02  3.0466E+03
  57178.43  7.7050E+02  3.0820E+03
  57216.56  7.5382E+02  3.0153E+03
  57254.72  7.6668E+02  3.0667E+03
  57292.90  7.2845E+02  2.9138E+03
  57331.11  7.6282E+02  3.0513E+03
  57369.34  7.6091E+02  3.0437E+03
  57407.60  7.5899E+02  3.0360E+03
  57445.88  7.5703E+02  3.0281E+03
  57484.19  7.5154E+02  3.0062E+03
  57522.52  7.5297E+02  3.0119E+03
  57560.88  7.5096E+02  3.0039E+03
  57599.27  7.4928E+02  2.9971E+03
  57637.68  7.4726E+02  2.9890E+03
  57676.12  7.4543E+02  2.9817E+03
  57714.58  7.4351E+02  2.9741E+03
  57753.07  7.4145E+02  2.9658E+03
  57791.58  7.3798E+02  2.9519E+03
  57830.12  6.6189E+02  2.6476E+03
  57868.68  7.3588E+02  2.9435E+03
  57907.27  7.2733E+02  2.9093E+03
  57945.89  7.3211E+02  2.9284E+03
  57984.53  7.3022E+02  2.9209E+03
  58023.20  7.2831E+02  2.9132E+03
  58061.89  7.2561E+02  2.9025E+03
  58100.61  7.1311E+02  2.8525E+03
  58139.36  7.2244E+02  2.8898E+03
  58178.13  6.9719E+02  2.7887E+03
  58216.93  7.1903E+02  2.8761E+03
  58255.75  7.1717E+02  2.8687E+03
  58294.60  7.1490E+02  2.8596E+03
  58333.47  7.1345E+02  2.8538E+03
  58372.37  7.1153E+02  2.8461E+03
  58411.30  7.0982E+02  2.8393E+03
  58450.25  7.0793E+02  2.8317E+03
  58489.23  7.0618E+02  2.8247E+03
  58528.24  7.0358E+02  2.8143E+03
  58567.27  7.0254E+02  2.8102E+03
  58606.32  6.9638E+02  2.7855E+03
  58645.41  6.7656E+02  2.7062E+03
  58684.52  6.9711E+02  2.7885E+03
  58723.65  6.7236E+02  2.6894E+03
  58762.81  6.8567E+02  2.7427E+03
  58802.00  6.9175E+02  2.7670E+03
  58841.21  6.8999E+02  2.7600E+03
  58880.45  6.8528E+02  2.7411E+03
  58919.72  6.8639E+02  2.7456E+03
  58959.01  6.8467E+02  2.7387E+03
  58998.32  6.8287E+02  2.7315E+03
  59037.67  6.8115E+02  2.7246E+03
  59077.04  6.7821E+02  2.7128E+03
  59116.44  6.7766E+02  2.7106E+03
  59155.86  6.7586E+02  2.7034E+03
  59195.31  6.7413E+02  2.6965E+03
  59234.78  6.7239E+02  2.6896E+03
  59274.28  6.6908E+02  2.6763E+03
  59313.81  6.6894E+02  2.6758E+03
  59353.37  6.6723E+02  2.6689E+03
  59392.95  6.6034E+02  2.6413E+03
  59432.55  6.6383E+02  2.6553E+03
  59472.19  6.5950E+02  2.6380E+03
  59511.85  6.5979E+02  2.6391E+03
  59551.53  6.5871E+02  2.6348E+03
  59591.25  6.5702E+02  2.6281E+03
  59630.99  6.5297E+02  2.6119E+03
  59670.75  6.3421E+02  2.5368E+03
  59710.55  6.5196E+02  2.6078E+03
  59750.36  6.5028E+02  2.6011E+03
  59790.21  6.4827E+02  2.5931E+03
  59830.08  6.4694E+02  2.5878E+03
  59869.98  5.7130E+02  2.2852E+03
  59909.91  6.4350E+02  2.5740E+03
  59949.86  6.4195E+02  2.5678E+03
  59989.84  6.4019E+02  2.5608E+03
  60029.84  6.3865E+02  2.5546E+03
  60069.87  6.3696E+02  2.5479E+03
  60109.93  6.3534E+02  2.5413E+03
  60150.02  6.3369E+02  2.5347E+03
  60190.13  6.3204E+02  2.5282E+03
  60230.27  6.3040E+02  2.5216E+03
  60270.43  6.2877E+02  2.5151E+03
  60310.63  6.2568E+02  2.5027E+03
  60350.85  6.2506E+02  2.5002E+03
  60391.09  6.2389E+02  2.4956E+03
  60431.36  6.1690E+02  2.4676E+03
  60471.66  5.9868E+02  2.3947E+03
  60511.99  6.1905E+02  2.4762E+03
  60552.34  6.1745E+02  2.4698E+03
  60592.72  6.1584E+02  2.4634E+03
  60633.13  6.1424E+02  2.4569E+03
  60673.57  6.1260E+02  2.4504E+03
  60714.03  6.1084E+02  2.4434E+03
  60754.52  6.0948E+02  2.4379E+03
  60795.03  6.0781E+02  2.4312E+03
  60835.57  6.0633E+02  2.4253E+03
  60876.14  6.0475E+02  2.4190E+03
  60916.74  6.0295E+02  2.4118E+03
  60957.36  6.0162E+02  2.4065E+03
  60998.01  6.0006E+02  2.4002E+03
  61038.69  5.9851E+02  2.3940E+03
  61079.39  5.9695E+02  2.3878E+03
  61120.13  5.8952E+02  2.3581E+03
  61160.88  5.9375E+02  2.3750E+03
  61201.67  5.9190E+02  2.3676E+03
  61242.48  5.9079E+02  2.3632E+03
  61283.32  5.8143E+02  2.3257E+03
  61324.19  5.8773E+02  2.3509E+03
  61365.09  5.8619E+02  2.3447E+03
  61406.01  5.8449E+02  2.3380E+03
  61446.96  5.8315E+02  2.3326E+03
  61487.94  5.8161E+02  2.3264E+03
  61528.94  5.8015E+02  2.3206E+03
  61569.97  5.7732E+02  2.3093E+03
  61611.03  5.7713E+02  2.3085E+03
  61652.12  5.7558E+02  2.3023E+03
  61693.23  5.7416E+02  2.2966E+03
  61734.37  5.7113E+02  2.2845E+03
  61775.54  5.7109E+02  2.2843E+03
  61816.74  5.6825E+02  2.2730E+03
  61857.96  5.6823E+02  2.2729E+03
  61899.21  5.6675E+02  2.2670E+03
  61940.49  5.6529E+02  2.2611E+03
  61981.80  5.6280E+02  2.2512E+03
  62023.13  5.6236E+02  2.2494E+03
  62064.49  5.6089E+02  2.2436E+03
  62105.88  5.5944E+02  2.2378E+03
  62147.30  5.5799E+02  2.2320E+03
  62188.74  5.5655E+02  2.2262E+03
  62230.21  5.5511E+02  2.2204E+03
  62271.71  5.5367E+02  2.2147E+03
  62313.24  5.5032E+02  2.2013E+03
  62354.79  5.4789E+02  2.1916E+03
  62396.38  5.4936E+02  2.1974E+03
  62437.99  5.4794E+02  2.1918E+03
  62479.62  5.4651E+02  2.1860E+03
  62521.29  5.4504E+02  2.1802E+03
  62562.98  5.4367E+02  2.1747E+03
  62604.70  5.4228E+02  2.1691E+03
  62646.45  5.4088E+02  2.1635E+03
  62688.23  5.3945E+02  2.1578E+03
  62730.03  5.3808E+02  2.1523E+03
  62771.87  5.3667E+02  2.1467E+03
  62813.73  5.3528E+02  2.1411E+03
  62855.62  5.3391E+02  2.1357E+03
  62897.53  5.3253E+02  2.1301E+03
  62939.48  5.3041E+02  2.1216E+03
  62981.45  5.2972E+02  2.1189E+03
  63023.45  5.2830E+02  2.1132E+03
  63065.48  5.2703E+02  2.1081E+03
  63107.53  5.2566E+02  2.1026E+03
  63149.62  5.2429E+02  2.0972E+03
  63191.73  5.2294E+02  2.0917E+03
  63233.87  5.2067E+02  2.0827E+03
  63276.04  5.1987E+02  2.0795E+03
  63318.23  5.1889E+02  2.0756E+03
  63360.46  5.1754E+02  2.0702E+03
  63402.71  5.1106E+02  2.0442E+03
  63444.99  5.1487E+02  2.0595E+03
  63487.30  5.1216E+02  2.0486E+03
  63529.64  5.1219E+02  2.0488E+03
  63572.01  5.1087E+02  2.0435E+03
  63614.40  5.0529E+02  2.0212E+03
  63656.82  5.0823E+02  2.0329E+03
  63699.27  5.0691E+02  2.0276E+03
  63741.75  5.0560E+02  2.0224E+03
  63784.26  5.0429E+02  2.0171E+03
  63826.80  4.9501E+02  1.9800E+03
  63869.36  5.0168E+02  2.0067E+03
  63911.95  5.0029E+02  2.0012E+03
  63954.57  4.9853E+02  1.9941E+03
  63997.22  4.9779E+02  1.9912E+03
  64039.90  4.9650E+02  1.9860E+03
  64082.61  4.9521E+02  1.9808E+03
  64125.34  4.9392E+02  1.9757E+03
  64168.10  4.9261E+02  1.9704E+03
  64210.89  4.9137E+02  1.9655E+03
  64253.71  4.9008E+02  1.9603E+03
  64296.56  4.8403E+02  1.9361E+03
  64339.44  4.8756E+02  1.9502E+03
  64382.35  4.8630E+02  1.9452E+03
  64425.28  4.8504E+02  1.9402E+03
  64468.24  4.8378E+02  1.9351E+03
  64511.24  4.8240E+02  1.9296E+03
  64554.26  4.8128E+02  1.9251E+03
  64597.31  4.8003E+02  1.9201E+03
  64640.38  4.7878E+02  1.9151E+03
  64683.49  4.7755E+02  1.9102E+03
  64726.62  4.7630E+02  1.9052E+03
  64769.79  4.7412E+02  1.8965E+03
  64812.98  4.7384E+02  1.8954E+03
  64856.20  4.6954E+02  1.8781E+03
  64899.45  4.6578E+02  1.8631E+03
  64942.73  4.7017E+02  1.8807E+03
  64986.04  4.6892E+02  1.8757E+03
  65029.38  4.6774E+02  1.8709E+03
  65072.74  4.6651E+02  1.8660E+03
  65116.14  4.6532E+02  1.8613E+03
  65159.56  4.6409E+02  1.8564E+03
  65203.02  4.6291E+02  1.8516E+03
  65246.50  4.5962E+02  1.8385E+03
  65290.01  4.6051E+02  1.8420E+03
  65333.55  4.5909E+02  1.8364E+03
  65377.12  4.5812E+02  1.8325E+03
  65420.71  4.5694E+02  1.8277E+03
  65464.34  4.5575E+02  1.8230E+03
  65508.00  4.4884E+02  1.7953E+03
  65551.68  4.5340E+02  1.8136E+03
  65595.40  4.4754E+02  1.7902E+03
  65639.14  4.5100E+02  1.8040E+03
  65682.91  4.4988E+02  1.7995E+03
  65726.71  4.4869E+02  1.7948E+03
  65770.54  4.4756E+02  1.7902E+03
  65814.41  4.4639E+02  1.7856E+03
  65858.29  4.4506E+02  1.7802E+03
  65902.21  4.4409E+02  1.7763E+03
  65946.16  4.4294E+02  1.7717E+03
  65990.14  4.4179E+02  1.7671E+03
  66034.15  4.3952E+02  1.7581E+03
  66078.18  4.3950E+02  1.7580E+03
  66122.25  4.3836E+02  1.7534E+03
  66166.34  4.3721E+02  1.7488E+03
  66210.47  4.3608E+02  1.7443E+03
  66254.62  4.3496E+02  1.7399E+03
  66298.80  4.3383E+02  1.7353E+03
  66343.01  4.3270E+02  1.7308E+03
  66387.26  4.3159E+02  1.7264E+03
  66431.53  4.3047E+02  1.7219E+03
  66475.83  4.2935E+02  1.7174E+03
  66520.16  4.2585E+02  1.7034E+03
  66564.52  4.2713E+02  1.7085E+03
  66608.91  4.2601E+02  1.7040E+03
  66653.33  4.2492E+02  1.6997E+03
  66697.78  4.2382E+02  1.6953E+03
  66742.26  4.2273E+02  1.6909E+03
  66786.76  4.2162E+02  1.6865E+03
  66831.30  4.2044E+02  1.6817E+03
  66875.87  4.1939E+02  1.6776E+03
  66920.47  4.1836E+02  1.6735E+03
  66965.09  4.1727E+02  1.6691E+03
  67009.75  4.1620E+02  1.6648E+03
  67054.44  4.1511E+02  1.6605E+03
  67099.15  4.1300E+02  1.6520E+03
  67143.90  4.1292E+02  1.6517E+03
  67188.68  4.1190E+02  1.6476E+03
  67233.48  4.0528E+02  1.6211E+03
  67278.32  4.0906E+02  1.6362E+03
  67323.18  4.0604E+02  1.6242E+03
  67368.08  4.0762E+02  1.6305E+03
  67413.00  4.0659E+02  1.6264E+03
  67457.96  4.0486E+02  1.6194E+03
  67502.95  4.0449E+02  1.6179E+03
  67547.96  4.0332E+02  1.6133E+03
  67593.01  4.0239E+02  1.6096E+03
  67638.08  4.0135E+02  1.6054E+03
  67683.19  4.0030E+02  1.6012E+03
  67728.32  3.9927E+02  1.5971E+03
  67773.49  3.9824E+02  1.5930E+03
  67818.68  3.9671E+02  1.5869E+03
  67863.91  3.9617E+02  1.5847E+03
  67909.17  3.9515E+02  1.5806E+03
  67954.45  3.9413E+02  1.5765E+03
  67999.77  3.9311E+02  1.5724E+03
  68045.12  3.9209E+02  1.5684E+03
  68090.49  3.9105E+02  1.5642E+03
  68135.90  3.9006E+02  1.5602E+03
  68181.34  3.8905E+02  1.5562E+03
  68226.81  3.8804E+02  1.5522E+03
  68272.30  3.8700E+02  1.5480E+03
  68317.83  3.8603E+02  1.5441E+03
  68363.39  3.8484E+02  1.5394E+03
  68408.98  3.8404E+02  1.5361E+03
  68454.60  3.8304E+02  1.5322E+03
  68500.25  3.8107E+02  1.5243E+03
  68545.93  3.8006E+02  1.5202E+03
  68591.64  3.8007E+02  1.5203E+03
  68637.38  3.7908E+02  1.5163E+03
  68683.16  3.7809E+02  1.5124E+03
  68728.96  3.7693E+02  1.5077E+03
  68774.79  3.7612E+02  1.5045E+03
  68820.65  3.7517E+02  1.5007E+03
  68866.55  3.7420E+02  1.4968E+03
  68912.47  3.7323E+02  1.4929E+03
  68958.43  3.7218E+02  1.4887E+03
  69004.42  3.7130E+02  1.4852E+03
  69050.43  3.7034E+02  1.4813E+03
  69096.48  3.6938E+02  1.4775E+03
  69142.56  3.6842E+02  1.4737E+03
  69188.67  3.6747E+02  1.4699E+03
  69234.81  3.6651E+02  1.4661E+03
  69280.98  3.6556E+02  1.4622E+03
  69327.18  3.6461E+02  1.4585E+03
  69373.41  3.6367E+02  1.4547E+03
  69419.67  3.6273E+02  1.4509E+03
  69465.97  3.6179E+02  1.4471E+03
  69512.29  3.6085E+02  1.4434E+03
  69558.65  3.5992E+02  1.4397E+03
  69605.03  3.5898E+02  1.4359E+03
  69651.45  3.5805E+02  1.4322E+03
  69697.90  3.5713E+02  1.4285E+03
  69744.38  3.5620E+02  1.4248E+03
  69790.89  3.5528E+02  1.4211E+03
  69837.43  3.5436E+02  1.4174E+03
  69884.00  3.5320E+02  1.4128E+03
  69930.60  3.5248E+02  1.4099E+03
  69977.24  3.5146E+02  1.4058E+03
  70023.90  3.5070E+02  1.4028E+03
  70070.60  3.4979E+02  1.3992E+03
  70117.33  3.4888E+02  1.3955E+03
  70164.09  3.4790E+02  1.3916E+03
  70210.88  3.4708E+02  1.3883E+03
  70257.70  3.4618E+02  1.3847E+03
  70304.55  3.4523E+02  1.3809E+03
  70351.44  3.4438E+02  1.3775E+03
  70398.35  3.4349E+02  1.3740E+03
  70445.30  3.4260E+02  1.3704E+03
  70492.27  3.4172E+02  1.3669E+03
  70539.28  3.4083E+02  1.3633E+03
  70586.32  3.3995E+02  1.3598E+03
  70633.39  3.3901E+02  1.3560E+03
  70680.50  3.3818E+02  1.3527E+03
  70727.63  3.3731E+02  1.3492E+03
  70774.80  3.3644E+02  1.3458E+03
  70822.00  3.3556E+02  1.3423E+03
  70869.22  3.3469E+02  1.3388E+03
  70916.48  3.3383E+02  1.3353E+03
  70963.78  3.3296E+02  1.3318E+03
  71011.10  3.3208E+02  1.3283E+03
  71058.46  3.3124E+02  1.3250E+03
  71105.84  3.3038E+02  1.3215E+03
  71153.26  3.2951E+02  1.3180E+03
  71200.71  3.2867E+02  1.3147E+03
  71248.19  3.2782E+02  1.3113E+03
  71295.70  3.2695E+02  1.3078E+03
  71343.25  3.2611E+02  1.3045E+03
  71390.83  3.2528E+02  1.3011E+03
  71438.43  3.2442E+02  1.2977E+03
  71486.07  3.2359E+02  1.2944E+03
  71533.74  3.2275E+02  1.2910E+03
  71581.45  3.2191E+02  1.2876E+03
  71629.18  3.2107E+02  1.2843E+03
  71676.95  3.1807E+02  1.2723E+03
  71724.75  3.1940E+02  1.2776E+03
  71772.58  3.1857E+02  1.2743E+03
  71820.44  3.1774E+02  1.2710E+03
  71868.34  3.1692E+02  1.2677E+03
  71916.26  3.1582E+02  1.2633E+03
  71964.22  3.1527E+02  1.2611E+03
  72012.21  3.1445E+02  1.2578E+03
  72060.24  3.1363E+02  1.2545E+03
  72108.29  3.1282E+02  1.2513E+03
  72156.38  3.1183E+02  1.2473E+03
  72204.50  3.1119E+02  1.2448E+03
  72252.65  3.1038E+02  1.2415E+03
  72300.83  3.0958E+02  1.2383E+03
  72349.04  3.0877E+02  1.2351E+03
  72397.29  3.0797E+02  1.2319E+03
  72445.57  3.0368E+02  1.2147E+03
  72493.88  3.0636E+02  1.2254E+03
  72542.23  3.0557E+02  1.2223E+03
  72590.60  3.0478E+02  1.2191E+03
  72639.01  3.0396E+02  1.2159E+03
  72687.45  3.0319E+02  1.2128E+03
  72735.92  3.0240E+02  1.2096E+03
  72784.43  3.0162E+02  1.2065E+03
  72832.97  3.0083E+02  1.2033E+03
  72881.54  3.0005E+02  1.2002E+03
  72930.14  2.9926E+02  1.1970E+03
  72978.77  2.9848E+02  1.1939E+03
  73027.44  2.9772E+02  1.1909E+03
  73076.14  2.9694E+02  1.1878E+03
  73124.87  2.9617E+02  1.1847E+03
  73173.64  2.9540E+02  1.1816E+03
  73222.43  2.9463E+02  1.1785E+03
  73271.26  2.9387E+02  1.1755E+03
  73320.13  2.9310E+02  1.1724E+03
  73369.02  2.9233E+02  1.1693E+03
  73417.95  2.9122E+02  1.1649E+03
  73466.91  2.9082E+02  1.1633E+03
  73515.90  2.9006E+02  1.1603E+03
  73564.93  2.8931E+02  1.1572E+03
  73613.98  2.8855E+02  1.1542E+03
  73663.07  2.8771E+02  1.1508E+03
  73712.20  2.8701E+02  1.1480E+03
  73761.35  2.8631E+02  1.1452E+03
  73810.54  2.8556E+02  1.1422E+03
  73859.76  2.8421E+02  1.1369E+03
  73909.02  2.8408E+02  1.1363E+03
  73958.31  2.8335E+02  1.1334E+03
  74007.63  2.8261E+02  1.1304E+03
  74056.98  2.6606E+02  1.0642E+03
  74106.37  2.8114E+02  1.1246E+03
  74155.79  2.7691E+02  1.1076E+03
  74205.24  2.7968E+02  1.1187E+03
  74254.72  2.7895E+02  1.1158E+03
  74304.24  2.7823E+02  1.1129E+03
  74353.79  2.7748E+02  1.1099E+03
  74403.38  2.7678E+02  1.1071E+03
  74452.99  2.7606E+02  1.1043E+03
  74502.64  2.7535E+02  1.1014E+03
  74552.33  2.7463E+02  1.0985E+03
  74602.04  2.7391E+02  1.0957E+03
  74651.79  2.7298E+02  1.0919E+03
  74701.58  2.7249E+02  1.0900E+03
  74751.39  2.7179E+02  1.0871E+03
  74801.24  2.7106E+02  1.0842E+03
  74851.12  2.7037E+02  1.0815E+03
  74901.04  2.6966E+02  1.0786E+03
  74950.99  2.6897E+02  1.0759E+03
  75000.97  2.6827E+02  1.0731E+03
  75050.99  2.6756E+02  1.0702E+03
  75101.03  2.6687E+02  1.0675E+03
  75151.12  2.6618E+02  1.0647E+03
  75201.23  2.6541E+02  1.0616E+03
  75251.38  2.6480E+02  1.0592E+03
  75301.56  2.6411E+02  1.0564E+03
  75351.78  2.6343E+02  1.0537E+03
  75402.03  2.6274E+02  1.0510E+03
  75452.31  2.6205E+02  1.0482E+03
  75502.63  2.6138E+02  1.0455E+03
  75552.98  2.6058E+02  1.0423E+03
  75603.36  2.6002E+02  1.0401E+03
  75653.78  2.5934E+02  1.0374E+03
  75704.23  2.5866E+02  1.0347E+03
  75754.72  2.5798E+02  1.0319E+03
  75805.24  2.5732E+02  1.0293E+03
  75855.79  2.5664E+02  1.0265E+03
  75906.37  2.5599E+02  1.0240E+03
  75956.99  2.5532E+02  1.0213E+03
  76007.65  2.5466E+02  1.0186E+03
  76058.33  2.5399E+02  1.0160E+03
  76109.05  2.5334E+02  1.0133E+03
  76159.81  2.5266E+02  1.0106E+03
  76210.60  2.5202E+02  1.0081E+03
  76261.42  2.5123E+02  1.0049E+03
  76312.28  2.5070E+02  1.0028E+03
  76363.17  2.5004E+02  1.0002E+03
  76414.09  2.4941E+02  9.9763E+02
  76465.05  2.4875E+02  9.9500E+02
  76516.04  2.4811E+02  9.9246E+02
  76567.07  2.4747E+02  9.8987E+02
  76618.13  2.4683E+02  9.8730E+02
  76669.22  2.4618E+02  9.8473E+02
  76720.35  2.4554E+02  9.8214E+02
  76771.51  2.4487E+02  9.7948E+02
  76822.71  2.4424E+02  9.7698E+02
  76873.94  2.4363E+02  9.7453E+02
  76925.20  2.4299E+02  9.7197E+02
  76976.50  2.4235E+02  9.6939E+02
  77027.83  2.4174E+02  9.6695E+02
  77079.20  2.4110E+02  9.6440E+02
  77130.60  2.4048E+02  9.6191E+02
  77182.04  2.3985E+02  9.5939E+02
  77233.51  2.3536E+02  9.4142E+02
  77285.01  2.3861E+02  9.5444E+02
  77336.55  2.3798E+02  9.5194E+02
  77388.12  2.3735E+02  9.4939E+02
  77439.73  2.3675E+02  9.4702E+02
  77491.37  2.3613E+02  9.4454E+02
  77543.05  2.3552E+02  9.4210E+02
  77594.76  2.3491E+02  9.3963E+02
  77646.51  2.3430E+02  9.3719E+02
  77698.29  2.3369E+02  9.3475E+02
  77750.10  2.3308E+02  9.3233E+02
  77801.95  2.3248E+02  9.2990E+02
  77853.83  2.3184E+02  9.2738E+02
  77905.75  2.3126E+02  9.2505E+02
  77957.70  2.3063E+02  9.2251E+02
  78009.69  2.3005E+02  9.2020E+02
  78061.71  2.2946E+02  9.1785E+02
  78113.77  2.2886E+02  9.1545E+02
  78165.86  2.2827E+02  9.1306E+02
  78217.99  2.2765E+02  9.1058E+02
  78270.15  2.2705E+02  9.0820E+02
  78322.34  2.2649E+02  9.0595E+02
  78374.58  2.2589E+02  9.0357E+02
  78426.84  2.2531E+02  9.0122E+02
  78479.14  2.2472E+02  8.9887E+02
  78531.48  2.2414E+02  8.9654E+02
  78583.85  2.2355E+02  8.9421E+02
  78636.25  2.2295E+02  8.9178E+02
  78688.69  2.2239E+02  8.8954E+02
  78741.17  2.2181E+02  8.8722E+02
  78793.68  2.2122E+02  8.8489E+02
  78846.22  2.2060E+02  8.8241E+02
  78898.80  2.2005E+02  8.8019E+02
  78951.42  2.1950E+02  8.7801E+02
  79004.07  2.1887E+02  8.7549E+02
  79056.75  2.1836E+02  8.7345E+02
  79109.47  2.1779E+02  8.7118E+02
  79162.23  2.1723E+02  8.6891E+02
  79215.02  2.1666E+02  8.6664E+02
  79267.84  2.1608E+02  8.6433E+02
  79320.70  2.1553E+02  8.6212E+02
  79373.60  2.1497E+02  8.5988E+02
  79426.53  2.1441E+02  8.5764E+02
  79479.50  2.1384E+02  8.5535E+02
  79532.50  2.1329E+02  8.5315E+02
  79585.54  2.1273E+02  8.5093E+02
  79638.61  2.1218E+02  8.4871E+02
  79691.72  2.1163E+02  8.4653E+02
  79744.86  2.1107E+02  8.4428E+02
  79798.04  2.1051E+02  8.4204E+02
  79851.26  2.0998E+02  8.3990E+02
  79904.51  2.0940E+02  8.3761E+02
  79957.79  2.0885E+02  8.3538E+02
  80011.11  2.0834E+02  8.3338E+02
  80064.47  2.0778E+02  8.3113E+02
  80117.86  2.0726E+02  8.2903E+02
  80171.29  2.0672E+02  8.2687E+02
  80224.76  2.0616E+02  8.2465E+02
  80278.25  2.0564E+02  8.2257E+02
  80331.79  2.0511E+02  8.2043E+02
  80385.36  2.0457E+02  8.1829E+02
  80438.97  2.0404E+02  8.1615E+02
  80492.61  2.0350E+02  8.1401E+02
  80546.29  2.0298E+02  8.1191E+02
  80600.00  2.0244E+02  8.0978E+02
  80653.75  2.0192E+02  8.0768E+02
  80707.53  2.0139E+02  8.0556E+02
  80761.36  2.0087E+02  8.0348E+02
  80815.21  2.0032E+02  8.0129E+02
  80869.11  1.9983E+02  7.9930E+02
  80923.03  1.9930E+02  7.9722E+02
  80977.00  1.9878E+02  7.9513E+02
  81031.00  1.9827E+02  7.9307E+02
  81085.04  1.9775E+02  7.9100E+02
  81139.11  1.9723E+02  7.8894E+02
  81193.22  1.9671E+02  7.8686E+02
  81247.36  1.9621E+02  7.8483E+02
  81301.55  1.9570E+02  7.8279E+02
  81355.76  1.9518E+02  7.8071E+02
  81410.02  1.9468E+02  7.7871E+02
  81464.31  1.9396E+02  7.7584E+02
  81518.63  1.9366E+02  7.7465E+02
  81572.99  1.9316E+02  7.7265E+02
  81627.39  1.9266E+02  7.7063E+02
  81681.83  1.9216E+02  7.6863E+02
  81736.30  1.9164E+02  7.6656E+02
  81790.80  1.9116E+02  7.6462E+02
  81845.35  1.9065E+02  7.6262E+02
  81899.93  1.9016E+02  7.6064E+02
  81954.54  1.8966E+02  7.5866E+02
  82009.20  1.8917E+02  7.5668E+02
  82063.89  1.8867E+02  7.5469E+02
  82118.61  1.8818E+02  7.5272E+02
  82173.37  1.8770E+02  7.5079E+02
  82228.17  1.8721E+02  7.4883E+02
  82283.01  1.8672E+02  7.4688E+02
  82337.88  1.8623E+02  7.4493E+02
  82392.79  1.8575E+02  7.4299E+02
  82447.73  1.8526E+02  7.4105E+02
  82502.72  1.8478E+02  7.3911E+02
  82557.73  1.8430E+02  7.3720E+02
  82612.79  1.8382E+02  7.3528E+02
  82667.88  1.8333E+02  7.3333E+02
  82723.01  1.8286E+02  7.3145E+02
  82778.17  1.8238E+02  7.2952E+02
  82833.38  1.8191E+02  7.2763E+02
  82888.61  1.8144E+02  7.2575E+02
  82943.89  1.8096E+02  7.2386E+02
  82999.20  1.8049E+02  7.2197E+02
  83054.55  1.8002E+02  7.2009E+02
  83109.94  1.7955E+02  7.1821E+02
  83165.36  1.7909E+02  7.1634E+02
  83220.82  1.7862E+02  7.1448E+02
  83276.32  1.7815E+02  7.1262E+02
  83331.85  1.7769E+02  7.1076E+02
  83387.42  1.7723E+02  7.0891E+02
  83443.03  1.7676E+02  7.0705E+02
  83498.68  1.7629E+02  7.0516E+02
  83554.36  1.7584E+02  7.0338E+02
  83610.08  1.7538E+02  7.0154E+02
  83665.84  1.7493E+02  6.9972E+02
  83721.63  1.7447E+02  6.9789E+02
  83777.46  1.7401E+02  6.9605E+02
  83833.33  1.7247E+02  6.8989E+02
  83889.24  1.7311E+02  6.9246E+02
  83945.18  1.7266E+02  6.9064E+02
  84001.16  1.7221E+02  6.8885E+02
  84057.18  1.7176E+02  6.8705E+02
  84113.23  1.7131E+02  6.8524E+02
  84169.32  1.7087E+02  6.8348E+02
  84225.45  1.7043E+02  6.8170E+02
  84281.62  1.6997E+02  6.7989E+02
  84337.83  1.6948E+02  6.7793E+02
  84394.07  1.6910E+02  6.7639E+02
  84450.35  1.6866E+02  6.7462E+02
  84506.66  1.6821E+02  6.7284E+02
  84563.02  1.6768E+02  6.7070E+02
  84619.41  1.6734E+02  6.6934E+02
  84675.84  1.6690E+02  6.6758E+02
  84732.31  1.6646E+02  6.6585E+02
  84788.81  1.6603E+02  6.6410E+02
  84845.36  1.6560E+02  6.6241E+02
  84901.94  1.6520E+02  6.6079E+02
  84958.56  1.6479E+02  6.5914E+02
  85015.21  1.6441E+02  6.5764E+02
  85071.91  1.6402E+02  6.5607E+02
  85128.64  1.6363E+02  6.5451E+02
  85185.41  1.6324E+02  6.5295E+02
  85242.21  1.5946E+02  6.3782E+02
  85299.06  1.6246E+02  6.4984E+02
  85355.94  1.6207E+02  6.4829E+02
  85412.86  1.6168E+02  6.4674E+02
  85469.82  1.6130E+02  6.4521E+02
  85526.82  1.6092E+02  6.4367E+02
  85583.85  1.6053E+02  6.4214E+02
  85640.93  1.6015E+02  6.4061E+02
  85698.04  1.5976E+02  6.3903E+02
  85755.19  1.5939E+02  6.3756E+02
  85812.38  1.5901E+02  6.3604E+02
  85869.60  1.5863E+02  6.3453E+02
  85926.86  1.5826E+02  6.3303E+02
  85984.17  1.5788E+02  6.3153E+02
  86041.51  1.5749E+02  6.2996E+02
  86098.88  1.5713E+02  6.2853E+02
  86156.30  1.5676E+02  6.2703E+02
  86213.76  1.5638E+02  6.2554E+02
  86271.25  1.5602E+02  6.2406E+02
  86328.78  1.5565E+02  6.2258E+02
  86386.35  1.5528E+02  6.2110E+02
  86443.96  1.5446E+02  6.1785E+02
  86501.60  1.5454E+02  6.1818E+02
  86559.29  1.5418E+02  6.1671E+02
  86617.01  1.5381E+02  6.1524E+02
  86674.77  1.5345E+02  6.1380E+02
  86732.58  1.5309E+02  6.1235E+02
  86790.41  1.5272E+02  6.1090E+02
  86848.29  1.5236E+02  6.0945E+02
  86906.21  1.5198E+02  6.0793E+02
  86964.16  1.5165E+02  6.0658E+02
  87022.16  1.5129E+02  6.0515E+02
  87080.19  1.5093E+02  6.0372E+02
  87138.26  1.5058E+02  6.0230E+02
  87196.37  1.5022E+02  6.0088E+02
  87254.52  1.4987E+02  5.9946E+02
  87312.70  1.4951E+02  5.9805E+02
  87370.93  1.4916E+02  5.9665E+02
  87429.20  1.4881E+02  5.9522E+02
  87487.50  1.4846E+02  5.9383E+02
  87545.84  1.4811E+02  5.9243E+02
  87604.22  1.4776E+02  5.9105E+02
  87662.64  1.4742E+02  5.8966E+02
  87721.10  1.4707E+02  5.8826E+02
  87779.60  1.4672E+02  5.8690E+02
  87838.14  1.4638E+02  5.8552E+02
  87896.71  1.4604E+02  5.8414E+02
  87955.33  1.4569E+02  5.8278E+02
  88013.98  1.4535E+02  5.8141E+02
  88072.68  1.4461E+02  5.7843E+02
  88131.41  1.4467E+02  5.7870E+02
  88190.18  1.4433E+02  5.7734E+02
  88248.99  1.4400E+02  5.7599E+02
  88307.84  1.4366E+02  5.7464E+02
  88366.73  1.4333E+02  5.7330E+02
  88425.66  1.4299E+02  5.7196E+02
  88484.63  1.4266E+02  5.7063E+02
  88543.64  1.4232E+02  5.6930E+02
  88602.68  1.4199E+02  5.6796E+02
  88661.77  1.4166E+02  5.6665E+02
  88720.90  1.4133E+02  5.6532E+02
  88780.06  1.4100E+02  5.6399E+02
  88839.27  1.4067E+02  5.6268E+02
  88898.51  1.4035E+02  5.6139E+02
  88957.79  1.4002E+02  5.6009E+02
  89017.12  1.3970E+02  5.5879E+02
  89076.48  1.3936E+02  5.5744E+02
  89135.88  1.3905E+02  5.5620E+02
  89195.32  1.3871E+02  5.5485E+02
  89254.80  1.3841E+02  5.5362E+02
  89314.33  1.3809E+02  5.5234E+02
  89373.89  1.3776E+02  5.5106E+02
  89433.49  1.3745E+02  5.4979E+02
  89493.13  1.3713E+02  5.4852E+02
  89552.81  1.3681E+02  5.4725E+02
  89612.53  1.3650E+02  5.4599E+02
  89672.29  1.3618E+02  5.4473E+02
  89732.09  1.3587E+02  5.4346E+02
  89791.93  1.3555E+02  5.4222E+02
  89851.80  1.3524E+02  5.4095E+02
  89911.72  1.3493E+02  5.3973E+02
  89971.68  1.3462E+02  5.3849E+02
  90031.68  1.3431E+02  5.3725E+02
  90091.72  1.3399E+02  5.3597E+02
  90151.80  1.3370E+02  5.3479E+02
  90211.92  1.3339E+02  5.3356E+02
  90272.08  1.3308E+02  5.3233E+02
  90332.28  1.3277E+02  5.3107E+02
  90392.52  1.3248E+02  5.2990E+02
  90452.80  1.3217E+02  5.2869E+02
  90513.12  1.3187E+02  5.2749E+02
  90573.48  1.3157E+02  5.2628E+02
  90633.88  1.3127E+02  5.2508E+02
  90694.32  1.3097E+02  5.2389E+02
  90754.80  1.3067E+02  5.2269E+02
  90815.32  1.3037E+02  5.2149E+02
  90875.88  1.3008E+02  5.2032E+02
  90936.48  1.2978E+02  5.1912E+02
  90997.13  1.2949E+02  5.1796E+02
  91057.81  1.2916E+02  5.1664E+02
  91118.53  1.2889E+02  5.1557E+02
  91179.30  1.2861E+02  5.1443E+02
  91240.10  1.2832E+02  5.1328E+02
  91300.95  1.2801E+02  5.1205E+02
  91361.83  1.2774E+02  5.1096E+02
  91422.76  1.2745E+02  5.0980E+02
  91483.73  1.2716E+02  5.0864E+02
  91544.73  1.2684E+02  5.0737E+02
  91605.78  1.2660E+02  5.0639E+02
  91666.87  1.2631E+02  5.0525E+02
  91728.00  1.2603E+02  5.0411E+02
  91789.17  1.2574E+02  5.0298E+02
  91850.38  1.2546E+02  5.0185E+02
  91911.63  1.2518E+02  5.0074E+02
  91972.93  1.2491E+02  4.9962E+02
  92034.26  1.2463E+02  4.9851E+02
  92095.63  1.2435E+02  4.9739E+02
  92157.05  1.2404E+02  4.9617E+02
  92218.51  1.2380E+02  4.9519E+02
  92280.00  1.2352E+02  4.9408E+02
  92341.54  1.2325E+02  4.9299E+02
  92403.12  1.2297E+02  4.9190E+02
  92464.74  1.2269E+02  4.9077E+02
  92526.40  1.2243E+02  4.8972E+02
  92588.11  1.2216E+02  4.8863E+02
  92649.85  1.2189E+02  4.8757E+02
  92711.64  1.2162E+02  4.8649E+02
  92773.46  1.2136E+02  4.8543E+02
  92835.33  1.2109E+02  4.8435E+02
  92897.24  1.2082E+02  4.8329E+02
  92959.19  1.2055E+02  4.8221E+02
  93021.18  1.1926E+02  4.7704E+02
  93083.21  1.2003E+02  4.8013E+02
  93145.29  1.1977E+02  4.7909E+02
  93207.40  1.1951E+02  4.7804E+02
  93269.56  1.1925E+02  4.7701E+02
  93331.76  1.1899E+02  4.7595E+02
  93394.00  1.1873E+02  4.7492E+02
  93456.28  1.1848E+02  4.7391E+02
  93518.60  1.1822E+02  4.7289E+02
  93580.97  1.1796E+02  4.7185E+02
  93643.37  1.1771E+02  4.7086E+02
  93705.82  1.1746E+02  4.6983E+02
  93768.31  1.1721E+02  4.6883E+02
  93830.84  1.1689E+02  4.6755E+02
  93893.41  1.1671E+02  4.6684E+02
  93956.03  1.1646E+02  4.6584E+02
  94018.68  1.1621E+02  4.6485E+02
  94081.38  1.1597E+02  4.6386E+02
  94144.12  1.1572E+02  4.6288E+02
  94206.90  1.1547E+02  4.6188E+02
  94269.73  1.1523E+02  4.6092E+02
  94332.59  1.1499E+02  4.5996E+02
  94395.50  1.1475E+02  4.5899E+02
  94458.45  1.1451E+02  4.5803E+02
  94521.44  1.1427E+02  4.5707E+02
  94584.47  1.1403E+02  4.5611E+02
  94647.55  1.1354E+02  4.5416E+02
  94710.66  1.1355E+02  4.5421E+02
  94773.82  1.1332E+02  4.5327E+02
  94837.03  1.1308E+02  4.5234E+02
  94900.27  1.1285E+02  4.5141E+02
  94963.55  1.1261E+02  4.5045E+02
  95026.88  1.1239E+02  4.4955E+02
  95090.25  1.1216E+02  4.4863E+02
  95153.67  1.1191E+02  4.4766E+02
  95217.12  1.1169E+02  4.4677E+02
  95280.62  1.1147E+02  4.4587E+02
  95344.16  1.1122E+02  4.4488E+02
  95407.74  1.1102E+02  4.4408E+02
  95471.36  1.1080E+02  4.4321E+02
  95535.03  1.1058E+02  4.4232E+02
  95598.74  1.1036E+02  4.4143E+02
  95662.49  1.1014E+02  4.4056E+02
  95726.28  1.0991E+02  4.3966E+02
  95790.12  1.0970E+02  4.3881E+02
  95854.00  1.0949E+02  4.3795E+02
  95917.92  1.0927E+02  4.3709E+02
  95981.89  1.0906E+02  4.3622E+02
  96045.89  1.0885E+02  4.3538E+02
  96109.94  1.0863E+02  4.3454E+02
  96174.04  1.0842E+02  4.3369E+02
  96238.17  1.0822E+02  4.3286E+02
  96302.35  1.0801E+02  4.3203E+02
  96366.57  1.0779E+02  4.3115E+02
  96430.83  1.0760E+02  4.3039E+02
  96495.14  1.0739E+02  4.2958E+02
  96559.49  1.0719E+02  4.2874E+02
  96623.88  1.0699E+02  4.2797E+02
  96688.32  1.0679E+02  4.2717E+02
  96752.80  1.0659E+02  4.2636E+02
  96817.32  1.0640E+02  4.2559E+02
  96881.88  1.0620E+02  4.2480E+02
  96946.49  1.0601E+02  4.2403E+02
  97011.14  1.0582E+02  4.2326E+02
  97075.83  1.0563E+02  4.2250E+02
  97140.57  1.0544E+02  4.2174E+02
  97205.35  1.0525E+02  4.2099E+02
  97270.17  1.0505E+02  4.2021E+02
  97335.04  1.0488E+02  4.1951E+02
  97399.95  1.0469E+02  4.1877E+02
  97464.90  9.9316E+01  3.9727E+02
  97529.90  1.0433E+02  4.1733E+02
  97594.94  1.0414E+02  4.1658E+02
  97660.02  1.0398E+02  4.1591E+02
  97725.14  1.0381E+02  4.1522E+02
  97790.31  1.0363E+02  4.1453E+02
  97855.53  1.0346E+02  4.1383E+02
  97920.78  1.0329E+02  4.1317E+02
  97986.08  1.0312E+02  4.1247E+02
  98051.43  1.0296E+02  4.1185E+02
  98116.82  1.0280E+02  4.1119E+02
  98182.25  1.0264E+02  4.1055E+02
  98247.72  1.0247E+02  4.0989E+02
  98313.24  1.0232E+02  4.0929E+02
  98378.80  1.0216E+02  4.0866E+02
  98444.41  1.0200E+02  4.0801E+02
  98510.06  1.0186E+02  4.0746E+02
  98575.75  1.0167E+02  4.0668E+02
  98641.49  1.0157E+02  4.0627E+02
  98707.27  1.0143E+02  4.0570E+02
  98773.09  1.0129E+02  4.0515E+02
  98838.96  1.0115E+02  4.0459E+02
  98904.87  1.0101E+02  4.0404E+02
  98970.83  1.0088E+02  4.0353E+02
  99036.83  1.0075E+02  4.0301E+02
  99102.87  1.0063E+02  4.0250E+02
  99168.96  1.0050E+02  4.0200E+02
  99235.09  1.0037E+02  4.0150E+02
  99301.27  1.0026E+02  4.0105E+02
  99367.49  1.0015E+02  4.0060E+02
  99433.76  1.0003E+02  4.0013E+02
  99500.06  9.9931E+01  3.9972E+02
  99566.42  9.9826E+01  3.9931E+02
  99632.82  9.9725E+01  3.9890E+02
  99699.26  9.9621E+01  3.9848E+02
  99765.74  9.9539E+01  3.9815E+02
  99832.27  9.9451E+01  3.9780E+02
  99898.85  9.9368E+01  3.9747E+02
  99965.47  9.9285E+01  3.9714E+02
 100032.13  9.9215E+01  3.9686E+02
 100098.84  9.9145E+01  3.9658E+02
 100165.59  9.9076E+01  3.9630E+02
 100232.39  9.9023E+01  3.9609E+02
 100299.23  9.8969E+01  3.9588E+02
 100366.12  9.8920E+01  3.9568E+02
 100433.05  9.8882E+01  3.9553E+02
 100500.02  9.8847E+01  3.9539E+02
 100567.04  9.8816E+01  3.9526E+02
 100634.11  9.8798E+01  3.9519E+02
 100701.22  9.5781E+01  3.8312E+02
 100768.37  9.8772E+01  3.9509E+02
 100835.57  9.8783E+01  3.9513E+02
 100902.82  9.8796E+01  3.9518E+02
 100970.10  9.8816E+01  3.9527E+02
 101037.44  9.8812E+01  3.9525E+02
 101104.82  9.8891E+01  3.9557E+02
 101172.24  9.8945E+01  3.9578E+02
 101239.71  9.9006E+01  3.9602E+02
 101307.22  9.9084E+01  3.9634E+02
 101374.78  9.9179E+01  3.9672E+02
 101442.38  9.9284E+01  3.9714E+02
 101510.03  9.9404E+01  3.9762E+02
 101577.73  9.9542E+01  3.9817E+02
 101645.46  9.9702E+01  3.9881E+02
 101713.25  9.9879E+01  3.9951E+02
 101781.08  9.0405E+01  3.6162E+02
 101848.95  1.0029E+02  4.0117E+02
 101916.87  1.0054E+02  4.0217E+02
 101984.84  1.0077E+02  4.0308E+02
 102052.85  1.0112E+02  4.0447E+02
 102120.90  1.0145E+02  4.0581E+02
 102189.00  1.0181E+02  4.0723E+02
 102257.15  1.0223E+02  4.0893E+02
 102325.34  8.3428E+01  3.3371E+02
 102393.58  1.0306E+02  4.1224E+02
 102461.86  9.6567E+01  3.8627E+02
 102530.19  1.0437E+02  4.1749E+02
 102598.56  1.0506E+02  4.2025E+02
 102666.98  1.0580E+02  4.2320E+02
 102735.45  1.0669E+02  4.2675E+02
 102803.96  1.0765E+02  4.3060E+02
 102872.52  1.0813E+02  4.3250E+02
 102941.12  1.0996E+02  4.3984E+02
 103009.77  1.1135E+02  4.4540E+02
 103078.46  9.1301E+01  3.6520E+02
 103147.20  1.1319E+02  4.5275E+02
 103215.99  1.1181E+02  4.4726E+02
 103284.82  1.1270E+02  4.5080E+02
 103353.69  1.1237E+02  4.4949E+02
 103422.62  1.1193E+02  4.4770E+02
 103491.59  1.1180E+02  4.4722E+02
 103560.60  1.1151E+02  4.4605E+02
 103629.66  1.1122E+02  4.4489E+02
 103698.77  1.1091E+02  4.4365E+02
 103767.92  1.1062E+02  4.4247E+02
 103837.12  1.1034E+02  4.4135E+02
 103906.37  1.1005E+02  4.4019E+02
 103975.66  1.0961E+02  4.3845E+02
 104045.00  1.0947E+02  4.3788E+02
 104114.38  1.0918E+02  4.3671E+02
 104183.81  1.0890E+02  4.3558E+02
 104253.29  1.0858E+02  4.3432E+02
 104322.81  1.0830E+02  4.3320E+02
 104392.38  7.8674E+01  3.1470E+02
 104462.00  1.0774E+02  4.3098E+02
 104531.66  1.0746E+02  4.2985E+02
 104601.37  1.0717E+02  4.2866E+02
 104671.12  1.0689E+02  4.2757E+02
 104740.92  1.0661E+02  4.2645E+02
 104810.77  1.0633E+02  4.2532E+02
 104880.67  1.0605E+02  4.2419E+02
 104950.61  1.0577E+02  4.2306E+02
 105020.60  1.0547E+02  4.2188E+02
 105090.63  1.0482E+02  4.1928E+02
 105160.71  1.0493E+02  4.1972E+02
 105230.84  1.0464E+02  4.1858E+02
 105301.02  1.0437E+02  4.1749E+02
 105371.24  1.0407E+02  4.1627E+02
 105441.51  1.0382E+02  4.1529E+02
 105511.82  1.0344E+02  4.1375E+02
 105582.18  1.0313E+02  4.1252E+02
 105652.59  1.0300E+02  4.1199E+02
 105723.05  1.0273E+02  4.1090E+02
 105793.55  1.0242E+02  4.0966E+02
 105864.10  1.0218E+02  4.0871E+02
 105934.70  1.0191E+02  4.0764E+02
 106005.34  1.0164E+02  4.0657E+02
 106076.04  1.0137E+02  4.0547E+02
 106146.77  1.0109E+02  4.0436E+02
 106217.56  1.0084E+02  4.0335E+02
 106288.39  1.0057E+02  4.0228E+02
 106359.27  1.0030E+02  4.0122E+02
 106430.20  1.0004E+02  4.0014E+02
 106501.18  9.9769E+01  3.9908E+02
 106572.20  9.7141E+01  3.8856E+02
 106643.27  9.9245E+01  3.9698E+02
 106714.38  9.8969E+01  3.9587E+02
 106785.55  9.8720E+01  3.9488E+02
 106856.76  9.8454E+01  3.9382E+02
 106928.02  9.8191E+01  3.9276E+02
 106999.33  9.7939E+01  3.9176E+02
 107070.68  9.7674E+01  3.9070E+02
 107142.08  9.7421E+01  3.8968E+02
 107213.53  9.7113E+01  3.8845E+02
 107285.03  9.6905E+01  3.8762E+02
 107356.57  9.6643E+01  3.8657E+02
 107428.17  9.6392E+01  3.8557E+02
 107499.81  9.6129E+01  3.8451E+02
 107571.49  9.5777E+01  3.8311E+02
 107643.23  9.5625E+01  3.8250E+02
 107715.01  9.5287E+01  3.8115E+02
 107786.85  9.5122E+01  3.8049E+02
 107858.73  9.4866E+01  3.7946E+02
 107930.65  9.4618E+01  3.7847E+02
 108002.63  9.4359E+01  3.7744E+02
 108074.65  9.4058E+01  3.7623E+02
 108146.72  8.3901E+01  3.3560E+02
 108218.84  9.3620E+01  3.7448E+02
 108291.01  9.3372E+01  3.7349E+02
 108363.23  9.3125E+01  3.7250E+02
 108435.49  9.1413E+01  3.6565E+02
 108507.80  9.2539E+01  3.7016E+02
 108580.16  9.2385E+01  3.6954E+02
 108652.57  9.2141E+01  3.6856E+02
 108725.03  9.1856E+01  3.6742E+02
 108797.53  9.1654E+01  3.6661E+02
 108870.09  9.1374E+01  3.6550E+02
 108942.69  8.9591E+01  3.5836E+02
 109015.34  9.0923E+01  3.6369E+02
 109088.04  9.0186E+01  3.6074E+02
 109160.78  9.0419E+01  3.6168E+02
 109233.58  9.0193E+01  3.6077E+02
 109306.42  8.9967E+01  3.5987E+02
 109379.32  8.9721E+01  3.5888E+02
 109452.26  8.9488E+01  3.5795E+02
 109525.25  8.9254E+01  3.5702E+02
 109598.29  8.9011E+01  3.5604E+02
 109671.37  8.8772E+01  3.5509E+02
 109744.51  8.8543E+01  3.5417E+02
 109817.69  8.8312E+01  3.5325E+02
 109890.93  8.8073E+01  3.5229E+02
 109964.21  8.7347E+01  3.4939E+02
 110037.54  8.7530E+01  3.5012E+02
 110110.92  8.7379E+01  3.4952E+02
 110184.35  8.7083E+01  3.4833E+02
 110257.83  8.6912E+01  3.4765E+02
 110331.36  8.6660E+01  3.4664E+02
 110404.93  8.2890E+01  3.3156E+02
 110478.56  8.4936E+01  3.3974E+02
 110552.23  8.5977E+01  3.4391E+02
 110625.96  8.5764E+01  3.4306E+02
 110699.73  6.8118E+01  2.7247E+02
 110773.55  8.5316E+01  3.4126E+02
 110847.42  6.7318E+01  2.6927E+02
 110921.34  8.4864E+01  3.3946E+02
 110995.31  8.4640E+01  3.3856E+02
 111069.33  8.4415E+01  3.3766E+02
 111143.40  8.4177E+01  3.3671E+02
 111217.52  8.3532E+01  3.3413E+02
 111291.69  8.3582E+01  3.3433E+02
 111365.90  8.3522E+01  3.3409E+02
 111440.17  8.3301E+01  3.3320E+02
 111514.49  8.3077E+01  3.3231E+02
 111588.85  8.2855E+01  3.3142E+02
 111663.27  8.2618E+01  3.3047E+02
 111737.73  8.2409E+01  3.2964E+02
 111812.24  6.6855E+01  2.6742E+02
 111886.81  8.1976E+01  3.2790E+02
 111961.42  8.1757E+01  3.2703E+02
 112036.08  8.1547E+01  3.2619E+02
 112110.80  8.1331E+01  3.2532E+02
 112185.56  8.1118E+01  3.2447E+02
 112260.37  8.0904E+01  3.2362E+02
 112335.24  8.0659E+01  3.2264E+02
 112410.15  8.0475E+01  3.2190E+02
 112485.11  8.0113E+01  3.2045E+02
 112560.12  7.9684E+01  3.1874E+02
 112635.19  7.9837E+01  3.1935E+02
 112710.30  7.9623E+01  3.1849E+02
 112785.46  7.9413E+01  3.1765E+02
 112860.68  7.9204E+01  3.1682E+02
 112935.94  7.8979E+01  3.1591E+02
 113011.25  7.8785E+01  3.1514E+02
 113086.61  7.8576E+01  3.1430E+02
 113162.03  7.8356E+01  3.1342E+02
 113237.49  7.8158E+01  3.1263E+02
 113313.01  7.7937E+01  3.1175E+02
 113388.57  7.7737E+01  3.1095E+02
 113464.19  7.7537E+01  3.1015E+02
 113539.85  7.7187E+01  3.0875E+02
 113615.57  7.7127E+01  3.0851E+02
 113691.33  7.6916E+01  3.0766E+02
 113767.15  7.6717E+01  3.0687E+02
 113843.02  7.6499E+01  3.0600E+02
 113918.94  7.6293E+01  3.0517E+02
 113994.91  7.6105E+01  3.0442E+02
 114070.93  7.5908E+01  3.0363E+02
 114147.00  7.3696E+01  2.9479E+02
 114223.12  7.5506E+01  3.0203E+02
 114299.29  7.5303E+01  3.0121E+02
 114375.51  7.5083E+01  3.0033E+02
 114451.78  7.4898E+01  2.9959E+02
 114528.11  7.4678E+01  2.9871E+02
 114604.48  7.4506E+01  2.9802E+02
 114680.91  7.4312E+01  2.9725E+02
 114757.39  7.4113E+01  2.9645E+02
 114833.91  7.3918E+01  2.9567E+02
 114910.49  7.3601E+01  2.9440E+02
 114987.12  7.3526E+01  2.9410E+02
 115063.80  7.3328E+01  2.9331E+02
 115140.54  7.0257E+01  2.8103E+02
 115217.32  7.2943E+01  2.9177E+02
 115294.15  7.2746E+01  2.9099E+02
 115371.04  7.2557E+01  2.9023E+02
 115447.98  7.2360E+01  2.8944E+02
 115524.96  5.6986E+01  2.2795E+02
 115602.00  7.1981E+01  2.8792E+02
 115679.10  7.1766E+01  2.8706E+02
 115756.24  7.1598E+01  2.8639E+02
 115833.43  7.1409E+01  2.8564E+02
 115910.68  7.1214E+01  2.8486E+02
 115987.97  7.1030E+01  2.8412E+02
 116065.32  7.0621E+01  2.8248E+02
 116142.72  5.1129E+01  2.0451E+02
 116220.17  7.0463E+01  2.8185E+02
 116297.68  7.0266E+01  2.8106E+02
 116375.23  7.0092E+01  2.8037E+02
 116452.84  6.9904E+01  2.7962E+02
 116530.50  6.9715E+01  2.7886E+02
 116608.21  6.9536E+01  2.7814E+02
 116685.97  6.9084E+01  2.7634E+02
 116763.78  6.9167E+01  2.7667E+02
 116841.65  6.8984E+01  2.7594E+02
 116919.57  6.8800E+01  2.7520E+02
 116997.54  6.8616E+01  2.7446E+02
 117075.56  6.8434E+01  2.7374E+02
 117153.63  6.8255E+01  2.7302E+02
 117231.76  6.8074E+01  2.7230E+02
 117309.94  6.7890E+01  2.7156E+02
 117388.17  6.7708E+01  2.7083E+02
 117466.45  6.7531E+01  2.7013E+02
 117544.78  6.7353E+01  2.6941E+02
 117623.17  6.7175E+01  2.6870E+02
 117701.61  6.6120E+01  2.6448E+02
 117780.10  6.6816E+01  2.6726E+02
 117858.65  6.6639E+01  2.6656E+02
 117937.24  6.6434E+01  2.6574E+02
 118015.89  6.6282E+01  2.6513E+02
 118094.59  6.6110E+01  2.6444E+02
 118173.34  4.7961E+01  1.9185E+02
 118252.15  6.5744E+01  2.6298E+02
 118331.01  6.3802E+01  2.5521E+02
 118409.92  6.5412E+01  2.6165E+02
 118488.88  6.3212E+01  2.5285E+02
 118567.90  6.4994E+01  2.5998E+02
 118646.97  6.4891E+01  2.5956E+02
 118726.09  6.4718E+01  2.5887E+02
 118805.26  6.4496E+01  2.5798E+02
 118884.49  6.4376E+01  2.5750E+02
 118963.77  6.4205E+01  2.5682E+02
 119043.10  6.4024E+01  2.5610E+02
 119122.49  6.3703E+01  2.5481E+02
 119201.93  6.3696E+01  2.5479E+02
 119281.42  6.3526E+01  2.5410E+02
 119360.97  6.3355E+01  2.5342E+02
 119440.56  6.3173E+01  2.5269E+02
 119520.21  6.3021E+01  2.5208E+02
 119599.92  6.2253E+01  2.4901E+02
 119679.68  6.2682E+01  2.5073E+02
 119759.49  6.2521E+01  2.5008E+02
 119839.35  6.1841E+01  2.4736E+02
 119919.27  6.2120E+01  2.4848E+02
 119999.24  6.2017E+01  2.4807E+02
 120079.26  6.1860E+01  2.4744E+02
 120159.34  6.1693E+01  2.4677E+02
 120239.47  6.1519E+01  2.4608E+02
 120319.65  6.1366E+01  2.4546E+02
 120399.89  6.1205E+01  2.4482E+02
 120480.18  6.1043E+01  2.4417E+02
 120560.52  6.0838E+01  2.4335E+02
 120640.92  6.0717E+01  2.4287E+02
 120721.37  5.2014E+01  2.0806E+02
 120801.88  5.1474E+01  2.0590E+02
 120882.44  5.6452E+01  2.2581E+02
 120963.05  6.0032E+01  2.4013E+02
 121043.71  5.9639E+01  2.3855E+02
 121124.44  5.9691E+01  2.3876E+02
 121205.21  5.9599E+01  2.3840E+02
 121286.04  5.9440E+01  2.3776E+02
 121366.92  5.9164E+01  2.3665E+02
 121447.85  5.9044E+01  2.3617E+02
 121528.84  5.8967E+01  2.3587E+02
 121609.89  5.8790E+01  2.3516E+02
 121690.98  5.8655E+01  2.3462E+02
 121772.14  5.8486E+01  2.3394E+02
 121853.34  5.8344E+01  2.3337E+02
 121934.60  5.8173E+01  2.3269E+02
 122015.92  5.8021E+01  2.3208E+02
 122097.28  5.7860E+01  2.3144E+02
 122178.71  5.7714E+01  2.3085E+02
 122260.18  5.7572E+01  2.3029E+02
 122341.72  5.7420E+01  2.2968E+02
 122423.30  5.7267E+01  2.2907E+02
 122504.94  5.7115E+01  2.2846E+02
 122586.64  5.6963E+01  2.2785E+02
 122668.38  5.6810E+01  2.2724E+02
 122750.19  5.6604E+01  2.2641E+02
 122832.05  5.6485E+01  2.2594E+02
 122913.96  5.6356E+01  2.2542E+02
 122995.93  5.6208E+01  2.2483E+02
 123077.95  5.6056E+01  2.2423E+02
 123160.02  5.5901E+01  2.2360E+02
 123242.16  5.2177E+01  2.0871E+02
 123324.34  5.5612E+01  2.2245E+02
 123406.58  4.6754E+01  1.8702E+02
 123488.88  5.5319E+01  2.2128E+02
 123571.23  5.5169E+01  2.2068E+02
 123653.63  5.5006E+01  2.2002E+02
 123736.09  5.4832E+01  2.1933E+02
 123818.61  5.4668E+01  2.1867E+02
 123901.18  5.4586E+01  2.1834E+02
 123983.81  5.4373E+01  2.1749E+02
 124066.49  5.4297E+01  2.1719E+02
 124149.22  5.3985E+01  2.1594E+02
 124232.01  5.4007E+01  2.1603E+02
 124314.86  5.3866E+01  2.1547E+02
 124397.76  3.7181E+01  1.4872E+02
 124480.72  5.3582E+01  2.1433E+02
 124563.73  5.3426E+01  2.1370E+02
 124646.80  5.3298E+01  2.1319E+02
 124729.92  5.3150E+01  2.1260E+02
 124813.10  5.3005E+01  2.1202E+02
 124896.33  5.2874E+01  2.1150E+02
 124979.62  5.2730E+01  2.1092E+02
 125062.97  5.2593E+01  2.1037E+02
 125146.37  5.2452E+01  2.0981E+02
 125229.82  5.2313E+01  2.0925E+02
 125313.33  4.5665E+01  1.8266E+02
 125396.90  5.2035E+01  2.0814E+02
 125480.52  5.1777E+01  2.0711E+02
 125564.20  5.1567E+01  2.0627E+02
 125647.94  5.0674E+01  2.0270E+02
 125731.73  5.1483E+01  2.0593E+02
 125815.57  5.1348E+01  2.0539E+02
 125899.48  5.1207E+01  2.0483E+02
 125983.43  5.1074E+01  2.0430E+02
 126067.45  5.0939E+01  2.0376E+02
 126151.52  5.0803E+01  2.0321E+02
 126235.65  5.0639E+01  2.0256E+02
 126319.83  5.0530E+01  2.0212E+02
 126404.07  5.0362E+01  2.0145E+02
 126488.36  5.0259E+01  2.0103E+02
 126572.71  3.6031E+01  1.4412E+02
 126657.12  4.9997E+01  1.9999E+02
 126741.58  4.9863E+01  1.9945E+02
 126826.10  4.9731E+01  1.9892E+02
 126910.68  4.9600E+01  1.9840E+02
 126995.31  4.9402E+01  1.9761E+02
 127080.00  4.9339E+01  1.9736E+02
 127164.74  4.9208E+01  1.9683E+02
 127249.55  4.8064E+01  1.9225E+02
 127334.41  4.8946E+01  1.9579E+02
 127419.32  4.8815E+01  1.9526E+02
 127504.29  4.8687E+01  1.9475E+02
 127589.32  4.8543E+01  1.9417E+02
 127674.41  4.8431E+01  1.9372E+02
 127759.55  4.8297E+01  1.9319E+02
 127844.75  4.8172E+01  1.9269E+02
 127930.00  4.8044E+01  1.9218E+02
 128015.31  4.7915E+01  1.9166E+02
 128100.68  4.7700E+01  1.9080E+02
 128186.11  4.7663E+01  1.9065E+02
 128271.59  4.7538E+01  1.9015E+02
 128357.13  4.6894E+01  1.8758E+02
 128442.73  4.6886E+01  1.8754E+02
 128528.38  4.7161E+01  1.8865E+02
 128614.09  4.7037E+01  1.8815E+02
 128699.86  4.4517E+01  1.7807E+02
 128785.69  4.6788E+01  1.8715E+02
 128871.57  4.6664E+01  1.8666E+02
 128957.51  4.6537E+01  1.8615E+02
 129043.51  4.6413E+01  1.8565E+02
 129129.56  4.6295E+01  1.8518E+02
 129215.68  3.7380E+01  1.4952E+02
 129301.85  4.6045E+01  1.8418E+02
 129388.07  4.5925E+01  1.8370E+02
 129474.36  4.5805E+01  1.8322E+02
 129560.70  4.3392E+01  1.7357E+02
 129647.10  4.5563E+01  1.8225E+02
 129733.56  4.5442E+01  1.8177E+02
 129820.07  4.5322E+01  1.8129E+02
 129906.64  4.5199E+01  1.8080E+02
 129993.27  4.5081E+01  1.8032E+02
 130079.96  4.4961E+01  1.7984E+02
 130166.71  4.4835E+01  1.7934E+02
 130253.51  4.4724E+01  1.7890E+02
 130340.37  4.4580E+01  1.7832E+02
 130427.29  4.4487E+01  1.7795E+02
 130514.27  4.4367E+01  1.7747E+02
 130601.31  4.4251E+01  1.7700E+02
 130688.40  4.4108E+01  1.7643E+02
 130775.55  4.3990E+01  1.7596E+02
 130862.76  4.3901E+01  1.7560E+02
 130950.03  4.3783E+01  1.7513E+02
 131037.36  4.3594E+01  1.7438E+02
 131124.74  4.3548E+01  1.7419E+02
 131212.18  4.3437E+01  1.7375E+02
 131299.69  4.3322E+01  1.7329E+02
 131387.24  4.3052E+01  1.7221E+02
 131474.86  4.3013E+01  1.7205E+02
 131562.54  4.2960E+01  1.7184E+02
 131650.27  4.2861E+01  1.7144E+02
 131738.07  4.2743E+01  1.7097E+02
 131825.92  4.2633E+01  1.7053E+02
 131913.83  4.2511E+01  1.7004E+02
 132001.80  4.2410E+01  1.6964E+02
 132089.83  4.2297E+01  1.6919E+02
 132177.91  4.2186E+01  1.6874E+02
 132266.06  4.2075E+01  1.6830E+02
 132354.26  4.1962E+01  1.6785E+02
 132442.52  4.1852E+01  1.6741E+02
 132530.84  4.1739E+01  1.6695E+02
 132619.22  4.1511E+01  1.6604E+02
 132707.66  4.1517E+01  1.6607E+02
 132796.16  4.1391E+01  1.6556E+02
 132884.72  3.6692E+01  1.4677E+02
 132973.34  4.1189E+01  1.6476E+02
 133062.01  4.1081E+01  1.6432E+02
 133150.75  4.0969E+01  1.6388E+02
 133239.54  4.0758E+01  1.6303E+02
 133328.39  4.0749E+01  1.6300E+02
 133417.31  4.0647E+01  1.6259E+02
 133506.28  4.0532E+01  1.6213E+02
 133595.31  4.0431E+01  1.6173E+02
 133684.40  4.0321E+01  1.6128E+02
 133773.55  4.0217E+01  1.6087E+02
 133862.76  4.0111E+01  1.6044E+02
 133952.03  4.0002E+01  1.6001E+02
 134041.35  3.9898E+01  1.5959E+02
 134130.74  3.9792E+01  1.5917E+02
 134220.19  3.9685E+01  1.5874E+02
 134309.70  3.9578E+01  1.5831E+02
 134399.26  3.9476E+01  1.5790E+02
 134488.89  3.9370E+01  1.5748E+02
 134578.57  3.9266E+01  1.5707E+02
 134668.32  3.9162E+01  1.5665E+02
 134758.13  3.8738E+01  1.5495E+02
 134847.99  3.8953E+01  1.5581E+02
 134937.92  3.8852E+01  1.5541E+02
 135027.90  3.8747E+01  1.5499E+02
 135117.95  3.8645E+01  1.5458E+02
 135208.05  3.8544E+01  1.5418E+02
 135298.22  3.8441E+01  1.5376E+02
 135388.45  3.8337E+01  1.5335E+02
 135478.73  3.7444E+01  1.4978E+02
 135569.08  3.8135E+01  1.5254E+02
 135659.49  3.8035E+01  1.5214E+02
 135749.95  3.7929E+01  1.5172E+02
 135840.48  3.7833E+01  1.5133E+02
 135931.07  3.7733E+01  1.5093E+02
 136021.71  3.7632E+01  1.5053E+02
 136112.42  3.7529E+01  1.5012E+02
 136203.19  3.7433E+01  1.4973E+02
 136294.02  3.7324E+01  1.4929E+02
 136384.91  3.7235E+01  1.4894E+02
 136475.86  3.7136E+01  1.4854E+02
 136566.87  3.7000E+01  1.4800E+02
 136657.94  3.6939E+01  1.4776E+02
 136749.08  3.6841E+01  1.4736E+02
 136840.27  3.6683E+01  1.4673E+02
 136931.53  3.6646E+01  1.4658E+02
 137022.84  3.6548E+01  1.4619E+02
 137114.22  3.6451E+01  1.4580E+02
 137205.65  3.6355E+01  1.4542E+02
 137297.15  3.6254E+01  1.4502E+02
 137388.71  3.6161E+01  1.4464E+02
 137480.33  3.6065E+01  1.4426E+02
 137572.01  3.5965E+01  1.4386E+02
 137663.75  3.5854E+01  1.4342E+02
 137755.56  3.5777E+01  1.4311E+02
 137847.42  3.5684E+01  1.4273E+02
 137939.35  3.5588E+01  1.4235E+02
 138031.33  3.5494E+01  1.4198E+02
 138123.38  3.5400E+01  1.4160E+02
 138215.49  3.5306E+01  1.4122E+02
 138307.66  3.5213E+01  1.4085E+02
 138399.90  3.5120E+01  1.4048E+02
 138492.19  3.5024E+01  1.4009E+02
 138584.55  3.4915E+01  1.3966E+02
 138676.96  3.4840E+01  1.3936E+02
 138769.44  3.4747E+01  1.3899E+02
 138861.98  3.4637E+01  1.3855E+02
 138954.59  3.4561E+01  1.3824E+02
 139047.25  3.4471E+01  1.3788E+02
 139139.98  3.1724E+01  1.2690E+02
 139232.76  3.4289E+01  1.3716E+02
 139325.61  3.4197E+01  1.3679E+02
 139418.53  3.4093E+01  1.3637E+02
 139511.50  3.4012E+01  1.3605E+02
 139604.53  3.3920E+01  1.3568E+02
 139697.63  3.3493E+01  1.3397E+02
 139790.79  3.3744E+01  1.3498E+02
 139884.01  3.3654E+01  1.3462E+02
 139977.30  3.3563E+01  1.3425E+02
 140070.64  3.3438E+01  1.3375E+02
 140164.05  3.3165E+01  1.3266E+02
 140257.52  3.3299E+01  1.3320E+02
 140351.06  3.3212E+01  1.3285E+02
 140444.65  2.2337E+01  8.9347E+01
 140538.31  3.3034E+01  1.3214E+02
 140632.03  3.2948E+01  1.3179E+02
 140725.81  3.2858E+01  1.3143E+02
 140819.66  2.5310E+01  1.0124E+02
 140913.57  3.2686E+01  1.3074E+02
 141007.54  3.2599E+01  1.3039E+02
 141101.57  2.2247E+01  8.8988E+01
 141195.67  3.2427E+01  1.2971E+02
 141289.82  3.2340E+01  1.2936E+02
 141384.05  3.2255E+01  1.2902E+02
 141478.33  3.2169E+01  1.2868E+02
 141572.68  3.2083E+01  1.2833E+02
 141667.09  3.1998E+01  1.2799E+02
 141761.56  3.1912E+01  1.2765E+02
 141856.10  3.1827E+01  1.2731E+02
 141950.70  3.1742E+01  1.2697E+02
 142045.36  3.1592E+01  1.2637E+02
 142140.08  3.1575E+01  1.2630E+02
 142234.87  3.1491E+01  1.2596E+02
 142329.72  3.1407E+01  1.2563E+02
 142424.64  3.1324E+01  1.2530E+02
 142519.62  3.1241E+01  1.2496E+02
 142614.66  3.1159E+01  1.2463E+02
 142709.76  3.1075E+01  1.2430E+02
 142804.93  3.0992E+01  1.2397E+02
 142900.16  3.0873E+01  1.2349E+02
 142995.46  3.0829E+01  1.2331E+02
 143090.82  3.0741E+01  1.2297E+02
 143186.24  3.0665E+01  1.2266E+02
 143281.73  3.0582E+01  1.2233E+02
 143377.28  3.0497E+01  1.2199E+02
 143472.89  3.0398E+01  1.2159E+02
 143568.57  3.0309E+01  1.2124E+02
 143664.31  3.0238E+01  1.2095E+02
 143760.11  3.0177E+01  1.2071E+02
 143855.98  3.0099E+01  1.2039E+02
 143951.91  3.0014E+01  1.2005E+02
 144047.91  2.9939E+01  1.1976E+02
 144143.97  2.9857E+01  1.1943E+02
 144240.10  2.9780E+01  1.1912E+02
 144336.29  2.9691E+01  1.1876E+02
 144432.54  2.9620E+01  1.1848E+02
 144528.86  2.9544E+01  1.1817E+02
 144625.24  2.9465E+01  1.1786E+02
 144721.68  2.9385E+01  1.1754E+02
 144818.19  2.9308E+01  1.1723E+02
 144914.77  2.8937E+01  1.1575E+02
 145011.41  2.9153E+01  1.1661E+02
 145108.11  2.9018E+01  1.1607E+02
 145204.88  2.9000E+01  1.1600E+02
 145301.71  2.8938E+01  1.1575E+02
 145398.61  2.8874E+01  1.1549E+02
 145495.57  2.8806E+01  1.1523E+02
 145592.59  2.8745E+01  1.1498E+02
 145689.69  2.8679E+01  1.1472E+02
 145786.84  2.8610E+01  1.1444E+02
 145884.06  2.8550E+01  1.1420E+02
 145981.35  2.8486E+01  1.1394E+02
 146078.70  2.8422E+01  1.1369E+02
 146176.11  2.8355E+01  1.1342E+02
 146273.59  2.8294E+01  1.1318E+02
 146371.14  2.8230E+01  1.1292E+02
 146468.75  2.8167E+01  1.1267E+02
 146566.42  2.8098E+01  1.1239E+02
 146664.16  2.8041E+01  1.1216E+02
 146761.97  2.7974E+01  1.1189E+02
 146859.84  2.7915E+01  1.1166E+02
 146957.77  2.7852E+01  1.1141E+02
 147055.78  2.7790E+01  1.1116E+02
 147153.84  2.7727E+01  1.1091E+02
 147251.97  2.7264E+01  1.0906E+02
 147350.17  2.7218E+01  1.0887E+02
 147448.43  2.7536E+01  1.1014E+02
 147546.76  2.7457E+01  1.0983E+02
 147645.16  2.7418E+01  1.0967E+02
 147743.62  2.7356E+01  1.0942E+02
 147842.14  2.7265E+01  1.0906E+02
 147940.73  2.7234E+01  1.0894E+02
 148039.39  2.7173E+01  1.0869E+02
 148138.11  2.7114E+01  1.0846E+02
 148236.90  2.7053E+01  1.0821E+02
 148335.75  2.6993E+01  1.0797E+02
 148434.67  2.6929E+01  1.0771E+02
 148533.66  2.6870E+01  1.0748E+02
 148632.71  2.6813E+01  1.0725E+02
 148731.83  2.6742E+01  1.0697E+02
 148831.02  2.6627E+01  1.0651E+02
 148930.27  2.6444E+01  1.0578E+02
 149029.58  2.6551E+01  1.0620E+02
 149128.97  2.6517E+01  1.0607E+02
 149228.41  2.6449E+01  1.0580E+02
 149327.93  2.6399E+01  1.0559E+02
 149427.51  2.6340E+01  1.0536E+02
 149527.16  2.6281E+01  1.0513E+02
 149626.87  2.6223E+01  1.0489E+02
 149726.66  2.6167E+01  1.0467E+02
 149826.50  2.6087E+01  1.0435E+02
 149926.42  2.6051E+01  1.0420E+02
 150026.40  2.5994E+01  1.0397E+02
 150126.45  2.5936E+01  1.0375E+02
 150226.56  2.5275E+01  1.0110E+02
 150326.74  2.5822E+01  1.0329E+02
 150426.99  2.5765E+01  1.0306E+02
 150527.30  2.5708E+01  1.0283E+02
 150627.69  2.5648E+01  1.0259E+02
 150728.14  2.5595E+01  1.0238E+02
 150828.65  2.5539E+01  1.0216E+02
 150929.23  2.5442E+01  1.0177E+02
 151029.88  2.5426E+01  1.0171E+02
 151130.60  2.5370E+01  1.0148E+02
 151231.38  2.5296E+01  1.0118E+02
 151332.23  2.5261E+01  1.0104E+02
 151433.15  2.5206E+01  1.0082E+02
 151534.14  2.5150E+01  1.0060E+02
 151635.19  2.5094E+01  1.0037E+02
 151736.31  2.5041E+01  1.0016E+02
 151837.50  2.4985E+01  9.9942E+01
 151938.76  2.4932E+01  9.9727E+01
 152040.08  2.4877E+01  9.9509E+01
 152141.47  2.4820E+01  9.9280E+01
 152242.93  2.4769E+01  9.9076E+01
 152344.45  2.4713E+01  9.8853E+01
 152446.05  2.4646E+01  9.8585E+01
 152547.71  2.4607E+01  9.8427E+01
 152649.44  2.4544E+01  9.8178E+01
 152751.23  2.4381E+01  9.7525E+01
 152853.10  2.4320E+01  9.7282E+01
 152955.03  2.4395E+01  9.7581E+01
 153057.03  2.4343E+01  9.7372E+01
 153159.10  2.4291E+01  9.7163E+01
 153261.24  2.4239E+01  9.6954E+01
 153363.44  2.4180E+01  9.6719E+01
 153465.71  2.4130E+01  9.6521E+01
 153568.06  2.4083E+01  9.6332E+01
 153670.47  2.4030E+01  9.6122E+01
 153772.94  2.3972E+01  9.5889E+01
 153875.49  2.3929E+01  9.5714E+01
 153978.10  2.3877E+01  9.5506E+01
 154080.79  2.3826E+01  9.5305E+01
 154183.54  2.3766E+01  9.5066E+01
 154286.36  2.3726E+01  9.4902E+01
 154389.25  2.3591E+01  9.4363E+01
 154492.20  2.3597E+01  9.4389E+01
 154595.23  2.3573E+01  9.4293E+01
 154698.32  2.3525E+01  9.4102E+01
 154801.49  2.3475E+01  9.3902E+01
 154904.72  2.3426E+01  9.3703E+01
 155008.02  2.3329E+01  9.3316E+01
 155111.39  2.3328E+01  9.3311E+01
 155214.83  2.3276E+01  9.3105E+01
 155318.33  2.3231E+01  9.2926E+01
 155421.91  2.3119E+01  9.2475E+01
 155525.56  2.3137E+01  9.2546E+01
 155629.27  2.3072E+01  9.2287E+01
 155733.06  2.3044E+01  9.2177E+01
 155836.91  2.2995E+01  9.1979E+01
 155940.83  2.2953E+01  9.1812E+01
 156044.82  1.9034E+01  7.6135E+01
 156148.88  2.2808E+01  9.1233E+01
 156253.01  2.2818E+01  9.1274E+01
 156357.21  2.2767E+01  9.1067E+01
 156461.48  2.2734E+01  9.0935E+01
 156565.82  2.2698E+01  9.0790E+01
 156670.23  2.2653E+01  9.0612E+01
 156774.71  2.2547E+01  9.0190E+01
 156879.26  2.2656E+01  9.0623E+01
 156983.88  2.2537E+01  9.0148E+01
 157088.56  2.2300E+01  8.9199E+01
 157193.32  2.2546E+01  9.0182E+01
 157298.15  2.2488E+01  8.9951E+01
 157403.04  2.2426E+01  8.9705E+01
 157508.01  2.2382E+01  8.9528E+01
 157613.05  2.2198E+01  8.8791E+01
 157718.15  2.2261E+01  8.9044E+01
 157823.33  2.2104E+01  8.8415E+01
 157928.58  2.1376E+01  8.5505E+01
 158033.90  2.1915E+01  8.7661E+01
 158139.28  2.2035E+01  8.8141E+01
 158244.74  1.8639E+01  7.4558E+01
 158350.27  2.1839E+01  8.7357E+01
 158455.87  2.1685E+01  8.6741E+01
 158561.54  1.9960E+01  7.9841E+01
 158667.28  2.1700E+01  8.6798E+01
 158773.09  2.1645E+01  8.6582E+01
 158878.97  2.1591E+01  8.6365E+01
 158984.92  2.1496E+01  8.5985E+01
 159090.94  2.1406E+01  8.5625E+01
 159197.03  2.1046E+01  8.4185E+01
 159303.19  2.1364E+01  8.5456E+01
 159409.43  2.1346E+01  8.5384E+01
 159515.73  2.1270E+01  8.5079E+01
 159622.11  2.1205E+01  8.4819E+01
 159728.56  2.1153E+01  8.4611E+01
 159835.07  2.1119E+01  8.4478E+01
 159941.66  2.0967E+01  8.3869E+01
 160048.32  2.0999E+01  8.3998E+01
 160155.05  2.0943E+01  8.3773E+01
 160261.86  2.0896E+01  8.3582E+01
 160368.73  2.0834E+01  8.3336E+01
 160475.67  2.0759E+01  8.3036E+01
 160582.69  2.0718E+01  8.2871E+01
 160689.78  2.0516E+01  8.2065E+01
 160796.93  2.0580E+01  8.2319E+01
 160904.17  2.0126E+01  8.0503E+01
 161011.47  2.0404E+01  8.1618E+01
 161118.84  2.0309E+01  8.1236E+01
 161226.28  2.0354E+01  8.1417E+01
 161333.80  2.0103E+01  8.0411E+01
 161441.39  2.0150E+01  8.0602E+01
 161549.05  1.9981E+01  7.9923E+01
 161656.78  2.0063E+01  8.0250E+01
 161764.58  2.0065E+01  8.0260E+01
 161872.46  2.0073E+01  8.0293E+01
 161980.41  2.0021E+01  8.0082E+01
 162088.43  1.9828E+01  7.9314E+01
 162196.52  1.9848E+01  7.9393E+01
 162304.68  1.9804E+01  7.9216E+01
 162412.92  1.9789E+01  7.9157E+01
 162521.22  1.9100E+01  7.6399E+01
 162629.60  1.9706E+01  7.8824E+01
 162738.06  1.9626E+01  7.8503E+01
 162846.58  1.9099E+01  7.6396E+01
 162955.18  1.9519E+01  7.8075E+01
 163063.85  1.9478E+01  7.7912E+01
 163172.59  1.9263E+01  7.7053E+01
 163281.40  1.9385E+01  7.7541E+01
 163390.29  1.9341E+01  7.7366E+01
 163499.25  1.9290E+01  7.7160E+01
 163608.28  1.9176E+01  7.6704E+01
 163717.39  1.9130E+01  7.6518E+01
 163826.57  1.8822E+01  7.5287E+01
 163935.82  1.9086E+01  7.6343E+01
 164045.14  1.8970E+01  7.5880E+01
 164154.54  1.8952E+01  7.5806E+01
 164264.00  1.8720E+01  7.4880E+01
 164373.55  1.8794E+01  7.5176E+01
 164483.16  1.8809E+01  7.5236E+01
 164592.85  1.8600E+01  7.4402E+01
 164702.61  1.8533E+01  7.4134E+01
 164812.45  1.8670E+01  7.4679E+01
 164922.35  1.8619E+01  7.4477E+01
 165032.34  1.8564E+01  7.4257E+01
 165142.39  1.8512E+01  7.4048E+01
 165252.52  1.8445E+01  7.3781E+01
 165362.72  1.8416E+01  7.3665E+01
 165472.99  1.8151E+01  7.2603E+01
 165583.34  1.8333E+01  7.3332E+01
 165693.76  1.8111E+01  7.2443E+01
 165804.26  1.4266E+01  5.7064E+01
 165914.83  1.8174E+01  7.2696E+01
 166025.47  1.8122E+01  7.2489E+01
 166136.19  1.8093E+01  7.2374E+01
 166246.98  1.4659E+01  5.8635E+01
 166357.85  1.7968E+01  7.1874E+01
 166468.78  1.7939E+01  7.1756E+01
 166579.80  1.7745E+01  7.0979E+01
 166690.88  1.7847E+01  7.1387E+01
 166802.04  1.7756E+01  7.1025E+01
 166913.28  1.6176E+01  6.4704E+01
 167024.59  1.7717E+01  7.0869E+01
 167135.97  1.7665E+01  7.0660E+01
 167247.43  1.7194E+01  6.8776E+01
 167358.96  1.7423E+01  6.9693E+01
 167470.57  1.7516E+01  7.0063E+01
 167582.25  1.7474E+01  6.9895E+01
 167694.00  1.7435E+01  6.9739E+01
 167805.83  1.7392E+01  6.9569E+01
 167917.73  1.7332E+01  6.9329E+01
 168029.71  1.7214E+01  6.8854E+01
 168141.77  1.6974E+01  6.7896E+01
 168253.89  1.7179E+01  6.8715E+01
 168366.10  1.7103E+01  6.8413E+01
 168478.38  1.7008E+01  6.8031E+01
 168590.73  1.6720E+01  6.6878E+01
 168703.16  1.6851E+01  6.7404E+01
 168815.66  1.6952E+01  6.7806E+01
 168928.24  1.6924E+01  6.7696E+01
 169040.89  1.6747E+01  6.6987E+01
 169153.62  1.6733E+01  6.6931E+01
 169266.42  1.6708E+01  6.6832E+01
 169379.30  1.6565E+01  6.6261E+01
 169492.25  1.6696E+01  6.6783E+01
 169605.28  1.6656E+01  6.6625E+01
 169718.38  1.6620E+01  6.6479E+01
 169831.56  1.6547E+01  6.6186E+01
 169944.82  1.6511E+01  6.6046E+01
 170058.15  1.6494E+01  6.5974E+01
 170171.55  1.6451E+01  6.5805E+01
 170285.04  1.6291E+01  6.5164E+01
 170398.59  1.6290E+01  6.5160E+01
 170512.23  1.6290E+01  6.5162E+01
 170625.94  1.6244E+01  6.4977E+01
 170739.72  1.6198E+01  6.4790E+01
 170853.58  1.6079E+01  6.4317E+01
 170967.52  1.6091E+01  6.4362E+01
 171081.53  1.6088E+01  6.4353E+01
 171195.62  1.6002E+01  6.4010E+01
 171309.78  1.5999E+01  6.3996E+01
 171424.02  1.5864E+01  6.3455E+01
 171538.34  1.5849E+01  6.3396E+01
 171652.73  1.5854E+01  6.3417E+01
 171767.20  1.5843E+01  6.3370E+01
 171881.75  1.5774E+01  6.3096E+01
 171996.37  1.5757E+01  6.3028E+01
 172111.07  1.5576E+01  6.2303E+01
 172225.85  1.5643E+01  6.2570E+01
 172340.70  1.5481E+01  6.1925E+01
 172455.63  1.5583E+01  6.2333E+01
 172570.63  1.5496E+01  6.1985E+01
 172685.71  1.1175E+01  4.4700E+01
 172800.87  1.5465E+01  6.1858E+01
 172916.11  1.5323E+01  6.1291E+01
 173031.42  1.5303E+01  6.1211E+01
 173146.81  1.5345E+01  6.1381E+01
 173262.27  1.5306E+01  6.1224E+01
 173377.82  1.5260E+01  6.1040E+01
 173493.44  1.5082E+01  6.0328E+01
 173609.13  1.5156E+01  6.0622E+01
 173724.91  1.5013E+01  6.0051E+01
 173840.76  1.5101E+01  6.0405E+01
 173956.69  1.5008E+01  6.0034E+01
 174072.69  1.4990E+01  5.9960E+01
 174188.78  1.4849E+01  5.9397E+01
 174304.94  1.4892E+01  5.9568E+01
 174421.17  1.4902E+01  5.9608E+01
 174537.49  1.4766E+01  5.9064E+01
 174653.88  1.4559E+01  5.8236E+01
 174770.35  1.4719E+01  5.8877E+01
 174886.90  1.4704E+01  5.8815E+01
 175003.53  1.4696E+01  5.8783E+01
 175120.23  1.4658E+01  5.8630E+01
 175237.01  1.4591E+01  5.8364E+01
 175353.87  1.4469E+01  5.7874E+01
 175470.81  1.4536E+01  5.8142E+01
 175587.83  1.4164E+01  5.6658E+01
 175704.92  1.4463E+01  5.7852E+01
 175822.09  1.4368E+01  5.7471E+01
 175939.34  1.4297E+01  5.7188E+01
 176056.67  1.4232E+01  5.6926E+01
 176174.08  1.4295E+01  5.7182E+01
 176291.56  1.4237E+01  5.6949E+01
 176409.13  1.4094E+01  5.6375E+01
 176526.77  1.4103E+01  5.6410E+01
 176644.49  1.4131E+01  5.6526E+01
 176762.28  1.4083E+01  5.6330E+01
 176880.16  1.4051E+01  5.6204E+01
 176998.12  1.4049E+01  5.6197E+01
 177116.15  1.3967E+01  5.5867E+01
 177234.26  1.3950E+01  5.5801E+01
 177352.46  1.3848E+01  5.5391E+01
 177470.73  1.3888E+01  5.5552E+01
 177589.08  1.3827E+01  5.5310E+01
 177707.50  1.3837E+01  5.5347E+01
 177826.01  1.3797E+01  5.5189E+01
 177944.60  1.3756E+01  5.5024E+01
 178063.26  1.3308E+01  5.3231E+01
 178182.01  1.3683E+01  5.4731E+01
 178300.83  1.3636E+01  5.4542E+01
 178419.73  1.3615E+01  5.4462E+01
 178538.72  1.3513E+01  5.4052E+01
 178657.78  1.3508E+01  5.4031E+01
 178776.92  1.3330E+01  5.3321E+01
 178896.14  1.3449E+01  5.3794E+01
 179015.44  1.3272E+01  5.3086E+01
 179134.82  1.3342E+01  5.3366E+01
 179254.28  1.3077E+01  5.2308E+01
 179373.82  1.3323E+01  5.3293E+01
 179493.43  1.3247E+01  5.2987E+01
 179613.13  1.3236E+01  5.2942E+01
 179732.91  1.3196E+01  5.2783E+01
 179852.77  1.3079E+01  5.2314E+01
 179972.71  1.3129E+01  5.2517E+01
 180092.72  1.3114E+01  5.2457E+01
 180212.82  1.3078E+01  5.2313E+01
 180333.00  1.2742E+01  5.0967E+01
 180453.26  1.3011E+01  5.2044E+01
 180573.60  1.2971E+01  5.1883E+01
 180694.01  1.2918E+01  5.1673E+01
 180814.51  1.2814E+01  5.1257E+01
 180935.09  1.2818E+01  5.1271E+01
 181055.75  1.2714E+01  5.0856E+01
 181176.49  1.2781E+01  5.1124E+01
 181297.31  1.2752E+01  5.1006E+01
 181418.21  1.2733E+01  5.0933E+01
 181539.20  1.2323E+01  4.9294E+01
 181660.26  1.2545E+01  5.0179E+01
 181781.40  1.1956E+01  4.7824E+01
 181902.63  1.2317E+01  4.9267E+01
 182023.93  1.2548E+01  5.0194E+01
 182145.32  1.2519E+01  5.0075E+01
 182266.78  1.2391E+01  4.9564E+01
 182388.33  1.2306E+01  4.9224E+01
 182509.96  1.2310E+01  4.9242E+01
 182631.67  1.2385E+01  4.9538E+01
 182753.46  1.2194E+01  4.8777E+01
 182875.33  1.2297E+01  4.9187E+01
 182997.29  1.2277E+01  4.9109E+01
 183119.32  1.2119E+01  4.8476E+01
 183241.44  1.2231E+01  4.8926E+01
 183363.63  1.2104E+01  4.8416E+01
 183485.91  1.2155E+01  4.8620E+01
 183608.27  1.2105E+01  4.8422E+01
 183730.72  1.2028E+01  4.8112E+01
 183853.24  1.2027E+01  4.8106E+01
 183975.85  1.1984E+01  4.7938E+01
 184098.53  1.2002E+01  4.8010E+01
 184221.30  1.1976E+01  4.7905E+01
 184344.15  1.1864E+01  4.7454E+01
 184467.09  1.1918E+01  4.7672E+01
 184590.10  7.9369E+00  3.1748E+01
 184713.20  1.1416E+01  4.5663E+01
 184836.38  1.1818E+01  4.7273E+01
 184959.64  1.1739E+01  4.6958E+01
 185082.98  1.1167E+01  4.4667E+01
 185206.41  1.1584E+01  4.6335E+01
 185329.92  1.1657E+01  4.6628E+01
 185453.51  1.1519E+01  4.6075E+01
 185577.18  1.1541E+01  4.6164E+01
 185700.93  1.1582E+01  4.6330E+01
 185824.77  1.1524E+01  4.6097E+01
 185948.69  1.1526E+01  4.6103E+01
 186072.69  1.1448E+01  4.5792E+01
 186196.78  1.1374E+01  4.5496E+01
 186320.95  1.1447E+01  4.5787E+01
 186445.20  1.1400E+01  4.5598E+01
 186569.53  1.1343E+01  4.5372E+01
 186693.95  1.1283E+01  4.5134E+01
 186818.45  1.1334E+01  4.5335E+01
 186943.03  1.1089E+01  4.4354E+01
 187067.70  1.1256E+01  4.5023E+01
 187192.45  1.1174E+01  4.4696E+01
 187317.28  1.1191E+01  4.4762E+01
 187442.20  1.1145E+01  4.4578E+01
 187567.20  1.1097E+01  4.4389E+01
 187692.28  1.1125E+01  4.4502E+01
 187817.44  1.1068E+01  4.4270E+01
 187942.69  1.1064E+01  4.4257E+01
 188068.03  1.1033E+01  4.4131E+01
 188193.44  1.0987E+01  4.3949E+01
 188318.94  1.0963E+01  4.3852E+01
 188444.53  1.0943E+01  4.3773E+01
 188570.19  1.0905E+01  4.3618E+01
 188695.94  1.0887E+01  4.3547E+01
 188821.78  1.0827E+01  4.3309E+01
 188947.70  1.0773E+01  4.3092E+01
 189073.70  1.0770E+01  4.3081E+01
 189199.79  1.0749E+01  4.2995E+01
 189325.96  1.0476E+01  4.1903E+01
 189452.21  1.0610E+01  4.2440E+01
 189578.55  1.0677E+01  4.2708E+01
 189704.98  1.0523E+01  4.2092E+01
 189831.49  1.0550E+01  4.2201E+01
 189958.08  1.0409E+01  4.1637E+01
 190084.75  1.0506E+01  4.2023E+01
 190211.52  1.0541E+01  4.2166E+01
 190338.36  1.0520E+01  4.2081E+01
 190465.29  1.0255E+01  4.1019E+01
 190592.31  1.0456E+01  4.1823E+01
 190719.41  1.0426E+01  4.1702E+01
 190846.59  1.0381E+01  4.1523E+01
 190973.86  1.0344E+01  4.1374E+01
 191101.21  9.5249E+00  3.8100E+01
 191228.65  1.0323E+01  4.1294E+01
 191356.18  1.0284E+01  4.1138E+01
 191483.79  1.0268E+01  4.1073E+01
 191611.48  1.0180E+01  4.0719E+01
 191739.26  1.0130E+01  4.0519E+01
 191867.12  1.0187E+01  4.0747E+01
 191995.07  1.0146E+01  4.0583E+01
 192123.11  1.0034E+01  4.0137E+01
 192251.23  1.0062E+01  4.0247E+01
 192379.44  1.0027E+01  4.0107E+01
 192507.73  1.0042E+01  4.0167E+01
 192636.10  9.8666E+00  3.9466E+01
 192764.57  9.9352E+00  3.9741E+01
 192893.12  9.9381E+00  3.9752E+01
 193021.75  9.9356E+00  3.9742E+01
 193150.47  9.9138E+00  3.9655E+01
 193279.27  9.8410E+00  3.9364E+01
 193408.17  9.8479E+00  3.9392E+01
 193537.14  9.8211E+00  3.9284E+01
 193666.21  9.8177E+00  3.9271E+01
 193795.36  9.7734E+00  3.9094E+01
 193924.59  9.7675E+00  3.9070E+01
 194053.91  9.7173E+00  3.8869E+01
 194183.32  9.7065E+00  3.8826E+01
 194312.82  9.6814E+00  3.8726E+01
 194442.40  9.5356E+00  3.8143E+01
 194572.06  9.6267E+00  3.8507E+01
 194701.82  9.5960E+00  3.8384E+01
 194831.66  9.5810E+00  3.8324E+01
 194961.59  7.4550E+00  2.9820E+01
 195091.60  9.5196E+00  3.8079E+01
 195221.70  9.4962E+00  3.7985E+01
 195351.89  9.4736E+00  3.7895E+01
 195482.16  9.4504E+00  3.7802E+01
 195612.52  9.3978E+00  3.7591E+01
 195742.97  9.3835E+00  3.7534E+01
 195873.50  9.3862E+00  3.7545E+01
 196004.12  9.3479E+00  3.7392E+01
 196134.83  9.3299E+00  3.7320E+01
 196265.63  9.3006E+00  3.7202E+01
 196396.51  9.2745E+00  3.7098E+01
 196527.48  9.1922E+00  3.6769E+01
 196658.54  9.2284E+00  3.6914E+01
 196789.68  9.1686E+00  3.6674E+01
 196920.92  9.1734E+00  3.6694E+01
 197052.24  9.1626E+00  3.6651E+01
 197183.64  9.0038E+00  3.6015E+01
 197315.14  9.1011E+00  3.6404E+01
 197446.72  9.0716E+00  3.6286E+01
 197578.39  9.0643E+00  3.6257E+01
 197710.15  9.0392E+00  3.6157E+01
 197842.00  9.0176E+00  3.6070E+01
 197973.93  8.9581E+00  3.5833E+01
 198105.95  8.8668E+00  3.5467E+01
 198238.06  8.9447E+00  3.5779E+01
 198370.26  8.8824E+00  3.5529E+01
 198502.55  8.8428E+00  3.5371E+01
 198634.92  8.8175E+00  3.5270E+01
 198767.39  8.7924E+00  3.5170E+01
 198899.94  8.8102E+00  3.5241E+01
 199032.58  8.7444E+00  3.4977E+01
 199165.31  8.7693E+00  3.5077E+01
 199298.12  8.6874E+00  3.4749E+01
 199431.03  8.7350E+00  3.4940E+01
 199564.02  8.7057E+00  3.4823E+01
 199697.10  8.5555E+00  3.4222E+01
 199830.28  8.6425E+00  3.4570E+01
 199963.54  8.6046E+00  3.4418E+01
 200096.88  8.5809E+00  3.4324E+01
 200230.32  8.5948E+00  3.4379E+01
 200363.85  8.5026E+00  3.4010E+01
 200497.47  7.4432E+00  2.9773E+01
 200631.17  8.5200E+00  3.4080E+01
 200764.96  8.4366E+00  3.3746E+01
 200898.85  8.4759E+00  3.3903E+01
 201032.82  8.4606E+00  3.3842E+01
 201166.88  7.3452E+00  2.9381E+01
 201301.03  8.3697E+00  3.3479E+01
 201435.28  8.3856E+00  3.3542E+01
 201569.61  8.3233E+00  3.3293E+01
 201704.03  8.3448E+00  3.3379E+01
 201838.54  8.3223E+00  3.3289E+01
 201973.14  8.3015E+00  3.3206E+01
 202107.82  8.2782E+00  3.3113E+01
 202242.60  8.2472E+00  3.2989E+01
 202377.47  8.2388E+00  3.2955E+01
 202512.43  8.1575E+00  3.2630E+01
 202647.48  8.1663E+00  3.2665E+01
 202782.62  8.1671E+00  3.2668E+01
 202917.85  8.1521E+00  3.2608E+01
 203053.17  8.1306E+00  3.2522E+01
 203188.58  8.1019E+00  3.2408E+01
 203324.08  8.0822E+00  3.2329E+01
 203459.67  8.0316E+00  3.2127E+01
 203595.35  8.0177E+00  3.2071E+01
 203731.12  7.9810E+00  3.1924E+01
 203866.98  7.9921E+00  3.1968E+01
 204002.93  7.9533E+00  3.1813E+01
 204138.97  7.7671E+00  3.1068E+01
 204275.11  7.9362E+00  3.1745E+01
 204411.33  7.9155E+00  3.1662E+01
 204547.65  7.8200E+00  3.1280E+01
 204684.05  7.7398E+00  3.0959E+01
 204820.55  7.8072E+00  3.1229E+01
 204957.14  7.8149E+00  3.1259E+01
 205093.82  7.7918E+00  3.1167E+01
 205230.59  7.7726E+00  3.1090E+01
 205367.45  7.7552E+00  3.1021E+01
 205504.40  7.7496E+00  3.0999E+01
 205641.45  7.6962E+00  3.0785E+01
 205778.58  7.7073E+00  3.0829E+01
 205915.81  7.6715E+00  3.0686E+01
 206053.13  7.6613E+00  3.0645E+01
 206190.54  4.9525E+00  1.9810E+01
 206328.04  7.5497E+00  3.0199E+01
 206465.63  7.4459E+00  2.9784E+01
 206603.32  7.5435E+00  3.0174E+01
 206741.09  7.5461E+00  3.0184E+01
 206878.96  7.5271E+00  3.0108E+01
 207016.92  7.5123E+00  3.0049E+01
 207154.97  7.4829E+00  2.9932E+01
 207293.12  7.4670E+00  2.9868E+01
 207431.36  7.4637E+00  2.9855E+01
 207569.69  7.4442E+00  2.9777E+01
 207708.11  7.3490E+00  2.9396E+01
 207846.62  7.3844E+00  2.9538E+01
 207985.23  7.3622E+00  2.9449E+01
 208123.92  7.3407E+00  2.9363E+01
 208262.72  7.3066E+00  2.9226E+01
 208401.60  7.3311E+00  2.9324E+01
 208540.58  7.2971E+00  2.9188E+01
 208679.64  7.2895E+00  2.9158E+01
 208818.81  7.1609E+00  2.8643E+01
 208958.06  7.2534E+00  2.9013E+01
 209097.41  7.1838E+00  2.8735E+01
 209236.85  7.2008E+00  2.8803E+01
 209376.38  7.1863E+00  2.8745E+01
 209516.01  6.6959E+00  2.6783E+01
 209655.73  7.1547E+00  2.8619E+01
 209795.54  7.0145E+00  2.8058E+01
 209935.44  7.1174E+00  2.8470E+01
 210075.44  6.9229E+00  2.7691E+01
 210215.54  7.0766E+00  2.8306E+01
 210355.72  6.9331E+00  2.7732E+01
 210496.00  7.0382E+00  2.8153E+01
 210636.37  7.0085E+00  2.8034E+01
 210776.84  6.8913E+00  2.7565E+01
 210917.40  6.9774E+00  2.7910E+01
 211058.05  6.9649E+00  2.7860E+01
 211198.80  6.9409E+00  2.7764E+01
 211339.64  6.9227E+00  2.7691E+01
 211480.58  6.8715E+00  2.7486E+01
 211621.61  6.8150E+00  2.7260E+01
 211762.73  6.8654E+00  2.7462E+01
 211903.95  6.8545E+00  2.7418E+01
 212045.26  6.8391E+00  2.7356E+01
 212186.67  6.8190E+00  2.7276E+01
 212328.17  6.7846E+00  2.7139E+01
 212469.76  6.7321E+00  2.6928E+01
 212611.45  6.7628E+00  2.7051E+01
 212753.23  6.7485E+00  2.6994E+01
 212895.11  6.5476E+00  2.6190E+01
 213037.08  6.7051E+00  2.6820E+01
 213179.15  6.6851E+00  2.6740E+01
 213321.31  6.6779E+00  2.6711E+01
 213463.57  6.6595E+00  2.6638E+01
 213605.92  6.6372E+00  2.6549E+01
 213748.37  6.6005E+00  2.6402E+01
 213890.91  6.5763E+00  2.6305E+01
 214033.55  6.5550E+00  2.6220E+01
 214176.28  6.5335E+00  2.6134E+01
 214319.11  6.5294E+00  2.6118E+01
 214462.03  6.5365E+00  2.6146E+01
 214605.05  6.5169E+00  2.6068E+01
 214748.16  6.4814E+00  2.5925E+01
 214891.37  6.4576E+00  2.5831E+01
 215034.67  6.4462E+00  2.5785E+01
 215178.07  6.4484E+00  2.5794E+01
 215321.57  6.4111E+00  2.5644E+01
 215465.16  6.3893E+00  2.5557E+01
 215608.84  6.3161E+00  2.5264E+01
 215752.62  6.3798E+00  2.5519E+01
 215896.50  6.3586E+00  2.5434E+01
 216040.48  6.3460E+00  2.5384E+01
 216184.55  6.3324E+00  2.5330E+01
 216328.71  6.3060E+00  2.5224E+01
 216472.98  6.2852E+00  2.5141E+01
 216617.33  6.2628E+00  2.5051E+01
 216761.79  6.2243E+00  2.4897E+01
 216906.34  6.1930E+00  2.4772E+01
 217050.99  6.1913E+00  2.4765E+01
 217195.73  6.1683E+00  2.4673E+01
 217340.57  6.1944E+00  2.4778E+01
 217485.51  6.1668E+00  2.4667E+01
 217630.54  6.1626E+00  2.4650E+01
 217775.67  6.1309E+00  2.4524E+01
 217920.90  6.0797E+00  2.4319E+01
 218066.23  6.1133E+00  2.4453E+01
 218211.65  6.0894E+00  2.4357E+01
 218357.17  6.0643E+00  2.4257E+01
 218502.78  5.9901E+00  2.3960E+01
 218648.49  6.0218E+00  2.4087E+01
 218794.30  6.0315E+00  2.4126E+01
 218940.21  5.9844E+00  2.3937E+01
 219086.21  5.9682E+00  2.3873E+01
 219232.31  5.9752E+00  2.3901E+01
 219378.51  5.9631E+00  2.3852E+01
 219524.81  5.8946E+00  2.3578E+01
 219671.20  5.9251E+00  2.3700E+01
 219817.69  5.8442E+00  2.3377E+01
 219964.28  5.8387E+00  2.3355E+01
 220110.97  5.8736E+00  2.3494E+01
 220257.75  5.8676E+00  2.3470E+01
 220404.64  5.8388E+00  2.3355E+01
 220551.62  5.8218E+00  2.3287E+01
 220698.70  5.7550E+00  2.3020E+01
 220845.87  5.7918E+00  2.3167E+01
 220993.15  5.7699E+00  2.3080E+01
 221140.52  5.7202E+00  2.2881E+01
 221287.99  5.7136E+00  2.2855E+01
 221435.56  5.7431E+00  2.2972E+01
 221583.23  5.7288E+00  2.2915E+01
 221731.00  5.7115E+00  2.2846E+01
 221878.86  5.6322E+00  2.2529E+01
 222026.82  5.6804E+00  2.2722E+01
 222174.89  5.6455E+00  2.2582E+01
 222323.05  5.6243E+00  2.2497E+01
 222471.31  5.6276E+00  2.2510E+01
 222619.67  5.6118E+00  2.2447E+01
 222768.12  5.5716E+00  2.2286E+01
 222916.68  5.5619E+00  2.2248E+01
 223065.34  5.5117E+00  2.2047E+01
 223214.09  5.5431E+00  2.2172E+01
 223362.95  4.9333E+00  1.9733E+01
 223511.90  5.4882E+00  2.1953E+01
 223660.95  5.5066E+00  2.2026E+01
 223810.10  5.4254E+00  2.1701E+01
 223959.35  5.4842E+00  2.1937E+01
 224108.71  5.4347E+00  2.1739E+01
 224258.16  5.3745E+00  2.1498E+01
 224407.71  5.3797E+00  2.1519E+01
 224557.36  5.4128E+00  2.1651E+01
 224707.11  5.3958E+00  2.1583E+01
 224856.96  5.3956E+00  2.1582E+01
 225006.91  5.3558E+00  2.1423E+01
 225156.96  5.3628E+00  2.1451E+01
 225307.11  5.3429E+00  2.1372E+01
 225457.36  5.3380E+00  2.1352E+01
 225607.71  5.2998E+00  2.1199E+01
 225758.16  5.2764E+00  2.1106E+01
 225908.71  5.2723E+00  2.1089E+01
 226059.36  5.2770E+00  2.1108E+01
 226210.11  5.2453E+00  2.0981E+01
 226360.96  5.2407E+00  2.0963E+01
 226511.91  5.2038E+00  2.0815E+01
 226662.97  5.1777E+00  2.0711E+01
 226814.12  5.1683E+00  2.0673E+01
 226965.38  5.1935E+00  2.0774E+01
 227116.73  5.1523E+00  2.0609E+01
 227268.19  5.1594E+00  2.0638E+01
 227419.74  5.1529E+00  2.0612E+01
 227571.40  5.1395E+00  2.0558E+01
 227723.16  5.1250E+00  2.0500E+01
 227875.02  5.1108E+00  2.0443E+01
 228026.99  5.0981E+00  2.0392E+01
 228179.05  5.0771E+00  2.0308E+01
 228331.22  5.0242E+00  2.0097E+01
 228483.48  5.0409E+00  2.0164E+01
 228635.85  4.9867E+00  1.9947E+01
 228788.32  5.0238E+00  2.0095E+01
 228940.89  5.0064E+00  2.0026E+01
 229093.56  4.9712E+00  1.9885E+01
 229246.34  4.9874E+00  1.9950E+01
 229399.22  4.9715E+00  1.9886E+01
 229552.19  4.8918E+00  1.9567E+01
 229705.27  4.9445E+00  1.9778E+01
 229858.46  4.9200E+00  1.9680E+01
 230011.74  4.9164E+00  1.9666E+01
 230165.13  4.8146E+00  1.9259E+01
 230318.62  4.8826E+00  1.9530E+01
 230472.21  4.8680E+00  1.9472E+01
 230625.91  4.8664E+00  1.9466E+01
 230779.70  4.8198E+00  1.9279E+01
 230933.60  4.8292E+00  1.9317E+01
 231087.60  4.7708E+00  1.9083E+01
 231241.71  4.7833E+00  1.9133E+01
 231395.92  4.8019E+00  1.9208E+01
 231550.23  4.7419E+00  1.8968E+01
 231704.64  4.7552E+00  1.9021E+01
 231859.15  4.7556E+00  1.9022E+01
 232013.77  4.6930E+00  1.8772E+01
 232168.50  4.7264E+00  1.8906E+01
 232323.32  4.7208E+00  1.8883E+01
 232478.25  4.6679E+00  1.8672E+01
 232633.28  4.6415E+00  1.8566E+01
 232788.42  4.6675E+00  1.8670E+01
 232943.66  4.6702E+00  1.8681E+01
 233099.00  4.6590E+00  1.8636E+01
 233254.44  4.6411E+00  1.8564E+01
 233409.99  4.6357E+00  1.8543E+01
 233565.65  4.5414E+00  1.8165E+01
 233721.40  4.5929E+00  1.8372E+01
 233877.27  4.5918E+00  1.8367E+01
 234033.23  4.5810E+00  1.8324E+01
 234189.30  4.5687E+00  1.8275E+01
 234345.47  4.5274E+00  1.8110E+01
 234501.75  4.5439E+00  1.8176E+01
 234658.13  4.5006E+00  1.8002E+01
 234814.62  4.5123E+00  1.8049E+01
 234971.21  4.5042E+00  1.8017E+01
 235127.90  4.4981E+00  1.7992E+01
 235284.70  4.4857E+00  1.7943E+01
 235441.60  4.4625E+00  1.7850E+01
 235598.61  4.4314E+00  1.7726E+01
 235755.73  4.4441E+00  1.7776E+01
 235912.94  4.4335E+00  1.7734E+01
 236070.27  4.4087E+00  1.7635E+01
 236227.69  4.4145E+00  1.7658E+01
 236385.23  4.3611E+00  1.7444E+01
 236542.86  4.3219E+00  1.7288E+01
 236700.61  4.3777E+00  1.7511E+01
 236858.45  4.3514E+00  1.7406E+01
 237016.41  4.3537E+00  1.7415E+01
 237174.46  4.3415E+00  1.7366E+01
 237332.63  4.2950E+00  1.7180E+01
 237490.90  4.2735E+00  1.7094E+01
 237649.27  4.2855E+00  1.7142E+01
 237807.75  4.2757E+00  1.7103E+01
 237966.34  4.2821E+00  1.7129E+01
 238125.03  4.2724E+00  1.7090E+01
 238283.83  4.2436E+00  1.6974E+01
 238442.73  4.2133E+00  1.6853E+01
 238601.74  4.2321E+00  1.6928E+01
 238760.86  4.2269E+00  1.6907E+01
 238920.08  4.1945E+00  1.6778E+01
 239079.41  4.1740E+00  1.6696E+01
 239238.84  4.1786E+00  1.6715E+01
 239398.38  4.1765E+00  1.6706E+01
 239558.03  4.1674E+00  1.6670E+01
 239717.78  4.1354E+00  1.6542E+01
 239877.64  4.1014E+00  1.6406E+01
 240037.61  2.6582E+00  1.0633E+01
 240197.68  4.0936E+00  1.6374E+01
 240357.86  4.1071E+00  1.6428E+01
 240518.15  4.0843E+00  1.6337E+01
 240678.54  4.0861E+00  1.6344E+01
 240839.04  4.0558E+00  1.6223E+01
 240999.65  4.0571E+00  1.6229E+01
 241160.36  4.0277E+00  1.6111E+01
 241321.18  4.0462E+00  1.6185E+01
 241482.11  2.6542E+00  1.0617E+01
 241643.15  4.0217E+00  1.6087E+01
 241804.29  4.0145E+00  1.6058E+01
 241965.55  4.0030E+00  1.6012E+01
 242126.90  3.9928E+00  1.5971E+01
 242288.37  3.9478E+00  1.5791E+01
 242449.94  3.9306E+00  1.5722E+01
 242611.63  3.9459E+00  1.5783E+01
 242773.42  3.9462E+00  1.5785E+01
 242935.31  3.9353E+00  1.5741E+01
 243097.32  3.9175E+00  1.5670E+01
 243259.43  3.9013E+00  1.5605E+01
 243421.65  3.9007E+00  1.5603E+01
 243583.98  3.8953E+00  1.5581E+01
 243746.42  3.8519E+00  1.5408E+01
 243908.97  3.8663E+00  1.5465E+01
 244071.62  3.8453E+00  1.5381E+01
 244234.39  3.8490E+00  1.5396E+01
 244397.26  3.8088E+00  1.5235E+01
 244560.24  3.8270E+00  1.5308E+01
 244723.33  3.8098E+00  1.5239E+01
 244886.53  3.8009E+00  1.5204E+01
 245049.83  3.7672E+00  1.5069E+01
 245213.25  3.7704E+00  1.5082E+01
 245376.77  3.7522E+00  1.5009E+01
 245540.41  3.7709E+00  1.5084E+01
 245704.15  3.7605E+00  1.5042E+01
 245868.00  3.7171E+00  1.4868E+01
 246031.96  3.7386E+00  1.4954E+01
 246196.03  3.6968E+00  1.4787E+01
 246360.21  3.6774E+00  1.4709E+01
 246524.50  3.6709E+00  1.4684E+01
 246688.90  3.6954E+00  1.4782E+01
 246853.41  3.6803E+00  1.4721E+01
 247018.03  3.6603E+00  1.4641E+01
 247182.76  3.6683E+00  1.4673E+01
 247347.59  3.6594E+00  1.4638E+01
 247512.54  3.6449E+00  1.4580E+01
 247677.60  3.6216E+00  1.4486E+01
 247842.77  3.5911E+00  1.4365E+01
 248008.04  3.6110E+00  1.4444E+01
 248173.43  3.5910E+00  1.4364E+01
 248338.93  3.5540E+00  1.4216E+01
 248504.54  3.5849E+00  1.4339E+01
 248670.26  3.5819E+00  1.4328E+01
 248836.09  3.5481E+00  1.4193E+01
 249002.03  3.5621E+00  1.4249E+01
 249168.08  3.5514E+00  1.4205E+01
 249334.24  3.5330E+00  1.4132E+01
 249500.52  3.5238E+00  1.4095E+01
 249666.90  3.5192E+00  1.4077E+01
 249833.39  3.2981E+00  1.3193E+01
 250000.00  2.4533E+00  9.8131E+00
