

 M O D E L  A T M O S P H E R E   (CGS UNITS)
    K    TAUROSS   TAU(5000)  GEOM. DEPTH     T        PE          PG         PRAD        PTURB     KAPPAROSS     K
    1  1.0000E-05  4.2202E-07   0.0000E+00  2461.67  1.9377E-04  6.3041E+01  1.8489E-01  0.0000E+00  6.3158E-03   1
    2  1.4125E-05  6.1233E-07   1.2742E+06  2481.93  2.6692E-04  8.8711E+01  1.8491E-01  0.0000E+00  6.5694E-03   2
    3  1.9953E-05  9.2920E-07   2.5120E+06  2503.11  3.6556E-04  1.2311E+02  1.8493E-01  0.0000E+00  6.9218E-03   3
    4  2.8184E-05  1.4491E-06   3.7092E+06  2524.13  4.9646E-04  1.6886E+02  1.8497E-01  0.0000E+00  7.4050E-03   4
    5  3.9811E-05  2.2847E-06   4.8594E+06  2543.80  6.6568E-04  2.2875E+02  1.8501E-01  0.0000E+00  8.0546E-03   5
    6  5.6234E-05  3.5947E-06   5.9576E+06  2561.27  8.7892E-04  3.0588E+02  1.8507E-01  0.0000E+00  8.8951E-03   6
    7  7.9433E-05  5.5982E-06   7.0020E+06  2576.08  1.1417E-03  4.0393E+02  1.8513E-01  0.0000E+00  9.9338E-03   7
    8  1.1220E-04  8.5990E-06   7.9951E+06  2588.26  1.4612E-03  5.2753E+02  1.8522E-01  0.0000E+00  1.1153E-02   8
    9  1.5849E-04  1.3029E-05   8.9435E+06  2598.35  1.8484E-03  6.8304E+02  1.8533E-01  0.0000E+00  1.2512E-02   9
   10  2.2387E-04  1.9528E-05   9.8567E+06  2607.26  2.3209E-03  8.7938E+02  1.8547E-01  0.0000E+00  1.3951E-02  10
   11  3.1623E-04  2.9073E-05   1.0745E+07  2616.03  2.9061E-03  1.1293E+03  1.8566E-01  0.0000E+00  1.5412E-02  11
   12  4.4668E-04  4.3193E-05   1.1620E+07  2625.65  3.6438E-03  1.4505E+03  1.8590E-01  0.0000E+00  1.6857E-02  12
   13  6.3096E-04  6.4285E-05   1.2489E+07  2636.99  4.5904E-03  1.8674E+03  1.8623E-01  0.0000E+00  1.8277E-02  13
   14  8.9125E-04  9.6219E-05   1.3359E+07  2650.91  5.8265E-03  2.4130E+03  1.8666E-01  0.0000E+00  1.9654E-02  14
   15  1.2589E-03  1.4528E-04   1.4235E+07  2667.90  7.4630E-03  3.1314E+03  1.8724E-01  0.0000E+00  2.1038E-02  15
   16  1.7783E-03  2.2161E-04   1.5120E+07  2688.39  9.6540E-03  4.0808E+03  1.8802E-01  0.0000E+00  2.2464E-02  16
   17  2.5119E-03  3.4179E-04   1.6014E+07  2712.64  1.2613E-02  5.3369E+03  1.8904E-01  0.0000E+00  2.3991E-02  17
   18  3.5481E-03  5.3294E-04   1.6919E+07  2740.81  1.6635E-02  6.9968E+03  1.9038E-01  0.0000E+00  2.5677E-02  18
   19  5.0119E-03  8.3886E-04   1.7832E+07  2772.90  2.2114E-02  9.1796E+03  1.9212E-01  0.0000E+00  2.7672E-02  19
   20  7.0795E-03  1.3308E-03   1.8751E+07  2809.01  2.9593E-02  1.2034E+04  1.9436E-01  0.0000E+00  2.9956E-02  20
   21  1.0000E-02  2.1260E-03   1.9677E+07  2849.63  3.9868E-02  1.5748E+04  1.9722E-01  0.0000E+00  3.2599E-02  21
   22  1.4125E-02  3.4246E-03   2.0612E+07  2898.24  5.4393E-02  2.0556E+04  2.0086E-01  0.0000E+00  3.5668E-02  22
   23  1.9953E-02  5.5723E-03   2.1561E+07  2955.17  7.5076E-02  2.6745E+04  2.0540E-01  0.0000E+00  3.9226E-02  23
   24  2.8184E-02  9.1322E-03   2.2526E+07  3014.14  1.0340E-01  3.4677E+04  2.1103E-01  0.0000E+00  4.3322E-02  24
   25  3.9811E-02  1.4998E-02   2.3510E+07  3075.30  1.4211E-01  4.4805E+04  2.1797E-01  0.0000E+00  4.8003E-02  25
   26  5.6234E-02  2.4607E-02   2.4512E+07  3138.80  1.9493E-01  5.7692E+04  2.2656E-01  0.0000E+00  5.3371E-02  26
   27  7.9433E-02  4.0260E-02   2.5535E+07  3204.86  2.6691E-01  7.4039E+04  2.3723E-01  0.0000E+00  5.9529E-02  27
   28  1.1220E-01  6.5587E-02   2.6579E+07  3273.69  3.6490E-01  9.4692E+04  2.5058E-01  0.0000E+00  6.6724E-02  28
   29  1.5849E-01  1.0622E-01   2.7643E+07  3345.42  4.9800E-01  1.2063E+05  2.6742E-01  0.0000E+00  7.5311E-02  29
   30  2.2387E-01  1.7071E-01   2.8724E+07  3420.14  6.7826E-01  1.5294E+05  2.8875E-01  0.0000E+00  8.5798E-02  30
   31  3.1623E-01  2.7166E-01   2.9817E+07  3497.84  9.2151E-01  1.9277E+05  3.1576E-01  0.0000E+00  9.8928E-02  31
   32  4.4668E-01  4.2696E-01   3.0917E+07  3578.38  1.2481E+00  2.4118E+05  3.4963E-01  0.0000E+00  1.1584E-01  32
   33  6.3096E-01  6.6103E-01   3.2013E+07  3661.46  1.6840E+00  2.9906E+05  3.9114E-01  0.0000E+00  1.3804E-01  33
   34  7.9433E-01  8.7676E-01   3.2730E+07  3718.06  2.0513E+00  3.4324E+05  4.2311E-01  0.0000E+00  1.5661E-01  34
   35  1.1220E+00  1.3185E+00   3.3804E+07  3804.29  2.7459E+00  4.1824E+05  4.7687E-01  0.0000E+00  1.9206E-01  35
   36  1.5849E+00  1.9475E+00   3.4856E+07  3891.42  3.6540E+00  5.0402E+05  5.3627E-01  0.0000E+00  2.3872E-01  36
   37  2.2387E+00  2.8273E+00   3.5885E+07  3978.87  4.8312E+00  6.0100E+05  5.9968E-01  0.0000E+00  2.9945E-01  37
   38  3.1623E+00  4.0428E+00   3.6893E+07  4066.58  6.3500E+00  7.0999E+05  6.6617E-01  0.0000E+00  3.7694E-01  38
   39  4.4668E+00  5.7078E+00   3.7884E+07  4155.04  8.3076E+00  8.3212E+05  7.3582E-01  0.0000E+00  4.7570E-01  39
   40  6.3096E+00  7.9745E+00   3.8864E+07  4244.93  1.0833E+01  9.6874E+05  8.0935E-01  0.0000E+00  6.0091E-01  40
   41  8.9125E+00  1.1048E+01   3.9837E+07  4337.12  1.4100E+01  1.1215E+06  8.8775E-01  0.0000E+00  7.5892E-01  41
   42  1.2589E+01  1.5204E+01   4.0809E+07  4432.52  1.8342E+01  1.2924E+06  9.7228E-01  0.0000E+00  9.5802E-01  42
   43  1.7783E+01  2.0818E+01   4.1784E+07  4532.16  2.3877E+01  1.4838E+06  1.0648E+00  0.0000E+00  1.2081E+00  43
   44  2.5119E+01  2.8394E+01   4.2766E+07  4637.18  3.1132E+01  1.6982E+06  1.1679E+00  0.0000E+00  1.5222E+00  44
   45  3.5481E+01  3.8611E+01   4.3760E+07  4748.87  4.0691E+01  1.9387E+06  1.2850E+00  0.0000E+00  1.9159E+00  45
   46  5.0119E+01  5.2380E+01   4.4769E+07  4868.73  5.3344E+01  2.2088E+06  1.4198E+00  0.0000E+00  2.4094E+00  46
   47  7.0795E+01  7.0916E+01   4.5798E+07  4998.47  7.0163E+01  2.5123E+06  1.5774E+00  0.0000E+00  3.0267E+00  47
   48  1.0000E+02  9.5833E+01   4.6851E+07  5140.15  9.2599E+01  2.8538E+06  1.7641E+00  0.0000E+00  3.7963E+00  48
   49  1.2589E+02  1.1700E+02   4.7561E+07  5242.55  1.1165E+02  3.1053E+06  1.9089E+00  0.0000E+00  4.4111E+00  49
   50  1.5849E+02  1.4271E+02   4.8286E+07  5352.09  1.3483E+02  3.3778E+06  2.0736E+00  0.0000E+00  5.1207E+00  50
   51  1.9953E+02  1.7393E+02   4.9027E+07  5469.58  1.6314E+02  3.6735E+06  2.2617E+00  0.0000E+00  5.9411E+00  51
   52  2.5119E+02  2.1176E+02   4.9786E+07  5595.77  1.9789E+02  3.9944E+06  2.4778E+00  0.0000E+00  6.8925E+00  52
   53  3.1623E+02  2.5754E+02   5.0562E+07  5731.22  2.4100E+02  4.3422E+06  2.7266E+00  0.0000E+00  8.0129E+00  53
              H          He           C           N           O          Na          Mg          Si           F          Fe          Al          Ca          Cr          Ti           S          Cl           K          Li           V          Zr          Be           P          H2         LI2          C2          N2          O2          F2         NA2         MG2         AL2         SI2          P2          S2         CL2          K2         H2+        HE2+         C2+         N2+         O2+         P2+         S2+         H2-         C2-         LIH         BEH          CH          NH          OH          HF         NAH         MGH         ALH         SIH          PH          HS         HCL          KH         CAH         TIH         CRH         FEH        HEH+        BEH+         CH+         NH+         OH+         HF+        MGH+        ALH+        SIH+         PH+         SH+        HCL+         CH-         OH-        SIH-         HS-          CN          CO          CF         SIC          CP          CS         CCL         CN+         CO+         CN-         CS-          NO          FN         ALN         SIN          PN          SN         NCL         TIN         ZRN         NO+         NS+         LIO         BEO          FO         NAO         MGO         ALO         SIO          PO          SO         CLO          KO         CAO         TIO          VO         CRO         FEO         ZRO        SIO+         PO+         SO+        FEO-         LIF         BEF         NAF         MGF         ALF         SIF          PF          SF          KF         CAF        LINA         BES         MGS         ALS         SIS          PS         CAS         TIS         CRS        LICL        BECL        NACL        MGCL        ALCL        SICL         PCL         KCL        CACL        FECL       ALCLF      ALCLF2       ALOCL       ALCL2      ALCL2F       ALCL3        ALOF        ALF2       ALF2O        ALF3      NAALF4        ALOH        HALO       ALO2H        ALO2      AL2CL6     (ALF3)2        AL2O       AL2O2         ALC       CFCLO       CCLF3        CCLN        CCLO        CCL2      CCL2F2       COCL2        CCL3       CCL3F        CCL4         CFN         CFO         CF2        CF2O         CF3         CF4        CF4O        CF8S        CHCL       CHCL3         CHF        CHFO        CHF3         HCN        CHNO         HCO         PCH         CH2      CH2CL2      CH2CLF       CH2F2        H2CO         CH3       CH3CL        CH3F         CH4         KCN        NACN         CNO         CNN         NCN         COS         CO2         CS2        SI2C       C2CL2       C2CL4       C2CL6        C2F2       C2F3N        C2F4        C2F6         C2H       C2HCL        C2HF        C2H2        C2H4       C2H4O      (KCN)2         C2N        C2N2     (NACN)2        SIC2         C2O          C3        C3O2          C4        C4N2          C5     FE(CO)5       CACL2        CAF2        CAOH     CA(OH)2         CA2         CLF       MGCLF      CLFO2S       CLFO3      PCLF2O        CLF3      CLF3SI        CLF5       CLF5S      CHCLF2      CHCL2F        OHCL      SIH3CL        NOCL       NO2CL       TIOCL        CLO2        CLO3         SCL        CLS2        TICL      CL2FOP       FECL2     SIH2CL2      (KCL)2       MGCL2     (NACL)2       CLOCL       CLCLO      TIOCL2      CLO2CL      CLOCLO      SO2CL2        SCL2       SICL2       TICL2      SIFCL3       FECL3      SIHCL3       PCL3O        PCL3       PCL3S       SICL3       TICL3      FE2CL4      MG2CL4       SICL4       TICL4        PCL5    (FECL3)2         CRN        CRO2        CRO3         FEF         FHO       FHO3S       SIH3F         FNO        FNO2        FNO3        TIOF         OFO         FOO         PSF         TIF        FEF2        H2F2      SIH2F2        K2F2        MGF2         F2N    F2N2(cis    F2N2(tra       NA2F2         F2O        F2OS       SIOF2       TIOF2        F2O2       F2O2S         PF2         SF2        FSSF        F2S2        SIF2        TIF2        FEF3       SIHF3        F3H3         NF3        NOF3        POF3         PF3        PSF3         SF3        SIF3        TIF3        F4H4       MG2F4        N2F4         SF4        SIF4        TIF4        F5H5         PF5         SF5        F6H6         SF6        F7H7       F10S2     FE(OH)2         FES         KOH        MGOH         HNO        HONO        HNO2        HNO3        NAOH         HO2      (KOH)2     MG(OH)2         NH2        N2H2     (NAOH)2         H2O       H2SO4         PH2         H2S         NH3         PH3        N2H4        SIH4       K2SO4         MGN         NO2         NO3        SI2N          VN         N2O        N2O3        N2O4        N2O5          N3      NA2SO4         S2O         PO2         SO2        SIO2        TIO2         VO2          O3         SO3        P4O6       P4O10          P4        P4S3          S3          S4          S5          S6          S7          S8         SI3         AL+         AL-       ALCL+      ALCLF+      ALCL2+      ALCL2-        ALF+       ALF2+       ALF2-      ALF2O-       ALF4-       ALOH+       ALOH-        ALO+        ALO-       ALO2-       AL2O+      AL2O2+          C+          C-         CF+        CF2+        CF3+        HCO+        CO2-         CA+       CAOH+         CL+       MGCL+        SCL+         CL-       SCL2+         CR+         CR-          F+          F-        MGF+         PF+         PF-         SF+         SF-        F2K-       MGF2+       NAF2-        PF2+        PF2-        SF2+        SF2-        SF3+        SF3-        SF4+        SF4-        SF5+        SF5-        SF6-         FE+         FE-          H+          H-        KOH+       MGOH+       NAOH+        H3O+         HE+          K+          K-         KO-         MG+          N+          N-        NO2-         N2-        N2O+         NA+         NA-        NAO-          O+          O-         O2-          P+          P-          S+          S-         SI+         SI-         TI+         TI-          V+          V-      LIALF4         BE+       BECL+       BECLF       BECL2        BEF2      BEF3LI        BEHO       BEHO+        BEH2      BEH2O2         BEN         BE2      BE2CL4      BE2F2O        BE2O       BE2O2       BE3O3       BE4O4       BE5O5       BE6O6        C2BE      LI2CLF       LIOCL        ZRCL     (LICL)2       ZRCL2     (LICL)3       ZRCL3       ZRCL4        LIOF         ZRF       LIF2-       LI2F2        ZRF2       LI3F3        ZRF3        ZRF4        LIOH       LIOH+         ZRH     (LIOH)2         LI+         LI-         LIN        LINO       LINAO        LIO-        LI2O       LI2O2      LI2SO4        ZRO2         ZR+         ZR-         TIC    SI(CH3)4    SICH3CL3        SIH2        SIH3        TIC2         C3H        CRC2       SI2C2         VC2        TIC4         VC4 
  1       1.910       0.974      -9.458      -4.930      -1.821      -4.774      -2.386      -4.881      -7.383      -2.536      -3.514      -3.729      -4.319      -5.405      -2.824      -4.555      -7.487      -9.524      -6.010      -9.893      -8.576      -4.630       1.168     -27.336     -18.628      -2.478      -5.799     -23.929     -18.263     -14.886     -14.395     -14.914     -10.939      -8.795     -16.093     -23.845     -17.840     -42.261     -29.812     -22.202     -18.671     -19.750     -16.550     -14.909     -22.733     -13.417     -12.475     -11.672      -7.601      -2.377      -5.400      -9.236      -6.511      -6.842      -7.851      -7.672      -4.593      -5.147     -12.113      -7.121      -9.703      -9.040      -8.182     -20.546     -18.571     -22.240     -22.474     -17.565     -25.567     -10.834      -9.651     -12.865     -16.160     -14.354     -18.740     -21.162     -11.079     -17.109     -12.359     -10.703      -1.466     -17.369     -16.752     -13.715      -9.794     -18.545     -27.092     -18.014     -15.099     -20.396      -5.395     -17.475     -13.571     -10.092      -7.078      -9.176     -13.854     -12.495     -19.081     -13.241     -18.975     -15.502     -12.870     -16.468     -11.585      -7.968      -6.498      -2.447      -5.746      -5.779     -12.400     -14.279      -8.792      -5.168      -6.929      -7.913      -7.440      -7.388     -13.908     -11.253     -15.059     -17.626     -16.174     -15.035     -13.362     -10.883      -8.704     -12.372     -14.046     -14.682     -15.545     -10.675     -22.503     -15.594      -9.868     -10.212      -6.903      -9.269     -10.530     -11.211     -12.366     -15.171     -15.857     -11.652     -10.927      -9.145     -12.928     -13.774     -13.892     -10.201     -12.066     -17.225     -25.645     -12.726     -17.894     -25.909     -26.682     -11.829     -17.293     -17.912     -25.739     -44.980      -7.647     -11.920     -10.656     -12.419     -63.669     -60.690     -11.242     -15.520     -16.979     -27.684     -50.376     -19.275     -15.708     -27.587     -50.609     -28.184     -39.324     -50.912     -51.468     -21.192     -17.853     -27.041     -27.669     -39.860     -50.407     -61.840     -99.000     -20.440     -41.636     -20.267     -19.749     -41.509     -10.298     -14.743      -9.390     -13.288     -12.841     -32.598     -32.894     -33.355     -12.529     -13.865     -24.080     -25.011     -15.991     -20.316     -17.707     -14.421     -21.418     -19.196     -10.940      -5.843     -16.671     -21.989     -35.141     -60.198     -87.641     -39.548     -55.193     -62.729     -86.718     -16.800     -26.067     -28.180     -17.715     -25.677     -33.518     -49.492     -20.161     -23.652     -44.002     -22.412     -16.549     -25.877     -26.155     -37.695     -43.092     -45.850     -63.456     -16.359     -17.636      -8.758     -14.126     -16.836     -18.707     -18.600     -37.684     -49.639     -38.721     -53.263     -37.410     -90.017     -84.587     -41.361     -41.453     -14.334     -22.910     -18.728     -28.550     -13.877     -22.149     -34.442     -13.671     -21.196     -11.828     -38.423     -18.222     -27.988     -35.873     -17.769     -31.543     -26.433     -26.255     -21.201     -36.913     -37.356     -38.023     -24.580     -19.714     -18.813     -39.098     -30.246     -33.551     -39.012     -34.422     -42.839     -29.652     -27.076     -45.715     -44.427     -39.778     -36.995     -63.255     -70.156     -13.057     -12.002     -18.551     -12.226     -17.750     -34.134     -22.060     -20.424     -30.065     -41.846     -13.982     -31.560     -23.685     -20.782     -11.159     -21.268     -22.019     -26.261     -39.136     -18.845     -31.620     -40.792     -40.845     -34.462     -33.349     -31.502     -21.401     -21.977     -42.553     -37.927     -23.085     -26.786     -35.650     -34.416     -19.017     -17.236     -30.660     -30.943     -38.514     -47.461     -56.921     -36.917     -32.653     -42.062     -40.857     -27.171     -24.875     -54.598     -46.272     -77.060     -54.695     -36.017     -36.046     -70.736     -57.922     -71.427     -86.685     -85.782     -99.000     -99.000     -15.299     -10.183     -13.717      -8.877     -11.176     -17.015     -17.074     -26.194     -11.427     -10.718     -37.333     -15.004      -9.184     -17.800     -32.560      -2.427     -31.259     -10.209      -6.900     -10.443     -14.208     -26.018     -18.244     -47.866     -10.683     -14.033     -25.188     -18.567     -13.050     -13.887     -31.668     -41.280     -50.002     -18.418     -43.331     -14.103      -9.211      -9.338      -8.219      -7.421      -8.675     -18.274     -17.917     -45.136     -71.954     -30.757     -58.721     -18.842     -28.429     -39.370     -48.454     -57.512     -67.670     -24.101      -4.691     -14.219     -16.362     -22.466     -22.945     -25.765     -16.790     -23.075     -24.925     -26.056     -40.038     -10.284     -17.261     -13.456     -11.660     -16.798     -15.730     -23.461     -20.854     -19.052     -24.997     -38.638     -47.387     -15.118     -15.524      -4.104      -9.020     -19.103     -13.945     -21.054      -9.703     -31.817      -6.419     -14.880     -31.049     -13.009     -14.711     -22.349     -23.548     -23.579     -22.781     -37.758     -34.496     -35.482     -31.794     -32.139     -35.712     -35.923     -49.036     -47.338     -67.037     -62.992     -82.735     -74.862     -94.490      -6.634     -14.027     -14.395      -8.684     -16.498     -13.094     -17.274     -13.959     -37.228      -4.837     -18.599     -22.425      -5.901     -22.520     -16.567     -21.094     -16.877     -27.577      -3.755     -15.788     -19.813     -18.198     -10.839     -16.399     -13.986     -14.605     -12.505     -10.578      -9.926     -14.190      -7.209     -16.966      -8.011     -16.922     -48.645     -15.302     -23.563     -20.929     -21.719     -20.652     -56.647     -12.803     -19.684     -14.627     -16.412     -16.367     -27.589     -54.544     -34.239     -22.431     -24.963     -36.463     -49.302     -63.163     -76.583     -27.197     -40.059     -28.074     -14.833     -38.656     -21.092     -63.658     -28.103     -35.934     -30.293     -16.151     -38.813     -39.856     -20.764     -63.734     -27.782     -35.077     -14.509     -23.425     -12.464     -38.249      -9.026     -20.397     -18.874     -24.963     -25.964     -24.882     -28.596     -35.520     -50.254      -8.992     -11.923     -20.803     -16.096     -87.861     -65.128     -11.898     -14.152     -25.048     -25.561     -26.166     -31.839     -26.047     -44.467     -45.908 
  2       2.000       1.068      -9.264      -4.800      -1.732      -4.678      -2.292      -4.736      -7.278      -2.442      -3.422      -3.639      -4.226      -5.294      -2.730      -4.464      -7.378      -9.432      -5.914      -9.748      -8.482      -4.535       1.269     -27.171     -18.345      -2.384      -5.710     -23.747     -18.086     -14.708     -14.240     -14.678     -10.836      -8.685     -15.955     -23.640     -17.567     -41.795     -29.431     -21.936     -18.468     -19.559     -16.368     -14.676     -22.429     -13.278     -12.332     -11.449      -7.438      -2.275      -5.307      -9.086      -6.363      -6.711      -7.669      -7.539      -4.475      -5.044     -11.947      -6.982      -9.536      -8.891      -8.024     -20.257     -18.373     -21.928     -22.177     -17.331     -25.294     -10.646      -9.486     -12.638     -15.948     -14.149     -18.512     -20.872     -10.920     -16.859     -12.190     -10.512      -1.372     -17.165     -16.491     -13.529      -9.633     -18.320     -26.753     -17.774     -14.884     -20.152      -5.288     -17.294     -13.398      -9.914      -6.974      -9.039     -13.693     -12.338     -18.875     -13.067     -18.759     -15.379     -12.764     -16.314     -11.449      -7.842      -6.405      -2.354      -5.667      -5.690     -12.269     -14.129      -8.679      -5.086      -6.858      -7.813      -7.332      -7.294     -13.711     -11.123     -14.885     -17.451     -16.078     -14.937     -13.246     -10.766      -8.624     -12.218     -13.925     -14.545     -15.418     -10.574     -22.331     -15.466      -9.728     -10.091      -6.775      -9.162     -10.404     -11.081     -12.240     -15.073     -15.741     -11.538     -10.799      -9.050     -12.758     -13.644     -13.767     -10.093     -11.933     -17.116     -25.530     -12.636     -17.770     -25.780     -26.539     -11.758     -17.197     -17.841     -25.640     -44.819      -7.548     -11.783     -10.560     -12.307     -63.400     -60.522     -11.151     -15.426     -16.756     -27.484     -50.086     -19.065     -15.537     -27.337     -50.303     -27.970     -39.033     -50.592     -51.136     -20.978     -17.679     -26.823     -27.485     -39.600     -50.135     -61.493     -99.000     -20.192     -41.325     -20.036     -19.560     -41.237     -10.107     -14.549      -9.219     -13.103     -12.604     -32.305     -32.609     -33.082     -12.335     -13.619     -23.805     -24.741     -15.733     -20.092     -17.497     -14.232     -21.153     -18.949     -10.806      -5.752     -16.492     -21.693     -34.827     -59.782     -87.103     -39.223     -54.818     -62.338     -86.262     -16.528     -25.771     -27.877     -17.435     -25.327     -33.140     -49.070     -19.878     -23.364     -43.613     -22.100     -16.316     -25.532     -25.872     -37.250     -42.625     -45.333     -62.981     -16.243     -17.532      -8.637     -13.980     -16.667     -18.556     -18.471     -37.484     -49.346     -38.553     -52.947     -37.228     -89.529     -84.193     -41.072     -41.152     -14.184     -22.645     -18.558     -28.341     -13.776     -21.972     -34.203     -13.530     -21.025     -11.702     -38.240     -18.086     -27.735     -35.653     -17.630     -31.348     -26.236     -26.056     -21.083     -36.660     -37.096     -37.810     -24.401     -19.539     -18.686     -38.876     -30.061     -33.309     -38.815     -34.224     -42.611     -29.444     -26.931     -45.467     -44.175     -39.547     -36.819     -62.927     -69.805     -12.900     -11.902     -18.443     -12.107     -17.582     -33.941     -21.813     -20.253     -29.856     -41.569     -13.892     -31.314     -23.500     -20.638     -11.050     -21.131     -21.835     -26.046     -38.915     -18.722     -31.384     -40.503     -40.554     -34.272     -33.118     -31.325     -21.275     -21.881     -42.277     -37.740     -22.949     -26.612     -35.437     -34.214     -18.871     -17.143     -30.508     -30.759     -38.238     -47.162     -56.582     -36.776     -32.507     -41.878     -40.626     -27.019     -24.778     -54.230     -46.066     -76.599     -54.416     -35.864     -35.920     -70.277     -57.700     -71.081     -86.136     -85.399     -99.000     -99.000     -15.141     -10.055     -13.568      -8.742     -11.017     -16.841     -16.900     -25.984     -11.288     -10.578     -37.067     -14.842      -9.003     -17.568     -32.318      -2.324     -31.057     -10.048      -6.759     -10.253     -14.013     -25.703     -17.967     -47.640     -10.519     -13.891     -24.993     -18.316     -12.907     -13.734     -31.424     -41.001     -49.677     -18.203     -43.128     -13.979      -9.137      -9.256      -8.114      -7.356      -8.621     -18.115     -17.807     -45.085     -71.838     -30.589     -58.451     -18.684     -28.225     -39.127     -48.166     -57.175     -67.290     -23.789      -4.587     -14.045     -16.198     -22.311     -22.777     -25.587     -16.633     -22.930     -24.777     -25.931     -39.892     -10.149     -17.082     -13.293     -11.537     -16.667     -15.590     -23.290     -20.560     -18.790     -24.728     -38.314     -47.061     -14.899     -15.354      -4.001      -8.891     -18.883     -13.784     -20.846      -9.585     -31.568      -6.302     -14.710     -30.740     -12.872     -14.550     -22.153     -23.357     -23.362     -22.590     -37.513     -34.232     -35.249     -31.581     -31.940     -35.454     -35.676     -48.739     -47.065     -66.643     -62.645     -82.291     -74.488     -94.038      -6.497     -13.848     -14.165      -8.519     -16.312     -12.918     -17.072     -13.753     -36.811      -4.743     -18.410     -22.221      -5.768     -22.235     -16.348     -20.904     -16.668     -27.295      -3.662     -15.613     -19.623     -17.970     -10.687     -16.229     -13.804     -14.434     -12.327     -10.431      -9.733     -13.980      -7.071     -16.769      -7.890     -16.747     -48.499     -15.142     -23.377     -20.831     -21.606     -20.570     -56.426     -12.690     -19.509     -14.466     -16.298     -16.209     -27.411     -54.319     -34.145     -22.323     -24.870     -36.400     -49.247     -63.114     -76.545     -26.925     -39.901     -27.900     -14.692     -38.492     -20.948     -63.428     -27.947     -35.769     -30.110     -16.008     -38.601     -39.708     -20.642     -63.528     -27.661     -34.963     -14.389     -23.219     -12.288     -38.051      -8.931     -20.227     -18.704     -24.777     -25.798     -24.696     -28.451     -35.342     -50.078      -8.916     -11.751     -20.579     -15.885     -86.978     -64.745     -11.683     -13.907     -24.755     -25.213     -25.869     -31.449     -25.770     -44.001     -45.453 
  3       2.098       1.170      -9.062      -4.664      -1.637      -4.570      -2.191      -4.584      -7.168      -2.340      -3.320      -3.540      -4.124      -5.176      -2.629      -4.365      -7.255      -9.328      -5.810      -9.597      -8.380      -4.432       1.383     -26.983     -18.049      -2.283      -5.611     -23.558     -17.885     -14.513     -14.068     -14.429     -10.720      -8.560     -15.804     -23.408     -17.282     -41.308     -29.038     -21.661     -18.258     -19.355     -16.173     -14.422     -22.108     -13.120     -12.174     -11.213      -7.263      -2.163      -5.205      -8.918      -6.200      -6.566      -7.474      -7.391      -4.342      -4.929     -11.762      -6.827      -9.357      -8.729      -7.850     -19.954     -18.163     -21.605     -21.869     -17.086     -25.011     -10.446      -9.310     -12.402     -15.725     -13.933     -18.273     -20.562     -10.744     -16.591     -12.002     -10.311      -1.270     -16.952     -16.217     -13.331      -9.460     -18.082     -26.404     -17.527     -14.654     -19.889      -5.172     -17.103     -13.212      -9.725      -6.859      -8.890     -13.519     -12.171     -18.657     -12.887     -18.532     -15.240     -12.646     -16.150     -11.296      -7.704      -6.301      -2.252      -5.577      -5.589     -12.126     -13.960      -8.554      -4.994      -6.776      -7.701      -7.212      -7.192     -13.507     -10.985     -14.702     -17.258     -15.970     -14.830     -13.114     -10.639      -8.535     -12.056     -13.795     -14.397     -15.276     -10.461     -22.134     -15.322      -9.573      -9.954      -6.635      -9.041     -10.261     -10.939     -12.098     -14.957     -15.612     -11.406     -10.656      -8.942     -12.576     -13.500     -13.624      -9.969     -11.786     -16.991     -25.399     -12.529     -17.627     -25.631     -26.373     -11.674     -17.089     -17.756     -25.527     -44.632      -7.433     -11.627     -10.444     -12.180     -63.082     -60.330     -11.042     -15.311     -16.518     -27.266     -49.777     -18.839     -15.350     -27.068     -49.974     -27.734     -38.717     -50.246     -50.774     -20.752     -17.493     -26.594     -27.286     -39.326     -49.847     -61.125     -99.000     -19.926     -40.985     -19.790     -19.354     -40.947      -9.902     -14.337      -9.033     -12.900     -12.349     -31.984     -32.299     -32.786     -12.120     -13.351     -23.502     -24.446     -15.448     -19.846     -17.266     -14.029     -20.873     -18.688     -10.656      -5.650     -16.295     -21.382     -34.489     -59.330     -86.516     -38.880     -54.420     -61.927     -85.780     -16.240     -25.452     -27.555     -17.133     -24.945     -32.726     -48.605     -19.579     -23.058     -43.183     -21.772     -16.067     -25.169     -25.567     -36.782     -42.130     -44.789     -62.459     -16.108     -17.416      -8.498     -13.807     -16.479     -18.395     -18.327     -37.260     -49.029     -38.363     -52.614     -37.028     -89.017     -83.771     -40.762     -40.824     -14.017     -22.351     -18.372     -28.112     -13.661     -21.779     -33.943     -13.376     -20.834     -11.564     -38.033     -17.931     -27.454     -35.398     -17.472     -31.119     -26.021     -25.840     -20.945     -36.385     -36.812     -37.569     -24.202     -19.347     -18.542     -38.629     -29.851     -33.040     -38.589     -34.001     -42.351     -29.214     -26.765     -45.181     -43.886     -39.287     -36.616     -62.562     -69.403     -12.729     -11.787     -18.315     -11.978     -17.400     -33.721     -21.543     -20.070     -29.630     -41.271     -13.791     -31.053     -23.302     -20.478     -10.933     -20.981     -21.635     -25.811     -38.666     -18.587     -31.136     -40.197     -40.246     -34.054     -32.875     -31.131     -21.136     -21.772     -41.983     -37.534     -22.801     -26.425     -35.203     -33.992     -18.715     -17.042     -30.342     -30.559     -37.937     -46.849     -56.223     -36.618     -32.346     -41.674     -40.379     -26.855     -24.670     -53.828     -45.837     -76.114     -54.119     -35.699     -35.781     -69.775     -57.461     -70.713     -85.536     -84.991     -99.000     -99.000     -14.957      -9.912     -13.396      -8.590     -10.843     -16.648     -16.707     -25.750     -11.128     -10.424     -36.757     -14.654      -8.806     -17.315     -32.035      -2.207     -30.822      -9.867      -6.599     -10.041     -13.793     -25.356     -17.661     -47.368     -10.341     -13.736     -24.779     -18.051     -12.753     -13.567     -31.157     -40.695     -49.321     -17.974     -42.880     -13.837      -9.049      -9.159      -7.998      -7.280      -8.554     -17.942     -17.677     -44.990     -71.664     -30.395     -58.135     -18.506     -27.992     -38.848     -47.836     -56.789     -66.854     -23.461      -4.478     -13.856     -16.023     -22.145     -22.592     -25.383     -16.468     -22.777     -24.611     -25.785     -39.726     -10.001     -16.880     -13.121     -11.398     -16.516     -15.435     -23.100     -20.260     -18.515     -24.452     -37.981     -46.725     -14.667     -15.166      -3.892      -8.748     -18.657     -13.612     -20.627      -9.454     -31.301      -6.179     -14.526     -30.426     -12.726     -14.382     -21.948     -23.150     -23.136     -22.381     -37.243     -33.956     -34.993     -31.358     -31.724     -35.185     -35.410     -48.429     -46.770     -66.232     -62.272     -81.826     -74.087     -93.555      -6.354     -13.654     -13.929      -8.339     -16.106     -12.728     -16.852     -13.529     -36.382      -4.641     -18.201     -21.994      -5.630     -21.943     -16.115     -20.694     -16.443     -27.000      -3.561     -15.420     -19.411     -17.736     -10.522     -16.043     -13.615     -14.249     -12.143     -10.271      -9.536     -13.756      -6.931     -16.558      -7.766     -16.559     -48.328     -14.977     -23.179     -20.718     -21.474     -20.478     -56.180     -12.561     -19.320     -14.287     -16.160     -16.039     -27.217     -54.057     -34.031     -22.198     -24.757     -36.308     -49.153     -63.017     -76.450     -26.634     -39.714     -27.703     -14.539     -38.296     -20.788     -63.151     -27.771     -35.577     -29.908     -15.858     -38.366     -39.536     -20.512     -63.284     -27.531     -34.839     -14.250     -22.995     -12.099     -37.814      -8.830     -20.039     -18.518     -24.569     -25.604     -24.488     -28.281     -35.135     -49.859      -8.829     -11.577     -20.341     -15.662     -86.005     -64.319     -11.450     -13.640     -24.446     -24.843     -25.553     -31.038     -25.475     -43.508     -44.971 
  4       2.200       1.278      -8.861      -4.526      -1.540      -4.450      -2.082      -4.432      -7.058      -2.232      -3.212      -3.433      -4.016      -5.055      -2.522      -4.262      -7.121      -9.213      -5.700      -9.445      -8.272      -4.324       1.507     -26.773     -17.752      -2.175      -5.506     -23.369     -17.660     -14.306     -13.882     -14.179     -10.590      -8.421     -15.643     -23.153     -16.997     -40.822     -28.654     -21.391     -18.050     -19.146     -15.973     -14.155     -21.780     -12.947     -12.005     -10.972      -7.082      -2.042      -5.097      -8.733      -6.026      -6.409      -7.274      -7.233      -4.198      -4.803     -11.559      -6.659      -9.170      -8.555      -7.666     -19.650     -17.949     -21.286     -21.564     -16.843     -24.733     -10.243      -9.129     -12.168     -15.498     -13.713     -18.032     -20.242     -10.555     -16.313     -11.797     -10.106      -1.162     -16.738     -15.942     -13.125      -9.278     -17.839     -26.061     -17.283     -14.414     -19.613      -5.049     -16.911     -13.016      -9.533      -6.734      -8.732     -13.338     -11.998     -18.436     -12.709     -18.305     -15.086     -12.517     -15.984     -11.127      -7.555      -6.185      -2.144      -5.476      -5.477     -11.975     -13.776      -8.416      -4.895      -6.684      -7.578      -7.081      -7.084     -13.306     -10.844     -14.517     -17.049     -15.849     -14.715     -12.969     -10.504      -8.437     -11.893     -13.657     -14.242     -15.120     -10.339     -21.915     -15.165      -9.404      -9.803      -6.485      -8.907     -10.103     -10.786     -11.942     -14.824     -15.470     -11.256     -10.501      -8.820     -12.388     -13.344     -13.462      -9.831     -11.626     -16.850     -25.251     -12.404     -17.464     -25.460     -26.179     -11.576     -16.971     -17.655     -25.402     -44.417      -7.300     -11.456     -10.306     -12.037     -62.712     -60.111     -10.913     -15.172     -16.273     -27.036     -49.458     -18.603     -15.153     -26.788     -49.630     -27.481     -38.383     -49.880     -50.388     -20.521     -17.301     -26.361     -27.080     -39.048     -49.554     -60.748     -99.000     -19.648     -40.621     -19.538     -19.135     -40.646      -9.686     -14.110      -8.836     -12.683     -12.083     -31.639     -31.969     -32.477     -11.889     -13.065     -23.175     -24.132     -15.139     -19.583     -17.018     -13.818     -20.586     -18.420     -10.493      -5.537     -16.081     -21.066     -34.137     -58.853     -85.894     -38.535     -54.014     -61.509     -85.290     -15.944     -25.120     -27.225     -16.818     -24.537     -32.283     -48.105     -19.276     -22.743     -42.719     -21.440     -15.812     -24.804     -25.248     -36.310     -41.622     -44.239     -61.897     -15.951     -17.287      -8.341     -13.605     -16.274     -18.229     -18.169     -37.015     -48.696     -38.153     -52.275     -36.816     -88.499     -83.333     -40.437     -40.479     -13.835     -22.033     -18.175     -27.868     -13.531     -21.574     -33.669     -13.210     -20.623     -11.418     -37.801     -17.757     -27.149     -35.104     -17.295     -30.851     -25.792     -25.609     -20.786     -36.092     -36.512     -37.302     -23.985     -19.141     -18.383     -38.361     -29.615     -32.745     -38.334     -33.754     -42.060     -28.964     -26.576     -44.856     -43.558     -39.002     -36.384     -62.161     -68.952     -12.549     -11.657     -18.168     -11.841     -17.209     -33.476     -21.253     -19.880     -29.393     -40.958     -13.681     -30.786     -23.098     -20.303     -10.811     -20.822     -21.422     -25.560     -38.387     -18.442     -30.885     -39.886     -39.933     -33.809     -32.629     -30.924     -20.988     -21.652     -41.683     -37.310     -22.645     -26.229     -34.954     -33.755     -18.556     -16.933     -30.165     -30.346     -37.616     -46.533     -55.858     -36.444     -32.175     -41.452     -40.123     -26.686     -24.553     -53.401     -45.587     -75.624     -53.811     -35.526     -35.632     -69.241     -57.208     -70.335     -84.897     -84.571     -99.000     -99.000     -14.745      -9.755     -13.202      -8.421     -10.658     -16.439     -16.498     -25.497     -10.945     -10.256     -36.402     -14.440      -8.596     -17.046     -31.707      -2.074     -30.552      -9.669      -6.422      -9.811     -13.550     -24.981     -17.332     -47.044     -10.154     -13.571     -24.553     -17.780     -12.589     -13.390     -30.874     -40.369     -48.940     -17.738     -42.581     -13.677      -8.945      -9.047      -7.872      -7.190      -8.471     -17.758     -17.529     -44.835     -71.413     -30.172     -57.767     -18.306     -27.731     -38.534     -47.463     -56.353     -66.360     -23.130      -4.369     -13.656     -15.843     -21.970     -22.396     -25.154     -16.303     -22.621     -24.430     -25.619     -39.540      -9.842     -16.656     -12.945     -11.242     -16.344     -15.268     -22.893     -19.969     -18.236     -24.183     -37.654     -46.392     -14.433     -14.962      -3.781      -8.593     -18.436     -13.435     -20.403      -9.312     -31.025      -6.058     -14.330     -30.124     -12.575     -14.213     -21.745     -22.931     -22.911     -22.161     -36.954     -33.681     -34.717     -31.135     -31.493     -34.916     -35.132     -48.117     -46.461     -65.820     -61.885     -81.360     -73.671     -93.056      -6.212     -13.450     -13.699      -8.151     -15.885     -12.529     -16.618     -13.292     -35.961      -4.533     -17.976     -21.746      -5.493     -21.661     -15.876     -20.469     -16.209     -26.706      -3.454     -15.210     -19.178     -17.510     -10.350     -15.845     -13.430     -14.054     -11.962     -10.099      -9.346     -13.528      -6.795     -16.340      -7.642     -16.360     -48.129     -14.814     -22.977     -20.590     -21.323     -20.376     -55.911     -12.415     -19.122     -14.089     -15.994     -15.859     -27.011     -53.755     -33.893     -22.053     -24.620     -36.177     -49.007     -62.856     -76.277     -26.334     -39.495     -27.486     -14.379     -38.063     -20.614     -62.818     -27.573     -35.358     -29.690     -15.706     -38.113     -39.336     -20.378     -62.999     -27.394     -34.705     -14.088     -22.757     -11.905     -37.533      -8.724     -19.836     -18.319     -24.344     -25.383     -24.260     -28.083     -34.896     -49.591      -8.730     -11.409     -20.099     -15.435     -84.956     -63.854     -11.206     -13.355     -24.130     -24.464     -25.229     -30.621     -25.172     -43.006     -44.477 
  5       2.303       1.390      -8.670      -4.393      -1.444      -4.319      -1.971      -4.286      -6.955      -2.120      -3.100      -3.320      -3.904      -4.935      -2.411      -4.157      -6.975      -9.088      -5.588      -9.300      -8.160      -4.212       1.640     -26.541     -17.467      -2.063      -5.396     -23.189     -17.410     -14.090     -13.685     -13.937     -10.447      -8.269     -15.474     -22.874     -16.725     -40.360     -28.297     -21.139     -17.854     -18.940     -15.773     -13.881     -21.457     -12.758     -11.828     -10.735      -6.899      -1.915      -4.985      -8.532      -5.845      -6.242      -7.074      -7.065      -4.044      -4.667     -11.341      -6.480      -8.980      -8.372      -7.475     -19.357     -17.740     -20.985     -21.277     -16.613     -24.474     -10.043      -8.950     -11.947     -15.278     -13.499     -17.801     -19.924     -10.355     -16.032     -11.577      -9.904      -1.050     -16.532     -15.677     -12.918      -9.093     -17.599     -25.742     -17.056     -14.172     -19.332      -4.924     -16.725     -12.817      -9.343      -6.601      -8.568     -13.156     -11.824     -18.221     -12.542     -18.087     -14.919     -12.379     -15.821     -10.945      -7.399      -6.059      -2.033      -5.364      -5.356     -11.819     -13.579      -8.267      -4.789      -6.580      -7.445      -6.942      -6.972     -13.118     -10.705     -14.337     -16.829     -15.714     -14.593     -12.812     -10.364      -8.331     -11.733     -13.514     -14.084     -14.951     -10.207     -21.673     -14.995      -9.224      -9.638      -6.330      -8.758      -9.930     -10.625     -11.775     -14.672     -15.317     -11.087     -10.335      -8.685     -12.199     -13.178     -13.281      -9.679     -11.457     -16.695     -25.086     -12.260     -17.281     -25.267     -25.959     -11.463     -16.843     -17.536     -25.265     -44.173      -7.149     -11.269     -10.143     -11.880     -62.284     -59.865     -10.761     -15.004     -16.028     -26.798     -49.138     -18.363     -14.948     -26.504     -49.281     -27.216     -38.040     -49.504     -49.986     -20.293     -17.109     -26.135     -26.871     -38.777     -49.265     -60.377     -99.000     -19.367     -40.240     -19.287     -18.908     -40.345      -9.466     -13.874      -8.633     -12.456     -11.814     -31.276     -31.628     -32.160     -11.646     -12.768     -22.829     -23.805     -14.811     -19.307     -16.757     -13.605     -20.304     -18.155     -10.318      -5.414     -15.854     -20.757     -33.781     -58.361     -85.248     -38.198     -53.612     -61.099     -84.807     -15.650     -24.782     -26.896     -16.496     -24.112     -31.818     -47.576     -18.978     -22.428     -42.224     -21.117     -15.559     -24.449     -24.924     -35.851     -41.117     -43.703     -61.305     -15.771     -17.148      -8.164     -13.373     -16.055     -18.062     -17.997     -36.750     -48.356     -37.926     -51.944     -36.596     -87.997     -82.892     -40.106     -40.121     -13.642     -21.697     -17.971     -27.614     -13.387     -21.363     -33.386     -13.034     -20.394     -11.264     -37.545     -17.565     -26.822     -34.770     -17.099     -30.544     -25.555     -25.371     -20.605     -35.789     -36.202     -37.011     -23.753     -18.926     -18.207     -38.075     -29.356     -32.429     -38.051     -33.484     -41.738     -28.698     -26.364     -44.493     -43.190     -38.693     -36.122     -61.730     -68.451     -12.365     -11.512     -18.001     -11.699     -17.014     -33.205     -20.948     -19.689     -29.153     -40.642     -13.561     -30.525     -22.893     -20.115     -10.688     -20.657     -21.201     -25.298     -38.081     -18.291     -30.642     -39.581     -39.626     -33.535     -32.390     -30.708     -20.834     -21.521     -41.387     -37.073     -22.482     -26.031     -34.694     -33.506     -18.397     -16.818     -29.980     -30.126     -37.284     -46.226     -55.499     -36.256     -31.996     -41.214     -39.865     -26.515     -24.427     -52.958     -45.320     -75.147     -53.504     -35.347     -35.473     -68.687     -56.947     -69.959     -84.234     -84.153     -99.000     -99.000     -14.507      -9.586     -12.986      -8.237     -10.465     -16.219     -16.277     -25.229     -10.741     -10.080     -35.999     -14.198      -8.377     -16.767     -31.332      -1.926     -30.246      -9.456      -6.227      -9.563     -13.286     -24.587     -16.986     -46.665      -9.964     -13.400     -24.318     -17.512     -12.421     -13.208     -30.581     -40.031     -48.546     -17.502     -42.227     -13.498      -8.825      -8.919      -7.736      -7.087      -8.370     -17.569     -17.360     -44.606     -71.069     -29.919     -57.345     -18.085     -27.443     -38.184     -47.046     -55.867     -65.809     -22.807      -4.265     -13.449     -15.663     -21.792     -22.191     -24.901     -16.144     -22.467     -24.234     -25.430     -39.333      -9.676     -16.412     -12.773     -11.070     -16.149     -15.090     -22.673     -19.705     -17.964     -23.936     -37.350     -46.080     -14.204     -14.746      -3.674      -8.428     -18.231     -13.260     -20.185      -9.163     -30.747      -5.942     -14.129     -29.852     -12.423     -14.052     -21.552     -22.706     -22.698     -21.933     -36.651     -33.418     -34.427     -30.921     -31.253     -34.659     -34.848     -47.819     -46.146     -65.425     -61.495     -80.913     -73.250     -92.556      -6.079     -13.240     -13.486      -7.959     -15.654     -12.328     -16.375     -13.048     -35.570      -4.421     -17.738     -21.480      -5.364     -21.404     -15.642     -20.234     -15.971     -26.425      -3.344     -14.986     -18.926     -17.305     -10.176     -15.641     -13.256     -13.853     -11.792      -9.920      -9.175     -13.302      -6.670     -16.121      -7.526     -16.156     -47.902     -14.660     -22.778     -20.447     -21.151     -20.262     -55.622     -12.252     -18.921     -13.876     -15.796     -15.675     -26.796     -53.412     -33.729     -21.889     -24.456     -36.000     -48.798     -62.613     -76.005     -26.033     -39.241     -27.250     -14.216     -37.790     -20.428     -62.424     -27.356     -35.111     -29.461     -15.556     -37.845     -39.107     -20.241     -62.669     -27.252     -34.564     -13.904     -22.513     -11.711     -37.204      -8.617     -19.619     -18.110     -24.105     -25.132     -24.014     -27.855     -34.624     -49.267      -8.621     -11.259     -19.861     -15.211     -83.848     -63.356     -10.957     -13.059     -23.820     -24.088     -24.906     -30.214     -24.868     -42.511     -43.986 
  6       2.405       1.503      -8.494      -4.269      -1.353      -4.178      -1.857      -4.150      -6.859      -2.007      -2.985      -3.201      -3.790      -4.819      -2.298      -4.053      -6.820      -8.954      -5.474      -9.165      -8.047      -4.099       1.780     -26.290     -17.200      -1.949      -5.285     -23.023     -17.140     -13.870     -13.480     -13.708     -10.291      -8.105     -15.301     -22.575     -16.476     -39.935     -27.980     -20.914     -17.680     -18.740     -15.580     -13.607     -21.146     -12.558     -11.645     -10.507      -6.720      -1.784      -4.871      -8.319      -5.658      -6.067      -6.878      -6.892      -3.882      -4.525     -11.112      -6.292      -8.791      -8.185      -7.280     -19.086     -17.541     -20.714     -21.018     -16.404     -24.243      -9.853      -8.776     -11.744     -15.070     -13.296     -17.585     -19.613     -10.150     -15.754     -11.346      -9.712      -0.937     -16.340     -15.429     -12.713      -8.907     -17.368     -25.459     -16.852     -13.932     -19.050      -4.799     -16.550     -12.619      -9.161      -6.462      -8.401     -12.976     -11.652     -18.017     -12.392     -17.884     -14.740     -12.236     -15.668     -10.752      -7.240      -5.926      -1.919      -5.244      -5.227     -11.663     -13.371      -8.110      -4.677      -6.467      -7.307      -6.798      -6.859     -12.949     -10.573     -14.168     -16.602     -15.568     -14.466     -12.644     -10.222      -8.217     -11.580     -13.371     -13.927     -14.772     -10.069     -21.410     -14.816      -9.035      -9.463      -6.170      -8.598      -9.744     -10.456     -11.597     -14.503     -15.154     -10.901     -10.163      -8.538     -12.012     -13.006     -13.082      -9.514     -11.281     -16.526     -24.903     -12.097     -17.079     -25.052     -25.712     -11.337     -16.706     -17.399     -25.115     -43.900      -6.981     -11.070      -9.958     -11.712     -61.802     -59.591     -10.589     -14.810     -15.789     -26.558     -48.825     -18.125     -14.741     -26.222     -48.934     -26.943     -37.694     -49.125     -49.577     -20.072     -16.920     -25.921     -26.664     -38.518     -48.987     -60.019     -99.000     -19.089     -39.850     -19.043     -18.679     -40.048      -9.246     -13.631      -8.428     -12.223     -11.546     -30.903     -31.281     -31.843     -11.393     -12.464     -22.471     -23.472     -14.469     -19.021     -16.486     -13.395     -20.033     -17.899     -10.134      -5.284     -15.617     -20.462     -33.428     -57.865     -84.592     -37.878     -53.223     -60.707     -84.343     -15.364     -24.446     -26.575     -16.175     -23.677     -31.342     -47.026     -18.693     -22.120     -41.707     -20.809     -15.314     -24.114     -24.600     -35.417     -40.627     -43.191     -60.693     -15.569     -16.997      -7.972     -13.112     -15.825     -17.900     -17.815     -36.472     -48.021     -37.683     -51.629     -36.369     -87.523     -82.457     -39.775     -39.759     -13.442     -21.347     -17.764     -27.357     -13.229     -21.150     -33.105     -12.853     -20.151     -11.106     -37.270     -17.356     -26.480     -34.398     -16.887     -30.197     -25.315     -25.130     -20.403     -35.485     -35.892     -36.701     -23.510     -18.704     -18.017     -37.775     -29.076     -32.094     -37.744     -33.196     -41.388     -28.420     -26.129     -44.093     -42.788     -38.365     -35.831     -61.275     -67.907     -12.180     -11.354     -17.816     -11.556     -16.820     -32.915     -20.635     -19.503     -28.916     -40.331     -13.433     -30.277     -22.695     -19.915     -10.564     -20.489     -20.976     -25.029     -37.750     -18.134     -30.413     -39.290     -39.333     -33.234     -32.164     -30.489     -20.674     -21.378     -41.105     -36.827     -22.316     -25.834     -34.428     -33.248     -18.240     -16.698     -29.790     -29.901     -36.945     -45.936     -55.157     -36.056     -31.812     -40.962     -39.612     -26.344     -24.294     -52.506     -45.038     -74.697     -53.202     -35.166     -35.306     -68.123     -56.683     -69.593     -83.559     -83.747     -99.000     -99.000     -14.244      -9.408     -12.751      -8.042     -10.269     -15.991     -16.049     -24.953     -10.517      -9.900     -35.554     -13.933      -8.155     -16.484     -30.913      -1.766     -29.910      -9.231      -6.018      -9.305     -13.005     -24.179     -16.628     -46.233      -9.773     -13.227     -24.083     -17.253     -12.250     -13.027     -30.287     -39.689     -48.147     -17.271     -41.820     -13.304      -8.690      -8.776      -7.594      -6.969      -8.252     -17.383     -17.175     -44.301     -70.634     -29.637     -56.868     -17.846     -27.129     -37.801     -46.590     -55.334     -65.204     -22.499      -4.169     -13.240     -15.489     -21.615     -21.982     -24.627     -15.997     -22.319     -24.026     -25.221     -39.108      -9.507     -16.151     -12.611     -10.883     -15.937     -14.906     -22.445     -19.477     -17.705     -23.718     -37.078     -45.798     -13.988     -14.522      -3.572      -8.258     -18.051     -13.089     -19.978      -9.008     -30.476      -5.838     -13.925     -29.621     -12.274     -13.903     -21.376     -22.477     -22.504     -21.702     -36.337     -33.176     -34.127     -30.721     -31.007     -34.423     -34.564     -47.541     -45.830     -65.059     -61.110     -80.496     -72.833     -92.066      -5.958     -13.029     -13.301      -7.767     -15.417     -12.128     -16.129     -12.804     -35.224      -4.308     -17.490     -21.201      -5.246     -21.183     -15.416     -19.993     -15.736     -26.168      -3.233     -14.753     -18.661     -17.129     -10.004     -15.436     -13.101     -13.650     -11.640      -9.736      -9.029     -13.085      -6.561     -15.907      -7.421     -15.951     -47.646     -14.522     -22.587     -20.289     -20.959     -20.139     -55.317     -12.075     -18.722     -13.651     -15.570     -15.491     -26.576     -53.030     -33.538     -21.706     -24.266     -35.777     -48.522     -62.285     -75.628     -25.738     -38.955     -26.999     -14.053     -37.478     -20.232     -61.968     -27.120     -34.836     -29.224     -15.413     -37.566     -38.850     -20.106     -62.295     -27.108     -34.415     -13.700     -22.268     -11.521     -36.829      -8.510     -19.394     -17.895     -23.856     -24.855     -23.757     -27.600     -34.322     -48.890      -8.503     -11.131     -19.633     -14.996     -82.698     -62.832     -10.706     -12.757     -23.519     -23.722     -24.591     -29.823     -24.571     -42.033     -43.508 
  7       2.504       1.617      -8.336      -4.155      -1.268      -4.029      -1.743      -4.024      -6.775      -1.893      -2.869      -3.079      -3.677      -4.708      -2.186      -3.951      -6.658      -8.814      -5.360      -9.040      -7.933      -3.986       1.924     -26.022     -16.955      -1.835      -5.177     -22.873     -16.852     -13.649     -13.269     -13.494     -10.124      -7.932     -15.127     -22.259     -16.254     -39.556     -27.707     -20.721     -17.533     -18.551     -15.396     -13.335     -20.850     -12.347     -11.460     -10.292      -6.547      -1.654      -4.757      -8.096      -5.470      -5.888      -6.691      -6.715      -3.715      -4.377     -10.873      -6.099      -8.604      -7.997      -7.085     -18.840     -17.357     -20.477     -20.792     -16.222     -24.045      -9.675      -8.612     -11.564     -14.878     -13.109     -17.391     -19.315      -9.942     -15.483     -11.107      -9.531      -0.823     -16.162     -15.198     -12.512      -8.722     -17.149     -25.215     -16.678     -13.696     -18.771      -4.677     -16.389     -12.423      -8.988      -6.317      -8.234     -12.801     -11.485     -17.826     -12.263     -17.701     -14.555     -12.089     -15.526     -10.551      -7.080      -5.786      -1.805      -5.118      -5.093     -11.510     -13.157      -7.948      -4.561      -6.346      -7.164      -6.650      -6.745     -12.803     -10.450     -14.015     -16.371     -15.412     -14.336     -12.467     -10.079      -8.097     -11.436     -13.227     -13.771     -14.584      -9.926     -21.131     -14.629      -8.840      -9.278      -6.007      -8.428      -9.548     -10.283     -11.411     -14.317     -14.985     -10.699      -9.985      -8.381     -11.831     -12.829     -12.869      -9.338     -11.100     -16.345     -24.706     -11.919     -16.861     -24.818     -25.441     -11.198     -16.561     -17.247     -24.955     -43.599      -6.800     -10.862      -9.754     -11.535     -61.272     -59.291     -10.397     -14.593     -15.559     -26.318     -48.521     -17.890     -14.534     -25.945     -48.593     -26.667     -37.349     -48.747     -49.164     -19.863     -16.739     -25.720     -26.461     -38.275     -48.722     -59.680     -99.000     -18.816     -39.454     -18.809     -18.449     -39.759      -9.028     -13.386      -8.224     -11.984     -11.284     -30.522     -30.933     -31.529     -11.136     -12.159     -22.105     -23.136     -14.118     -18.729     -16.207     -13.191     -19.777     -17.655      -9.943      -5.148     -15.371     -20.182     -33.081     -57.368     -83.932     -37.578     -52.850     -60.336     -83.900     -15.090     -24.114     -26.266     -15.857     -23.236     -30.858     -46.460     -18.422     -21.821     -41.171     -20.518     -15.078     -23.800     -24.281     -35.009     -40.154     -42.708     -60.068     -15.348     -16.839      -7.767     -12.828     -15.587     -17.744     -17.623     -36.186     -47.697     -37.429     -51.334     -36.138     -87.086     -82.033     -39.449     -39.398     -13.238     -20.987     -17.559     -27.102     -13.060     -20.942     -32.831     -12.669     -19.897     -10.945     -36.979     -17.132     -26.126     -33.992     -16.662     -29.816     -25.077     -24.891     -20.182     -35.185     -35.587     -36.379     -23.259     -18.478     -17.814     -37.463     -28.779     -31.745     -37.417     -32.892     -41.014     -28.131     -25.874     -43.662     -42.355     -38.020     -35.515     -60.804     -67.326     -11.997     -11.188     -17.620     -11.411     -16.632     -32.612     -20.315     -19.324     -28.687     -40.033     -13.299     -30.049     -22.508     -19.706     -10.440     -20.318     -20.750     -24.754     -37.396     -17.973     -30.201     -39.017     -39.058     -32.909     -31.957     -30.268     -20.511     -21.226     -40.843     -36.576     -22.149     -25.639     -34.158     -32.986     -18.088     -16.573     -29.596     -29.671     -36.605     -45.669     -54.838     -35.847     -31.623     -40.699     -39.366     -26.174     -24.151     -52.053     -44.743     -74.281     -52.911     -34.982     -35.131     -67.556     -56.417     -69.242     -82.880     -83.358     -98.723     -99.000     -13.963      -9.221     -12.499      -7.838     -10.074     -15.762     -15.820     -24.676     -10.277      -9.720     -35.073     -13.650      -7.932     -16.201     -30.457      -1.598     -29.553      -8.997      -5.798      -9.038     -12.712     -23.765     -16.263     -45.757      -9.586     -13.058     -23.854     -17.004     -12.080     -12.848     -29.999     -39.353     -47.756     -17.050     -41.367     -13.098      -8.543      -8.623      -7.449      -6.842      -8.119     -17.203     -16.979     -43.926     -70.120     -29.328     -56.342     -17.591     -26.793     -37.389     -46.098     -54.760     -64.551     -22.208      -4.083     -13.031     -15.323     -21.442     -21.773     -24.335     -15.862     -22.180     -23.808     -24.995     -38.864      -9.339     -15.877     -12.462     -10.686     -15.710     -14.720     -22.214     -19.290     -17.464     -23.534     -36.844     -45.549     -13.790     -14.295      -3.478      -8.085     -17.900     -12.927     -19.785      -8.850     -30.216      -5.745     -13.721     -29.437     -12.130     -13.768     -21.219     -22.248     -22.332     -21.472     -36.018     -32.958     -33.820     -30.539     -30.759     -34.210     -34.283     -47.289     -45.518     -64.727     -60.734     -80.117     -72.426     -91.592      -5.853     -12.820     -13.146      -7.579     -15.178     -11.934     -15.885     -12.566     -34.929      -4.194     -17.235     -20.913      -5.144     -21.003     -15.205     -19.753     -15.506     -25.941      -3.124     -14.512     -18.386     -16.989      -9.839     -15.234     -12.967     -13.448     -11.508      -9.549      -8.909     -12.878      -6.470     -15.699      -7.329     -15.747     -47.361     -14.401     -22.408     -20.118     -20.752     -20.007     -54.998     -11.886     -18.529     -13.417     -15.319     -15.308     -26.355     -52.615     -33.322     -21.508     -24.054     -35.509     -48.186     -61.878     -75.154     -25.449     -38.637     -26.738     -13.891     -37.129     -20.028     -61.457     -26.867     -34.537     -28.984     -15.278     -37.279     -38.566     -19.971     -61.880     -26.960     -34.259     -13.479     -22.027     -11.338     -36.415      -8.406     -19.163     -17.677     -23.602     -24.556     -23.490     -27.321     -33.997     -48.468      -8.377     -11.027     -19.417     -14.790     -81.517     -62.287     -10.459     -12.452     -23.232     -23.370     -24.286     -29.453     -24.282     -41.575     -43.045 
  8       2.599       1.731      -8.194      -4.053      -1.193      -3.873      -1.629      -3.909      -6.699      -1.779      -2.754      -2.955      -3.563      -4.600      -2.074      -3.852      -6.490      -8.668      -5.248      -8.926      -7.820      -3.875       2.070     -25.742     -16.729      -1.722      -5.074     -22.738     -16.549     -13.427     -13.054     -13.293      -9.948      -7.751     -14.954     -21.930     -16.060     -39.222     -27.472     -20.559     -17.415     -18.372     -15.221     -13.070     -20.566     -12.131     -11.274     -10.088      -6.381      -1.526      -4.643      -7.866      -5.281      -5.706      -6.510      -6.537      -3.544      -4.227     -10.629      -5.902      -8.421      -7.807      -6.890     -18.620     -17.186     -20.271     -20.599     -16.067     -23.878      -9.510      -8.457     -11.405     -14.703     -12.937     -17.218     -19.028      -9.737     -15.219     -10.863      -9.360      -0.709     -15.997     -14.984     -12.315      -8.538     -16.941     -25.009     -16.530     -13.466     -18.495      -4.561     -16.241     -12.233      -8.823      -6.169      -8.068     -12.632     -11.321     -17.646     -12.157     -17.537     -14.366     -11.942     -15.397     -10.347      -6.922      -5.644      -1.692      -4.988      -4.957     -11.363     -12.939      -7.785      -4.443      -6.221      -7.020      -6.502      -6.632     -12.679     -10.339     -13.879     -16.139     -15.248     -14.204     -12.283      -9.935      -7.972     -11.299     -13.084     -13.618     -14.388      -9.778     -20.838     -14.436      -8.641      -9.086      -5.841      -8.249      -9.343     -10.105     -11.219     -14.120     -14.811     -10.485      -9.804      -8.216     -11.653     -12.649     -12.644      -9.155     -10.916     -16.154     -24.496     -11.730     -16.632     -24.569     -25.153     -11.051     -16.409     -17.083     -24.784     -43.274      -6.609     -10.650      -9.539     -11.356     -60.704     -58.967     -10.191     -14.360     -15.336     -26.080     -48.226     -17.659     -14.329     -25.675     -48.258     -26.390     -37.008     -48.373     -48.752     -19.661     -16.564     -25.530     -26.263     -38.045     -48.468     -59.358     -99.000     -18.551     -39.057     -18.584     -18.220     -39.478      -8.811     -13.142      -8.023     -11.742     -11.028     -30.139     -30.584     -31.219     -10.877     -11.853     -21.735     -22.799     -13.760     -18.432     -15.922     -12.994     -19.534     -17.422      -9.746      -5.009     -15.117     -19.913     -32.741     -56.875     -83.274     -37.294     -52.491     -59.981     -83.475     -14.824     -23.786     -25.967     -15.542     -22.792     -30.372     -45.878     -18.165     -21.530     -40.619     -20.240     -14.852     -23.504     -23.966     -34.622     -39.693     -42.247     -59.435     -15.113     -16.672      -7.554     -12.529     -15.345     -17.596     -17.425     -35.897     -47.390     -37.167     -51.060     -35.902     -86.683     -81.621     -39.127     -39.037     -13.035     -20.622     -17.359     -26.854     -12.883     -20.743     -32.571     -12.483     -19.634     -10.781     -36.678     -16.899     -25.764     -33.558     -16.427     -29.405     -24.845     -24.658     -19.947     -34.896     -35.293     -36.051     -23.003     -18.249     -17.601     -37.143     -28.470     -31.386     -37.076     -32.578     -40.623     -27.836     -25.603     -43.207     -41.898     -37.663     -35.178     -60.321     -66.718     -11.817     -11.017     -17.418     -11.267     -16.450     -32.303     -19.991     -19.156     -28.470     -39.752     -13.159     -29.843     -22.336     -19.490     -10.317     -20.146     -20.524     -24.476     -37.024     -17.809     -30.006     -38.761     -38.801     -32.565     -31.770     -30.049     -20.345     -21.066     -40.603     -36.326     -21.980     -25.449     -33.885     -32.720     -17.938     -16.441     -29.399     -29.438     -36.266     -45.422     -54.542     -35.631     -31.431     -40.427     -39.127     -26.003     -24.000     -51.601     -44.437     -73.896     -52.628     -34.794     -34.947     -66.991     -56.150     -68.905     -82.203     -82.983     -97.931     -99.000     -13.670      -9.028     -12.237      -7.630      -9.884     -15.537     -15.594     -24.404     -10.026      -9.544     -34.567     -13.355      -7.712     -15.921     -29.975      -1.424     -29.185      -8.758      -5.570      -8.766     -12.408     -23.348     -15.894     -45.250      -9.403     -12.896     -23.636     -16.764     -11.911     -12.674     -29.723     -39.031     -47.382     -16.839     -40.882     -12.882      -8.390      -8.465      -7.303      -6.707      -7.976     -17.035     -16.778     -43.499     -69.550     -28.997     -55.773     -17.324     -26.440     -36.954     -45.578     -54.152     -63.859     -21.930      -4.008     -12.824     -15.166     -21.273     -21.564     -24.029     -15.740     -22.048     -23.581     -24.754     -38.604      -9.175     -15.597     -12.328     -10.481     -15.474     -14.533     -21.984     -19.139     -17.238     -23.380     -36.642     -45.329     -13.608     -14.066      -3.393      -7.914     -17.777     -12.775     -19.609      -8.690     -29.968      -5.664     -13.519     -29.296     -11.992     -13.646     -21.080     -22.020     -22.182     -21.243     -35.694     -32.762     -33.508     -30.374     -30.509     -34.019     -34.006     -47.060     -45.209     -64.427     -60.367     -79.773     -72.027     -91.133      -5.761     -12.613     -13.020      -7.396     -14.942     -11.750     -15.646     -12.337     -34.684      -4.081     -16.977     -20.620      -5.055     -20.861     -15.006     -19.518     -15.283     -25.743      -3.016     -14.267     -18.106     -16.883      -9.682     -15.041     -12.853     -13.248     -11.396      -9.362      -8.814     -12.680      -6.394     -15.498      -7.249     -15.545     -47.053     -14.298     -22.241     -19.936     -20.530     -19.866     -54.668     -11.690     -18.346     -13.176     -15.051     -15.129     -26.134     -52.173     -33.085     -21.298     -23.826     -35.209     -47.801     -61.408     -74.601     -25.167     -38.295     -26.472     -13.730     -36.753     -19.818     -60.901     -26.601     -34.217     -28.745     -15.147     -36.986     -38.261     -19.834     -61.430     -26.807     -34.093     -13.246     -21.793     -11.161     -35.973      -8.306     -18.928     -17.458     -23.347     -24.240     -23.220     -27.026     -33.657     -48.015      -8.247     -10.944     -19.212     -14.592     -80.313     -61.725     -10.215     -12.146     -22.954     -23.027     -23.990     -29.096     -23.999     -41.131     -42.594 
  9       2.690       1.843      -8.063      -3.959      -1.126      -3.714      -1.517      -3.799      -6.631      -1.667      -2.639      -2.830      -3.450      -4.495      -1.964      -3.757      -6.318      -8.520      -5.136      -8.817      -7.707      -3.763       2.217     -25.454     -16.513      -1.609      -4.980     -22.615     -16.237     -13.205     -12.838     -13.098      -9.765      -7.564     -14.784     -21.592     -15.888     -38.923     -27.265     -20.420     -17.322     -18.202     -15.054     -12.811     -20.289     -11.911     -11.089      -9.893      -6.221      -1.403      -4.530      -7.631      -5.094      -5.524      -6.333      -6.358      -3.372      -4.075     -10.380      -5.705      -8.241      -7.619      -6.698     -18.421     -17.029     -20.088     -20.431     -15.937     -23.736      -9.357      -8.312     -11.261     -14.541     -12.778     -17.063     -18.750      -9.535     -14.959     -10.615      -9.195      -0.597     -15.841     -14.778     -12.120      -8.353     -16.742     -24.829     -16.404     -13.237     -18.220      -4.451     -16.103     -12.046      -8.663      -6.019      -7.902     -12.470     -11.161     -17.475     -12.069     -17.388     -14.177     -11.797     -15.280     -10.143      -6.768      -5.503      -1.579      -4.857      -4.821     -11.222     -12.721      -7.623      -4.325      -6.094      -6.876      -6.356      -6.520     -12.572     -10.237     -13.758     -15.911     -15.078     -14.069     -12.093      -9.791      -7.842     -11.165     -12.940     -13.467     -14.187      -9.627     -20.537     -14.239      -8.439      -8.890      -5.670      -8.064      -9.133      -9.924     -11.022     -13.915     -14.634     -10.263      -9.621      -8.045     -11.478     -12.468     -12.410      -8.968     -10.731     -15.957     -24.276     -11.536     -16.394     -24.308     -24.853     -10.899     -16.252     -16.910     -24.604     -42.930      -6.414     -10.438      -9.318     -11.179     -60.110     -58.621      -9.978     -14.118     -15.118     -25.844     -47.936     -17.431     -14.127     -25.410     -47.926     -26.114     -36.670     -48.001     -48.342     -19.465     -16.394     -25.346     -26.068     -37.822     -48.219     -59.048     -99.000     -18.290     -38.660     -18.364     -17.993     -39.199      -8.596     -12.898      -7.825     -11.496     -10.777     -29.754     -30.236     -30.909     -10.618     -11.547     -21.361     -22.462     -13.398     -18.129     -15.632     -12.803     -19.300     -17.196      -9.547      -4.871     -14.856     -19.648     -32.402     -56.382     -82.618     -37.018     -52.137     -59.635     -83.058     -14.564     -23.460     -25.671     -15.227     -22.345     -29.886     -45.284     -17.914     -21.242     -40.053     -19.967     -14.632     -23.217     -23.653     -34.246     -39.237     -41.795     -58.797     -14.868     -16.500      -7.338     -12.225     -15.100     -17.453     -17.221     -35.609     -47.102     -36.900     -50.801     -35.659     -86.305     -81.218     -38.807     -38.678     -12.835     -20.252     -17.166     -26.617     -12.702     -20.555     -32.329     -12.297     -19.365     -10.615     -36.371     -16.658     -25.397     -33.105     -16.185     -28.977     -24.621     -24.433     -19.704     -34.619     -35.013     -35.724     -22.745     -18.018     -17.381     -36.815     -28.153     -31.020     -36.729     -32.258     -40.221     -27.536     -25.320     -42.737     -41.426     -37.298     -34.827     -59.833     -66.092     -11.640     -10.848     -17.218     -11.122     -16.277     -31.996     -19.664     -18.996     -28.266     -39.491     -13.017     -29.657     -22.179     -19.268     -10.193     -19.973     -20.300     -24.193     -36.638     -17.641     -29.823     -38.519     -38.558     -32.206     -31.597     -29.832     -20.176     -20.901     -40.384     -36.078     -21.809     -25.261     -33.611     -32.451     -17.787     -16.304     -29.198     -29.198     -35.929     -45.190     -54.265     -35.411     -31.235     -40.145     -38.892     -25.828     -23.840     -51.151     -44.120     -73.535     -52.351     -34.599     -34.753     -66.428     -55.878     -68.577     -81.529     -82.617     -97.144     -99.000     -13.374      -8.832     -11.970      -7.421      -9.700     -15.319     -15.376     -24.143      -9.770      -9.377     -34.047     -13.057      -7.494     -15.645     -29.479      -1.250     -28.817      -8.516      -5.337      -8.494     -12.101     -22.934     -15.523     -44.726      -9.222     -12.743     -23.432     -16.528     -11.743     -12.508     -29.461     -38.727     -47.031     -16.636     -40.382     -12.663      -8.235      -8.306      -7.158      -6.570      -7.830     -16.883     -16.580     -43.042     -68.957     -28.648     -55.173     -17.048     -26.074     -36.501     -45.037     -53.522     -63.140     -21.658      -3.940     -12.620     -15.017     -21.108     -21.359     -23.714     -15.628     -21.921     -23.347     -24.504     -38.330      -9.016     -15.313     -12.207     -10.274     -15.236     -14.350     -21.759     -19.015     -17.024     -23.246     -36.464     -45.129     -13.441     -13.839      -3.315      -7.747     -17.676     -12.630     -19.445      -8.530     -29.731      -5.593     -13.319     -29.188     -11.857     -13.535     -20.955     -21.792     -22.047     -21.014     -35.367     -32.584     -33.192     -30.221     -30.258     -33.846     -33.733     -46.848     -44.903     -64.151     -60.007     -79.453     -71.635     -90.684      -5.681     -12.409     -12.918      -7.218     -14.710     -11.576     -15.414     -12.118     -34.478      -3.969     -16.716     -20.326      -4.977     -20.749     -14.819     -19.290     -15.065     -25.571      -2.910     -14.019     -17.825     -16.805      -9.534     -14.858     -12.755     -13.050     -11.300      -9.175      -8.735     -12.488      -6.330     -15.302      -7.179     -15.346     -46.725     -14.208     -22.085     -19.747     -20.300     -19.717     -54.329     -11.492     -18.171     -12.932     -14.775     -14.952     -25.913     -51.713     -32.834     -21.082     -23.590     -34.889     -47.386     -60.899     -74.000     -24.886     -37.936     -26.206     -13.569     -36.357     -19.601     -60.315     -26.325     -33.882     -28.508     -15.019     -36.690     -37.940     -19.696     -60.955     -26.648     -33.916     -13.009     -21.569     -10.988     -35.517      -8.209     -18.693     -17.240     -23.094     -23.915     -22.950     -26.721     -33.310     -47.546      -8.116     -10.876     -19.015     -14.398     -79.093     -61.151      -9.973     -11.841     -22.680     -22.689     -23.698     -28.745     -23.719     -40.690     -42.146 
 10       2.778       1.956      -7.935      -3.869      -1.066      -3.553      -1.404      -3.691      -6.566      -1.554      -2.524      -2.706      -3.337      -4.390      -1.854      -3.664      -6.144      -8.372      -5.025      -8.710      -7.594      -3.653       2.362     -25.165     -16.300      -1.496      -4.896     -22.497     -15.920     -12.984     -12.621     -12.903      -9.579      -7.374     -14.615     -21.249     -15.730     -38.643     -27.068     -20.295     -17.249     -18.035     -14.892     -12.558     -20.011     -11.691     -10.904      -9.702      -6.067      -1.285      -4.417      -7.396      -4.907      -5.341      -6.157      -6.179      -3.199      -3.925     -10.131      -5.508      -8.062      -7.432      -6.507     -18.235     -16.878     -19.917     -20.280     -15.823     -23.608      -9.210      -8.172     -11.124     -14.388     -12.627     -16.919     -18.476      -9.339     -14.701     -10.367      -9.031      -0.484     -15.687     -14.573     -11.923      -8.166     -16.545     -24.662     -16.290     -13.007     -17.943      -4.346     -15.971     -11.862      -8.504      -5.867      -7.738     -12.311     -11.000     -17.305     -11.994     -17.248     -13.991     -11.655     -15.171      -9.941      -6.618      -5.363      -1.467      -4.728      -4.688     -11.089     -12.506      -7.465      -4.207      -5.968      -6.737      -6.213      -6.408     -12.475     -10.144     -13.647     -15.686     -14.904     -13.932     -11.901      -9.647      -7.710     -11.031     -12.796     -13.317     -13.983      -9.475     -20.234     -14.040      -8.235      -8.691      -5.496      -7.876      -8.922      -9.739     -10.823     -13.707     -14.456     -10.038      -9.438      -7.873     -11.304     -12.286     -12.173      -8.779     -10.547     -15.756     -24.050     -11.341     -16.153     -24.043     -24.548     -10.745     -16.090     -16.733     -24.418     -42.573      -6.220     -10.229      -9.101     -11.008     -59.507     -58.261      -9.761     -13.876     -14.901     -25.610     -47.644     -17.203     -13.927     -25.147     -47.594     -25.840     -36.333     -47.630     -47.932     -19.269     -16.227     -25.163     -25.873     -37.598     -47.968     -58.743     -99.000     -18.032     -38.263     -18.146     -17.767     -38.918      -8.379     -12.655      -7.629     -11.246     -10.527     -29.368     -29.887     -30.599     -10.361     -11.241     -20.987     -22.123     -13.035     -17.820     -15.338     -12.615     -19.068     -16.973      -9.345      -4.735     -14.589     -19.378     -32.063     -55.888     -81.963     -36.742     -51.779     -59.286     -82.637     -14.302     -23.132     -25.374     -14.909     -21.894     -29.400     -44.678     -17.663     -20.951     -39.476     -19.692     -14.414     -22.928     -23.340     -33.867     -38.773     -41.336     -58.157     -14.619     -16.324      -7.124     -11.924     -14.856     -17.313     -17.015     -35.328     -46.832     -36.633     -50.550     -35.410     -85.939     -80.816     -38.486     -38.318     -12.642     -19.882     -16.980     -26.390     -12.520     -20.379     -32.104     -12.112     -19.095     -10.448     -36.064     -16.415     -25.027     -32.642     -15.941     -28.539     -24.404     -24.216     -19.458     -34.356     -34.747     -35.404     -22.488     -17.784     -17.157     -36.482     -27.834     -30.651     -36.383     -31.936     -39.814     -27.232     -25.032     -42.261     -40.948     -36.928     -34.470     -59.346     -65.462     -11.464     -10.684     -17.026     -10.977     -16.110     -31.697     -19.335     -18.843     -28.073     -39.246     -12.873     -29.487     -22.033     -19.042     -10.066     -19.797     -20.076     -23.906     -36.242     -17.471     -29.646     -38.283     -38.321     -31.838     -31.435     -29.618     -20.004     -20.731     -40.178     -35.836     -21.636     -25.073     -33.335     -32.179     -17.632     -16.160     -28.993     -28.953     -35.592     -44.965     -53.999     -35.188     -31.034     -39.857     -38.658     -25.648     -23.671     -50.702     -43.795     -73.184     -52.076     -34.395     -34.550     -65.867     -55.602     -68.252     -80.857     -82.253     -96.358     -99.000     -13.081      -8.633     -11.702      -7.215      -9.522     -15.111     -15.168     -23.895      -9.514      -9.220     -33.524     -12.763      -7.280     -15.373     -28.983      -1.080     -28.461      -8.274      -5.103      -8.223     -11.792     -22.523     -15.152     -44.203      -9.044     -12.600     -23.243     -16.290     -11.576     -12.346     -29.215     -38.443     -46.703     -16.438     -39.884     -12.443      -8.083      -8.151      -7.017      -6.435      -7.687     -16.746     -16.389     -42.581     -68.372     -28.289     -54.555     -16.767     -25.702     -36.041     -44.486     -52.878     -62.407     -21.382      -3.877     -12.417     -14.874     -20.945     -21.157     -23.395     -15.521     -21.795     -23.109     -24.249     -38.046      -8.864     -15.031     -12.096     -10.067     -15.001     -14.170     -21.543     -18.903     -16.814     -23.122     -36.294     -44.936     -13.282     -13.616      -3.241      -7.586     -17.588     -12.490     -19.289      -8.370     -29.502      -5.527     -13.120     -29.099     -11.723     -13.428     -20.837     -21.564     -21.921     -20.786     -35.036     -32.414     -32.875     -30.074     -30.004     -33.680     -33.460     -46.644     -44.597     -63.885     -59.648     -79.144     -71.242     -90.237      -5.607     -12.207     -12.831      -7.043     -14.484     -11.410     -15.189     -11.910     -34.294      -3.856     -16.454     -20.034      -4.904     -20.654     -14.638     -19.072     -14.851     -25.415      -2.806     -13.771     -17.546     -16.746      -9.393     -14.685     -12.665     -12.853     -11.213      -8.988      -8.663     -12.298      -6.271     -15.107      -7.114     -15.148     -46.384     -14.126     -21.935     -19.553     -20.066     -19.564     -53.985     -11.295     -18.006     -12.688     -14.500     -14.777     -25.692     -51.246     -32.576     -20.864     -23.354     -34.564     -46.965     -60.380     -73.385     -24.601     -37.569     -25.943     -13.406     -35.955     -19.380     -59.717     -26.043     -33.539     -28.276     -14.889     -36.391     -37.611     -19.551     -60.468     -26.481     -33.729     -12.772     -21.354     -10.815     -35.059      -8.116     -18.457     -17.023     -22.845     -23.590     -22.684     -26.414     -32.966     -47.080      -7.987     -10.814     -18.820     -14.204     -77.859     -60.570      -9.732     -11.535     -22.402     -22.346     -23.404     -28.387     -23.434     -40.242     -41.690 
 11       2.866       2.069      -7.805      -3.781      -1.011      -3.392      -1.292      -3.579      -6.501      -1.442      -2.410      -2.582      -3.224      -4.283      -1.745      -3.572      -5.969      -8.224      -4.913      -8.598      -7.482      -3.542       2.506     -24.877     -16.079      -1.384      -4.820     -22.377     -15.605     -12.763     -12.404     -12.700      -9.391      -7.185     -14.449     -20.904     -15.577     -38.367     -26.866     -20.172     -17.185     -17.869     -14.731     -12.307     -19.726     -11.473     -10.721      -9.508      -5.913      -1.173      -4.305      -7.163      -4.721      -5.160      -5.979      -6.001      -3.028      -3.777      -9.882      -5.314      -7.881      -7.246      -6.317     -18.051     -16.729     -19.745     -20.131     -15.716     -23.482      -9.066      -8.034     -10.985     -14.236     -12.479     -16.779     -18.199      -9.148     -14.440     -10.119      -8.863      -0.372     -15.528     -14.361     -11.721      -7.974     -16.346     -24.493     -16.177     -12.774     -17.664      -4.245     -15.838     -11.679      -8.341      -5.714      -7.573     -12.154     -10.838     -17.132     -11.924     -17.109     -13.811     -11.517     -15.065      -9.744      -6.472      -5.228      -1.354      -4.602      -4.559     -10.961     -12.294      -7.312      -4.091      -5.845      -6.600      -6.074      -6.295     -12.378     -10.055     -13.542     -15.464     -14.731     -13.793     -11.707      -9.500      -7.576     -10.891     -12.651     -13.166     -13.777      -9.322     -19.931     -13.840      -8.031      -8.492      -5.317      -7.687      -8.710      -9.552     -10.624     -13.500     -14.279      -9.814      -9.255      -7.702     -11.126     -12.105     -11.936      -8.592     -10.362     -15.554     -23.822     -11.150     -15.914     -23.778     -24.245     -10.593     -15.925     -16.557     -24.227     -42.209      -6.030     -10.024      -8.891     -10.845     -58.908     -57.890      -9.548     -13.641     -14.681     -25.375     -47.345     -16.971     -13.728     -24.882     -47.258     -25.568     -35.996     -47.257     -47.523     -19.068     -16.059     -24.973     -25.676     -37.368     -47.708     -58.434     -99.000     -17.772     -37.866     -17.924     -17.541     -38.631      -8.160     -12.414      -7.435     -10.992     -10.276     -28.983     -29.536     -30.284     -10.105     -10.934     -20.612     -21.782     -12.671     -17.508     -15.039     -12.427     -18.834     -16.745      -9.143      -4.603     -14.317     -19.097     -31.717     -55.391     -81.305     -36.456     -51.411     -58.926     -82.202     -14.034     -22.798     -25.069     -14.586     -21.440     -28.914     -44.062     -17.404     -20.653     -38.890     -19.405     -14.192     -22.628     -23.022     -33.472     -38.294     -40.859     -57.515     -14.373     -16.146      -6.916     -11.632     -14.613     -17.174     -16.808     -35.054     -46.575     -36.366     -50.297     -35.153     -85.571     -80.411     -38.161     -37.957     -12.454     -19.511     -16.798     -26.173     -12.340     -20.213     -31.892     -11.928     -18.826     -10.279     -35.760     -16.174     -24.656     -32.180     -15.698     -28.104     -24.195     -24.006     -19.215     -34.104     -34.492     -35.093     -22.232     -17.548     -16.931     -36.147     -27.517     -30.281     -36.042     -31.616     -39.409     -26.927     -24.743     -41.787     -40.473     -36.557     -34.113     -58.864     -64.835     -11.288     -10.527     -16.844     -10.830     -15.947     -31.409     -19.003     -18.693     -27.887     -39.014     -12.729     -29.325     -21.895     -18.814      -9.935     -19.618     -19.851     -23.613     -35.843     -17.298     -29.467     -38.045     -38.082     -31.468     -31.275     -29.406     -19.829     -20.560     -39.980     -35.599     -21.460     -24.882     -33.056     -31.904     -17.471     -16.011     -28.784     -28.700     -35.255     -44.738     -53.735     -34.964     -30.829     -39.564     -38.421     -25.459     -23.496     -50.252     -43.464     -72.831     -51.796     -34.181     -34.338     -65.305     -55.319     -67.921     -80.183     -81.883     -95.572     -99.000     -12.797      -8.433     -11.439      -7.013      -9.349     -14.911     -14.968     -23.661      -9.264      -9.072     -33.010     -12.478      -7.067     -15.102     -28.496      -0.915     -28.121      -8.033      -4.870      -7.955     -11.486     -22.116     -14.781     -43.693      -8.866     -12.465     -23.066     -16.043     -11.408     -12.190     -28.981     -38.175     -46.396     -16.241     -39.401     -12.227      -7.939      -8.004      -6.879      -6.304      -7.550     -16.622     -16.210     -42.139     -67.821     -27.927     -53.933     -16.485     -25.328     -35.579     -43.933     -52.233     -61.671     -21.095      -3.814     -12.215     -14.732     -20.782     -20.957     -23.079     -15.413     -21.668     -22.867     -23.996     -37.756      -8.716     -14.754     -11.990      -9.864     -14.773     -13.994     -21.334     -18.790     -16.600     -22.994     -36.121     -44.737     -13.125     -13.396      -3.169      -7.431     -17.503     -12.351     -19.135      -8.211     -29.276      -5.461     -12.922     -29.011     -11.589     -13.321     -20.719     -21.335     -21.795     -20.558     -34.703     -32.243     -32.555     -29.924     -29.746     -33.514     -33.186     -46.438     -44.287     -63.617     -59.285     -78.832     -70.844     -89.784      -5.534     -12.005     -12.746      -6.871     -14.262     -11.249     -14.971     -11.709     -34.112      -3.744     -16.192     -19.745      -4.833     -20.562     -14.459     -18.861     -14.637     -25.265      -2.702     -13.523     -17.271     -16.693      -9.256     -14.521     -12.577     -12.656     -11.127      -8.801      -8.589     -12.105      -6.210     -14.910      -7.050     -14.949     -46.039     -14.044     -21.787     -19.357     -19.834     -19.407     -53.637     -11.102     -17.845     -12.446     -14.234     -14.601     -25.471     -50.781     -32.317     -20.649     -23.123     -34.248     -46.554     -59.875     -72.787     -24.309     -37.203     -25.687     -13.240     -35.555     -19.157     -59.124     -25.759     -33.195     -28.047     -14.755     -36.091     -37.281     -19.400     -59.978     -26.305     -33.531     -12.541     -21.145     -10.639     -34.613      -8.024     -18.223     -16.807     -22.602     -23.269     -22.422     -26.114     -32.632     -46.631      -7.861     -10.749     -18.622     -14.003     -76.615     -59.986      -9.489     -11.229     -22.114     -21.994     -23.101     -28.014     -23.142     -39.776     -41.218 
 12       2.953       2.182      -7.665      -3.689      -0.957      -3.233      -1.179      -3.460      -6.431      -1.328      -2.295      -2.460      -3.111      -4.172      -1.635      -3.481      -5.795      -8.079      -4.801      -8.480      -7.369      -3.430       2.647     -24.595     -15.845      -1.271      -4.749     -22.251     -15.294     -12.540     -12.187     -12.485      -9.204      -6.997     -14.285     -20.563     -15.418     -38.076     -26.645     -20.040     -17.121     -17.698     -14.567     -12.055     -19.429     -11.258     -10.537      -9.307      -5.758      -1.065      -4.191      -6.932      -4.536      -4.980      -5.795      -5.824      -2.858      -3.631      -9.635      -5.121      -7.698      -7.060      -6.128     -17.860     -16.577     -19.561     -19.973     -15.605     -23.347      -8.918      -7.893     -10.837     -14.079     -12.327     -16.635     -17.916      -8.961     -14.174      -9.874      -8.688      -0.258     -15.359     -14.136     -11.514      -7.779     -16.141     -24.310     -16.056     -12.535     -17.378      -4.147     -15.699     -11.493      -8.171      -5.562      -7.408     -11.996     -10.671     -16.951     -11.852     -16.965     -13.636     -11.382     -14.959      -9.552      -6.329      -5.097      -1.241      -4.480      -4.434     -10.836     -12.087      -7.163      -3.976      -5.727      -6.467      -5.939      -6.182     -12.276      -9.967     -13.436     -15.246     -14.560     -13.653     -11.515      -9.352      -7.442     -10.744     -12.503     -13.012     -13.570      -9.170     -19.634     -13.641      -7.828      -8.294      -5.135      -7.499      -8.502      -9.363     -10.426     -13.299     -14.103      -9.594      -9.074      -7.533     -10.944     -11.926     -11.702      -8.408     -10.179     -15.353     -23.594     -10.967     -15.679     -23.516     -23.950     -10.446     -15.759     -16.384     -24.034     -41.847      -5.847      -9.825      -8.693     -10.689     -58.323     -57.518      -9.342     -13.417     -14.454     -25.139     -47.037     -16.735     -13.529     -24.612     -46.915     -25.297     -35.657     -46.880     -47.113     -18.859     -15.886     -24.774     -25.474     -37.126     -47.436     -58.113     -99.000     -17.508     -37.469     -17.696     -17.313     -38.335      -7.936     -12.172      -7.240     -10.736     -10.020     -28.597     -29.182     -29.963      -9.851     -10.626     -20.238     -21.438     -12.309     -17.191     -14.738     -12.236     -18.591     -16.510      -8.942      -4.475     -14.043     -18.800     -31.363     -54.887     -80.644     -36.154     -51.026     -58.546     -81.744     -13.755     -22.456     -24.753     -14.255     -20.981     -28.427     -43.440     -17.133     -20.343     -38.301     -19.101     -13.962     -22.310     -22.698     -33.055     -37.794     -40.354     -56.872     -14.133     -15.967      -6.714     -11.355     -14.372     -17.032     -16.602     -34.788     -46.323     -36.103     -50.036     -34.890     -85.186     -79.995     -37.830     -37.592     -12.272     -19.141     -16.620     -25.961     -12.164     -20.052     -31.689     -11.745     -18.559     -10.109     -35.463     -15.936     -24.287     -31.725     -15.459     -27.679     -23.989     -23.799     -18.978     -33.858     -34.243     -34.793     -21.980     -17.311     -16.707     -35.811     -27.206     -29.913     -35.711     -31.301     -39.011     -26.623     -24.459     -41.322     -40.007     -36.190     -33.762     -58.388     -64.220     -11.111     -10.378     -16.675     -10.681     -15.785     -31.134     -18.669     -18.542     -27.704     -38.785     -12.585     -29.163     -21.759     -18.586      -9.800     -19.436     -19.626     -23.317     -35.444     -17.122     -29.280     -37.799     -37.835     -31.101     -31.112     -29.194     -19.652     -20.389     -39.780     -35.367     -21.281     -24.688     -32.774     -31.628     -17.302     -15.859     -28.571     -28.440     -34.916     -44.499     -53.463     -34.740     -30.620     -39.269     -38.178     -25.263     -23.316     -49.800     -43.129     -72.462     -51.507     -33.959     -34.121     -64.740     -55.028     -67.579     -79.506     -81.500     -94.781     -99.000     -12.525      -8.235     -11.183      -6.817      -9.180     -14.719     -14.775     -23.436      -9.022      -8.931     -32.511     -12.205      -6.856     -14.832     -28.026      -0.757     -27.801      -7.795      -4.642      -7.691     -11.184     -21.713     -14.410     -43.205      -8.686     -12.335     -22.898     -15.786     -11.238     -12.034     -28.755     -37.917     -46.103     -16.039     -38.942     -12.017      -7.802      -7.866      -6.745      -6.180      -7.422     -16.505     -16.044     -41.730     -67.319     -27.568     -53.319     -16.207     -24.960     -35.123     -43.387     -51.596     -60.945     -20.792      -3.749     -12.011     -14.588     -20.617     -20.758     -22.767     -15.301     -21.536     -22.624     -23.746     -37.464      -8.572     -14.483     -11.883      -9.666     -14.555     -13.822     -21.132     -18.663     -16.379     -22.852     -35.931     -44.521     -12.963     -13.180      -3.094      -7.280     -17.411     -12.210     -18.978      -8.054     -29.048      -5.391     -12.722     -28.910     -11.452     -13.209     -20.593     -21.104     -21.662     -20.327     -34.367     -32.062     -32.234     -29.766     -29.486     -33.339     -32.907     -46.222     -43.972     -63.334     -58.913     -78.503     -70.436     -89.318      -5.457     -11.801     -12.654      -6.697     -14.045     -11.090     -14.757     -11.513     -33.917      -3.631     -15.931     -19.461      -4.757     -20.459     -14.275     -18.657     -14.421     -25.110      -2.599     -13.277     -17.002     -16.634      -9.121     -14.362     -12.482     -12.458     -11.036      -8.615      -8.505     -11.904      -6.142     -14.709      -6.981     -14.749     -45.694     -13.957     -21.635     -19.164     -19.606     -19.248     -53.289     -10.915     -17.686     -12.206     -13.981     -14.424     -25.249     -50.326     -32.063     -20.440     -22.904     -33.950     -46.170     -59.403     -72.229     -24.005     -36.845     -25.437     -13.070     -35.167     -18.933     -58.548     -25.477     -32.856     -27.822     -14.613     -35.791     -36.956     -19.242     -59.497     -26.123     -33.326     -12.318     -20.941     -10.459     -34.186      -7.933     -17.991     -16.592     -22.363     -22.957     -22.167     -25.823     -32.311     -46.207      -7.739     -10.674     -18.416     -13.792     -75.368     -59.404      -9.242     -10.921     -21.812     -21.626     -22.788     -27.620     -22.838     -39.286     -40.725 
 13       3.041       2.296      -7.515      -3.591      -0.901      -3.077      -1.064      -3.333      -6.355      -1.214      -2.179      -2.337      -2.996      -4.057      -1.524      -3.388      -5.623      -7.936      -4.686      -8.354      -7.254      -3.316       2.786     -24.319     -15.594      -1.156      -4.681     -22.114     -14.988     -12.316     -11.969     -12.257      -9.018      -6.811     -14.121     -20.225     -15.247     -37.763     -26.397     -19.893     -17.049     -17.521     -14.398     -11.802     -19.118     -11.047     -10.354      -9.098      -5.600      -0.958      -4.076      -6.705      -4.350      -4.801      -5.605      -5.646      -2.690      -3.487      -9.390      -4.930      -7.511      -6.874      -5.937     -17.658     -16.417     -19.360     -19.801     -15.486     -23.196      -8.763      -7.748     -10.676     -13.915     -12.168     -16.482     -17.623      -8.775     -13.901      -9.631      -8.504      -0.144     -15.179     -13.896     -11.299      -7.578     -15.927     -24.105     -15.922     -12.289     -17.087      -4.048     -15.553     -11.304      -7.994      -5.409      -7.241     -11.835     -10.499     -16.760     -11.772     -16.810     -13.466     -11.248     -14.847      -9.364      -6.186      -4.969      -1.127      -4.362      -4.312     -10.712     -11.882      -7.017      -3.862      -5.612      -6.337      -5.805      -6.068     -12.162      -9.874     -13.325     -15.029     -14.391     -13.512     -11.324      -9.202      -7.308     -10.588     -12.352     -12.855     -13.364      -9.017     -19.342     -13.444      -7.625      -8.098      -4.950      -7.314      -8.295      -9.172     -10.229     -13.104     -13.929      -9.381      -8.894      -7.367     -10.756     -11.746     -11.474      -8.228      -9.997     -15.156     -23.370     -10.791     -15.451     -23.261     -23.664     -10.303     -15.592     -16.217     -23.841     -41.489      -5.671      -9.630      -8.505     -10.540     -57.758     -57.147      -9.143     -13.205     -14.218     -24.899     -46.717     -16.493     -13.328     -24.337     -46.563     -25.026     -35.312     -46.498     -46.700     -18.639     -15.708     -24.562     -25.266     -36.869     -47.149     -57.777     -99.000     -17.237     -37.070     -17.457     -17.082     -38.027      -7.708     -11.930      -7.043     -10.476      -9.759     -28.211     -28.824     -29.634      -9.598     -10.315     -19.865     -21.090     -11.947     -16.871     -14.435     -12.041     -18.337     -16.265      -8.742      -4.349     -13.768     -18.486     -31.000     -54.377     -79.977     -35.833     -50.622     -58.144     -81.262     -13.465     -22.105     -24.423     -13.915     -20.518     -27.937     -42.813     -16.848     -20.020     -37.710     -18.779     -13.723     -21.972     -22.365     -32.612     -37.270     -39.819     -56.226     -13.900     -15.789      -6.520     -11.090     -14.132     -16.885     -16.397     -34.528     -46.071     -35.843     -49.761     -34.622     -84.779     -79.567     -37.491     -37.223     -12.093     -18.772     -16.442     -25.753     -11.993     -19.893     -31.488     -11.562     -18.296      -9.938     -35.172     -15.704     -23.920     -31.282     -15.225     -27.267     -23.784     -23.594     -18.749     -33.614     -33.995     -34.502     -21.730     -17.071     -16.486     -35.476     -26.900     -29.547     -35.389     -30.991     -38.621     -26.319     -24.181     -40.868     -39.551     -35.826     -33.420     -57.918     -63.619     -10.930     -10.235     -16.516     -10.530     -15.622     -30.868     -18.333     -18.388     -27.519     -38.555     -12.443     -28.995     -21.620     -18.358      -9.661     -19.251     -19.398     -23.017     -35.048     -16.944     -29.082     -37.541     -37.576     -30.740     -30.939     -28.980     -19.472     -20.219     -39.573     -35.137     -21.098     -24.489     -32.490     -31.349     -17.125     -15.703     -28.354     -28.175     -34.573     -44.247     -53.178     -34.518     -30.407     -38.972     -37.926     -25.058     -23.133     -49.343     -42.792     -72.071     -51.208     -33.730     -33.900     -64.169     -54.730     -67.223     -78.822     -81.101     -93.982     -99.000     -12.265      -8.038     -10.933      -6.625      -9.011     -14.530     -14.587     -23.218      -8.787      -8.794     -32.028     -11.943      -6.644     -14.561     -27.575      -0.605     -27.498      -7.558      -4.417      -7.429     -10.887     -21.311     -14.038     -42.741      -8.502     -12.208     -22.732     -15.516     -11.067     -11.878     -28.530     -37.663     -45.814     -15.832     -38.508     -11.813      -7.674      -7.735      -6.613      -6.062      -7.303     -16.391     -15.887     -41.358     -66.867     -27.215     -52.719     -15.933     -24.597     -34.675     -42.852     -50.971     -60.234     -20.470      -3.678     -11.805     -14.440     -20.448     -20.559     -22.461     -15.180     -21.396     -22.381     -23.502     -37.173      -8.429     -14.218     -11.772      -9.473     -14.346     -13.650     -20.933     -18.515     -16.145     -22.691     -35.719     -44.284     -12.794     -12.965      -3.016      -7.132     -17.307     -12.065     -18.813      -7.897     -28.815      -5.316     -12.519     -28.787     -11.311     -13.088     -20.456     -20.868     -21.517     -20.093     -34.029     -31.866     -31.912     -29.597     -29.222     -33.150     -32.622     -45.989     -43.649     -63.030     -58.530     -78.150     -70.016     -88.835      -5.371     -11.595     -12.549      -6.521     -13.828     -10.929     -14.543     -11.317     -33.697      -3.517     -15.669     -19.180      -4.674     -20.338     -14.083     -18.455     -14.200     -24.942      -2.495     -13.032     -16.738     -16.563      -8.984     -14.204     -12.377     -12.257     -10.934      -8.427      -8.405     -11.694      -6.065     -14.501      -6.905     -14.546     -45.355     -13.862     -21.478     -18.974     -19.384     -19.091     -52.940     -10.734     -17.526     -11.969     -13.742     -14.244     -25.025     -49.883     -31.817     -20.237     -22.696     -33.674     -45.816     -58.970     -71.720     -23.690     -36.498     -25.193     -12.896     -34.793     -18.709     -57.996     -25.199     -32.524     -27.598     -14.463     -35.490     -36.639     -19.077     -59.028     -25.934     -33.116     -12.105     -20.736     -10.272     -33.779      -7.840     -17.759     -16.377     -22.128     -22.657     -21.915     -25.544     -32.004     -45.809      -7.621     -10.585     -18.200     -13.571     -74.117     -58.824      -8.991     -10.611     -21.495     -21.242     -22.461     -27.203     -22.522     -38.771     -40.209 
 14       3.134       2.412      -7.346      -3.483      -0.840      -2.927      -0.948      -3.194      -6.269      -1.098      -2.063      -2.216      -2.880      -3.935      -1.412      -3.293      -5.455      -7.798      -4.569      -8.215      -7.139      -3.201       2.922     -24.054     -15.320      -1.040      -4.611     -21.960     -14.697     -12.090     -11.754     -12.011      -8.840      -6.633     -13.957     -19.898     -15.050     -37.406     -26.107     -19.716     -16.954     -17.331     -14.219     -11.543     -18.789     -10.843     -10.171      -8.874      -5.435      -0.851      -3.961      -6.485      -4.164      -4.624      -5.406      -5.470      -2.525      -3.347      -9.151      -4.741      -7.318      -6.688      -5.744     -17.429     -16.244     -19.125     -19.598     -15.342     -23.014      -8.596      -7.593     -10.493     -13.734     -11.994     -16.309     -17.316      -8.591     -13.619      -9.393      -8.308      -0.028     -14.983     -13.635     -11.078      -7.373     -15.699     -23.862     -15.761     -12.035     -16.789      -3.946     -15.391     -11.109      -7.804      -5.258      -7.073     -11.667     -10.320     -16.555     -11.672     -16.637     -13.301     -11.117     -14.724      -9.181      -6.043      -4.844      -1.011      -4.248      -4.195     -10.584     -11.681      -6.873      -3.750      -5.502      -6.209      -5.672      -5.952     -12.027      -9.772     -13.199     -14.813     -14.228     -13.372     -11.138      -9.050      -7.177     -10.422     -12.199     -12.695     -13.163      -8.866     -19.063     -13.251      -7.425      -7.908      -4.765      -7.135      -8.096      -8.983     -10.038     -12.922     -13.759      -9.179      -8.716      -7.209     -10.562     -11.569     -11.256      -8.054      -9.817     -14.966     -23.155     -10.628     -15.234     -23.019     -23.395     -10.170     -15.429     -16.061     -23.653     -41.149      -5.506      -9.441      -8.333     -10.396     -57.231     -56.790      -8.959     -13.012     -13.971     -24.656     -46.384     -16.244     -13.125     -24.054     -46.201     -24.757     -34.964     -46.109     -46.287     -18.407     -15.522     -24.334     -25.051     -36.593     -46.843     -57.419     -99.000     -16.958     -36.672     -17.207     -16.849     -37.708      -7.474     -11.686      -6.843     -10.217      -9.490     -27.828     -28.463     -29.298      -9.347     -10.003     -19.494     -20.741     -11.591     -16.553     -14.135     -11.838     -18.066     -16.005      -8.545      -4.227     -13.497     -18.154     -30.626     -53.861     -79.307     -35.489     -50.196     -57.717     -80.750     -13.161     -21.745     -24.078     -13.569     -20.054     -27.449     -42.192     -16.544     -19.684     -37.128     -18.437     -13.471     -21.609     -22.024     -32.137     -36.723     -39.250     -55.583     -13.682     -15.614      -6.334     -10.844     -13.895     -16.732     -16.197     -34.272     -45.807     -35.590     -49.463     -34.353     -84.333     -79.121     -37.143     -36.849     -11.917     -18.407     -16.261     -25.540     -11.829     -19.730     -31.280     -11.381     -18.041      -9.767     -34.892     -15.482     -23.560     -30.866     -15.001     -26.883     -23.576     -23.385     -18.535     -33.364     -33.741     -34.220     -21.485     -16.833     -16.274     -35.146     -26.608     -29.191     -35.082     -30.692     -38.247     -26.021     -23.918     -40.437     -39.118     -35.472     -33.097     -57.459     -63.045     -10.746     -10.100     -16.367     -10.376     -15.453     -30.612     -17.999     -18.225     -27.324     -38.312     -12.304     -28.808     -21.470     -18.135      -9.518     -19.065     -19.168     -22.716     -34.667     -16.766     -28.866     -37.262     -37.296     -30.395     -30.747     -28.765     -19.292     -20.054     -39.345     -34.908     -20.913     -24.283     -32.205     -31.071     -16.941     -15.548     -28.136     -27.908     -34.228     -43.970     -52.869     -34.299     -30.194     -38.680     -37.664     -24.848     -22.953     -48.882     -42.459     -71.644     -50.895     -33.497     -33.680     -63.593     -54.426     -66.846     -78.132     -80.679     -93.175     -99.000     -12.019      -7.845     -10.696      -6.439      -8.840     -14.342     -14.398     -23.000      -8.565      -8.656     -31.573     -11.695      -6.431     -14.287     -27.153      -0.461     -27.213      -7.328      -4.202      -7.172     -10.598     -20.912     -13.670     -42.312      -8.314     -12.076     -22.560     -15.232     -10.892     -11.718     -28.299     -37.403     -45.519     -15.613     -38.111     -11.619      -7.555      -7.614      -6.483      -5.953      -7.196     -16.271     -15.741     -41.046     -66.484     -26.881     -52.155     -15.670     -24.250     -34.249     -42.343     -50.377     -59.557     -20.128      -3.597     -11.597     -14.283     -20.274     -20.358     -22.169     -15.045     -21.246     -22.144     -23.270     -36.892      -8.284     -13.961     -11.647      -9.288     -14.148     -13.479     -20.736     -18.329     -15.893     -22.498     -35.471     -44.012     -12.607     -12.752      -2.929      -6.984     -17.177     -11.911     -18.634      -7.742     -28.571      -5.228     -12.315     -28.621     -11.163     -12.952     -20.300     -20.630     -21.351     -19.856     -33.691     -31.646     -31.591     -29.409     -28.957     -32.937     -32.330     -45.730     -43.319     -62.690     -58.133     -77.757     -69.580     -88.329      -5.272     -11.385     -12.416      -6.341     -13.611     -10.761     -14.326     -11.115     -33.429      -3.402     -15.410     -18.904      -4.578     -20.178     -13.878     -18.251     -13.972     -24.747      -2.388     -12.791     -16.480     -16.459      -8.841     -14.042     -12.252     -12.053     -10.814      -8.240      -8.280     -11.473      -5.970     -14.284      -6.816     -14.340     -45.034     -13.749     -21.309     -18.792     -19.175     -18.938     -52.598     -10.562     -17.358     -11.738     -13.523     -14.060     -24.799     -49.466     -31.589     -20.045     -22.506     -33.434     -45.512     -58.603     -71.293     -23.364     -36.175     -24.957     -12.719     -34.448     -18.491     -57.487     -24.932     -32.211     -27.375     -14.303     -35.192     -36.339     -18.908     -58.588     -25.743     -32.908     -11.904     -20.527     -10.077     -33.403      -7.743     -17.531     -16.163     -21.894     -22.373     -21.669     -25.283     -31.715     -45.449      -7.508     -10.473     -17.971     -13.338     -72.881     -58.258      -8.735     -10.300     -21.161     -20.841     -22.120     -26.762     -22.193     -38.229     -39.670 
 15       3.229       2.529      -7.160      -3.364      -0.770      -2.781      -0.831      -3.044      -6.173      -0.981      -1.945      -2.095      -2.763      -3.807      -1.298      -3.194      -5.292      -7.663      -4.450      -8.065      -7.022      -3.084       3.056     -23.799     -15.025      -0.923      -4.537     -21.789     -14.417     -11.862     -11.541     -11.750      -8.669      -6.461     -13.792     -19.581     -14.827     -37.003     -25.775     -19.508     -16.832     -17.130     -14.030     -11.279     -18.444     -10.644      -9.988      -8.638      -5.262      -0.743      -3.843      -6.270      -3.978      -4.448      -5.199      -5.294      -2.363      -3.210      -8.916      -4.554      -7.121      -6.501      -5.550     -17.175     -16.055     -18.859     -19.363     -15.172     -22.801      -8.414      -7.428     -10.289     -13.537     -11.805     -16.116     -16.996      -8.406     -13.328      -9.160      -8.100       0.089     -14.771     -13.356     -10.850      -7.166     -15.459     -23.582     -15.573     -11.775     -16.487      -3.839     -15.216     -10.909      -7.605      -5.110      -6.903     -11.493     -10.135     -16.336     -11.552     -16.444     -13.139     -10.986     -14.587      -9.002      -5.897      -4.722      -0.894      -4.137      -4.079     -10.451     -11.483      -6.731      -3.639      -5.397      -6.082      -5.540      -5.835     -11.869      -9.660     -13.057     -14.597     -14.072     -13.233     -10.958      -8.896      -7.049     -10.246     -12.043     -12.530     -12.967      -8.717     -18.794     -13.062      -7.228      -7.724      -4.582      -6.963      -7.902      -8.797      -9.850     -12.750     -13.594      -8.988      -8.541      -7.057     -10.362     -11.393     -11.049      -7.887      -9.639     -14.784     -22.951     -10.475     -15.029     -22.791     -23.144     -10.043     -15.270     -15.915     -23.472     -40.827      -5.349      -9.256      -8.174     -10.255     -56.739     -56.450      -8.787     -12.834     -13.714     -24.409     -46.037     -15.990     -12.919     -23.763     -45.830     -24.487     -34.610     -45.715     -45.871     -18.163     -15.327     -24.092     -24.828     -36.301     -46.523     -57.039     -99.000     -16.671     -36.275     -16.945     -16.612     -37.377      -7.236     -11.441      -6.639      -9.960      -9.213     -27.446     -28.099     -28.955      -9.097      -9.691     -19.127     -20.391     -11.239     -16.238     -13.837     -11.626     -17.779     -15.732      -8.353      -4.108     -13.231     -17.805     -30.243     -53.339     -78.631     -35.125     -49.751     -57.265     -80.212     -12.845     -21.378     -23.719     -13.216     -19.591     -26.961     -41.579     -16.225     -19.337     -36.555     -18.076     -13.207     -21.225     -21.675     -31.635     -36.156     -38.651     -54.942     -13.477     -15.444      -6.156     -10.613     -13.661     -16.570     -16.002     -34.020     -45.528     -35.343     -49.142     -34.084     -83.848     -78.659     -36.787     -36.471     -11.740     -18.047     -16.076     -25.322     -11.672     -19.560     -31.060     -11.201     -17.793      -9.597     -34.621     -15.269     -23.207     -30.474     -14.786     -26.525     -23.363     -23.171     -18.333     -33.106     -33.477     -33.945     -21.245     -16.597     -16.071     -34.823     -26.327     -28.844     -34.788     -30.402     -37.890     -25.728     -23.669     -40.028     -38.707     -35.130     -32.794     -57.010     -62.496     -10.558      -9.969     -16.225     -10.221     -15.277     -30.362     -17.665     -18.052     -27.118     -38.052     -12.168     -28.600     -21.307     -17.917      -9.373     -18.876     -18.936     -22.416     -34.300     -16.589     -28.630     -36.964     -36.996     -30.067     -30.536     -28.546     -19.112     -19.895     -39.096     -34.678     -20.727     -24.072     -31.919     -30.793     -16.751     -15.395     -27.918     -27.641     -33.879     -43.670     -52.534     -34.084     -29.980     -38.394     -37.392     -24.634     -22.777     -48.416     -42.132     -71.182     -50.568     -33.263     -33.464     -63.011     -54.119     -66.451     -77.435     -80.237     -92.360     -99.000     -11.785      -7.658     -10.469      -6.257      -8.665     -14.151     -14.208     -22.778      -8.354      -8.515     -31.142     -11.459      -6.215     -14.009     -26.756      -0.322     -26.942      -7.102      -3.994      -6.919     -10.318     -20.514     -13.304     -41.915      -8.120     -11.939     -22.380     -14.936     -10.715     -11.552     -28.058     -37.132     -45.209     -15.383     -37.747     -11.432      -7.444      -7.499      -6.353      -5.851      -7.099     -16.141     -15.601     -40.786     -66.158     -26.565     -51.628     -15.419     -23.919     -33.843     -41.859     -49.812     -58.915     -19.768      -3.506     -11.385     -14.116     -20.094     -20.156     -21.889     -14.896     -21.087     -21.912     -23.050     -36.622      -8.136     -13.711     -11.509      -9.109     -13.958     -13.307     -20.536     -18.105     -15.623     -22.273     -35.187     -43.707     -12.404     -12.540      -2.833      -6.834     -17.019     -11.747     -18.440      -7.589     -28.314      -5.128     -12.107     -28.412     -11.010     -12.801     -20.124     -20.389     -21.163     -19.617     -33.355     -31.401     -31.271     -29.201     -28.690     -32.699     -32.032     -45.445     -42.981     -62.315     -57.721     -77.326     -69.130     -87.802      -5.158     -11.171     -12.254      -6.155     -13.392     -10.584     -14.104     -10.906     -33.113      -3.285     -15.154     -18.633      -4.467     -19.981     -13.659     -18.044     -13.736     -24.523      -2.280     -12.553     -16.226     -16.324      -8.690     -13.874     -12.106     -11.846     -10.674      -8.053      -8.130     -11.241      -5.859     -14.060      -6.715     -14.129     -44.731     -13.619     -21.127     -18.620     -18.979     -18.790     -52.262     -10.396     -17.183     -11.512     -13.322     -13.872     -24.573     -49.074     -31.379     -19.864     -22.331     -33.226     -45.256     -58.297     -70.940     -23.028     -35.872     -24.725     -12.540     -34.128     -18.277     -57.020     -24.677     -31.917     -27.150     -14.136     -34.895     -36.057     -18.737     -58.175     -25.553     -32.703     -11.715     -20.309      -9.875     -33.054      -7.641     -17.305     -15.947     -21.662     -22.104     -21.427     -25.038     -31.441     -45.120      -7.399     -10.339     -17.729     -13.094     -71.659     -57.705      -8.475      -9.988     -20.813     -20.425     -21.766     -26.300     -21.854     -37.666     -39.113 
 16       3.329       2.647      -6.957      -3.232      -0.691      -2.642      -0.713      -2.883      -6.066      -0.863      -1.826      -1.975      -2.645      -3.675      -1.184      -3.092      -5.134      -7.532      -4.330      -7.905      -6.903      -2.965       3.188     -23.555     -14.709      -0.805      -4.456     -21.600     -14.150     -11.633     -11.329     -11.475      -8.507      -6.298     -13.625     -19.278     -14.574     -36.552     -25.401     -19.267     -16.680     -16.917     -13.830     -11.007     -18.085     -10.450      -9.805      -8.387      -5.080      -0.631      -3.725      -6.062      -3.790      -4.275      -4.984      -5.120      -2.204      -3.076      -8.688      -4.369      -6.919      -6.313      -5.354     -16.893     -15.851     -18.558     -19.092     -14.972     -22.553      -8.219      -7.251     -10.062     -13.321     -11.598     -15.900     -16.662      -8.219     -13.029      -8.932      -7.880       0.207     -14.544     -13.059     -10.618      -6.957     -15.206     -23.261     -15.355     -11.508     -16.180      -3.726     -15.024     -10.702      -7.397      -4.965      -6.733     -11.311      -9.945     -16.103     -11.408     -16.231     -12.979     -10.854     -14.436      -8.825      -5.749      -4.602      -0.776      -4.030      -3.966     -10.313     -11.288      -6.588      -3.530      -5.296      -5.955      -5.407      -5.717     -11.688      -9.535     -12.897     -14.380     -13.922     -13.095     -10.784      -8.742      -6.926     -10.062     -11.886     -12.361     -12.778      -8.570     -18.537     -12.879      -7.036      -7.545      -4.401      -6.800      -7.715      -8.615      -9.669     -12.590     -13.433      -8.809      -8.369      -6.913     -10.156     -11.220     -10.854      -7.727      -9.463     -14.611     -22.758     -10.333     -14.835     -22.578     -22.912      -9.925     -15.116     -15.781     -23.299     -40.528      -5.201      -9.075      -8.026     -10.116     -56.287     -56.131      -8.630     -12.672     -13.447     -24.159     -45.679     -15.730     -12.710     -23.464     -45.451     -24.216     -34.252     -45.316     -45.454     -17.908     -15.123     -23.836     -24.599     -35.992     -46.187     -56.638     -99.000     -16.376     -35.878     -16.671     -16.373     -37.036      -6.996     -11.196      -6.432      -9.705      -8.929     -27.066     -27.734     -28.607      -8.847      -9.377     -18.765     -20.040     -10.893     -15.926     -13.544     -11.406     -17.477     -15.446      -8.164      -3.990     -12.973     -17.443     -29.853     -52.814     -77.953     -34.740     -49.288     -56.792     -79.650     -12.517     -21.006     -23.348     -12.859     -19.129     -26.474     -40.978     -15.890     -18.979     -35.996     -17.700     -12.932     -20.819     -21.320     -31.108     -35.572     -38.026     -54.305     -13.286     -15.279      -5.984     -10.396     -13.429     -16.400     -15.814     -33.769     -45.230     -35.102     -48.798     -33.819     -83.323     -78.180     -36.425     -36.090     -11.563     -17.693     -15.885     -25.095     -11.524     -19.379     -30.824     -11.023     -17.554      -9.429     -34.361     -15.066     -22.861     -30.110     -14.581     -26.195     -23.144     -22.951     -18.145     -32.837     -33.201     -33.676     -21.009     -16.363     -15.878     -34.508     -26.058     -28.507     -34.508     -30.123     -37.551     -25.442     -23.437     -39.644     -38.319     -34.800     -32.511     -56.572     -61.975     -10.365      -9.841     -16.087     -10.065     -15.092     -30.117     -17.335     -17.867     -26.898     -37.772     -12.037     -28.367     -21.128     -17.706      -9.227     -18.688     -18.701     -22.119     -33.950     -16.413     -28.376     -36.645     -36.675     -29.756     -30.303     -28.325     -18.933     -19.742     -38.821     -34.447     -20.541     -23.856     -31.635     -30.519     -16.558     -15.247     -27.701     -27.377     -33.526     -43.346     -52.172     -33.875     -29.768     -38.116     -37.110     -24.419     -22.609     -47.947     -41.814     -70.682     -50.229     -33.031     -33.254     -62.423     -53.811     -66.038     -76.731     -79.775     -91.538     -99.000     -11.562      -7.475     -10.253      -6.078      -8.485     -13.956     -14.012     -22.550      -8.153      -8.369     -30.737     -11.234      -5.997     -13.727     -26.386      -0.187     -26.682      -6.881      -3.793      -6.671     -10.046     -20.116     -12.940     -41.550      -7.922     -11.794     -22.186     -14.630     -10.536     -11.379     -27.804     -36.845     -44.881     -15.141     -37.414     -11.255      -7.339      -7.390      -6.224      -5.755      -7.011     -15.998     -15.466     -40.581     -65.889     -26.272     -51.144     -15.180     -23.606     -33.462     -41.405     -49.281     -58.312     -19.392      -3.403     -11.170     -13.939     -19.909     -19.950     -21.622     -14.732     -20.918     -21.687     -22.843     -36.367      -7.983     -13.469     -11.354      -8.937     -13.777     -13.133     -20.334     -17.842     -15.336     -22.016     -34.866     -43.368     -12.181     -12.327      -2.727      -6.682     -16.832     -11.573     -18.229      -7.437     -28.044      -5.015     -11.897     -28.156     -10.849     -12.634     -19.928     -20.145     -20.951     -19.375     -33.021     -31.129     -30.955     -28.975     -28.423     -32.437     -31.727     -45.133     -42.637     -61.903     -57.297     -76.854     -68.666     -87.255      -5.027     -10.953     -12.060      -5.964     -13.169     -10.397     -13.876     -10.686     -32.742      -3.167     -14.902     -18.365      -4.340     -19.743     -13.425     -17.831     -13.492     -24.266      -2.168     -12.319     -15.977     -16.151      -8.530     -13.697     -11.937     -11.635     -10.513      -7.866      -7.954     -10.997      -5.730     -13.827      -6.599     -13.916     -44.451     -13.470     -20.931     -18.458     -18.796     -18.651     -51.934     -10.237     -16.996     -11.292     -13.138     -13.679     -24.345     -48.709     -31.188     -19.694     -22.172     -33.053     -45.049     -58.056     -70.668     -22.683     -35.593     -24.497     -12.359     -33.837     -18.070     -56.596     -24.437     -31.644     -26.922     -13.962     -34.602     -35.795     -18.564     -57.795     -25.365     -32.505     -11.536     -20.083      -9.665     -32.733      -7.535     -17.081     -15.731     -21.428     -21.850     -21.186     -24.808     -31.181     -44.822      -7.294     -10.182     -17.474     -12.840     -70.459     -57.168      -8.210      -9.676     -20.453     -19.997     -21.402     -25.821     -21.507     -37.084     -38.541 
 17       3.434       2.767      -6.737      -3.089      -0.602      -2.508      -0.594      -2.711      -5.948      -0.743      -1.707      -1.855      -2.525      -3.539      -1.069      -2.985      -4.983      -7.406      -4.208      -7.734      -6.784      -2.846       3.317     -23.321     -14.374      -0.686      -4.367     -21.394     -13.898     -11.405     -11.122     -11.186      -8.354      -6.143     -13.458     -18.988     -14.290     -36.051     -24.984     -18.991     -16.495     -16.692     -13.620     -10.729     -17.712     -10.263      -9.622      -8.124      -4.891      -0.516      -3.606      -5.861      -3.603      -4.104      -4.762      -4.948      -2.050      -2.944      -8.465      -4.186      -6.714      -6.125      -5.156     -16.581     -15.630     -18.223     -18.785     -14.741     -22.270      -8.008      -7.063      -9.813     -13.088     -11.374     -15.660     -16.314      -8.029     -12.722      -8.710      -7.651       0.327     -14.302     -12.746     -10.382      -6.749     -14.940     -22.899     -15.106     -11.238     -15.871      -3.606     -14.818     -10.490      -7.179      -4.823      -6.561     -11.122      -9.752     -15.859     -11.239     -15.996     -12.822     -10.722     -14.269      -8.652      -5.597      -4.483      -0.657      -3.926      -3.854     -10.167     -11.095      -6.446      -3.424      -5.200      -5.830      -5.274      -5.597     -11.482      -9.397     -12.718     -14.163     -13.780     -12.960     -10.617      -8.587      -6.809      -9.871     -11.728     -12.190     -12.597      -8.427     -18.292     -12.702      -6.848      -7.375      -4.225      -6.646      -7.536      -8.439      -9.495     -12.442     -13.277      -8.642      -8.200      -6.778      -9.946     -11.051     -10.673      -7.574      -9.289     -14.448     -22.578     -10.203     -14.656     -22.382     -22.699      -9.816     -14.970     -15.659     -23.137     -40.254      -5.063      -8.898      -7.890      -9.979     -55.876     -55.838      -8.486     -12.526     -13.172     -23.906     -45.311     -15.466     -12.498     -23.158     -45.064     -23.947     -33.890     -44.914     -45.037     -17.643     -14.911     -23.567     -24.363     -35.669     -45.840     -56.215     -99.000     -16.073     -35.483     -16.388     -16.132     -36.687      -6.753     -10.949      -6.222      -9.455      -8.639     -26.691     -27.368     -28.256      -8.600      -9.064     -18.408     -19.690     -10.554     -15.621     -13.258     -11.179     -17.160     -15.147      -7.982      -3.874     -12.724     -17.069     -29.457     -52.286     -77.273     -34.338     -48.811     -56.301     -79.068     -12.179     -20.629     -22.967     -12.499     -18.672     -25.989     -40.394     -15.542     -18.614     -35.454     -17.310     -12.646     -20.396     -20.959     -30.558     -34.975     -37.379     -53.675     -13.111     -15.121      -5.820     -10.193     -13.201     -16.223     -15.633     -33.520     -44.909     -34.869     -48.430     -33.559     -82.759     -77.688     -36.057     -35.707     -11.384     -17.346     -15.687     -24.859     -11.384     -19.188     -30.571     -10.846     -17.324      -9.264     -34.111     -14.875     -22.525     -29.777     -14.387     -25.895     -22.918     -22.723     -17.973     -32.554     -32.911     -33.410     -20.778     -16.132     -15.697     -34.204     -25.803     -28.182     -34.241     -29.856     -37.232     -25.164     -23.224     -39.285     -37.957     -34.483     -32.252     -56.145     -61.484     -10.169      -9.716     -15.954      -9.909     -14.898     -29.876     -17.009     -17.671     -26.664     -37.470     -11.910     -28.108     -20.931     -17.503      -9.081     -18.501     -18.466     -21.827     -33.621     -16.240     -28.102     -36.305     -36.333     -29.466     -30.047     -28.100     -18.757     -19.597     -38.520     -34.214     -20.356     -23.635     -31.352     -30.248     -16.362     -15.106     -27.487     -27.116     -33.172     -42.998     -51.783     -33.672     -29.560     -37.848     -36.819     -24.204     -22.451     -47.474     -41.508     -70.145     -49.879     -32.804     -33.055     -61.833     -53.503     -65.608     -76.025     -79.295     -90.711     -99.000     -11.351      -7.300     -10.048      -5.904      -8.299     -13.756     -13.811     -22.313      -7.963      -8.215     -30.359     -11.019      -5.776     -13.442     -26.042      -0.058     -26.430      -6.667      -3.603      -6.427      -9.784     -19.720     -12.582     -41.217      -7.719     -11.640     -21.978     -14.315     -10.355     -11.200     -27.534     -36.540     -44.530     -14.888     -37.113     -11.087      -7.241      -7.286      -6.094      -5.667      -6.933     -15.839     -15.335     -40.430     -65.674     -26.004     -50.707     -14.956     -23.313     -33.107     -40.983     -48.788     -57.754     -19.004      -3.289     -10.952     -13.750     -19.717     -19.743     -21.371     -14.553     -20.739     -21.471     -22.650     -36.128      -7.825     -13.233     -11.182      -8.772     -13.603     -12.957     -20.127     -17.538     -15.031     -21.725     -34.508     -42.997     -11.939     -12.114      -2.610      -6.527     -16.614     -11.389     -18.001      -7.287     -27.760      -4.889     -11.684     -27.851     -10.683     -12.452     -19.711     -19.900     -20.716     -19.131     -32.692     -30.832     -30.642     -28.729     -28.157     -32.149     -31.417     -44.794     -42.288     -61.454     -56.861     -76.342     -68.192     -86.689      -4.881     -10.731     -11.833      -5.766     -12.943     -10.199     -13.640     -10.456     -32.316      -3.048     -14.653     -18.103      -4.198     -19.461     -13.175     -17.610     -13.240     -23.975      -2.054     -12.089     -15.733     -15.939      -8.360     -13.509     -11.747     -11.422     -10.330      -7.681      -7.751     -10.743      -5.584     -13.588      -6.470     -13.699     -44.195     -13.302     -20.721     -18.307     -18.627     -18.520     -51.616     -10.086     -16.799     -11.079     -12.972     -13.483     -24.117     -48.373     -31.019     -19.535     -22.029     -32.913     -44.891     -57.879     -70.477     -22.333     -35.339     -24.273     -12.177     -33.575     -17.871     -56.219     -24.211     -31.394     -26.693     -13.782     -34.314     -35.555     -18.393     -57.448     -25.183     -32.318     -11.369     -19.846      -9.449     -32.439      -7.424     -16.859     -15.515     -21.194     -21.611     -20.949     -24.595     -30.934     -44.554      -7.194     -10.002     -17.206     -12.578     -69.287     -56.651      -7.941      -9.364     -20.084     -19.558     -21.028     -25.327     -21.153     -36.489     -37.957 
 18       3.542       2.886      -6.500      -2.934      -0.503      -2.382      -0.475      -2.531      -5.820      -0.624      -1.588      -1.738      -2.406      -3.400      -0.953      -2.876      -4.838      -7.284      -4.086      -7.554      -6.665      -2.725       3.443     -23.100     -14.020      -0.566      -4.269     -21.171     -13.662     -11.177     -10.918     -10.887      -8.213      -5.997     -13.290     -18.715     -13.975     -35.500     -24.527     -18.682     -16.275     -16.456     -13.400     -10.444     -17.329     -10.081      -9.441      -7.850      -4.693      -0.397      -3.486      -5.667      -3.416      -3.936      -4.534      -4.778      -1.900      -2.816      -8.251      -4.006      -6.506      -5.938      -4.957     -16.241     -15.393     -17.854     -18.442     -14.478     -21.953      -7.783      -6.863      -9.542     -12.836     -11.133     -15.397     -15.955      -7.836     -12.410      -8.495      -7.411       0.446     -14.047     -12.418     -10.143      -6.541     -14.663     -22.498     -14.827     -10.964     -15.561      -3.480     -14.597     -10.274      -6.955      -4.686      -6.389     -10.926      -9.555     -15.602     -11.044     -15.741     -12.667     -10.590     -14.087      -8.481      -5.443      -4.366      -0.539      -3.825      -3.744     -10.014     -10.906      -6.303      -3.320      -5.109      -5.705      -5.140      -5.478     -11.252      -9.246     -12.520     -13.945     -13.647     -12.829     -10.458      -8.433      -6.697      -9.673     -11.571     -12.016     -12.424      -8.288     -18.061     -12.533      -6.666      -7.213      -4.054      -6.503      -7.366      -8.270      -9.328     -12.307     -13.127      -8.489      -8.035      -6.651      -9.733     -10.884     -10.505      -7.429      -9.119     -14.297     -22.414     -10.083     -14.490     -22.203     -22.506      -9.716     -14.831     -15.551     -22.987     -40.007      -4.934      -8.724      -7.766      -9.843     -55.509     -55.573      -8.358     -12.397     -12.889     -23.651     -44.936     -15.199     -12.284     -22.847     -44.673     -23.678     -33.527     -44.509     -44.621     -17.370     -14.692     -23.288     -24.124     -35.333     -45.483     -55.774     -99.000     -15.764     -35.091     -16.096     -15.890     -36.333      -6.509     -10.704      -6.009      -9.211      -8.343     -26.321     -27.004     -27.902      -8.356      -8.754     -18.057     -19.343     -10.224     -15.324     -12.979     -10.943     -16.830     -14.838      -7.806      -3.760     -12.486     -16.688     -29.056     -51.758     -76.596     -33.921     -48.323     -55.793     -78.470     -11.834     -20.250     -22.579     -12.139     -18.222     -25.509     -39.829     -15.183     -18.243     -34.932     -16.910     -12.352     -19.957     -20.595     -29.990     -34.369     -36.714     -53.056     -12.952     -14.971      -5.664     -10.004     -12.977     -16.037     -15.460     -33.273     -44.567     -34.645     -48.040     -33.306     -82.157     -77.183     -35.687     -35.325     -11.204     -17.007     -15.483     -24.612     -11.254     -18.985     -30.300     -10.670     -17.105      -9.103     -33.872     -14.697     -22.200     -29.475     -14.205     -25.626     -22.684     -22.488     -17.818     -32.259     -32.607     -33.150     -20.553     -15.907     -15.529     -33.911     -25.562     -27.870     -33.989     -29.601     -36.933     -24.896     -23.031     -38.954     -37.622     -34.183     -32.018     -55.731     -61.024      -9.970      -9.595     -15.823      -9.753     -14.696     -29.639     -16.690     -17.464     -26.414     -37.145     -11.790     -27.823     -20.716     -17.309      -8.937     -18.316     -18.231     -21.541     -33.313     -16.071     -27.811     -35.946     -35.971     -29.199     -29.771     -27.875     -18.584     -19.463     -38.192     -33.980     -20.173     -23.411     -31.074     -29.983     -16.165     -14.973     -27.277     -26.863     -32.818     -42.627     -51.368     -33.476     -29.356     -37.593     -36.522     -23.992     -22.304     -47.001     -41.215     -69.574     -49.520     -32.583     -32.867     -61.241     -53.198     -65.163     -75.318     -78.799     -89.884     -99.000     -11.151      -7.131      -9.854      -5.734      -8.109     -13.549     -13.605     -22.067      -7.784      -8.055     -30.008     -10.816      -5.554     -13.154     -25.724       0.067     -26.188      -6.460      -3.421      -6.188      -9.533     -19.327     -12.230     -40.916      -7.512     -11.476     -21.755     -13.994     -10.173     -11.013     -27.248     -36.216     -44.156     -14.624     -36.843     -10.928      -7.149      -7.187      -5.965      -5.586      -6.863     -15.664     -15.206     -40.333     -65.512     -25.763     -50.320     -14.747     -23.041     -32.781     -40.596     -48.336     -57.243     -18.604      -3.164     -10.733     -13.552     -19.522     -19.534     -21.135     -14.360     -20.553     -21.265     -22.472     -35.909      -7.661     -13.006     -10.992      -8.614     -13.438     -12.781     -19.918     -17.195     -14.710     -21.403     -34.116     -42.594     -11.677     -11.902      -2.483      -6.368     -16.365     -11.194     -17.756      -7.139     -27.463      -4.749     -11.471     -27.498     -10.512     -12.255     -19.475     -19.655     -20.458     -18.888     -32.369     -30.510     -30.335     -28.466     -27.895     -31.837     -31.103     -44.429     -41.935     -60.970     -56.416     -75.793     -67.709     -86.108      -4.719     -10.507     -11.573      -5.564     -12.715      -9.991     -13.397     -10.214     -31.835      -2.929     -14.410     -17.845      -4.041     -19.136     -12.910     -17.383     -12.981     -23.650      -1.937     -11.865     -15.493     -15.688      -8.181     -13.312     -11.534     -11.208     -10.125      -7.496      -7.523     -10.481      -5.423     -13.343      -6.327     -13.481     -43.966     -13.115     -20.497     -18.169     -18.475     -18.399     -51.310      -9.942     -16.591     -10.872     -12.823     -13.285     -23.890     -48.068     -30.873     -19.389     -21.902     -32.809     -44.785     -57.769     -70.369     -21.980     -35.112     -24.054     -11.996     -33.343     -17.682     -55.890     -24.003     -31.169     -26.461     -13.597     -34.031     -35.337     -18.225     -57.138     -25.008     -32.143     -11.212     -19.598      -9.228     -32.173      -7.307     -16.641     -15.298     -20.960     -21.389     -20.714     -24.398     -30.702     -44.317      -7.097      -9.799     -16.928     -12.311     -68.148     -56.156      -7.671      -9.055     -19.709     -19.113     -20.648     -24.823     -20.795     -35.886     -37.367 
 19       3.654       3.005      -6.249      -2.768      -0.393      -2.262      -0.356      -2.342      -5.682      -0.505      -1.470      -1.622      -2.287      -3.259      -0.837      -2.764      -4.701      -7.167      -3.965      -7.366      -6.546      -2.605       3.566     -22.891     -13.652      -0.447      -4.163     -20.933     -13.441     -10.951     -10.720     -10.579      -8.084      -5.863     -13.122     -18.459     -13.632     -34.905     -24.032     -18.341     -16.023     -16.211     -13.172     -10.155     -16.937      -9.907      -9.262      -7.565      -4.489      -0.275      -3.367      -5.482      -3.231      -3.772      -4.301      -4.611      -1.755      -2.691      -8.045      -3.831      -6.298      -5.753      -4.758     -15.875     -15.142     -17.454     -18.066     -14.185     -21.603      -7.544      -6.654      -9.251     -12.568     -10.877     -15.112     -15.587      -7.642     -12.094      -8.289      -7.164       0.565     -13.781     -12.078      -9.904      -6.335     -14.377     -22.060     -14.520     -10.688     -15.251      -3.347     -14.364     -10.053      -6.724      -4.554      -6.218     -10.724      -9.357     -15.337     -10.825     -15.467     -12.514     -10.458     -13.891      -8.313      -5.286      -4.252      -0.420      -3.729      -3.637      -9.854     -10.720      -6.161      -3.221      -5.023      -5.581      -5.007      -5.359     -11.000      -9.083     -12.304     -13.729     -13.523     -12.702     -10.308      -8.281      -6.593      -9.471     -11.414     -11.841     -12.260      -8.154     -17.843     -12.372      -6.490      -7.060      -3.890      -6.370      -7.206      -8.109      -9.170     -12.186     -12.983      -8.350      -7.875      -6.534      -9.517     -10.723     -10.352      -7.292      -8.954     -14.157     -22.265      -9.976     -14.338     -22.043     -22.335      -9.625     -14.702     -15.457     -22.850     -39.789      -4.815      -8.556      -7.654      -9.708     -55.185     -55.337      -8.245     -12.285     -12.601     -23.397     -44.556     -14.931     -12.070     -22.532     -44.279     -23.411     -33.162     -44.105     -44.208     -17.091     -14.467     -22.999     -23.882     -34.988     -45.118     -55.319     -99.000     -15.451     -34.705     -15.798     -15.648     -35.976      -6.266     -10.460      -5.794      -8.975      -8.045     -25.957     -26.644     -27.549      -8.115      -8.447     -17.716     -19.000      -9.905     -15.037     -12.710     -10.702     -16.489     -14.521      -7.637      -3.648     -12.261     -16.301     -28.655     -51.234     -75.923     -33.493     -47.827     -55.275     -77.861     -11.484     -19.871     -22.186     -11.780     -17.781     -25.036     -39.288     -14.815     -17.869     -34.433     -16.502     -12.050     -19.506     -20.231     -29.407     -33.758     -36.037     -52.450     -12.810     -14.831      -5.515      -9.830     -12.759     -15.845     -15.297     -33.029     -44.205     -34.431     -47.632     -33.063     -81.522     -76.670     -35.316     -34.944     -11.023     -16.678     -15.274     -24.357     -11.134     -18.771     -30.011     -10.499     -16.897      -8.948     -33.647     -14.531     -21.888     -29.207     -14.035     -25.389     -22.445     -22.246     -17.679     -31.951     -32.290     -32.896     -20.335     -15.688     -15.376     -33.631     -25.337     -27.572     -33.752     -29.360     -36.656     -24.639     -22.859     -38.652     -37.315     -33.899     -31.809     -55.332     -60.597      -9.770      -9.476     -15.696      -9.599     -14.485     -29.406     -16.379     -17.247     -26.151     -36.800     -11.678     -27.514     -20.485     -17.127      -8.796     -18.135     -17.997     -21.263     -33.029     -15.908     -27.504     -35.572     -35.594     -28.954     -29.474     -27.648     -18.417     -19.339     -37.840     -33.746     -19.994     -23.186     -30.801     -29.724     -15.969     -14.850     -27.074     -26.618     -32.465     -42.238     -50.930     -33.290     -29.160     -37.352     -36.221     -23.785     -22.172     -46.530     -40.939     -68.973     -49.154     -32.371     -32.694     -60.653     -52.899     -64.708     -74.614     -78.293     -89.060     -99.000     -10.963      -6.972      -9.673      -5.569      -7.913     -13.338     -13.393     -21.813      -7.616      -7.887     -29.687     -10.623      -5.330     -12.865     -25.435       0.188     -25.954      -6.261      -3.251      -5.955      -9.294     -18.937     -11.885     -40.648      -7.302     -11.303     -21.518     -13.668      -9.993     -10.821     -26.948     -35.875     -43.759     -14.351     -36.604     -10.779      -7.063      -7.093      -5.836      -5.513      -6.803     -15.472     -15.080     -40.290     -65.402     -25.551     -49.986     -14.555     -22.792     -32.485     -40.246     -47.926     -56.780     -18.198      -3.029     -10.512     -13.345     -19.323     -19.324     -20.916     -14.155     -20.360     -21.072     -22.311     -35.711      -7.494     -12.787     -10.787      -8.464     -13.280     -12.604     -19.705     -16.815     -14.376     -21.051     -33.692     -42.164     -11.399     -11.691      -2.348      -6.207     -16.087     -10.991     -17.496      -6.993     -27.154      -4.598     -11.257     -27.100     -10.336     -12.045     -19.220     -19.412     -20.179     -18.645     -32.053     -30.165     -30.036     -28.187     -27.638     -31.503     -30.788     -44.042     -41.582     -60.456     -55.965     -75.211     -67.220     -85.516      -4.542     -10.282     -11.282      -5.358     -12.484      -9.772     -13.148      -9.963     -31.303      -2.811     -14.174     -17.593      -3.870     -18.771     -12.632     -17.150     -12.718     -23.292      -1.819     -11.646     -15.259     -15.399      -7.992     -13.104     -11.300     -10.993      -9.899      -7.315      -7.272     -10.211      -5.247     -13.095      -6.173     -13.262     -43.766     -12.910     -20.262     -18.044     -18.337     -18.289     -51.019      -9.805     -16.374     -10.674     -12.692     -13.084     -23.666     -47.795     -30.751     -19.256     -21.792     -32.739     -44.728     -57.724     -70.341     -21.626     -34.912     -23.840     -11.817     -33.142     -17.503     -55.609     -23.812     -30.970     -26.229     -13.410     -33.756     -35.143     -18.061     -56.866     -24.842     -31.983     -11.067     -19.341      -9.004     -31.936      -7.186     -16.427     -15.083     -20.726     -21.184     -20.483     -24.218     -30.484     -44.109      -7.005      -9.576     -16.642     -12.040     -67.050     -55.686      -7.400      -8.750     -19.331     -18.664     -20.265     -24.312     -20.436     -35.279     -36.774 
 20       3.770       3.123      -5.986      -2.593      -0.274      -2.150      -0.238      -2.147      -5.536      -0.387      -1.353      -1.510      -2.170      -3.117      -0.722      -2.649      -4.573      -7.056      -3.844      -7.172      -6.429      -2.486       3.686     -22.697     -13.271      -0.330      -4.049     -20.682     -13.238     -10.729     -10.528     -10.264      -7.968      -5.738     -12.954     -18.222     -13.262     -34.268     -23.502     -17.971     -15.740     -15.958     -12.936      -9.863     -16.539      -9.741      -9.087      -7.272      -4.279      -0.149      -3.250      -5.306      -3.049      -3.613      -4.066      -4.449      -1.616      -2.571      -7.848      -3.660      -6.091      -5.570      -4.561     -15.484     -14.878     -17.026     -17.658     -13.863     -21.222      -7.295      -6.436      -8.943     -12.285     -10.606     -14.806     -15.211      -7.448     -11.776      -8.091      -6.912       0.683     -13.505     -11.729      -9.666      -6.133     -14.083     -21.589     -14.187     -10.413     -14.944      -3.210     -14.118      -9.831      -6.489      -4.429      -6.049     -10.517      -9.159     -15.064     -10.584     -15.175     -12.365     -10.327     -13.682      -8.151      -5.128      -4.140      -0.304      -3.637      -3.533      -9.689     -10.539      -6.021      -3.127      -4.943      -5.460      -4.874      -5.241     -10.728      -8.909     -12.070     -13.514     -13.409     -12.580     -10.168      -8.132      -6.496      -9.266     -11.261     -11.666     -12.108      -8.026     -17.642     -12.219      -6.323      -6.918      -3.735      -6.249      -7.056      -7.958      -9.022     -12.079     -12.847      -8.225      -7.721      -6.427      -9.301     -10.567     -10.214      -7.166      -8.794     -14.030     -22.133      -9.881     -14.203     -21.902     -22.186      -9.545     -14.584     -15.378     -22.727     -39.602      -4.707      -8.394      -7.555      -9.576     -54.907     -55.135      -8.149     -12.191     -12.309     -23.143     -44.173     -14.663     -11.856     -22.214     -43.885     -23.149     -32.800     -43.703     -43.801     -16.807     -14.239     -22.704     -23.638     -34.634     -44.749     -54.851     -99.000     -15.136     -34.327     -15.495     -15.409     -35.617      -6.025     -10.220      -5.580      -8.748      -7.744     -25.603     -26.289     -27.199      -7.879      -8.145     -17.385     -18.665      -9.597     -14.762     -12.453     -10.457     -16.139     -14.197      -7.477      -3.540     -12.049     -15.911     -28.255     -50.716     -75.259     -33.055     -47.327     -54.748     -77.245     -11.131     -19.496     -21.790     -11.426     -17.351     -24.573     -38.774     -14.440     -17.494     -33.961     -16.089     -11.744     -19.046     -19.868     -28.814     -33.147     -35.351     -51.861     -12.685     -14.701      -5.376      -9.672     -12.549     -15.648     -15.144     -32.788     -43.824     -34.228     -47.206     -32.831     -80.859     -76.152     -34.946     -34.568     -10.842     -16.361     -15.060     -24.095     -11.025     -18.547     -29.706     -10.330     -16.701      -8.800     -33.435     -14.379     -21.589     -28.973     -13.878     -25.185     -22.200     -21.999     -17.559     -31.633     -31.961     -32.648     -20.126     -15.476     -15.238     -33.366     -25.129     -27.291     -33.532     -29.134     -36.403     -24.394     -22.709     -38.379     -37.038     -33.632     -31.628     -54.948     -60.206      -9.569      -9.361     -15.574      -9.448     -14.268     -29.179     -16.077     -17.021     -25.877     -36.436     -11.574     -27.181     -20.238     -16.956      -8.660     -17.958     -17.766     -20.996     -32.772     -15.752     -27.183     -35.183     -35.202     -28.734     -29.160     -27.423     -18.256     -19.227     -37.467     -33.514     -19.820     -22.961     -30.536     -29.475     -15.776     -14.738     -26.878     -26.383     -32.116     -41.831     -50.471     -33.114     -28.971     -37.127     -35.916     -23.584     -22.054     -46.065     -40.680     -68.346     -48.784     -32.170     -32.538     -60.071     -52.609     -64.245     -73.919     -77.778     -88.246     -99.000     -10.787      -6.821      -9.505      -5.410      -7.714     -13.123     -13.178     -21.553      -7.461      -7.714     -29.395     -10.443      -5.107     -12.576     -25.174       0.303     -25.730      -6.071      -3.091      -5.730      -9.068     -18.555     -11.550     -40.415      -7.092     -11.122     -21.267     -13.340      -9.814     -10.624     -26.635     -35.518     -43.344     -14.071     -36.398     -10.642      -6.984      -7.004      -5.710      -5.449      -6.753     -15.266     -14.958     -40.301     -65.343     -25.370     -49.706     -14.380     -22.568     -32.220     -39.933     -47.561     -56.369     -17.787      -2.885     -10.293     -13.130     -19.121     -19.115     -20.715     -13.938     -20.162     -20.891     -22.167     -35.535      -7.323     -12.578     -10.566      -8.323     -13.133     -12.427     -19.491     -16.400     -14.029     -20.673     -33.238     -41.709     -11.105     -11.482      -2.205      -6.045     -15.781     -10.779     -17.223      -6.851     -26.835      -4.435     -11.045     -26.658     -10.158     -11.822     -18.949     -19.172     -19.881     -18.405     -31.748     -29.801     -29.745     -27.894     -27.387     -31.149     -30.473     -43.635     -41.230     -59.914     -55.510     -74.600     -66.730     -84.916      -4.351     -10.057     -10.961      -5.148     -12.253      -9.545     -12.893      -9.703     -30.723      -2.693     -13.945     -17.350      -3.686     -18.368     -12.343     -16.913     -12.450     -22.905      -1.699     -11.435     -15.032     -15.074      -7.795     -12.888     -11.047     -10.779      -9.655      -7.137      -6.998      -9.936      -5.058     -12.845      -6.006     -13.043     -43.596     -12.690     -20.016     -17.934     -18.217     -18.190     -50.744      -9.677     -16.148     -10.486     -12.579     -12.884     -23.446     -47.555     -30.653     -19.137     -21.700     -32.705     -44.721     -57.744     -70.394     -21.273     -34.739     -23.631     -11.640     -32.973     -17.335     -55.379     -23.641     -30.797     -25.997     -13.221     -33.490     -34.975     -17.903     -56.633     -24.686     -31.837     -10.934     -19.076      -8.778     -31.728      -7.061     -16.219     -14.871     -20.495     -20.996     -20.257     -24.057     -30.281     -43.933      -6.919      -9.334     -16.349     -11.768     -65.998     -55.243      -7.131      -8.451     -18.952     -18.214     -19.880     -23.798     -20.078     -34.672     -36.183 
 21       3.888       3.239      -5.708      -2.407      -0.145      -2.047      -0.122      -1.945      -5.380      -0.271      -1.238      -1.401      -2.054      -2.977      -0.608      -2.532      -4.454      -6.952      -3.725      -6.971      -6.313      -2.369       3.800     -22.520     -12.877      -0.214      -3.927     -20.417     -13.056     -10.512     -10.345      -9.943      -7.866      -5.627     -12.788     -18.007     -12.864     -33.587     -22.937     -17.569     -15.423     -15.698     -12.693      -9.568     -16.136      -9.586      -8.915      -6.971      -4.064      -0.022      -3.134      -5.142      -2.870      -3.461      -3.828      -4.293      -1.484      -2.456      -7.663      -3.496      -5.886      -5.391      -4.366     -15.068     -14.601     -16.568     -17.216     -13.511     -20.809      -7.033      -6.210      -8.616     -11.988     -10.321     -14.478     -14.829      -7.254     -11.457      -7.903      -6.652       0.799     -13.220     -11.369      -9.430      -5.936     -13.781     -21.082     -13.827     -10.140     -14.641      -3.067     -13.861      -9.608      -6.250      -4.311      -5.883     -10.306      -8.963     -14.783     -10.318     -14.865     -12.221     -10.198     -13.460      -7.994      -4.969      -4.033      -0.189      -3.550      -3.432      -9.518     -10.364      -5.884      -3.039      -4.870      -5.341      -4.744      -5.126     -10.433      -8.724     -11.819     -13.302     -13.307     -12.465     -10.039      -7.987      -6.408      -9.059     -11.110     -11.492     -11.968      -7.906     -17.459     -12.077      -6.164      -6.787      -3.588      -6.142      -6.919      -7.818      -8.885     -11.987     -12.720      -8.117      -7.574      -6.331      -9.084     -10.418     -10.094      -7.051      -8.640     -13.918     -22.020      -9.800     -14.084     -21.783     -22.061      -9.477     -14.477     -15.316     -22.621     -39.450      -4.610      -8.238      -7.470      -9.447     -54.680     -54.969      -8.071     -12.117     -12.015     -22.892     -43.790     -14.396     -11.643     -21.895     -43.493     -22.892     -32.440     -43.306     -43.401     -16.520     -14.006     -22.403     -23.395     -34.274     -44.377     -54.371     -99.000     -14.819     -33.957     -15.188     -15.172     -35.259      -5.787      -9.984      -5.366      -8.532      -7.442     -25.260     -25.941     -26.853      -7.650      -7.850     -17.067     -18.338      -9.304     -14.501     -12.208     -10.208     -15.781     -13.866      -7.326      -3.435     -11.853     -15.519     -27.857     -50.206     -74.606     -32.609     -46.824     -54.214     -76.623     -10.774     -19.124     -21.393     -11.077     -16.936     -24.122     -38.290     -14.060     -17.120     -33.519     -15.671     -11.432     -18.577     -19.507     -28.211     -32.537     -34.657     -51.294     -12.581     -14.584      -5.247      -9.532     -12.350     -15.446     -15.003     -32.554     -43.426     -34.039     -46.764     -32.612     -80.166     -75.631     -34.579     -34.198     -10.662     -16.058     -14.843     -23.825     -10.931     -18.313     -29.385     -10.167     -16.520      -8.660     -33.239     -14.242     -21.307     -28.779     -13.737     -25.018     -21.950     -21.747     -17.460     -31.305     -31.622     -32.409     -19.925     -15.273     -15.118     -33.119     -24.939     -27.029     -33.330     -28.925     -36.177     -24.163     -22.585     -38.142     -36.795     -33.387     -31.478     -54.585     -59.854      -9.370      -9.251     -15.457      -9.300     -14.046     -28.961     -15.788     -16.787     -25.590     -36.053     -11.480     -26.825     -19.977     -16.799      -8.530     -17.788     -17.539     -20.740     -32.543     -15.604     -26.849     -34.780     -34.796     -28.544     -28.827     -27.200     -18.103     -19.130     -37.071     -33.284     -19.653     -22.736     -30.279     -29.236     -15.587     -14.639     -26.692     -26.160     -31.773     -41.407     -49.991     -32.950     -28.793     -36.920     -35.610     -23.390     -21.954     -45.607     -40.443     -67.692     -48.412     -31.982     -32.399     -59.499     -52.328     -63.775     -73.235     -77.256     -87.444     -99.000     -10.626      -6.682      -9.352      -5.258      -7.512     -12.905     -12.959     -21.286      -7.320      -7.535     -29.139     -10.278      -4.886     -12.289     -24.946       0.411     -25.518      -5.891      -2.945      -5.513      -8.857     -18.181     -11.227     -40.222      -6.881     -10.934     -21.004     -13.012      -9.638     -10.423     -26.310     -35.146     -42.909     -13.783     -36.230     -10.516      -6.913      -6.921      -5.585      -5.395      -6.714     -15.044     -14.841     -40.373     -65.345     -25.222     -49.488     -14.225     -22.370     -31.990     -39.664     -47.245     -56.016     -17.373      -2.731     -10.075     -12.908     -18.919     -18.907     -20.535     -13.710     -19.959     -20.725     -22.043     -35.385      -7.150     -12.382     -10.330      -8.192     -12.996     -12.253     -19.277     -15.948     -13.670     -20.266     -32.754     -41.228     -10.795     -11.277      -2.054      -5.882     -15.445     -10.561     -16.934      -6.714     -26.506      -4.261     -10.834     -26.171      -9.976     -11.588     -18.661     -18.936     -19.562     -18.168     -31.455     -29.415     -29.466     -27.587     -27.144     -30.775     -30.160     -43.208     -40.882     -59.344     -55.054     -73.958     -66.239     -84.311      -4.147      -9.832     -10.609      -4.936     -12.022      -9.309     -12.635      -9.435     -30.092      -2.577     -13.726     -17.116      -3.488     -17.924     -12.042     -16.671     -12.179     -22.486      -1.578     -11.233     -14.814     -14.711      -7.590     -12.663     -10.774     -10.567      -9.390      -6.963      -6.702      -9.655      -4.856     -12.595      -5.829     -12.827     -43.460     -12.452     -19.758     -17.839     -18.115     -18.106     -50.489      -9.560     -15.914     -10.308     -12.487     -12.684     -23.230     -47.351     -30.583     -19.034     -21.627     -32.710     -44.772     -57.838     -70.537     -20.923     -34.600     -23.431     -11.467     -32.842     -17.181     -55.205     -23.490     -30.653     -25.768     -13.030     -33.236     -34.836     -17.751     -56.447     -24.542     -31.710     -10.816     -18.805      -8.549     -31.554      -6.933     -16.017     -14.663     -20.267     -20.830     -20.038     -23.916     -30.098     -43.793      -6.839      -9.071     -16.048     -11.495     -65.000     -54.832      -6.863      -8.159     -18.575     -17.764     -19.494     -23.281     -19.723     -34.067     -35.595 
 22       4.012       3.352      -5.405      -2.202       0.002      -1.962      -0.010      -1.730      -5.209      -0.159      -1.128      -1.302      -1.942      -2.836      -0.496      -2.410      -4.354      -6.863      -3.609      -6.757      -6.200      -2.254       3.906     -22.376     -12.458      -0.102      -3.792     -20.126     -12.912     -10.304     -10.177      -9.609      -7.792      -5.538     -12.624     -17.832     -12.413     -32.825     -22.302     -17.109     -15.046     -15.424     -12.436      -9.267     -15.720      -9.449      -8.752      -6.653      -3.839       0.110      -3.022      -4.998      -2.698      -3.320      -3.584      -4.146      -1.364      -2.351      -7.499      -3.346      -5.685      -5.219      -4.175     -14.606     -14.299     -16.052     -16.713     -13.103     -20.336      -6.749      -5.967      -8.253     -11.662     -10.008     -14.111     -14.433      -7.060     -11.134      -7.735      -6.382       0.911     -12.916     -10.990      -9.196      -5.745     -13.465     -20.507     -13.414      -9.867     -14.343      -2.915     -13.582      -9.382      -6.002      -4.207      -5.721     -10.086      -8.770     -14.487     -10.009     -14.521     -12.088     -10.073     -13.213      -7.848      -4.810      -3.933      -0.078      -3.475      -3.338      -9.336     -10.202      -5.754      -2.962      -4.811      -5.229      -4.617      -5.014     -10.098      -8.518     -11.535     -13.097     -13.228     -12.361      -9.932      -7.849      -6.337      -8.846     -10.965     -11.318     -11.851      -7.801     -17.311     -11.954      -6.023      -6.678      -3.457      -6.060      -6.806      -7.700      -8.768     -11.926     -12.609      -8.039      -7.440      -6.258      -8.867     -10.281     -10.006      -6.957      -8.498     -13.833     -21.943      -9.746     -13.999     -21.705     -21.983      -9.432     -14.392     -15.286     -22.546     -39.364      -4.538      -8.096      -7.413      -9.326     -54.550     -54.871      -8.029     -12.082     -11.715     -22.645     -43.403     -14.131     -11.432     -21.573     -43.102     -22.644     -32.085     -42.915     -43.014     -16.224     -13.766     -22.088     -23.151     -33.900     -43.997     -53.869     -99.000     -14.497     -33.605     -14.872     -14.942     -34.901      -5.554      -9.757      -5.152      -8.335      -7.138     -24.937     -25.606     -26.513      -7.432      -7.567     -16.771     -18.026      -9.036     -14.265     -11.988      -9.952     -15.405     -13.523      -7.194      -3.339     -11.684     -15.122     -27.461     -49.710     -73.973     -32.145     -46.313     -53.665     -75.988     -10.412     -18.758     -20.991     -10.736     -16.545     -23.694     -37.863     -13.667     -16.745     -33.133     -15.244     -11.111     -18.089     -19.151     -27.586     -31.926     -33.946     -50.766     -12.515     -14.490      -5.140      -9.429     -12.170     -15.234     -14.884     -32.330     -42.994     -33.875     -46.290     -32.417     -79.417     -75.102     -34.217     -33.837     -10.484     -15.781     -14.619     -23.543     -10.861     -18.062     -29.035     -10.013     -16.364      -8.535     -33.074     -14.135     -21.055     -28.657     -13.625     -24.921     -21.693     -21.487     -17.400     -30.959     -31.262     -32.186     -19.742     -15.086     -15.031     -32.903     -24.784     -26.801     -33.165     -28.748     -35.999     -23.958     -22.507     -37.968     -36.615     -33.180     -31.384     -54.257     -59.578      -9.171      -9.151     -15.352      -9.159     -13.812     -28.757     -15.520     -16.537     -25.283     -35.637     -11.405     -26.426     -19.687     -16.667      -8.410     -17.629     -17.319     -20.507     -32.369     -15.470     -26.488     -34.351     -34.363     -28.407     -28.460     -26.980     -17.965     -19.061     -36.633     -33.060     -19.497     -22.512     -30.038     -29.015     -15.402     -14.564     -26.522     -25.960     -31.441     -40.951     -49.473     -32.810     -28.633     -36.748     -35.300     -23.210     -21.886     -45.163     -40.245     -66.987     -48.032     -31.816     -32.296     -58.943     -52.065     -63.291     -72.572     -76.720     -86.667     -99.000     -10.495      -6.562      -9.229      -5.120      -7.305     -12.682     -12.735     -21.009      -7.206      -7.347     -28.949     -10.141      -4.667     -12.004     -24.783       0.507     -25.332      -5.732      -2.822      -5.314      -8.674     -17.822     -10.925     -40.103      -6.669     -10.731     -20.717     -12.680      -9.466     -10.214     -25.962     -34.747     -42.440     -13.482     -36.134     -10.414      -6.858      -6.852      -5.466      -5.362      -6.697     -14.795     -14.735     -40.561     -65.463     -25.138     -49.382     -14.106     -22.221     -31.825     -39.473     -47.020     -55.767     -16.949      -2.559      -9.860     -12.671     -18.714     -18.702     -20.393     -13.460     -19.747     -20.588     -21.957     -35.282      -6.972     -12.208     -10.066      -8.082     -12.881     -12.084     -19.063     -15.427     -13.288     -19.805     -32.212     -40.697     -10.455     -11.080      -1.889      -5.721     -15.054     -10.328     -16.619      -6.584     -26.158      -4.066     -10.628     -25.598      -9.790     -11.330     -18.341     -18.707     -19.205     -17.937     -31.184     -28.991     -29.209     -27.253     -26.916     -30.361     -29.848     -42.741     -40.537     -58.719     -54.593     -73.259     -65.746     -83.694      -3.915      -9.609     -10.197      -4.718     -11.792      -9.059     -12.371      -9.152     -29.365      -2.464     -13.524     -16.899      -3.264     -17.404     -11.719     -16.422     -11.902     -22.009      -1.457     -11.048     -14.614     -14.276      -7.370     -12.424     -10.463     -10.358      -9.088      -6.797      -6.361      -9.364      -4.629     -12.342      -5.629     -12.614     -43.390     -12.182     -19.480     -17.774     -18.047     -18.046     -50.270      -9.462     -15.665     -10.150     -12.435     -12.485     -23.024     -47.218     -30.565     -18.961     -21.592     -32.791     -44.929     -58.070     -70.853     -20.576     -34.523     -23.246     -11.301     -32.779     -17.050     -55.138     -23.379     -30.565     -25.543     -12.837     -33.004     -34.753     -17.611     -56.347     -24.419     -31.616     -10.726     -18.521      -8.318     -31.447      -6.800     -15.830     -14.463     -20.047     -20.704     -19.833     -23.818     -29.952     -43.723      -6.771      -8.770     -15.734     -11.220     -64.102     -54.478      -6.599      -7.879     -18.198     -17.312     -19.107     -22.758     -19.371     -33.464     -35.010 
 23       4.140       3.461      -5.078      -1.981       0.163      -1.894       0.100      -1.503      -5.022      -0.049      -1.022      -1.211      -1.834      -2.697      -0.387      -2.285      -4.270      -6.787      -3.497      -6.531      -6.091      -2.142       4.003     -22.264     -12.013       0.007      -3.646     -19.812     -12.805     -10.105     -10.025      -9.262      -7.742      -5.470     -12.463     -17.694     -11.915     -31.991     -21.604     -16.597     -14.617     -15.139     -12.166      -8.964     -15.293      -9.331      -8.597      -6.321      -3.606       0.243      -2.913      -4.875      -2.533      -3.190      -3.336      -4.010      -1.256      -2.256      -7.354      -3.209      -5.488      -5.054      -3.988     -14.101     -13.975     -15.485     -16.154     -12.647     -19.810      -6.445      -5.711      -7.859     -11.312      -9.671     -13.708     -14.024      -6.870     -10.809      -7.585      -6.099       1.021     -12.595     -10.592      -8.965      -5.561     -13.134     -19.871     -12.955      -9.595     -14.050      -2.757     -13.284      -9.155      -5.747      -4.116      -5.563      -9.859      -8.581     -14.179      -9.660     -14.146     -11.967      -9.954     -12.945      -7.715      -4.652      -3.843       0.028      -3.411      -3.252      -9.148     -10.052      -5.632      -2.899      -4.766      -5.124      -4.496      -4.906      -9.727      -8.295     -11.224     -12.900     -13.170     -12.269      -9.846      -7.717      -6.282      -8.627     -10.826     -11.145     -11.756      -7.712     -17.198     -11.849      -5.897      -6.589      -3.340      -6.001      -6.716      -7.602      -8.670     -11.896     -12.513      -7.992      -7.318      -6.205      -8.649     -10.156      -9.948      -6.887      -8.367     -13.775     -21.899      -9.719     -13.944     -21.665     -21.948      -9.409     -14.328     -15.287     -22.498     -39.338      -4.489      -7.970      -7.385      -9.215     -54.510     -54.836      -8.022     -12.086     -11.409     -22.403     -43.012     -13.867     -11.225     -21.248     -42.713     -22.407     -31.735     -42.531     -42.639     -15.920     -13.520     -21.761     -22.907     -33.512     -43.608     -53.348     -99.000     -14.172     -33.268     -14.547     -14.717     -34.542      -5.326      -9.538      -4.941      -8.155      -6.831     -24.633     -25.284     -26.180      -7.227      -7.296     -16.497     -17.728      -8.792     -14.052     -11.791      -9.689     -15.014     -13.168      -7.078      -3.251     -11.540     -14.718     -27.067     -49.226     -73.359     -31.664     -45.794     -53.101     -75.340     -10.043     -18.396     -20.583     -10.403     -16.178     -23.286     -37.486     -13.261     -16.368     -32.799     -14.805     -10.781     -17.582     -18.799     -26.938     -31.310     -33.215     -50.275     -12.486     -14.420      -5.057      -9.364     -12.012     -15.014     -14.786     -32.120     -42.538     -33.735     -45.788     -32.244     -78.619     -74.566     -33.859     -33.487     -10.311     -15.528     -14.392     -23.254     -10.818     -17.799     -28.665      -9.866     -16.234      -8.425     -32.940     -14.055     -20.831     -28.602     -13.539     -24.891     -21.431     -21.222     -17.379     -30.601     -30.889     -31.983     -19.575     -14.914     -14.976     -32.717     -24.664     -26.605     -33.035     -28.601     -35.868     -23.778     -22.474     -37.854     -36.494     -33.009     -31.346     -53.965     -59.372      -8.974      -9.064     -15.263      -9.024     -13.570     -28.572     -15.272     -16.275     -24.959     -35.194     -11.351     -25.991     -19.374     -16.558      -8.300     -17.480     -17.107     -20.294     -32.245     -15.351     -26.104     -33.899     -33.906     -28.321     -28.065     -26.766     -17.840     -19.018     -36.161     -32.843     -19.352     -22.289     -29.812     -28.812     -15.223     -14.511     -26.369     -25.780     -31.119     -40.466     -48.922     -32.692     -28.489     -36.606     -34.986     -23.041     -21.848     -44.733     -40.083     -66.238     -47.647     -31.669     -32.224     -58.405     -51.819     -62.795     -71.930     -76.171     -85.913     -99.000     -10.393      -6.461      -9.134      -4.997      -7.096     -12.459     -12.511     -20.728      -7.121      -7.153     -28.823     -10.033      -4.451     -11.724     -24.683       0.590     -25.174      -5.592      -2.722      -5.131      -8.519     -17.480     -10.644     -40.058      -6.456     -10.520     -20.415     -12.345      -9.301     -10.000     -25.600     -34.331     -41.948     -13.169     -36.112     -10.335      -6.821      -6.796      -5.354      -5.351      -6.703     -14.526     -14.642     -40.862     -65.700     -25.111     -49.379     -14.020     -22.117     -31.719     -39.353     -46.878     -55.615     -16.517      -2.372      -9.649     -12.422     -18.507     -18.501     -20.287     -13.191     -19.527     -20.477     -21.908     -35.222      -6.792     -12.057      -9.779      -7.991     -12.790     -11.920     -18.855     -14.843     -12.884     -19.295     -31.617     -40.122     -10.089     -10.891      -1.713      -5.563     -14.615     -10.082     -16.280      -6.463     -25.794      -3.852     -10.425     -24.947      -9.598     -11.051     -17.994     -18.486     -18.814     -17.712     -30.934     -28.531     -28.971     -26.897     -26.703     -29.913     -29.539     -42.239     -40.198     -58.046     -54.129     -72.509     -65.253     -83.066      -3.660      -9.387      -9.734      -4.497     -11.565      -8.797     -12.103      -8.857     -28.553      -2.354     -13.339     -16.701      -3.018     -16.815     -11.376     -16.171     -11.621     -21.481      -1.335     -10.879     -14.432     -13.778      -7.139     -12.174     -10.119     -10.152      -8.751      -6.638      -5.981      -9.064      -4.380     -12.090      -5.410     -12.404     -43.380     -11.883     -19.185     -17.736     -18.012     -18.009     -50.086      -9.384     -15.404     -10.012     -12.423     -12.286     -22.828     -47.149     -30.596     -18.917     -21.595     -32.944     -45.189     -58.436     -71.332     -20.230     -34.505     -23.080     -11.140     -32.783     -16.941     -55.176     -23.303     -30.527     -25.327     -12.641     -32.794     -34.723     -17.481     -56.331     -24.315     -31.549     -10.664     -18.230      -8.083     -31.406      -6.663     -15.657     -14.272     -19.838     -20.620     -19.644     -23.762     -29.847     -43.726      -6.717      -8.433     -15.409     -10.944     -63.294     -54.178      -6.338      -7.613     -17.820     -16.857     -18.717     -22.226     -19.021     -32.859     -34.426 
 24       4.266       3.569      -4.750      -1.760       0.323      -1.829       0.207      -1.276      -4.835       0.058      -0.918      -1.126      -1.727      -2.563      -0.279      -2.162      -4.189      -6.716      -3.387      -6.305      -5.983      -2.032       4.098     -22.162     -11.567       0.114      -3.505     -19.499     -12.706      -9.910      -9.878      -8.916      -7.697      -5.405     -12.305     -17.562     -11.420     -31.158     -20.903     -16.086     -14.191     -14.855     -11.899      -8.664     -14.866      -9.220      -8.444      -5.990      -3.374       0.373      -2.805      -4.756      -2.371      -3.064      -3.089      -3.876      -1.152      -2.163      -7.214      -3.079      -5.298      -4.892      -3.805     -13.599     -13.653     -14.917     -15.597     -12.194     -19.284      -6.144      -5.458      -7.465     -10.964      -9.336     -13.307     -13.617      -6.684     -10.487      -7.439      -5.818       1.129     -12.273     -10.194      -8.734      -5.378     -12.804     -19.234     -12.497      -9.325     -13.760      -2.602     -12.986      -8.931      -5.493      -4.028      -5.408      -9.635      -8.397     -13.871      -9.314     -13.773     -11.853      -9.837     -12.680      -7.589      -4.497      -3.758       0.132      -3.351      -3.169      -8.964      -9.908      -5.518      -2.843      -4.726      -5.023      -4.379      -4.801      -9.357      -8.075     -10.915     -12.708     -13.118     -12.178      -9.763      -7.588      -6.230      -8.408     -10.689     -10.974     -11.664      -7.628     -17.093     -11.747      -5.774      -6.505      -3.226      -5.945      -6.633      -7.510      -8.576     -11.871     -12.420      -7.950      -7.199      -6.156      -8.433     -10.034      -9.896      -6.822      -8.240     -13.720     -21.860      -9.697     -13.895     -21.631     -21.921      -9.391     -14.267     -15.293     -22.454     -39.319      -4.446      -7.850      -7.366      -9.111     -54.483     -54.808      -8.021     -12.099     -11.105     -22.165     -42.623     -13.604     -11.020     -20.925     -42.326     -22.174     -31.389     -42.151     -42.270     -15.617     -13.276     -21.434     -22.664     -33.125     -43.220     -52.829     -99.000     -13.849     -32.936     -14.224     -14.495     -34.185      -5.099      -9.323      -4.733      -7.978      -6.527     -24.333     -24.965     -25.850      -7.026      -7.028     -16.228     -17.434      -8.554     -13.841     -11.598      -9.429     -14.624     -12.815      -6.965      -3.167     -11.399     -14.313     -26.675     -48.747     -72.753     -31.182     -45.276     -52.537     -74.693      -9.674     -18.036     -20.177     -10.070     -15.814     -22.885     -37.115     -12.855     -15.992     -32.473     -14.365     -10.453     -17.072     -18.450     -26.287     -30.694     -32.480     -49.795     -12.465     -14.356      -4.983      -9.311     -11.866     -14.796     -14.692     -31.918     -42.090     -33.603     -45.289     -32.073     -77.824     -74.035     -33.504     -33.141     -10.142     -15.282     -14.169     -22.972     -10.783     -17.541     -28.302      -9.723     -16.107      -8.322     -32.812     -13.980     -20.614     -28.556     -13.458     -24.872     -21.174     -20.962     -17.368     -30.250     -30.523     -31.788     -19.414     -14.746     -14.928     -32.536     -24.549     -26.416     -32.914     -28.461     -35.745     -23.602     -22.450     -37.750     -36.383     -32.844     -31.318     -53.681     -59.178      -8.780      -8.983     -15.183      -8.892     -13.332     -28.397     -15.029     -16.017     -24.641     -34.759     -11.304     -25.561     -19.067     -16.453      -8.196     -17.334     -16.899     -20.084     -32.128     -15.234     -25.721     -33.449     -33.452     -28.243     -27.672     -26.556     -17.718     -18.983     -35.694     -32.634     -19.209     -22.068     -29.591     -28.614     -15.044     -14.464     -26.218     -25.602     -30.802     -39.983     -48.374     -32.580     -28.348     -36.468     -34.676     -22.874     -21.816     -44.309     -39.925     -65.492     -47.265     -31.524     -32.158     -57.875     -51.576     -62.301     -71.298     -75.626     -85.171     -99.000     -10.300      -6.363      -9.046      -4.879      -6.891     -12.242     -12.293     -20.457      -7.043      -6.966     -28.710      -9.934      -4.239     -11.448     -24.598       0.667     -25.029      -5.457      -2.627      -4.953      -8.370     -17.145     -10.369     -40.030      -6.247     -10.314     -20.120     -12.011      -9.139      -9.790     -25.246     -33.925     -41.468     -12.859     -36.107     -10.261      -6.790      -6.747      -5.246      -5.350      -6.716     -14.264     -14.559     -41.184     -65.967     -25.093     -49.388     -13.938     -22.020     -31.620     -39.242     -46.747     -55.475     -16.085      -2.185      -9.441     -12.176     -18.303     -18.304     -20.188     -12.924     -19.310     -20.370     -21.865     -35.167      -6.617     -11.914      -9.495      -7.907     -12.706     -11.763     -18.654     -14.256     -12.480     -18.783     -31.021     -39.546      -9.724     -10.707      -1.541      -5.413     -14.175      -9.839     -15.943      -6.344     -25.434      -3.638     -10.226     -24.296      -9.408     -10.773     -17.646     -18.268     -18.424     -17.491     -30.688     -28.073     -28.740     -26.541     -26.493     -29.466     -29.233     -41.738     -39.862     -57.375     -53.669     -71.761     -64.763     -82.443      -3.406      -9.168      -9.270      -4.278     -11.343      -8.539     -11.841      -8.568     -27.741      -2.246     -13.158     -16.510      -2.773     -16.226     -11.036     -15.927     -11.342     -20.956      -1.216     -10.716     -14.257     -13.282      -6.911     -11.929      -9.775      -9.949      -8.415      -6.482      -5.599      -8.765      -4.135     -11.844      -5.192     -12.199     -43.378     -11.585     -18.891     -17.702     -17.982     -17.975     -49.909      -9.311     -15.148      -9.879     -12.419     -12.091     -22.635     -47.090     -30.633     -18.879     -21.606     -33.109     -45.465     -58.820     -71.835     -19.885     -34.498     -22.922     -10.981     -32.799     -16.835     -55.231     -23.233     -30.496     -25.117     -12.446     -32.590     -34.703     -17.353     -56.329     -24.212     -31.485     -10.611     -17.945      -7.850     -31.382      -6.529     -15.489     -14.087     -19.636     -20.546     -19.463     -23.718     -29.755     -43.749      -6.669      -8.096     -15.084     -10.673     -62.503     -53.888      -6.081      -7.351     -17.447     -16.403     -18.329     -21.694     -18.672     -32.258     -33.842 
 25       4.391       3.675      -4.422      -1.542       0.479      -1.768       0.313      -1.050      -4.650       0.164      -0.816      -1.046      -1.623      -2.433      -0.172      -2.040      -4.111      -6.650      -3.280      -6.080      -5.877      -1.924       4.189     -22.068     -11.120       0.219      -3.370     -19.187     -12.614      -9.718      -9.735      -8.573      -7.655      -5.342     -12.150     -17.435     -10.927     -30.331     -20.202     -15.577     -13.771     -14.575     -11.634      -8.369     -14.438      -9.114      -8.295      -5.659      -3.146       0.499      -2.700      -4.643      -2.212      -2.942      -2.845      -3.746      -1.050      -2.073      -7.078      -2.956      -5.114      -4.734      -3.625     -13.100     -13.335     -14.351     -15.042     -11.745     -18.761      -5.846      -5.208      -7.074     -10.619      -9.004     -12.909     -13.213      -6.503     -10.168      -7.297      -5.536       1.235     -11.952      -9.796      -8.505      -5.196     -12.475     -18.599     -12.040      -9.056     -13.471      -2.450     -12.691      -8.711      -5.241      -3.942      -5.255      -9.414      -8.220     -13.566      -8.971     -13.403     -11.746      -9.724     -12.418      -7.468      -4.347      -3.677       0.232      -3.295      -3.091      -8.784      -9.768      -5.411      -2.795      -4.690      -4.927      -4.266      -4.699      -8.991      -7.859     -10.609     -12.521     -13.070     -12.090      -9.684      -7.460      -6.180      -8.192     -10.554     -10.805     -11.575      -7.549     -16.995     -11.647      -5.654      -6.423      -3.113      -5.892      -6.556      -7.425      -8.485     -11.851     -12.330      -7.912      -7.084      -6.111      -8.219      -9.915      -9.846      -6.765      -8.116     -13.670     -21.824      -9.682     -13.851     -21.602     -21.899      -9.378     -14.209     -15.304     -22.413     -39.306      -4.409      -7.735      -7.355      -9.014     -54.468     -54.784      -8.027     -12.121     -10.803     -21.930     -42.236     -13.344     -10.819     -20.604     -41.942     -21.945     -31.047     -41.775     -41.906     -15.315     -13.034     -21.107     -22.425     -32.738     -42.834     -52.315     -99.000     -13.528     -32.610     -13.902     -14.277     -33.830      -4.874      -9.113      -4.528      -7.803      -6.225     -24.039     -24.650     -25.522      -6.830      -6.763     -15.963     -17.143      -8.319     -13.633     -11.408      -9.172     -14.235     -12.463      -6.855      -3.087     -11.259     -13.910     -26.285     -48.272     -72.153     -30.699     -44.758     -51.973     -74.046      -9.306     -17.678     -19.770      -9.739     -15.454     -22.490     -36.749     -12.449     -15.616     -32.153     -13.924     -10.125     -16.562     -18.102     -25.634     -30.076     -31.743     -49.322     -12.452     -14.298      -4.917      -9.271     -11.730     -14.580     -14.601     -31.724     -41.652     -33.475     -44.793     -31.904     -77.034     -73.509     -33.152     -32.798      -9.979     -15.041     -13.952     -22.698     -10.757     -17.291     -27.949      -9.583     -15.985      -8.225     -32.692     -13.908     -20.402     -28.516     -13.380     -24.860     -20.923     -20.708     -17.366     -29.908     -30.165     -31.602     -19.256     -14.581     -14.888     -32.359     -24.440     -26.232     -32.800     -28.326     -35.629     -23.431     -22.435     -37.653     -36.279     -32.684     -31.300     -53.406     -58.995      -8.589      -8.910     -15.111      -8.761     -13.099     -28.232     -14.791     -15.762     -24.330     -34.334     -11.264     -25.137     -18.765     -16.351      -8.097     -17.190     -16.693     -19.878     -32.016     -15.119     -25.341     -33.003     -33.001     -28.171     -27.283     -26.351     -17.599     -18.956     -35.234     -32.431     -19.069     -21.850     -29.372     -28.418     -14.867     -14.422     -26.069     -25.426     -30.490     -39.502     -47.833     -32.471     -28.209     -36.334     -34.367     -22.708     -21.789     -43.892     -39.771     -64.751     -46.886     -31.380     -32.097     -57.353     -51.336     -61.811     -70.676     -75.085     -84.440     -99.000     -10.216      -6.268      -8.964      -4.767      -6.691     -12.032     -12.083     -20.195      -6.972      -6.785     -28.608      -9.844      -4.031     -11.177     -24.527       0.739     -24.897      -5.326      -2.535      -4.780      -8.227     -16.818     -10.100     -40.016      -6.040     -10.114     -19.834     -11.680      -8.980      -9.585     -24.902     -33.531     -41.004     -12.553     -36.119     -10.192      -6.766      -6.704      -5.144      -5.358      -6.736     -14.010     -14.485     -41.525     -66.262     -25.080     -49.406     -13.860     -21.927     -31.527     -39.139     -46.624     -55.344     -15.656      -2.001      -9.237     -11.934     -18.103     -18.112     -20.095     -12.660     -19.095     -20.267     -21.827     -35.115      -6.448     -11.778      -9.216      -7.828     -12.631     -11.612     -18.463     -13.670     -12.078     -18.272     -30.425     -38.970      -9.363     -10.529      -1.374      -5.272     -13.738      -9.598     -15.608      -6.227     -25.077      -3.427     -10.031     -23.646      -9.220     -10.497     -17.302     -18.054     -18.035     -17.272     -30.447     -27.618     -28.513     -26.188     -26.286     -29.022     -28.931     -41.240     -39.530     -56.707     -53.212     -71.016     -64.278     -81.825      -3.153      -8.953      -8.808      -4.062     -11.127      -8.287     -11.586      -8.286     -26.933      -2.140     -12.981     -16.324      -2.529     -15.639     -10.698     -15.689     -11.066     -20.436      -1.100     -10.556     -14.088     -12.789      -6.687     -11.692      -9.433      -9.749      -8.081      -6.329      -5.219      -8.468      -3.895     -11.604      -4.977     -11.997     -43.382     -11.289     -18.600     -17.671     -17.956     -17.942     -49.738      -9.243     -14.897      -9.750     -12.424     -11.898     -22.447     -47.038     -30.675     -18.846     -21.623     -33.284     -45.754     -59.221     -72.356     -19.540     -34.500     -22.772     -10.824     -32.825     -16.733     -55.301     -23.166     -30.470     -24.915     -12.252     -32.392     -34.691     -17.225     -56.339     -24.110     -31.422     -10.566     -17.669      -7.619     -31.372      -6.400     -15.327     -13.907     -19.442     -20.482     -19.290     -23.683     -29.676     -43.789      -6.625      -7.760     -14.763     -10.406     -61.727     -53.607      -5.827      -7.094     -17.077     -15.948     -17.942     -21.162     -18.325     -31.658     -33.257 
 26       4.515       3.779      -4.094      -1.324       0.632      -1.709       0.417      -0.825      -4.465       0.269      -0.718      -0.972      -1.520      -2.309      -0.067      -1.920      -4.035      -6.587      -3.176      -5.857      -5.773      -1.817       4.278     -21.983     -10.673       0.323      -3.240     -18.876     -12.528      -9.530      -9.598      -8.231      -7.616      -5.282     -11.999     -17.313     -10.438     -29.508     -19.500     -15.070     -13.357     -14.299     -11.372      -8.078     -14.011      -9.014      -8.149      -5.330      -2.920       0.620      -2.597      -4.534      -2.057      -2.824      -2.604      -3.619      -0.951      -1.986      -6.945      -2.840      -4.936      -4.580      -3.447     -12.604     -13.019     -13.785     -14.491     -11.300     -18.240      -5.550      -4.961      -6.685     -10.277      -8.674     -12.515     -12.810      -6.327      -9.853      -7.158      -5.255       1.339     -11.630      -9.399      -8.277      -5.014     -12.148     -17.964     -11.586      -8.788     -13.184      -2.303     -12.398      -8.494      -4.991      -3.859      -5.105      -9.195      -8.048     -13.264      -8.632     -13.034     -11.646      -9.616     -12.160      -7.354      -4.202      -3.601       0.329      -3.243      -3.016      -8.608      -9.634      -5.312      -2.754      -4.660      -4.836      -4.157      -4.600      -8.627      -7.647     -10.308     -12.340     -13.026     -12.003      -9.609      -7.335      -6.133      -7.976     -10.421     -10.638     -11.488      -7.477     -16.904     -11.550      -5.537      -6.345      -3.003      -5.842      -6.486      -7.345      -8.398     -11.837     -12.243      -7.879      -6.971      -6.069      -8.007      -9.801      -9.800      -6.714      -7.995     -13.623     -21.792      -9.673     -13.811     -21.578     -21.884      -9.370     -14.153     -15.320     -22.374     -39.299      -4.378      -7.627      -7.352      -8.925     -54.464     -54.765      -8.040     -12.153     -10.503     -21.698     -41.851     -13.084     -10.621     -20.286     -41.561     -21.721     -30.708     -41.403     -41.546     -15.014     -12.795     -20.781     -22.187     -32.352     -42.447     -51.803     -99.000     -13.210     -32.288     -13.582     -14.062     -33.476      -4.650      -8.906      -4.326      -7.630      -5.925     -23.748     -24.338     -25.196      -6.638      -6.502     -15.703     -16.856      -8.089     -13.427     -11.221      -8.918     -13.848     -12.112      -6.747      -3.011     -11.120     -13.508     -25.895     -47.801     -71.560     -30.216     -44.240     -51.408     -73.399      -8.937     -17.320     -19.364      -9.409     -15.097     -22.101     -36.387     -12.042     -15.240     -31.839     -13.483      -9.798     -16.049     -17.757     -24.978     -29.456     -31.000     -48.858     -12.447     -14.245      -4.861      -9.243     -11.606     -14.366     -14.513     -31.537     -41.224     -33.354     -44.301     -31.739     -76.248     -72.988     -32.802     -32.459      -9.822     -14.806     -13.739     -22.431     -10.739     -17.047     -27.606      -9.446     -15.867      -8.134     -32.578     -13.841     -20.197     -28.484     -13.308     -24.858     -20.677     -20.459     -17.375     -29.574     -29.817     -31.425     -19.102     -14.419     -14.855     -32.187     -24.336     -26.054     -32.695     -28.197     -35.519     -23.265     -22.428     -37.564     -36.183     -32.531     -31.292     -53.140     -58.822      -8.401      -8.844     -15.050      -8.633     -12.870     -28.077     -14.558     -15.513     -24.026     -33.919     -11.232     -24.719     -18.470     -16.253      -8.003     -17.048     -16.491     -19.677     -31.908     -15.006     -24.964     -32.559     -32.553     -28.106     -26.898     -26.150     -17.485     -18.936     -34.780     -32.236     -18.931     -21.634     -29.157     -28.225     -14.691     -14.385     -25.923     -25.254     -30.183     -39.025     -47.296     -32.368     -28.073     -36.203     -34.061     -22.543     -21.767     -43.481     -39.621     -64.014     -46.510     -31.238     -32.042     -56.840     -51.099     -61.324     -70.063     -74.547     -83.720     -99.000     -10.141      -6.176      -8.888      -4.660      -6.497     -11.830     -11.880     -19.943      -6.908      -6.611     -28.518      -9.763      -3.827     -10.910     -24.468       0.806     -24.779      -5.200      -2.447      -4.613      -8.089     -16.498      -9.837     -40.017      -5.836      -9.921     -19.557     -11.351      -8.825      -9.384     -24.569     -33.149     -40.555     -12.250     -36.147     -10.128      -6.749      -6.667      -5.048      -5.376      -6.764     -13.764     -14.421     -41.885     -66.588     -25.074     -49.434     -13.786     -21.839     -31.441     -39.042     -46.509     -55.222     -15.230      -1.819      -9.036     -11.694     -17.906     -17.924     -20.007     -12.397     -18.882     -20.167     -21.795     -35.068      -6.284     -11.649      -8.941      -7.755     -12.564     -11.468     -18.280     -13.083     -11.676     -17.760     -29.829     -38.395      -9.004     -10.355      -1.212      -5.139     -13.302      -9.359     -15.277      -6.113     -24.725      -3.217      -9.838     -22.998      -9.034     -10.223     -16.959     -17.843     -17.648     -17.056     -30.210     -27.164     -28.291     -25.837     -26.083     -28.579     -28.632     -40.744     -39.201     -56.042     -52.760     -70.274     -63.797     -81.211      -2.901      -8.740      -8.349      -3.848     -10.917      -8.039     -11.338      -8.009     -26.127      -2.035     -12.807     -16.145      -2.286     -15.053     -10.363     -15.459     -10.794     -19.921      -0.986     -10.401     -13.927     -12.299      -6.468     -11.461      -9.093      -9.552      -7.747      -6.178      -4.839      -8.173      -3.660     -11.371      -4.763     -11.798     -43.394     -10.994     -18.311     -17.642     -17.933     -17.912     -49.573      -9.181     -14.651      -9.625     -12.437     -11.708     -22.261     -46.994     -30.723     -18.818     -21.649     -33.469     -46.057     -59.640     -72.899     -19.195     -34.512     -22.630     -10.669     -32.862     -16.634     -55.387     -23.105     -30.450     -24.721     -12.059     -32.199     -34.688     -17.099     -56.362     -24.010     -31.360     -10.528     -17.400      -7.391     -31.378      -6.273     -15.170     -13.733     -19.257     -20.428     -19.124     -23.660     -29.610     -43.848      -6.588      -7.424     -14.443     -10.143     -60.967     -53.336      -5.578      -6.843     -16.712     -15.493     -17.555     -20.630     -17.979     -31.060     -32.672 
 27       4.637       3.882      -3.765      -1.107       0.783      -1.654       0.519      -0.602      -4.280       0.371      -0.622      -0.903      -1.420      -2.190       0.037      -1.802      -3.961      -6.529      -3.074      -5.634      -5.670      -1.713       4.364     -21.906     -10.223       0.424      -3.115     -18.566     -12.448      -9.346      -9.465      -7.892      -7.580      -5.225     -11.850     -17.197      -9.951     -28.688     -18.796     -14.565     -12.947     -14.025     -11.111      -7.791     -13.582      -8.919      -8.006      -5.001      -2.697       0.737      -2.495      -4.430      -1.904      -2.710      -2.365      -3.495      -0.855      -1.902      -6.817      -2.732      -4.765      -4.429      -3.273     -12.111     -12.705     -13.220     -13.942     -10.859     -17.721      -5.257      -4.718      -6.298      -9.938      -8.346     -12.123     -12.410      -6.157      -9.542      -7.024      -4.974       1.442     -11.308      -9.003      -8.050      -4.832     -11.821     -17.328     -11.133      -8.521     -12.899      -2.159     -12.106      -8.282      -4.744      -3.779      -4.958      -8.980      -7.883     -12.964      -8.296     -12.668     -11.552      -9.511     -11.905      -7.245      -4.060      -3.530       0.422      -3.196      -2.946      -8.437      -9.505      -5.221      -2.721      -4.635      -4.749      -4.053      -4.505      -8.268      -7.439     -10.010     -12.164     -12.987     -11.918      -9.537      -7.212      -6.089      -7.763     -10.291     -10.472     -11.404      -7.411     -16.822     -11.455      -5.423      -6.271      -2.895      -5.795      -6.422      -7.273      -8.314     -11.828     -12.159      -7.850      -6.862      -6.031      -7.799      -9.689      -9.758      -6.671      -7.877     -13.581     -21.765      -9.670     -13.778     -21.560     -21.875      -9.367     -14.101     -15.341     -22.338     -39.298      -4.354      -7.525      -7.358      -8.844     -54.474     -54.752      -8.061     -12.195     -10.205     -21.469     -41.466     -12.826     -10.426     -19.970     -41.182     -21.502     -30.372     -41.035     -41.191     -14.712     -12.558     -20.454     -21.952     -31.965     -42.060     -51.294     -99.000     -12.893     -31.970     -13.262     -13.850     -33.123      -4.427      -8.702      -4.127      -7.459      -5.628     -23.463     -24.030     -24.873      -6.450      -6.244     -15.447     -16.572      -7.864     -13.224     -11.036      -8.666     -13.462     -11.763      -6.642      -2.939     -10.983     -13.107     -25.506     -47.334     -70.973     -29.731     -43.722     -50.842     -72.752      -8.567     -16.963     -18.957      -9.079     -14.743     -21.717     -36.029     -11.634     -14.864     -31.531     -13.041      -9.472     -15.533     -17.413     -24.317     -28.834     -30.252     -48.402     -12.451     -14.199      -4.814      -9.230     -11.494     -14.154     -14.428     -31.359     -40.807     -33.239     -43.811     -31.576     -75.465     -72.470     -32.454     -32.124      -9.671     -14.579     -13.532     -22.173     -10.730     -16.811     -27.274      -9.312     -15.753      -8.050     -32.472     -13.779     -19.998     -28.459     -13.239     -24.865     -20.438     -20.217     -17.394     -29.249     -29.477     -31.258     -18.954     -14.263     -14.830     -32.022     -24.239     -25.883     -32.598     -28.074     -35.416     -23.105     -22.431     -37.484     -36.096     -32.385     -31.294     -52.882     -58.662      -8.217      -8.785     -14.998      -8.506     -12.646     -27.934     -14.331     -15.267     -23.729     -33.513     -11.208     -24.308     -18.181     -16.158      -7.914     -16.909     -16.293     -19.479     -31.806     -14.895     -24.588     -32.119     -32.108     -28.048     -26.518     -25.954     -17.375     -18.925     -34.334     -32.047     -18.795     -21.420     -28.945     -28.036     -14.517     -14.354     -25.779     -25.084     -29.881     -38.549     -46.765     -32.269     -27.939     -36.076     -33.758     -22.380     -21.751     -43.077     -39.474     -63.280     -46.136     -31.098     -31.994     -56.334     -50.865     -60.840     -69.459     -74.012     -83.011     -99.000     -10.076      -6.087      -8.819      -4.559      -6.308     -11.636     -11.686     -19.702      -6.851      -6.444     -28.442      -9.692      -3.627     -10.649     -24.425       0.867     -24.676      -5.078      -2.363      -4.450      -7.957     -16.185      -9.581     -40.035      -5.635      -9.735     -19.290     -11.027      -8.673      -9.188     -24.245     -32.781     -40.122     -11.949     -36.193     -10.069      -6.738      -6.637      -4.959      -5.404      -6.800     -13.527     -14.368     -42.268     -66.945     -25.074     -49.471     -13.715     -21.756     -31.360     -38.954     -46.403     -55.111     -14.809      -1.639      -8.839     -11.459     -17.713     -17.741     -19.926     -12.137     -18.672     -20.072     -21.770     -35.024      -6.127     -11.529      -8.672      -7.688     -12.505     -11.331     -18.108     -12.495     -11.274     -17.247     -29.233     -37.818      -8.647     -10.187      -1.055      -5.016     -12.867      -9.123     -14.947      -6.001     -24.377      -3.008      -9.649     -22.351      -8.848      -9.950     -16.618     -17.635     -17.263     -16.843     -29.976     -26.713     -28.074     -25.487     -25.883     -28.138     -28.336     -40.250     -38.875     -55.379     -52.311     -69.535     -63.320     -80.602      -2.651      -8.530      -7.890      -3.638     -10.713      -7.797     -11.096      -7.739     -25.324      -1.932     -12.636     -15.971      -2.044     -14.469     -10.031     -15.237     -10.525     -19.410      -0.875     -10.251     -13.773     -11.811      -6.252     -11.236      -8.754      -9.358      -7.415      -6.030      -4.461      -7.881      -3.429     -11.144      -4.552     -11.604     -43.412     -10.700     -18.025     -17.617     -17.915     -17.882     -49.415      -9.124     -14.410      -9.504     -12.460     -11.521     -22.080     -46.959     -30.776     -18.796     -21.683     -33.667     -46.375     -60.077     -73.464     -18.849     -34.533     -22.497     -10.518     -32.909     -16.539     -55.488     -23.048     -30.436     -24.533     -11.867     -32.013     -34.693     -16.975     -56.397     -23.912     -31.301     -10.499     -17.139      -7.166     -31.399      -6.150     -15.019     -13.564     -19.079     -20.383     -18.967     -23.647     -29.558     -43.927      -6.557      -7.089     -14.127      -9.885     -60.222     -53.075      -5.332      -6.597     -16.349     -15.037     -17.169     -20.099     -17.633     -30.463     -32.085 
 28       4.757       3.983      -3.435      -0.892       0.930      -1.602       0.620      -0.381      -4.096       0.472      -0.529      -0.842      -1.322      -2.077       0.140      -1.685      -3.890      -6.474      -2.975      -5.414      -5.569      -1.610       4.446     -21.837      -9.771       0.523      -2.997     -18.258     -12.375      -9.165      -9.339      -7.558      -7.548      -5.170     -11.705     -17.086      -9.467     -27.871     -18.088     -14.061     -12.544     -13.754     -10.853      -7.509     -13.152      -8.831      -7.866      -4.673      -2.477       0.849      -2.396      -4.331      -1.755      -2.601      -2.131      -3.375      -0.762      -1.822      -6.693      -2.631      -4.602      -4.283      -3.102     -11.621     -12.394     -12.655     -13.396     -10.423     -17.203      -4.966      -4.479      -5.915      -9.602      -8.021     -11.733     -12.011      -5.993      -9.236      -6.893      -4.693       1.543     -10.985      -8.607      -7.823      -4.651     -11.495     -16.693     -10.681      -8.255     -12.615      -2.019     -11.816      -8.074      -4.500      -3.702      -4.812      -8.766      -7.726     -12.668      -7.964     -12.303     -11.466      -9.411     -11.654      -7.143      -3.924      -3.465       0.509      -3.154      -2.880      -8.270      -9.381      -5.139      -2.696      -4.616      -4.669      -3.954      -4.414      -7.914      -7.234      -9.716     -11.994     -12.952     -11.835      -9.469      -7.090      -6.048      -7.552     -10.162     -10.309     -11.322      -7.351     -16.746     -11.363      -5.312      -6.201      -2.791      -5.751      -6.366      -7.208      -8.235     -11.825     -12.078      -7.826      -6.756      -5.999      -7.595      -9.580      -9.721      -6.636      -7.763     -13.543     -21.743      -9.675     -13.750     -21.548     -21.874      -9.370     -14.052     -15.369     -22.307     -39.303      -4.337      -7.432      -7.375      -8.772     -54.498     -54.746      -8.091     -12.248      -9.908     -21.244     -41.083     -12.569     -10.235     -19.655     -40.806     -21.287     -30.041     -40.670     -40.842     -14.411     -12.322     -20.127     -21.719     -31.578     -41.673     -50.788     -99.000     -12.579     -31.658     -12.943     -13.642     -32.771      -4.206      -8.504      -3.932      -7.289      -5.332     -23.182     -23.725     -24.552      -6.267      -5.989     -15.197     -16.292      -7.643     -13.022     -10.855      -8.417     -13.077     -11.414      -6.541      -2.871     -10.848     -12.710     -25.118     -46.870     -70.393     -29.245     -43.202     -50.275     -72.103      -8.197     -16.607     -18.550      -8.749     -14.393     -21.340     -35.675     -11.224     -14.487     -31.228     -12.599      -9.146     -15.014     -17.072     -23.651     -28.208     -29.498     -47.955     -12.465     -14.160      -4.779      -9.232     -11.396     -13.944     -14.347     -31.191     -40.400     -33.131     -43.324     -31.419     -74.686     -71.957     -32.109     -31.792      -9.525     -14.360     -13.330     -21.923     -10.732     -16.583     -26.952      -9.181     -15.644      -7.973     -32.374     -13.721     -19.808     -28.442     -13.176     -24.881     -20.206     -19.982     -17.425     -28.934     -29.146     -31.101     -18.809     -14.111     -14.814     -31.863     -24.147     -25.721     -32.511     -27.958     -35.322     -22.952     -22.444     -37.414     -36.019     -32.247     -31.309     -52.635     -58.513      -8.037      -8.735     -14.958      -8.382     -12.428     -27.802     -14.111     -15.026     -23.439     -33.117     -11.193     -23.904     -17.898     -16.066      -7.832     -16.771     -16.098     -19.287     -31.709     -14.787     -24.214     -31.682     -31.666     -27.997     -26.141     -25.763     -17.270     -18.923     -33.893     -31.866     -18.662     -21.208     -28.736     -27.850     -14.347     -14.328     -25.638     -24.919     -29.585     -38.076     -46.238     -32.176     -27.808     -35.952     -33.457     -22.221     -21.741     -42.680     -39.332     -62.549     -45.765     -30.961     -31.951     -55.837     -50.634     -60.359     -68.866     -73.480     -82.314     -99.000     -10.021      -6.001      -8.757      -4.464      -6.124     -11.451     -11.499     -19.473      -6.802      -6.284     -28.379      -9.631      -3.431     -10.393     -24.396       0.922     -24.589      -4.961      -2.284      -4.294      -7.831     -15.881      -9.333     -40.071      -5.437      -9.555     -19.032     -10.708      -8.526      -8.997     -23.933     -32.426     -39.706     -11.652     -36.259     -10.015      -6.736      -6.614      -4.877      -5.444      -6.844     -13.299     -14.326     -42.673     -67.338     -25.081     -49.520     -13.649     -21.679     -31.287     -38.873     -46.306     -55.010     -14.394      -1.461      -8.647     -11.227     -17.524     -17.563     -19.853     -11.879     -18.464     -19.982     -21.752     -34.985      -5.976     -11.416      -8.408      -7.628     -12.457     -11.201     -17.947     -11.906     -10.873     -16.733     -28.636     -37.241      -8.294     -10.025      -0.904      -4.902     -12.434      -8.889     -14.620      -5.892     -24.032      -2.802      -9.464     -21.703      -8.665      -9.678     -16.278     -17.431     -16.878     -16.632     -29.747     -26.263     -27.862     -25.140     -25.687     -27.699     -28.044     -39.757     -38.553     -54.718     -51.866     -68.798     -62.846     -79.996      -2.401      -8.324      -7.433      -3.430     -10.515      -7.560     -10.862      -7.476     -24.523      -1.831     -12.470     -15.805      -1.804     -13.886      -9.701     -15.023     -10.260     -18.904      -0.766     -10.104     -13.626     -11.327      -6.040     -11.019      -8.416      -9.167      -7.084      -5.884      -4.084      -7.592      -3.203     -10.924      -4.342     -11.414     -43.438     -10.407     -17.741     -17.595     -17.902     -17.855     -49.263      -9.073     -14.174      -9.388     -12.493     -11.336     -21.902     -46.932     -30.835     -18.779     -21.725     -33.877     -46.711     -60.536     -74.054     -18.502     -34.565     -22.373     -10.370     -32.969     -16.449     -55.607     -22.999     -30.431     -24.353     -11.679     -31.832     -34.707     -16.853     -56.445     -23.816     -31.244     -10.478     -16.886      -6.945     -31.438      -6.031     -14.873     -13.400     -18.910     -20.350     -18.818     -23.646     -29.520     -44.027      -6.534      -6.756     -13.814      -9.632     -59.495     -52.825      -5.092      -6.358     -15.990     -14.580     -16.783     -19.570     -17.288     -29.867     -31.496 
 29       4.875       4.082      -3.105      -0.679       1.074      -1.554       0.718      -0.164      -3.913       0.571      -0.439      -0.786      -1.227      -1.970       0.240      -1.570      -3.822      -6.425      -2.879      -5.197      -5.470      -1.509       4.525     -21.778      -9.317       0.620      -2.884     -17.950     -12.310      -8.988      -9.220      -7.231      -7.520      -5.119     -11.564     -16.982      -8.986     -27.058     -17.378     -13.560     -12.146     -13.486     -10.597      -7.231     -12.721      -8.748      -7.730      -4.345      -2.260       0.957      -2.298      -4.237      -1.610      -2.497      -1.902      -3.259      -0.673      -1.745      -6.573      -2.539      -4.446      -4.141      -2.935     -11.134     -12.087     -12.090     -12.852      -9.991     -16.687      -4.679      -4.245      -5.536      -9.269      -7.699     -11.347     -11.614      -5.834      -8.936      -6.768      -4.412       1.642     -10.662      -8.215      -7.598      -4.470     -11.170     -16.056     -10.231      -7.991     -12.332      -1.884     -11.527      -7.870      -4.261      -3.627      -4.671      -8.557      -7.575     -12.376      -7.635     -11.941     -11.388      -9.316     -11.407      -7.047      -3.792      -3.407       0.591      -3.117      -2.818      -8.109      -9.264      -5.067      -2.682      -4.603      -4.594      -3.860      -4.330      -7.565      -7.034      -9.427     -11.830     -12.922     -11.754      -9.404      -6.972      -6.011      -7.346     -10.036     -10.148     -11.245      -7.299     -16.679     -11.274      -5.205      -6.136      -2.692      -5.711      -6.318      -7.150      -8.160     -11.829     -12.001      -7.808      -6.655      -5.971      -7.397      -9.476      -9.687      -6.610      -7.652     -13.511     -21.726      -9.688     -13.730     -21.543     -21.881      -9.380     -14.007     -15.403     -22.279     -39.317      -4.328      -7.346      -7.403      -8.709     -54.539     -54.747      -8.130     -12.315      -9.615     -21.023     -40.702     -12.315     -10.047     -19.343     -40.433     -21.078     -29.713     -40.310     -40.498     -14.110     -12.089     -19.799     -21.488     -31.191     -41.287     -50.286     -99.000     -12.266     -31.352     -12.624     -13.438     -32.420      -3.986      -8.310      -3.740      -7.123      -5.039     -22.908     -23.425     -24.234      -6.089      -5.739     -14.952     -16.016      -7.428     -12.824     -10.678      -8.172     -12.694     -11.067      -6.442      -2.809     -10.714     -12.318     -24.731     -46.411     -69.822     -28.756     -42.683     -49.706     -71.454      -7.826     -16.252     -18.142      -8.420     -14.047     -20.970     -35.327     -10.814     -14.110     -30.932     -12.158      -8.820     -14.492     -16.732     -22.981     -27.580     -28.738     -47.518     -12.488     -14.129      -4.755      -9.250     -11.312     -13.736     -14.271     -31.032     -40.005     -33.030     -42.840     -31.267     -73.912     -71.449     -31.767     -31.464      -9.387     -14.151     -13.135     -21.682     -10.745     -16.363     -26.641      -9.053     -15.540      -7.905     -32.284     -13.668     -19.628     -28.435     -13.118     -24.908     -19.980     -19.753     -17.468     -28.628     -28.826     -30.956     -18.671     -13.967     -14.807     -31.713     -24.064     -25.569     -32.433     -27.849     -35.236     -22.807     -22.469     -37.354     -35.952     -32.120     -31.337     -52.398     -58.379      -7.861      -8.694     -14.930      -8.261     -12.215     -27.683     -13.900     -14.789     -23.157     -32.732     -11.187     -23.507     -17.622     -15.979      -7.756     -16.637     -15.908     -19.103     -31.619     -14.682     -23.843     -31.248     -31.228     -27.954     -25.768     -25.578     -17.173     -18.930     -33.461     -31.694     -18.532     -20.999     -28.531     -27.668     -14.180     -14.310     -25.500     -24.760     -29.294     -37.606     -45.717     -32.089     -27.680     -35.833     -33.159     -22.066     -21.739     -42.292     -39.194     -61.823     -45.397     -30.828     -31.916     -55.350     -50.406     -59.881     -68.286     -72.952     -81.632     -99.000      -9.977      -5.919      -8.702      -4.376      -5.947     -11.274     -11.323     -19.256      -6.761      -6.133     -28.331      -9.582      -3.240     -10.143     -24.384       0.970     -24.518      -4.850      -2.210      -4.144      -7.713     -15.586      -9.096     -40.125      -5.242      -9.383     -18.785     -10.398      -8.383      -8.812     -23.632     -32.086     -39.308     -11.359     -36.345      -9.968      -6.741      -6.599      -4.805      -5.497      -6.898     -13.081     -14.296     -43.104     -67.768     -25.096     -49.581     -13.587     -21.607     -31.221     -38.802     -46.220     -54.922     -13.990      -1.286      -8.459     -11.000     -17.339     -17.391     -19.787     -11.625     -18.259     -19.896     -21.743     -34.952      -5.832     -11.314      -8.149      -7.576     -12.419     -11.081     -17.797     -11.315     -10.471     -16.217     -28.038     -36.663      -7.943      -9.868      -0.759      -4.800     -12.002      -8.659     -14.296      -5.786     -23.693      -2.597      -9.283     -21.056      -8.483      -9.407     -15.940     -17.230     -16.496     -16.426     -29.523     -25.816     -27.655     -24.794     -25.495     -27.261     -27.755     -39.267     -38.235     -54.059     -51.425     -68.064     -62.377     -79.395      -2.153      -8.120      -6.977      -3.225     -10.324      -7.329     -10.635      -7.221     -23.723      -1.731     -12.307     -15.646      -1.565     -13.303      -9.373     -14.817      -9.998     -18.403      -0.660      -9.963     -13.487     -10.845      -5.833     -10.809      -8.080      -8.979      -6.753      -5.741      -3.710      -7.307      -2.983     -10.712      -4.135     -11.228     -43.472     -10.115     -17.460     -17.577     -17.894     -17.831     -49.118      -9.029     -13.944      -9.277     -12.537     -11.155     -21.729     -46.916     -30.901     -18.770     -21.777     -34.101     -47.065     -61.017     -74.672     -18.155     -34.607     -22.259     -10.227     -33.040     -16.366     -55.744     -22.957     -30.435     -24.182     -11.493     -31.657     -34.730     -16.735     -56.507     -23.724     -31.191     -10.467     -16.641      -6.730     -31.496      -5.915     -14.732     -13.242     -18.749     -20.327     -18.678     -23.656     -29.498     -44.149      -6.521      -6.425     -13.505      -9.385     -58.791     -52.591      -4.860      -6.128     -15.636     -14.122     -16.399     -19.046     -16.945     -29.273     -30.905 
 30       4.991       4.179      -2.774      -0.467       1.214      -1.510       0.814       0.048      -3.731       0.668      -0.354      -0.738      -1.135      -1.870       0.339      -1.458      -3.756      -6.380      -2.787      -4.985      -5.374      -1.411       4.599     -21.727      -8.862       0.713      -2.779     -17.645     -12.252      -8.817      -9.109      -6.914      -7.497      -5.071     -11.427     -16.884      -8.510     -26.251     -16.667     -13.062     -11.755     -13.222     -10.345      -6.959     -12.289      -8.673      -7.599      -4.019      -2.048       1.058      -2.203      -4.149      -1.470      -2.399      -1.680      -3.147      -0.587      -1.672      -6.459      -2.457      -4.300      -4.004      -2.773     -10.652     -11.783     -11.527     -12.312      -9.564     -16.174      -4.396      -4.015      -5.164      -8.940      -7.381     -10.965     -11.219      -5.683      -8.645      -6.647      -4.132       1.739     -10.338      -7.827      -7.373      -4.290     -10.846     -15.421      -9.783      -7.728     -12.052      -1.754     -11.242      -7.673      -4.028      -3.557      -4.532      -8.351      -7.434     -12.092      -7.312     -11.582     -11.318      -9.225     -11.164      -6.959      -3.667      -3.356       0.663      -3.085      -2.762      -7.953      -9.153      -5.006      -2.677      -4.597      -4.526      -3.771      -4.254      -7.225      -6.840      -9.142     -11.674     -12.897     -11.676      -9.344      -6.856      -5.978      -7.145      -9.913      -9.989     -11.170      -7.255     -16.621     -11.189      -5.103      -6.077      -2.600      -5.675      -6.279      -7.102      -8.090     -11.839     -11.929      -7.795      -6.558      -5.949      -7.206      -9.376      -9.659      -6.592      -7.546     -13.486     -21.716      -9.710     -13.717     -21.546     -21.898      -9.398     -13.967     -15.446     -22.256     -39.339      -4.328      -7.270      -7.444      -8.657     -54.599     -54.758      -8.180     -12.395      -9.325     -20.807     -40.323     -12.062      -9.864     -19.035     -40.064     -20.875     -29.392     -39.955     -40.162     -13.811     -11.859     -19.472     -21.260     -30.805     -40.901     -49.788     -99.000     -11.958     -31.052     -12.308     -13.239     -32.072      -3.770      -8.121      -3.553      -6.959      -4.749     -22.640     -23.130     -23.920      -5.918      -5.494     -14.714     -15.746      -7.220     -12.629     -10.505      -7.930     -12.313     -10.722      -6.348      -2.751     -10.583     -11.936     -24.346     -45.958     -69.261     -28.267     -42.164     -49.138     -70.806      -7.455     -15.898     -17.735      -8.094     -13.707     -20.609     -34.985     -10.404     -13.734     -30.644     -11.720      -8.496     -13.967     -16.396     -22.307     -26.950     -27.973     -47.094     -12.523     -14.105      -4.744      -9.286     -11.244     -13.531     -14.199     -30.884     -39.624     -32.937     -42.362     -31.123     -73.142     -70.948     -31.429     -31.143      -9.257     -13.955     -12.947     -21.452     -10.771     -16.152     -26.343      -8.930     -15.442      -7.845     -32.205     -13.622     -19.462     -28.437     -13.066     -24.946     -19.762     -19.532     -17.526     -28.334     -28.517     -30.824     -18.538     -13.832     -14.812     -31.575     -23.988     -25.430     -32.368     -27.748     -35.160     -22.674     -22.506     -37.306     -35.898     -32.005     -31.379     -52.173     -58.261      -7.690      -8.663     -14.915      -8.142     -12.008     -27.578     -13.700     -14.559     -22.884     -32.360     -11.193     -23.118     -17.354     -15.896      -7.688     -16.505     -15.723     -18.928     -31.535     -14.579     -23.475     -30.818     -30.794     -27.918     -25.401     -25.399     -17.084     -18.949     -33.036     -31.531     -18.405     -20.793     -28.332     -27.490     -14.019     -14.299     -25.365     -24.609     -29.012     -37.139     -45.204     -32.008     -27.555     -35.720     -32.865     -21.916     -21.744     -41.913     -39.063     -61.103     -45.033     -30.702     -31.889     -54.875     -50.182     -59.408     -67.720     -72.429     -80.966     -99.000      -9.946      -5.841      -8.656      -4.296      -5.777     -11.109     -11.156     -19.052      -6.730      -5.991     -28.299      -9.546      -3.055      -9.901     -24.389       1.011     -24.467      -4.746      -2.143      -4.001      -7.603     -15.302      -8.871     -40.200      -5.051      -9.220     -18.550     -10.099      -8.246      -8.634     -23.345     -31.763     -38.930     -11.071     -36.452      -9.928      -6.755      -6.593      -4.745      -5.563      -6.962     -12.873     -14.279     -43.561     -68.237     -25.119     -49.655     -13.530     -21.543     -31.165     -38.741     -46.147     -54.848     -13.601      -1.114      -8.276     -10.779     -17.161     -17.227     -19.731     -11.374     -18.059     -19.816     -21.742     -34.924      -5.697     -11.221      -7.898      -7.533     -12.393     -10.972     -17.662     -10.724     -10.071     -15.701     -27.439     -36.086      -7.596      -9.719      -0.620      -4.709     -11.573      -8.431     -13.976      -5.684     -23.359      -2.395      -9.107     -20.410      -8.302      -9.139     -15.605     -17.033     -16.115     -16.222     -29.304     -25.371     -27.454     -24.452     -25.307     -26.827     -27.471     -38.780     -37.922     -53.405     -50.990     -67.334     -61.914     -78.801      -1.906      -7.921      -6.524      -3.023     -10.140      -7.106     -10.417      -6.974     -22.927      -1.634     -12.149     -15.494      -1.327     -12.723      -9.049     -14.621      -9.741     -17.908      -0.557      -9.827     -13.356     -10.367      -5.631     -10.608      -7.746      -8.795      -6.425      -5.601      -3.341      -7.029      -2.769     -10.509      -3.932     -11.048     -43.516      -9.825     -17.183     -17.563     -17.891     -17.809     -48.981      -8.992     -13.721      -9.173     -12.593     -10.978     -21.561     -46.912     -30.976     -18.767     -21.840     -34.340     -47.438     -61.522     -75.318     -17.808     -34.661     -22.154     -10.091     -33.124     -16.292     -55.900     -22.927     -30.453     -24.019     -11.314     -31.489     -34.763     -16.623     -56.583     -23.638     -31.144     -10.465     -16.406      -6.521     -31.572      -5.803     -14.598     -13.090     -18.599     -20.316     -18.547     -23.679     -29.491     -44.294      -6.519      -6.098     -13.204      -9.144     -58.114     -52.374      -4.637      -5.909     -15.287     -13.664     -16.016     -18.530     -16.604     -28.682     -30.315 
 31       5.104       4.273      -2.443      -0.258       1.350      -1.469       0.907       0.252      -3.550       0.762      -0.274      -0.698      -1.047      -1.778       0.435      -1.348      -3.694      -6.340      -2.700      -4.780      -5.279      -1.315       4.669     -21.686      -8.406       0.803      -2.681     -17.342     -12.201      -8.651      -9.007      -6.612      -7.478      -5.028     -11.295     -16.793      -8.039     -25.451     -15.956     -12.568     -11.372     -12.964     -10.098      -6.694     -11.858      -8.604      -7.473      -3.696      -1.840       1.154      -2.112      -4.068      -1.335      -2.309      -1.469      -3.040      -0.507      -1.604      -6.351      -2.384      -4.164      -3.875      -2.615     -10.175     -11.484     -10.966     -11.778      -9.145     -15.666      -4.118      -3.793      -4.802      -8.617      -7.068     -10.588     -10.829      -5.539      -8.366      -6.532      -3.853       1.834     -10.016      -7.446      -7.152      -4.112     -10.525     -14.789      -9.338      -7.468     -11.775      -1.630     -10.960      -7.483      -3.805      -3.491      -4.398      -8.150      -7.303     -11.817      -6.994     -11.228     -11.256      -9.140     -10.926      -6.878      -3.548      -3.312       0.725      -3.060      -2.712      -7.804      -9.049      -4.955      -2.684      -4.600      -4.466      -3.690      -4.188      -6.896      -6.651      -8.864     -11.525     -12.878     -11.601      -9.289      -6.744      -5.950      -6.952      -9.793      -9.834     -11.100      -7.218     -16.570     -11.108      -5.006      -6.025      -2.518      -5.644      -6.248      -7.063      -8.027     -11.856     -11.861      -7.788      -6.466      -5.934      -7.024      -9.281      -9.637      -6.585      -7.446     -13.468     -21.714      -9.743     -13.714     -21.558     -21.927      -9.423     -13.933     -15.496     -22.240     -39.370      -4.339      -7.204      -7.497      -8.616     -54.681     -54.781      -8.243     -12.491      -9.039     -20.597     -39.948     -11.814      -9.686     -18.731     -39.701     -20.680     -29.077     -39.609     -39.835     -13.514     -11.633     -19.146     -21.037     -30.421     -40.518     -49.296     -99.000     -11.654     -30.762     -11.995     -13.045     -31.729      -3.556      -7.940      -3.371      -6.800      -4.464     -22.381     -22.843     -23.612      -5.754      -5.255     -14.484     -15.483      -7.021     -12.438     -10.336      -7.693     -11.936     -10.381      -6.258      -2.700     -10.455     -11.567     -23.965     -45.514     -68.713     -27.779     -41.648     -48.572     -70.161      -7.085     -15.549     -17.330      -7.770     -13.375     -20.260     -34.652      -9.994     -13.360     -30.365     -11.288      -8.175     -13.441     -16.063     -21.631     -26.321     -27.205     -46.684     -12.569     -14.090      -4.746      -9.340     -11.191     -13.329     -14.132     -30.748     -39.257     -32.853     -41.889     -30.990     -72.382     -70.455     -31.096     -30.829      -9.135     -13.775     -12.768     -21.234     -10.809     -15.952     -26.059      -8.812     -15.350      -7.796     -32.136     -13.583     -19.311     -28.450     -13.022     -24.995     -19.554     -19.321     -17.599     -28.053     -28.221     -30.705     -18.413     -13.709     -14.828     -31.451     -23.923     -25.308     -32.315     -27.657     -35.095     -22.555     -22.558     -37.272     -35.858     -31.907     -31.437     -51.963     -58.162      -7.526      -8.643     -14.915      -8.027     -11.808     -27.488     -13.515     -14.335     -22.621     -32.003     -11.209     -22.738     -17.095     -15.819      -7.628     -16.377     -15.544     -18.767     -31.459     -14.481     -23.111     -30.395     -30.367     -27.891     -25.040     -25.227     -17.007     -18.979     -32.623     -31.379     -18.282     -20.591     -28.138     -27.319     -13.867     -14.296     -25.235     -24.469     -28.738     -36.678     -44.699     -31.935     -27.435     -35.612     -32.575     -21.776     -21.759     -41.546     -38.939     -60.392     -44.675     -30.584     -31.872     -54.416     -49.964     -58.942     -67.172     -71.913     -80.322     -99.000      -9.929      -5.768      -8.618      -4.224      -5.616     -10.955     -11.001     -18.863      -6.708      -5.858     -28.284      -9.523      -2.876      -9.667     -24.413       1.043     -24.435      -4.649      -2.082      -3.867      -7.503     -15.031      -8.664     -40.295      -4.866      -9.066     -18.328      -9.816      -8.116      -8.462     -23.073     -31.458     -38.574     -10.789     -36.582      -9.896      -6.779      -6.595      -4.699      -5.643      -7.037     -12.677     -14.276     -44.046     -68.748     -25.152     -49.744     -13.480     -21.488     -31.118     -38.693     -46.087     -54.789     -13.234      -0.947      -8.100     -10.564     -16.989     -17.072     -19.685     -11.128     -17.865     -19.744     -21.751     -34.904      -5.573     -11.141      -7.655      -7.498     -12.379     -10.874     -17.542     -10.133      -9.671     -15.186     -26.843     -35.510      -7.254      -9.576      -0.489      -4.631     -11.147      -8.209     -13.661      -5.585     -23.033      -2.197      -8.937     -19.767      -8.124      -8.874     -15.274     -16.841     -15.738     -16.023     -29.091     -24.932     -27.260     -24.114     -25.125     -26.397     -27.192     -38.298     -37.614     -52.757     -50.561     -66.612     -61.458     -78.215      -1.663      -7.725      -6.074      -2.826      -9.966      -6.891     -10.208      -6.738     -22.136      -1.539     -11.996     -15.350      -1.093     -12.147      -8.729     -14.436      -9.489     -17.422      -0.457      -9.696     -13.234      -9.894      -5.434     -10.415      -7.415      -8.615      -6.099      -5.465      -2.980      -6.760      -2.563     -10.315      -3.733     -10.874     -43.571      -9.539     -16.911     -17.554     -17.896     -17.790     -48.853      -8.963     -13.506      -9.075     -12.663     -10.806     -21.399     -46.920     -31.058     -18.773     -21.913     -34.595     -47.831     -62.053     -75.994     -17.463     -34.726     -22.061      -9.965     -33.222     -16.229     -56.075     -22.910     -30.485     -23.866     -11.142     -31.329     -34.807     -16.519     -56.673     -23.561     -31.106     -10.474     -16.182      -6.323     -31.668      -5.696     -14.469     -12.946     -18.459     -20.317     -18.426     -23.715     -29.500     -44.464      -6.530      -5.779     -12.911      -8.910     -57.471     -52.178      -4.426      -5.704     -14.945     -13.208     -15.637     -18.027     -16.266     -28.096     -29.727 
 32       5.214       4.365      -2.114      -0.053       1.481      -1.433       0.996       0.445      -3.371       0.852      -0.199      -0.665      -0.964      -1.695       0.528      -1.242      -3.636      -6.304      -2.619      -4.587      -5.189      -1.223       4.733     -21.654      -7.952       0.888      -2.592     -17.043     -12.159      -8.493      -8.916      -6.331      -7.465      -4.990     -11.169     -16.710      -7.578     -24.663     -15.248     -12.083     -11.000     -12.713      -9.857      -6.437     -11.429      -8.543      -7.352      -3.377      -1.638       1.242      -2.025      -3.993      -1.207      -2.227      -1.271      -2.939      -0.432      -1.542      -6.249      -2.322      -4.040      -3.753      -2.465      -9.708     -11.192     -10.411     -11.253      -8.735     -15.165      -3.847      -3.580      -4.454      -8.302      -6.762     -10.219     -10.443      -5.403      -8.100      -6.423      -3.578       1.924      -9.696      -7.076      -6.933      -3.937     -10.208     -14.162      -8.900      -7.211     -11.502      -1.513     -10.683      -7.301      -3.594      -3.430      -4.270      -7.955      -7.184     -11.557      -6.684     -10.881     -11.203      -9.062     -10.695      -6.806      -3.437      -3.278       0.775      -3.041      -2.668      -7.663      -8.953      -4.914      -2.702      -4.611      -4.415      -3.615      -4.136      -6.581      -6.470      -8.593     -11.385     -12.863     -11.530      -9.238      -6.636      -5.928      -6.770      -9.678      -9.683     -11.034      -7.190     -16.529     -11.032      -4.914      -5.980      -2.446      -5.618      -6.227      -7.036      -7.971     -11.879     -11.799      -7.788      -6.380      -5.927      -6.856      -9.193      -9.620      -6.588      -7.352     -13.458     -21.720      -9.785     -13.721     -21.582     -21.967      -9.458     -13.905     -15.556     -22.230     -39.413      -4.361      -7.150      -7.565      -8.588     -54.786     -54.816      -8.318     -12.604      -8.760     -20.394     -39.580     -11.570      -9.515     -18.434     -39.346     -20.494     -28.771     -39.272     -39.519     -13.220     -11.413     -18.823     -20.819     -30.041     -40.139     -48.814     -98.878     -11.356     -30.483     -11.686     -12.859     -31.391      -3.348      -7.767      -3.196      -6.645      -4.185     -22.133     -22.565     -23.311      -5.598      -5.025     -14.265     -15.228      -6.831     -12.253     -10.173      -7.462     -11.564     -10.045      -6.173      -2.654     -10.331     -11.217     -23.590     -45.080     -68.181     -27.294     -41.138     -48.010     -69.522      -6.718     -15.204     -16.928      -7.452     -13.052     -19.923     -34.329      -9.587     -12.991     -30.097     -10.866      -7.857     -12.916     -15.738     -20.955     -25.696     -26.437     -46.291     -12.628     -14.084      -4.762      -9.413     -11.154     -13.133     -14.073     -30.626     -38.908     -32.780     -41.424     -30.871     -71.633     -69.975     -30.772     -30.524      -9.023     -13.616     -12.598     -21.030     -10.861     -15.763     -25.792      -8.700     -15.267      -7.757     -32.080     -13.552     -19.180     -28.473     -12.986     -25.056     -19.356     -19.120     -17.688     -27.787     -27.940     -30.602     -18.297     -13.600     -14.857     -31.344     -23.868     -25.204     -32.276     -27.577     -35.043     -22.452     -22.625     -37.253     -35.834     -31.828     -31.513     -51.770     -58.084      -7.369      -8.636     -14.930      -7.916     -11.617     -27.415     -13.347     -14.120     -22.371     -31.662     -11.239     -22.371     -16.846     -15.747      -7.578     -16.255     -15.374     -18.621     -31.391     -14.388     -22.754     -29.981     -29.948     -27.873     -24.688     -25.063     -16.944     -19.023     -32.221     -31.239     -18.164     -20.395     -27.952     -27.155     -13.726     -14.303     -25.111     -24.343     -28.476     -36.225     -44.207     -31.870     -27.320     -35.512     -32.292     -21.647     -21.783     -41.195     -38.824     -59.693     -44.325     -30.479     -31.866     -53.976     -49.753     -58.485     -66.646     -71.407     -79.704     -99.000      -9.927      -5.701      -8.591      -4.162      -5.464     -10.814     -10.859     -18.692      -6.696      -5.737     -28.288      -9.516      -2.707      -9.444     -24.456       1.067     -24.426      -4.560      -2.028      -3.744      -7.413     -14.777      -8.476     -40.413      -4.688      -8.923     -18.122      -9.556      -7.994      -8.300     -22.818     -31.175     -38.244     -10.515     -36.734      -9.871      -6.812      -6.607      -4.669      -5.739      -7.125     -12.493     -14.289     -44.558     -69.301     -25.194     -49.850     -13.437     -21.441     -31.083     -38.658     -46.043     -54.749     -12.896      -0.786      -7.931     -10.358     -16.827     -16.927     -19.650     -10.890     -17.677     -19.678     -21.770     -34.892      -5.459     -11.073      -7.423      -7.473     -12.378     -10.790     -17.440      -9.546      -9.275     -14.675     -26.252     -34.940      -6.919      -9.442      -0.365      -4.567     -10.727      -7.993     -13.353      -5.490     -22.716      -2.004      -8.773     -19.130      -7.949      -8.615     -14.948     -16.655     -15.367     -15.830     -28.885     -24.500     -27.073     -23.782     -24.948     -25.974     -26.919     -37.824     -37.314     -52.119     -50.142     -65.900     -61.012     -77.640      -1.423      -7.536      -5.631      -2.634      -9.802      -6.686     -10.011      -6.516     -21.355      -1.448     -11.847     -15.216      -0.863     -11.577      -8.414     -14.262      -9.244     -16.947      -0.361      -9.570     -13.121      -9.429      -5.244     -10.233      -7.089      -8.440      -5.778      -5.333      -2.629      -6.502      -2.367     -10.132      -3.540     -10.708     -43.637      -9.256     -16.645     -17.551     -17.908     -17.775     -48.734      -8.943     -13.302      -8.986     -12.746     -10.639     -21.244     -46.943     -31.149     -18.787     -21.998     -34.866     -48.245     -62.608     -76.699     -17.120     -34.803     -21.979      -9.852     -33.332     -16.181     -56.269     -22.910     -30.537     -23.723     -10.982     -31.176     -34.859     -16.427     -56.778     -23.496     -31.080     -10.494     -15.970      -6.139     -31.784      -5.593     -14.347     -12.809     -18.330     -20.330     -18.314     -23.762     -29.525     -44.657      -6.559      -5.472     -12.632      -8.686     -56.869     -52.009      -4.230      -5.518     -14.612     -12.755     -15.264     -17.543     -15.934     -27.519     -29.144 
 33       5.320       4.452      -1.788       0.147       1.607      -1.400       1.081       0.626      -3.196       0.938      -0.131      -0.639      -0.887      -1.621       0.617      -1.140      -3.581      -6.274      -2.544      -4.408      -5.102      -1.135       4.791     -21.632      -7.502       0.967      -2.512     -16.750     -12.123      -8.344      -8.838      -6.074      -7.458      -4.957     -11.051     -16.635      -7.128     -23.892     -14.548     -11.609     -10.641     -12.471      -9.624      -6.189     -11.003      -8.490      -7.239      -3.063      -1.445       1.322      -1.942      -3.925      -1.086      -2.154      -1.088      -2.846      -0.363      -1.486      -6.154      -2.270      -3.929      -3.641      -2.322      -9.252     -10.910      -9.866     -10.740      -8.338     -14.674      -3.586      -3.378      -4.124      -7.996      -6.465      -9.861     -10.065      -5.276      -7.851      -6.321      -3.307       2.012      -9.379      -6.721      -6.719      -3.765      -9.898     -13.545      -8.470      -6.960     -11.234      -1.404     -10.413      -7.130      -3.399      -3.376      -4.148      -7.769      -7.077     -11.314      -6.385     -10.543     -11.159      -8.991     -10.472      -6.742      -3.335      -3.254       0.809      -3.030      -2.632      -7.530      -8.866      -4.885      -2.733      -4.632      -4.374      -3.548      -4.100      -6.286      -6.298      -8.333     -11.255     -12.854     -11.463      -9.192      -6.534      -5.913      -6.602      -9.568      -9.537     -10.972      -7.170     -16.496     -10.961      -4.830      -5.943      -2.389      -5.598      -6.216      -7.020      -7.923     -11.910     -11.743      -7.793      -6.302      -5.928      -6.703      -9.111      -9.609      -6.600      -7.264     -13.457     -21.736      -9.840     -13.738     -21.616     -22.020      -9.502     -13.884     -15.626     -22.228     -39.465      -4.394      -7.109      -7.649      -8.574     -54.917     -54.865      -8.407     -12.733      -8.489     -20.201     -39.220     -11.333      -9.352     -18.144     -39.001     -20.318     -28.476     -38.947     -39.218     -12.933     -11.198     -18.504     -20.609     -29.667     -39.767     -48.344     -98.160     -11.067     -30.217     -11.384     -12.681     -31.061      -3.145      -7.604      -3.028      -6.497      -3.915     -21.898     -22.298     -23.020      -5.453      -4.805     -14.059     -14.985      -6.653     -12.074     -10.017      -7.240     -11.201      -9.717      -6.094      -2.616     -10.212     -10.891     -23.222     -44.661     -67.670     -26.813     -40.636     -47.456     -68.894      -6.357     -14.867     -16.533      -7.140     -12.742     -19.604     -34.017      -9.186     -12.628     -29.840     -10.457      -7.545     -12.395     -15.420     -20.284     -25.078     -25.672     -45.918     -12.697     -14.087      -4.790      -9.506     -11.132     -12.942     -14.021     -30.520     -38.579     -32.719     -40.972     -30.768     -70.902     -69.510     -30.457     -30.231      -8.922     -13.480     -12.439     -20.842     -10.929     -15.588     -25.543      -8.594     -15.192      -7.731     -32.038     -13.529     -19.072     -28.508     -12.959     -25.129     -19.171     -18.932     -17.795     -27.538     -27.677     -30.516     -18.189     -13.509     -14.900     -31.259     -23.824     -25.123     -32.252     -27.509     -35.006     -22.370     -22.707     -37.252     -35.827     -31.771     -31.608     -51.596     -58.028      -7.223      -8.642     -14.962      -7.811     -11.437     -27.361     -13.202     -13.915     -22.136     -31.341     -11.281     -22.017     -16.610     -15.683      -7.537     -16.139     -15.212     -18.494     -31.331     -14.302     -22.406     -29.579     -29.542     -27.863     -24.346     -24.910     -16.898     -19.080     -31.835     -31.112     -18.052     -20.205     -27.774     -27.000     -13.599     -14.320     -24.994     -24.234     -28.228     -35.783     -43.730     -31.815     -27.212     -35.421     -32.018     -21.533     -21.818     -40.862     -38.721     -59.012     -43.985     -30.388     -31.871     -53.558     -49.552     -58.040     -66.148     -70.915     -79.117     -99.000      -9.942      -5.640      -8.573      -4.111      -5.323     -10.688     -10.733     -18.540      -6.694      -5.628     -28.311      -9.526      -2.547      -9.234     -24.518       1.081     -24.440      -4.481      -1.983      -3.633      -7.336     -14.541      -8.312     -40.553      -4.517      -8.793     -17.932      -9.322      -7.881      -8.149     -22.584     -30.915     -37.943     -10.252     -36.909      -9.856      -6.856      -6.629      -4.658      -5.850      -7.224     -12.325     -14.318     -45.097     -69.896     -25.248     -49.971     -13.401     -21.404     -31.060     -38.638     -46.016     -54.728     -12.594      -0.632      -7.770     -10.163     -16.675     -16.796     -19.626     -10.661     -17.499     -19.621     -21.800     -34.889      -5.360     -11.018      -7.203      -7.458     -12.391     -10.723     -17.358      -8.966      -8.883     -14.170     -25.670     -34.379      -6.595      -9.317      -0.250      -4.517     -10.316      -7.786     -13.054      -5.399     -22.412      -1.819      -8.617     -18.503      -7.778      -8.363     -14.631     -16.475     -15.005     -15.643     -28.686     -24.079     -26.893     -23.460     -24.779     -25.561     -26.655     -37.362     -37.023     -51.496     -49.734     -65.204     -60.579     -77.081      -1.190      -7.352      -5.196      -2.447      -9.649      -6.495      -9.826      -6.308     -20.588      -1.361     -11.704     -15.090      -0.640     -11.018      -8.107     -14.101      -9.007     -16.487      -0.270      -9.450     -13.018      -8.974      -5.060     -10.061      -6.771      -8.270      -5.464      -5.206      -2.295      -6.259      -2.182      -9.961      -3.355     -10.549     -43.714      -8.980     -16.388     -17.553     -17.927     -17.764     -48.627      -8.933     -13.109      -8.906     -12.844     -10.480     -21.096     -46.982     -31.249     -18.810     -22.095     -35.152     -48.679     -63.188     -77.433     -16.782     -34.890     -21.910      -9.755     -33.455     -16.151     -56.481     -22.930     -30.611     -23.591     -10.837     -31.031     -34.921     -16.349     -56.896     -23.445     -31.070     -10.524     -15.772      -5.972     -31.921      -5.496     -14.232     -12.681     -18.214     -20.354     -18.213     -23.822     -29.567     -44.874      -6.608      -5.181     -12.369      -8.472     -56.316     -51.869      -4.053      -5.353     -14.290     -12.308     -14.898     -17.084     -15.610     -26.952     -28.569 
 34       5.387       4.507      -1.574       0.276       1.686      -1.379       1.134       0.737      -3.082       0.993      -0.089      -0.625      -0.840      -1.578       0.674      -1.075      -3.545      -6.255      -2.498      -4.299      -5.046      -1.078       4.826     -21.619      -7.206       1.017      -2.464     -16.559     -12.102      -8.249      -8.792      -5.919      -7.455      -4.937     -10.976     -16.587      -6.837     -23.392     -14.089     -11.302     -10.411     -12.316      -9.474      -6.030     -10.723      -8.458      -7.168      -2.859      -1.321       1.371      -1.890      -3.883      -1.010      -2.110      -0.977      -2.787      -0.320      -1.452      -6.094      -2.241      -3.863      -3.571      -2.232      -8.957     -10.729      -9.511     -10.409      -8.083     -14.357      -3.420      -3.251      -3.917      -7.799      -6.275      -9.631      -9.819      -5.197      -7.697      -6.257      -3.131       2.067      -9.173      -6.494      -6.580      -3.652      -9.695     -13.144      -8.192      -6.795     -11.059      -1.336     -10.239      -7.022      -3.279      -3.342      -4.071      -7.649      -7.013     -11.165      -6.194     -10.326     -11.134      -8.948     -10.329      -6.703      -3.271      -3.242       0.823      -3.025      -2.611      -7.447      -8.811      -4.871      -2.760      -4.650      -4.352      -3.508      -4.087      -6.102      -6.190      -8.167     -11.173     -12.850     -11.421      -9.163      -6.470      -5.906      -6.499      -9.498      -9.444     -10.933      -7.161     -16.477     -10.917      -4.777      -5.923      -2.359      -5.586      -6.212      -7.015      -7.896     -11.932     -11.709      -7.799      -6.254      -5.933      -6.610      -9.060      -9.603      -6.612      -7.210     -13.460     -21.750      -9.881     -13.754     -21.643     -22.061      -9.536     -13.875     -15.677     -22.230     -39.504      -4.422      -7.088      -7.711      -8.572     -55.013     -54.904      -8.473     -12.827      -8.314     -20.077     -38.986     -11.180      -9.248     -17.957     -38.779     -20.208     -28.287     -38.738     -39.025     -12.745     -11.060     -18.297     -20.473     -29.424     -39.524     -48.040     -97.694     -10.880     -30.048     -11.187     -12.567     -30.847      -3.015      -7.501      -2.922      -6.401      -3.740     -21.749     -22.126     -22.832      -5.362      -4.664     -13.928     -14.829      -6.542     -11.958      -9.916      -7.097     -10.966      -9.504      -6.045      -2.595     -10.136     -10.690     -22.983     -44.390     -67.342     -26.499     -40.309     -47.094     -68.484      -6.120     -14.648     -16.275      -6.937     -12.542     -19.400     -33.815      -8.923     -12.392     -29.674     -10.194      -7.341     -12.052     -15.213     -19.842     -24.673     -25.168     -45.682     -12.748     -14.092      -4.816      -9.575     -11.124     -12.820     -13.990     -30.457     -38.373     -32.684     -40.679     -30.710     -70.428     -69.210     -30.254     -30.042      -8.861     -13.402     -12.340     -20.725     -10.980     -15.479     -25.388      -8.528     -15.147      -7.720     -32.016     -13.518     -19.013     -28.534     -12.945     -25.180     -19.054     -18.814     -17.873     -27.383     -27.512     -30.467     -18.123     -13.459     -14.934     -31.213     -23.801     -25.081     -32.244     -27.470     -34.986     -22.326     -22.769     -37.258     -35.829     -31.744     -31.678     -51.489     -58.001      -7.130      -8.652     -14.991      -7.744     -11.323     -27.335     -13.117     -13.785     -21.988     -31.139     -11.315     -21.792     -16.461     -15.644      -7.516     -16.065     -15.110     -18.421     -31.293     -14.247     -22.181     -29.320     -29.280     -27.859     -24.126     -24.814     -16.877     -19.124     -31.588     -31.035     -17.981     -20.083     -27.661     -26.901     -13.523     -14.336     -24.919     -24.171     -28.071     -35.496     -43.423     -31.784     -27.143     -35.364     -31.842     -21.466     -21.846     -40.651     -38.657     -58.571     -43.765     -30.336     -31.880     -53.293     -49.423     -57.753     -65.832     -70.597     -78.745     -99.000      -9.959      -5.603      -8.565      -4.083      -5.236     -10.612     -10.657     -18.449      -6.697      -5.563     -28.334      -9.540      -2.447      -9.102     -24.567       1.085     -24.461      -4.433      -1.958      -3.566      -7.290     -14.394      -8.216     -40.654      -4.409      -8.713     -17.816      -9.183      -7.812      -8.055     -22.439     -30.757     -37.759     -10.084     -37.034      -9.850      -6.890      -6.649      -4.661      -5.931      -7.296     -12.221     -14.346     -45.465     -70.308     -25.287     -50.058     -13.381     -21.384     -31.050     -38.630     -46.004     -54.722     -12.415      -0.535      -7.667     -10.040     -16.581     -16.715     -19.615     -10.515     -17.387     -19.587     -21.824     -34.890      -5.301     -10.988      -7.065      -7.453     -12.405     -10.686     -17.314      -8.588      -8.626     -13.841     -25.290     -34.013      -6.386      -9.238      -0.178      -4.491     -10.049      -7.653     -12.862      -5.341     -22.218      -1.701      -8.517     -18.096      -7.666      -8.201     -14.426     -16.359     -14.770     -15.522     -28.558     -23.808     -26.778     -23.252     -24.670     -25.293     -26.485     -37.063     -36.835     -51.092     -49.470     -64.754     -60.298     -76.719      -1.040      -7.233      -4.914      -2.327      -9.554      -6.375      -9.711      -6.178     -20.089      -1.305     -11.611     -15.010      -0.496     -10.655      -7.908     -14.002      -8.855     -16.192      -0.211      -9.372     -12.953      -8.680      -4.942      -9.954      -6.565      -8.160      -5.260      -5.123      -2.083      -6.106      -2.066      -9.854      -3.237     -10.449     -43.769      -8.802     -16.223     -17.558     -17.944     -17.758     -48.559      -8.931     -12.988      -8.858     -12.915     -10.379     -21.003     -47.014     -31.319     -18.829     -22.164     -35.347     -48.973     -63.580     -77.929     -16.561     -34.952     -21.869      -9.701     -33.540     -16.141     -56.627     -22.954     -30.671     -23.509     -10.751     -30.939     -34.965     -16.307     -56.978     -23.421     -31.072     -10.548     -15.648      -5.872     -32.019      -5.434     -14.157     -12.600     -18.143     -20.374     -18.150     -23.866     -29.600     -45.027      -6.651      -4.999     -12.205      -8.337     -55.973     -51.791      -3.947      -5.255     -14.082     -12.015     -14.660     -16.795     -15.400     -26.584     -28.193 
 35       5.484       4.587      -1.257       0.465       1.800      -1.353       1.210       0.891      -2.914       1.071      -0.033      -0.609      -0.774      -1.521       0.756      -0.981      -3.496      -6.231      -2.436      -4.152      -4.967      -0.998       4.872     -21.609      -6.765       1.084      -2.401     -16.280     -12.078      -8.116      -8.735      -5.711      -7.458      -4.913     -10.872     -16.523      -6.413     -22.656     -13.408     -10.853     -10.080     -12.092      -9.258      -5.800     -10.305      -8.418      -7.068      -2.558      -1.143       1.436      -1.817      -3.828      -0.905      -2.054      -0.826      -2.706      -0.263      -1.408      -6.012      -2.206      -3.775      -3.476      -2.104      -8.526     -10.466      -8.986      -9.924      -7.712     -13.890      -3.179      -3.070      -3.624      -7.514      -5.998      -9.295      -9.455      -5.086      -7.482      -6.167      -2.871       2.147      -8.866      -6.169      -6.375      -3.488      -9.397     -12.550      -7.782      -6.554     -10.802      -1.242      -9.985      -6.870      -3.115      -3.298      -3.961      -7.478      -6.930     -10.962      -5.917     -10.008     -11.105      -8.891     -10.122      -6.653      -3.186      -3.235       0.828      -3.026      -2.587      -7.331      -8.738      -4.860      -2.812      -4.688      -4.328      -3.457      -4.086      -5.845      -6.037      -7.928     -11.059     -12.849     -11.363      -9.125      -6.379      -5.902      -6.359      -9.398      -9.309     -10.879      -7.153     -16.456     -10.857      -4.706      -5.901      -2.328      -5.576      -6.214      -7.020      -7.863     -11.972     -11.665      -7.814      -6.189      -5.948      -6.488      -8.991      -9.602      -6.638      -7.136     -13.475     -21.783      -9.955     -13.790     -21.696     -22.136      -9.597     -13.867     -15.764     -22.242     -39.575      -4.475      -7.070      -7.820      -8.582     -55.186     -54.978      -8.585     -12.985      -8.059     -19.900     -38.645     -10.958      -9.099     -17.684     -38.455     -20.052     -28.013     -38.437     -38.749     -12.471     -10.859     -17.990     -20.277     -29.064     -39.168     -47.597     -97.014     -10.607     -29.807     -10.898     -12.406     -30.535      -2.826      -7.357      -2.769      -6.264      -3.485     -21.537     -21.881     -22.560      -5.236      -4.462     -13.745     -14.607      -6.386     -11.791      -9.771      -6.891     -10.622      -9.193      -5.978      -2.569     -10.027     -10.413     -22.631     -43.997     -66.871     -26.033     -39.827     -46.560     -67.880      -5.770     -14.326     -15.894      -6.639     -12.256     -19.111     -33.524      -8.534     -12.045     -29.439      -9.814      -7.041     -11.540     -14.912     -19.182     -24.072     -24.415     -45.348     -12.835     -14.108      -4.866      -9.699     -11.124     -12.641     -13.953     -30.379     -38.083     -32.645     -40.252     -30.641     -69.734     -68.777     -29.959     -29.772      -8.780     -13.309     -12.203     -20.567     -11.072     -15.329     -25.175      -8.435     -15.088      -7.714     -31.997     -13.511     -18.948     -28.585     -12.935     -25.269     -18.892     -18.649     -18.007     -27.167     -27.281     -30.412     -18.034     -13.401     -15.000     -31.166     -23.780     -25.042     -32.247     -27.423     -34.973     -22.281     -22.878     -37.285     -35.853     -31.728     -31.804     -51.349     -57.987      -7.002      -8.681     -15.053      -7.650     -11.163     -27.314     -13.012     -13.600     -21.781     -30.857     -11.380     -21.467     -16.248     -15.593      -7.493     -15.961     -14.967     -18.331     -31.247     -14.173     -21.853     -28.943     -28.899     -27.863     -23.807     -24.681     -16.863     -19.204     -31.232     -30.935     -17.881     -19.908     -27.502     -26.762     -13.424     -14.370     -24.816     -24.095     -27.850     -35.078     -42.978     -31.747     -27.048     -35.289     -31.586     -21.380     -21.899     -40.354     -38.574     -57.927     -43.447     -30.275     -31.906     -52.920     -49.240     -57.334     -65.388     -70.135     -78.222     -99.000     -10.002      -5.554      -8.564      -4.052      -5.116     -10.514     -10.558     -18.333      -6.712      -5.477     -28.388      -9.579      -2.307      -8.918     -24.661       1.082     -24.517      -4.371      -1.928      -3.477      -7.234     -14.194      -8.097     -40.830      -4.254      -8.606     -17.659      -9.002      -7.718      -7.924     -22.243     -30.544     -37.513      -9.843     -37.245      -9.851      -6.952      -6.689      -4.684      -6.067      -7.418     -12.080     -14.404     -46.047     -70.973     -25.357     -50.207     -13.359     -21.365     -31.049     -38.635     -46.007     -54.735     -12.184      -0.396      -7.521      -9.866     -16.451     -16.607     -19.611     -10.305     -17.228     -19.544     -21.872     -34.902      -5.226     -10.957      -6.870      -7.455     -12.441     -10.647     -17.269      -8.025      -8.245     -13.352     -24.728     -33.473      -6.082      -9.128      -0.078      -4.465      -9.657      -7.464     -12.583      -5.258     -21.938      -1.532      -8.376     -17.492      -7.501      -7.966     -14.126     -16.191     -14.426     -15.346     -28.373     -23.411     -26.613     -22.948     -24.514     -24.902     -26.237     -36.625     -36.563     -50.500     -49.086     -64.093     -59.891     -76.191      -0.821      -7.060      -4.500      -2.151      -9.423      -6.208      -9.550      -6.000     -19.353      -1.225     -11.477     -14.900      -0.287     -10.119      -7.615     -13.865      -8.635     -15.765      -0.128      -9.261     -12.865      -8.249      -4.772      -9.802      -6.262      -8.001      -4.961      -5.004      -1.781      -5.890      -1.902      -9.703      -3.069     -10.306     -43.864      -8.541     -15.984     -17.571     -17.977     -17.756     -48.470      -8.938     -12.820      -8.795     -13.038     -10.234     -20.871     -47.079     -31.435     -18.868     -22.281     -35.658     -49.438     -64.197     -78.707     -16.233     -35.054     -21.820      -9.639     -33.680     -16.148     -56.863     -23.014     -30.787     -23.397     -10.638     -30.808     -35.039     -16.261     -57.114     -23.403     -31.094     -10.595     -15.475      -5.742     -32.186      -5.347     -14.051     -12.487     -18.048     -20.416     -18.066     -23.942     -29.667     -45.281      -6.739      -4.744     -11.976      -8.143     -55.510     -51.705      -3.805      -5.130     -13.781     -11.581     -14.311     -16.387     -15.092     -26.040     -27.636 
 36       5.575       4.662      -0.949       0.644       1.905      -1.327       1.280       1.027      -2.754       1.144       0.017      -0.598      -0.715      -1.474       0.833      -0.893      -3.449      -6.209      -2.381      -4.028      -4.892      -0.922       4.912     -21.601      -6.337       1.145      -2.349     -16.013     -12.056      -7.994      -8.688      -5.536      -7.464      -4.893     -10.775     -16.462      -6.010     -21.953     -12.749     -10.427      -9.770     -11.882      -9.055      -5.581      -9.898      -8.382      -6.976      -2.269      -0.977       1.493      -1.749      -3.777      -0.808      -2.006      -0.694      -2.631      -0.211      -1.370      -5.934      -2.178      -3.701      -3.391      -1.985      -8.117     -10.219      -8.483      -9.463      -7.363     -13.445      -2.953      -2.904      -3.357      -7.245      -5.736      -8.977      -9.104      -4.985      -7.287      -6.083      -2.620       2.222      -8.570      -5.865      -6.178      -3.329      -9.110     -11.980      -7.391      -6.320     -10.552      -1.158      -9.743      -6.731      -2.971      -3.261      -3.860      -7.318      -6.860     -10.786      -5.659      -9.709     -11.082      -8.840      -9.928      -6.610      -3.110      -3.235       0.817      -3.032      -2.568      -7.226      -8.671      -4.855      -2.874      -4.733      -4.314      -3.414      -4.105      -5.615      -5.896      -7.705     -10.954     -12.850     -11.310      -9.090      -6.295      -5.904      -6.237      -9.304      -9.182     -10.828      -7.150     -16.437     -10.802      -4.641      -5.885      -2.312      -5.569      -6.220      -7.033      -7.838     -12.014     -11.625      -7.832      -6.131      -5.969      -6.384      -8.928      -9.602      -6.669      -7.069     -13.497     -21.821     -10.036     -13.833     -21.756     -22.218      -9.664     -13.866     -15.857     -22.259     -39.651      -4.537      -7.062      -7.938      -8.604     -55.371     -55.063      -8.704     -13.153      -7.815     -19.734     -38.319     -10.746      -8.960     -17.423     -38.147     -19.908     -27.754     -38.151     -38.490     -12.207     -10.668     -17.694     -20.092     -28.719     -38.827     -47.175     -96.364     -10.346     -29.581     -10.621     -12.256     -30.236      -2.646      -7.224      -2.626      -6.134      -3.242     -21.340     -21.650     -22.302      -5.120      -4.272     -13.574     -14.397      -6.242     -11.630      -9.632      -6.697     -10.292      -8.897      -5.915      -2.550      -9.922     -10.167     -22.292     -43.623     -66.425     -25.581     -39.364     -46.044     -67.299      -5.430     -14.016     -15.526      -6.352     -11.983     -18.841     -33.245      -8.157     -11.710     -29.213      -9.455      -6.752     -11.040     -14.622     -18.537     -23.490     -23.679     -45.035     -12.926     -14.128      -4.923      -9.832     -11.131     -12.473     -13.922     -30.316     -37.819     -32.616     -39.845     -30.590     -69.073     -68.368     -29.679     -29.516      -8.711     -13.240     -12.080     -20.427     -11.174     -15.195     -24.982      -8.349     -15.037      -7.718     -31.990     -13.511     -18.905     -28.638     -12.931     -25.360     -18.744     -18.498     -18.152     -26.970     -27.071     -30.372     -17.953     -13.361     -15.074     -31.139     -23.766     -25.025     -32.261     -27.385     -34.969     -22.255     -22.996     -37.324     -35.889     -31.733     -31.939     -51.225     -57.988      -6.886      -8.722     -15.128      -7.562     -11.015     -27.310     -12.930     -13.430     -21.592     -30.599     -11.454     -21.162     -16.053     -15.547      -7.480     -15.865     -14.834     -18.262     -31.203     -14.105     -21.541     -28.587     -28.539     -27.868     -23.505     -24.560     -16.867     -19.295     -30.900     -30.849     -17.788     -19.742     -27.353     -26.633     -13.343     -14.412     -24.721     -24.038     -27.646     -34.681     -42.559     -31.719     -26.961     -35.222     -31.344     -21.313     -21.960     -40.079     -38.503     -57.316     -43.146     -30.231     -31.942     -52.576     -49.070     -56.937     -64.976     -69.697     -77.737     -99.000     -10.057      -5.510      -8.569      -4.030      -5.010     -10.432     -10.475     -18.237      -6.733      -5.405     -28.451      -9.631      -2.178      -8.749     -24.763       1.070     -24.591      -4.318      -1.906      -3.400      -7.188     -14.014      -8.002     -41.015      -4.111      -8.513     -17.522      -8.854      -7.635      -7.808     -22.071     -30.358     -37.300      -9.618     -37.465      -9.859      -7.020      -6.737      -4.727      -6.214      -7.547     -11.956     -14.475     -46.635     -71.656     -25.431     -50.360     -13.341     -21.352     -31.054     -38.649     -46.018     -54.757     -11.998      -0.268      -7.382      -9.707     -16.333     -16.512     -19.614     -10.110     -17.082     -19.507     -21.927     -34.918      -5.166     -10.935      -6.691      -7.463     -12.486     -10.623     -17.242      -7.483      -7.874     -12.883     -24.188     -32.955      -5.795      -9.026       0.015      -4.451      -9.283      -7.287     -12.319      -5.178     -21.676      -1.374      -8.242     -16.914      -7.342      -7.744     -13.842     -16.031     -14.099     -15.178     -28.195     -23.034     -26.454     -22.662     -24.367     -24.531     -26.000     -36.210     -36.303     -49.937     -48.720     -63.465     -59.503     -75.688      -0.613      -6.895      -4.105      -1.983      -9.305      -6.057      -9.403      -5.839     -18.648      -1.150     -11.346     -14.796      -0.089      -9.608      -7.334     -13.742      -8.427     -15.364      -0.051      -9.152     -12.783      -7.839      -4.610      -9.663      -5.975      -7.848      -4.677      -4.889      -1.503      -5.693      -1.754      -9.564      -2.914     -10.173     -43.963      -8.292     -15.759     -17.588     -18.014     -17.756     -48.389      -8.952     -12.666      -8.739     -13.168     -10.099     -20.747     -47.151     -31.555     -18.912     -22.405     -35.973     -49.906     -64.816     -79.485     -15.915     -35.158     -21.780      -9.598     -33.820     -16.175     -57.099     -23.094     -30.924     -23.295     -10.548     -30.683     -35.115     -16.236     -57.249     -23.405     -31.135     -10.647     -15.317      -5.636     -32.360      -5.265     -13.949     -12.381     -17.965     -20.462     -17.988     -24.022     -29.741     -45.544      -6.848      -4.518     -11.773      -7.962     -55.094     -51.646      -3.686      -5.028     -13.494     -11.159     -13.975     -16.013     -14.796     -25.516     -27.097 
 37       5.661       4.733      -0.652       0.814       2.003      -1.303       1.346       1.147      -2.600       1.212       0.062      -0.588      -0.662      -1.435       0.906      -0.811      -3.403      -6.188      -2.333      -3.925      -4.821      -0.850       4.947     -21.594      -5.921       1.197      -2.305     -15.759     -12.034      -7.880      -8.650      -5.389      -7.472      -4.876     -10.686     -16.403      -5.629     -21.282     -12.114     -10.026      -9.482     -11.685      -8.864      -5.373      -9.500      -8.350      -6.890      -1.990      -0.821       1.542      -1.687      -3.730      -0.719      -1.965      -0.582      -2.563      -0.164      -1.336      -5.861      -2.154      -3.638      -3.316      -1.875      -7.729      -9.985      -8.002      -9.027      -7.035     -13.023      -2.743      -2.751      -3.116      -6.992      -5.490      -8.678      -8.764      -4.890      -7.112      -6.004      -2.380       2.292      -8.284      -5.582      -5.988      -3.175      -8.834     -11.435      -7.018      -6.094     -10.309      -1.084      -9.515      -6.603      -2.847      -3.228      -3.767      -7.169      -6.802     -10.637      -5.419      -9.427     -11.064      -8.796      -9.747      -6.572      -3.043      -3.242       0.792      -3.044      -2.556      -7.130      -8.610      -4.856      -2.943      -4.785      -4.309      -3.377      -4.145      -5.411      -5.768      -7.498     -10.858     -12.851     -11.260      -9.057      -6.218      -5.909      -6.132      -9.216      -9.063     -10.780      -7.151     -16.420     -10.751      -4.583      -5.875      -2.309      -5.564      -6.230      -7.053      -7.819     -12.056     -11.590      -7.849      -6.080      -5.994      -6.297      -8.870      -9.604      -6.703      -7.009     -13.523     -21.865     -10.122     -13.880     -21.822     -22.306      -9.737     -13.871     -15.955     -22.283     -39.731      -4.604      -7.063      -8.064      -8.635     -55.565     -55.156      -8.829     -13.328      -7.582     -19.579     -38.008     -10.544      -8.829     -17.174     -37.855     -19.774     -27.508     -37.881     -38.245     -11.955     -10.487     -17.409     -19.917     -28.388     -38.500     -46.775     -95.747     -10.098     -29.369     -10.355     -12.115     -29.952      -2.476      -7.103      -2.492      -6.010      -3.010     -21.155     -21.432     -22.057      -5.013      -4.093     -13.415     -14.200      -6.109     -11.475      -9.499      -6.514      -9.980      -8.615      -5.858      -2.537      -9.821      -9.952     -21.965     -43.266     -66.002     -25.144     -38.919     -45.547     -66.743      -5.101     -13.717     -15.170      -6.076     -11.725     -18.587     -32.976      -7.794     -11.390     -28.996      -9.116      -6.472     -10.554     -14.344     -17.909     -22.926     -22.960     -44.742     -13.019     -14.152      -4.985      -9.973     -11.143     -12.313     -13.898     -30.266     -37.579     -32.597     -39.459     -30.558     -68.445     -67.983     -29.414     -29.275      -8.652     -13.193     -11.969     -20.304     -11.284     -15.075     -24.810      -8.270     -14.991      -7.730     -31.992     -13.515     -18.882     -28.691     -12.934     -25.450     -18.609     -18.361     -18.304     -26.792     -26.881     -30.345     -17.880     -13.338     -15.156     -31.131     -23.761     -25.026     -32.285     -27.356     -34.972     -22.247     -23.121     -37.371     -35.934     -31.754     -32.083     -51.116     -58.003      -6.781      -8.772     -15.215      -7.481     -10.880     -27.321     -12.869     -13.274     -21.422     -30.367     -11.537     -20.879     -15.874     -15.507      -7.475     -15.777     -14.713     -18.213     -31.163     -14.045     -21.247     -28.253     -28.201     -27.875     -23.221     -24.450     -16.887     -19.394     -30.590     -30.776     -17.703     -19.586     -27.214     -26.514     -13.278     -14.460     -24.635     -23.999     -27.458     -34.306     -42.166     -31.701     -26.881     -35.164     -31.116     -21.262     -22.028     -39.826     -38.442     -56.739     -42.861     -30.204     -31.986     -52.258     -48.913     -56.562     -64.598     -69.283     -77.290     -99.000     -10.122      -5.471      -8.579      -4.017      -4.915     -10.364     -10.407     -18.160      -6.758      -5.344     -28.522      -9.694      -2.061      -8.596     -24.872       1.052     -24.681      -4.271      -1.889      -3.335      -7.150     -13.854      -7.930     -41.207      -3.978      -8.433     -17.404      -8.737      -7.563      -7.704     -21.921     -30.200     -37.118      -9.410     -37.691      -9.872      -7.095      -6.791      -4.786      -6.369      -7.684     -11.848     -14.558     -47.226     -72.351     -25.508     -50.516     -13.328     -21.344     -31.065     -38.668     -46.037     -54.788     -11.852      -0.150      -7.251      -9.560     -16.229     -16.430     -19.622      -9.928     -16.949     -19.475     -21.986     -34.940      -5.118     -10.922      -6.529      -7.477     -12.538     -10.611     -17.232      -6.963      -7.513     -12.433     -23.672     -32.461      -5.524      -8.932       0.100      -4.447      -8.928      -7.123     -12.071      -5.102     -21.431      -1.229      -8.117     -16.362      -7.189      -7.537     -13.573     -15.879     -13.789     -15.018     -28.024     -22.680     -26.302     -22.392     -24.227     -24.179     -25.775     -35.817     -36.057     -49.404     -48.372     -62.870     -59.135     -75.211      -0.418      -6.737      -3.729      -1.821      -9.198      -5.923      -9.269      -5.696     -17.974      -1.079     -11.219     -14.699       0.096      -9.122      -7.065     -13.633      -8.231     -14.989       0.023      -9.047     -12.706      -7.452      -4.457      -9.534      -5.701      -7.700      -4.406      -4.779      -1.250      -5.513      -1.620      -9.436      -2.771     -10.048     -44.067      -8.057     -15.547     -17.609     -18.054     -17.760     -48.316      -8.971     -12.527      -8.691     -13.306      -9.973     -20.631     -47.230     -31.678     -18.960     -22.532     -36.288     -50.373     -65.434     -80.259     -15.606     -35.261     -21.747      -9.577     -33.959     -16.221     -57.332     -23.193     -31.079     -23.202     -10.479     -30.564     -35.190     -16.231     -57.384     -23.427     -31.196     -10.703     -15.173      -5.554     -32.539      -5.189     -13.849     -12.282     -17.891     -20.509     -17.915     -24.103     -29.819     -45.812      -6.977      -4.319     -11.593      -7.793     -54.721     -51.611      -3.586      -4.947     -13.220     -10.750     -13.652     -15.672     -14.513     -25.009     -26.574 
 38       5.741       4.800      -0.364       0.973       2.093      -1.278       1.406       1.252      -2.455       1.276       0.102      -0.580      -0.615      -1.403       0.976      -0.732      -3.357      -6.168      -2.292      -3.841      -4.754      -0.782       4.978     -21.587      -5.517       1.242      -2.269     -15.517     -12.012      -7.776      -8.619      -5.268      -7.483      -4.862     -10.603     -16.345      -5.268     -20.642     -11.502      -9.647      -9.213     -11.499      -8.684      -5.175      -9.112      -8.321      -6.810      -1.722      -0.677       1.584      -1.631      -3.686      -0.638      -1.931      -0.485      -2.500      -0.122      -1.307      -5.792      -2.135      -3.584      -3.249      -1.772      -7.360      -9.766      -7.540      -8.614      -6.726     -12.623      -2.546      -2.611      -2.898      -6.753      -5.258      -8.395      -8.436      -4.804      -6.954      -5.928      -2.150       2.359      -8.009      -5.318      -5.804      -3.026      -8.568     -10.915      -6.663      -5.876     -10.073      -1.019      -9.300      -6.486      -2.741      -3.201      -3.682      -7.029      -6.756     -10.513      -5.196      -9.162     -11.050      -8.758      -9.577      -6.537      -2.985      -3.255       0.755      -3.058      -2.548      -7.042      -8.554      -4.860      -3.019      -4.842      -4.310      -3.347      -4.201      -5.230      -5.651      -7.304     -10.769     -12.854     -11.215      -9.026      -6.148      -5.919      -6.043      -9.134      -8.950     -10.734      -7.153     -16.402     -10.704      -4.531      -5.868      -2.317      -5.562      -6.240      -7.079      -7.806     -12.098     -11.560      -7.867      -6.035      -6.022      -6.226      -8.818      -9.606      -6.738      -6.954     -13.554     -21.914     -10.212     -13.932     -21.891     -22.397      -9.814     -13.880     -16.058     -22.312     -39.814      -4.677      -7.072      -8.196      -8.674     -55.765     -55.257      -8.958     -13.508      -7.359     -19.434     -37.712     -10.352      -8.707     -16.936     -37.577     -19.649     -27.274     -37.625     -38.014     -11.716     -10.316     -17.136     -19.753     -28.072     -38.189     -46.397     -95.162      -9.859     -29.169     -10.101     -11.984     -29.683      -2.314      -6.991      -2.366      -5.890      -2.788     -20.981     -21.226     -21.826      -4.915      -3.924     -13.266     -14.015      -5.985     -11.326      -9.371      -6.342      -9.682      -8.347      -5.805      -2.528      -9.724      -9.761     -21.650     -42.924     -65.599     -24.723     -38.494     -45.071     -66.210      -4.781     -13.428     -14.827      -5.808     -11.478     -18.348     -32.716      -7.443     -11.083     -28.788      -8.796      -6.203     -10.081     -14.076     -17.297     -22.382     -22.259     -44.466     -13.112     -14.178      -5.051     -10.119     -11.157     -12.163     -13.879     -30.228     -37.360     -32.586     -39.094     -30.541     -67.848     -67.621     -29.162     -29.046      -8.601     -13.162     -11.871     -20.196     -11.399     -14.967     -24.656      -8.196     -14.951      -7.749     -32.002     -13.524     -18.875     -28.743     -12.941     -25.538     -18.486     -18.235     -18.462     -26.631     -26.707     -30.329     -17.814     -13.328     -15.242     -31.138     -23.762     -25.042     -32.316     -27.333     -34.981     -22.254     -23.251     -37.425     -35.988     -31.791     -32.232     -51.019     -58.029      -6.687      -8.830     -15.312      -7.406     -10.757     -27.344     -12.826     -13.131     -21.269     -30.156     -11.626     -20.614     -15.709     -15.472      -7.477     -15.696     -14.603     -18.181     -31.125     -13.992     -20.969     -27.940     -27.885     -27.883     -22.954     -24.351     -16.922     -19.499     -30.301     -30.716     -17.624     -19.440     -27.084     -26.404     -13.228     -14.515     -24.558     -23.977     -27.286     -33.951     -41.798     -31.690     -26.809     -35.113     -30.901     -21.226     -22.103     -39.594     -38.394     -56.194     -42.594     -30.192     -32.040     -51.967     -48.769     -56.209     -64.250     -68.893     -76.880     -99.000     -10.196      -5.437      -8.592      -4.012      -4.833     -10.310     -10.352     -18.100      -6.786      -5.293     -28.597      -9.766      -1.955      -8.458     -24.984       1.028     -24.784      -4.231      -1.876      -3.279      -7.120     -13.711      -7.876     -41.403      -3.856      -8.366     -17.303      -8.647      -7.501      -7.614     -21.792     -30.066     -36.965      -9.219     -37.920      -9.889      -7.174      -6.850      -4.859      -6.530      -7.825     -11.754     -14.651     -47.815     -73.053     -25.585     -50.672     -13.318     -21.340     -31.080     -38.692     -46.061     -54.825     -11.742      -0.042      -7.127      -9.426     -16.136     -16.359     -19.634      -9.759     -16.829     -19.448     -22.050     -34.967      -5.082     -10.915      -6.381      -7.494     -12.595     -10.611     -17.236      -6.462      -7.163     -12.001     -23.178     -31.989      -5.268      -8.844       0.178      -4.450      -8.590      -6.970     -11.836      -5.029     -21.202      -1.095      -7.999     -15.835      -7.042      -7.343     -13.319     -15.733     -13.495     -14.864     -27.860     -22.345     -26.156     -22.138     -24.094     -23.847     -25.560     -35.446     -35.823     -48.899     -48.041     -62.307     -58.786     -74.758      -0.234      -6.585      -3.372      -1.666      -9.101      -5.802      -9.146      -5.568     -17.330      -1.012     -11.094     -14.605       0.270      -8.660      -6.809     -13.535      -8.046     -14.640       0.092      -8.943     -12.633      -7.084      -4.312      -9.416      -5.442      -7.558      -4.149      -4.672      -1.018      -5.348      -1.498      -9.317      -2.640      -9.931     -44.173      -7.833     -15.348     -17.632     -18.096     -17.766     -48.250      -8.996     -12.400      -8.649     -13.448      -9.856     -20.523     -47.314     -31.802     -19.011     -22.663     -36.604     -50.838     -66.046     -81.026     -15.305     -35.361     -21.720      -9.574     -34.095     -16.284     -57.558     -23.308     -31.249     -23.116     -10.430     -30.450     -35.264     -16.244     -57.516     -23.468     -31.274     -10.761     -15.041      -5.492     -32.719      -5.117     -13.752     -12.191     -17.827     -20.558     -17.847     -24.183     -29.901     -46.082      -7.123      -4.145     -11.434      -7.634     -54.385     -51.596      -3.503      -4.883     -12.959     -10.353     -13.342     -15.359     -14.241     -24.519     -26.068 
 39       5.818       4.864      -0.083       1.125       2.178      -1.254       1.461       1.345      -2.315       1.337       0.138      -0.573      -0.573      -1.377       1.042      -0.658      -3.313      -6.149      -2.255      -3.775      -4.690      -0.717       5.004     -21.579      -5.123       1.279      -2.241     -15.287     -11.990      -7.679      -8.594      -5.169      -7.494      -4.850     -10.526     -16.288      -4.924     -20.026     -10.909      -9.290      -8.961     -11.323      -8.514      -4.985      -8.732      -8.294      -6.736      -1.463      -0.542       1.620      -1.579      -3.644      -0.563      -1.901      -0.401      -2.442      -0.084      -1.282      -5.726      -2.119      -3.539      -3.189      -1.676      -7.008      -9.558      -7.096      -8.222      -6.434     -12.240      -2.362      -2.482      -2.699      -6.527      -5.038      -8.126      -8.117      -4.722      -6.809      -5.856      -1.930       2.423      -7.743      -5.070      -5.625      -2.881      -8.311     -10.415      -6.323      -5.666      -9.843      -0.962      -9.097      -6.379      -2.650      -3.179      -3.603      -6.900      -6.719     -10.410      -4.989      -8.911     -11.039      -8.724      -9.418      -6.507      -2.934      -3.273       0.707      -3.077      -2.544      -6.962      -8.502      -4.868      -3.100      -4.904      -4.319      -3.323      -4.272      -5.068      -5.544      -7.123     -10.686     -12.859     -11.174      -8.997      -6.084      -5.932      -5.966      -9.057      -8.843     -10.691      -7.158     -16.385     -10.659      -4.483      -5.865      -2.334      -5.562      -6.252      -7.111      -7.798     -12.139     -11.532      -7.886      -5.995      -6.054      -6.166      -8.770      -9.608      -6.774      -6.904     -13.590     -21.969     -10.306     -13.988     -21.965     -22.491      -9.894     -13.895     -16.165     -22.346     -39.902      -4.754      -7.087      -8.332      -8.720     -55.971     -55.369      -9.091     -13.693      -7.145     -19.297     -37.430     -10.170      -8.590     -16.706     -37.312     -19.533     -27.050     -37.381     -37.794     -11.487     -10.153     -16.874     -19.598     -27.769     -37.892     -46.038     -94.607      -9.630     -28.979      -9.856     -11.861     -29.426      -2.161      -6.889      -2.247      -5.776      -2.576     -20.817     -21.031     -21.606      -4.825      -3.763     -13.126     -13.840      -5.870     -11.183      -9.249      -6.181      -9.400      -8.094      -5.755      -2.523      -9.630      -9.593     -21.344     -42.595     -65.214     -24.315     -38.088     -44.613     -65.701      -4.471     -13.148     -14.495      -5.549     -11.241     -18.122     -32.467      -7.104     -10.789     -28.588      -8.492      -5.942      -9.618     -13.817     -16.699     -21.854     -21.572     -44.206     -13.206     -14.208      -5.120     -10.269     -11.174     -12.020     -13.867     -30.201     -37.160     -32.584     -38.747     -30.539     -67.281     -67.280     -28.922     -28.829      -8.558     -13.148     -11.783     -20.102     -11.520     -14.870     -24.517      -8.127     -14.915      -7.773     -32.019     -13.537     -18.884     -28.795     -12.954     -25.625     -18.373     -18.119     -18.625     -26.483     -26.547     -30.323     -17.754     -13.330     -15.333     -31.159     -23.769     -25.072     -32.354     -27.316     -34.996     -22.272     -23.386     -37.487     -36.051     -31.840     -32.386     -50.934     -58.066      -6.603      -8.897     -15.418      -7.338     -10.643     -27.378     -12.798     -13.000     -21.132     -29.966     -11.722     -20.366     -15.557     -15.441      -7.485     -15.623     -14.501     -18.164     -31.089     -13.946     -20.708     -27.647     -27.588     -27.893     -22.702     -24.262     -16.970     -19.613     -30.030     -30.667     -17.552     -19.302     -26.964     -26.301     -13.191     -14.575     -24.490     -23.969     -27.128     -33.617     -41.452     -31.688     -26.745     -35.069     -30.699     -21.204     -22.184     -39.381     -38.358     -55.680     -42.342     -30.195     -32.102     -51.699     -48.638     -55.875     -63.931     -68.526     -76.503     -99.000     -10.278      -5.406      -8.608      -4.013      -4.760     -10.268     -10.310     -18.055      -6.818      -5.252     -28.677      -9.846      -1.859      -8.334     -25.100       0.999     -24.898      -4.196      -1.869      -3.234      -7.096     -13.586      -7.839     -41.602      -3.744      -8.310     -17.216      -8.580      -7.449      -7.536     -21.683     -29.954     -36.838      -9.044     -38.152      -9.910      -7.257      -6.914      -4.943      -6.696      -7.972     -11.671     -14.752     -48.403     -73.762     -25.664     -50.828     -13.310     -21.339     -31.098     -38.719     -46.089     -54.866     -11.660       0.059      -7.007      -9.301     -16.053     -16.297     -19.649      -9.601     -16.719     -19.426     -22.118     -34.999      -5.056     -10.913      -6.245      -7.515     -12.656     -10.620     -17.252      -5.979      -6.821     -11.586     -22.704     -31.537      -5.025      -8.761       0.252      -4.461      -8.267      -6.828     -11.614      -4.958     -20.985      -0.970      -7.887     -15.329      -6.899      -7.162     -13.078     -15.592     -13.215     -14.716     -27.702     -22.029     -26.016     -21.898     -23.968     -23.531     -25.355     -35.094     -35.600     -48.419     -47.727     -61.772     -58.456     -74.329      -0.059      -6.439      -3.030      -1.516      -9.012      -5.693      -9.032      -5.454     -16.711      -0.948     -10.971     -14.515       0.434      -8.218      -6.563     -13.448      -7.873     -14.313       0.158      -8.841     -12.564      -6.734      -4.173      -9.306      -5.194      -7.420      -3.903      -4.568      -0.804      -5.195      -1.388      -9.206      -2.519      -9.820     -44.283      -7.620     -15.158     -17.657     -18.141     -17.777     -48.191      -9.025     -12.285      -8.613     -13.594      -9.747     -20.420     -47.401     -31.930     -19.065     -22.797     -36.919     -51.301     -66.655     -81.788     -15.013     -35.461     -21.698      -9.587     -34.229     -16.361     -57.781     -23.437     -31.432     -23.038     -10.398     -30.341     -35.338     -16.273     -57.646     -23.525     -31.369     -10.821     -14.919      -5.448     -32.902      -5.049     -13.656     -12.105     -17.770     -20.606     -17.783     -24.263     -29.985     -46.354      -7.284      -3.993     -11.293      -7.484     -54.082     -51.598      -3.435      -4.834     -12.708      -9.966     -13.042     -15.070     -13.978     -24.044     -25.576 
 40       5.891       4.926       0.191       1.268       2.258      -1.231       1.513       1.429      -2.181       1.393       0.171      -0.568      -0.536      -1.357       1.106      -0.588      -3.269      -6.130      -2.224      -3.721      -4.629      -0.655       5.026     -21.572      -4.737       1.307      -2.218     -15.067     -11.968      -7.591      -8.575      -5.086      -7.508      -4.840     -10.453     -16.233      -4.593     -19.430     -10.330      -8.950      -8.721     -11.155      -8.352      -4.802      -8.358      -8.269      -6.666      -1.211      -0.416       1.652      -1.532      -3.604      -0.495      -1.877      -0.329      -2.388      -0.049      -1.261      -5.663      -2.106      -3.502      -3.136      -1.587      -6.668      -9.360      -6.665      -7.846      -6.155     -11.873      -2.188      -2.361      -2.515      -6.310      -4.827      -7.868      -7.805      -4.646      -6.676      -5.787      -1.717       2.483      -7.484      -4.834      -5.452      -2.740      -8.061      -9.931      -5.994      -5.462      -9.618      -0.913      -8.905      -6.282      -2.572      -3.162      -3.532      -6.779      -6.693     -10.326      -4.795      -8.673     -11.031      -8.693      -9.267      -6.479      -2.889      -3.295       0.651      -3.098      -2.543      -6.888      -8.454      -4.879      -3.186      -4.972      -4.333      -3.305      -4.357      -4.922      -5.444      -6.951     -10.609     -12.865     -11.137      -8.971      -6.026      -5.950      -5.901      -8.985      -8.742     -10.650      -7.167     -16.369     -10.617      -4.441      -5.865      -2.359      -5.564      -6.265      -7.148      -7.796     -12.181     -11.508      -7.905      -5.960      -6.089      -6.117      -8.725      -9.612      -6.812      -6.860     -13.631     -22.029     -10.404     -14.047     -22.045     -22.590      -9.980     -13.916     -16.278     -22.388     -39.997      -4.836      -7.109      -8.475      -8.772     -56.186     -55.493      -9.228     -13.883      -6.938     -19.169     -37.161      -9.996      -8.480     -16.484     -37.060     -19.423     -26.835     -37.149     -37.584     -11.268      -9.997     -16.621     -19.452     -27.478     -37.609     -45.697     -94.080      -9.409     -28.799      -9.619     -11.746     -29.182      -2.016      -6.796      -2.133      -5.666      -2.370     -20.662     -20.846     -21.397      -4.741      -3.610     -12.995     -13.674      -5.763     -11.046      -9.132      -6.028      -9.131      -7.853      -5.708      -2.521      -9.539      -9.442     -21.047     -42.278     -64.846     -23.919     -37.698     -44.171     -65.213      -4.167     -12.876     -14.172      -5.297     -11.015     -17.908     -32.229      -6.774     -10.508     -28.398      -8.200      -5.687      -9.164     -13.566     -16.110     -21.343     -20.897     -43.960     -13.301     -14.242      -5.192     -10.426     -11.193     -11.883     -13.862     -30.183     -36.976     -32.590     -38.416     -30.551     -66.739     -66.960     -28.694     -28.623      -8.521     -13.147     -11.705     -20.021     -11.647     -14.782     -24.390      -8.062     -14.884      -7.804     -32.045     -13.555     -18.905     -28.847     -12.971     -25.712     -18.268     -18.011     -18.795     -26.347     -26.399     -30.326     -17.700     -13.342     -15.429     -31.192     -23.782     -25.115     -32.398     -27.305     -35.017     -22.302     -23.527     -37.556     -36.123     -31.901     -32.548     -50.859     -58.114      -6.530      -8.970     -15.533      -7.275     -10.539     -27.423     -12.786     -12.881     -21.008     -29.795     -11.824     -20.131     -15.416     -15.415      -7.500     -15.557     -14.410     -18.162     -31.057     -13.908     -20.460     -27.373     -27.311     -27.906     -22.463     -24.183     -17.030     -19.734     -29.776     -30.629     -17.486     -19.173     -26.853     -26.207     -13.166     -14.642     -24.431     -23.976     -26.985     -33.300     -41.128     -31.695     -26.689     -35.035     -30.508     -21.196     -22.274     -39.187     -38.335     -55.195     -42.105     -30.212     -32.175     -51.455     -48.520     -55.560     -63.640     -68.180     -76.159     -99.000     -10.367      -5.380      -8.627      -4.022      -4.698     -10.238     -10.279     -18.023      -6.852      -5.218     -28.762      -9.936      -1.772      -8.225     -25.220       0.965     -25.023      -4.167      -1.865      -3.198      -7.078     -13.478      -7.817     -41.806      -3.642      -8.265     -17.144      -8.534      -7.405      -7.470     -21.592     -29.862     -36.734      -8.885     -38.389      -9.936      -7.344      -6.982      -5.038      -6.867      -8.125     -11.598     -14.863     -48.995     -74.481     -25.745     -50.988     -13.305     -21.342     -31.121     -38.752     -46.123     -54.914     -11.603       0.153      -6.893      -9.185     -15.979     -16.243     -19.668      -9.453     -16.619     -19.410     -22.192     -35.039      -5.038     -10.918      -6.118      -7.539     -12.723     -10.638     -17.280      -5.508      -6.486     -11.182     -22.245     -31.103      -4.792      -8.683       0.322      -4.477      -7.954      -6.695     -11.400      -4.889     -20.779      -0.854      -7.781     -14.840      -6.761      -6.991     -12.847     -15.458     -12.946     -14.574     -27.551     -21.729     -25.882     -21.670     -23.849     -23.229     -25.159     -34.759     -35.389     -47.961     -47.428     -61.262     -58.143     -73.921       0.108      -6.298      -2.699      -1.371      -8.930      -5.596      -8.927      -5.351     -16.109      -0.886     -10.850     -14.429       0.589      -7.793      -6.326     -13.371      -7.711     -14.007       0.221      -8.740     -12.497      -6.396      -4.038      -9.202      -4.954      -7.286      -3.666      -4.467      -0.604      -5.053      -1.286      -9.102      -2.406      -9.716     -44.401      -7.414     -14.978     -17.687     -18.188     -17.791     -48.140      -9.058     -12.179      -8.581     -13.746      -9.646     -20.322     -47.494     -32.063     -19.122     -22.934     -37.237     -51.765     -67.265     -82.551     -14.726     -35.562     -21.681      -9.613     -34.362     -16.451     -58.003     -23.580     -31.629     -22.967     -10.380     -30.238     -35.415     -16.317     -57.780     -23.598     -31.482     -10.884     -14.806      -5.419     -33.088      -4.985     -13.562     -12.026     -17.722     -20.657     -17.721     -24.344     -30.072     -46.630      -7.458      -3.858     -11.167      -7.341     -53.811     -51.616      -3.379      -4.799     -12.466      -9.587     -12.752     -14.801     -13.724     -23.580     -25.095 
 41       5.961       4.985       0.461       1.404       2.334      -1.208       1.560       1.504      -2.052       1.447       0.200      -0.563      -0.503      -1.341       1.167      -0.520      -3.226      -6.111      -2.198      -3.680      -4.570      -0.595       5.045     -21.567      -4.356       1.326      -2.200     -14.855     -11.948      -7.510      -8.562      -5.018      -7.524      -4.832     -10.386     -16.180      -4.271     -18.847      -9.760      -8.626      -8.491     -10.994      -8.195      -4.626      -7.988      -8.248      -6.600      -0.964      -0.298       1.678      -1.490      -3.568      -0.433      -1.858      -0.266      -2.338      -0.018      -1.244      -5.603      -2.096      -3.472      -3.090      -1.503      -6.338      -9.168      -6.243      -7.485      -5.885     -11.516      -2.023      -2.247      -2.344      -6.101      -4.624      -7.619      -7.499      -4.575      -6.553      -5.722      -1.512       2.541      -7.232      -4.609      -5.281      -2.602      -7.816      -9.461      -5.673      -5.266      -9.396      -0.871      -8.724      -6.193      -2.506      -3.152      -3.467      -6.666      -6.677     -10.259      -4.611      -8.446     -11.026      -8.667      -9.123      -6.455      -2.852      -3.322       0.588      -3.123      -2.546      -6.819      -8.409      -4.892      -3.277      -5.045      -4.354      -3.291      -4.452      -4.788      -5.350      -6.786     -10.538     -12.874     -11.104      -8.948      -5.975      -5.972      -5.845      -8.918      -8.646     -10.612      -7.178     -16.354     -10.578      -4.404      -5.870      -2.391      -5.568      -6.280      -7.190      -7.799     -12.225     -11.487      -7.926      -5.931      -6.127      -6.077      -8.684      -9.618      -6.852      -6.820     -13.677     -22.097     -10.508     -14.112     -22.131     -22.695     -10.072     -13.943     -16.398     -22.439     -40.103      -4.923      -7.138      -8.624      -8.831     -56.412     -55.634      -9.370     -14.080      -6.736     -19.048     -36.904      -9.830      -8.374     -16.268     -36.818     -19.320     -26.628     -36.927     -37.384     -11.059      -9.848     -16.376     -19.314     -27.198     -37.339     -45.372     -93.580      -9.195     -28.627      -9.390     -11.638     -28.949      -1.879      -6.713      -2.025      -5.559      -2.171     -20.516     -20.672     -21.200      -4.663      -3.464     -12.872     -13.519      -5.664     -10.915      -9.021      -5.884      -8.876      -7.625      -5.666      -2.524      -9.451      -9.305     -20.757     -41.971     -64.491     -23.533     -37.325     -43.744     -64.745      -3.870     -12.610     -13.857      -5.052     -10.798     -17.705     -32.003      -6.454     -10.240     -28.220      -7.919      -5.438      -8.716     -13.322     -15.530     -20.847     -20.229     -43.728     -13.400     -14.281      -5.269     -10.588     -11.215     -11.753     -13.863     -30.175     -36.805     -32.605     -38.099     -30.577     -66.219     -66.659     -28.477     -28.426      -8.491     -13.159     -11.637     -19.952     -11.780     -14.702     -24.274      -8.002     -14.858      -7.840     -32.078     -13.578     -18.939     -28.903     -12.996     -25.802     -18.170     -17.912     -18.971     -26.221     -26.262     -30.338     -17.651     -13.364     -15.532     -31.239     -23.803     -25.169     -32.451     -27.300     -35.045     -22.343     -23.674     -37.636     -36.206     -31.974     -32.717     -50.794     -58.176      -6.466      -9.051     -15.656      -7.218     -10.442     -27.479     -12.787     -12.774     -20.899     -29.639     -11.934     -19.907     -15.283     -15.395      -7.522     -15.499     -14.328     -18.174     -31.032     -13.878     -20.227     -27.117     -27.052     -27.924     -22.235     -24.112     -17.102     -19.865     -29.534     -30.602     -17.428     -19.052     -26.750     -26.122     -13.152     -14.717     -24.382     -23.998     -26.855     -33.000     -40.822     -31.712     -26.642     -35.009     -30.329     -21.201     -22.373     -39.012     -38.328     -54.736     -41.882     -30.244     -32.260     -51.234     -48.416     -55.262     -63.377     -67.854     -75.847     -99.000     -10.466      -5.357      -8.651      -4.038      -4.646     -10.219     -10.259     -18.006      -6.891      -5.191     -28.854     -10.035      -1.694      -8.130     -25.348       0.926     -25.158      -4.142      -1.866      -3.172      -7.067     -13.388      -7.808     -42.018      -3.549      -8.230     -17.084      -8.506      -7.372      -7.417     -21.518     -29.789     -36.652      -8.742     -38.632      -9.965      -7.435      -7.055      -5.142      -7.045      -8.283     -11.533     -14.983     -49.594     -75.214     -25.829     -51.153     -13.304     -21.349     -31.149     -38.791     -46.164     -54.970     -11.566       0.242      -6.782      -9.076     -15.914     -16.197     -19.693      -9.314     -16.530     -19.401     -22.274     -35.089      -5.028     -10.928      -6.000      -7.567     -12.795     -10.664     -17.317      -5.045      -6.155     -10.789     -21.799     -30.683      -4.568      -8.610       0.388      -4.500      -7.650      -6.569     -11.194      -4.822     -20.582      -0.744      -7.681     -14.361      -6.627      -6.829     -12.625     -15.328     -12.686     -14.437     -27.406     -21.443     -25.755     -21.453     -23.738     -22.939     -24.971     -34.439     -35.189     -47.522     -47.144     -60.774     -57.847     -73.534       0.268      -6.161      -2.377      -1.229      -8.855      -5.508      -8.829      -5.258     -15.520      -0.827     -10.731     -14.346       0.738      -7.381      -6.097     -13.304      -7.561     -13.718       0.281      -8.641     -12.434      -6.067      -3.908      -9.104      -4.721      -7.154      -3.434      -4.367      -0.415      -4.918      -1.191      -9.003      -2.301      -9.617     -44.528      -7.214     -14.803     -17.721     -18.239     -17.811     -48.099      -9.096     -12.081      -8.555     -13.904      -9.552     -20.229     -47.594     -32.203     -19.182     -23.075     -37.559     -52.235     -67.881     -83.320     -14.444     -35.667     -21.669      -9.652     -34.498     -16.554     -58.227     -23.736     -31.840     -22.902     -10.376     -30.141     -35.496     -16.376     -57.919     -23.688     -31.612     -10.950     -14.700      -5.403     -33.280      -4.922     -13.470     -11.953     -17.682     -20.710     -17.663     -24.427     -30.163     -46.913      -7.645      -3.737     -11.054      -7.206     -53.572     -51.652      -3.333      -4.776     -12.231      -9.215     -12.469     -14.548     -13.478     -23.127     -24.625 
 42       6.028       5.043       0.728       1.534       2.408      -1.187       1.603       1.573      -1.927       1.497       0.226      -0.560      -0.474      -1.330       1.227      -0.455      -3.184      -6.095      -2.176      -3.648      -4.513      -0.537       5.059     -21.563      -3.979       1.333      -2.185     -14.651     -11.929      -7.437      -8.556      -4.962      -7.543      -4.827     -10.322     -16.130      -3.957     -18.272      -9.197      -8.316      -8.267     -10.837      -8.043      -4.454      -7.623      -8.229      -6.538      -0.721      -0.189       1.701      -1.453      -3.536      -0.377      -1.844      -0.211      -2.291       0.010      -1.230      -5.547      -2.090      -3.449      -3.051      -1.425      -6.014      -8.982      -5.828      -7.134      -5.622     -11.167      -1.866      -2.140      -2.182      -5.897      -4.426      -7.376      -7.198      -4.508      -6.439      -5.660      -1.314       2.597      -6.985      -4.391      -5.115      -2.466      -7.575      -9.002      -5.358      -5.076      -9.178      -0.838      -8.552      -6.114      -2.452      -3.149      -3.410      -6.562      -6.672     -10.208      -4.437      -8.228     -11.024      -8.643      -8.984      -6.434      -2.820      -3.353       0.517      -3.150      -2.552      -6.754      -8.367      -4.909      -3.375      -5.124      -4.382      -3.282      -4.559      -4.664      -5.261      -6.626     -10.472     -12.887     -11.075      -8.928      -5.931      -6.000      -5.799      -8.856      -8.555     -10.579      -7.195     -16.342     -10.542      -4.373      -5.879      -2.430      -5.576      -6.298      -7.239      -7.809     -12.272     -11.469      -7.950      -5.908      -6.170      -6.045      -8.647      -9.627      -6.896      -6.785     -13.731     -22.175     -10.616     -14.182     -22.226     -22.808     -10.170     -13.980     -16.528     -22.501     -40.223      -5.017      -7.172      -8.780      -8.896     -56.652     -55.796      -9.519     -14.285      -6.540     -18.934     -36.660      -9.674      -8.274     -16.058     -36.588     -19.224     -26.429     -36.714     -37.192     -10.861      -9.705     -16.139     -19.185     -26.929     -37.083     -45.064     -93.108      -8.986     -28.465      -9.168     -11.539     -28.730      -1.751      -6.640      -1.922      -5.458      -1.978     -20.379     -20.507     -21.013      -4.593      -3.325     -12.758     -13.373      -5.573     -10.793      -8.919      -5.750      -8.634      -7.411      -5.627      -2.530      -9.367      -9.182     -20.473     -41.675     -64.151     -23.156     -36.970     -43.333     -64.298      -3.577     -12.352     -13.550      -4.812     -10.591     -17.514     -31.793      -6.143      -9.986     -28.058      -7.646      -5.193      -8.273     -13.084     -14.955     -20.367     -19.570     -43.511     -13.503     -14.328      -5.351     -10.758     -11.242     -11.627     -13.874     -30.176     -36.646     -32.631     -37.794     -30.619     -65.718     -66.377     -28.272     -28.240      -8.467     -13.184     -11.578     -19.894     -11.921     -14.628     -24.166      -7.945     -14.836      -7.882     -32.121     -13.607     -18.985     -28.965     -13.027     -25.897     -18.079     -17.818     -19.157     -26.103     -26.133     -30.357     -17.607     -13.395     -15.642     -31.299     -23.831     -25.236     -32.511     -27.302     -35.080     -22.394     -23.831     -37.727     -36.304     -32.059     -32.897     -50.739     -58.254      -6.414      -9.139     -15.789      -7.167     -10.353     -27.546     -12.802     -12.677     -20.802     -29.499     -12.053     -19.691     -15.159     -15.380      -7.551     -15.451     -14.256     -18.201     -31.014     -13.859     -20.006     -26.881     -26.812     -27.950     -22.016     -24.051     -17.186     -20.007     -29.304     -30.585     -17.377     -18.939     -26.656     -26.045     -13.150     -14.802     -24.345     -24.035     -26.741     -32.717     -40.535     -31.740     -26.605     -34.996     -30.160     -21.220     -22.485     -38.857     -38.340     -54.303     -41.673     -30.292     -32.360     -51.038     -48.328     -54.982     -63.143     -67.549     -75.570     -99.000     -10.574      -5.339      -8.679      -4.061      -4.603     -10.211     -10.251     -18.001      -6.933      -5.169     -28.955     -10.144      -1.627      -8.050     -25.484       0.882     -25.305      -4.124      -1.873      -3.158      -7.062     -13.317      -7.812     -42.237      -3.467      -8.204     -17.035      -8.495      -7.350      -7.377     -21.461     -29.736     -36.590      -8.618     -38.884      -9.999      -7.530      -7.132      -5.254      -7.231      -8.449     -11.474     -15.112     -50.204     -75.963     -25.919     -51.327     -13.306     -21.361     -31.183     -38.837     -46.214     -55.036     -11.546       0.327      -6.676      -8.973     -15.857     -16.158     -19.723      -9.181     -16.450     -19.401     -22.365     -35.153      -5.025     -10.946      -5.888      -7.600     -12.874     -10.699     -17.365      -4.587      -5.827     -10.402     -21.364     -30.275      -4.349      -8.541       0.451      -4.528      -7.350      -6.450     -10.994      -4.757     -20.392      -0.639      -7.585     -13.890      -6.497      -6.676     -12.409     -15.204     -12.433     -14.304     -27.269     -21.168     -25.635     -21.245     -23.634     -22.659     -24.792     -34.131     -35.000     -47.100     -46.874     -60.305     -57.568     -73.168       0.424      -6.028      -2.060      -1.090      -8.786      -5.429      -8.736      -5.173     -14.938      -0.769     -10.614     -14.267       0.882      -6.978      -5.875     -13.247      -7.423     -13.444       0.340      -8.544     -12.374      -5.743      -3.781      -9.011      -4.491      -7.025      -3.206      -4.270      -0.234      -4.790      -1.102      -8.911      -2.201      -9.524     -44.670      -7.017     -14.633     -17.761     -18.295     -17.837     -48.069      -9.139     -11.989      -8.534     -14.069      -9.467     -20.141     -47.702     -32.351     -19.247     -23.222     -37.887     -52.714     -68.507     -84.101     -14.167     -35.778     -21.662      -9.701     -34.639     -16.668     -58.459     -23.905     -32.065     -22.844     -10.385     -30.052     -35.584     -16.449     -58.070     -23.795     -31.761     -11.021     -14.600      -5.399     -33.480      -4.862     -13.379     -11.888     -17.651     -20.767     -17.609     -24.514     -30.260     -47.204      -7.843      -3.626     -10.951      -7.076     -53.366     -51.707      -3.297      -4.765     -12.004      -8.850     -12.194     -14.309     -13.240     -22.683     -24.165 
 43       6.093       5.099       0.994       1.657       2.481      -1.167       1.642       1.637      -1.805       1.544       0.248      -0.559      -0.451      -1.323       1.285      -0.391      -3.144      -6.080      -2.160      -3.625      -4.457      -0.480       5.070     -21.563      -3.605       1.327      -2.173     -14.454     -11.914      -7.373      -8.556      -4.916      -7.566      -4.825     -10.262     -16.084      -3.647     -17.699      -8.637      -8.020      -8.045     -10.683      -7.894      -4.286      -7.260      -8.215      -6.480      -0.483      -0.089       1.721      -1.422      -3.506      -0.329      -1.836      -0.164      -2.248       0.034      -1.221      -5.494      -2.089      -3.434      -3.018      -1.352      -5.693      -8.799      -5.416      -6.791      -5.361     -10.824      -1.715      -2.039      -2.026      -5.697      -4.231      -7.137      -6.900      -4.444      -6.332      -5.602      -1.125       2.649      -6.743      -4.180      -4.952      -2.334      -7.339      -8.550      -5.045      -4.896      -8.963      -0.812      -8.390      -6.046      -2.410      -3.155      -3.361      -6.466      -6.679     -10.173      -4.271      -8.018     -11.025      -8.621      -8.851      -6.416      -2.794      -3.389       0.440      -3.181      -2.561      -6.693      -8.328      -4.929      -3.479      -5.209      -4.415      -3.278      -4.676      -4.545      -5.175      -6.469     -10.412     -12.906     -11.052      -8.914      -5.896      -6.035      -5.761      -8.799      -8.470     -10.551      -7.217     -16.334     -10.508      -4.348      -5.893      -2.475      -5.586      -6.320      -7.294      -7.825     -12.322     -11.455      -7.978      -5.892      -6.219      -6.019      -8.614      -9.639      -6.944      -6.756     -13.794     -22.265     -10.732     -14.261     -22.332     -22.930     -10.277     -14.026     -16.669     -22.576     -40.361      -5.117      -7.214      -8.945      -8.966     -56.910     -55.985      -9.677     -14.499      -6.350     -18.829     -36.429      -9.527      -8.178     -15.854     -36.371     -19.134     -26.236     -36.513     -37.010     -10.675      -9.569     -15.910     -19.066     -26.672     -36.841     -44.771     -92.666      -8.784     -28.312      -8.953     -11.447     -28.523      -1.633      -6.579      -1.824      -5.361      -1.791     -20.251     -20.353     -20.840      -4.529      -3.194     -12.654     -13.239      -5.492     -10.681      -8.827      -5.625      -8.408      -7.212      -5.592      -2.541      -9.288      -9.069     -20.196     -41.390     -63.826     -22.790     -36.634     -42.938     -63.875      -3.289     -12.100     -13.252      -4.581     -10.395     -17.335     -31.603      -5.842      -9.748     -27.915      -7.381      -4.953      -7.835     -12.853     -14.388     -19.907     -18.918     -43.311     -13.613     -14.383      -5.438     -10.937     -11.274     -11.507     -13.894     -30.186     -36.495     -32.668     -37.502     -30.678     -65.237     -66.115     -28.078     -28.065      -8.447     -13.223     -11.529     -19.848     -12.070     -14.558     -24.064      -7.891     -14.819      -7.932     -32.174     -13.644     -19.045     -29.032     -13.066     -26.000     -17.992     -17.729     -19.352     -25.992     -26.010     -30.385     -17.569     -13.435     -15.761     -31.372     -23.869     -25.316     -32.579     -27.311     -35.124     -22.456     -23.999     -37.834     -36.418     -32.156     -33.090     -50.696     -58.350      -6.373      -9.236     -15.930      -7.123     -10.271     -27.622     -12.832     -12.592     -20.717     -29.371     -12.181     -19.481     -15.040     -15.372      -7.589     -15.412     -14.194     -18.244     -31.006     -13.850     -19.799     -26.664     -26.592     -27.985     -21.805     -24.000     -17.284     -20.162     -29.083     -30.578     -17.334     -18.834     -26.573     -25.979     -13.159     -14.898     -24.321     -24.089     -26.643     -32.450     -40.266     -31.781     -26.579     -34.995     -30.004     -21.254     -22.612     -38.723     -38.373     -53.896     -41.480     -30.359     -32.479     -50.868     -48.258     -54.720     -62.941     -67.265     -75.330     -99.000     -10.691      -5.326      -8.712      -4.092      -4.570     -10.214     -10.254     -18.008      -6.981      -5.152     -29.065     -10.264      -1.570      -7.988     -25.629       0.833     -25.462      -4.111      -1.885      -3.157      -7.066     -13.268      -7.830     -42.466      -3.396      -8.187     -16.997      -8.501      -7.339      -7.351     -21.421     -29.700     -36.548      -8.513     -39.145     -10.036      -7.629      -7.214      -5.373      -7.423      -8.623     -11.418     -15.250     -50.825     -76.728     -26.015     -51.511     -13.313     -21.379     -31.224     -38.893     -46.273     -55.113     -11.541       0.408      -6.573      -8.875     -15.809     -16.126     -19.762      -9.055     -16.380     -19.411     -22.467     -35.234      -5.028     -10.970      -5.781      -7.637     -12.957     -10.741     -17.421      -4.130      -5.501     -10.020     -20.937     -29.879      -4.135      -8.476       0.513      -4.562      -7.051      -6.336     -10.796      -4.695     -20.208      -0.540      -7.496     -13.423      -6.370      -6.530     -12.197     -15.085     -12.184     -14.177     -27.141     -20.905     -25.524     -21.045     -23.538     -22.387     -24.621     -33.835     -34.822     -46.691     -46.618     -59.854     -57.307     -72.823       0.577      -5.899      -1.745      -0.954      -8.721      -5.358      -8.649      -5.096     -14.357      -0.713     -10.498     -14.190       1.021      -6.582      -5.661     -13.199      -7.298     -13.185       0.397      -8.449     -12.317      -5.420      -3.654      -8.920      -4.263      -6.897      -2.980      -4.175      -0.057      -4.667      -1.018      -8.824      -2.107      -9.437     -44.830      -6.822     -14.466     -17.807     -18.355     -17.872     -48.052      -9.186     -11.901      -8.519     -14.242      -9.389     -20.055     -47.821     -32.510     -19.316     -23.375     -38.224     -53.202     -69.147     -84.898     -13.894     -35.898     -21.660      -9.761     -34.787     -16.796     -58.701     -24.089     -32.307     -22.792     -10.406     -29.971     -35.682     -16.538     -58.235     -23.920     -31.933     -11.097     -14.505      -5.406     -33.690      -4.804     -13.291     -11.832     -17.630     -20.829     -17.557     -24.605     -30.363     -47.504      -8.053      -3.525     -10.857      -6.954     -53.200     -51.782      -3.271      -4.765     -11.786      -8.493     -11.928     -14.084     -13.010     -22.251     -23.716 
 44       6.157       5.154       1.258       1.773       2.554      -1.150       1.675       1.697      -1.686       1.587       0.266      -0.561      -0.432      -1.322       1.341      -0.329      -3.105      -6.067      -2.148      -3.610      -4.403      -0.425       5.076     -21.568      -3.236       1.304      -2.162     -14.263     -11.904      -7.318      -8.565      -4.880      -7.592      -4.827     -10.206     -16.042      -3.338     -17.125      -8.080      -7.736      -7.822     -10.532      -7.747      -4.122      -6.903      -8.205      -6.426      -0.248       0.002       1.738      -1.396      -3.482      -0.287      -1.834      -0.123      -2.209       0.055      -1.215      -5.446      -2.093      -3.426      -2.994      -1.286      -5.372      -8.618      -5.006      -6.456      -5.101     -10.483      -1.570      -1.942      -1.876      -5.499      -4.039      -6.899      -6.607      -4.383      -6.232      -5.547      -0.946       2.698      -6.507      -3.976      -4.792      -2.207      -7.106      -8.106      -4.734      -4.727      -8.753      -0.795      -8.240      -5.988      -2.381      -3.170      -3.322      -6.380      -6.701     -10.155      -4.111      -7.816     -11.029      -8.601      -8.720      -6.400      -2.774      -3.430       0.357      -3.214      -2.571      -6.633      -8.291      -4.952      -3.589      -5.301      -4.455      -3.278      -4.802      -4.431      -5.089      -6.312     -10.356     -12.930     -11.034      -8.907      -5.869      -6.078      -5.732      -8.746      -8.389     -10.528      -7.247     -16.331     -10.477      -4.330      -5.912      -2.528      -5.600      -6.347      -7.357      -7.849     -12.377     -11.445      -8.010      -5.883      -6.274      -6.001      -8.584      -9.656      -6.998      -6.734     -13.868     -22.370     -10.854     -14.348     -22.451     -23.062     -10.392     -14.085     -16.823     -22.668     -40.522      -5.224      -7.262      -9.117      -9.041     -57.191     -56.206      -9.843     -14.723      -6.165     -18.733     -36.215      -9.394      -8.088     -15.656     -36.167     -19.052     -26.053     -36.324     -36.838     -10.503      -9.439     -15.692     -18.958     -26.429     -36.618     -44.496     -92.257      -8.588     -28.170      -8.746     -11.365     -28.334      -1.529      -6.531      -1.732      -5.272      -1.611     -20.134     -20.212     -20.680      -4.473      -3.073     -12.561     -13.118      -5.424     -10.582      -8.748      -5.510      -8.199      -7.031      -5.562      -2.555      -9.215      -8.969     -19.929     -41.117     -63.517     -22.436     -36.324     -42.564     -63.480      -3.009     -11.858     -12.965      -4.358     -10.214     -17.172     -31.439      -5.554      -9.532     -27.799      -7.126      -4.718      -7.405     -12.632     -13.831     -19.474     -18.280     -43.132     -13.730     -14.451      -5.531     -11.126     -11.313     -11.391     -13.926     -30.205     -36.351     -32.718     -37.222     -30.756     -64.773     -65.875     -27.900     -27.902      -8.433     -13.275     -11.491     -19.812     -12.228     -14.490     -23.963      -7.841     -14.807      -7.989     -32.237     -13.689     -19.118     -29.110     -13.116     -26.111     -17.910     -17.645     -19.560     -25.884     -25.891     -30.419     -17.537     -13.484     -15.890     -31.462     -23.918     -25.409     -32.656     -27.328     -35.178     -22.530     -24.180     -37.957     -36.552     -32.267     -33.298     -50.665     -58.467      -6.346      -9.339     -16.079      -7.087     -10.194     -27.708     -12.878     -12.519     -20.644     -29.256     -12.321     -19.274     -14.924     -15.371      -7.636     -15.386     -14.145     -18.305     -31.010     -13.855     -19.606     -26.470     -26.394     -28.034     -21.602     -23.957     -17.395     -20.332     -28.868     -30.582     -17.301     -18.738     -26.499     -25.923     -13.182     -15.008     -24.314     -24.163     -26.562     -32.202     -40.014     -31.836     -26.568     -35.009     -29.860     -21.305     -22.758     -38.612     -38.434     -53.519     -41.302     -30.447     -32.620     -50.728     -48.210     -54.477     -62.774     -67.004     -75.130     -99.000     -10.819      -5.319      -8.750      -4.130      -4.548     -10.228     -10.267     -18.027      -7.034      -5.138     -29.185     -10.395      -1.525      -7.947     -25.785       0.778     -25.627      -4.105      -1.903      -3.170      -7.077     -13.243      -7.862     -42.704      -3.338      -8.179     -16.967      -8.524      -7.342      -7.342     -21.398     -29.681     -36.522      -8.432     -39.414     -10.078      -7.732      -7.298      -5.499      -7.624      -8.804     -11.363     -15.397     -51.458     -77.507     -26.119     -51.708     -13.324     -21.403     -31.275     -38.958     -46.345     -55.204     -11.551       0.487      -6.474      -8.781     -15.770     -16.102     -19.809      -8.936     -16.321     -19.434     -22.584     -35.336      -5.038     -11.002      -5.676      -7.680     -13.047     -10.791     -17.486      -3.673      -5.177      -9.643     -20.517     -29.495      -3.925      -8.416       0.572      -4.601      -6.752      -6.228     -10.599      -4.635     -20.027      -0.444      -7.412     -12.955      -6.247      -6.393     -11.990     -14.971     -11.938     -14.056     -27.022     -20.653     -25.423     -20.853     -23.453     -22.122     -24.459     -33.549     -34.658     -46.297     -46.380     -59.421     -57.067     -72.503       0.728      -5.774      -1.429      -0.819      -8.660      -5.293      -8.565      -5.024     -13.773      -0.658     -10.385     -14.117       1.156      -6.189      -5.453     -13.159      -7.189     -12.940       0.453      -8.356     -12.263      -5.095      -3.528      -8.829      -4.034      -6.771      -2.753      -4.081       0.117      -4.548      -0.938      -8.742      -2.016      -9.355     -45.014      -6.626     -14.301     -17.862     -18.423     -17.918     -48.052      -9.239     -11.817      -8.510     -14.422      -9.321     -19.974     -47.953     -32.682     -19.390     -23.532     -38.570     -53.703     -69.801     -85.712     -13.629     -36.029     -21.663      -9.833     -34.946     -16.936     -58.959     -24.289     -32.568     -22.747     -10.439     -29.901     -35.795     -16.644     -58.421     -24.068     -32.131     -11.179     -14.414      -5.424     -33.912      -4.747     -13.205     -11.785     -17.620     -20.896     -17.509     -24.703     -30.471     -47.814      -8.273      -3.430     -10.772      -6.840     -53.080     -51.880      -3.254      -4.776     -11.578      -8.146     -11.672     -13.873     -12.791     -21.835     -23.284 
 45       6.219       5.208       1.520       1.881       2.630      -1.135       1.703       1.754      -1.570       1.626       0.280      -0.566      -0.419      -1.326       1.397      -0.269      -3.068      -6.057      -2.143      -3.602      -4.350      -0.370       5.077     -21.578      -2.874       1.262      -2.147     -14.080     -11.899      -7.274      -8.582      -4.852      -7.623      -4.832     -10.154     -16.007      -3.027     -16.544      -7.527      -7.465      -7.591     -10.380      -7.601      -3.962      -6.555      -8.201      -6.375      -0.019       0.082       1.754      -1.378      -3.462      -0.254      -1.839      -0.088      -2.173       0.071      -1.215      -5.402      -2.103      -3.427      -2.977      -1.226      -5.050      -8.438      -4.598      -6.125      -4.837     -10.143      -1.430      -1.850      -1.730      -5.301      -3.846      -6.661      -6.320      -4.323      -6.138      -5.498      -0.780       2.742      -6.279      -3.780      -4.640      -2.086      -6.878      -7.670      -4.421      -4.572      -8.550      -0.785      -8.101      -5.945      -2.365      -3.197      -3.293      -6.305      -6.739     -10.154      -3.955      -7.621     -11.035      -8.581      -8.592      -6.386      -2.759      -3.474       0.270      -3.248      -2.583      -6.573      -8.256      -4.977      -3.706      -5.400      -4.501      -3.283      -4.937      -4.317      -5.003      -6.153     -10.305     -12.964     -11.023      -8.907      -5.853      -6.132      -5.712      -8.700      -8.314     -10.514      -7.285     -16.334     -10.450      -4.320      -5.939      -2.588      -5.618      -6.379      -7.430      -7.882     -12.439     -11.439      -8.048      -5.883      -6.337      -5.989      -8.558      -9.678      -7.059      -6.718     -13.954     -22.494     -10.985     -14.445     -22.585     -23.209     -10.518     -14.159     -16.993     -22.780     -40.713      -5.339      -7.318      -9.297      -9.121     -57.498     -56.470     -10.021     -14.958      -5.989     -18.649     -36.020      -9.276      -8.004     -15.466     -35.981     -18.979     -25.880     -36.151     -36.680     -10.349      -9.318     -15.486     -18.864     -26.203     -36.417     -44.242     -91.889      -8.400     -28.042      -8.549     -11.295     -28.165      -1.441      -6.500      -1.646      -5.192      -1.439     -20.032     -20.088     -20.540      -4.427      -2.964     -12.483     -13.014      -5.370     -10.500      -8.686      -5.409      -8.013      -6.872      -5.539      -2.574      -9.151      -8.883     -19.675     -40.863     -63.230     -22.099     -36.045     -42.216     -63.120      -2.739     -11.630     -12.695      -4.150     -10.053     -17.028     -31.310      -5.284      -9.345     -27.719      -6.884      -4.492      -6.989     -12.425     -13.291     -19.079     -17.665     -42.982     -13.859     -14.533      -5.631     -11.324     -11.361     -11.280     -13.973     -30.231     -36.208     -32.781     -36.955     -30.857     -64.330     -65.659     -27.739     -27.756      -8.422     -13.342     -11.462     -19.785     -12.395     -14.422     -23.861      -7.795     -14.802      -8.056     -32.311     -13.744     -19.207     -29.199     -13.177     -26.236     -17.830     -17.562     -19.779     -25.778     -25.772     -30.457     -17.510     -13.543     -16.032     -31.568     -23.979     -25.518     -32.742     -27.355     -35.244     -22.616     -24.376     -38.101     -36.710     -32.394     -33.524     -50.646     -58.609      -6.334      -9.448     -16.233      -7.061     -10.123     -27.801     -12.941     -12.457     -20.583     -29.150     -12.472     -19.067     -14.810     -15.379      -7.695     -15.374     -14.110     -18.385     -31.031     -13.877     -19.430     -26.302     -26.222     -28.100     -21.403     -23.926     -17.521     -20.520     -28.658     -30.595     -17.280     -18.653     -26.439     -25.880     -13.220     -15.136     -24.327     -24.260     -26.502     -31.974     -39.783     -31.908     -26.573     -35.043     -29.730     -21.376     -22.927     -38.529     -38.528     -53.174     -41.143     -30.561     -32.789     -50.622     -48.187     -54.257     -62.648     -66.771     -74.978     -99.000     -10.957      -5.319      -8.793      -4.178      -4.536     -10.252     -10.290     -18.054      -7.092      -5.123     -29.316     -10.537      -1.494      -7.928     -25.952       0.719     -25.796      -4.105      -1.929      -3.201      -7.098     -13.246      -7.908     -42.948      -3.295      -8.178     -16.943      -8.567      -7.360      -7.350     -21.390     -29.676     -36.510      -8.378     -39.692     -10.123      -7.836      -7.383      -5.629      -7.831      -8.993     -11.304     -15.549     -52.102     -78.294     -26.233     -51.922     -13.341     -21.435     -31.335     -39.036     -46.430     -55.311     -11.574       0.564      -6.380      -8.692     -15.741     -16.085     -19.868      -8.823     -16.274     -19.473     -22.716     -35.464      -5.052     -11.042      -5.572      -7.728     -13.142     -10.849     -17.558      -3.215      -4.855      -9.270     -20.107     -29.125      -3.719      -8.361       0.630      -4.644      -6.450      -6.125     -10.403      -4.577     -19.848      -0.351      -7.334     -12.483      -6.128      -6.264     -11.785     -14.865     -11.694     -13.940     -26.916     -20.412     -25.335     -20.669     -23.380     -21.864     -24.308     -33.275     -34.509     -45.918     -46.160     -59.006     -56.850     -72.209       0.877      -5.653      -1.109      -0.686      -8.601      -5.233      -8.482      -4.956     -13.181      -0.604     -10.274     -14.045       1.288      -5.800      -5.253     -13.128      -7.099     -12.707       0.508      -8.266     -12.212      -4.762      -3.400      -8.737      -3.802      -6.647      -2.522      -3.989       0.290      -4.432      -0.862      -8.667      -1.929      -9.280     -45.228      -6.429     -14.135     -17.927     -18.498     -17.975     -48.071      -9.295     -11.734      -8.508     -14.610      -9.264     -19.896     -48.100     -32.869     -19.468     -23.694     -38.924     -54.215     -70.470     -86.544     -13.376     -36.176     -21.671      -9.915     -35.117     -17.092     -59.237     -24.508     -32.850     -22.708     -10.486     -29.844     -35.925     -16.770     -58.634     -24.240     -32.359     -11.266     -14.324      -5.453     -34.145      -4.691     -13.122     -11.750     -17.621     -20.970     -17.464     -24.807     -30.586     -48.132      -8.503      -3.341     -10.696      -6.738     -53.021     -52.007      -3.245      -4.799     -11.386      -7.817     -11.432     -13.681     -12.588     -21.445     -22.877 
 46       6.280       5.261       1.777       1.981       2.709      -1.123       1.723       1.807      -1.457       1.660       0.289      -0.575      -0.412      -1.337       1.453      -0.209      -3.035      -6.051      -2.145      -3.602      -4.298      -0.317       5.074     -21.596      -2.524       1.198      -2.128     -13.904     -11.901      -7.244      -8.611      -4.833      -7.659      -4.841     -10.105     -15.979      -2.714     -15.953      -6.980      -7.209      -7.349     -10.229      -7.454      -3.806      -6.221      -8.203      -6.328       0.203       0.151       1.771      -1.367      -3.449      -0.230      -1.852      -0.061      -2.142       0.084      -1.219      -5.364      -2.121      -3.437      -2.970      -1.173      -4.723      -8.257      -4.192      -5.799      -4.565      -9.803      -1.295      -1.762      -1.586      -5.101      -3.652      -6.421      -6.040      -4.265      -6.053      -5.454      -0.631       2.779      -6.062      -3.594      -4.496      -1.975      -6.659      -7.244      -4.108      -4.437      -8.357      -0.784      -7.976      -5.916      -2.364      -3.238      -3.277      -6.241      -6.796     -10.172      -3.803      -7.432     -11.043      -8.560      -8.464      -6.373      -2.749      -3.522       0.178      -3.283      -2.594      -6.513      -8.221      -5.004      -3.830      -5.505      -4.553      -3.291      -5.082      -4.202      -4.912      -5.988     -10.260     -13.008     -11.020      -8.917      -5.851      -6.198      -5.701      -8.662      -8.245     -10.508      -7.335     -16.346     -10.426      -4.320      -5.973      -2.656      -5.641      -6.418      -7.513      -7.925     -12.508     -11.438      -8.093      -5.893      -6.409      -5.984      -8.536      -9.707      -7.128      -6.711     -14.056     -22.639     -11.123     -14.555     -22.739     -23.371     -10.655     -14.252     -17.181     -22.918     -40.940      -5.462      -7.380      -9.483      -9.201     -57.837     -56.784     -10.210     -15.204      -5.825     -18.578     -35.852      -9.179      -7.929     -15.288     -35.818     -18.917     -25.721     -35.997     -36.538     -10.219      -9.209     -15.298     -18.787     -26.001     -36.246     -44.014     -91.572      -8.224     -27.931      -8.367     -11.240     -28.023      -1.375      -6.490      -1.569      -5.125      -1.280     -19.948     -19.985     -20.425      -4.393      -2.870     -12.424     -12.932      -5.337     -10.441      -8.649      -5.325      -7.854      -6.742      -5.526      -2.599      -9.100      -8.814     -19.441     -40.634     -62.973     -21.787     -35.810     -41.905     -62.809      -2.487     -11.423     -12.447      -3.964      -9.920     -16.909     -31.228      -5.040      -9.195     -27.688      -6.662      -4.279      -6.594     -12.239     -12.781     -18.739     -17.088     -42.873     -13.999     -14.633      -5.738     -11.530     -11.419     -11.174     -14.037     -30.262     -36.062     -32.860     -36.701     -30.984     -63.908     -65.472     -27.603     -27.630      -8.413     -13.426     -11.443     -19.765     -12.573     -14.349     -23.751      -7.751     -14.803      -8.133     -32.398     -13.812     -19.312     -29.302     -13.253     -26.375     -17.751     -17.481     -20.013     -25.668     -25.651     -30.498     -17.491     -13.613     -16.188     -31.696     -24.055     -25.644     -32.837     -27.392     -35.322     -22.716     -24.591     -38.271     -36.896     -32.537     -33.772     -50.641     -58.782      -6.340      -9.562     -16.391      -7.047     -10.056     -27.899     -13.024     -12.409     -20.532     -29.051     -12.637     -18.856     -14.694     -15.398      -7.768     -15.379     -14.091     -18.489     -31.071     -13.918     -19.273     -26.163     -26.080     -28.186     -21.210     -23.904     -17.664     -20.727     -28.450     -30.617     -17.271     -18.579     -26.393     -25.852     -13.275     -15.285     -24.363     -24.383     -26.466     -31.769     -39.571     -31.998     -26.597     -35.099     -29.617     -21.471     -23.123     -38.477     -38.663     -52.866     -41.006     -30.704     -32.991     -50.555     -48.195     -54.062     -62.569     -66.569     -74.881     -99.000     -11.103      -5.327      -8.840      -4.234      -4.535     -10.285     -10.323     -18.087      -7.155      -5.106     -29.457     -10.690      -1.478      -7.936     -26.131       0.655     -25.966      -4.114      -1.962      -3.250      -7.129     -13.282      -7.971     -43.197      -3.269      -8.182     -16.921      -8.631      -7.397      -7.378     -21.395     -29.682     -36.506      -8.355     -39.975     -10.172      -7.940      -7.468      -5.761      -8.045      -9.187     -11.236     -15.706     -52.751     -79.078     -26.358     -52.155     -13.365     -21.476     -31.406     -39.127     -46.531     -55.437     -11.612       0.638      -6.290      -8.607     -15.723     -16.076     -19.941      -8.717     -16.242     -19.532     -22.868     -35.626      -5.070     -11.090      -5.467      -7.783     -13.241     -10.914     -17.634      -2.754      -4.538      -8.903     -19.707     -28.773      -3.516      -8.311       0.688      -4.691      -6.141      -6.028     -10.205      -4.523     -19.671      -0.262      -7.264     -12.006      -6.014      -6.143     -11.582     -14.766     -11.451     -13.832     -26.825     -20.183     -25.262     -20.492     -23.321     -21.612     -24.170     -33.012     -34.378     -45.553     -45.963     -58.610     -56.662     -71.948       1.024      -5.538      -0.783      -0.554      -8.543      -5.179      -8.400      -4.890     -12.575      -0.550     -10.167     -13.975       1.417      -5.410      -5.062     -13.104      -7.031     -12.487       0.562      -8.180     -12.162      -4.417      -3.269      -8.639      -3.565      -6.523      -2.287      -3.899       0.464      -4.321      -0.788      -8.599      -1.846      -9.212     -45.479      -6.227     -13.969     -18.004     -18.582     -18.048     -48.115      -9.355     -11.649      -8.514     -14.805      -9.218     -19.822     -48.265     -33.075     -19.550     -23.860     -39.285     -54.737     -71.152     -87.394     -13.140     -36.343     -21.683     -10.012     -35.306     -17.264     -59.540     -24.747     -33.156     -22.676     -10.549     -29.804     -36.077     -16.918     -58.881     -24.442     -32.624     -11.359     -14.235      -5.495     -34.392      -4.635     -13.043     -11.730     -17.635     -21.051     -17.420     -24.919     -30.706     -48.457      -8.741      -3.257     -10.628      -6.650     -53.042     -52.170      -3.247      -4.835     -11.217      -7.515     -11.214     -13.515     -12.408     -21.094     -22.510 
 47       6.340       5.314       2.026       2.072       2.796      -1.116       1.735       1.856      -1.348       1.688       0.292      -0.589      -0.413      -1.354       1.507      -0.151      -3.004      -6.049      -2.154      -3.611      -4.247      -0.263       5.064     -21.624      -2.196       1.108      -2.099     -13.738     -11.913      -7.230      -8.652      -4.824      -7.700      -4.856     -10.060     -15.960      -2.394     -15.346      -6.446      -6.965      -7.089     -10.075      -7.304      -3.653      -5.912      -8.213      -6.286       0.412       0.207       1.789      -1.366      -3.442      -0.218      -1.874      -0.040      -2.115       0.091      -1.230      -5.332      -2.147      -3.459      -2.973      -1.130      -4.388      -8.074      -3.790      -5.476      -4.281      -9.459      -1.167      -1.679      -1.443      -4.899      -3.455      -6.176      -5.774      -4.206      -5.975      -5.416      -0.505       2.806      -5.861      -3.423      -4.367      -1.878      -6.451      -6.830      -3.795      -4.329      -8.179      -0.790      -7.866      -5.904      -2.379      -3.295      -3.275      -6.190      -6.875     -10.212      -3.652      -7.250     -11.051      -8.536      -8.335      -6.360      -2.744      -3.573       0.083      -3.317      -2.603      -6.449      -8.185      -5.032      -3.961      -5.618      -4.611      -3.303      -5.236      -4.082      -4.814      -5.813     -10.219     -13.065     -11.027      -8.939      -5.865      -6.279      -5.703      -8.631      -8.183     -10.514      -7.399     -16.368     -10.405      -4.332      -6.017      -2.733      -5.669      -6.466      -7.609      -7.981     -12.587     -11.443      -8.147      -5.915      -6.492      -5.987      -8.519      -9.744      -7.207      -6.714     -14.177     -22.812     -11.270     -14.680     -22.915     -23.553     -10.805     -14.368     -17.390     -23.087     -41.212      -5.594      -7.448      -9.676      -9.282     -58.213     -57.160     -10.413     -15.460      -5.678     -18.527     -35.717      -9.109      -7.866     -15.126     -35.685     -18.869     -25.581     -35.869     -36.418     -10.120      -9.114     -15.134     -18.733     -25.828     -36.113     -43.818     -91.319      -8.064     -27.844      -8.205     -11.204     -27.916      -1.337      -6.505      -1.503      -5.077      -1.137     -19.888     -19.910     -20.341      -4.375      -2.798     -12.391     -12.879      -5.329     -10.413      -8.643      -5.261      -7.731      -6.648      -5.525      -2.631      -9.068      -8.768     -19.237     -40.440     -62.754     -21.511     -35.631     -41.643     -62.561      -2.261     -11.246     -12.233      -3.808      -9.826     -16.825     -31.207      -4.832      -9.096     -27.719      -6.469      -4.086      -6.235     -12.086     -12.319     -18.474     -16.571     -42.825     -14.154     -14.756      -5.851     -11.745     -11.491     -11.074     -14.122     -30.298     -35.909     -32.955     -36.464     -31.144     -63.511     -65.319     -27.497     -27.531      -8.405     -13.529     -11.434     -19.751     -12.763     -14.268     -23.627      -7.712     -14.812      -8.223     -32.497     -13.895     -19.437     -29.424     -13.345     -26.534     -17.670     -17.398     -20.263     -25.552     -25.523     -30.540     -17.478     -13.696     -16.361     -31.846     -24.150     -25.789     -32.941     -27.440     -35.416     -22.832     -24.828     -38.472     -37.117     -32.700     -34.046     -50.652     -58.990      -6.367      -9.680     -16.549      -7.047      -9.994     -27.999     -13.130     -12.374     -20.489     -28.954     -12.816     -18.638     -14.573     -15.429      -7.858     -15.406     -14.091     -18.621     -31.135     -13.984     -19.137     -26.058     -25.972     -28.298     -21.021     -23.894     -17.826     -20.958     -28.242     -30.648     -17.280     -18.520     -26.364     -25.841     -13.350     -15.459     -24.429     -24.539     -26.458     -31.592     -39.382     -32.110     -26.646     -35.181     -29.524     -21.594     -23.354     -38.462     -38.848     -52.601     -40.894     -30.885     -33.235     -50.534     -48.240     -53.899     -62.545     -66.405     -74.848     -99.000     -11.259      -5.346      -8.893      -4.300      -4.544     -10.325     -10.362     -18.124      -7.224      -5.083     -29.609     -10.854      -1.479      -7.974     -26.321       0.589     -26.132      -4.131      -2.005      -3.322      -7.171     -13.354      -8.052     -43.447      -3.264      -8.191     -16.899      -8.719      -7.455      -7.426     -21.413     -29.696     -36.505      -8.368     -40.260     -10.222      -8.041      -7.549      -5.894      -8.264      -9.388     -11.153     -15.864     -53.401     -79.851     -26.497     -52.411     -13.395     -21.527     -31.491     -39.235     -46.650     -55.584     -11.665       0.712      -6.207      -8.525     -15.717     -16.076     -20.030      -8.618     -16.225     -19.615     -23.043     -35.829      -5.092     -11.147      -5.358      -7.843     -13.344     -10.987     -17.715      -2.294      -4.229      -8.545     -19.323     -28.445      -3.319      -8.271       0.744      -4.741      -5.823      -5.937     -10.004      -4.472     -19.494      -0.174      -7.203     -11.518      -5.907      -6.034     -11.380     -14.676     -11.208     -13.733     -26.752     -19.968     -25.209     -20.325     -23.279     -21.366     -24.046     -32.762     -34.269     -45.204     -45.792     -58.237     -56.508     -71.726       1.172      -5.430      -0.448      -0.424      -8.483      -5.128      -8.317      -4.824     -11.952      -0.497     -10.064     -13.906       1.543      -5.019      -4.879     -13.085      -6.987     -12.277       0.616      -8.099     -12.115      -4.055      -3.132      -8.532      -3.321      -6.401      -2.044      -3.812       0.640      -4.213      -0.717      -8.539      -1.765      -9.153     -45.775      -6.020     -13.800     -18.096     -18.676     -18.140     -48.189      -9.419     -11.561      -8.529     -15.005      -9.187     -19.752     -48.450     -33.302     -19.635     -24.028     -39.653     -55.269     -71.847     -88.259     -12.930     -36.534     -21.698     -10.122     -35.515     -17.455     -59.874     -25.010     -33.491     -22.650     -10.629     -29.784     -36.258     -17.093     -59.170     -24.680     -32.933     -11.458     -14.144      -5.549     -34.653      -4.581     -12.970     -11.725     -17.661     -21.139     -17.379     -25.040     -30.831     -48.786      -8.988      -3.176     -10.569      -6.582     -53.166     -52.376      -3.258      -4.885     -11.081      -7.253     -11.028     -13.384     -12.262     -20.800     -22.202 
 48       6.399       5.366       2.263       2.154       2.890      -1.114       1.736       1.902      -1.243       1.707       0.288      -0.609      -0.423      -1.380       1.561      -0.093      -2.978      -6.052      -2.172      -3.628      -4.198      -0.210       5.048     -21.664      -1.897       0.990      -2.060     -13.582     -11.936      -7.236      -8.710      -4.825      -7.750      -4.875     -10.020     -15.953      -2.065     -14.719      -5.932      -6.734      -6.807      -9.918      -7.152      -3.505      -5.636      -8.232      -6.249       0.605       0.250       1.809      -1.376      -3.444      -0.219      -1.908      -0.027      -2.092       0.093      -1.246      -5.307      -2.183      -3.493      -2.989      -1.098      -4.043      -7.887      -3.394      -5.153      -3.983      -9.111      -1.044      -1.599      -1.300      -4.691      -3.253      -5.925      -5.525      -4.146      -5.907      -5.386      -0.407       2.817      -5.683      -3.273      -4.256      -1.802      -6.260      -6.431      -3.483      -4.253      -8.022      -0.805      -7.773      -5.912      -2.413      -3.369      -3.287      -6.152      -6.978     -10.276      -3.499      -7.073     -11.061      -8.508      -8.205      -6.348      -2.747      -3.628      -0.017      -3.351      -2.611      -6.381      -8.149      -5.061      -4.099      -5.738      -4.676      -3.320      -5.400      -3.956      -4.709      -5.628     -10.186     -13.138     -11.046      -8.975      -5.899      -6.378      -5.718      -8.609      -8.130     -10.534      -7.479     -16.403     -10.390      -4.359      -6.072      -2.821      -5.704      -6.524      -7.720      -8.052     -12.678     -11.454      -8.211      -5.953      -6.588      -5.998      -8.507      -9.791      -7.298      -6.730     -14.321     -23.016     -11.427     -14.823     -23.119     -23.756     -10.970     -14.512     -17.624     -23.293     -41.539      -5.736      -7.525      -9.876      -9.364     -58.633     -57.612     -10.633     -15.730      -5.553     -18.501     -35.626      -9.073      -7.820     -14.984     -35.590     -18.842     -25.466     -35.774     -36.326     -10.058      -9.040     -15.001     -18.709     -25.695     -36.028     -43.663     -91.143      -7.926     -27.786      -8.068     -11.194     -27.853      -1.334      -6.553      -1.455      -5.054      -1.016     -19.859     -19.871     -20.297      -4.379      -2.754     -12.389     -12.862      -5.354     -10.423      -8.674      -5.223      -7.648      -6.596      -5.544      -2.676      -9.060      -8.752     -19.073     -40.291     -62.586     -21.283     -35.524     -41.446     -62.393      -2.072     -11.111     -12.064      -3.694      -9.782     -16.787     -31.263      -4.670      -9.060     -27.829      -6.316      -3.924      -5.926     -11.979     -11.923     -18.307     -16.141     -42.863     -14.326     -14.906      -5.973     -11.971     -11.579     -10.980     -14.232     -30.339     -35.747     -33.071     -36.245     -31.341     -63.142     -65.206     -27.430     -27.466      -8.399     -13.653     -11.435     -19.742     -12.965     -14.178     -23.488      -7.677     -14.829      -8.327     -32.611     -13.996     -19.583     -29.566     -13.457     -26.715     -17.588     -17.313     -20.530     -25.429     -25.387     -30.581     -17.473     -13.793     -16.554     -32.023     -24.266     -25.957     -33.055     -27.501     -35.526     -22.967     -25.089     -38.710     -37.379     -32.886     -34.348     -50.679     -59.242      -6.417      -9.803     -16.708      -7.065      -9.935     -28.101     -13.263     -12.354     -20.456     -28.861     -13.014     -18.411     -14.446     -15.475      -7.967     -15.460     -14.113     -18.785     -31.229     -14.080     -19.025     -25.991     -25.900     -28.441     -20.837     -23.897     -18.010     -21.216     -28.032     -30.688     -17.307     -18.477     -26.354     -25.851     -13.450     -15.663     -24.532     -24.732     -26.482     -31.444     -39.218     -32.248     -26.723     -35.296     -29.454     -21.752     -23.625     -38.491     -39.093     -52.383     -40.814     -31.109     -33.527     -50.567     -48.329     -53.772     -62.586     -66.286     -74.889     -99.000     -11.427      -5.377      -8.951      -4.378      -4.565     -10.373     -10.409     -18.163      -7.298      -5.052     -29.773     -11.032      -1.498      -8.044     -26.526       0.519     -26.292      -4.157      -2.057      -3.418      -7.226     -13.464      -8.154     -43.701      -3.283      -8.203     -16.873      -8.832      -7.536      -7.496     -21.441     -29.715     -36.503      -8.417     -40.550     -10.274      -8.138      -7.627      -6.028      -8.490      -9.595     -11.053     -16.024     -54.054     -80.611     -26.651     -52.694     -13.433     -21.589     -31.591     -39.361     -46.789     -55.755     -11.736       0.784      -6.132      -8.447     -15.726     -16.085     -20.138      -8.527     -16.228     -19.728     -23.246     -36.082      -5.115     -11.215      -5.244      -7.912     -13.451     -11.068     -17.799      -1.835      -3.934      -8.201     -18.959     -28.147      -3.131      -8.243       0.799      -4.794      -5.493      -5.852      -9.797      -4.426     -19.316      -0.090      -7.154     -11.019      -5.807      -5.937     -11.178     -14.597     -10.963     -13.643     -26.702     -19.769     -25.178     -20.167     -23.259     -21.127     -23.940     -32.527     -34.187     -44.875     -45.652     -57.890     -56.393     -71.549       1.318      -5.332      -0.101      -0.296      -8.422      -5.081      -8.230      -4.757     -11.306      -0.445      -9.966     -13.838       1.666      -4.622      -4.706     -13.072      -6.969     -12.076       0.669      -8.024     -12.070      -3.673      -2.989      -8.416      -3.068      -6.281      -1.792      -3.727       0.821      -4.110      -0.648      -8.489      -1.686      -9.105     -46.127      -5.805     -13.627     -18.205     -18.783     -18.254     -48.298      -9.486     -11.467      -8.554     -15.212      -9.169     -19.687     -48.660     -33.554     -19.727     -24.199     -40.029     -55.814     -72.559     -89.145     -12.759     -36.754     -21.718     -10.249     -35.748     -17.668     -60.246     -25.300     -33.858     -22.633     -10.729     -29.788     -36.472     -17.300     -59.510     -24.960     -33.295     -11.565     -14.050      -5.618     -34.930      -4.526     -12.903     -11.739     -17.702     -21.238     -17.341     -25.171     -30.961     -49.121      -9.243      -3.099     -10.522      -6.542     -53.423     -52.636      -3.282      -4.952     -10.989      -7.047     -10.886     -13.301     -12.161     -20.587     -21.973 
 49       6.438       5.401       2.412       2.204       2.957      -1.116       1.730       1.930      -1.176       1.715       0.281      -0.627      -0.435      -1.403       1.597      -0.055      -2.963      -6.058      -2.190      -3.646      -4.166      -0.176       5.034     -21.697      -1.719       0.896      -2.028     -13.485     -11.959      -7.253      -8.758      -4.833      -7.786      -4.892      -9.995     -15.955      -1.840     -14.287      -5.604      -6.585      -6.605      -9.811      -7.048      -3.408      -5.476      -8.251      -6.227       0.722       0.271       1.824      -1.390      -3.451      -0.230      -1.937      -0.024      -2.080       0.092      -1.261      -5.296      -2.214      -3.524      -3.008      -1.085      -3.806      -7.760      -3.135      -4.936      -3.774      -8.876      -0.967      -1.549      -1.205      -4.549      -3.114      -5.753      -5.372      -4.107      -5.868      -5.370      -0.361       2.813      -5.579      -3.187      -4.196      -1.764      -6.144      -6.175      -3.278      -4.224      -7.931      -0.819      -7.721      -5.928      -2.446      -3.428      -3.304      -6.134      -7.061     -10.332      -3.396      -6.957     -11.070      -8.489      -8.118      -6.341      -2.754      -3.669      -0.087      -3.373      -2.615      -6.333      -8.126      -5.083      -4.198      -5.824      -4.725      -3.337      -5.518      -3.869      -4.633      -5.497     -10.171     -13.197     -11.066      -9.009      -5.934      -6.456      -5.737      -8.601      -8.100     -10.557      -7.544     -16.435     -10.383      -4.386      -6.117      -2.887      -5.731      -6.569      -7.804      -8.108     -12.745     -11.466      -8.261      -5.988      -6.661      -6.011      -8.502      -9.829      -7.366      -6.749     -14.431     -23.173     -11.540     -14.929     -23.272     -23.905     -11.091     -14.625     -17.797     -23.454     -41.791      -5.837      -7.582     -10.016      -9.420     -58.942     -57.962     -10.791     -15.922      -5.487     -18.501     -35.594      -9.070      -7.801     -14.904     -35.552     -18.839     -25.405     -35.732     -36.283     -10.041      -9.006     -14.934     -18.715     -25.633     -36.004     -43.588     -91.077      -7.849     -27.767      -7.995     -11.206     -27.841      -1.354      -6.605      -1.436      -5.055      -0.951     -19.860     -19.868     -20.294      -4.397      -2.743     -12.409     -12.875      -5.393     -10.454      -8.721      -5.216      -7.618      -6.587      -5.569      -2.716      -9.072      -8.761     -18.991     -40.224     -62.509     -21.164     -35.499     -41.358     -62.336      -1.971     -11.049     -11.982      -3.648      -9.787     -16.794     -31.350      -4.593      -9.076     -27.953      -6.242      -3.838      -5.755     -11.944     -11.707     -18.261     -15.915     -42.956     -14.453     -15.023      -6.061     -12.129     -11.648     -10.921     -14.322     -30.371     -35.636     -33.161     -36.111     -31.497     -62.915     -65.156     -27.412     -27.445      -8.395     -13.749     -11.442     -19.740     -13.110     -14.113     -23.388      -7.656     -14.845      -8.406     -32.698     -14.076     -19.694     -29.674     -13.546     -26.850     -17.533     -17.256     -20.721     -25.343     -25.292     -30.610     -17.475     -13.866     -16.695     -32.159     -24.357     -26.082     -33.137     -27.550     -35.610     -23.068     -25.280     -38.893     -37.581     -33.024     -34.568     -50.708     -59.438      -6.464      -9.889     -16.817      -7.089      -9.899     -28.173     -13.369     -12.349     -20.441     -28.802     -13.158     -18.255     -14.359     -15.514      -8.052     -15.514     -14.142     -18.915     -31.311     -14.164     -18.964     -25.967     -25.874     -28.557     -20.717     -23.908     -18.148     -21.408     -27.893     -30.723     -17.338     -18.460     -26.361     -25.871     -13.532     -15.818     -24.624     -24.886     -26.520     -31.364     -39.124     -32.357     -26.793     -35.393     -29.423     -21.879     -23.832     -38.537     -39.297     -52.266     -40.780     -31.287     -33.754     -50.623     -48.417     -53.711     -62.653     -66.235     -74.964     -99.000     -11.548      -5.407      -8.994      -4.438      -4.585     -10.410     -10.445     -18.192      -7.353      -5.028     -29.893     -11.160      -1.521      -8.109     -26.673       0.469     -26.399      -4.181      -2.099      -3.496      -7.271     -13.561      -8.235     -43.876      -3.310      -8.213     -16.856      -8.924      -7.604      -7.555     -21.467     -29.732     -36.505      -8.471     -40.750     -10.311      -8.203      -7.678      -6.119      -8.646      -9.739     -10.978     -16.136     -54.495     -81.117     -26.764     -52.899     -13.464     -21.637     -31.667     -39.456     -46.895     -55.885     -11.796       0.832      -6.088      -8.397     -15.742     -16.097     -20.223      -8.472     -16.243     -19.823     -23.400     -36.283      -5.134     -11.269      -5.166      -7.964     -13.527     -11.129     -17.860      -1.530      -3.747      -7.980     -18.730     -27.969      -3.013      -8.237       0.836      -4.832      -5.266      -5.800      -9.656      -4.399     -19.195      -0.035      -7.128     -10.677      -5.746      -5.880     -11.043     -14.552     -10.798     -13.591     -26.683     -19.647     -25.173     -20.067     -23.258     -20.971     -23.881     -32.379     -34.148     -44.667     -45.580     -57.675     -56.343     -71.461       1.414      -5.273       0.139      -0.212      -8.381      -5.054      -8.172      -4.712     -10.859      -0.410      -9.905     -13.796       1.745      -4.353      -4.595     -13.068      -6.973     -11.947       0.705      -7.978     -12.042      -3.405      -2.891      -8.334      -2.893      -6.202      -1.617      -3.672       0.945      -4.045      -0.603      -8.462      -1.636      -9.080     -46.397      -5.658     -13.509     -18.289     -18.863     -18.345     -48.395      -9.534     -11.403      -8.578     -15.355      -9.166     -19.647     -48.815     -33.740     -19.792     -24.317     -40.289     -56.190     -73.050     -89.757     -12.672     -36.919     -21.735     -10.344     -35.920     -17.823     -60.518     -25.511     -34.124     -22.627     -10.809     -29.807     -36.637     -17.458     -59.770     -25.173     -33.570     -11.641     -13.987      -5.673     -35.128      -4.490     -12.863     -11.758     -17.739     -21.311     -17.319     -25.267     -31.055     -49.352      -9.420      -3.049     -10.498      -6.533     -53.683     -52.845      -3.305      -5.006     -10.958      -6.949     -10.822     -13.279     -12.124     -20.500     -21.877 
 50       6.477       5.436       2.553       2.251       3.027      -1.122       1.717       1.956      -1.111       1.716       0.270      -0.647      -0.452      -1.429       1.633      -0.017      -2.950      -6.067      -2.212      -3.669      -4.136      -0.141       5.017     -21.738      -1.562       0.789      -1.994     -13.394     -11.988      -7.283      -8.816      -4.848      -7.827      -4.911      -9.972     -15.965      -1.609     -13.843      -5.291      -6.440      -6.395      -9.702      -6.942      -3.314      -5.340      -8.275      -6.209       0.829       0.287       1.839      -1.410      -3.463      -0.248      -1.973      -0.025      -2.070       0.088      -1.279      -5.289      -2.250      -3.561      -3.033      -1.079      -3.563      -7.631      -2.881      -4.717      -3.558      -8.637      -0.893      -1.500      -1.110      -4.405      -2.973      -5.577      -5.230      -4.070      -5.835      -5.359      -0.330       2.797      -5.489      -3.115      -4.149      -1.741      -6.039      -5.927      -3.078      -4.214      -7.855      -0.838      -7.676      -5.954      -2.489      -3.495      -3.327      -6.123      -7.157     -10.400      -3.292      -6.842     -11.081      -8.470      -8.032      -6.336      -2.767      -3.713      -0.161      -3.397      -2.620      -6.285      -8.104      -5.107      -4.302      -5.917      -4.779      -3.359      -5.642      -3.781      -4.554      -5.361     -10.163     -13.265     -11.094      -9.051      -5.982      -6.544      -5.765      -8.598      -8.075     -10.587      -7.618     -16.474     -10.379      -4.421      -6.167      -2.959      -5.761      -6.621      -7.895      -8.173     -12.819     -11.481      -8.316      -6.032      -6.740      -6.029      -8.499      -9.872      -7.441      -6.777     -14.553     -23.348     -11.660     -15.044     -23.440     -24.067     -11.224     -14.754     -17.987     -23.636     -42.075      -5.947      -7.646     -10.163      -9.480     -59.274     -58.354     -10.961     -16.124      -5.435     -18.520     -35.588      -9.086      -7.796     -14.838     -35.537     -18.850     -25.360     -35.711     -36.258     -10.045      -8.988     -14.886     -18.742     -25.594     -36.009     -43.541     -91.058      -7.785     -27.766      -7.938     -11.236     -27.856      -1.394      -6.678      -1.429      -5.072      -0.899     -19.880     -19.886     -20.317      -4.431      -2.749     -12.448     -12.910      -5.452     -10.506      -8.789      -5.225      -7.610      -6.600      -5.609      -2.769      -9.100      -8.791     -18.936     -40.186     -62.463     -21.076     -35.518     -41.311     -62.328      -1.895     -11.014     -11.930      -3.628      -9.824     -16.833     -31.481      -4.545      -9.128     -28.122      -6.195      -3.774      -5.619     -11.945     -11.537     -18.276     -15.747     -43.117     -14.589     -15.155      -6.156     -12.297     -11.727     -10.865     -14.428     -30.409     -35.525     -33.265     -35.988     -31.675     -62.704     -65.128     -27.417     -27.446      -8.394     -13.857     -11.454     -19.743     -13.263     -14.047     -23.284      -7.636     -14.866      -8.492     -32.794     -14.166     -19.818     -29.795     -13.646     -26.998     -17.478     -17.200     -20.923     -25.255     -25.195     -30.643     -17.480     -13.948     -16.847     -32.310     -24.462     -26.220     -33.227     -27.605     -35.703     -23.179     -25.484     -39.100     -37.806     -33.175     -34.804     -50.745     -59.660      -6.523      -9.981     -16.932      -7.124      -9.867     -28.252     -13.489     -12.353     -20.433     -28.747     -13.314     -18.098     -14.273     -15.562      -8.148     -15.584     -14.183     -19.063     -31.409     -14.265     -18.915     -25.961     -25.865     -28.691     -20.603     -23.929     -18.302     -21.616     -27.758     -30.767     -17.379     -18.451     -26.379     -25.902     -13.629     -15.991     -24.737     -25.062     -26.575     -31.299     -39.045     -32.483     -26.878     -35.509     -29.404     -22.025     -24.061     -38.607     -39.536     -52.172     -40.763     -31.491     -34.008     -50.708     -48.530     -53.670     -62.757     -66.209     -75.081     -99.000     -11.680      -5.445      -9.042      -4.508      -4.612     -10.452     -10.487     -18.225      -7.413      -5.004     -30.024     -11.300      -1.552      -8.189     -26.832       0.416     -26.510      -4.210      -2.145      -3.585      -7.321     -13.676      -8.328     -44.059      -3.349      -8.228     -16.840      -9.031      -7.684      -7.624     -21.501     -29.756     -36.512      -8.541     -40.959     -10.351      -8.269      -7.730      -6.215      -8.810      -9.890     -10.899     -16.255     -54.948     -81.633     -26.885     -53.119     -13.498     -21.691     -31.751     -39.561     -47.012     -56.027     -11.868       0.879      -6.047      -8.348     -15.764     -16.114     -20.319      -8.421     -16.267     -19.935     -23.573     -36.512      -5.155     -11.330      -5.087      -8.022     -13.610     -11.196     -17.926      -1.228      -3.569      -7.769     -18.515     -27.809      -2.904      -8.244       0.873      -4.873      -5.031      -5.751      -9.511      -4.373     -19.074       0.020      -7.109     -10.328      -5.689      -5.832     -10.908     -14.513     -10.632     -13.544     -26.678     -19.535     -25.182     -19.973     -23.270     -20.819     -23.832     -32.239     -34.125     -44.469     -45.526     -57.474     -56.316     -71.399       1.509      -5.221       0.386      -0.129      -8.340      -5.031      -8.113      -4.667     -10.400      -0.375      -9.847     -13.756       1.822      -4.080      -4.489     -13.069      -6.988     -11.820       0.740      -7.936     -12.019      -3.127      -2.791      -8.250      -2.712      -6.125      -1.437      -3.619       1.070      -3.982      -0.559      -8.441      -1.586      -9.061     -46.698      -5.506     -13.388     -18.383     -18.949     -18.450     -48.512      -9.587     -11.337      -8.607     -15.506      -9.170     -19.611     -48.984     -33.944     -19.862     -24.441     -40.560     -56.582     -73.562     -90.393     -12.610     -37.101     -21.757     -10.447     -36.105     -17.990     -60.810     -25.736     -34.406     -22.629     -10.900     -29.840     -36.822     -17.634     -60.059     -25.410     -33.874     -11.724     -13.923      -5.736     -35.339      -4.454     -12.827     -11.786     -17.784     -21.392     -17.300     -25.371     -31.155     -49.594      -9.606      -3.000     -10.480      -6.541     -54.023     -53.085      -3.335      -5.070     -10.956      -6.889     -10.786     -13.289     -12.117     -20.467     -21.835 
 51       6.515       5.471       2.683       2.295       3.098      -1.130       1.696       1.978      -1.048       1.711       0.254      -0.671      -0.474      -1.461       1.669       0.021      -2.939      -6.079      -2.240      -3.696      -4.107      -0.106       4.996     -21.785      -1.429       0.671      -1.960     -13.310     -12.023      -7.327      -8.883      -4.872      -7.872      -4.933      -9.951     -15.980      -1.373     -13.387      -4.997      -6.296      -6.178      -9.591      -6.833      -3.221      -5.230      -8.304      -6.194       0.922       0.297       1.851      -1.436      -3.479      -0.276      -2.015      -0.031      -2.063       0.081      -1.301      -5.286      -2.293      -3.606      -3.066      -1.082      -3.312      -7.501      -2.634      -4.495      -3.336      -8.396      -0.824      -1.454      -1.015      -4.256      -2.828      -5.396      -5.102      -4.035      -5.809      -5.352      -0.317       2.765      -5.416      -3.058      -4.115      -1.732      -5.947      -5.689      -2.885      -4.224      -7.794      -0.862      -7.638      -5.988      -2.540      -3.570      -3.356      -6.116      -7.265     -10.478      -3.188      -6.727     -11.096      -8.454      -7.949      -6.334      -2.788      -3.763      -0.243      -3.424      -2.627      -6.238      -8.085      -5.135      -4.415      -6.018      -4.842      -3.390      -5.776      -3.693      -4.474      -5.222     -10.165     -13.342     -11.129      -9.101      -6.042      -6.643      -5.801      -8.601      -8.054     -10.625      -7.702     -16.520     -10.378      -4.467      -6.224      -3.039      -5.795      -6.678      -7.995      -8.247     -12.900     -11.501      -8.378      -6.085      -6.827      -6.053      -8.499      -9.920      -7.523      -6.814     -14.689     -23.542     -11.789     -15.170     -23.623     -24.241     -11.368     -14.899     -18.196     -23.841     -42.391      -6.065      -7.717     -10.322      -9.546     -59.630     -58.792     -11.144     -16.341      -5.400     -18.560     -35.610      -9.122      -7.807     -14.787     -35.547     -18.879     -25.332     -35.712     -36.251     -10.073      -8.989     -14.860     -18.793     -25.583     -36.046     -43.524     -91.089      -7.738     -27.784      -7.900     -11.288     -27.900      -1.456      -6.774      -1.439      -5.107      -0.864     -19.920     -19.928     -20.365      -4.484      -2.773     -12.508     -12.969      -5.533     -10.581      -8.881      -5.254      -7.625      -6.637      -5.666      -2.840      -9.144      -8.843     -18.909     -40.180     -62.452     -21.023     -35.583     -41.308     -62.376      -1.846     -11.010     -11.910      -3.639      -9.897     -16.907     -31.657      -4.528      -9.218     -28.338      -6.179      -3.739      -5.521     -11.990     -11.419     -18.356     -15.646     -43.365     -14.734     -15.304      -6.258     -12.476     -11.815     -10.813     -14.549     -30.456     -35.419     -33.384     -35.875     -31.876     -62.510     -65.124     -27.449     -27.469      -8.396     -13.978     -11.472     -19.752     -13.427     -13.980     -23.180      -7.619     -14.890      -8.587     -32.902     -14.269     -19.954     -29.927     -13.758     -27.159     -17.425     -17.145     -21.138     -25.169     -25.100     -30.681     -17.490     -14.039     -17.009     -32.478     -24.580     -26.372     -33.325     -27.667     -35.805     -23.301     -25.702     -39.331     -38.057     -33.339     -35.056     -50.792     -59.910      -6.593     -10.083     -17.058      -7.172      -9.841     -28.342     -13.626     -12.366     -20.434     -28.702     -13.484     -17.942     -14.189     -15.618      -8.256     -15.672     -14.237     -19.232     -31.525     -14.384     -18.878     -25.972     -25.873     -28.844     -20.495     -23.961     -18.473     -21.844     -27.629     -30.824     -17.432     -18.452     -26.408     -25.946     -13.741     -16.181     -24.875     -25.261     -26.649     -31.250     -38.981     -32.627     -26.982     -35.643     -29.399     -22.193     -24.315     -38.702     -39.814     -52.102     -40.764     -31.721     -34.291     -50.825     -48.670     -53.652     -62.897     -66.210     -75.240     -99.000     -11.828      -5.492      -9.096      -4.588      -4.646     -10.503     -10.538     -18.267      -7.479      -4.981     -30.168     -11.455      -1.591      -8.282     -27.006       0.358     -26.630      -4.244      -2.197      -3.685      -7.379     -13.807      -8.433     -44.257      -3.401      -8.248     -16.831      -9.152      -7.774      -7.704     -21.546     -29.792     -36.531      -8.625     -41.184     -10.395      -8.340      -7.787      -6.319      -8.984     -10.052     -10.819     -16.388     -55.421     -82.173     -27.016     -53.353     -13.537     -21.751     -31.843     -39.676     -47.140     -56.183     -11.953       0.925      -6.012      -8.301     -15.796     -16.135     -20.426      -8.376     -16.304     -20.065     -23.765     -36.771      -5.182     -11.402      -5.008      -8.089     -13.703     -11.272     -18.001      -0.929      -3.403      -7.568     -18.314     -27.671      -2.805      -8.269       0.909      -4.919      -4.789      -5.707      -9.362      -4.351     -18.950       0.072      -7.097      -9.971      -5.637      -5.791     -10.774     -14.481     -10.465     -13.503     -26.686     -19.434     -25.204     -19.885     -23.295     -20.671     -23.794     -32.107     -34.118     -44.283     -45.491     -57.288     -56.313     -71.365       1.602      -5.177       0.641      -0.047      -8.301      -5.015      -8.056      -4.623      -9.926      -0.340      -9.793     -13.721       1.896      -3.801      -4.385     -13.077      -7.015     -11.697       0.776      -7.899     -12.000      -2.839      -2.691      -8.167      -2.525      -6.048      -1.250      -3.568       1.197      -3.924      -0.516      -8.426      -1.538      -9.048     -47.033      -5.351     -13.266     -18.489     -19.043     -18.568     -48.652      -9.645     -11.272      -8.642     -15.668      -9.181     -19.580     -49.169     -34.168     -19.941     -24.575     -40.849     -56.997     -74.104     -91.067     -12.578     -37.301     -21.784     -10.560     -36.304     -18.168     -61.124     -25.977     -34.707     -22.638     -11.003     -29.888     -37.026     -17.827     -60.379     -25.672     -34.209     -11.814     -13.860      -5.807     -35.566      -4.419     -12.795     -11.822     -17.837     -21.482     -17.287     -25.485     -31.265     -49.851      -9.803      -2.952     -10.468      -6.568     -54.453     -53.359      -3.373      -5.143     -10.986      -6.870     -10.783     -13.335     -12.142     -20.493     -21.852 
 52       6.554       5.506       2.802       2.337       3.169      -1.140       1.668       1.997      -0.988       1.698       0.234      -0.698      -0.502      -1.496       1.705       0.058      -2.931      -6.094      -2.273      -3.728      -4.080      -0.071       4.973     -21.838      -1.323       0.543      -1.930     -13.233     -12.064      -7.384      -8.958      -4.906      -7.921      -4.958      -9.932     -16.002      -1.131     -12.919      -4.723      -6.154      -5.959      -9.479      -6.723      -3.131      -5.150      -8.337      -6.183       1.001       0.303       1.861      -1.468      -3.500      -0.312      -2.063      -0.044      -2.057       0.072      -1.325      -5.286      -2.340      -3.658      -3.106      -1.094      -3.056      -7.370      -2.395      -4.271      -3.110      -8.152      -0.759      -1.409      -0.923      -4.105      -2.680      -5.211      -4.989      -4.005      -5.790      -5.348      -0.322       2.715      -5.360      -3.020      -4.098      -1.739      -5.869      -5.462      -2.703      -4.255      -7.750      -0.892      -7.607      -6.031      -2.601      -3.652      -3.391      -6.114      -7.384     -10.567      -3.086      -6.612     -11.116      -8.441      -7.870      -6.337      -2.820      -3.821      -0.333      -3.455      -2.637      -6.193      -8.070      -5.169      -4.536      -6.127      -4.914      -3.431      -5.920      -3.609      -4.393      -5.081     -10.179     -13.429     -11.172      -9.160      -6.116      -6.752      -5.848      -8.610      -8.038     -10.672      -7.795     -16.574     -10.382      -4.521      -6.288      -3.126      -5.832      -6.740      -8.104      -8.329     -12.986     -11.526      -8.444      -6.148      -6.921      -6.084      -8.502      -9.973      -7.611      -6.860     -14.838     -23.754     -11.928     -15.304     -23.822     -24.426     -11.527     -15.061     -18.424     -24.068     -42.738      -6.194      -7.798     -10.493      -9.623     -60.009     -59.274     -11.341     -16.575      -5.383     -18.623     -35.664      -9.179      -7.837     -14.753     -35.584     -18.930     -25.322     -35.735     -36.264     -10.124      -9.012     -14.858     -18.872     -25.599     -36.117     -43.543     -91.172      -7.707     -27.823      -7.881     -11.365     -27.976      -1.538      -6.894      -1.469      -5.160      -0.845     -19.982     -19.995     -20.442      -4.558      -2.818     -12.591     -13.053      -5.636     -10.680      -8.997      -5.305      -7.662      -6.697      -5.744      -2.931      -9.208      -8.919     -18.916     -40.210     -62.478     -21.009     -35.697     -41.354     -62.481      -1.828     -11.038     -11.927      -3.683     -10.007     -17.022     -31.881      -4.545      -9.348     -28.602      -6.197      -3.735      -5.467     -12.086     -11.359     -18.505     -15.619     -43.713     -14.889     -15.469      -6.369     -12.670     -11.912     -10.764     -14.686     -30.516     -35.322     -33.519     -35.774     -32.101     -62.335     -65.144     -27.508     -27.516      -8.403     -14.111     -11.498     -19.771     -13.602     -13.919     -23.082      -7.603     -14.919      -8.688     -33.023     -14.384     -20.103     -30.070     -13.882     -27.331     -17.375     -17.093     -21.368     -25.088     -25.009     -30.728     -17.503     -14.139     -17.182     -32.662     -24.712     -26.536     -33.432     -27.736     -35.915     -23.434     -25.934     -39.587     -38.333     -33.516     -35.323     -50.846     -60.187      -6.673     -10.198     -17.200      -7.233      -9.823     -28.448     -13.779     -12.389     -20.448     -28.670     -13.669     -17.792     -14.113     -15.683      -8.375     -15.778     -14.304     -19.421     -31.658     -14.523     -18.853     -26.000     -25.898     -29.014     -20.395     -24.007     -18.664     -22.094     -27.510     -30.897     -17.496     -18.464     -26.450     -26.001     -13.869     -16.388     -25.036     -25.485     -26.742     -31.217     -38.935     -32.792     -27.102     -35.796     -29.409     -22.384     -24.592     -38.823     -40.130     -52.055     -40.784     -31.980     -34.603     -50.972     -48.836     -53.655     -63.075     -66.239     -75.443     -99.000     -11.993      -5.549      -9.158      -4.681      -4.688     -10.564     -10.599     -18.322      -7.553      -4.964     -30.328     -11.628      -1.637      -8.387     -27.196       0.293     -26.766      -4.283      -2.254      -3.796      -7.442     -13.955      -8.551     -44.476      -3.464      -8.277     -16.832      -9.290      -7.874      -7.796     -21.607     -29.846     -36.570      -8.722     -41.430     -10.445      -8.419      -7.851      -6.434      -9.171     -10.227     -10.744     -16.540     -55.923     -82.753     -27.155     -53.603     -13.580     -21.816     -31.942     -39.800     -47.278     -56.351     -12.053       0.971      -5.982      -8.256     -15.835     -16.162     -20.544      -8.335     -16.352     -20.212     -23.979     -37.060      -5.214     -11.485      -4.931      -8.165     -13.807     -11.358     -18.089      -0.637      -3.248      -7.381     -18.131     -27.556      -2.721      -8.316       0.946      -4.970      -4.540      -5.668      -9.210      -4.330     -18.825       0.123      -7.091      -9.609      -5.590      -5.760     -10.640     -14.455     -10.297     -13.469     -26.707     -19.344     -25.240     -19.802     -23.332     -20.528     -23.766     -31.985     -34.127     -44.109     -45.475     -57.119     -56.335     -71.360       1.691      -5.141       0.903       0.033      -8.266      -5.007      -8.002      -4.583      -9.440      -0.305      -9.741     -13.692       1.967      -3.516      -4.284     -13.096      -7.051     -11.579       0.811      -7.864     -11.987      -2.545      -2.592      -8.089      -2.334      -5.973      -1.058      -3.518       1.324      -3.870      -0.474      -8.416      -1.491      -9.041     -47.399      -5.193     -13.142     -18.605     -19.145     -18.702     -48.814      -9.712     -11.211      -8.684     -15.844      -9.199     -19.554     -49.368     -34.414     -20.030     -24.724     -41.161     -57.445     -74.686     -91.790     -12.578     -37.515     -21.818     -10.680     -36.515     -18.358     -61.457     -26.231     -35.024     -22.658     -11.117     -29.951     -37.250     -18.039     -60.727     -25.958     -34.574     -11.912     -13.801      -5.886     -35.811      -4.383     -12.767     -11.865     -17.901     -21.582     -17.280     -25.609     -31.388     -50.132     -10.013      -2.906     -10.461      -6.614     -54.976     -53.669      -3.418      -5.226     -11.050      -6.898     -10.814     -13.420     -12.202     -20.583     -21.933 
 53       6.591       5.541       2.908       2.377       3.237      -1.153       1.633       2.010      -0.932       1.678       0.211      -0.728      -0.534      -1.535       1.740       0.096      -2.923      -6.111      -2.310      -3.763      -4.056      -0.037       4.946     -21.896      -1.245       0.405      -1.908     -13.163     -12.109      -7.454      -9.042      -4.951      -7.975      -4.986      -9.915     -16.028      -0.885     -12.439      -4.474      -6.013      -5.742      -9.366      -6.611      -3.042      -5.100      -8.375      -6.176       1.065       0.305       1.865      -1.507      -3.524      -0.358      -2.117      -0.064      -2.055       0.060      -1.353      -5.290      -2.393      -3.716      -3.153      -1.116      -2.793      -7.239      -2.166      -4.043      -2.883      -7.906      -0.701      -1.368      -0.834      -3.952      -2.529      -5.023      -4.891      -3.981      -5.778      -5.348      -0.346       2.643      -5.324      -3.002      -4.099      -1.764      -5.806      -5.246      -2.536      -4.307      -7.724      -0.931      -7.584      -6.081      -2.672      -3.741      -3.431      -6.116      -7.513     -10.664      -2.988      -6.498     -11.143      -8.436      -7.798      -6.347      -2.865      -3.887      -0.435      -3.492      -2.653      -6.152      -8.062      -5.210      -4.669      -6.248      -4.997      -3.486      -6.077      -3.532      -4.316      -4.941     -10.207     -13.524     -11.225      -9.227      -6.203      -6.872      -5.906      -8.625      -8.028     -10.726      -7.898     -16.634     -10.390      -4.586      -6.357      -3.222      -5.873      -6.809      -8.220      -8.421     -13.078     -11.556      -8.516      -6.221      -7.022      -6.121      -8.508     -10.032      -7.705      -6.917     -14.999     -23.986     -12.080     -15.448     -24.036     -24.624     -11.702     -15.239     -18.675     -24.318     -43.118      -6.336      -7.889     -10.683      -9.713     -60.413     -59.802     -11.554     -16.831      -5.384     -18.716     -35.749      -9.257      -7.889     -14.736     -35.650     -19.004     -25.332     -35.784     -36.298     -10.201      -9.061     -14.880     -18.983     -25.646     -36.225     -43.601     -91.311      -7.694     -27.885      -7.883     -11.471     -28.084      -1.644      -7.043      -1.521      -5.234      -0.845     -20.067     -20.089     -20.550      -4.659      -2.884     -12.698     -13.165      -5.764     -10.802      -9.137      -5.380      -7.722      -6.781      -5.844      -3.050      -9.291      -9.025     -18.957     -40.277     -62.544     -21.035     -35.863     -41.451     -62.649      -1.843     -11.102     -11.982      -3.764     -10.159     -17.183     -32.153      -4.598      -9.520     -28.915      -6.252      -3.767      -5.460     -12.242     -11.362     -18.730     -15.672     -44.180     -15.054     -15.649      -6.492     -12.884     -12.017     -10.719     -14.840     -30.594     -35.242     -33.675     -35.686     -32.353     -62.178     -65.190     -27.596     -27.589      -8.417     -14.260     -11.533     -19.804     -13.791     -13.865     -22.995      -7.590     -14.953      -8.798     -33.161     -14.513     -20.268     -30.223     -14.020     -27.514     -17.331     -17.047     -21.614     -25.016     -24.927     -30.789     -17.521     -14.250     -17.365     -32.865     -24.860     -26.716     -33.553     -27.812     -36.035     -23.581     -26.178     -39.872     -38.635     -33.708     -35.605     -50.910     -60.496      -6.764     -10.330     -17.364      -7.309      -9.814     -28.577     -13.951     -12.426     -20.479     -28.659     -13.872     -17.651     -14.048     -15.757      -8.505     -15.904     -14.384     -19.633     -31.807     -14.682     -18.839     -26.043     -25.938     -29.202     -20.306     -24.068     -18.879     -22.366     -27.405     -30.991     -17.573     -18.486     -26.504     -26.070     -14.016     -16.613     -25.224     -25.735     -26.854     -31.199     -38.909     -32.981     -27.241     -35.971     -29.434     -22.598     -24.894     -38.969     -40.486     -52.030     -40.824     -32.270     -34.944     -51.153     -49.032     -53.683     -63.293     -66.297     -75.692     -99.000     -12.183      -5.617      -9.229      -4.789      -4.740     -10.640     -10.675     -18.396      -7.637      -4.957     -30.507     -11.824      -1.690      -8.504     -27.406       0.220     -26.927      -4.328      -2.317      -3.916      -7.513     -14.118      -8.684     -44.723      -3.539      -8.318     -16.849      -9.445      -7.984      -7.901     -21.688     -29.924     -36.637      -8.831     -41.705     -10.504      -8.511      -7.928      -6.567      -9.375     -10.419     -10.680     -16.719     -56.469     -83.395     -27.305     -53.868     -13.627     -21.888     -32.051     -39.934     -47.428     -56.533     -12.173       1.016      -5.954      -8.213     -15.884     -16.194     -20.671      -8.300     -16.413     -20.377     -24.216     -37.378      -5.255     -11.579      -4.859      -8.252     -13.928     -11.455     -18.192      -0.352      -3.107      -7.208     -17.967     -27.466      -2.656      -8.390       0.982      -5.031      -4.284      -5.634      -9.055      -4.312     -18.700       0.173      -7.091      -9.240      -5.547      -5.739     -10.508     -14.437     -10.130     -13.440     -26.741     -19.267     -25.290     -19.728     -23.382     -20.390     -23.750     -31.874     -34.151     -43.949     -45.480     -56.968     -56.382     -71.384       1.775      -5.113       1.171       0.114      -8.236      -5.010      -7.953      -4.549      -8.941      -0.270      -9.691     -13.669       2.033      -3.226      -4.184     -13.128      -7.095     -11.467       0.846      -7.832     -11.981      -2.246      -2.496      -8.018      -2.137      -5.898      -0.861      -3.470       1.451      -3.820      -0.433      -8.411      -1.445      -9.039     -47.799      -5.033     -13.018     -18.734     -19.256     -18.852     -49.001      -9.790     -11.157      -8.735     -16.040      -9.224     -19.536     -49.585     -34.689     -20.134     -24.893     -41.507     -57.939     -75.326     -92.583     -12.615     -37.746     -21.861     -10.810     -36.739     -18.558     -61.809     -26.500     -35.358     -22.688     -11.243     -30.027     -37.493     -18.269     -61.105     -26.269     -34.970     -12.021     -13.746      -5.971     -36.079      -4.347     -12.741     -11.914     -17.976     -21.694     -17.280     -25.745     -31.527     -50.442     -10.243      -2.861     -10.460      -6.682     -55.600     -54.019      -3.472      -5.320     -11.150      -6.975     -10.881     -13.551     -12.299     -20.741     -22.084 
