 *********************************************************************************
   Plane-parallel Cool-MARCS (=MSG) model for Teff = 3450. K, log(g) = 4.6
 *********************************************************************************

The model is computed in 53 layers from log_10(tau_ross)= -5.00 to  2.50
 This model has the elemental abundances of the general type K2_18
meaning that at a scale where epsilon(H) = log(H)=12, epsilon(elm) included:
 12.00 10.93 8.49 7.78 8.74 6.24 7.57 6.47 7.51 5.12 6.38 4.99 4.00 7.42 2.58
  H     He    C    N    O    Na   Mg   Al   Si   K    Ca   Ti   V    Fe   Zr  
The model used  84 molecules/atoms in the opacity computation. They were:
 SO2  TiH  CO2  OH   CrH  CH   AlCl ZrO  PO   NaCl SiS  NO   LiF  HCN  C3   C2H2 MgH  TiO 
 CaH  SiO  LiCl PH3  H2   C2   KCl  HCl  CP   LiH  NaH  AlF  FeH  BeH  MgF  CaF  CH4  CO  
 CN   H2CO NH3  AlO  VO   SiH  PN   CS   KF   H2O  PS   SN   AlH  NaF  HS   NH   Al   Be  
 Ca   Cl   C    Cr   Fe   F    K    Li   Mg   Na   N    O    P    Si   S    Ti   V    Zr  
 O2   O3   COS  N2O  SO3  H2S  CS2  NO2  N2   S2   SO   C2H4
The OS cross sections (cm2/molecule) were read into  7949 wavenumbers between
 400.0 and 80000.0 cm-1 (= 0.125 to  25. mu). We used only each 10th in the radiative transfer
 of this model, resulting in a (statistical spectral) OS-resolution of 1500.0

Convection was computed based on the parameter choice:
palfa, pbeta, pny, py = 1.5 0.0 8.0 0.076
(but convection was apriori considered irelevant for the uppermost 16 layers)
 Irradiation: off

Chemistry:
 Disequilibrium Status: OFF 
 Cloud model: OFF

The convergence criterium was delta(T)= 1.0 K and temp. corr. in the last iteration was 0.00 K


 Technical settings:
dpein,dtin,method-pe,inz.K=12,kort,kpi,mihal,lops,nops: 0.005 0.005 1 4.339eV 6  0 40 0  1

 *********************************************************************************




 C O R R E C T I O N S  I N  T H E  L A S T  I T E R A T I O N
 K LOG(TauR)  TAUROSS      T       DELTA(T)     FCONV    DELTA(FCONV)  K
  1  -5.00   1.00E-05    2461.67       0.02   0.000E+00    0.00E+00    1
  2  -4.85   1.41E-05    2481.93       0.00   0.000E+00    0.00E+00    2
  3  -4.70   2.00E-05    2503.11      -0.00   0.000E+00    0.00E+00    3
  4  -4.55   2.82E-05    2524.13      -0.00   0.000E+00    0.00E+00    4
  5  -4.40   3.98E-05    2543.80      -0.00   0.000E+00    0.00E+00    5
  6  -4.25   5.62E-05    2561.27       0.00   0.000E+00    0.00E+00    6
  7  -4.10   7.94E-05    2576.08       0.00   0.000E+00    0.00E+00    7
  8  -3.95   1.12E-04    2588.26       0.00   0.000E+00    0.00E+00    8
  9  -3.80   1.58E-04    2598.35       0.00   0.000E+00    0.00E+00    9
 10  -3.65   2.24E-04    2607.26       0.00   0.000E+00    0.00E+00   10
 11  -3.50   3.16E-04    2616.03       0.00   0.000E+00    0.00E+00   11
 12  -3.35   4.47E-04    2625.65       0.00   0.000E+00    0.00E+00   12
 13  -3.20   6.31E-04    2636.99       0.26   0.000E+00    0.00E+00   13
 14  -3.05   8.91E-04    2650.91       0.17   0.000E+00    0.00E+00   14
 15  -2.90   1.26E-03    2667.90       0.12   0.000E+00    0.00E+00   15
 16  -2.75   1.78E-03    2688.39       0.09   0.000E+00    0.00E+00   16
 17  -2.60   2.51E-03    2712.64       0.08   0.000E+00    0.00E+00   17
 18  -2.45   3.55E-03    2740.81       0.07   0.000E+00    0.00E+00   18
 19  -2.30   5.01E-03    2772.90       0.06   0.000E+00    0.00E+00   19
 20  -2.15   7.08E-03    2809.01       0.07   0.000E+00    0.00E+00   20
 21  -2.00   1.00E-02    2849.63       0.08   0.000E+00    0.00E+00   21
 22  -1.85   1.41E-02    2898.24       0.00   9.636E+05    0.00E+00   22
 23  -1.70   2.00E-02    2955.17       0.18   4.642E+06    4.21E+06   23
 24  -1.55   2.82E-02    3014.14       0.11   1.849E+07   -4.14E+05   24
 25  -1.40   3.98E-02    3075.30       0.06   4.443E+07   -4.68E+05   25
 26  -1.25   5.62E-02    3138.80       0.02   8.799E+07   -5.28E+05   26
 27  -1.10   7.94E-02    3204.86      -0.01   1.574E+08   -6.04E+05   27
 28  -0.95   1.12E-01    3273.69      -0.03   2.651E+08   -5.40E+05   28
 29  -0.80   1.58E-01    3345.42      -0.05   4.289E+08   -5.32E+05   29
 30  -0.65   2.24E-01    3420.14      -0.06   6.719E+08   -5.87E+05   30
 31  -0.50   3.16E-01    3497.84      -0.08   1.021E+09   -7.22E+05   31
 32  -0.35   4.47E-01    3578.38      -0.08   1.501E+09   -9.83E+05   32
 33  -0.20   6.31E-01    3661.46      -0.08   2.129E+09   -1.47E+06   33
 34  -0.10   7.94E-01    3718.06       0.31   2.606E+09    2.19E+08   34
 35   0.05   1.12E+00    3804.29      -0.05   3.380E+09   -1.89E+08   35
 36   0.20   1.58E+00    3891.42      -0.04   4.179E+09   -4.37E+06   36
 37   0.35   2.24E+00    3978.87      -0.04   4.931E+09   -4.46E+06   37
 38   0.50   3.16E+00    4066.58      -0.04   5.594E+09   -4.49E+06   38
 39   0.65   4.47E+00    4155.04      -0.04   6.152E+09   -4.44E+06   39
 40   0.80   6.31E+00    4244.93      -0.05   6.607E+09   -4.26E+06   40
 41   0.95   8.91E+00    4337.12      -0.06   6.966E+09   -4.11E+06   41
 42   1.10   1.26E+01    4432.52      -0.08   7.234E+09   -3.95E+06   42
 43   1.25   1.78E+01    4532.16      -0.10   7.420E+09   -3.73E+06   43
 44   1.40   2.51E+01    4637.18      -0.13   7.546E+09   -3.56E+06   44
 45   1.55   3.55E+01    4748.87      -0.15   7.632E+09   -3.42E+06   45
 46   1.70   5.01E+01    4868.73      -0.16   7.694E+09   -3.26E+06   46
 47   1.85   7.08E+01    4998.47      -0.19   7.741E+09   -3.07E+06   47
 48   2.00   1.00E+02    5140.15      -0.22   7.776E+09   -2.89E+06   48
 49   2.10   1.26E+02    5242.55      -0.25   7.795E+09   -2.76E+06   49
 50   2.20   1.58E+02    5352.09      -0.27   7.809E+09   -2.66E+06   50
 51   2.30   2.00E+02    5469.58      -0.29   7.821E+09   -2.55E+06   51
 52   2.40   2.51E+02    5595.77       0.00   7.831E+09    5.64E+08   52
 53   2.50   3.16E+02    5731.22       0.00   7.840E+09    3.21E+07   53


 M O D E L  A T M O S P H E R E   (CGS UNITS)
    K    TAUROSS   TAU(5000)  GEOM. DEPTH     T        PE          PG         PRAD        PTURB     KAPPAROSS     K
    1  1.0000E-05  4.2202E-07   0.0000E+00  2461.67  1.9377E-04  6.3041E+01  1.8489E-01  0.0000E+00  6.3158E-03   1
    2  1.4125E-05  6.1233E-07   1.2742E+06  2481.93  2.6692E-04  8.8711E+01  1.8491E-01  0.0000E+00  6.5694E-03   2
    3  1.9953E-05  9.2920E-07   2.5120E+06  2503.11  3.6556E-04  1.2311E+02  1.8493E-01  0.0000E+00  6.9218E-03   3
    4  2.8184E-05  1.4491E-06   3.7092E+06  2524.13  4.9646E-04  1.6886E+02  1.8497E-01  0.0000E+00  7.4050E-03   4
    5  3.9811E-05  2.2847E-06   4.8594E+06  2543.80  6.6568E-04  2.2875E+02  1.8501E-01  0.0000E+00  8.0546E-03   5
    6  5.6234E-05  3.5947E-06   5.9576E+06  2561.27  8.7892E-04  3.0588E+02  1.8507E-01  0.0000E+00  8.8951E-03   6
    7  7.9433E-05  5.5982E-06   7.0020E+06  2576.08  1.1417E-03  4.0393E+02  1.8513E-01  0.0000E+00  9.9338E-03   7
    8  1.1220E-04  8.5990E-06   7.9951E+06  2588.26  1.4612E-03  5.2753E+02  1.8522E-01  0.0000E+00  1.1153E-02   8
    9  1.5849E-04  1.3029E-05   8.9435E+06  2598.35  1.8484E-03  6.8304E+02  1.8533E-01  0.0000E+00  1.2512E-02   9
   10  2.2387E-04  1.9528E-05   9.8567E+06  2607.26  2.3209E-03  8.7938E+02  1.8547E-01  0.0000E+00  1.3951E-02  10
   11  3.1623E-04  2.9073E-05   1.0745E+07  2616.03  2.9061E-03  1.1293E+03  1.8566E-01  0.0000E+00  1.5412E-02  11
   12  4.4668E-04  4.3193E-05   1.1620E+07  2625.65  3.6438E-03  1.4505E+03  1.8590E-01  0.0000E+00  1.6857E-02  12
   13  6.3096E-04  6.4285E-05   1.2489E+07  2636.99  4.5904E-03  1.8674E+03  1.8623E-01  0.0000E+00  1.8277E-02  13
   14  8.9125E-04  9.6219E-05   1.3359E+07  2650.91  5.8265E-03  2.4130E+03  1.8666E-01  0.0000E+00  1.9654E-02  14
   15  1.2589E-03  1.4528E-04   1.4235E+07  2667.90  7.4630E-03  3.1314E+03  1.8724E-01  0.0000E+00  2.1038E-02  15
   16  1.7783E-03  2.2161E-04   1.5120E+07  2688.39  9.6540E-03  4.0808E+03  1.8802E-01  0.0000E+00  2.2464E-02  16
   17  2.5119E-03  3.4179E-04   1.6014E+07  2712.64  1.2613E-02  5.3369E+03  1.8904E-01  0.0000E+00  2.3991E-02  17
   18  3.5481E-03  5.3294E-04   1.6919E+07  2740.81  1.6635E-02  6.9968E+03  1.9038E-01  0.0000E+00  2.5677E-02  18
   19  5.0119E-03  8.3886E-04   1.7832E+07  2772.90  2.2114E-02  9.1796E+03  1.9212E-01  0.0000E+00  2.7672E-02  19
   20  7.0795E-03  1.3308E-03   1.8751E+07  2809.01  2.9593E-02  1.2034E+04  1.9436E-01  0.0000E+00  2.9956E-02  20
   21  1.0000E-02  2.1260E-03   1.9677E+07  2849.63  3.9868E-02  1.5748E+04  1.9722E-01  0.0000E+00  3.2599E-02  21
   22  1.4125E-02  3.4246E-03   2.0612E+07  2898.24  5.4393E-02  2.0556E+04  2.0086E-01  0.0000E+00  3.5668E-02  22
   23  1.9953E-02  5.5723E-03   2.1561E+07  2955.17  7.5076E-02  2.6745E+04  2.0540E-01  0.0000E+00  3.9226E-02  23
   24  2.8184E-02  9.1322E-03   2.2526E+07  3014.14  1.0340E-01  3.4677E+04  2.1103E-01  0.0000E+00  4.3322E-02  24
   25  3.9811E-02  1.4998E-02   2.3510E+07  3075.30  1.4211E-01  4.4805E+04  2.1797E-01  0.0000E+00  4.8003E-02  25
   26  5.6234E-02  2.4607E-02   2.4512E+07  3138.80  1.9493E-01  5.7692E+04  2.2656E-01  0.0000E+00  5.3371E-02  26
   27  7.9433E-02  4.0260E-02   2.5535E+07  3204.86  2.6691E-01  7.4039E+04  2.3723E-01  0.0000E+00  5.9529E-02  27
   28  1.1220E-01  6.5587E-02   2.6579E+07  3273.69  3.6490E-01  9.4692E+04  2.5058E-01  0.0000E+00  6.6724E-02  28
   29  1.5849E-01  1.0622E-01   2.7643E+07  3345.42  4.9800E-01  1.2063E+05  2.6742E-01  0.0000E+00  7.5311E-02  29
   30  2.2387E-01  1.7071E-01   2.8724E+07  3420.14  6.7826E-01  1.5294E+05  2.8875E-01  0.0000E+00  8.5798E-02  30
   31  3.1623E-01  2.7166E-01   2.9817E+07  3497.84  9.2151E-01  1.9277E+05  3.1576E-01  0.0000E+00  9.8928E-02  31
   32  4.4668E-01  4.2696E-01   3.0917E+07  3578.38  1.2481E+00  2.4118E+05  3.4963E-01  0.0000E+00  1.1584E-01  32
   33  6.3096E-01  6.6103E-01   3.2013E+07  3661.46  1.6840E+00  2.9906E+05  3.9114E-01  0.0000E+00  1.3804E-01  33
   34  7.9433E-01  8.7676E-01   3.2730E+07  3718.06  2.0513E+00  3.4324E+05  4.2311E-01  0.0000E+00  1.5661E-01  34
   35  1.1220E+00  1.3185E+00   3.3804E+07  3804.29  2.7459E+00  4.1824E+05  4.7687E-01  0.0000E+00  1.9206E-01  35
   36  1.5849E+00  1.9475E+00   3.4856E+07  3891.42  3.6540E+00  5.0402E+05  5.3627E-01  0.0000E+00  2.3872E-01  36
   37  2.2387E+00  2.8273E+00   3.5885E+07  3978.87  4.8312E+00  6.0100E+05  5.9968E-01  0.0000E+00  2.9945E-01  37
   38  3.1623E+00  4.0428E+00   3.6893E+07  4066.58  6.3500E+00  7.0999E+05  6.6617E-01  0.0000E+00  3.7694E-01  38
   39  4.4668E+00  5.7078E+00   3.7884E+07  4155.04  8.3076E+00  8.3212E+05  7.3582E-01  0.0000E+00  4.7570E-01  39
   40  6.3096E+00  7.9745E+00   3.8864E+07  4244.93  1.0833E+01  9.6874E+05  8.0935E-01  0.0000E+00  6.0091E-01  40
   41  8.9125E+00  1.1048E+01   3.9837E+07  4337.12  1.4100E+01  1.1215E+06  8.8775E-01  0.0000E+00  7.5892E-01  41
   42  1.2589E+01  1.5204E+01   4.0809E+07  4432.52  1.8342E+01  1.2924E+06  9.7228E-01  0.0000E+00  9.5802E-01  42
   43  1.7783E+01  2.0818E+01   4.1784E+07  4532.16  2.3877E+01  1.4838E+06  1.0648E+00  0.0000E+00  1.2081E+00  43
   44  2.5119E+01  2.8394E+01   4.2766E+07  4637.18  3.1132E+01  1.6982E+06  1.1679E+00  0.0000E+00  1.5222E+00  44
   45  3.5481E+01  3.8611E+01   4.3760E+07  4748.87  4.0691E+01  1.9387E+06  1.2850E+00  0.0000E+00  1.9159E+00  45
   46  5.0119E+01  5.2380E+01   4.4769E+07  4868.73  5.3344E+01  2.2088E+06  1.4198E+00  0.0000E+00  2.4094E+00  46
   47  7.0795E+01  7.0916E+01   4.5798E+07  4998.47  7.0163E+01  2.5123E+06  1.5774E+00  0.0000E+00  3.0267E+00  47
   48  1.0000E+02  9.5833E+01   4.6851E+07  5140.15  9.2599E+01  2.8538E+06  1.7641E+00  0.0000E+00  3.7963E+00  48
   49  1.2589E+02  1.1700E+02   4.7561E+07  5242.55  1.1165E+02  3.1053E+06  1.9089E+00  0.0000E+00  4.4111E+00  49
   50  1.5849E+02  1.4271E+02   4.8286E+07  5352.09  1.3483E+02  3.3778E+06  2.0736E+00  0.0000E+00  5.1207E+00  50
   51  1.9953E+02  1.7393E+02   4.9027E+07  5469.58  1.6314E+02  3.6735E+06  2.2617E+00  0.0000E+00  5.9411E+00  51
   52  2.5119E+02  2.1176E+02   4.9786E+07  5595.77  1.9789E+02  3.9944E+06  2.4778E+00  0.0000E+00  6.8925E+00  52
   53  3.1623E+02  2.5754E+02   5.0562E+07  5731.22  2.4100E+02  4.3422E+06  2.7266E+00  0.0000E+00  8.0129E+00  53


 T H E R M O D Y N A M I C A L  Q U A N T I T I E S  AND  C O N V E C T I O N  (CGS UNITS)
   K   TAUROSS   DENSITY     MU         CP          CV       ADGRAD         Q       SOUND VEL.  CONV. VEL. FCONV/F   K
   1  1.000E-05  4.328E-10   1.396   2.206E+09   1.846E+09   6.954E-02   2.516E+00   4.083E+05   0.000E+00  0.00000  1
   2  1.413E-05  6.043E-10   1.397   2.318E+09   1.931E+09   6.833E-02   2.631E+00   4.076E+05   0.000E+00  0.00000  2
   3  1.995E-05  8.354E-10   1.404   2.404E+09   1.995E+09   6.754E-02   2.729E+00   4.072E+05   0.000E+00  0.00000  3
   4  2.818E-05  1.145E-09   1.414   2.477E+09   2.047E+09   6.697E-02   2.820E+00   4.066E+05   0.000E+00  0.00000  4
   5  3.981E-05  1.554E-09   1.428   2.543E+09   2.094E+09   6.647E-02   2.909E+00   4.059E+05   0.000E+00  0.00000  5
   6  5.623E-05  2.088E-09   1.445   2.605E+09   2.136E+09   6.600E-02   2.998E+00   4.046E+05   0.000E+00  0.00000  6
   7  7.943E-05  2.781E-09   1.465   2.661E+09   2.174E+09   6.553E-02   3.087E+00   4.027E+05   0.000E+00  0.00000  7
   8  1.122E-04  3.673E-09   1.489   2.706E+09   2.203E+09   6.509E-02   3.171E+00   4.003E+05   0.000E+00  0.00000  8
   9  1.585E-04  4.823E-09   1.516   2.733E+09   2.218E+09   6.473E-02   3.243E+00   3.974E+05   0.000E+00  0.00000  9
  10  2.239E-04  6.308E-09   1.545   2.736E+09   2.215E+09   6.450E-02   3.298E+00   3.942E+05   0.000E+00  0.00000 10
  11  3.162E-04  8.232E-09   1.576   2.711E+09   2.192E+09   6.442E-02   3.329E+00   3.910E+05   0.000E+00  0.00000 11
  12  4.467E-04  1.074E-08   1.606   2.663E+09   2.151E+09   6.452E-02   3.338E+00   3.881E+05   0.000E+00  0.00000 12
  13  6.310E-04  1.401E-08   1.635   2.595E+09   2.096E+09   6.479E-02   3.326E+00   3.855E+05   0.000E+00  0.00000 13
  14  8.913E-04  1.830E-08   1.662   2.515E+09   2.032E+09   6.523E-02   3.299E+00   3.835E+05   0.000E+00  0.00000 14
  15  1.259E-03  2.393E-08   1.685   2.430E+09   1.964E+09   6.582E-02   3.261E+00   3.822E+05   0.000E+00  0.00000 15
  16  1.778E-03  3.131E-08   1.705   2.346E+09   1.896E+09   6.654E-02   3.219E+00   3.816E+05   0.000E+00  0.00000 16
  17  2.512E-03  4.095E-08   1.720   2.266E+09   1.831E+09   6.736E-02   3.176E+00   3.818E+05   0.000E+00  0.00000 17
  18  3.548E-03  5.347E-08   1.731   2.193E+09   1.772E+09   6.828E-02   3.136E+00   3.828E+05   0.000E+00  0.00000 18
  19  5.012E-03  6.961E-08   1.738   2.129E+09   1.718E+09   6.927E-02   3.100E+00   3.845E+05   0.000E+00  0.00000 19
  20  7.079E-03  9.021E-08   1.740   2.073E+09   1.672E+09   7.032E-02   3.070E+00   3.870E+05   0.000E+00  0.00000 20
  21  1.000E-02  1.162E-07   1.738   2.028E+09   1.632E+09   7.143E-02   3.046E+00   3.904E+05   0.000E+00  0.00000 21
  22  1.413E-02  1.482E-07   1.727   1.997E+09   1.603E+09   7.267E-02   3.032E+00   3.954E+05   3.392E+03  0.00012 22
  23  1.995E-02  1.870E-07   1.707   1.977E+09   1.580E+09   7.406E-02   3.024E+00   4.020E+05   9.511E+03  0.00058 23
  24  2.818E-02  2.349E-07   1.687   1.952E+09   1.555E+09   7.555E-02   3.011E+00   4.088E+05   1.308E+04  0.00230 24
  25  3.981E-02  2.938E-07   1.667   1.923E+09   1.527E+09   7.715E-02   2.992E+00   4.160E+05   1.637E+04  0.00553 25
  26  5.623E-02  3.660E-07   1.646   1.888E+09   1.494E+09   7.887E-02   2.966E+00   4.235E+05   1.924E+04  0.01094 26
  27  7.943E-02  4.541E-07   1.624   1.848E+09   1.458E+09   8.074E-02   2.934E+00   4.314E+05   2.191E+04  0.01958 27
  28  1.122E-01  5.610E-07   1.603   1.802E+09   1.418E+09   8.277E-02   2.894E+00   4.396E+05   2.449E+04  0.03298 28
  29  1.585E-01  6.898E-07   1.581   1.750E+09   1.373E+09   8.499E-02   2.845E+00   4.482E+05   2.707E+04  0.05334 29
  30  2.239E-01  8.435E-07   1.559   1.691E+09   1.323E+09   8.743E-02   2.789E+00   4.572E+05   2.967E+04  0.08357 30
  31  3.162E-01  1.025E-06   1.536   1.625E+09   1.268E+09   9.013E-02   2.723E+00   4.666E+05   3.230E+04  0.12704 31
  32  4.467E-01  1.235E-06   1.514   1.553E+09   1.209E+09   9.311E-02   2.649E+00   4.763E+05   3.488E+04  0.18675 32
  33  6.310E-01  1.475E-06   1.492   1.474E+09   1.146E+09   9.643E-02   2.567E+00   4.865E+05   3.737E+04  0.26478 33
  34  7.943E-01  1.651E-06   1.478   1.419E+09   1.102E+09   9.884E-02   2.508E+00   4.934E+05   3.884E+04  0.32418 34
  35  1.122E+00  1.938E-06   1.457   1.333E+09   1.034E+09   1.028E-01   2.415E+00   5.040E+05   4.062E+04  0.42042 35
  36  1.585E+00  2.253E-06   1.437   1.245E+09   9.639E+08   1.071E-01   2.319E+00   5.146E+05   4.202E+04  0.51983 36
  37  2.239E+00  2.594E-06   1.419   1.157E+09   8.949E+08   1.118E-01   2.222E+00   5.252E+05   4.296E+04  0.61338 37
  38  3.162E+00  2.964E-06   1.403   1.072E+09   8.276E+08   1.169E-01   2.127E+00   5.357E+05   4.348E+04  0.69575 38
  39  4.467E+00  3.363E-06   1.388   9.895E+08   7.624E+08   1.224E-01   2.035E+00   5.463E+05   4.369E+04  0.76515 39
  40  6.310E+00  3.794E-06   1.374   9.101E+08   6.995E+08   1.285E-01   1.945E+00   5.570E+05   4.367E+04  0.82179 40
  41  8.913E+00  4.260E-06   1.361   8.338E+08   6.389E+08   1.352E-01   1.857E+00   5.679E+05   4.349E+04  0.86639 41
  42  1.259E+01  4.761E-06   1.349   7.606E+08   5.806E+08   1.427E-01   1.773E+00   5.791E+05   4.320E+04  0.89973 42
  43  1.778E+01  5.302E-06   1.338   6.907E+08   5.248E+08   1.511E-01   1.690E+00   5.909E+05   4.283E+04  0.92296 43
  44  2.512E+01  5.884E-06   1.328   6.242E+08   4.715E+08   1.607E-01   1.611E+00   6.033E+05   4.245E+04  0.93857 44
  45  3.548E+01  6.512E-06   1.318   5.613E+08   4.209E+08   1.715E-01   1.535E+00   6.165E+05   4.209E+04  0.94928 45
  46  5.012E+01  7.186E-06   1.309   5.023E+08   3.733E+08   1.838E-01   1.463E+00   6.307E+05   4.179E+04  0.95700 46
  47  7.079E+01  7.910E-06   1.301   4.477E+08   3.291E+08   1.979E-01   1.394E+00   6.462E+05   4.156E+04  0.96279 47
  48  1.000E+02  8.686E-06   1.293   3.977E+08   2.886E+08   2.138E-01   1.330E+00   6.631E+05   4.145E+04  0.96724 48
  49  1.259E+02  9.232E-06   1.288   3.671E+08   2.637E+08   2.256E-01   1.291E+00   6.754E+05   4.142E+04  0.96953 49
  50  1.585E+02  9.802E-06   1.283   3.389E+08   2.407E+08   2.381E-01   1.254E+00   6.884E+05   4.136E+04  0.97134 50
  51  1.995E+02  1.040E-05   1.279   3.131E+08   2.197E+08   2.515E-01   1.219E+00   7.023E+05   4.133E+04  0.97280 51
  52  2.512E+02  1.102E-05   1.275   2.899E+08   2.007E+08   2.654E-01   1.188E+00   7.171E+05   4.129E+04  0.97398 52
  53  3.162E+02  1.166E-05   1.272   2.692E+08   1.839E+08   2.797E-01   1.159E+00   7.326E+05   4.120E+04  0.97515 53


 P A R T I A L  P R E S S U R E S    of 15 selected neutral atoms of the 22 calculated in GGchem
     H       He      C       N       O       Na      Mg      Si      Fe      Al      Ca      Cr      Ti      S       K 
  1   1.910   0.974  -9.458  -4.930  -1.821  -4.774  -2.386  -4.881  -2.536  -3.514  -3.729  -4.319  -5.405  -2.824  -7.487
  2   2.000   1.068  -9.264  -4.800  -1.732  -4.678  -2.292  -4.736  -2.442  -3.422  -3.639  -4.226  -5.294  -2.730  -7.378
  3   2.098   1.170  -9.062  -4.664  -1.637  -4.570  -2.191  -4.584  -2.340  -3.320  -3.540  -4.124  -5.176  -2.629  -7.255
  4   2.200   1.278  -8.861  -4.526  -1.540  -4.450  -2.082  -4.432  -2.232  -3.212  -3.433  -4.016  -5.055  -2.522  -7.121
  5   2.303   1.390  -8.670  -4.393  -1.444  -4.319  -1.971  -4.286  -2.120  -3.100  -3.320  -3.904  -4.935  -2.411  -6.975
  6   2.405   1.503  -8.494  -4.269  -1.353  -4.178  -1.857  -4.150  -2.007  -2.985  -3.201  -3.790  -4.819  -2.298  -6.820
  7   2.504   1.617  -8.336  -4.155  -1.268  -4.029  -1.743  -4.024  -1.893  -2.869  -3.079  -3.677  -4.708  -2.186  -6.658
  8   2.599   1.731  -8.194  -4.053  -1.193  -3.873  -1.629  -3.909  -1.779  -2.754  -2.955  -3.563  -4.600  -2.074  -6.490
  9   2.690   1.843  -8.063  -3.959  -1.126  -3.714  -1.517  -3.799  -1.667  -2.639  -2.830  -3.450  -4.495  -1.964  -6.318
 10   2.778   1.956  -7.935  -3.869  -1.066  -3.553  -1.404  -3.691  -1.554  -2.524  -2.706  -3.337  -4.390  -1.854  -6.144
 11   2.866   2.069  -7.805  -3.781  -1.011  -3.392  -1.292  -3.579  -1.442  -2.410  -2.582  -3.224  -4.283  -1.745  -5.969
 12   2.953   2.182  -7.665  -3.689  -0.957  -3.233  -1.179  -3.460  -1.328  -2.295  -2.460  -3.111  -4.172  -1.635  -5.795
 13   3.041   2.296  -7.515  -3.591  -0.901  -3.077  -1.064  -3.333  -1.214  -2.179  -2.337  -2.996  -4.057  -1.524  -5.623
 14   3.134   2.412  -7.346  -3.483  -0.840  -2.927  -0.948  -3.194  -1.098  -2.063  -2.216  -2.880  -3.935  -1.412  -5.455
 15   3.229   2.529  -7.160  -3.364  -0.770  -2.781  -0.831  -3.044  -0.981  -1.945  -2.095  -2.763  -3.807  -1.298  -5.292
 16   3.329   2.647  -6.957  -3.232  -0.691  -2.642  -0.713  -2.883  -0.863  -1.826  -1.975  -2.645  -3.675  -1.184  -5.134
 17   3.434   2.767  -6.737  -3.089  -0.602  -2.508  -0.594  -2.711  -0.743  -1.707  -1.855  -2.525  -3.539  -1.069  -4.983
 18   3.542   2.886  -6.500  -2.934  -0.503  -2.382  -0.475  -2.531  -0.624  -1.588  -1.738  -2.406  -3.400  -0.953  -4.838
 19   3.654   3.005  -6.249  -2.768  -0.393  -2.262  -0.356  -2.342  -0.505  -1.470  -1.622  -2.287  -3.259  -0.837  -4.701
 20   3.770   3.123  -5.986  -2.593  -0.274  -2.150  -0.238  -2.147  -0.387  -1.353  -1.510  -2.170  -3.117  -0.722  -4.573
 21   3.888   3.239  -5.708  -2.407  -0.145  -2.047  -0.122  -1.945  -0.271  -1.238  -1.401  -2.054  -2.977  -0.608  -4.454
 22   4.012   3.352  -5.405  -2.202   0.002  -1.962  -0.010  -1.730  -0.159  -1.128  -1.302  -1.942  -2.836  -0.496  -4.354
 23   4.140   3.461  -5.078  -1.981   0.163  -1.894   0.100  -1.503  -0.049  -1.022  -1.211  -1.834  -2.697  -0.387  -4.270
 24   4.266   3.569  -4.750  -1.760   0.323  -1.829   0.207  -1.276   0.058  -0.918  -1.126  -1.727  -2.563  -0.279  -4.189
 25   4.391   3.675  -4.422  -1.542   0.479  -1.768   0.313  -1.050   0.164  -0.816  -1.046  -1.623  -2.433  -0.172  -4.111
 26   4.515   3.779  -4.094  -1.324   0.632  -1.709   0.417  -0.825   0.269  -0.718  -0.972  -1.520  -2.309  -0.067  -4.035
 27   4.637   3.882  -3.765  -1.107   0.783  -1.654   0.519  -0.602   0.371  -0.622  -0.903  -1.420  -2.190   0.037  -3.961
 28   4.757   3.983  -3.435  -0.892   0.930  -1.602   0.620  -0.381   0.472  -0.529  -0.842  -1.322  -2.077   0.140  -3.890
 29   4.875   4.082  -3.105  -0.679   1.074  -1.554   0.718  -0.164   0.571  -0.439  -0.786  -1.227  -1.970   0.240  -3.822
 30   4.991   4.179  -2.774  -0.467   1.214  -1.510   0.814   0.048   0.668  -0.354  -0.738  -1.135  -1.870   0.339  -3.756
 31   5.104   4.273  -2.443  -0.258   1.350  -1.469   0.907   0.252   0.762  -0.274  -0.698  -1.047  -1.778   0.435  -3.694
 32   5.214   4.365  -2.114  -0.053   1.481  -1.433   0.996   0.445   0.852  -0.199  -0.665  -0.964  -1.695   0.528  -3.636
 33   5.320   4.452  -1.788   0.147   1.607  -1.400   1.081   0.626   0.938  -0.131  -0.639  -0.887  -1.621   0.617  -3.581
 34   5.387   4.507  -1.574   0.276   1.686  -1.379   1.134   0.737   0.993  -0.089  -0.625  -0.840  -1.578   0.674  -3.545
 35   5.484   4.587  -1.257   0.465   1.800  -1.353   1.210   0.891   1.071  -0.033  -0.609  -0.774  -1.521   0.756  -3.496
 36   5.575   4.662  -0.949   0.644   1.905  -1.327   1.280   1.027   1.144   0.017  -0.598  -0.715  -1.474   0.833  -3.449
 37   5.661   4.733  -0.652   0.814   2.003  -1.303   1.346   1.147   1.212   0.062  -0.588  -0.662  -1.435   0.906  -3.403
 38   5.741   4.800  -0.364   0.973   2.093  -1.278   1.406   1.252   1.276   0.102  -0.580  -0.615  -1.403   0.976  -3.357
 39   5.818   4.864  -0.083   1.125   2.178  -1.254   1.461   1.345   1.337   0.138  -0.573  -0.573  -1.377   1.042  -3.313
 40   5.891   4.926   0.191   1.268   2.258  -1.231   1.513   1.429   1.393   0.171  -0.568  -0.536  -1.357   1.106  -3.269
 41   5.961   4.985   0.461   1.404   2.334  -1.208   1.560   1.504   1.447   0.200  -0.563  -0.503  -1.341   1.167  -3.226
 42   6.028   5.043   0.728   1.534   2.408  -1.187   1.603   1.573   1.497   0.226  -0.560  -0.474  -1.330   1.227  -3.184
 43   6.093   5.099   0.994   1.657   2.481  -1.167   1.642   1.637   1.544   0.248  -0.559  -0.451  -1.323   1.285  -3.144
 44   6.157   5.154   1.258   1.773   2.554  -1.150   1.675   1.697   1.587   0.266  -0.561  -0.432  -1.322   1.341  -3.105
 45   6.219   5.208   1.520   1.881   2.630  -1.135   1.703   1.754   1.626   0.280  -0.566  -0.419  -1.326   1.397  -3.068
 46   6.280   5.261   1.777   1.981   2.709  -1.123   1.723   1.807   1.660   0.289  -0.575  -0.412  -1.337   1.453  -3.035
 47   6.340   5.314   2.026   2.072   2.796  -1.116   1.735   1.856   1.688   0.292  -0.589  -0.413  -1.354   1.507  -3.004
 48   6.399   5.366   2.263   2.154   2.890  -1.114   1.736   1.902   1.707   0.288  -0.609  -0.423  -1.380   1.561  -2.978
 49   6.438   5.401   2.412   2.204   2.957  -1.116   1.730   1.930   1.715   0.281  -0.627  -0.435  -1.403   1.597  -2.963
 50   6.477   5.436   2.553   2.251   3.027  -1.122   1.717   1.956   1.716   0.270  -0.647  -0.452  -1.429   1.633  -2.950
 51   6.515   5.471   2.683   2.295   3.098  -1.130   1.696   1.978   1.711   0.254  -0.671  -0.474  -1.461   1.669  -2.939
 52   6.554   5.506   2.802   2.337   3.169  -1.140   1.668   1.997   1.698   0.234  -0.698  -0.502  -1.496   1.705  -2.931
 53   6.591   5.541   2.908   2.377   3.237  -1.153   1.633   2.010   1.678   0.211  -0.728  -0.534  -1.535   1.740  -2.923


 P A R T I A L  P R E S S U R E S   of 13 selected ions of the 82(+)+52(-)=134 calculated in GGchem
     H2+     OH+     AL+     CA+     K+      MG+     NA+     H2-     OH-     H-      K-      NA-     O-     ions+  pe+ions-
  1 -17.840 -17.565  -4.691  -4.104  -4.837  -5.901  -3.755 -14.909 -11.079  -8.684 -18.599 -15.788 -10.839  -3.536  -3.536
  2 -17.567 -17.331  -4.587  -4.001  -4.743  -5.768  -3.662 -14.676 -10.920  -8.519 -18.410 -15.613 -10.687  -3.439  -3.439
  3 -17.282 -17.086  -4.478  -3.892  -4.641  -5.630  -3.561 -14.422 -10.744  -8.339 -18.201 -15.420 -10.522  -3.335  -3.335
  4 -16.997 -16.843  -4.369  -3.781  -4.533  -5.493  -3.454 -14.155 -10.555  -8.151 -17.976 -15.210 -10.350  -3.226  -3.226
  5 -16.725 -16.613  -4.265  -3.674  -4.421  -5.364  -3.344 -13.881 -10.355  -7.959 -17.738 -14.986 -10.176  -3.117  -3.117
  6 -16.476 -16.404  -4.169  -3.572  -4.308  -5.246  -3.233 -13.607 -10.150  -7.767 -17.490 -14.753 -10.004  -3.010  -3.010
  7 -16.254 -16.222  -4.083  -3.478  -4.194  -5.144  -3.124 -13.335  -9.942  -7.579 -17.235 -14.512  -9.839  -2.906  -2.906
  8 -16.060 -16.067  -4.008  -3.393  -4.081  -5.055  -3.016 -13.070  -9.737  -7.396 -16.977 -14.267  -9.682  -2.806  -2.806
  9 -15.888 -15.937  -3.940  -3.315  -3.969  -4.977  -2.910 -12.811  -9.535  -7.218 -16.716 -14.019  -9.534  -2.709  -2.709
 10 -15.730 -15.823  -3.877  -3.241  -3.856  -4.904  -2.806 -12.558  -9.339  -7.043 -16.454 -13.771  -9.393  -2.615  -2.615
 11 -15.577 -15.716  -3.814  -3.169  -3.744  -4.833  -2.702 -12.307  -9.148  -6.871 -16.192 -13.523  -9.256  -2.520  -2.520
 12 -15.418 -15.605  -3.749  -3.094  -3.631  -4.757  -2.599 -12.055  -8.961  -6.697 -15.931 -13.277  -9.121  -2.425  -2.425
 13 -15.247 -15.486  -3.678  -3.016  -3.517  -4.674  -2.495 -11.802  -8.775  -6.521 -15.669 -13.032  -8.984  -2.327  -2.327
 14 -15.050 -15.342  -3.597  -2.929  -3.402  -4.578  -2.388 -11.543  -8.591  -6.341 -15.410 -12.791  -8.841  -2.225  -2.225
 15 -14.827 -15.172  -3.506  -2.833  -3.285  -4.467  -2.280 -11.279  -8.406  -6.155 -15.154 -12.553  -8.690  -2.119  -2.119
 16 -14.574 -14.972  -3.403  -2.727  -3.167  -4.340  -2.168 -11.007  -8.219  -5.964 -14.902 -12.319  -8.530  -2.009  -2.008
 17 -14.290 -14.741  -3.289  -2.610  -3.048  -4.198  -2.054 -10.729  -8.029  -5.766 -14.653 -12.089  -8.360  -1.893  -1.893
 18 -13.975 -14.478  -3.164  -2.483  -2.929  -4.041  -1.937 -10.444  -7.836  -5.564 -14.410 -11.865  -8.181  -1.774  -1.774
 19 -13.632 -14.185  -3.029  -2.348  -2.811  -3.870  -1.819 -10.155  -7.642  -5.358 -14.174 -11.646  -7.992  -1.651  -1.651
 20 -13.262 -13.863  -2.885  -2.205  -2.693  -3.686  -1.699  -9.863  -7.448  -5.148 -13.945 -11.435  -7.795  -1.525  -1.525
 21 -12.864 -13.511  -2.731  -2.054  -2.577  -3.488  -1.578  -9.568  -7.254  -4.936 -13.726 -11.233  -7.590  -1.396  -1.396
 22 -12.413 -13.103  -2.559  -1.889  -2.464  -3.264  -1.457  -9.267  -7.060  -4.718 -13.524 -11.048  -7.370  -1.261  -1.261
 23 -11.915 -12.647  -2.372  -1.713  -2.354  -3.018  -1.335  -8.964  -6.870  -4.497 -13.339 -10.879  -7.139  -1.121  -1.121
 24 -11.420 -12.194  -2.185  -1.541  -2.246  -2.773  -1.216  -8.664  -6.684  -4.278 -13.158 -10.716  -6.911  -0.982  -0.982
 25 -10.927 -11.745  -2.001  -1.374  -2.140  -2.529  -1.100  -8.369  -6.503  -4.062 -12.981 -10.556  -6.687  -0.844  -0.844
 26 -10.438 -11.300  -1.819  -1.212  -2.035  -2.286  -0.986  -8.078  -6.327  -3.848 -12.807 -10.401  -6.468  -0.707  -0.707
 27  -9.951 -10.859  -1.639  -1.055  -1.932  -2.044  -0.875  -7.791  -6.157  -3.638 -12.636 -10.251  -6.252  -0.571  -0.571
 28  -9.467 -10.423  -1.461  -0.904  -1.831  -1.804  -0.766  -7.509  -5.993  -3.430 -12.470 -10.104  -6.040  -0.435  -0.435
 29  -8.986  -9.991  -1.286  -0.759  -1.731  -1.565  -0.660  -7.231  -5.834  -3.225 -12.307  -9.963  -5.833  -0.300  -0.300
 30  -8.510  -9.564  -1.114  -0.620  -1.634  -1.327  -0.557  -6.959  -5.683  -3.023 -12.149  -9.827  -5.631  -0.165  -0.165
 31  -8.039  -9.145  -0.947  -0.489  -1.539  -1.093  -0.457  -6.694  -5.539  -2.826 -11.996  -9.696  -5.434  -0.032  -0.032
 32  -7.578  -8.735  -0.786  -0.365  -1.448  -0.863  -0.361  -6.437  -5.403  -2.634 -11.847  -9.570  -5.244   0.100   0.100
 33  -7.128  -8.338  -0.632  -0.250  -1.361  -0.640  -0.270  -6.189  -5.276  -2.447 -11.704  -9.450  -5.060   0.230   0.230
 34  -6.837  -8.083  -0.535  -0.178  -1.305  -0.496  -0.211  -6.030  -5.197  -2.327 -11.611  -9.372  -4.942   0.316   0.316
 35  -6.413  -7.712  -0.396  -0.078  -1.225  -0.287  -0.128  -5.800  -5.086  -2.151 -11.477  -9.261  -4.772   0.443   0.443
 36  -6.010  -7.363  -0.268   0.015  -1.150  -0.089  -0.051  -5.581  -4.985  -1.983 -11.346  -9.152  -4.610   0.567   0.567
 37  -5.629  -7.035  -0.150   0.100  -1.079   0.096   0.023  -5.373  -4.890  -1.821 -11.219  -9.047  -4.457   0.688   0.688
 38  -5.268  -6.726  -0.042   0.178  -1.012   0.270   0.092  -5.175  -4.804  -1.666 -11.094  -8.943  -4.312   0.807   0.807
 39  -4.924  -6.434   0.059   0.252  -0.948   0.434   0.158  -4.985  -4.722  -1.516 -10.971  -8.841  -4.173   0.924   0.924
 40  -4.593  -6.155   0.153   0.322  -0.886   0.589   0.221  -4.802  -4.646  -1.371 -10.850  -8.740  -4.038   1.039   1.039
 41  -4.271  -5.885   0.242   0.388  -0.827   0.738   0.281  -4.626  -4.575  -1.229 -10.731  -8.641  -3.908   1.153   1.153
 42  -3.957  -5.622   0.327   0.451  -0.769   0.882   0.340  -4.454  -4.508  -1.090 -10.614  -8.544  -3.781   1.268   1.268
 43  -3.647  -5.361   0.408   0.513  -0.713   1.021   0.397  -4.286  -4.444  -0.954 -10.498  -8.449  -3.654   1.382   1.382
 44  -3.338  -5.101   0.487   0.572  -0.658   1.156   0.453  -4.122  -4.383  -0.819 -10.385  -8.356  -3.528   1.497   1.497
 45  -3.027  -4.837   0.564   0.630  -0.604   1.288   0.508  -3.962  -4.323  -0.686 -10.274  -8.266  -3.400   1.613   1.613
 46  -2.714  -4.565   0.638   0.688  -0.550   1.417   0.562  -3.806  -4.265  -0.554 -10.167  -8.180  -3.269   1.730   1.730
 47  -2.394  -4.281   0.712   0.744  -0.497   1.543   0.616  -3.653  -4.206  -0.424 -10.064  -8.099  -3.132   1.849   1.849
 48  -2.065  -3.983   0.784   0.799  -0.445   1.666   0.669  -3.505  -4.146  -0.296  -9.966  -8.024  -2.989   1.969   1.969
 49  -1.840  -3.774   0.832   0.836  -0.410   1.745   0.705  -3.408  -4.107  -0.212  -9.905  -7.978  -2.891   2.050   2.050
 50  -1.609  -3.558   0.879   0.873  -0.375   1.822   0.740  -3.314  -4.070  -0.129  -9.847  -7.936  -2.791   2.132   2.132
 51  -1.373  -3.336   0.925   0.909  -0.340   1.896   0.776  -3.221  -4.035  -0.047  -9.793  -7.899  -2.691   2.214   2.214
 52  -1.131  -3.110   0.971   0.946  -0.305   1.967   0.811  -3.131  -4.005   0.033  -9.741  -7.864  -2.592   2.298   2.298
 53  -0.885  -2.883   1.016   0.982  -0.270   2.033   0.846  -3.042  -3.981   0.114  -9.691  -7.832  -2.496   2.382   2.383


 P A R T I A L  P R E S S U R E S   of 15 iselected neutral molecules (k1mol) of the 409 calculated in GGchem
     H2      C2      N2      O2      CH      CN      CO      CO2     H2O     CH4     NH3     HCN     C2H2    C3      TIO   
  1   1.168 -18.628  -2.478  -5.799 -11.672 -10.703  -1.466  -5.843  -2.427 -15.991 -10.443 -10.298 -17.715 -25.877  -5.168
  2   1.269 -18.345  -2.384  -5.710 -11.449 -10.512  -1.372  -5.752  -2.324 -15.733 -10.253 -10.107 -17.435 -25.532  -5.086
  3   1.383 -18.049  -2.283  -5.611 -11.213 -10.311  -1.270  -5.650  -2.207 -15.448 -10.041  -9.902 -17.133 -25.169  -4.994
  4   1.507 -17.752  -2.175  -5.506 -10.972 -10.106  -1.162  -5.537  -2.074 -15.139  -9.811  -9.686 -16.818 -24.804  -4.895
  5   1.640 -17.467  -2.063  -5.396 -10.735  -9.904  -1.050  -5.414  -1.926 -14.811  -9.563  -9.466 -16.496 -24.449  -4.789
  6   1.780 -17.200  -1.949  -5.285 -10.507  -9.712  -0.937  -5.284  -1.766 -14.469  -9.305  -9.246 -16.175 -24.114  -4.677
  7   1.924 -16.955  -1.835  -5.177 -10.292  -9.531  -0.823  -5.148  -1.598 -14.118  -9.038  -9.028 -15.857 -23.800  -4.561
  8   2.070 -16.729  -1.722  -5.074 -10.088  -9.360  -0.709  -5.009  -1.424 -13.760  -8.766  -8.811 -15.542 -23.504  -4.443
  9   2.217 -16.513  -1.609  -4.980  -9.893  -9.195  -0.597  -4.871  -1.250 -13.398  -8.494  -8.596 -15.227 -23.217  -4.325
 10   2.362 -16.300  -1.496  -4.896  -9.702  -9.031  -0.484  -4.735  -1.080 -13.035  -8.223  -8.379 -14.909 -22.928  -4.207
 11   2.506 -16.079  -1.384  -4.820  -9.508  -8.863  -0.372  -4.603  -0.915 -12.671  -7.955  -8.160 -14.586 -22.628  -4.091
 12   2.647 -15.845  -1.271  -4.749  -9.307  -8.688  -0.258  -4.475  -0.757 -12.309  -7.691  -7.936 -14.255 -22.310  -3.976
 13   2.786 -15.594  -1.156  -4.681  -9.098  -8.504  -0.144  -4.349  -0.605 -11.947  -7.429  -7.708 -13.915 -21.972  -3.862
 14   2.922 -15.320  -1.040  -4.611  -8.874  -8.308  -0.028  -4.227  -0.461 -11.591  -7.172  -7.474 -13.569 -21.609  -3.750
 15   3.056 -15.025  -0.923  -4.537  -8.638  -8.100   0.089  -4.108  -0.322 -11.239  -6.919  -7.236 -13.216 -21.225  -3.639
 16   3.188 -14.709  -0.805  -4.456  -8.387  -7.880   0.207  -3.990  -0.187 -10.893  -6.671  -6.996 -12.859 -20.819  -3.530
 17   3.317 -14.374  -0.686  -4.367  -8.124  -7.651   0.327  -3.874  -0.058 -10.554  -6.427  -6.753 -12.499 -20.396  -3.424
 18   3.443 -14.020  -0.566  -4.269  -7.850  -7.411   0.446  -3.760   0.067 -10.224  -6.188  -6.509 -12.139 -19.957  -3.320
 19   3.566 -13.652  -0.447  -4.163  -7.565  -7.164   0.565  -3.648   0.188  -9.905  -5.955  -6.266 -11.780 -19.506  -3.221
 20   3.686 -13.271  -0.330  -4.049  -7.272  -6.912   0.683  -3.540   0.303  -9.597  -5.730  -6.025 -11.426 -19.046  -3.127
 21   3.800 -12.877  -0.214  -3.927  -6.971  -6.652   0.799  -3.435   0.411  -9.304  -5.513  -5.787 -11.077 -18.577  -3.039
 22   3.906 -12.458  -0.102  -3.792  -6.653  -6.382   0.911  -3.339   0.507  -9.036  -5.314  -5.554 -10.736 -18.089  -2.962
 23   4.003 -12.013   0.007  -3.646  -6.321  -6.099   1.021  -3.251   0.590  -8.792  -5.131  -5.326 -10.403 -17.582  -2.899
 24   4.098 -11.567   0.114  -3.505  -5.990  -5.818   1.129  -3.167   0.667  -8.554  -4.953  -5.099 -10.070 -17.072  -2.843
 25   4.189 -11.120   0.219  -3.370  -5.659  -5.536   1.235  -3.087   0.739  -8.319  -4.780  -4.874  -9.739 -16.562  -2.795
 26   4.278 -10.673   0.323  -3.240  -5.330  -5.255   1.339  -3.011   0.806  -8.089  -4.613  -4.650  -9.409 -16.049  -2.754
 27   4.364 -10.223   0.424  -3.115  -5.001  -4.974   1.442  -2.939   0.867  -7.864  -4.450  -4.427  -9.079 -15.533  -2.721
 28   4.446  -9.771   0.523  -2.997  -4.673  -4.693   1.543  -2.871   0.922  -7.643  -4.294  -4.206  -8.749 -15.014  -2.696
 29   4.525  -9.317   0.620  -2.884  -4.345  -4.412   1.642  -2.809   0.970  -7.428  -4.144  -3.986  -8.420 -14.492  -2.682
 30   4.599  -8.862   0.713  -2.779  -4.019  -4.132   1.739  -2.751   1.011  -7.220  -4.001  -3.770  -8.094 -13.967  -2.677
 31   4.669  -8.406   0.803  -2.681  -3.696  -3.853   1.834  -2.700   1.043  -7.021  -3.867  -3.556  -7.770 -13.441  -2.684
 32   4.733  -7.952   0.888  -2.592  -3.377  -3.578   1.924  -2.654   1.067  -6.831  -3.744  -3.348  -7.452 -12.916  -2.702
 33   4.791  -7.502   0.967  -2.512  -3.063  -3.307   2.012  -2.616   1.081  -6.653  -3.633  -3.145  -7.140 -12.395  -2.733
 34   4.826  -7.206   1.017  -2.464  -2.859  -3.131   2.067  -2.595   1.085  -6.542  -3.566  -3.015  -6.937 -12.052  -2.760
 35   4.872  -6.765   1.084  -2.401  -2.558  -2.871   2.147  -2.569   1.082  -6.386  -3.477  -2.826  -6.639 -11.540  -2.812
 36   4.912  -6.337   1.145  -2.349  -2.269  -2.620   2.222  -2.550   1.070  -6.242  -3.400  -2.646  -6.352 -11.040  -2.874
 37   4.947  -5.921   1.197  -2.305  -1.990  -2.380   2.292  -2.537   1.052  -6.109  -3.335  -2.476  -6.076 -10.554  -2.943
 38   4.978  -5.517   1.242  -2.269  -1.722  -2.150   2.359  -2.528   1.028  -5.985  -3.279  -2.314  -5.808 -10.081  -3.019
 39   5.004  -5.123   1.279  -2.241  -1.463  -1.930   2.423  -2.523   0.999  -5.870  -3.234  -2.161  -5.549  -9.618  -3.100
 40   5.026  -4.737   1.307  -2.218  -1.211  -1.717   2.483  -2.521   0.965  -5.763  -3.198  -2.016  -5.297  -9.164  -3.186
 41   5.045  -4.356   1.326  -2.200  -0.964  -1.512   2.541  -2.524   0.926  -5.664  -3.172  -1.879  -5.052  -8.716  -3.277
 42   5.059  -3.979   1.333  -2.185  -0.721  -1.314   2.597  -2.530   0.882  -5.573  -3.158  -1.751  -4.812  -8.273  -3.375
 43   5.070  -3.605   1.327  -2.173  -0.483  -1.125   2.649  -2.541   0.833  -5.492  -3.157  -1.633  -4.581  -7.835  -3.479
 44   5.076  -3.236   1.304  -2.162  -0.248  -0.946   2.698  -2.555   0.778  -5.424  -3.170  -1.529  -4.358  -7.405  -3.589
 45   5.077  -2.874   1.262  -2.147  -0.019  -0.780   2.742  -2.574   0.719  -5.370  -3.201  -1.441  -4.150  -6.989  -3.706
 46   5.074  -2.524   1.198  -2.128   0.203  -0.631   2.779  -2.599   0.655  -5.337  -3.250  -1.375  -3.964  -6.594  -3.830
 47   5.064  -2.196   1.108  -2.099   0.412  -0.505   2.806  -2.631   0.589  -5.329  -3.322  -1.337  -3.808  -6.235  -3.961
 48   5.048  -1.897   0.990  -2.060   0.605  -0.407   2.817  -2.676   0.519  -5.354  -3.418  -1.334  -3.694  -5.926  -4.099
 49   5.034  -1.719   0.896  -2.028   0.722  -0.361   2.813  -2.716   0.469  -5.393  -3.496  -1.354  -3.648  -5.755  -4.198
 50   5.017  -1.562   0.789  -1.994   0.829  -0.330   2.797  -2.769   0.416  -5.452  -3.585  -1.394  -3.628  -5.619  -4.302
 51   4.996  -1.429   0.671  -1.960   0.922  -0.317   2.765  -2.840   0.358  -5.533  -3.685  -1.456  -3.639  -5.521  -4.415
 52   4.973  -1.323   0.543  -1.930   1.001  -0.322   2.715  -2.931   0.293  -5.636  -3.796  -1.538  -3.683  -5.467  -4.536
 53   4.946  -1.245   0.405  -1.908   1.065  -0.346   2.643  -3.050   0.220  -5.764  -3.916  -1.644  -3.764  -5.460  -4.669


 P A R T I A L  P R E S S U R E S   of 15 selected neutral molecules (k2mol) of the 409 calculated in GGchem
     OH      MGH     ALH     HS      HCL     NACL    KH      CAH     CAOH    TIH     CRH     FEH     SIO     SIC     SIC2  
  1  -2.377  -6.511  -6.842  -4.593  -5.147 -11.652 -12.113  -7.121  -8.758  -9.703  -9.040  -8.182  -2.447 -16.752 -22.412
  2  -2.275  -6.363  -6.711  -4.475  -5.044 -11.538 -11.947  -6.982  -8.637  -9.536  -8.891  -8.024  -2.354 -16.491 -22.100
  3  -2.163  -6.200  -6.566  -4.342  -4.929 -11.406 -11.762  -6.827  -8.498  -9.357  -8.729  -7.850  -2.252 -16.217 -21.772
  4  -2.042  -6.026  -6.409  -4.198  -4.803 -11.256 -11.559  -6.659  -8.341  -9.170  -8.555  -7.666  -2.144 -15.942 -21.440
  5  -1.915  -5.845  -6.242  -4.044  -4.667 -11.087 -11.341  -6.480  -8.164  -8.980  -8.372  -7.475  -2.033 -15.677 -21.117
  6  -1.784  -5.658  -6.067  -3.882  -4.525 -10.901 -11.112  -6.292  -7.972  -8.791  -8.185  -7.280  -1.919 -15.429 -20.809
  7  -1.654  -5.470  -5.888  -3.715  -4.377 -10.699 -10.873  -6.099  -7.767  -8.604  -7.997  -7.085  -1.805 -15.198 -20.518
  8  -1.526  -5.281  -5.706  -3.544  -4.227 -10.485 -10.629  -5.902  -7.554  -8.421  -7.807  -6.890  -1.692 -14.984 -20.240
  9  -1.403  -5.094  -5.524  -3.372  -4.075 -10.263 -10.380  -5.705  -7.338  -8.241  -7.619  -6.698  -1.579 -14.778 -19.967
 10  -1.285  -4.907  -5.341  -3.199  -3.925 -10.038 -10.131  -5.508  -7.124  -8.062  -7.432  -6.507  -1.467 -14.573 -19.692
 11  -1.173  -4.721  -5.160  -3.028  -3.777  -9.814  -9.882  -5.314  -6.916  -7.881  -7.246  -6.317  -1.354 -14.361 -19.405
 12  -1.065  -4.536  -4.980  -2.858  -3.631  -9.594  -9.635  -5.121  -6.714  -7.698  -7.060  -6.128  -1.241 -14.136 -19.101
 13  -0.958  -4.350  -4.801  -2.690  -3.487  -9.381  -9.390  -4.930  -6.520  -7.511  -6.874  -5.937  -1.127 -13.896 -18.779
 14  -0.851  -4.164  -4.624  -2.525  -3.347  -9.179  -9.151  -4.741  -6.334  -7.318  -6.688  -5.744  -1.011 -13.635 -18.437
 15  -0.743  -3.978  -4.448  -2.363  -3.210  -8.988  -8.916  -4.554  -6.156  -7.121  -6.501  -5.550  -0.894 -13.356 -18.076
 16  -0.631  -3.790  -4.275  -2.204  -3.076  -8.809  -8.688  -4.369  -5.984  -6.919  -6.313  -5.354  -0.776 -13.059 -17.700
 17  -0.516  -3.603  -4.104  -2.050  -2.944  -8.642  -8.465  -4.186  -5.820  -6.714  -6.125  -5.156  -0.657 -12.746 -17.310
 18  -0.397  -3.416  -3.936  -1.900  -2.816  -8.489  -8.251  -4.006  -5.664  -6.506  -5.938  -4.957  -0.539 -12.418 -16.910
 19  -0.275  -3.231  -3.772  -1.755  -2.691  -8.350  -8.045  -3.831  -5.515  -6.298  -5.753  -4.758  -0.420 -12.078 -16.502
 20  -0.149  -3.049  -3.613  -1.616  -2.571  -8.225  -7.848  -3.660  -5.376  -6.091  -5.570  -4.561  -0.304 -11.729 -16.089
 21  -0.022  -2.870  -3.461  -1.484  -2.456  -8.117  -7.663  -3.496  -5.247  -5.886  -5.391  -4.366  -0.189 -11.369 -15.671
 22   0.110  -2.698  -3.320  -1.364  -2.351  -8.039  -7.499  -3.346  -5.140  -5.685  -5.219  -4.175  -0.078 -10.990 -15.244
 23   0.243  -2.533  -3.190  -1.256  -2.256  -7.992  -7.354  -3.209  -5.057  -5.488  -5.054  -3.988   0.028 -10.592 -14.805
 24   0.373  -2.371  -3.064  -1.152  -2.163  -7.950  -7.214  -3.079  -4.983  -5.298  -4.892  -3.805   0.132 -10.194 -14.365
 25   0.499  -2.212  -2.942  -1.050  -2.073  -7.912  -7.078  -2.956  -4.917  -5.114  -4.734  -3.625   0.232  -9.796 -13.924
 26   0.620  -2.057  -2.824  -0.951  -1.986  -7.879  -6.945  -2.840  -4.861  -4.936  -4.580  -3.447   0.329  -9.399 -13.483
 27   0.737  -1.904  -2.710  -0.855  -1.902  -7.850  -6.817  -2.732  -4.814  -4.765  -4.429  -3.273   0.422  -9.003 -13.041
 28   0.849  -1.755  -2.601  -0.762  -1.822  -7.826  -6.693  -2.631  -4.779  -4.602  -4.283  -3.102   0.509  -8.607 -12.599
 29   0.957  -1.610  -2.497  -0.673  -1.745  -7.808  -6.573  -2.539  -4.755  -4.446  -4.141  -2.935   0.591  -8.215 -12.158
 30   1.058  -1.470  -2.399  -0.587  -1.672  -7.795  -6.459  -2.457  -4.744  -4.300  -4.004  -2.773   0.663  -7.827 -11.720
 31   1.154  -1.335  -2.309  -0.507  -1.604  -7.788  -6.351  -2.384  -4.746  -4.164  -3.875  -2.615   0.725  -7.446 -11.288
 32   1.242  -1.207  -2.227  -0.432  -1.542  -7.788  -6.249  -2.322  -4.762  -4.040  -3.753  -2.465   0.775  -7.076 -10.866
 33   1.322  -1.086  -2.154  -0.363  -1.486  -7.793  -6.154  -2.270  -4.790  -3.929  -3.641  -2.322   0.809  -6.721 -10.457
 34   1.371  -1.010  -2.110  -0.320  -1.452  -7.799  -6.094  -2.241  -4.816  -3.863  -3.571  -2.232   0.823  -6.494 -10.194
 35   1.436  -0.905  -2.054  -0.263  -1.408  -7.814  -6.012  -2.206  -4.866  -3.775  -3.476  -2.104   0.828  -6.169  -9.814
 36   1.493  -0.808  -2.006  -0.211  -1.370  -7.832  -5.934  -2.178  -4.923  -3.701  -3.391  -1.985   0.817  -5.865  -9.455
 37   1.542  -0.719  -1.965  -0.164  -1.336  -7.849  -5.861  -2.154  -4.985  -3.638  -3.316  -1.875   0.792  -5.582  -9.116
 38   1.584  -0.638  -1.931  -0.122  -1.307  -7.867  -5.792  -2.135  -5.051  -3.584  -3.249  -1.772   0.755  -5.318  -8.796
 39   1.620  -0.563  -1.901  -0.084  -1.282  -7.886  -5.726  -2.119  -5.120  -3.539  -3.189  -1.676   0.707  -5.070  -8.492
 40   1.652  -0.495  -1.877  -0.049  -1.261  -7.905  -5.663  -2.106  -5.192  -3.502  -3.136  -1.587   0.651  -4.834  -8.200
 41   1.678  -0.433  -1.858  -0.018  -1.244  -7.926  -5.603  -2.096  -5.269  -3.472  -3.090  -1.503   0.588  -4.609  -7.919
 42   1.701  -0.377  -1.844   0.010  -1.230  -7.950  -5.547  -2.090  -5.351  -3.449  -3.051  -1.425   0.517  -4.391  -7.646
 43   1.721  -0.329  -1.836   0.034  -1.221  -7.978  -5.494  -2.089  -5.438  -3.434  -3.018  -1.352   0.440  -4.180  -7.381
 44   1.738  -0.287  -1.834   0.055  -1.215  -8.010  -5.446  -2.093  -5.531  -3.426  -2.994  -1.286   0.357  -3.976  -7.126
 45   1.754  -0.254  -1.839   0.071  -1.215  -8.048  -5.402  -2.103  -5.631  -3.427  -2.977  -1.226   0.270  -3.780  -6.884
 46   1.771  -0.230  -1.852   0.084  -1.219  -8.093  -5.364  -2.121  -5.738  -3.437  -2.970  -1.173   0.178  -3.594  -6.662
 47   1.789  -0.218  -1.874   0.091  -1.230  -8.147  -5.332  -2.147  -5.851  -3.459  -2.973  -1.130   0.083  -3.423  -6.469
 48   1.809  -0.219  -1.908   0.093  -1.246  -8.211  -5.307  -2.183  -5.973  -3.493  -2.989  -1.098  -0.017  -3.273  -6.316
 49   1.824  -0.230  -1.937   0.092  -1.261  -8.261  -5.296  -2.214  -6.061  -3.524  -3.008  -1.085  -0.087  -3.187  -6.242
 50   1.839  -0.248  -1.973   0.088  -1.279  -8.316  -5.289  -2.250  -6.156  -3.561  -3.033  -1.079  -0.161  -3.115  -6.195
 51   1.851  -0.276  -2.015   0.081  -1.301  -8.378  -5.286  -2.293  -6.258  -3.606  -3.066  -1.082  -0.243  -3.058  -6.179
 52   1.861  -0.312  -2.063   0.072  -1.325  -8.444  -5.286  -2.340  -6.369  -3.658  -3.106  -1.094  -0.333  -3.020  -6.197
 53   1.865  -0.358  -2.117   0.060  -1.353  -8.516  -5.290  -2.393  -6.492  -3.716  -3.153  -1.116  -0.435  -3.002  -6.252


 P A R T I A L  P R E S S U R E S   of 15 iselected neutral molecules (k3mol) of the 409 calculated in GGchem
     CS      VO      CRO     FEO     ZRO     SIS     ALOH    KOH     FES     H2S     H2SO4   PH3     TIO2    O3      TIC   
  1  -9.794  -6.929  -7.913  -7.440  -7.388  -6.903  -7.647 -13.717 -10.183  -6.900 -31.259 -14.208  -7.421 -18.274 -16.096
  2  -9.633  -6.858  -7.813  -7.332  -7.294  -6.775  -7.548 -13.568 -10.055  -6.759 -31.057 -14.013  -7.356 -18.115 -15.885
  3  -9.460  -6.776  -7.701  -7.212  -7.192  -6.635  -7.433 -13.396  -9.912  -6.599 -30.822 -13.793  -7.280 -17.942 -15.662
  4  -9.278  -6.684  -7.578  -7.081  -7.084  -6.485  -7.300 -13.202  -9.755  -6.422 -30.552 -13.550  -7.190 -17.758 -15.435
  5  -9.093  -6.580  -7.445  -6.942  -6.972  -6.330  -7.149 -12.986  -9.586  -6.227 -30.246 -13.286  -7.087 -17.569 -15.211
  6  -8.907  -6.467  -7.307  -6.798  -6.859  -6.170  -6.981 -12.751  -9.408  -6.018 -29.910 -13.005  -6.969 -17.383 -14.996
  7  -8.722  -6.346  -7.164  -6.650  -6.745  -6.007  -6.800 -12.499  -9.221  -5.798 -29.553 -12.712  -6.842 -17.203 -14.790
  8  -8.538  -6.221  -7.020  -6.502  -6.632  -5.841  -6.609 -12.237  -9.028  -5.570 -29.185 -12.408  -6.707 -17.035 -14.592
  9  -8.353  -6.094  -6.876  -6.356  -6.520  -5.670  -6.414 -11.970  -8.832  -5.337 -28.817 -12.101  -6.570 -16.883 -14.398
 10  -8.166  -5.968  -6.737  -6.213  -6.408  -5.496  -6.220 -11.702  -8.633  -5.103 -28.461 -11.792  -6.435 -16.746 -14.204
 11  -7.974  -5.845  -6.600  -6.074  -6.295  -5.317  -6.030 -11.439  -8.433  -4.870 -28.121 -11.486  -6.304 -16.622 -14.003
 12  -7.779  -5.727  -6.467  -5.939  -6.182  -5.135  -5.847 -11.183  -8.235  -4.642 -27.801 -11.184  -6.180 -16.505 -13.792
 13  -7.578  -5.612  -6.337  -5.805  -6.068  -4.950  -5.671 -10.933  -8.038  -4.417 -27.498 -10.887  -6.062 -16.391 -13.571
 14  -7.373  -5.502  -6.209  -5.672  -5.952  -4.765  -5.506 -10.696  -7.845  -4.202 -27.213 -10.598  -5.953 -16.271 -13.338
 15  -7.166  -5.397  -6.082  -5.540  -5.835  -4.582  -5.349 -10.469  -7.658  -3.994 -26.942 -10.318  -5.851 -16.141 -13.094
 16  -6.957  -5.296  -5.955  -5.407  -5.717  -4.401  -5.201 -10.253  -7.475  -3.793 -26.682 -10.046  -5.755 -15.998 -12.840
 17  -6.749  -5.200  -5.830  -5.274  -5.597  -4.225  -5.063 -10.048  -7.300  -3.603 -26.430  -9.784  -5.667 -15.839 -12.578
 18  -6.541  -5.109  -5.705  -5.140  -5.478  -4.054  -4.934  -9.854  -7.131  -3.421 -26.188  -9.533  -5.586 -15.664 -12.311
 19  -6.335  -5.023  -5.581  -5.007  -5.359  -3.890  -4.815  -9.673  -6.972  -3.251 -25.954  -9.294  -5.513 -15.472 -12.040
 20  -6.133  -4.943  -5.460  -4.874  -5.241  -3.735  -4.707  -9.505  -6.821  -3.091 -25.730  -9.068  -5.449 -15.266 -11.768
 21  -5.936  -4.870  -5.341  -4.744  -5.126  -3.588  -4.610  -9.352  -6.682  -2.945 -25.518  -8.857  -5.395 -15.044 -11.495
 22  -5.745  -4.811  -5.229  -4.617  -5.014  -3.457  -4.538  -9.229  -6.562  -2.822 -25.332  -8.674  -5.362 -14.795 -11.220
 23  -5.561  -4.766  -5.124  -4.496  -4.906  -3.340  -4.489  -9.134  -6.461  -2.722 -25.174  -8.519  -5.351 -14.526 -10.944
 24  -5.378  -4.726  -5.023  -4.379  -4.801  -3.226  -4.446  -9.046  -6.363  -2.627 -25.029  -8.370  -5.350 -14.264 -10.673
 25  -5.196  -4.690  -4.927  -4.266  -4.699  -3.113  -4.409  -8.964  -6.268  -2.535 -24.897  -8.227  -5.358 -14.010 -10.406
 26  -5.014  -4.660  -4.836  -4.157  -4.600  -3.003  -4.378  -8.888  -6.176  -2.447 -24.779  -8.089  -5.376 -13.764 -10.143
 27  -4.832  -4.635  -4.749  -4.053  -4.505  -2.895  -4.354  -8.819  -6.087  -2.363 -24.676  -7.957  -5.404 -13.527  -9.885
 28  -4.651  -4.616  -4.669  -3.954  -4.414  -2.791  -4.337  -8.757  -6.001  -2.284 -24.589  -7.831  -5.444 -13.299  -9.632
 29  -4.470  -4.603  -4.594  -3.860  -4.330  -2.692  -4.328  -8.702  -5.919  -2.210 -24.518  -7.713  -5.497 -13.081  -9.385
 30  -4.290  -4.597  -4.526  -3.771  -4.254  -2.600  -4.328  -8.656  -5.841  -2.143 -24.467  -7.603  -5.563 -12.873  -9.144
 31  -4.112  -4.600  -4.466  -3.690  -4.188  -2.518  -4.339  -8.618  -5.768  -2.082 -24.435  -7.503  -5.643 -12.677  -8.910
 32  -3.937  -4.611  -4.415  -3.615  -4.136  -2.446  -4.361  -8.591  -5.701  -2.028 -24.426  -7.413  -5.739 -12.493  -8.686
 33  -3.765  -4.632  -4.374  -3.548  -4.100  -2.389  -4.394  -8.573  -5.640  -1.983 -24.440  -7.336  -5.850 -12.325  -8.472
 34  -3.652  -4.650  -4.352  -3.508  -4.087  -2.359  -4.422  -8.565  -5.603  -1.958 -24.461  -7.290  -5.931 -12.221  -8.337
 35  -3.488  -4.688  -4.328  -3.457  -4.086  -2.328  -4.475  -8.564  -5.554  -1.928 -24.517  -7.234  -6.067 -12.080  -8.143
 36  -3.329  -4.733  -4.314  -3.414  -4.105  -2.312  -4.537  -8.569  -5.510  -1.906 -24.591  -7.188  -6.214 -11.956  -7.962
 37  -3.175  -4.785  -4.309  -3.377  -4.145  -2.309  -4.604  -8.579  -5.471  -1.889 -24.681  -7.150  -6.369 -11.848  -7.793
 38  -3.026  -4.842  -4.310  -3.347  -4.201  -2.317  -4.677  -8.592  -5.437  -1.876 -24.784  -7.120  -6.530 -11.754  -7.634
 39  -2.881  -4.904  -4.319  -3.323  -4.272  -2.334  -4.754  -8.608  -5.406  -1.869 -24.898  -7.096  -6.696 -11.671  -7.484
 40  -2.740  -4.972  -4.333  -3.305  -4.357  -2.359  -4.836  -8.627  -5.380  -1.865 -25.023  -7.078  -6.867 -11.598  -7.341
 41  -2.602  -5.045  -4.354  -3.291  -4.452  -2.391  -4.923  -8.651  -5.357  -1.866 -25.158  -7.067  -7.045 -11.533  -7.206
 42  -2.466  -5.124  -4.382  -3.282  -4.559  -2.430  -5.017  -8.679  -5.339  -1.873 -25.305  -7.062  -7.231 -11.474  -7.076
 43  -2.334  -5.209  -4.415  -3.278  -4.676  -2.475  -5.117  -8.712  -5.326  -1.885 -25.462  -7.066  -7.423 -11.418  -6.954
 44  -2.207  -5.301  -4.455  -3.278  -4.802  -2.528  -5.224  -8.750  -5.319  -1.903 -25.627  -7.077  -7.624 -11.363  -6.840
 45  -2.086  -5.400  -4.501  -3.283  -4.937  -2.588  -5.339  -8.793  -5.319  -1.929 -25.796  -7.098  -7.831 -11.304  -6.738
 46  -1.975  -5.505  -4.553  -3.291  -5.082  -2.656  -5.462  -8.840  -5.327  -1.962 -25.966  -7.129  -8.045 -11.236  -6.650
 47  -1.878  -5.618  -4.611  -3.303  -5.236  -2.733  -5.594  -8.893  -5.346  -2.005 -26.132  -7.171  -8.264 -11.153  -6.582
 48  -1.802  -5.738  -4.676  -3.320  -5.400  -2.821  -5.736  -8.951  -5.377  -2.057 -26.292  -7.226  -8.490 -11.053  -6.542
 49  -1.764  -5.824  -4.725  -3.337  -5.518  -2.887  -5.837  -8.994  -5.407  -2.099 -26.399  -7.271  -8.646 -10.978  -6.533
 50  -1.741  -5.917  -4.779  -3.359  -5.642  -2.959  -5.947  -9.042  -5.445  -2.145 -26.510  -7.321  -8.810 -10.899  -6.541
 51  -1.732  -6.018  -4.842  -3.390  -5.776  -3.039  -6.065  -9.096  -5.492  -2.197 -26.630  -7.379  -8.984 -10.819  -6.568
 52  -1.739  -6.127  -4.914  -3.431  -5.920  -3.126  -6.194  -9.158  -5.549  -2.254 -26.766  -7.442  -9.171 -10.744  -6.614
 53  -1.764  -6.248  -4.997  -3.486  -6.077  -3.222  -6.336  -9.229  -5.617  -2.317 -26.927  -7.513  -9.375 -10.680  -6.682


 P A R T I A L  P R E S S U R E S  -- overview of all the 565 neutral and ionized species from GGchem
          22 neutral atoms (atnames), 409 neutral molecules, 82 positive ions, 52 negative ions (molnames):
     H       He      C       N       O       Na      Mg      Si      F       Fe      Al      Ca      Cr      Ti      S 
      1       2       3       4       5       6       7       8       9      10      11      12      13      14      15
  1   1.910   0.974  -9.458  -4.930  -1.821  -4.774  -2.386  -4.881  -7.383  -2.536  -3.514  -3.729  -4.319  -5.405  -2.824
 53   6.591   5.541   2.908   2.377   3.237  -1.153   1.633   2.010  -0.932   1.678   0.211  -0.728  -0.534  -1.535   1.740
     Cl      K       Li      V       Zr      Be      P 
     16      17      18      19      20      21      22
  1  -4.555  -7.487  -9.524  -6.010  -9.893  -8.576  -4.630
 53   0.096  -2.923  -6.111  -2.310  -3.763  -4.056  -0.037
     H2      LI2     C2      N2      O2      F2      NA2     MG2     AL2     SI2     P2      S2      CL2     K2      H2+     
      1       2       3       4       5       6       7       8       9      10      11      12      13      14      15
  1   1.168 -27.336 -18.628  -2.478  -5.799 -23.929 -18.263 -14.886 -14.395 -14.914 -10.939  -8.795 -16.093 -23.845 -17.840
 53   4.946 -21.896  -1.245   0.405  -1.908 -13.163 -12.109  -7.454  -9.042  -4.951  -7.975  -4.986  -9.915 -16.028  -0.885
     HE2+    C2+     N2+     O2+     P2+     S2+     H2-     C2-     LIH     BEH     CH      NH      OH      HF      NAH     
     16      17      18      19      20      21      22      23      24      25      26      27      28      29      30
  1 -42.261 -29.812 -22.202 -18.671 -19.750 -16.550 -14.909 -22.733 -13.417 -12.475 -11.672  -7.601  -2.377  -5.400  -9.236
 53 -12.439  -4.474  -6.013  -5.742  -9.366  -6.611  -3.042  -5.100  -8.375  -6.176   1.065   0.305   1.865  -1.507  -3.524
     MGH     ALH     SIH     PH      HS      HCL     KH      CAH     TIH     CRH     FEH     HEH+    BEH+    CH+     NH+     
     31      32      33      34      35      36      37      38      39      40      41      42      43      44      45
  1  -6.511  -6.842  -7.851  -7.672  -4.593  -5.147 -12.113  -7.121  -9.703  -9.040  -8.182 -20.546 -18.571 -22.240 -22.474
 53  -0.358  -2.117  -0.064  -2.055   0.060  -1.353  -5.290  -2.393  -3.716  -3.153  -1.116  -2.793  -7.239  -2.166  -4.043
     OH+     HF+     MGH+    ALH+    SIH+    PH+     SH+     HCL+    CH-     OH-     SIH-    HS-     CN      CO      CF      
     46      47      48      49      50      51      52      53      54      55      56      57      58      59      60
  1 -17.565 -25.567 -10.834  -9.651 -12.865 -16.160 -14.354 -18.740 -21.162 -11.079 -17.109 -12.359 -10.703  -1.466 -17.369
 53  -2.883  -7.906  -0.701  -1.368  -0.834  -3.952  -2.529  -5.023  -4.891  -3.981  -5.778  -5.348  -0.346   2.643  -5.324
     SIC     CP      CS      CCL     CN+     CO+     CN-     CS-     NO      FN      ALN     SIN     PN      SN      NCL     
     61      62      63      64      65      66      67      68      69      70      71      72      73      74      75
  1 -16.752 -13.715  -9.794 -18.545 -27.092 -18.014 -15.099 -20.396  -5.395 -17.475 -13.571 -10.092  -7.078  -9.176 -13.854
 53  -3.002  -4.099  -1.764  -5.806  -5.246  -2.536  -4.307  -7.724  -0.931  -7.584  -6.081  -2.672  -3.741  -3.431  -6.116
     TIN     ZRN     NO+     NS+     LIO     BEO     FO      NAO     MGO     ALO     SIO     PO      SO      CLO     KO      
     76      77      78      79      80      81      82      83      84      85      86      87      88      89      90
  1 -12.495 -19.081 -13.241 -18.975 -15.502 -12.870 -16.468 -11.585  -7.968  -6.498  -2.447  -5.746  -5.779 -12.400 -14.279
 53  -7.513 -10.664  -2.988  -6.498 -11.143  -8.436  -7.798  -6.347  -2.865  -3.887  -0.435  -3.492  -2.653  -6.152  -8.062
     CAO     TIO     VO      CRO     FEO     ZRO     SIO+    PO+     SO+     FEO-    LIF     BEF     NAF     MGF     ALF     
     91      92      93      94      95      96      97      98      99     100     101     102     103     104     105
  1  -8.792  -5.168  -6.929  -7.913  -7.440  -7.388 -13.908 -11.253 -15.059 -17.626 -16.174 -15.035 -13.362 -10.883  -8.704
 53  -5.210  -4.669  -6.248  -4.997  -3.486  -6.077  -3.532  -4.316  -4.941 -10.207 -13.524 -11.225  -9.227  -6.203  -6.872
     SIF     PF      SF      KF      CAF     LINA    BES     MGS     ALS     SIS     PS      CAS     TIS     CRS     LICL    
    106     107     108     109     110     111     112     113     114     115     116     117     118     119     120
  1 -12.372 -14.046 -14.682 -15.545 -10.675 -22.503 -15.594  -9.868 -10.212  -6.903  -9.269 -10.530 -11.211 -12.366 -15.171
 53  -5.906  -8.625  -8.028 -10.726  -7.898 -16.634 -10.390  -4.586  -6.357  -3.222  -5.873  -6.809  -8.220  -8.421 -13.078
     BECL    NACL    MGCL    ALCL    SICL    PCL     KCL     CACL    FECL    ALCLF   ALCLF2  ALOCL   ALCL2   ALCL2F  ALCL3   
    121     122     123     124     125     126     127     128     129     130     131     132     133     134     135
  1 -15.857 -11.652 -10.927  -9.145 -12.928 -13.774 -13.892 -10.201 -12.066 -17.225 -25.645 -12.726 -17.894 -25.909 -26.682
 53 -11.556  -8.516  -6.221  -7.022  -6.121  -8.508 -10.032  -7.705  -6.917 -14.999 -23.986 -12.080 -15.448 -24.036 -24.624
     ALOF    ALF2    ALF2O   ALF3    NAALF4  ALOH    HALO    ALO2H   ALO2    AL2CL6  (ALF3)2 AL2O    AL2O2   ALC     CFCLO   
    136     137     138     139     140     141     142     143     144     145     146     147     148     149     150
  1 -11.829 -17.293 -17.912 -25.739 -44.980  -7.647 -11.920 -10.656 -12.419 -63.669 -60.690 -11.242 -15.520 -16.979 -27.684
 53 -11.702 -15.239 -18.675 -24.318 -43.118  -6.336  -7.889 -10.683  -9.713 -60.413 -59.802 -11.554 -16.831  -5.384 -18.716
     CCLF3   CCLN    CCLO    CCL2    CCL2F2  COCL2   CCL3    CCL3F   CCL4    CFN     CFO     CF2     CF2O    CF3     CF4     
    151     152     153     154     155     156     157     158     159     160     161     162     163     164     165
  1 -50.376 -19.275 -15.708 -27.587 -50.609 -28.184 -39.324 -50.912 -51.468 -21.192 -17.853 -27.041 -27.669 -39.860 -50.407
 53 -35.749  -9.257  -7.889 -14.736 -35.650 -19.004 -25.332 -35.784 -36.298 -10.201  -9.061 -14.880 -18.983 -25.646 -36.225
     CF4O    CF8S    CHCL    CHCL3   CHF     CHFO    CHF3    HCN     CHNO    HCO     PCH     CH2     CH2CL2  CH2CLF  CH2F2   
    166     167     168     169     170     171     172     173     174     175     176     177     178     179     180
  1 -61.840 -99.000 -20.440 -41.636 -20.267 -19.749 -41.509 -10.298 -14.743  -9.390 -13.288 -12.841 -32.598 -32.894 -33.355
 53 -43.601 -91.311  -7.694 -27.885  -7.883 -11.471 -28.084  -1.644  -7.043  -1.521  -5.234  -0.845 -20.067 -20.089 -20.550
     H2CO    CH3     CH3CL   CH3F    CH4     KCN     NACN    CNO     CNN     NCN     COS     CO2     CS2     SI2C    C2CL2   
    181     182     183     184     185     186     187     188     189     190     191     192     193     194     195
  1 -12.529 -13.865 -24.080 -25.011 -15.991 -20.316 -17.707 -14.421 -21.418 -19.196 -10.940  -5.843 -16.671 -21.989 -35.141
 53  -4.659  -2.884 -12.698 -13.165  -5.764 -10.802  -9.137  -5.380  -7.722  -6.781  -5.844  -3.050  -9.291  -9.025 -18.957
     C2CL4   C2CL6   C2F2    C2F3N   C2F4    C2F6    C2H     C2HCL   C2HF    C2H2    C2H4    C2H4O   (KCN)2  C2N     C2N2    
    196     197     198     199     200     201     202     203     204     205     206     207     208     209     210
  1 -60.198 -87.641 -39.548 -55.193 -62.729 -86.718 -16.800 -26.067 -28.180 -17.715 -25.677 -33.518 -49.492 -20.161 -23.652
 53 -40.277 -62.544 -21.035 -35.863 -41.451 -62.649  -1.843 -11.102 -11.982  -3.764 -10.159 -17.183 -32.153  -4.598  -9.520
     (NACN)2 SIC2    C2O     C3      C3O2    C4      C4N2    C5      FE(CO)5 CACL2   CAF2    CAOH    CA(OH)2 CA2     CLF     
    211     212     213     214     215     216     217     218     219     220     221     222     223     224     225
  1 -44.002 -22.412 -16.549 -25.877 -26.155 -37.695 -43.092 -45.850 -63.456 -16.359 -17.636  -8.758 -14.126 -16.836 -18.707
 53 -28.915  -6.252  -3.767  -5.460 -12.242 -11.362 -18.730 -15.672 -44.180 -15.054 -15.649  -6.492 -12.884 -12.017 -10.719
     MGCLF   CLFO2S  CLFO3   PCLF2O  CLF3    CLF3SI  CLF5    CLF5S   CHCLF2  CHCL2F  OHCL    SIH3CL  NOCL    NO2CL   TIOCL   
    226     227     228     229     230     231     232     233     234     235     236     237     238     239     240
  1 -18.600 -37.684 -49.639 -38.721 -53.263 -37.410 -90.017 -84.587 -41.361 -41.453 -14.334 -22.910 -18.728 -28.550 -13.877
 53 -14.840 -30.594 -35.242 -33.675 -35.686 -32.353 -62.178 -65.190 -27.596 -27.589  -8.417 -14.260 -11.533 -19.804 -13.791
     CLO2    CLO3    SCL     CLS2    TICL    CL2FOP  FECL2   SIH2CL2 (KCL)2  MGCL2   (NACL)2 CLOCL   CLCLO   TIOCL2  CLO2CL  
    241     242     243     244     245     246     247     248     249     250     251     252     253     254     255
  1 -22.149 -34.442 -13.671 -21.196 -11.828 -38.423 -18.222 -27.988 -35.873 -17.769 -31.543 -26.433 -26.255 -21.201 -36.913
 53 -13.865 -22.995  -7.590 -14.953  -8.798 -33.161 -14.513 -20.268 -30.223 -14.020 -27.514 -17.331 -17.047 -21.614 -25.016
     CLOCLO  SO2CL2  SCL2    SICL2   TICL2   SIFCL3  FECL3   SIHCL3  PCL3O   PCL3    PCL3S   SICL3   TICL3   FE2CL4  MG2CL4  
    256     257     258     259     260     261     262     263     264     265     266     267     268     269     270
  1 -37.356 -38.023 -24.580 -19.714 -18.813 -39.098 -30.246 -33.551 -39.012 -34.422 -42.839 -29.652 -27.076 -45.715 -44.427
 53 -24.927 -30.789 -17.521 -14.250 -17.365 -32.865 -24.860 -26.716 -33.553 -27.812 -36.035 -23.581 -26.178 -39.872 -38.635
     SICL4   TICL4   PCL5    (FECL3)2CRN     CRO2    CRO3    FEF     FHO     FHO3S   SIH3F   FNO     FNO2    FNO3    TIOF    
    271     272     273     274     275     276     277     278     279     280     281     282     283     284     285
  1 -39.778 -36.995 -63.255 -70.156 -13.057 -12.002 -18.551 -12.226 -17.750 -34.134 -22.060 -20.424 -30.065 -41.846 -13.982
 53 -33.708 -35.605 -50.910 -60.496  -6.764 -10.330 -17.364  -7.309  -9.814 -28.577 -13.951 -12.426 -20.479 -28.659 -13.872
     OFO     FOO     PSF     TIF     FEF2    H2F2    SIH2F2  K2F2    MGF2    F2N     F2N2(cisF2N2(traNA2F2   F2O     F2OS    
    286     287     288     289     290     291     292     293     294     295     296     297     298     299     300
  1 -31.560 -23.685 -20.782 -11.159 -21.268 -22.019 -26.261 -39.136 -18.845 -31.620 -40.792 -40.845 -34.462 -33.349 -31.502
 53 -17.651 -14.048 -15.757  -8.505 -15.904 -14.384 -19.633 -31.807 -14.682 -18.839 -26.043 -25.938 -29.202 -20.306 -24.068
     SIOF2   TIOF2   F2O2    F2O2S   PF2     SF2     FSSF    F2S2    SIF2    TIF2    FEF3    SIHF3   F3H3    NF3     NOF3    
    301     302     303     304     305     306     307     308     309     310     311     312     313     314     315
  1 -21.401 -21.977 -42.553 -37.927 -23.085 -26.786 -35.650 -34.416 -19.017 -17.236 -30.660 -30.943 -38.514 -47.461 -56.921
 53 -18.879 -22.366 -27.405 -30.991 -17.573 -18.486 -26.504 -26.070 -14.016 -16.613 -25.224 -25.735 -26.854 -31.199 -38.909
     POF3    PF3     PSF3    SF3     SIF3    TIF3    F4H4    MG2F4   N2F4    SF4     SIF4    TIF4    F5H5    PF5     SF5     
    316     317     318     319     320     321     322     323     324     325     326     327     328     329     330
  1 -36.917 -32.653 -42.062 -40.857 -27.171 -24.875 -54.598 -46.272 -77.060 -54.695 -36.017 -36.046 -70.736 -57.922 -71.427
 53 -32.981 -27.241 -35.971 -29.434 -22.598 -24.894 -38.969 -40.486 -52.030 -40.824 -32.270 -34.944 -51.153 -49.032 -53.683
     F6H6    SF6     F7H7    F10S2   FE(OH)2 FES     KOH     MGOH    HNO     HONO    HNO2    HNO3    NAOH    HO2     (KOH)2  
    331     332     333     334     335     336     337     338     339     340     341     342     343     344     345
  1 -86.685 -85.782 -99.000 -99.000 -15.299 -10.183 -13.717  -8.877 -11.176 -17.015 -17.074 -26.194 -11.427 -10.718 -37.333
 53 -63.293 -66.297 -75.692 -99.000 -12.183  -5.617  -9.229  -4.789  -4.740 -10.640 -10.675 -18.396  -7.637  -4.957 -30.507
     MG(OH)2 NH2     N2H2    (NAOH)2 H2O     H2SO4   PH2     H2S     NH3     PH3     N2H4    SIH4    K2SO4   MGN     NO2     
    346     347     348     349     350     351     352     353     354     355     356     357     358     359     360
  1 -15.004  -9.184 -17.800 -32.560  -2.427 -31.259 -10.209  -6.900 -10.443 -14.208 -26.018 -18.244 -47.866 -10.683 -14.033
 53 -11.824  -1.690  -8.504 -27.406   0.220 -26.927  -4.328  -2.317  -3.916  -7.513 -14.118  -8.684 -44.723  -3.539  -8.318
     NO3     SI2N    VN      N2O     N2O3    N2O4    N2O5    N3      NA2SO4  S2O     PO2     SO2     SIO2    TIO2    VO2     
    361     362     363     364     365     366     367     368     369     370     371     372     373     374     375
  1 -25.188 -18.567 -13.050 -13.887 -31.668 -41.280 -50.002 -18.418 -43.331 -14.103  -9.211  -9.338  -8.219  -7.421  -8.675
 53 -16.849  -9.445  -7.984  -7.901 -21.688 -29.924 -36.637  -8.831 -41.705 -10.504  -8.511  -7.928  -6.567  -9.375 -10.419
     O3      SO3     P4O6    P4O10   P4      P4S3    S3      S4      S5      S6      S7      S8      SI3     AL+     AL-     
    376     377     378     379     380     381     382     383     384     385     386     387     388     389     390
  1 -18.274 -17.917 -45.136 -71.954 -30.757 -58.721 -18.842 -28.429 -39.370 -48.454 -57.512 -67.670 -24.101  -4.691 -14.219
 53 -10.680 -16.719 -56.469 -83.395 -27.305 -53.868 -13.627 -21.888 -32.051 -39.934 -47.428 -56.533 -12.173   1.016  -5.954
     ALCL+   ALCLF+  ALCL2+  ALCL2-  ALF+    ALF2+   ALF2-   ALF2O-  ALF4-   ALOH+   ALOH-   ALO+    ALO-    ALO2-   AL2O+   
    391     392     393     394     395     396     397     398     399     400     401     402     403     404     405
  1 -16.362 -22.466 -22.945 -25.765 -16.790 -23.075 -24.925 -26.056 -40.038 -10.284 -17.261 -13.456 -11.660 -16.798 -15.730
 53  -8.213 -15.884 -16.194 -20.671  -8.300 -16.413 -20.377 -24.216 -37.378  -5.255 -11.579  -4.859  -8.252 -13.928 -11.455
     AL2O2+  C+      C-      CF+     CF2+    CF3+    HCO+    CO2-    CA+     CAOH+   CL+     MGCL+   SCL+    CL-     SCL2+   
    406     407     408     409     410     411     412     413     414     415     416     417     418     419     420
  1 -23.461 -20.854 -19.052 -24.997 -38.638 -47.387 -15.118 -15.524  -4.104  -9.020 -19.103 -13.945 -21.054  -9.703 -31.817
 53 -18.192  -0.352  -3.107  -7.208 -17.967 -27.466  -2.656  -8.390   0.982  -5.031  -4.284  -5.634  -9.055  -4.312 -18.700
     CR+     CR-     F+      F-      MGF+    PF+     PF-     SF+     SF-     F2K-    MGF2+   NAF2-   PF2+    PF2-    SF2+    
    421     422     423     424     425     426     427     428     429     430     431     432     433     434     435
  1  -6.419 -14.880 -31.049 -13.009 -14.711 -22.349 -23.548 -23.579 -22.781 -37.758 -34.496 -35.482 -31.794 -32.139 -35.712
 53   0.173  -7.091  -9.240  -5.547  -5.739 -10.508 -14.437 -10.130 -13.440 -26.741 -19.267 -25.290 -19.728 -23.382 -20.390
     SF2-    SF3+    SF3-    SF4+    SF4-    SF5+    SF5-    SF6-    FE+     FE-     H+      H-      KOH+    MGOH+   NAOH+   
    436     437     438     439     440     441     442     443     444     445     446     447     448     449     450
  1 -35.923 -49.036 -47.338 -67.037 -62.992 -82.735 -74.862 -94.490  -6.634 -14.027 -14.395  -8.684 -16.498 -13.094 -17.274
 53 -23.750 -31.874 -34.151 -43.949 -45.480 -56.968 -56.382 -71.384   1.775  -5.113   1.171   0.114  -8.236  -5.010  -7.953
     H3O+    HE+     K+      K-      KO-     MG+     N+      N-      NO2-    N2-     N2O+    NA+     NA-     NAO-    O+      
    451     452     453     454     455     456     457     458     459     460     461     462     463     464     465
  1 -13.959 -37.228  -4.837 -18.599 -22.425  -5.901 -22.520 -16.567 -21.094 -16.877 -27.577  -3.755 -15.788 -19.813 -18.198
 53  -4.549  -8.941  -0.270  -9.691 -13.669   2.033  -3.226  -4.184 -13.128  -7.095 -11.467   0.846  -7.832 -11.981  -2.246
     O-      O2-     P+      P-      S+      S-      SI+     SI-     TI+     TI-     V+      V-      LIALF4  BE+     BECL+   
    466     467     468     469     470     471     472     473     474     475     476     477     478     479     480
  1 -10.839 -16.399 -13.986 -14.605 -12.505 -10.578  -9.926 -14.190  -7.209 -16.966  -8.011 -16.922 -48.645 -15.302 -23.563
 53  -2.496  -8.018  -2.137  -5.898  -0.861  -3.470   1.451  -3.820  -0.433  -8.411  -1.445  -9.039 -47.799  -5.033 -13.018
     BECLF   BECL2   BEF2    BEF3LI  BEHO    BEHO+   BEH2    BEH2O2  BEN     BE2     BE2CL4  BE2F2O  BE2O    BE2O2   BE3O3   
    481     482     483     484     485     486     487     488     489     490     491     492     493     494     495
  1 -20.929 -21.719 -20.652 -56.647 -12.803 -19.684 -14.627 -16.412 -16.367 -27.589 -54.544 -34.239 -22.431 -24.963 -36.463
 53 -18.734 -19.256 -18.852 -49.001  -9.790 -11.157  -8.735 -16.040  -9.224 -19.536 -49.585 -34.689 -20.134 -24.893 -41.507
     BE4O4   BE5O5   BE6O6   C2BE    LI2CLF  LIOCL   ZRCL    (LICL)2 ZRCL2   (LICL)3 ZRCL3   ZRCL4   LIOF    ZRF     LIF2-   
    496     497     498     499     500     501     502     503     504     505     506     507     508     509     510
  1 -49.302 -63.163 -76.583 -27.197 -40.059 -28.074 -14.833 -38.656 -21.092 -63.658 -28.103 -35.934 -30.293 -16.151 -38.813
 53 -57.939 -75.326 -92.583 -12.615 -37.746 -21.861 -10.810 -36.739 -18.558 -61.809 -26.500 -35.358 -22.688 -11.243 -30.027
     LI2F2   ZRF2    LI3F3   ZRF3    ZRF4    LIOH    LIOH+   ZRH     (LIOH)2 LI+     LI-     LIN     LINO    LINAO   LIO-    
    511     512     513     514     515     516     517     518     519     520     521     522     523     524     525
  1 -39.856 -20.764 -63.734 -27.782 -35.077 -14.509 -23.425 -12.464 -38.249  -9.026 -20.397 -18.874 -24.963 -25.964 -24.882
 53 -37.493 -18.269 -61.105 -26.269 -34.970 -12.021 -13.746  -5.971 -36.079  -4.347 -12.741 -11.914 -17.976 -21.694 -17.280
     LI2O    LI2O2   LI2SO4  ZRO2    ZR+     ZR-     TIC     SI(CH3)4SICH3CL3SIH2    SIH3    TIC2    C3H     CRC2    SI2C2   
    526     527     528     529     530     531     532     533     534     535     536     537     538     539     540
  1 -28.596 -35.520 -50.254  -8.992 -11.923 -20.803 -16.096 -87.861 -65.128 -11.898 -14.152 -25.048 -25.561 -26.166 -31.839
 53 -25.745 -31.527 -50.442 -10.243  -2.861 -10.460  -6.682 -55.600 -54.019  -3.472  -5.320 -11.150  -6.975 -10.881 -13.551
     VC2     TIC4    VC4     
    541     542     543
  1 -26.047 -44.467 -45.908
 53 -12.299 -20.741 -22.084


 P A R T I A L  P R E S S U R E S  -- illustrative sums

positive ions   negative ions  neutral atoms  neutral molecules  sum{el,at,mol}  electron pres   static el.pres
  ppH2  ppCH4  ppNH3  ppH2O  ppH  ppHe 

 I   pat+    pat-    pnat    pnmol    psum    pel  pel-stat   ppH2   ppCH4   ppNH3   ppH2O    ppH    ppHe
 1  -3.536  -8.635   1.958   1.169   2.023  -3.536  -3.713   1.168 -15.991 -10.443  -2.427   1.910   0.974
 2  -3.439  -8.473   2.049   1.271   2.116  -3.439  -3.574   1.269 -15.733 -10.253  -2.324   2.000   1.068
 3  -3.335  -8.298   2.146   1.384   2.216  -3.335  -3.437   1.383 -15.448 -10.041  -2.207   2.098   1.170
 4  -3.226  -8.113   2.249   1.508   2.321  -3.226  -3.304   1.507 -15.139  -9.811  -2.074   2.200   1.278
 5  -3.117  -7.923   2.353   1.641   2.430  -3.117  -3.177   1.640 -14.811  -9.563  -1.926   2.303   1.390
 6  -3.010  -7.734   2.456   1.781   2.540  -3.010  -3.056   1.780 -14.469  -9.305  -1.766   2.405   1.503
 7  -2.906  -7.547   2.557   1.925   2.648  -2.906  -2.942   1.924 -14.118  -9.038  -1.598   2.504   1.617
 8  -2.806  -7.366   2.654   2.071   2.755  -2.806  -2.835   2.070 -13.760  -8.766  -1.424   2.599   1.731
 9  -2.709  -7.188   2.748   2.218   2.860  -2.709  -2.733   2.217 -13.398  -8.494  -1.250   2.690   1.843
10  -2.615  -7.014   2.839   2.363   2.965  -2.615  -2.634   2.362 -13.035  -8.223  -1.080   2.778   1.956
11  -2.520  -6.842   2.930   2.507   3.069  -2.520  -2.537   2.506 -12.671  -7.955  -0.915   2.866   2.069
12  -2.425  -6.669   3.021   2.648   3.174  -2.425  -2.438   2.647 -12.309  -7.691  -0.757   2.953   2.182
13  -2.327  -6.494   3.113   2.787   3.281  -2.327  -2.338   2.786 -11.947  -7.429  -0.605   3.041   2.296
14  -2.225  -6.314   3.209   2.923   3.390  -2.225  -2.235   2.922 -11.591  -7.172  -0.461   3.134   2.412
15  -2.119  -6.130   3.308   3.057   3.502  -2.119  -2.127   3.056 -11.239  -6.919  -0.322   3.229   2.529
16  -2.009  -5.940   3.412   3.189   3.615  -2.009  -2.015   3.188 -10.893  -6.671  -0.187   3.329   2.647
17  -1.893  -5.744   3.519   3.318   3.731  -1.893  -1.899   3.317 -10.554  -6.427  -0.058   3.434   2.767
18  -1.774  -5.544   3.629   3.444   3.847  -1.774  -1.779   3.443 -10.224  -6.188   0.067   3.542   2.886
19  -1.651  -5.339   3.742   3.567   3.965  -1.651  -1.655   3.566  -9.905  -5.955   0.188   3.654   3.005
20  -1.525  -5.131   3.858   3.686   4.082  -1.525  -1.529   3.686  -9.597  -5.730   0.303   3.770   3.123
21  -1.396  -4.921   3.976   3.801   4.198  -1.396  -1.399   3.800  -9.304  -5.513   0.411   3.888   3.239
22  -1.261  -4.705   4.098   3.907   4.314  -1.261  -1.264   3.906  -9.036  -5.314   0.507   4.012   3.352
23  -1.121  -4.486   4.222   4.004   4.428  -1.121  -1.124   4.003  -8.792  -5.131   0.590   4.140   3.461
24  -0.982  -4.268   4.346   4.098   4.540  -0.983  -0.985   4.098  -8.554  -4.953   0.667   4.266   3.569
25  -0.844  -4.053   4.468   4.190   4.652  -0.845  -0.847   4.189  -8.319  -4.780   0.739   4.391   3.675
26  -0.707  -3.841   4.588   4.279   4.761  -0.707  -0.710   4.278  -8.089  -4.613   0.806   4.515   3.779
27  -0.571  -3.631   4.707   4.364   4.870  -0.571  -0.574   4.364  -7.864  -4.450   0.867   4.637   3.882
28  -0.435  -3.424   4.825   4.447   4.977  -0.435  -0.438   4.446  -7.643  -4.294   0.922   4.757   3.983
29  -0.300  -3.220   4.940   4.526   5.082  -0.300  -0.303   4.525  -7.428  -4.144   0.970   4.875   4.082
30  -0.165  -3.019   5.054   4.600   5.185  -0.166  -0.169   4.599  -7.220  -4.001   1.011   4.991   4.179
31  -0.032  -2.822   5.164   4.670   5.285  -0.033  -0.036   4.669  -7.021  -3.867   1.043   5.104   4.273
32   0.100  -2.630   5.272   4.734   5.382   0.099   0.096   4.733  -6.831  -3.744   1.067   5.214   4.365
33   0.230  -2.444   5.375   4.792   5.476   0.229   0.226   4.791  -6.653  -3.633   1.081   5.320   4.452
34   0.316  -2.324   5.441   4.827   5.535   0.315   0.312   4.826  -6.542  -3.566   1.085   5.387   4.507
35   0.443  -2.148   5.536   4.873   5.621   0.442   0.439   4.872  -6.386  -3.477   1.082   5.484   4.587
36   0.567  -1.980   5.625   4.914   5.702   0.566   0.563   4.912  -6.242  -3.400   1.070   5.575   4.662
37   0.688  -1.819   5.709   4.949   5.779   0.687   0.684   4.947  -6.109  -3.335   1.052   5.661   4.733
38   0.807  -1.664   5.789   4.979   5.851   0.806   0.803   4.978  -5.985  -3.279   1.028   5.741   4.800
39   0.924  -1.514   5.864   5.005   5.920   0.922   0.919   5.004  -5.870  -3.234   0.999   5.818   4.864
40   1.039  -1.369   5.936   5.028   5.986   1.037   1.035   5.026  -5.763  -3.198   0.965   5.891   4.926
41   1.153  -1.227   6.005   5.047   6.050   1.152   1.149   5.045  -5.664  -3.172   0.926   5.961   4.985
42   1.268  -1.088   6.071   5.061   6.112   1.266   1.263   5.059  -5.573  -3.158   0.882   6.028   5.043
43   1.382  -0.952   6.135   5.072   6.171   1.380   1.378   5.070  -5.492  -3.157   0.833   6.093   5.099
44   1.497  -0.817   6.198   5.078   6.230   1.495   1.493   5.076  -5.424  -3.170   0.778   6.157   5.154
45   1.613  -0.684   6.260   5.080   6.288   1.611   1.610   5.077  -5.370  -3.201   0.719   6.219   5.208
46   1.730  -0.552   6.320   5.076   6.344   1.728   1.727   5.074  -5.337  -3.250   0.655   6.280   5.261
47   1.849  -0.423   6.380   5.067   6.400   1.847   1.846   5.064  -5.329  -3.322   0.589   6.340   5.314
48   1.969  -0.295   6.438   5.051   6.456   1.967   1.967   5.048  -5.354  -3.418   0.519   6.399   5.366
49   2.050  -0.211   6.477   5.037   6.492   2.048   2.048   5.034  -5.393  -3.496   0.469   6.438   5.401
50   2.132  -0.128   6.515   5.020   6.529   2.130   2.130   5.017  -5.452  -3.585   0.416   6.477   5.436
51   2.214  -0.046   6.553   4.999   6.565   2.212   2.213   4.996  -5.533  -3.685   0.358   6.515   5.471
52   2.298   0.035   6.591   4.976   6.602   2.295   2.296   4.973  -5.636  -3.796   0.293   6.554   5.506
53   2.382   0.116   6.629   4.949   6.638   2.380   2.382   4.946  -5.764  -3.916   0.220   6.591   5.541
 
 
  
  
 84 MOLECULES(/+ATOMS) HAVE BEEN CONSIDERED IN THE OPACITY
 A B S O R P T I O N   C O E F F I C I E N T S  [CM/MOL]
 K  SO2   TiH   CO2   OH    CrH   CH    AlCl  ZrO   PO    NaCl  SiS   NO    LiF   HCN   C3    C2H2  MgH   TiO   CaH   SiO   LiCl  PH3   H2    C2    KCl   HCl   CP    LiH   NaH   AlF   FeH   BeH   MgF   CaF   CH4   CO    CN    H2CO  NH3   AlO   VO    SiH   PN    CS    KF    H2O   PS    SN    AlH   NaF   HS    NH  
  Al    Be    Ca    Cl    C     Cr    Fe    F     K     Li    Mg    Na    N     O     P     Si    S     Ti    V     Zr    O2    O3    COS   N2O   SO3   H2S   CS2   NO2   N2    S2    SO    C2H4
  1 10.97 10.69  9.66 10.11  9.60 10.70 11.15 11.07  6.09  4.96  6.27 10.37  6.70  6.95  7.33 11.08 10.74 10.91 11.02 10.60  6.77  6.58 -0.59 10.18  5.11 10.75  8.69  7.07 10.70  6.75  9.31  8.51  7.09 11.10 10.45 10.69 10.38  6.83 10.75 10.00 10.72  9.17  9.34 11.00  6.22 10.45  8.28  5.65 10.03  6.38 10.83 10.61
***  8.29 10.44  3.99  4.60 10.46 11.57  3.21 16.43 10.42 11.45  6.89  2.94  2.78  8.26 11.47  7.77 10.64 11.05 11.36 10.66 10.73  7.43  7.20  7.14  5.65 11.61 10.81-42.33 10.70 11.22  6.59
  2 10.97 10.68  9.66 10.11  9.60 10.70 11.14 11.07  6.09  4.97  6.27 10.37  6.70  6.95  7.32 11.08 10.74 10.91 11.02 10.60  6.77  6.57 -0.59 10.18  5.12 10.75  8.69  7.07 10.70  6.75  9.31  8.51  7.09 11.10 10.45 10.69 10.38  6.82 10.75 10.00 10.72  9.17  9.34 11.00  6.22 10.45  8.28  5.65 10.03  6.38 10.83 10.61
***  8.29 10.44  3.99  4.60 10.46 11.57  3.21 16.36 10.42 11.46  7.00  2.94  2.78  8.26 11.47  7.77 10.64 11.05 11.36 10.66 10.73  7.42  7.19  7.14  5.65 11.61 10.81-42.28 10.70 11.22  6.59
  3 10.97 10.68  9.66 10.11  9.60 10.70 11.14 11.07  6.09  4.97  6.27 10.37  6.71  6.95  7.32 11.08 10.74 10.91 11.02 10.60  6.77  6.56 -0.59 10.18  5.12 10.75  8.69  7.07 10.70  6.75  9.30  8.51  7.09 11.10 10.45 10.69 10.38  6.82 10.75 10.00 10.72  9.17  9.34 11.00  6.22 10.45  8.28  5.65 10.03  6.38 10.83 10.61
***  8.29 10.44  3.99  4.61 10.46 11.57  3.21 16.27 10.43 11.46  7.09  2.94  2.78  8.26 11.47  7.77 10.64 11.05 11.35 10.66 10.73  7.42  7.19  7.14  5.65 11.61 10.81-42.24 10.70 11.22  6.59
  4 10.97 10.68  9.66 10.11  9.60 10.70 11.14 11.07  6.09  4.97  6.27 10.37  6.71  6.95  7.32 11.08 10.74 10.91 11.02 10.60  6.77  6.55 -0.59 10.18  5.12 10.75  8.69  7.07 10.70  6.75  9.30  8.51  7.10 11.10 10.45 10.69 10.37  6.81 10.75  9.99 10.72  9.17  9.34 11.00  6.21 10.45  8.28  5.65 10.02  6.37 10.83 10.61
***  8.29 10.45  3.99  4.61 10.47 11.57  3.21 16.14 10.44 11.47  7.17  2.94  2.78  8.28 11.47  7.77 10.65 11.05 11.35 10.66 10.73  7.41  7.18  7.14  5.65 11.61 10.81-42.20 10.70 11.22  6.59
  5 10.97 10.67  9.66 10.11  9.60 10.70 11.13 11.07  6.09  4.98  6.27 10.37  6.71  6.95  7.32 11.08 10.73 10.91 11.02 10.60  6.76  6.55 -0.59 10.18  5.12 10.75  8.69  7.07 10.70  6.75  9.30  8.51  7.10 11.10 10.45 10.69 10.37  6.80 10.75  9.99 10.72  9.16  9.34 11.00  6.21 10.45  8.28  5.66 10.02  6.37 10.83 10.61
***  8.29 10.45  3.99  4.61 10.47 11.57  3.21 16.05 10.46 11.47  7.30  2.94  2.78  8.29 11.47  7.77 10.65 11.06 11.35 10.66 10.73  7.41  7.18  7.14  5.65 11.61 10.81-42.17 10.70 11.22  6.59
  6 10.97 10.67  9.66 10.11  9.60 10.70 11.13 11.07  6.09  4.98  6.27 10.37  6.71  6.96  7.31 11.08 10.73 10.91 11.02 10.60  6.76  6.54 -0.59 10.18  5.12 10.75  8.68  7.07 10.70  6.75  9.29  8.52  7.10 11.10 10.45 10.69 10.37  6.79 10.75  9.99 10.72  9.16  9.34 11.00  6.21 10.45  8.28  5.66 10.02  6.37 10.83 10.61
***  8.29 10.46  3.99  4.61 10.48 11.57  3.21 15.96 10.47 11.47  7.40  2.94  2.78  8.30 11.47  7.78 10.66 11.06 11.35 10.66 10.73  7.41  7.18  7.14  5.65 11.61 10.81-42.15 10.70 11.22  6.59
  7 10.97 10.67  9.66 10.11  9.60 10.70 11.13 11.07  6.09  4.98  6.27 10.37  6.71  6.96  7.31 11.08 10.73 10.91 11.02 10.60  6.76  6.53 -0.59 10.18  5.12 10.75  8.68  7.07 10.70  6.75  9.29  8.52  7.10 11.10 10.45 10.69 10.37  6.79 10.75  9.99 10.72  9.16  9.34 11.00  6.21 10.45  8.28  5.66 10.02  6.37 10.83 10.61
***  8.29 10.46  3.99  4.62 10.49 11.57  3.21 15.83 10.48 11.48  7.49  2.94  2.78  8.31 11.48  7.78 10.66 11.06 11.34 10.66 10.73  7.40  7.17  7.14  5.65 11.61 10.81-42.12 10.70 11.22  6.59
  8 10.97 10.67  9.66 10.11  9.60 10.70 11.13 11.07  6.09  4.99  6.27 10.37  6.71  6.96  7.31 11.08 10.73 10.91 11.02 10.60  6.76  6.53 -0.59 10.18  5.12 10.75  8.68  7.07 10.70  6.75  9.29  8.52  7.11 11.10 10.45 10.69 10.37  6.78 10.75  9.99 10.72  9.16  9.34 11.00  6.20 10.45  8.28  5.66 10.02  6.37 10.83 10.61
***  8.29 10.46  3.99  4.62 10.49 11.56  3.21 15.73 10.49 11.48  7.61  2.94  2.78  8.32 11.48  7.78 10.67 11.07 11.34 10.66 10.73  7.40  7.17  7.14  5.65 11.61 10.81-42.11 10.70 11.22  6.59
  9 10.97 10.67  9.66 10.11  9.60 10.70 11.13 11.07  6.09  4.99  6.27 10.37  6.71  6.96  7.31 11.08 10.73 10.91 11.02 10.60  6.76  6.52 -0.59 10.18  5.12 10.75  8.68  7.07 10.70  6.75  9.29  8.52  7.11 11.10 10.45 10.69 10.37  6.78 10.75  9.99 10.71  9.16  9.34 11.00  6.20 10.45  8.28  5.66 10.02  6.36 10.83 10.61
***  8.29 10.46  3.99  4.62 10.49 11.56  3.21 15.64 10.50 11.48  7.72  2.94  2.78  8.33 11.48  7.78 10.67 11.07 11.34 10.66 10.73  7.40  7.17  7.14  5.65 11.61 10.81-42.09 10.70 11.22  6.59
 10 10.97 10.66  9.66 10.11  9.60 10.70 11.12 11.07  6.09  4.99  6.27 10.37  6.71  6.96  7.31 11.08 10.73 10.91 11.02 10.60  6.76  6.52 -0.59 10.18  5.12 10.75  8.68  7.06 10.70  6.75  9.29  8.52  7.11 11.10 10.45 10.69 10.37  6.78 10.75  9.99 10.71  9.16  9.34 11.00  6.20 10.45  8.28  5.66 10.02  6.36 10.83 10.61
***  8.29 10.46  3.99  4.62 10.50 11.56  3.21 15.52 10.50 11.48  7.80  2.94  2.78  8.33 11.48  7.78 10.67 11.07 11.34 10.66 10.73  7.40  7.17  7.14  5.65 11.61 10.81-42.08 10.70 11.22  6.59
 11 10.97 10.66  9.66 10.11  9.60 10.70 11.12 11.07  6.09  4.99  6.27 10.37  6.71  6.96  7.31 11.08 10.73 10.91 11.02 10.60  6.76  6.51 -0.59 10.18  5.12 10.75  8.68  7.06 10.70  6.75  9.28  8.52  7.11 11.10 10.45 10.69 10.37  6.77 10.75  9.99 10.71  9.16  9.34 11.00  6.20 10.45  8.28  5.66 10.01  6.36 10.83 10.61
***  8.29 10.46  3.99  4.62 10.50 11.56  3.21 15.42 10.51 11.49  7.92  2.94  2.78  8.34 11.48  7.78 10.68 11.07 11.34 10.66 10.73  7.40  7.17  7.14  5.65 11.61 10.81-42.07 10.70 11.22  6.59
 12 10.97 10.66  9.66 10.11  9.60 10.70 11.12 11.07  6.09  4.99  6.27 10.37  6.71  6.96  7.30 11.08 10.73 10.91 11.02 10.60  6.76  6.51 -0.59 10.18  5.12 10.75  8.68  7.06 10.70  6.75  9.28  8.52  7.11 11.11 10.45 10.69 10.37  6.77 10.75  9.99 10.71  9.15  9.35 11.00  6.20 10.45  8.28  5.66 10.01  6.36 10.83 10.61
***  8.29 10.46  3.99  4.62 10.50 11.56  3.21 15.33 10.51 11.49  8.03  2.94  2.78  8.35 11.48  7.78 10.68 11.07 11.34 10.66 10.73  7.39  7.16  7.14  5.65 11.61 10.81-42.06 10.70 11.22  6.59
 13 10.97 10.66  9.66 10.11  9.60 10.70 11.12 11.07  6.09  5.00  6.27 10.37  6.71  6.96  7.30 11.08 10.73 10.91 11.02 10.60  6.76  6.50 -0.59 10.18  5.13 10.75  8.68  7.06 10.70  6.75  9.28  8.52  7.11 11.11 10.45 10.69 10.37  6.76 10.75  9.99 10.71  9.15  9.35 11.00  6.20 10.45  8.28  5.66 10.01  6.36 10.83 10.61
***  8.29 10.47  3.99  4.62 10.51 11.56  3.21 15.21 10.52 11.49  8.12  2.94  2.78  8.36 11.48  7.78 10.68 11.08 11.33 10.66 10.73  7.39  7.16  7.14  5.65 11.61 10.81-42.05 10.70 11.22  6.59
 14 10.97 10.66  9.66 10.11  9.60 10.70 11.12 11.07  6.09  5.00  6.27 10.37  6.71  6.96  7.30 11.08 10.73 10.91 11.02 10.60  6.76  6.50 -0.59 10.18  5.13 10.75  8.67  7.06 10.70  6.75  9.28  8.52  7.12 11.11 10.45 10.69 10.37  6.76 10.75  9.99 10.71  9.15  9.35 11.00  6.19 10.45  8.27  5.66 10.01  6.36 10.83 10.61
***  8.29 10.47  3.99  4.62 10.51 11.56  3.21 15.10 10.53 11.50  8.23  2.94  2.78  8.37 11.48  7.78 10.69 11.08 11.33 10.66 10.73  7.39  7.16  7.14  5.65 11.61 10.81-42.03 10.70 11.22  6.59
 15 10.97 10.66  9.66 10.11  9.60 10.70 11.12 11.07  6.09  5.00  6.27 10.37  6.71  6.96  7.30 11.08 10.73 10.91 11.02 10.60  6.76  6.49 -0.59 10.18  5.13 10.75  8.67  7.06 10.70  6.75  9.28  8.52  7.12 11.11 10.45 10.69 10.36  6.75 10.75  9.98 10.71  9.15  9.35 11.00  6.19 10.45  8.27  5.66 10.01  6.36 10.83 10.61
***  8.29 10.47  3.99  4.63 10.52 11.56  3.21 15.00 10.54 11.51  8.35  2.94  2.78  8.38 11.48  7.78 10.69 11.08 11.33 10.66 10.73  7.39  7.15  7.14  5.66 11.61 10.81-42.01 10.70 11.22  6.59
 16 10.97 10.65  9.66 10.11  9.60 10.70 11.11 11.07  6.09  5.01  6.26 10.37  6.71  6.96  7.30 11.08 10.72 10.91 11.02 10.60  6.75  6.48 -0.59 10.18  5.13 10.75  8.67  7.06 10.70  6.75  9.27  8.53  7.12 11.11 10.45 10.69 10.36  6.74 10.75  9.98 10.71  9.15  9.35 11.00  6.19 10.45  8.27  5.66 10.01  6.35 10.83 10.61
***  8.29 10.47  3.99  4.63 10.53 11.56  3.21 14.88 10.55 11.51  8.45  2.94  2.78  8.39 11.48  7.78 10.70 11.09 11.33 10.66 10.73  7.38  7.15  7.14  5.66 11.61 10.81-41.99 10.70 11.22  6.59
 17 10.97 10.65  9.66 10.11  9.59 10.70 11.11 11.07  6.10  5.01  6.26 10.37  6.71  6.96  7.29 11.08 10.72 10.91 11.02 10.60  6.75  6.47 -0.59 10.18  5.13 10.75  8.67  7.06 10.70  6.75  9.27  8.53  7.12 11.11 10.45 10.69 10.36  6.73 10.75  9.98 10.71  9.15  9.35 11.00  6.19 10.45  8.27  5.66 10.00  6.35 10.83 10.61
***  8.29 10.47  3.99  4.63 10.54 11.56  3.21 14.77 10.56 11.52  8.57  2.94  2.78  8.41 11.48  7.78 10.71 11.09 11.32 10.66 10.73  7.38  7.14  7.14  5.66 11.61 10.81-41.96 10.69 11.22  6.59
 18 10.97 10.64  9.66 10.11  9.59 10.70 11.10 11.07  6.10  5.01  6.26 10.37  6.72  6.97  7.29 11.08 10.72 10.91 11.02 10.60  6.75  6.45 -0.59 10.18  5.13 10.75  8.67  7.06 10.70  6.75  9.26  8.53  7.13 11.11 10.45 10.69 10.36  6.72 10.75  9.98 10.71  9.14  9.35 11.00  6.18 10.45  8.27  5.66 10.00  6.35 10.83 10.61
***  8.29 10.47  3.99  4.64 10.55 11.56  3.21 14.67 10.58 11.52  8.70  2.94  2.78  8.43 11.48  7.78 10.72 11.10 11.32 10.66 10.73  7.37  7.14  7.14  5.66 11.61 10.81-41.94 10.69 11.22  6.59
 19 10.97 10.64  9.66 10.11  9.60 10.70 11.10 11.07  6.10  5.03  6.26 10.37  6.72  6.97  7.29 11.08 10.72 10.91 11.02 10.59  6.75  6.45 -0.59 10.18  5.14 10.75  8.67  7.06 10.70  6.75  9.26  8.53  7.13 11.11 10.45 10.69 10.36  6.71 10.75  9.98 10.70  9.14  9.35 11.00  6.18 10.45  8.27  5.67 10.00  6.35 10.83 10.61
***  8.29 10.48  3.99  4.64 10.56 11.55  3.21 14.54 10.60 11.53  8.79  2.94  2.78  8.45 11.48  7.78 10.73 11.10 11.31 10.66 10.73  7.37  7.13  7.14  5.66 11.61 10.81-39.59 10.69 11.22  6.59
 20 10.97 10.63  9.66 10.11  9.60 10.70 11.10 11.07  6.10  5.04  6.26 10.37  6.72  6.97  7.28 11.08 10.71 10.91 11.02 10.59  6.75  6.45 -0.59 10.18  5.15 10.75  8.67  7.06 10.70  6.75  9.25  8.53  7.14 11.11 10.45 10.69 10.35  6.71 10.75  9.97 10.70  9.14  9.35 11.00  6.17 10.45  8.27  5.67  9.99  6.34 10.83 10.61
***  8.29 10.48  3.99  4.65 10.57 11.55  3.21 14.43 10.63 11.53  8.92  2.94  2.78  8.48 11.48  7.78 10.74 11.11 11.31 10.66 10.73  7.36  7.12  7.14  5.66 11.61 10.81-39.26 10.69 11.22  6.59
 21 10.97 10.63  9.66 10.11  9.61 10.70 11.09 11.07  6.10  5.05  6.26 10.37  6.72  6.97  7.27 11.08 10.71 10.91 11.01 10.59  6.74  6.45 -0.59 10.18  5.16 10.75  8.67  7.05 10.70  6.75  9.25  8.53  7.14 11.11 10.45 10.69 10.35  6.71 10.75  9.97 10.70  9.13  9.35 11.00  6.17 10.45  8.26  5.67  9.99  6.34 10.83 10.61
***  8.29 10.47  3.99  4.65 10.58 11.55  3.21 14.35 10.65 11.54  9.03  2.94  2.78  8.52 11.48  7.78 10.75 11.11 11.30 10.66 10.73  7.35  7.12  7.14  5.66 11.61 10.81-39.06 10.69 11.22  6.59
 22 10.97 10.62  9.66 10.11  9.61 10.70 11.08 11.07  6.10  5.07  6.26 10.37  6.71  6.97  7.27 11.08 10.71 10.91 11.01 10.59  6.74  6.45 -0.60 10.18  5.17 10.75  8.67  7.05 10.69  6.74  9.24  8.53  7.15 11.11 10.45 10.69 10.35  6.71 10.75  9.96 10.69  9.13  9.35 11.00  6.16 10.45  8.26  5.67  9.98  6.33 10.83 10.61
***  8.29 10.47  3.99  4.66 10.60 11.56  3.21 14.23 10.67 11.55  9.12  2.94  2.78  8.56 11.48  7.78 10.76 11.12 11.30 10.66 10.73  7.34  7.10  7.14  5.66 11.61 10.81-38.90 10.69 11.22  6.59
 23 10.97 10.61  9.66 10.11  9.62 10.70 11.08 11.07  6.10  5.09  6.26 10.37  6.71  6.97  7.26 11.08 10.70 10.91 11.01 10.59  6.74  6.45 -0.60 10.18  5.18 10.75  8.67  7.05 10.69  6.74  9.23  8.53  7.15 11.11 10.45 10.69 10.34  6.71 10.75  9.96 10.69  9.12  9.35 11.00  6.16 10.45  8.26  5.67  9.97  6.33 10.83 10.61
***  8.29 10.48  3.99  4.67 10.62 11.55  3.21 14.16 10.71 11.57  9.24  2.94  2.78  8.62 11.48  7.79 10.78 11.13 11.29 10.66 10.73  7.33  7.09  7.14  5.66 11.61 10.81-38.77 10.69 11.22  6.59
 24 10.97 10.61  9.66 10.11  9.62 10.70 11.07 11.07  6.10  5.11  6.26 10.37  6.71  6.97  7.25 11.08 10.70 10.91 11.01 10.59  6.73  6.45 -0.60 10.18  5.19 10.75  8.67  7.05 10.69  6.74  9.22  8.53  7.16 11.11 10.45 10.69 10.34  6.71 10.75  9.95 10.68  9.12  9.35 11.00  6.15 10.45  8.25  5.68  9.97  6.32 10.83 10.61
***  8.29 10.50  3.99  4.68 10.64 11.55  3.21 14.07 10.74 11.59  9.35  2.95  2.78  8.67 11.48  7.79 10.80 11.14 11.28 10.66 10.73  7.32  7.08  7.14  5.66 11.61 10.81-38.66 10.69 11.22  6.59
 25 10.97 10.60  9.66 10.11  9.63 10.70 11.06 11.07  6.10  5.12  6.25 10.37  6.71  6.97  7.24 11.08 10.70 10.91 11.01 10.59  6.73  6.45 -0.60 10.18  5.20 10.75  8.67  7.04 10.69  6.74  9.21  8.53  7.16 11.11 10.45 10.69 10.34  6.71 10.75  9.95 10.68  9.11  9.35 11.00  6.14 10.45  8.25  5.68  9.96  6.32 10.83 10.61
***  8.29 10.50  3.99  4.69 10.66 11.55  3.21 13.94 10.77 11.60  9.43  2.95  2.78  8.73 11.48  7.79 10.82 11.14 11.27 10.66 10.73  7.30  7.06  7.14  5.66 11.61 10.81-38.57 10.69 11.22  6.59
 26 10.97 10.59  9.66 10.11  9.64 10.70 11.05 11.07  6.10  5.14  6.25 10.37  6.71  6.97  7.23 11.08 10.69 10.90 11.01 10.59  6.72  6.45 -0.60 10.17  5.21 10.75  8.67  7.04 10.69  6.74  9.20  8.54  7.17 11.11 10.45 10.69 10.33  6.70 10.75  9.94 10.67  9.10  9.36 11.00  6.13 10.45  8.25  5.68  9.95  6.31 10.83 10.61
***  8.29 10.51  3.99  4.70 10.68 11.55  3.21 13.84 10.80 11.61  9.57  2.95  2.78  8.78 11.48  7.79 10.84 11.15 11.27 10.66 10.73  7.29  7.05  7.14  5.66 11.61 10.81-38.50 10.69 11.22  6.59
 27 10.97 10.58  9.66 10.11  9.64 10.70 11.04 11.07  6.11  5.16  6.25 10.37  6.71  6.97  7.22 11.08 10.69 10.90 11.01 10.59  6.72  6.45 -0.60 10.17  5.22 10.75  8.67  7.04 10.69  6.73  9.19  8.54  7.18 11.11 10.45 10.69 10.33  6.70 10.75  9.94 10.67  9.10  9.36 11.00  6.13 10.45  8.24  5.68  9.94  6.30 10.83 10.61
***  8.29 10.52  3.99  4.71 10.69 11.55  3.21 13.74 10.83 11.61  9.68  2.95  2.78  8.84 11.47  7.79 10.86 11.16 11.26 10.66 10.73  7.27  7.03  7.14  5.66 11.61 10.81-38.43 10.69 11.22  6.59
 28 10.97 10.57  9.66 10.11  9.65 10.70 11.03 11.07  6.11  5.18  6.25 10.37  6.71  6.97  7.21 11.08 10.68 10.90 11.01 10.59  6.71  6.45 -0.60 10.17  5.24 10.75  8.67  7.03 10.69  6.73  9.18  8.54  7.19 11.11 10.45 10.69 10.32  6.70 10.75  9.93 10.66  9.09  9.36 11.00  6.12 10.45  8.24  5.69  9.93  6.30 10.83 10.61
***  8.29 10.53  3.99  4.73 10.71 11.54  3.21 13.62 10.86 11.63  9.76  2.96  2.78  8.91 11.48  7.79 10.87 11.17 11.25 10.66 10.73  7.26  7.01  7.14  5.66 11.61 10.81-38.37 10.69 11.22  6.59
 29 10.97 10.56  9.66 10.11  9.66 10.70 11.02 11.07  6.11  5.20  6.25 10.37  6.71  6.97  7.20 11.08 10.67 10.90 11.01 10.59  6.70  6.45 -0.60 10.17  5.25 10.75  8.67  7.03 10.69  6.73  9.17  8.54  7.19 11.11 10.45 10.69 10.32  6.71 10.75  9.92 10.65  9.08  9.36 11.00  6.11 10.45  8.24  5.69  9.92  6.29 10.83 10.61
***  8.29 10.54  3.99  4.74 10.74 11.54  3.21 13.52 10.89 11.64  9.89  2.96  2.78  8.99 11.48  7.79 10.89 11.18 11.24 10.66 10.73  7.24  7.00  7.14  5.66 11.61 10.81-36.41 10.69 11.22  6.59
 30 10.97 10.55  9.66 10.11  9.67 10.70 11.01 11.07  6.11  5.24  6.25 10.37  6.71  6.97  7.19 11.08 10.67 10.90 11.01 10.59  6.70  6.45 -0.60 10.17  5.28 10.75  8.67  7.03 10.69  6.72  9.16  8.53  7.20 11.11 10.45 10.69 10.31  6.72 10.75  9.92 10.65  9.08  9.36 11.00  6.10 10.45  8.23  5.69  9.92  6.28 10.83 10.61
***  8.29 10.54  3.99  4.76 10.76 11.53  3.21 13.43 10.91 11.66  9.99  2.97  2.78  9.07 11.48  7.79 10.91 11.19 11.23 10.66 10.73  7.23  6.98  7.14  5.66 11.61 10.81-35.91 10.69 11.22  6.59
 31 10.97 10.54  9.66 10.11  9.69 10.70 11.01 11.07  6.11  5.27  6.25 10.37  6.71  6.97  7.18 11.08 10.66 10.90 11.00 10.59  6.69  6.45 -0.60 10.17  5.30 10.75  8.68  7.02 10.69  6.72  9.15  8.53  7.20 11.11 10.45 10.69 10.31  6.74 10.75  9.91 10.64  9.07  9.36 11.00  6.09 10.45  8.23  5.69  9.91  6.27 10.83 10.61
***  8.29 10.55  3.99  4.77 10.78 11.53  3.21 13.32 10.94 11.66 10.07  2.98  2.78  9.13 11.48  7.79 10.93 11.20 11.22 10.66 10.73  7.21  6.96  7.14  5.66 11.61 10.81-35.68 10.69 11.22  6.59
 32 10.97 10.53  9.66 10.11  9.70 10.70 11.00 11.07  6.11  5.30  6.24 10.37  6.70  6.96  7.16 11.08 10.66 10.89 11.00 10.59  6.68  6.45 -0.60 10.17  5.32 10.75  8.68  7.02 10.69  6.71  9.14  8.52  7.21 11.11 10.45 10.69 10.30  6.76 10.75  9.90 10.63  9.06  9.36 11.00  6.09 10.45  8.22  5.69  9.90  6.27 10.83 10.61
***  8.29 10.56  3.99  4.79 10.80 11.52  3.21 13.21 10.98 11.68 10.18  2.99  2.78  9.18 11.48  7.80 10.94 11.21 11.21 10.66 10.73  7.20  6.94  7.14  5.66 11.61 10.81-35.52 10.69 11.22  6.59
 33 10.97 10.52  9.66 10.11  9.72 10.70 10.99 11.07  6.11  5.33  6.24 10.36  6.70  6.96  7.15 11.08 10.65 10.89 11.00 10.58  6.68  6.45 -0.60 10.17  5.35 10.75  8.69  7.02 10.68  6.71  9.13  8.52  7.21 11.11 10.45 10.69 10.30  6.77 10.75  9.89 10.62  9.05  9.36 11.00  6.08 10.45  8.22  5.70  9.89  6.26 10.83 10.61
***  8.29 10.57  3.99  4.80 10.82 11.52  3.21 13.14 11.00 11.68 10.28  3.01  2.78  9.25 11.47  7.80 10.96 11.21 11.20 10.66 10.73  7.18  6.92  7.14  5.66 11.61 10.81-35.40 10.68 11.22  6.59
 34 10.97 10.51  9.66 10.11  9.73 10.70 10.98 11.07  6.11  5.35  6.24 10.36  6.70  6.96  7.14 11.08 10.65 10.89 11.00 10.58  6.67  6.45 -0.60 10.16  5.36 10.75  8.69  7.02 10.68  6.71  9.12  8.52  7.22 11.11 10.45 10.69 10.29  6.78 10.75  9.89 10.61  9.05  9.36 11.00  6.07 10.45  8.21  5.70  9.88  6.25 10.83 10.61
***  8.29 10.58  3.99  4.82 10.83 11.52  3.21 13.08 11.02 11.68 10.34  3.02  2.78  9.30 11.47  7.80 10.98 11.22 11.19 10.66 10.73  7.17  6.91  7.14  5.66 11.61 10.81-35.34 10.68 11.22  6.59
 35 10.97 10.50  9.66 10.11  9.74 10.70 10.97 11.06  6.11  5.37  6.24 10.36  6.69  6.96  7.13 11.08 10.64 10.89 11.00 10.58  6.67  6.45 -0.60 10.16  5.38 10.75  8.69  7.01 10.68  6.70  9.11  8.51  7.22 11.11 10.45 10.69 10.29  6.80 10.75  9.88 10.61  9.04  9.36 11.00  6.06 10.45  8.21  5.70  9.87  6.25 10.83 10.61
***  8.29 10.58  3.99  4.83 10.85 11.51  3.21 12.98 11.05 11.68 10.40  3.04  2.78  9.37 11.47  7.80 11.00 11.23 11.18 10.66 10.73  7.15  6.89  7.14  5.66 11.61 10.81-35.26 10.68 11.22  6.59
 36 10.97 10.49  9.66 10.11  9.76 10.70 10.96 11.06  6.11  5.40  6.24 10.36  6.69  6.96  7.11 11.08 10.63 10.89 11.00 10.58  6.66  6.45 -0.60 10.16  5.40 10.75  8.70  7.01 10.68  6.70  9.10  8.51  7.23 11.11 10.45 10.69 10.28  6.81 10.75  9.87 10.60  9.03  9.37 11.00  6.05 10.45  8.20  5.70  9.85  6.24 10.83 10.61
***  8.29 10.58  3.99  4.85 10.87 11.51  3.21 12.89 11.08 11.70 10.48  3.07  2.78  9.47 11.47  7.80 11.01 11.24 11.17 10.66 10.73  7.13  6.86  7.14  5.66 11.61 10.81-35.19 10.68 11.22  6.59
 37 10.97 10.48  9.66 10.11  9.77 10.70 10.95 11.06  6.11  5.43  6.24 10.36  6.69  6.95  7.10 11.08 10.63 10.88 11.00 10.58  6.65  6.45 -0.60 10.16  5.42 10.75  8.70  7.01 10.68  6.69  9.08  8.50  7.23 11.11 10.45 10.69 10.27  6.83 10.75  9.86 10.59  9.02  9.37 11.00  6.04 10.45  8.20  5.71  9.84  6.23 10.83 10.61
***  8.29 10.59  3.99  4.87 10.89 11.50  3.21 12.83 11.10 11.71 10.57  3.10  2.79  9.51 11.47  7.80 11.03 11.25 11.16 10.66 10.73  7.11  6.84  7.14  5.66 11.61 10.81-35.12 10.68 11.22  6.59
 38 10.97 10.47  9.66 10.11  9.77 10.70 10.94 11.06  6.11  5.43  6.24 10.36  6.68  6.95  7.09 11.08 10.63 10.88 11.00 10.58  6.65  6.45 -0.60 10.16  5.43 10.75  8.71  7.01 10.68  6.69  9.08  8.50  7.23 11.11 10.45 10.69 10.27  6.83 10.75  9.86 10.58  9.02  9.37 11.00  6.04 10.45  8.19  5.71  9.84  6.23 10.83 10.61
***  8.29 10.61  3.99  4.89 10.91 11.50  3.21 12.77 11.12 11.72 10.64  3.13  2.79  9.58 11.47  7.80 11.05 11.25 11.15 10.66 10.73  7.10  6.83  7.14  5.66 11.61 10.81-35.11 10.68 11.22  6.59
 39 10.97 10.47  9.66 10.11  9.77 10.70 10.94 11.06  6.11  5.43  6.24 10.36  6.68  6.95  7.09 11.08 10.63 10.88 11.00 10.58  6.65  6.45 -0.60 10.16  5.43 10.75  8.71  7.01 10.68  6.69  9.08  8.50  7.23 11.11 10.45 10.69 10.27  6.83 10.75  9.86 10.58  9.02  9.37 11.00  6.04 10.45  8.19  5.71  9.84  6.23 10.83 10.61
***  8.29 10.62  3.99  4.91 10.92 11.50  3.21 12.69 11.14 11.73 10.70  3.16  2.79  9.65 11.47  7.80 11.06 11.26 11.14 10.66 10.73  7.10  6.83  7.14  5.66 11.61 10.81-35.11 10.68 11.22  6.59
 40 10.97 10.47  9.66 10.11  9.77 10.70 10.94 11.06  6.11  5.43  6.24 10.36  6.68  6.95  7.09 11.08 10.63 10.88 11.00 10.58  6.65  6.45 -0.60 10.16  5.43 10.75  8.71  7.01 10.68  6.69  9.08  8.50  7.23 11.11 10.45 10.69 10.27  6.83 10.75  9.86 10.58  9.02  9.37 11.00  6.04 10.45  8.19  5.71  9.84  6.23 10.83 10.61
***  8.29 10.62  3.99  4.93 10.94 11.49  3.21 12.61 11.16 11.74 10.74  3.20  2.79  9.71 11.46  7.81 11.08 11.26 11.13 10.66 10.73  7.10  6.83  7.14  5.66 11.61 10.81-35.11 10.68 11.22  6.59
 41 10.97 10.47  9.66 10.11  9.77 10.70 10.94 11.06  6.11  5.43  6.24 10.36  6.68  6.95  7.09 11.08 10.63 10.88 11.00 10.58  6.65  6.45 -0.60 10.16  5.43 10.75  8.71  7.01 10.68  6.69  9.08  8.50  7.23 11.11 10.45 10.69 10.27  6.83 10.75  9.86 10.58  9.02  9.37 11.00  6.04 10.45  8.19  5.71  9.84  6.23 10.83 10.61
***  8.29 10.62  3.99  4.96 10.95 11.49  3.21 12.55 11.18 11.74 10.81  3.25  2.79  9.77 11.46  7.81 11.09 11.27 11.12 10.66 10.73  7.10  6.83  7.14  5.66 11.61 10.81-35.11 10.68 11.22  6.59
 42 10.97 10.47  9.66 10.11  9.77 10.70 10.94 11.06  6.11  5.43  6.24 10.36  6.68  6.95  7.09 11.08 10.63 10.88 11.00 10.58  6.65  6.45 -0.60 10.16  5.43 10.75  8.71  7.01 10.68  6.69  9.08  8.50  7.23 11.11 10.45 10.69 10.27  6.83 10.75  9.86 10.58  9.02  9.37 11.00  6.04 10.45  8.19  5.71  9.84  6.23 10.83 10.61
***  8.29 10.64  3.99  4.99 10.97 11.49  3.21 12.51 11.21 11.75 10.87  3.30  2.79  9.81 11.46  7.81 11.10 11.27 11.11 10.66 10.73  7.10  6.83  7.14  5.66 11.61 10.81-35.11 10.68 11.22  6.59
 43 10.97 10.47  9.66 10.11  9.77 10.70 10.94 11.06  6.11  5.43  6.24 10.36  6.68  6.95  7.09 11.08 10.63 10.88 11.00 10.58  6.65  6.45 -0.60 10.16  5.43 10.75  8.71  7.01 10.68  6.69  9.08  8.50  7.23 11.11 10.45 10.69 10.27  6.83 10.75  9.86 10.58  9.02  9.37 11.00  6.04 10.45  8.19  5.71  9.84  6.23 10.83 10.61
***  8.29 10.65  3.99  5.02 10.98 11.48  3.21 12.46 11.23 11.75 10.92  3.35  2.79  9.87 11.46  7.81 11.12 11.28 11.10 10.66 10.73  7.10  6.83  7.14  5.66 11.61 10.81-35.11 10.68 11.22  6.59
 44 10.97 10.47  9.66 10.11  9.77 10.70 10.94 11.06  6.11  5.43  6.24 10.36  6.68  6.95  7.09 11.08 10.63 10.88 11.00 10.58  6.65  6.45 -0.60 10.16  5.43 10.75  8.71  7.01 10.68  6.69  9.08  8.50  7.23 11.11 10.45 10.69 10.27  6.83 10.75  9.86 10.58  9.02  9.37 11.00  6.04 10.45  8.19  5.71  9.84  6.23 10.83 10.61
***  8.29 10.66  3.99  5.06 11.00 11.48  3.21 12.40 11.25 11.76 10.97  3.41  2.80  9.95 11.46  7.81 11.13 11.29 11.08 10.66 10.73  7.10  6.83  7.14  5.66 11.61 10.81-35.11 10.68 11.22  6.59
 45 10.97 10.47  9.66 10.11  9.77 10.70 10.94 11.06  6.11  5.43  6.24 10.36  6.68  6.95  7.09 11.08 10.63 10.88 11.00 10.58  6.65  6.45 -0.60 10.16  5.43 10.75  8.71  7.01 10.68  6.69  9.08  8.50  7.23 11.11 10.45 10.69 10.27  6.83 10.75  9.86 10.58  9.02  9.37 11.00  6.04 10.45  8.19  5.71  9.84  6.23 10.83 10.61
***  8.29 10.68  3.99  5.10 11.02 11.47  3.21 12.34 11.27 11.77 11.01  3.47  2.80 10.00 11.46  7.81 11.15 11.29 11.07 10.66 10.73  7.10  6.83  7.14  5.66 11.61 10.81-35.11 10.68 11.22  6.59
 46 10.97 10.47  9.66 10.11  9.77 10.70 10.94 11.06  6.11  5.43  6.24 10.36  6.68  6.95  7.09 11.08 10.63 10.88 11.00 10.58  6.65  6.45 -0.60 10.16  5.43 10.75  8.71  7.01 10.68  6.69  9.08  8.50  7.23 11.11 10.45 10.69 10.27  6.83 10.75  9.86 10.58  9.02  9.37 11.00  6.04 10.45  8.19  5.71  9.84  6.23 10.83 10.61
***  8.29 10.69  4.00  5.16 11.03 11.47  3.21 12.27 11.29 11.78 11.05  3.54  2.81 10.07 11.45  7.81 11.17 11.30 11.06 10.66 10.73  7.10  6.83  7.14  5.66 11.61 10.81-35.11 10.68 11.22  6.59
 47 10.97 10.47  9.66 10.11  9.77 10.70 10.94 11.06  6.11  5.43  6.24 10.36  6.68  6.95  7.09 11.08 10.63 10.88 11.00 10.58  6.65  6.45 -0.60 10.16  5.43 10.75  8.71  7.01 10.68  6.69  9.08  8.50  7.23 11.11 10.45 10.69 10.27  6.83 10.75  9.86 10.58  9.02  9.37 11.00  6.04 10.45  8.19  5.71  9.84  6.23 10.83 10.61
***  8.29 10.71  4.00  5.23 11.05 11.46  3.21 12.24 11.32 11.78 11.10  3.62  2.83 10.13 11.45  7.81 11.18 11.30 11.05 10.66 10.73  7.10  6.83  7.14  5.66 11.61 10.81-35.11 10.68 11.22  6.59
 48 10.97 10.47  9.66 10.11  9.77 10.70 10.94 11.06  6.11  5.43  6.24 10.36  6.68  6.95  7.09 11.08 10.63 10.88 11.00 10.58  6.65  6.45 -0.60 10.16  5.43 10.75  8.71  7.01 10.68  6.69  9.08  8.50  7.23 11.11 10.45 10.69 10.27  6.83 10.75  9.86 10.58  9.02  9.37 11.00  6.04 10.45  8.19  5.71  9.84  6.23 10.83 10.61
***  8.29 10.73  4.02  5.33 11.07 11.46  3.21 12.20 11.33 11.79 11.15  3.70  2.86 10.20 11.45  7.82 11.20 11.31 11.04 10.66 10.73  7.10  6.83  7.14  5.66 11.61 10.81-35.11 10.68 11.22  6.59
 49 10.97 10.47  9.66 10.11  9.77 10.70 10.94 11.06  6.11  5.43  6.24 10.36  6.68  6.95  7.09 11.08 10.63 10.88 11.00 10.58  6.65  6.45 -0.60 10.16  5.43 10.75  8.71  7.01 10.68  6.69  9.08  8.50  7.23 11.11 10.45 10.69 10.27  6.83 10.75  9.86 10.58  9.02  9.37 11.00  6.04 10.45  8.19  5.71  9.84  6.23 10.83 10.61
***  8.29 10.74  4.03  5.40 11.08 11.45  3.21 12.17 11.35 11.80 11.17  3.77  2.90 10.23 11.45  7.82 11.21 11.31 11.03 10.66 10.73  7.10  6.83  7.14  5.66 11.61 10.81-35.11 10.68 11.22  6.59
 50 10.97 10.47  9.66 10.11  9.77 10.70 10.94 11.06  6.11  5.43  6.24 10.36  6.68  6.95  7.09 11.08 10.63 10.88 11.00 10.58  6.65  6.45 -0.60 10.16  5.43 10.75  8.71  7.01 10.68  6.69  9.08  8.50  7.23 11.11 10.45 10.69 10.27  6.83 10.75  9.86 10.58  9.02  9.37 11.00  6.04 10.45  8.19  5.71  9.84  6.23 10.83 10.61
***  8.29 10.76  4.05  5.49 11.09 11.45  3.21 12.14 11.37 11.79 11.20  3.84  2.95 10.29 11.45  7.82 11.22 11.31 11.01 10.66 10.73  7.10  6.83  7.14  5.66 11.61 10.81-35.11 10.68 11.22  6.59
 51 10.97 10.47  9.66 10.11  9.77 10.70 10.94 11.06  6.11  5.43  6.24 10.36  6.68  6.95  7.09 11.08 10.63 10.88 11.00 10.58  6.65  6.45 -0.60 10.16  5.43 10.75  8.71  7.01 10.68  6.69  9.08  8.50  7.23 11.11 10.45 10.69 10.27  6.83 10.75  9.86 10.58  9.02  9.37 11.00  6.04 10.45  8.19  5.71  9.84  6.23 10.83 10.61
***  8.29 10.78  4.08  5.59 11.10 11.45  3.21 12.11 11.38 11.78 11.22  3.92  3.02 10.33 11.44  7.82 11.23 11.32 11.00 10.66 10.73  7.10  6.83  7.14  5.66 11.61 10.81-35.11 10.68 11.22  6.59
 52 10.97 10.47  9.66 10.11  9.77 10.70 10.94 11.06  6.11  5.43  6.24 10.36  6.68  6.95  7.09 11.08 10.63 10.88 11.00 10.58  6.65  6.45 -0.60 10.16  5.43 10.75  8.71  7.01 10.68  6.69  9.08  8.50  7.23 11.11 10.45 10.69 10.27  6.83 10.75  9.86 10.58  9.02  9.37 11.00  6.04 10.45  8.19  5.71  9.84  6.23 10.83 10.61
***  8.28 10.79  4.13  5.70 11.11 11.44  3.21 12.07 11.40 11.80 11.25  4.00  3.12 10.38 11.45  7.82 11.24 11.32 10.99 10.66 10.73  7.10  6.83  7.14  5.66 11.61 10.81-35.11 10.68 11.22  6.59
 53 10.97 10.47  9.66 10.11  9.77 10.70 10.94 11.06  6.11  5.43  6.24 10.36  6.68  6.95  7.09 11.08 10.63 10.88 11.00 10.58  6.65  6.45 -0.60 10.16  5.43 10.75  8.71  7.01 10.68  6.69  9.08  8.50  7.23 11.11 10.45 10.69 10.27  6.83 10.75  9.86 10.58  9.02  9.37 11.00  6.04 10.45  8.19  5.71  9.84  6.23 10.83 10.61
***  8.28 10.81  4.20  5.83 11.12 11.43  3.21 12.04 11.42 11.80 11.27  4.10  3.25 10.42 11.44  7.82 11.25 11.32 10.98 10.66 10.73  7.10  6.83  7.14  5.66 11.61 10.81-35.11 10.68 11.22  6.59
  
  
 I N T E G R A T E D   O P A C I T Y   [CM/G*]
 K  SO2   TiH   CO2   OH    CrH   CH    AlCl  ZrO   PO    NaCl  SiS   NO    LiF   HCN   C3    C2H2  MgH   TiO   CaH   SiO   LiCl  PH3   H2    C2    KCl   HCl   CP    LiH   NaH   AlF   FeH   BeH   MgF   CaF   CH4   CO    CN    H2CO  NH3   AlO   VO    SiH   PN    CS    KF    H2O   PS    SN    AlH   NaF   HS    NH  
  Al    Be    Ca    Cl    C     Cr    Fe    F     K     Li    Mg    Na    N     O     P     Si    S     Ti    V     Zr    O2    O3    COS   N2O   SO3   H2S   CS2   NO2   N2    S2    SO    C2H4
  1  -0.5  -1.2   1.6   5.6  -1.6  -3.2  -0.2   1.5  -1.8  -8.9  -2.8   2.8 -11.6  -5.5 -20.7  -8.8   2.0   3.6   1.7   6.0 -10.6  -9.8  -1.6 -10.6 -11.0   3.4  -7.2  -8.5  -0.7  -4.1  -1.1  -6.1  -6.0  -1.8  -7.7   7.0  -2.5  -7.9  -1.9   1.3   1.6  -0.9   0.1  -1.0 -11.5   5.8  -3.2  -5.7   1.0  -9.2   4.1   0.8
***  -2.5   4.5  -2.7  -7.0   4.0   6.9  -6.4   6.8  -1.3   6.9  -0.1  -4.2  -1.2   1.5   4.4   2.8   3.1   2.9  -0.7   2.7  -9.7  -5.7  -8.9 -13.0  -3.4  -7.2  -5.4 -47.0  -0.3   3.3 -21.3
  2  -0.6  -1.1   1.6   5.6  -1.6  -3.0  -0.2   1.5  -1.9  -8.8  -2.8   2.8 -11.6  -5.4 -20.5  -8.6   2.1   3.6   1.8   6.0 -10.6  -9.7  -1.6 -10.4 -10.9   3.4  -7.1  -8.5  -0.7  -4.1  -1.0  -6.1  -6.0  -1.7  -7.6   7.0  -2.4  -7.8  -1.8   1.3   1.6  -0.8   0.1  -0.9 -11.5   5.8  -3.2  -5.7   1.0  -9.1   4.1   0.9
***  -2.5   4.5  -2.7  -6.9   4.0   6.9  -6.3   6.7  -1.3   6.9   0.0  -4.1  -1.2   1.5   4.5   2.8   3.1   2.9  -0.7   2.7  -9.7  -5.7  -8.8 -12.9  -3.4  -7.2  -5.3 -46.9  -0.3   3.3 -21.0
  3  -0.6  -1.1   1.6   5.6  -1.5  -2.9  -0.2   1.5  -1.9  -8.8  -2.7   2.8 -11.6  -5.3 -20.2  -8.4   2.2   3.5   1.8   6.0 -10.6  -9.6  -1.6 -10.2 -10.9   3.4  -7.0  -8.4  -0.6  -4.2  -0.9  -6.0  -5.9  -1.7  -7.4   7.0  -2.3  -7.7  -1.7   1.3   1.6  -0.7   0.1  -0.8 -11.4   5.9  -3.1  -5.6   1.1  -9.1   4.1   1.0
***  -2.5   4.5  -2.8  -6.8   4.0   6.9  -6.3   6.6  -1.3   6.9   0.1  -4.1  -1.2   1.5   4.5   2.8   3.1   2.9  -0.6   2.7  -9.6  -5.6  -8.8 -12.9  -3.3  -7.1  -5.3 -46.9  -0.2   3.3 -20.7
  4  -0.6  -1.0   1.6   5.6  -1.4  -2.8  -0.2   1.5  -1.9  -8.8  -2.7   2.8 -11.6  -5.2 -20.0  -8.2   2.2   3.5   1.9   6.0 -10.5  -9.5  -1.6 -10.1 -10.8   3.5  -6.9  -8.4  -0.5  -4.2  -0.9  -6.0  -5.9  -1.7  -7.2   7.0  -2.2  -7.6  -1.5   1.3   1.6  -0.6   0.1  -0.8 -11.4   5.9  -3.1  -5.6   1.1  -9.1   4.1   1.0
***  -2.5   4.5  -2.8  -6.7   4.0   6.9  -6.3   6.5  -1.3   6.9   0.2  -4.1  -1.2   1.5   4.6   2.8   3.1   2.9  -0.6   2.7  -9.5  -5.6  -8.7 -12.9  -3.3  -7.0  -5.2 -46.9  -0.2   3.3 -20.4
  5  -0.5  -0.9   1.7   5.6  -1.4  -2.6  -0.1   1.5  -1.9  -8.7  -2.7   2.9 -11.6  -5.1 -19.7  -8.0   2.3   3.5   1.9   6.0 -10.5  -9.3  -1.5  -9.9 -10.8   3.5  -6.8  -8.3  -0.4  -4.2  -0.8  -5.9  -5.9  -1.7  -7.0   7.0  -2.1  -7.4  -1.4   1.3   1.5  -0.5   0.1  -0.7 -11.3   5.9  -3.1  -5.5   1.2  -9.0   4.2   1.1
***  -2.5   4.5  -2.8  -6.7   4.0   6.9  -6.3   6.5  -1.2   6.9   0.4  -4.0  -1.3   1.5   4.6   2.8   3.1   2.9  -0.5   2.7  -9.4  -5.5  -8.6 -12.8  -3.2  -6.8  -5.2 -46.8  -0.2   3.3 -20.1
  6  -0.5  -0.8   1.7   5.6  -1.3  -2.5  -0.1   1.5  -1.9  -8.6  -2.6   2.9 -11.6  -5.0 -19.5  -7.8   2.4   3.5   2.0   6.0 -10.4  -9.2  -1.5  -9.7 -10.7   3.5  -6.7  -8.2  -0.3  -4.2  -0.7  -5.8  -5.8  -1.7  -6.7   7.0  -2.0  -7.3  -1.3   1.4   1.5  -0.4   0.2  -0.6 -11.3   6.0  -3.0  -5.5   1.2  -9.0   4.2   1.2
***  -2.5   4.5  -2.8  -6.6   4.0   6.9  -6.4   6.4  -1.2   6.9   0.5  -4.0  -1.3   1.5   4.6   2.8   3.1   2.9  -0.5   2.7  -9.4  -5.4  -8.6 -12.7  -3.1  -6.7  -5.1 -46.8  -0.1   3.3 -19.8
  7  -0.5  -0.8   1.7   5.6  -1.2  -2.4  -0.1   1.5  -1.9  -8.5  -2.6   2.9 -11.5  -4.9 -19.3  -7.6   2.4   3.5   2.1   6.0 -10.4  -9.0  -1.5  -9.6 -10.6   3.6  -6.7  -8.1  -0.2  -4.2  -0.6  -5.8  -5.8  -1.6  -6.5   7.0  -2.0  -7.2  -1.1   1.4   1.5  -0.4   0.2  -0.5 -11.2   6.0  -3.0  -5.4   1.3  -8.9   4.3   1.2
***  -2.5   4.6  -2.8  -6.5   4.0   6.9  -6.4   6.3  -1.2   6.9   0.6  -4.0  -1.3   1.5   4.6   2.8   3.1   2.9  -0.5   2.7  -9.3  -5.4  -8.5 -12.7  -3.0  -6.6  -5.1 -46.8  -0.1   3.3 -19.5
  8  -0.4  -0.7   1.7   5.6  -1.1  -2.3  -0.0   1.5  -1.8  -8.4  -2.5   2.9 -11.5  -4.8 -19.1  -7.4   2.5   3.5   2.2   6.0 -10.3  -8.8  -1.5  -9.5 -10.5   3.6  -6.6  -8.0  -0.1  -4.2  -0.5  -5.7  -5.8  -1.6  -6.2   7.0  -1.9  -7.0  -1.0   1.4   1.6  -0.3   0.2  -0.5 -11.1   6.1  -2.9  -5.3   1.4  -8.9   4.3   1.3
***  -2.5   4.6  -2.8  -6.5   4.0   6.8  -6.4   6.3  -1.1   6.9   0.8  -4.0  -1.4   1.5   4.6   2.8   3.1   2.9  -0.5   2.7  -9.2  -5.3  -8.4 -12.6  -2.9  -6.4  -5.0 -46.8   0.0   3.3 -19.1
  9  -0.4  -0.6   1.7   5.7  -1.1  -2.2   0.0   1.5  -1.8  -8.3  -2.5   2.9 -11.4  -4.7 -19.0  -7.2   2.6   3.5   2.3   6.0 -10.2  -8.6  -1.4  -9.4 -10.3   3.6  -6.5  -7.9   0.0  -4.1  -0.5  -5.6  -5.7  -1.6  -6.0   7.0  -1.9  -6.9  -0.8   1.4   1.6  -0.2   0.3  -0.4 -11.0   6.1  -2.8  -5.3   1.4  -8.8   4.4   1.3
***  -2.5   4.6  -2.8  -6.5   4.0   6.8  -6.5   6.3  -1.1   6.9   1.0  -4.1  -1.4   1.5   4.6   2.8   3.1   2.9  -0.5   2.6  -9.2  -5.2  -8.4 -12.5  -2.7  -6.3  -5.0 -46.8   0.1   3.4 -18.8
 10  -0.3  -0.6   1.8   5.7  -1.0  -2.2   0.1   1.5  -1.8  -8.2  -2.4   2.9 -11.4  -4.6 -18.8  -7.0   2.7   3.5   2.3   6.0 -10.1  -8.4  -1.4  -9.3 -10.2   3.7  -6.4  -7.8   0.1  -4.1  -0.4  -5.5  -5.7  -1.5  -5.7   7.0  -1.8  -6.7  -0.6   1.5   1.6  -0.2   0.3  -0.3 -10.9   6.2  -2.8  -5.2   1.5  -8.7   4.5   1.4
***  -2.5   4.6  -2.8  -6.5   4.0   6.8  -6.5   6.2  -1.0   6.9   1.1  -4.1  -1.4   1.5   4.6   2.8   3.1   2.9  -0.5   2.6  -9.2  -5.1  -8.3 -12.4  -2.6  -6.1  -4.9 -46.7   0.2   3.4 -18.5
 11  -0.3  -0.5   1.8   5.7  -0.9  -2.1   0.1   1.5  -1.8  -8.1  -2.3   2.9 -11.3  -4.5 -18.6  -6.8   2.7   3.5   2.4   6.0 -10.0  -8.2  -1.4  -9.2 -10.1   3.7  -6.3  -7.7   0.3  -4.1  -0.3  -5.5  -5.7  -1.5  -5.5   7.0  -1.8  -6.6  -0.5   1.5   1.6  -0.1   0.4  -0.2 -10.9   6.3  -2.7  -5.2   1.6  -8.6   4.5   1.4
***  -2.5   4.6  -2.9  -6.5   4.0   6.8  -6.6   6.2  -1.0   6.9   1.3  -4.1  -1.5   1.5   4.6   2.8   3.1   2.9  -0.5   2.6  -9.2  -5.0  -8.3 -12.3  -2.5  -6.0  -4.9 -46.7   0.2   3.4 -18.1
 12  -0.3  -0.4   1.8   5.7  -0.9  -2.0   0.2   1.5  -1.8  -8.0  -2.3   2.8 -11.2  -4.4 -18.4  -6.6   2.8   3.6   2.5   6.0  -9.9  -8.1  -1.3  -9.1 -10.0   3.7  -6.2  -7.6   0.4  -4.1  -0.2  -5.4  -5.6  -1.5  -5.2   7.0  -1.7  -6.5  -0.3   1.5   1.6  -0.0   0.4  -0.2 -10.8   6.3  -2.6  -5.1   1.6  -8.5   4.6   1.5
***  -2.5   4.6  -2.9  -6.4   4.0   6.8  -6.6   6.1  -1.0   6.9   1.4  -4.1  -1.6   1.5   4.6   2.8   3.1   2.9  -0.5   2.5  -9.2  -4.9  -8.3 -12.3  -2.4  -5.8  -4.9 -46.7   0.3   3.4 -17.8
 13  -0.3  -0.4   1.8   5.7  -0.8  -1.9   0.3   1.5  -1.8  -7.9  -2.2   2.8 -11.2  -4.2 -18.2  -6.3   2.9   3.5   2.6   6.0  -9.8  -7.9  -1.3  -8.9  -9.8   3.8  -6.1  -7.5   0.5  -4.1  -0.2  -5.3  -5.6  -1.4  -5.0   7.0  -1.6  -6.3  -0.2   1.5   1.6   0.0   0.4  -0.1 -10.7   6.3  -2.5  -5.1   1.7  -8.5   4.6   1.5
***  -2.5   4.6  -2.9  -6.4   4.0   6.8  -6.6   6.1  -0.9   6.9   1.5  -4.2  -1.6   1.5   4.6   2.8   3.1   2.9  -0.5   2.5  -9.2  -4.9  -8.2 -12.2  -2.3  -5.7  -4.9 -46.7   0.4   3.4 -17.4
 14  -0.3  -0.3   1.8   5.6  -0.7  -1.8   0.3   1.5  -1.8  -7.8  -2.1   2.8 -11.1  -4.1 -17.9  -6.1   2.9   3.5   2.7   6.0  -9.8  -7.7  -1.3  -8.8  -9.7   3.8  -6.0  -7.4   0.6  -4.0  -0.1  -5.3  -5.6  -1.4  -4.8   7.0  -1.6  -6.2  -0.0   1.5   1.6   0.1   0.5   0.0 -10.6   6.4  -2.5  -5.0   1.8  -8.4   4.7   1.6
***  -2.5   4.6  -2.9  -6.3   4.0   6.8  -6.7   6.0  -0.9   6.9   1.7  -4.2  -1.7   1.5   4.7   2.7   3.1   2.9  -0.5   2.4  -9.2  -4.8  -8.2 -12.2  -2.2  -5.5  -4.9 -46.7   0.4   3.4 -17.1
 15  -0.3  -0.2   1.8   5.6  -0.6  -1.7   0.3   1.5  -1.8  -7.7  -2.1   2.8 -11.1  -4.0 -17.7  -5.9   3.0   3.5   2.7   6.0  -9.7  -7.6  -1.3  -8.6  -9.7   3.8  -5.9  -7.3   0.7  -4.0  -0.0  -5.2  -5.5  -1.3  -4.5   7.0  -1.5  -6.1   0.1   1.5   1.6   0.2   0.5   0.1 -10.5   6.4  -2.4  -5.0   1.8  -8.3   4.7   1.6
***  -2.5   4.6  -2.9  -6.3   4.0   6.8  -6.7   6.0  -0.9   6.9   1.8  -4.2  -1.7   1.6   4.7   2.7   3.2   2.9  -0.5   2.4  -9.1  -4.7  -8.1 -12.2  -2.1  -5.4  -4.9 -46.7   0.5   3.4 -16.7
 16  -0.3  -0.1   1.8   5.6  -0.6  -1.5   0.3   1.5  -1.8  -7.7  -2.0   2.8 -11.1  -3.9 -17.4  -5.6   3.1   3.5   2.8   6.0  -9.7  -7.4  -1.3  -8.4  -9.6   3.8  -5.8  -7.2   0.8  -4.0   0.1  -5.1  -5.5  -1.3  -4.3   7.0  -1.4  -6.0   0.2   1.5   1.6   0.3   0.5   0.2 -10.4   6.4  -2.4  -4.9   1.9  -8.3   4.8   1.7
***  -2.5   4.6  -3.0  -6.2   4.0   6.8  -6.7   5.9  -0.8   6.9   2.0  -4.1  -1.8   1.6   4.7   2.7   3.2   2.9  -0.4   2.4  -9.1  -4.6  -8.1 -12.2  -2.0  -5.2  -4.8 -46.6   0.5   3.4 -16.4
 17  -0.3  -0.0   1.8   5.6  -0.5  -1.4   0.4   1.5  -1.8  -7.6  -1.9   2.8 -11.0  -3.8 -17.1  -5.4   3.1   3.5   2.9   6.0  -9.7  -7.3  -1.2  -8.2  -9.5   3.8  -5.7  -7.2   0.9  -4.0   0.1  -5.1  -5.4  -1.3  -4.1   7.0  -1.3  -5.8   0.3   1.5   1.5   0.4   0.6   0.3 -10.4   6.4  -2.3  -4.9   1.9  -8.2   4.8   1.7
***  -2.5   4.6  -3.0  -6.1   4.0   6.8  -6.7   5.8  -0.8   7.0   2.1  -4.1  -1.8   1.6   4.8   2.7   3.2   2.9  -0.4   2.3  -9.1  -4.6  -8.0 -12.2  -1.9  -5.1  -4.8 -46.6   0.6   3.4 -16.1
 18  -0.3   0.0   1.8   5.6  -0.4  -1.2   0.4   1.5  -1.8  -7.6  -1.9   2.8 -11.0  -3.6 -16.8  -5.1   3.2   3.5   2.9   6.0  -9.6  -7.2  -1.2  -7.9  -9.5   3.8  -5.6  -7.1   0.9  -4.0   0.2  -5.0  -5.4  -1.3  -3.9   7.0  -1.1  -5.7   0.5   1.5   1.5   0.5   0.6   0.4 -10.3   6.4  -2.3  -4.8   2.0  -8.2   4.8   1.8
***  -2.5   4.6  -3.0  -6.0   4.0   6.8  -6.7   5.7  -0.8   7.0   2.2  -4.1  -1.8   1.6   4.9   2.7   3.2   2.9  -0.3   2.3  -9.0  -4.5  -8.0 -12.2  -1.9  -5.0  -4.8 -46.6   0.6   3.4 -15.7
 19  -0.3   0.1   1.8   5.6  -0.4  -1.1   0.4   1.5  -1.8  -7.5  -1.8   2.8 -11.0  -3.5 -16.4  -4.9   3.3   3.5   3.0   6.0  -9.6  -7.1  -1.2  -7.7  -9.4   3.8  -5.4  -7.1   1.0  -4.1   0.3  -4.9  -5.4  -1.3  -3.7   7.0  -1.0  -5.6   0.6   1.5   1.5   0.6   0.6   0.5 -10.3   6.4  -2.3  -4.8   2.0  -8.2   4.9   1.9
***  -2.5   4.6  -3.0  -5.8   4.1   6.8  -6.7   5.6  -0.8   7.0   2.3  -4.0  -1.8   1.6   4.9   2.7   3.3   2.9  -0.3   2.3  -8.9  -4.5  -7.9 -12.1  -1.8  -4.9  -4.7 -44.3   0.6   3.4 -15.4
 20  -0.4   0.2   1.8   5.6  -0.3  -0.9   0.3   1.5  -1.9  -7.5  -1.8   2.8 -11.0  -3.4 -16.1  -4.7   3.3   3.5   3.0   6.0  -9.7  -6.9  -1.2  -7.4  -9.4   3.9  -5.3  -7.0   1.1  -4.1   0.4  -4.9  -5.3  -1.2  -3.5   7.0  -0.9  -5.5   0.7   1.5   1.4   0.7   0.6   0.5 -10.3   6.4  -2.3  -4.7   2.1  -8.2   4.9   2.0
***  -2.5   4.6  -3.0  -5.7   4.1   6.8  -6.7   5.5  -0.8   7.0   2.4  -4.0  -1.8   1.7   5.0   2.7   3.3   2.9  -0.2   2.3  -8.9  -4.4  -7.8 -12.1  -1.8  -4.8  -4.6 -43.9   0.6   3.4 -15.1
 21  -0.4   0.3   1.8   5.6  -0.2  -0.7   0.3   1.5  -1.9  -7.5  -1.8   2.9 -11.0  -3.3 -15.7  -4.4   3.4   3.4   3.1   6.0  -9.7  -6.8  -1.2  -7.1  -9.4   3.8  -5.2  -7.0   1.1  -4.1   0.4  -4.8  -5.3  -1.2  -3.3   7.0  -0.7  -5.4   0.8   1.5   1.4   0.9   0.6   0.6 -10.2   6.4  -2.3  -4.7   2.1  -8.1   4.9   2.1
***  -2.5   4.6  -3.0  -5.5   4.1   6.8  -6.6   5.4  -0.7   7.0   2.5  -3.9  -1.8   1.7   5.1   2.7   3.3   2.9  -0.1   2.3  -8.8  -4.4  -7.8 -12.1  -1.7  -4.7  -4.6 -43.7   0.6   3.3 -14.8
 22  -0.4   0.4   1.8   5.7  -0.2  -0.5   0.3   1.5  -1.9  -7.5  -1.8   2.9 -11.1  -3.1 -15.4  -4.2   3.5   3.4   3.1   6.0  -9.7  -6.8  -1.2  -6.8  -9.4   3.8  -5.1  -7.0   1.1  -4.2   0.5  -4.8  -5.3  -1.3  -3.1   7.0  -0.6  -5.3   0.9   1.5   1.3   1.0   0.6   0.7 -10.2   6.4  -2.4  -4.6   2.1  -8.2   4.9   2.2
***  -2.5   4.6  -3.0  -5.3   4.1   6.8  -6.6   5.3  -0.7   7.0   2.6  -3.8  -1.8   1.8   5.2   2.7   3.4   2.9  -0.0   2.3  -8.6  -4.4  -7.7 -12.2  -1.7  -4.6  -4.5 -43.6   0.6   3.3 -14.5
 23  -0.5   0.5   1.7   5.7  -0.1  -0.3   0.2   1.5  -2.0  -7.6  -1.7   2.9 -11.1  -3.0 -15.0  -4.0   3.5   3.3   3.1   6.0  -9.8  -6.7  -1.3  -6.5  -9.4   3.8  -5.0  -6.9   1.2  -4.2   0.6  -4.7  -5.2  -1.3  -3.0   7.0  -0.4  -5.2   1.0   1.5   1.3   1.1   0.6   0.8 -10.3   6.4  -2.4  -4.6   2.1  -8.2   4.9   2.3
***  -2.5   4.6  -3.0  -5.1   4.1   6.8  -6.5   5.2  -0.7   7.0   2.7  -3.7  -1.7   1.8   5.3   2.7   3.4   3.0   0.1   2.4  -8.5  -4.4  -7.6 -12.2  -1.7  -4.6  -4.4 -43.4   0.6   3.3 -14.3
 24  -0.6   0.5   1.7   5.7  -0.0  -0.1   0.1   1.5  -2.0  -7.6  -1.7   3.0 -11.2  -2.9 -14.6  -3.8   3.6   3.3   3.2   5.9  -9.9  -6.7  -1.3  -6.2  -9.5   3.8  -4.8  -6.9   1.2  -4.3   0.6  -4.7  -5.2  -1.3  -2.9   7.0  -0.3  -5.1   1.0   1.4   1.2   1.3   0.6   0.8 -10.3   6.3  -2.5  -4.5   2.1  -8.2   4.9   2.5
***  -2.5   4.6  -2.9  -4.8   4.1   6.8  -6.4   5.1  -0.7   7.0   2.7  -3.6  -1.7   1.9   5.4   2.7   3.5   3.0   0.2   2.4  -8.3  -4.4  -7.5 -12.2  -1.7  -4.6  -4.3 -43.3   0.5   3.3 -14.0
 25  -0.6   0.6   1.7   5.7   0.0   0.2   0.1   1.5  -2.1  -7.7  -1.7   3.0 -11.2  -2.8 -14.2  -3.5   3.6   3.2   3.2   5.9 -10.0  -6.7  -1.3  -5.8  -9.5   3.8  -4.7  -7.0   1.2  -4.3   0.7  -4.6  -5.2  -1.3  -2.7   7.0  -0.1  -5.0   1.1   1.4   1.1   1.4   0.5   0.9 -10.3   6.3  -2.5  -4.5   2.1  -8.2   4.9   2.6
***  -2.5   4.6  -2.9  -4.6   4.2   6.8  -6.3   4.9  -0.8   7.0   2.8  -3.5  -1.6   1.9   5.6   2.7   3.5   3.0   0.3   2.4  -8.2  -4.4  -7.4 -12.2  -1.8  -4.5  -4.2 -43.2   0.5   3.3 -13.7
 26  -0.7   0.7   1.7   5.7   0.1   0.4  -0.0   1.5  -2.1  -7.7  -1.7   3.1 -11.3  -2.7 -13.8  -3.3   3.6   3.2   3.2   5.9 -10.1  -6.6  -1.3  -5.5  -9.6   3.8  -4.6  -7.0   1.2  -4.4   0.8  -4.6  -5.1  -1.4  -2.6   7.0   0.1  -4.9   1.2   1.4   1.0   1.5   0.5   1.0 -10.3   6.3  -2.6  -4.4   2.1  -8.3   4.9   2.7
***  -2.5   4.6  -2.9  -4.4   4.2   6.8  -6.2   4.8  -0.8   7.0   2.9  -3.4  -1.6   2.0   5.7   2.7   3.5   3.0   0.4   2.4  -8.0  -4.4  -7.3 -12.3  -1.8  -4.5  -4.1 -43.2   0.4   3.2 -13.5
 27  -0.8   0.7   1.6   5.8   0.1   0.6  -0.1   1.5  -2.2  -7.8  -1.7   3.1 -11.4  -2.5 -13.4  -3.1   3.7   3.1   3.2   5.9 -10.2  -6.6  -1.3  -5.1  -9.6   3.8  -4.5  -7.0   1.2  -4.4   0.8  -4.6  -5.1  -1.4  -2.5   7.0   0.3  -4.8   1.2   1.3   0.9   1.6   0.5   1.1 -10.4   6.2  -2.6  -4.4   2.1  -8.3   4.9   2.8
***  -2.5   4.5  -2.9  -4.1   4.2   6.8  -6.2   4.7  -0.8   7.0   2.9  -3.2  -1.5   2.0   5.8   2.7   3.6   3.0   0.5   2.5  -7.9  -4.5  -7.2 -12.3  -1.8  -4.5  -4.0 -43.1   0.4   3.2 -13.2
 28  -0.8   0.8   1.6   5.8   0.2   0.8  -0.2   1.5  -2.2  -7.8  -1.7   3.2 -11.4  -2.4 -13.0  -2.9   3.7   3.0   3.2   5.9 -10.3  -6.6  -1.3  -4.8  -9.7   3.7  -4.3  -7.0   1.2  -4.5   0.9  -4.5  -5.1  -1.4  -2.4   7.0   0.4  -4.8   1.3   1.3   0.9   1.8   0.5   1.2 -10.4   6.2  -2.7  -4.3   2.1  -8.4   4.9   2.9
***  -2.5   4.5  -2.9  -3.9   4.2   6.8  -6.1   4.5  -0.8   7.1   3.0  -3.1  -1.5   2.1   5.9   2.7   3.6   3.0   0.6   2.5  -7.8  -4.5  -7.2 -12.4  -1.8  -4.4  -3.9 -43.0   0.3   3.2 -13.0
 29  -0.9   0.8   1.6   5.8   0.2   1.1  -0.2   1.5  -2.3  -7.9  -1.7   3.2 -11.5  -2.3 -12.6  -2.6   3.8   2.9   3.2   5.9 -10.4  -6.5  -1.4  -4.4  -9.7   3.7  -4.2  -7.0   1.2  -4.6   0.9  -4.5  -5.1  -1.5  -2.3   7.0   0.6  -4.7   1.3   1.2   0.8   1.9   0.4   1.2 -10.4   6.1  -2.8  -4.3   2.1  -8.4   4.9   3.1
***  -2.5   4.5  -2.9  -3.7   4.2   6.8  -6.0   4.4  -0.8   7.1   3.0  -3.0  -1.4   2.2   6.0   2.7   3.6   3.0   0.8   2.5  -7.6  -4.5  -7.1 -12.4  -1.8  -4.4  -3.9 -41.1   0.3   3.1 -12.7
 30  -1.0   0.9   1.5   5.8   0.3   1.3  -0.3   1.4  -2.4  -7.9  -1.7   3.2 -11.6  -2.2 -12.2  -2.4   3.8   2.8   3.2   5.9 -10.5  -6.5  -1.4  -4.1  -9.8   3.7  -4.1  -7.0   1.2  -4.6   1.0  -4.5  -5.0  -1.5  -2.2   7.0   0.8  -4.6   1.4   1.2   0.7   2.0   0.4   1.3 -10.5   6.1  -2.8  -4.2   2.1  -8.4   4.9   3.2
***  -2.5   4.4  -2.9  -3.4   4.2   6.8  -5.9   4.3  -0.9   7.1   3.1  -2.9  -1.4   2.3   6.1   2.7   3.7   3.0   0.9   2.5  -7.5  -4.5  -7.0 -12.5  -1.9  -4.4  -3.8 -40.6   0.2   3.1 -12.5
 31  -1.1   0.9   1.5   5.8   0.3   1.5  -0.4   1.4  -2.4  -8.0  -1.8   3.3 -11.7  -2.1 -11.7  -2.2   3.8   2.7   3.1   5.8 -10.6  -6.5  -1.4  -3.7  -9.8   3.7  -4.0  -7.1   1.1  -4.7   1.1  -4.4  -5.0  -1.6  -2.0   7.0   1.0  -4.5   1.4   1.1   0.6   2.1   0.4   1.4 -10.5   6.0  -2.9  -4.2   2.1  -8.5   4.8   3.3
***  -2.5   4.4  -2.8  -3.2   4.3   6.8  -5.8   4.1  -0.9   7.1   3.1  -2.8  -1.3   2.3   6.3   2.8   3.7   3.0   1.0   2.5  -7.4  -4.5  -7.0 -12.6  -1.9  -4.3  -3.7 -40.4   0.2   3.0 -12.3
 32  -1.2   0.9   1.4   5.8   0.4   1.8  -0.5   1.4  -2.5  -8.1  -1.8   3.3 -11.7  -2.0 -11.3  -1.9   3.9   2.6   3.1   5.8 -10.8  -6.5  -1.4  -3.4  -9.9   3.6  -3.8  -7.1   1.1  -4.8   1.1  -4.4  -5.0  -1.7  -1.9   7.0   1.2  -4.4   1.4   1.1   0.4   2.2   0.4   1.5 -10.5   5.9  -3.0  -4.1   2.1  -8.5   4.8   3.4
***  -2.5   4.3  -2.8  -2.9   4.3   6.8  -5.7   4.0  -0.9   7.1   3.2  -2.6  -1.3   2.4   6.4   2.8   3.7   3.0   1.0   2.5  -7.3  -4.5  -6.9 -12.7  -1.9  -4.3  -3.7 -40.2   0.1   3.0 -12.0
 33  -1.3   0.9   1.4   5.8   0.4   2.0  -0.6   1.3  -2.6  -8.1  -1.8   3.3 -11.8  -1.8 -10.9  -1.7   3.9   2.5   3.1   5.7 -10.9  -6.5  -1.5  -3.0  -9.9   3.6  -3.7  -7.1   1.1  -4.9   1.2  -4.4  -5.0  -1.7  -1.9   7.0   1.3  -4.3   1.5   1.0   0.3   2.3   0.3   1.6 -10.6   5.9  -3.0  -4.1   2.1  -8.6   4.8   3.5
***  -2.5   4.3  -2.8  -2.6   4.3   6.8  -5.6   3.9  -0.9   7.1   3.2  -2.5  -1.3   2.5   6.4   2.8   3.7   3.0   1.1   2.5  -7.2  -4.6  -6.9 -12.8  -2.0  -4.3  -3.6 -40.1   0.1   2.9 -11.8
 34  -1.4   0.9   1.4   5.8   0.4   2.1  -0.7   1.3  -2.6  -8.2  -1.8   3.3 -11.9  -1.8 -10.6  -1.6   3.9   2.4   3.0   5.7 -11.0  -6.5  -1.5  -2.8 -10.0   3.6  -3.6  -7.2   1.1  -4.9   1.2  -4.4  -5.0  -1.8  -1.8   7.0   1.4  -4.3   1.5   0.9   0.3   2.4   0.3   1.6 -10.6   5.8  -3.1  -4.1   2.1  -8.6   4.8   3.6
***  -2.5   4.2  -2.8  -2.5   4.3   6.8  -5.6   3.8  -1.0   7.1   3.2  -2.4  -1.2   2.5   6.5   2.8   3.7   3.0   1.2   2.5  -7.2  -4.6  -6.9 -12.9  -2.0  -4.2  -3.6 -40.0   0.0   2.9 -11.7
 35  -1.5   0.9   1.3   5.8   0.5   2.4  -0.8   1.2  -2.7  -8.2  -1.9   3.3 -11.9  -1.7 -10.2  -1.3   3.9   2.3   3.0   5.6 -11.1  -6.6  -1.5  -2.4 -10.0   3.5  -3.5  -7.2   1.1  -5.0   1.2  -4.3  -5.0  -1.8  -1.7   7.0   1.6  -4.2   1.5   0.9   0.1   2.4   0.3   1.7 -10.6   5.7  -3.2  -4.1   2.0  -8.7   4.8   3.7
***  -2.5   4.2  -2.8  -2.2   4.3   6.8  -5.5   3.7  -1.0   7.1   3.3  -2.3  -1.2   2.6   6.6   2.8   3.7   3.0   1.2   2.5  -7.1  -4.6  -6.8 -13.1  -2.1  -4.2  -3.6 -40.0  -0.0   2.8 -11.5
 36  -1.6   0.9   1.2   5.7   0.5   2.6  -0.9   1.1  -2.8  -8.3  -1.9   3.3 -12.0  -1.6  -9.8  -1.1   4.0   2.1   3.0   5.5 -11.2  -6.6  -1.6  -2.0 -10.1   3.5  -3.3  -7.2   1.0  -5.1   1.2  -4.3  -4.9  -1.9  -1.7   7.0   1.8  -4.2   1.5   0.8  -0.0   2.5   0.2   1.8 -10.6   5.6  -3.2  -4.0   2.0  -8.7   4.8   3.8
***  -2.5   4.1  -2.8  -2.0   4.3   6.8  -5.4   3.6  -1.0   7.1   3.3  -2.2  -1.2   2.7   6.6   2.8   3.7   3.0   1.3   2.4  -7.1  -4.7  -6.8 -13.2  -2.1  -4.2  -3.6 -39.9  -0.1   2.8 -11.3
 37  -1.8   0.9   1.2   5.7   0.5   2.8  -1.0   1.0  -2.9  -8.4  -2.0   3.3 -12.1  -1.5  -9.4  -0.9   4.0   2.0   2.9   5.4 -11.3  -6.6  -1.6  -1.7 -10.1   3.5  -3.2  -7.3   1.0  -5.2   1.3  -4.3  -4.9  -2.0  -1.6   7.0   2.0  -4.1   1.5   0.7  -0.1   2.5   0.2   1.9 -10.7   5.6  -3.3  -4.0   1.9  -8.8   4.7   3.8
***  -2.5   4.1  -2.8  -1.7   4.3   6.8  -5.3   3.5  -1.0   7.1   3.3  -2.0  -1.1   2.7   6.7   2.8   3.7   3.0   1.3   2.4  -7.1  -4.7  -6.8 -13.4  -2.2  -4.1  -3.6 -39.9  -0.1   2.7 -11.1
 38  -1.9   0.9   1.1   5.7   0.5   3.0  -1.1   0.9  -3.0  -8.4  -2.1   3.3 -12.2  -1.4  -9.0  -0.7   4.0   1.9   2.9   5.3 -11.5  -6.7  -1.6  -1.4 -10.2   3.4  -3.1  -7.3   1.0  -5.2   1.3  -4.3  -4.9  -2.1  -1.5   7.0   2.1  -4.1   1.5   0.6  -0.3   2.5   0.2   2.0 -10.7   5.5  -3.4  -4.0   1.9  -8.8   4.7   3.9
***  -2.5   4.0  -2.7  -1.5   4.3   6.8  -5.3   3.4  -1.1   7.1   3.4  -1.9  -1.1   2.8   6.7   2.8   3.6   3.0   1.3   2.4  -7.0  -4.7  -6.8 -13.5  -2.2  -4.1  -3.6 -39.9  -0.2   2.7 -10.9
 39  -2.0   0.9   1.1   5.7   0.5   3.2  -1.2   0.7  -3.0  -8.5  -2.2   3.3 -12.2  -1.3  -8.6  -0.5   4.0   1.7   2.8   5.2 -11.6  -6.7  -1.7  -1.0 -10.3   3.4  -3.0  -7.4   1.0  -5.3   1.3  -4.3  -4.9  -2.1  -1.5   7.0   2.3  -4.1   1.4   0.5  -0.4   2.5   0.1   2.0 -10.7   5.4  -3.4  -4.0   1.9  -8.8   4.7   4.0
***  -2.5   4.0  -2.7  -1.2   4.3   6.8  -5.2   3.3  -1.1   7.1   3.4  -1.8  -1.1   2.9   6.7   2.8   3.6   2.9   1.3   2.4  -7.0  -4.7  -6.8 -13.7  -2.3  -4.1  -3.6 -39.9  -0.2   2.6 -10.7
 40  -2.1   0.8   1.0   5.6   0.5   3.4  -1.3   0.6  -3.1  -8.6  -2.3   3.3 -12.3  -1.2  -8.2  -0.3   4.0   1.6   2.8   5.1 -11.7  -6.8  -1.7  -0.7 -10.3   3.4  -2.9  -7.4   0.9  -5.4   1.4  -4.3  -4.9  -2.2  -1.4   7.0   2.4  -4.0   1.4   0.4  -0.5   2.6   0.1   2.1 -10.7   5.3  -3.5  -4.0   1.8  -8.9   4.6   4.1
***  -2.5   3.9  -2.7  -1.0   4.3   6.8  -5.1   3.2  -1.1   7.1   3.4  -1.7  -1.1   2.9   6.8   2.8   3.6   2.9   1.3   2.3  -7.0  -4.7  -6.8 -13.9  -2.3  -4.1  -3.6 -39.9  -0.3   2.5 -10.6
 41  -2.3   0.8   0.9   5.6   0.5   3.5  -1.4   0.4  -3.2  -8.7  -2.3   3.3 -12.4  -1.1  -7.8  -0.2   4.0   1.4   2.7   5.0 -11.8  -6.8  -1.7  -0.4 -10.4   3.3  -2.8  -7.4   0.9  -5.5   1.4  -4.3  -4.9  -2.3  -1.4   7.0   2.6  -4.0   1.4   0.3  -0.7   2.6   0.0   2.2 -10.8   5.2  -3.6  -4.0   1.8  -8.9   4.6   4.1
***  -2.5   3.9  -2.7  -0.8   4.3   6.7  -5.0   3.1  -1.1   7.1   3.4  -1.5  -1.1   3.0   6.8   2.8   3.6   2.9   1.2   2.3  -7.0  -4.8  -6.8 -14.0  -2.4  -4.0  -3.6 -40.0  -0.3   2.5 -10.4
 42  -2.4   0.8   0.9   5.6   0.5   3.7  -1.5   0.3  -3.3  -8.8  -2.4   3.3 -12.5  -1.0  -7.4   0.0   4.0   1.3   2.7   4.8 -11.9  -6.9  -1.8  -0.1 -10.4   3.3  -2.7  -7.5   0.9  -5.6   1.4  -4.3  -4.9  -2.3  -1.4   7.0   2.7  -4.0   1.3   0.3  -0.8   2.6  -0.0   2.3 -10.8   5.1  -3.6  -4.0   1.7  -8.9   4.6   4.2
***  -2.5   3.8  -2.7  -0.5   4.2   6.7  -5.0   3.1  -1.1   7.1   3.4  -1.4  -1.0   3.0   6.8   2.8   3.5   2.8   1.2   2.2  -7.0  -4.8  -6.8 -14.2  -2.5  -4.0  -3.6 -40.0  -0.4   2.4 -10.3
 43  -2.5   0.7   0.8   5.5   0.5   3.9  -1.6   0.1  -3.4  -8.9  -2.5   3.2 -12.5  -1.0  -7.0   0.2   4.0   1.1   2.6   4.7 -12.0  -6.9  -1.8   0.2 -10.5   3.2  -2.6  -7.5   0.9  -5.6   1.4  -4.3  -5.0  -2.4  -1.3   7.0   2.8  -4.0   1.3   0.2  -0.9   2.5  -0.1   2.4 -10.8   5.0  -3.7  -4.0   1.7  -9.0   4.6   4.2
***  -2.5   3.8  -2.7  -0.3   4.2   6.7  -4.9   3.0  -1.2   7.1   3.5  -1.3  -1.0   3.1   6.8   2.8   3.5   2.8   1.2   2.2  -7.0  -4.8  -6.8 -14.4  -2.5  -4.0  -3.7 -40.1  -0.4   2.4 -10.1
 44  -2.7   0.7   0.7   5.5   0.4   4.1  -1.7  -0.1  -3.5  -8.9  -2.6   3.2 -12.6  -0.9  -6.7   0.4   4.0   0.9   2.5   4.6 -12.1  -7.0  -1.9   0.6 -10.6   3.2  -2.4  -7.6   0.8  -5.7   1.4  -4.3  -5.0  -2.5  -1.3   7.0   3.0  -4.0   1.2   0.1  -1.1   2.5  -0.2   2.4 -10.8   4.9  -3.8  -4.0   1.6  -9.0   4.5   4.3
***  -2.5   3.7  -2.7  -0.0   4.2   6.7  -4.8   2.9  -1.2   7.1   3.5  -1.2  -1.0   3.2   6.8   2.8   3.5   2.8   1.1   2.1  -7.0  -4.8  -6.9 -14.6  -2.6  -4.0  -3.7 -40.2  -0.5   2.3 -10.0
 45  -2.8   0.6   0.7   5.5   0.4   4.3  -1.8  -0.3  -3.5  -9.0  -2.8   3.2 -12.7  -0.9  -6.3   0.5   4.0   0.8   2.5   4.4 -12.2  -7.1  -1.9   0.9 -10.7   3.1  -2.3  -7.6   0.8  -5.9   1.4  -4.3  -5.0  -2.6  -1.3   7.0   3.1  -4.0   1.1  -0.0  -1.2   2.5  -0.2   2.5 -10.9   4.8  -3.8  -4.0   1.6  -9.1   4.5   4.3
***  -2.5   3.7  -2.7   0.2   4.2   6.7  -4.8   2.9  -1.2   7.1   3.5  -1.1  -1.0   3.2   6.8   2.8   3.4   2.7   1.1   2.1  -7.0  -4.9  -6.9 -14.8  -2.7  -4.0  -3.8 -40.3  -0.6   2.2  -9.9
 46  -3.0   0.6   0.6   5.4   0.3   4.4  -1.9  -0.5  -3.6  -9.1  -2.9   3.1 -12.8  -0.9  -6.0   0.7   3.9   0.6   2.4   4.3 -12.3  -7.1  -2.0   1.2 -10.7   3.1  -2.3  -7.7   0.8  -6.0   1.4  -4.3  -5.1  -2.7  -1.3   7.0   3.2  -4.0   1.0  -0.1  -1.4   2.5  -0.3   2.6 -10.9   4.6  -3.9  -4.0   1.5  -9.2   4.4   4.3
***  -2.5   3.7  -2.7   0.5   4.2   6.7  -4.7   2.8  -1.2   7.0   3.5  -0.9  -0.9   3.3   6.8   2.8   3.4   2.7   1.0   2.1  -7.0  -4.9  -7.0 -15.0  -2.8  -4.0  -3.8 -40.4  -0.6   2.2  -9.8
 47  -3.1   0.5   0.5   5.4   0.3   4.6  -2.1  -0.7  -3.7  -9.2  -3.0   3.1 -12.9  -0.9  -5.7   0.8   3.9   0.4   2.3   4.1 -12.5  -7.2  -2.1   1.4 -10.8   3.0  -2.2  -7.7   0.7  -6.1   1.4  -4.3  -5.2  -2.8  -1.4   7.0   3.2  -4.1   0.9  -0.2  -1.6   2.5  -0.4   2.6 -11.0   4.5  -4.0  -4.1   1.4  -9.2   4.4   4.3
***  -2.5   3.6  -2.7   0.7   4.1   6.6  -4.7   2.7  -1.3   7.0   3.5  -0.8  -0.9   3.3   6.8   2.8   3.3   2.6   0.9   2.0  -6.9  -4.9  -7.1 -15.2  -2.9  -4.0  -3.9 -40.5  -0.7   2.1  -9.8
 48  -3.2   0.4   0.4   5.3   0.2   4.7  -2.2  -0.9  -3.8  -9.4  -3.2   3.0 -13.0  -1.0  -5.4   0.8   3.8   0.2   2.2   4.0 -12.6  -7.3  -2.1   1.7 -10.9   2.9  -2.1  -7.8   0.7  -6.3   1.4  -4.3  -5.2  -2.9  -1.5   6.9   3.3  -4.1   0.8  -0.3  -1.7   2.4  -0.6   2.6 -11.1   4.4  -4.1  -4.2   1.4  -9.3   4.4   4.3
***  -2.5   3.5  -2.6   1.0   4.1   6.6  -4.6   2.6  -1.3   7.0   3.5  -0.7  -0.8   3.4   6.8   2.8   3.2   2.6   0.8   2.0  -6.9  -5.0  -7.2 -15.5  -3.0  -4.0  -4.0 -40.7  -0.8   2.0  -9.8
 49  -3.3   0.3   0.3   5.3   0.2   4.8  -2.3  -1.1  -3.9  -9.4  -3.3   2.9 -13.1  -1.0  -5.3   0.8   3.8   0.1   2.2   3.9 -12.7  -7.4  -2.2   1.8 -11.0   2.9  -2.1  -7.9   0.6  -6.4   1.4  -4.3  -5.3  -3.0  -1.5   6.9   3.3  -4.2   0.6  -0.4  -1.8   2.4  -0.7   2.6 -11.1   4.3  -4.1  -4.2   1.3  -9.4   4.3   4.3
***  -2.5   3.5  -2.6   1.2   4.0   6.6  -4.6   2.6  -1.3   6.9   3.4  -0.6  -0.8   3.4   6.8   2.8   3.2   2.5   0.8   2.0  -6.9  -5.1  -7.3 -15.6  -3.0  -4.1  -4.0 -40.8  -0.8   2.0  -9.8
 50  -3.4   0.3   0.2   5.3   0.1   4.9  -2.4  -1.2  -3.9  -9.5  -3.4   2.9 -13.2  -1.1  -5.2   0.8   3.7  -0.1   2.1   3.8 -12.8  -7.5  -2.2   2.0 -11.1   2.8  -2.1  -7.9   0.6  -6.5   1.4  -4.3  -5.4  -3.2  -1.6   6.8   3.3  -4.2   0.5  -0.5  -2.0   2.3  -0.8   2.6 -11.2   4.2  -4.2  -4.3   1.2  -9.5   4.3   4.3
***  -2.5   3.5  -2.6   1.4   4.0   6.5  -4.5   2.5  -1.3   6.9   3.4  -0.6  -0.7   3.5   6.8   2.8   3.1   2.5   0.7   2.0  -6.8  -5.1  -7.4 -15.8  -3.1  -4.1  -4.1 -41.0  -0.9   2.0  -9.9
 51  -3.5   0.2   0.1   5.3   0.0   4.9  -2.6  -1.4  -4.0  -9.6  -3.5   2.8 -13.3  -1.2  -5.1   0.8   3.7  -0.2   2.0   3.7 -12.9  -7.6  -2.3   2.1 -11.2   2.8  -2.1  -8.0   0.5  -6.6   1.3  -4.4  -5.5  -3.3  -1.8   6.8   3.3  -4.3   0.4  -0.6  -2.1   2.3  -0.9   2.6 -11.3   4.1  -4.3  -4.3   1.1  -9.5   4.2   4.2
***  -2.5   3.4  -2.6   1.6   3.9   6.5  -4.5   2.5  -1.4   6.8   3.4  -0.5  -0.6   3.6   6.7   2.8   3.1   2.4   0.6   2.0  -6.8  -5.2  -7.5 -15.9  -3.2  -4.2  -4.1 -41.1  -0.9   1.9 -10.0
 52  -3.6   0.1   0.0   5.3  -0.0   5.0  -2.7  -1.6  -4.1  -9.7  -3.6   2.8 -13.5  -1.3  -5.1   0.7   3.6  -0.4   1.9   3.5 -13.0  -7.7  -2.3   2.1 -11.3   2.7  -2.1  -8.0   0.5  -6.8   1.3  -4.4  -5.6  -3.4  -1.9   6.7   3.2  -4.4   0.2  -0.7  -2.3   2.3  -1.0   2.5 -11.3   4.0  -4.3  -4.4   1.1  -9.6   4.2   4.2
***  -2.5   3.4  -2.5   1.8   3.9   6.4  -4.5   2.4  -1.4   6.8   3.4  -0.4  -0.4   3.6   6.7   2.8   3.0   2.3   0.6   2.0  -6.7  -5.4  -7.7 -16.1  -3.3  -4.3  -4.2 -41.3  -1.0   1.9 -10.1
 53  -3.7   0.0  -0.1   5.2  -0.1   5.0  -2.8  -1.8  -4.1  -9.8  -3.7   2.7 -13.6  -1.4  -5.1   0.6   3.5  -0.5   1.9   3.4 -13.2  -7.8  -2.4   2.2 -11.4   2.7  -2.1  -8.1   0.4  -6.9   1.2  -4.4  -5.7  -3.5  -2.1   6.6   3.2  -4.6   0.1  -0.8  -2.4   2.2  -1.1   2.5 -11.4   3.9  -4.4  -4.5   1.0  -9.7   4.1   4.2
***  -2.5   3.3  -2.5   2.0   3.8   6.4  -4.5   2.4  -1.4   6.7   3.4  -0.3  -0.3   3.6   6.7   2.8   3.0   2.3   0.5   2.0  -6.7  -5.5  -7.8 -16.3  -3.4  -4.4  -4.2 -41.5  -1.1   1.8 -10.3
  
  
 LAMBDA FOR ABS-. AND SCAT.COEF. = 
          20
    3300.000    3800.000    4999.500    6000.000    7000.000    8000.000    9000.000   10000.000   11000.000   13749.000
   15600.000   16000.000   16300.000   16600.000   17000.000   22000.000   33000.000   45000.000   60000.000    8000.000
  
 ABSORBTION COEF. AND SCATTERING COEF. I EACH TAU:
  
   1   0.100E-04
 1.32569E-04 1.23030E-04 1.66709E-04 2.00097E-04 1.96959E-04 2.06500E-04 2.07541E-04 1.98354E-04 1.78982E-04 8.63803E-05
 1.82393E-05 8.79378E-06 3.94123E-06 2.57414E-06 2.69046E-06 4.35509E-06 9.48435E-06 1.71964E-05 2.99225E-05 2.06500E-04
 2.46883E-03 1.32911E-03 4.13817E-04 1.94067E-04 1.03200E-04 6.00399E-05 3.73943E-05 2.45803E-05 1.68859E-05 7.17595E-06
 4.52259E-06 4.13479E-06 3.87436E-06 3.63696E-06 3.35210E-06 1.52235E-06 7.12261E-07 5.70929E-07 5.31664E-07 6.00399E-05
   2   0.141E-04
 1.62932E-04 1.57131E-04 2.12578E-04 2.54273E-04 2.56049E-04 2.68857E-04 2.70284E-04 2.58317E-04 2.33087E-04 1.12531E-04
 2.38674E-05 1.15828E-05 5.27371E-06 3.49997E-06 3.65809E-06 5.92200E-06 1.28834E-05 2.33680E-05 4.06722E-05 2.68857E-04
 2.46394E-03 1.32662E-03 4.13128E-04 1.93784E-04 1.03079E-04 5.99950E-05 3.73885E-05 2.45965E-05 1.69152E-05 7.22163E-06
 4.57273E-06 4.18557E-06 3.92559E-06 3.68857E-06 3.40420E-06 1.57750E-06 7.68751E-07 6.27653E-07 5.88452E-07 5.99950E-05
   3   0.200E-04
 2.00408E-04 1.99463E-04 2.69511E-04 3.21496E-04 3.29503E-04 3.46387E-04 3.48298E-04 3.32872E-04 3.00358E-04 1.45064E-04
 3.09169E-05 1.51091E-05 6.99362E-06 4.71719E-06 4.93024E-06 7.98237E-06 1.73468E-05 3.14747E-05 5.47947E-05 3.46387E-04
 2.45680E-03 1.32297E-03 4.12094E-04 1.93338E-04 1.02869E-04 5.98946E-05 3.73450E-05 2.45849E-05 1.69226E-05 7.25286E-06
 4.61042E-06 4.22420E-06 3.96485E-06 3.72841E-06 3.44473E-06 1.62245E-06 8.15659E-07 6.74900E-07 6.35794E-07 5.98946E-05
   4   0.282E-04
 2.45808E-04 2.51080E-04 3.38918E-04 4.03417E-04 4.19199E-04 4.41084E-04 4.43587E-04 4.23937E-04 3.82526E-04 1.84824E-04
 3.95887E-05 1.94857E-05 9.16891E-06 6.28188E-06 6.56551E-06 1.06312E-05 2.30748E-05 4.18835E-05 7.29302E-05 4.41084E-04
 2.44669E-03 1.31778E-03 4.10602E-04 1.92677E-04 1.02542E-04 5.97223E-05 3.72530E-05 2.45379E-05 1.69025E-05 7.26636E-06
 4.63304E-06 4.24816E-06 3.98970E-06 3.75407E-06 3.47136E-06 1.65534E-06 8.51306E-07 7.11027E-07 6.72054E-07 5.97223E-05
   5   0.398E-04
 2.99248E-04 3.12245E-04 4.21150E-04 5.00442E-04 5.25640E-04 5.53487E-04 5.56697E-04 5.32032E-04 4.80061E-04 2.32046E-04
 4.99505E-05 2.47572E-05 1.18329E-05 8.22470E-06 8.59594E-06 1.39205E-05 3.01678E-05 5.47865E-05 9.54164E-05 5.53487E-04
 2.43281E-03 1.31065E-03 4.08532E-04 1.91746E-04 1.02067E-04 5.94601E-05 3.71009E-05 2.44474E-05 1.68488E-05 7.25875E-06
 4.63793E-06 4.25487E-06 3.99763E-06 3.76312E-06 3.48175E-06 1.67430E-06 8.74032E-07 7.34410E-07 6.95619E-07 5.94601E-05
   6   0.562E-04
 3.60348E-04 3.82623E-04 5.15752E-04 6.12026E-04 6.48276E-04 6.83026E-04 6.87056E-04 6.56612E-04 5.92473E-04 2.86499E-04
 6.19612E-05 3.09095E-05 1.49853E-05 1.05496E-05 1.10257E-05 1.78578E-05 3.86515E-05 7.02090E-05 1.22273E-04 6.83026E-04
 2.41465E-03 1.30131E-03 4.05807E-04 1.90509E-04 1.01427E-04 5.90975E-05 3.68821E-05 2.43093E-05 1.67587E-05 7.22888E-06
 4.62441E-06 4.24373E-06 3.98809E-06 3.75504E-06 3.47541E-06 1.67915E-06 8.83827E-07 7.45064E-07 7.06511E-07 5.90975E-05
   7   0.794E-04
 4.28426E-04 4.61495E-04 6.21753E-04 7.37016E-04 7.85881E-04 8.28411E-04 8.33367E-04 7.96438E-04 7.18646E-04 3.47648E-04
 7.55088E-05 3.78888E-05 1.86023E-05 1.32412E-05 1.38389E-05 2.24175E-05 4.84702E-05 8.80394E-05 1.53285E-04 8.28411E-04
 2.39212E-03 1.28972E-03 4.02413E-04 1.88962E-04 1.00618E-04 5.86338E-05 3.65967E-05 2.41238E-05 1.66329E-05 7.17773E-06
 4.59351E-06 4.21579E-06 3.96213E-06 3.73089E-06 3.45343E-06 1.67105E-06 8.81843E-07 7.44144E-07 7.05887E-07 5.86338E-05
   8   0.112E-03
 5.02978E-04 5.48286E-04 7.38381E-04 8.74499E-04 9.37479E-04 9.88615E-04 9.94598E-04 9.50526E-04 8.57693E-04 4.15068E-04
 9.05044E-05 4.56526E-05 2.26650E-05 1.62874E-05 1.70227E-05 2.75797E-05 5.95797E-05 1.08186E-04 1.88271E-04 9.88615E-04
 2.36574E-03 1.27613E-03 3.98431E-04 1.87140E-04 9.96631E-05 5.80816E-05 3.62532E-05 2.38974E-05 1.64763E-05 7.10858E-06
 4.54808E-06 4.17381E-06 3.92248E-06 3.69335E-06 3.41842E-06 1.65230E-06 8.70259E-07 7.33807E-07 6.95896E-07 5.80816E-05
   9   0.158E-03
 5.83902E-04 6.42839E-04 8.65422E-04 1.02422E-03 1.10280E-03 1.16334E-03 1.17045E-03 1.11860E-03 1.00936E-03 4.88648E-04
 1.06937E-04 5.42034E-05 2.71835E-05 1.97006E-05 2.05905E-05 3.33665E-05 7.20248E-05 1.30717E-04 2.27324E-04 1.16334E-03
 2.33623E-03 1.26093E-03 3.93973E-04 1.85098E-04 9.85891E-05 5.74586E-05 3.58637E-05 2.36388E-05 1.62957E-05 7.02579E-06
 4.49182E-06 4.12142E-06 3.87268E-06 3.64591E-06 3.37383E-06 1.62588E-06 8.51853E-07 7.16795E-07 6.79271E-07 5.74586E-05
  10   0.224E-03
 6.72498E-04 7.46592E-04 1.00481E-03 1.18847E-03 1.28435E-03 1.35526E-03 1.36361E-03 1.30321E-03 1.17597E-03 5.69523E-04
 1.25082E-04 6.37001E-05 3.22570E-05 2.35648E-05 2.46297E-05 3.99203E-05 8.61082E-05 1.56172E-04 2.71357E-04 1.35526E-03
 2.30512E-03 1.24491E-03 3.89271E-04 1.82943E-04 9.74545E-05 5.67991E-05 3.54503E-05 2.33633E-05 1.61025E-05 6.93562E-06
 4.42960E-06 4.06327E-06 3.81727E-06 3.59300E-06 3.32390E-06 1.59510E-06 8.29520E-07 6.95931E-07 6.58814E-07 5.67991E-05
  11   0.316E-03
 7.71337E-04 8.62462E-04 1.16048E-03 1.37188E-03 1.48723E-03 1.56973E-03 1.57948E-03 1.50953E-03 1.36218E-03 6.59975E-04
 1.45493E-04 7.44593E-05 3.80814E-05 2.80442E-05 2.93124E-05 4.75206E-05 1.02426E-04 1.85619E-04 3.22206E-04 1.56973E-03
 2.27390E-03 1.22883E-03 3.84551E-04 1.80779E-04 9.63144E-05 5.61360E-05 3.50341E-05 2.30856E-05 1.59073E-05 6.84384E-06
 4.36588E-06 4.00365E-06 3.76039E-06 3.53862E-06 3.27252E-06 1.56295E-06 8.05842E-07 6.73728E-07 6.37021E-07 5.61360E-05
  12   0.447E-03
 8.84334E-04 9.94949E-04 1.33846E-03 1.58157E-03 1.71930E-03 1.81505E-03 1.82641E-03 1.74555E-03 1.57521E-03 7.63535E-04
 1.69027E-04 8.69716E-05 4.49617E-05 3.33951E-05 3.49063E-05 5.66021E-05 1.21907E-04 2.20728E-04 3.82742E-04 1.81505E-03
 2.24383E-03 1.21334E-03 3.80003E-04 1.78693E-04 9.52158E-05 5.54969E-05 3.46329E-05 2.28178E-05 1.57190E-05 6.75519E-06
 4.30426E-06 3.94597E-06 3.70535E-06 3.48599E-06 3.22278E-06 1.53174E-06 7.82793E-07 6.52099E-07 6.15786E-07 5.54969E-05
  13   0.631E-03
 1.01609E-03 1.14937E-03 1.54592E-03 1.82599E-03 1.98986E-03 2.10106E-03 2.11429E-03 2.02071E-03 1.82357E-03 8.84394E-04
 1.96728E-04 1.01851E-04 5.32940E-05 3.99581E-05 4.17675E-05 6.77432E-05 1.45784E-04 2.63710E-04 4.56760E-04 2.10106E-03
 2.21551E-03 1.19876E-03 3.75723E-04 1.76731E-04 9.41821E-05 5.48957E-05 3.42557E-05 2.25661E-05 1.55422E-05 6.67217E-06
 4.24668E-06 3.89210E-06 3.65397E-06 3.43688E-06 3.17639E-06 1.50278E-06 7.61522E-07 6.32166E-07 5.96224E-07 5.48957E-05
  14   0.891E-03
 1.17674E-03 1.33758E-03 1.79877E-03 2.12388E-03 2.31967E-03 2.44971E-03 2.46522E-03 2.35614E-03 2.12635E-03 1.03186E-03
 2.30816E-04 1.20347E-04 6.38334E-05 4.83573E-05 5.05484E-05 8.20021E-05 1.76329E-04 3.18655E-04 5.51336E-04 2.44971E-03
 2.19106E-03 1.18617E-03 3.72026E-04 1.75036E-04 9.32899E-05 5.43771E-05 3.39305E-05 2.23494E-05 1.53902E-05 6.60113E-06
 4.19762E-06 3.84624E-06 3.61026E-06 3.39513E-06 3.13700E-06 1.47844E-06 7.43824E-07 6.15622E-07 5.80001E-07 5.43771E-05
  15   0.126E-02
 1.37491E-03 1.56966E-03 2.11057E-03 2.49124E-03 2.72644E-03 2.87971E-03 2.89803E-03 2.76984E-03 2.49979E-03 1.21394E-03
 2.73315E-04 1.43670E-04 7.73777E-05 5.92862E-05 6.19739E-05 1.00555E-04 2.16060E-04 3.90070E-04 6.74212E-04 2.87971E-03
 2.17018E-03 1.17541E-03 3.68872E-04 1.73591E-04 9.25295E-05 5.39357E-05 3.36542E-05 2.21656E-05 1.52617E-05 6.54180E-06
 4.15704E-06 3.80840E-06 3.57426E-06 3.36080E-06 3.10467E-06 1.45897E-06 7.30024E-07 6.02809E-07 5.67461E-07 5.39357E-05
  16   0.178E-02
 1.62263E-03 1.85975E-03 2.50031E-03 2.95042E-03 3.23496E-03 3.41724E-03 3.43908E-03 3.28699E-03 2.96663E-03 1.44181E-03
 3.27075E-04 1.73532E-04 9.50650E-05 7.37373E-05 7.70816E-05 1.25087E-04 2.68595E-04 4.84413E-04 8.36491E-04 3.41724E-03
 2.15293E-03 1.16653E-03 3.66266E-04 1.72398E-04 9.19030E-05 5.35728E-05 3.34279E-05 2.20158E-05 1.51575E-05 6.49473E-06
 4.12548E-06 3.77910E-06 3.54648E-06 3.33441E-06 3.07993E-06 1.44486E-06 7.20596E-07 5.94196E-07 5.59074E-07 5.35728E-05
  17   0.251E-02
 1.93741E-03 2.22841E-03 2.99564E-03 3.53399E-03 3.88137E-03 4.10054E-03 4.12683E-03 3.94436E-03 3.56008E-03 1.73184E-03
 3.96258E-04 2.12439E-04 1.18562E-04 9.31654E-05 9.73923E-05 1.58066E-04 3.39250E-04 6.11178E-04 1.05451E-03 4.10054E-03
 2.13967E-03 1.15971E-03 3.64267E-04 1.71484E-04 9.14242E-05 5.32965E-05 3.32565E-05 2.19032E-05 1.50800E-05 6.46113E-06
 4.10380E-06 3.75916E-06 3.52770E-06 3.31669E-06 3.06349E-06 1.43658E-06 7.15919E-07 5.90145E-07 5.55197E-07 5.32965E-05
  18   0.355E-02
 2.33961E-03 2.69960E-03 3.62871E-03 4.27986E-03 4.70773E-03 4.97405E-03 5.00601E-03 4.78471E-03 4.31875E-03 2.10312E-03
 4.85907E-04 2.63528E-04 1.50045E-04 1.19511E-04 1.24934E-04 2.02785E-04 4.35145E-04 7.83016E-04 1.35000E-03 4.97405E-03
 2.13015E-03 1.15480E-03 3.62833E-04 1.70831E-04 9.10836E-05 5.31016E-05 3.31369E-05 2.18259E-05 1.50279E-05 6.44068E-06
 4.09191E-06 3.74852E-06 3.51790E-06 3.30765E-06 3.05537E-06 1.43434E-06 7.16258E-07 5.90935E-07 5.56112E-07 5.31016E-05
  19   0.501E-02
 2.85590E-03 3.30471E-03 4.44173E-03 5.23772E-03 5.76925E-03 6.09611E-03 6.13533E-03 5.86414E-03 5.29333E-03 2.58078E-03
 6.02755E-04 3.31046E-04 1.92510E-04 1.55466E-04 1.62521E-04 2.63811E-04 5.66217E-04 1.01753E-03 1.75320E-03 6.09611E-03
 2.12432E-03 1.15181E-03 3.61961E-04 1.70437E-04 9.08805E-05 5.29876E-05 3.30691E-05 2.17840E-05 1.50014E-05 6.43344E-06
 4.08992E-06 3.74729E-06 3.51719E-06 3.30740E-06 3.05568E-06 1.43824E-06 7.21745E-07 5.96697E-07 5.61950E-07 5.29876E-05
  20   0.708E-02
 3.52211E-03 4.08593E-03 5.49137E-03 6.47434E-03 7.14007E-03 7.54511E-03 7.59365E-03 7.25799E-03 6.55185E-03 3.19861E-03
 7.56056E-04 4.20933E-04 2.50231E-04 2.04907E-04 2.14207E-04 3.47709E-04 7.46725E-04 1.34019E-03 2.30795E-03 7.54511E-03
 2.12223E-03 1.15073E-03 3.61655E-04 1.70303E-04 9.08162E-05 5.29554E-05 3.30536E-05 2.17779E-05 1.50008E-05 6.43988E-06
 4.09825E-06 3.75590E-06 3.52598E-06 3.31637E-06 3.06485E-06 1.44870E-06 7.32778E-07 6.07829E-07 5.73110E-07 5.29554E-05
  21   0.100E-01
 4.38879E-03 5.10267E-03 6.85754E-03 8.08385E-03 8.92469E-03 9.43154E-03 9.49222E-03 9.07252E-03 8.19019E-03 4.00438E-03
 9.59249E-04 5.41999E-04 3.29698E-04 2.73783E-04 2.86203E-04 4.64455E-04 9.98034E-04 1.79037E-03 3.08249E-03 9.43154E-03
 2.12404E-03 1.15167E-03 3.61942E-04 1.70444E-04 9.08979E-05 5.30098E-05 3.30938E-05 2.18101E-05 1.50283E-05 6.46145E-06
 4.11821E-06 3.77562E-06 3.54555E-06 3.33579E-06 3.08410E-06 1.46685E-06 7.50439E-07 6.25405E-07 5.90663E-07 5.30098E-05
  22   0.141E-01
 5.57927E-03 6.49957E-03 8.73462E-03 1.02953E-02 1.13772E-02 1.20239E-02 1.21011E-02 1.15657E-02 1.04412E-02 5.11370E-03
 1.24401E-03 7.14599E-04 4.45580E-04 3.75407E-04 3.92424E-04 6.36542E-04 1.36946E-03 2.45678E-03 4.23037E-03 1.20239E-02
 2.13351E-03 1.15656E-03 3.63394E-04 1.71122E-04 9.12664E-05 5.32340E-05 3.32433E-05 2.19177E-05 1.51109E-05 6.51276E-06
 4.16103E-06 3.81720E-06 3.58630E-06 3.37578E-06 3.12318E-06 1.50012E-06 7.81144E-07 6.55664E-07 6.20798E-07 5.32340E-05
  23   0.200E-01
 7.21143E-03 8.41511E-03 1.13088E-02 1.33280E-02 1.47411E-02 1.55796E-02 1.56793E-02 1.49847E-02 1.35281E-02 6.63883E-03
 1.64404E-03 9.61943E-04 6.15875E-04 5.26643E-04 5.50488E-04 8.92330E-04 1.92351E-03 3.45281E-03 5.94764E-03 1.55796E-02
 2.15010E-03 1.16512E-03 3.65930E-04 1.72303E-04 9.19037E-05 5.36183E-05 3.34966E-05 2.20975E-05 1.52470E-05 6.59395E-06
 4.22734E-06 3.88134E-06 3.64898E-06 3.43714E-06 3.18295E-06 1.54968E-06 8.26214E-07 6.99952E-07 6.64869E-07 5.36183E-05
  24   0.282E-01
 9.30854E-03 1.08778E-02 1.46183E-02 1.72269E-02 1.90672E-02 2.01520E-02 2.02804E-02 1.93811E-02 1.74981E-02 8.60591E-03
 2.17158E-03 1.29470E-03 8.50566E-04 7.37541E-04 7.70950E-04 1.24928E-03 2.69459E-03 4.84170E-03 8.34668E-03 2.01520E-02
 2.16782E-03 1.17427E-03 3.68641E-04 1.73565E-04 9.25858E-05 5.40302E-05 3.37686E-05 2.22911E-05 1.53938E-05 6.68217E-06
 4.29967E-06 3.95135E-06 3.71744E-06 3.50418E-06 3.24829E-06 1.60413E-06 8.75859E-07 7.48762E-07 7.13447E-07 5.40302E-05
  25   0.398E-01
 1.19847E-02 1.40219E-02 1.88437E-02 2.22048E-02 2.45919E-02 2.59908E-02 2.61552E-02 2.49947E-02 2.25681E-02 1.11264E-02
 2.86398E-03 1.74058E-03 1.17268E-03 1.03030E-03 1.07705E-03 1.74515E-03 3.76257E-03 6.76979E-03 1.16832E-02 2.59908E-02
 2.18626E-03 1.18379E-03 3.71463E-04 1.74881E-04 9.32984E-05 5.44617E-05 3.40546E-05 2.24955E-05 1.55495E-05 6.77691E-06
 4.37787E-06 4.02714E-06 3.79161E-06 3.57687E-06 3.31921E-06 1.66373E-06 9.30460E-07 8.02494E-07 7.66938E-07 5.44617E-05
  26   0.562E-01
 1.53983E-02 1.80338E-02 2.42353E-02 2.85569E-02 3.16432E-02 3.34423E-02 3.36519E-02 3.21584E-02 2.90396E-02 1.43552E-02
 3.77363E-03 2.33869E-03 1.61483E-03 1.43642E-03 1.50179E-03 2.43361E-03 5.24041E-03 9.44514E-03 1.63219E-02 3.34423E-02
 2.20568E-03 1.19381E-03 3.74437E-04 1.76270E-04 9.40513E-05 5.49187E-05 3.43583E-05 2.27133E-05 1.57161E-05 6.87938E-06
 4.46293E-06 4.10967E-06 3.87243E-06 3.65614E-06 3.39662E-06 1.72921E-06 9.90682E-07 8.61801E-07 8.25991E-07 5.49187E-05
  27   0.794E-01
 1.97341E-02 2.31312E-02 3.10863E-02 3.66281E-02 4.06047E-02 4.29116E-02 4.31780E-02 4.12622E-02 3.72640E-02 1.84757E-02
 4.96781E-03 3.14095E-03 2.22150E-03 1.99914E-03 2.09021E-03 3.38681E-03 7.28789E-03 1.31465E-02 2.27443E-02 4.29116E-02
 2.22588E-03 1.20424E-03 3.77536E-04 1.77718E-04 9.48387E-05 5.53982E-05 3.46784E-05 2.29440E-05 1.58935E-05 6.98998E-06
 4.55541E-06 4.19951E-06 3.96050E-06 3.74259E-06 3.48114E-06 1.80131E-06 1.05731E-06 9.27479E-07 8.91405E-07 5.53982E-05
  28   0.112E+00
 2.52339E-02 2.95983E-02 3.97791E-02 4.68692E-02 5.19772E-02 5.49270E-02 5.52649E-02 5.28150E-02 4.77009E-02 2.37288E-02
 6.53658E-03 4.21786E-03 3.05378E-03 2.77820E-03 2.90469E-03 4.70545E-03 1.01211E-02 1.82604E-02 3.16255E-02 5.49270E-02
 2.24706E-03 1.21518E-03 3.80787E-04 1.79240E-04 9.56679E-05 5.59048E-05 3.50180E-05 2.31899E-05 1.60836E-05 7.11014E-06
 4.65660E-06 4.29793E-06 4.05706E-06 3.83747E-06 3.57398E-06 1.88115E-06 1.13142E-06 1.00059E-06 9.64242E-07 5.59048E-05
  29   0.158E+00
 3.21853E-02 3.77737E-02 5.07692E-02 5.98168E-02 6.63573E-02 7.01178E-02 7.05448E-02 6.74233E-02 6.08982E-02 3.04058E-02
 8.59505E-03 5.66191E-03 4.19344E-03 3.85408E-03 4.02930E-03 6.52524E-03 1.40302E-02 2.53042E-02 4.38705E-02 7.01178E-02
 2.26919E-03 1.22661E-03 3.84190E-04 1.80836E-04 9.65401E-05 5.64398E-05 3.53784E-05 2.34525E-05 1.62878E-05 7.24125E-06
 4.76787E-06 4.40631E-06 4.16350E-06 3.94214E-06 3.67653E-06 1.97011E-06 1.21439E-06 1.08252E-06 1.04588E-06 5.64398E-05
  30   0.224E+00
 4.09381E-02 4.80684E-02 6.46092E-02 7.61222E-02 8.44685E-02 8.92486E-02 8.97872E-02 8.58183E-02 7.75237E-02 3.88631E-02
 1.12874E-02 7.59105E-03 5.74616E-03 5.33153E-03 5.57384E-03 9.02625E-03 1.94100E-02 3.50227E-02 6.07766E-02 8.92486E-02
 2.29231E-03 1.23855E-03 3.87750E-04 1.82510E-04 9.74576E-05 5.70053E-05 3.57616E-05 2.37336E-05 1.65079E-05 7.38505E-06
 4.89097E-06 4.52639E-06 4.28155E-06 4.05834E-06 3.79052E-06 2.06991E-06 1.30794E-06 1.17497E-06 1.13803E-06 5.70053E-05
  31   0.316E+00
 5.19102E-02 6.09734E-02 8.19596E-02 9.65638E-02 1.07176E-01 1.13233E-01 1.13910E-01 1.08876E-01 9.83753E-02 4.95338E-02
 1.48001E-02 1.01611E-02 7.85371E-03 7.35163E-03 7.68591E-03 1.24491E-02 2.67853E-02 4.83831E-02 8.40307E-02 1.13233E-01
 2.31639E-03 1.25099E-03 3.91464E-04 1.84261E-04 9.84218E-05 5.76030E-05 3.61697E-05 2.40353E-05 1.67461E-05 7.54382E-06
 5.02819E-06 4.66047E-06 4.41352E-06 4.18839E-06 3.91827E-06 2.18289E-06 1.41440E-06 1.28030E-06 1.24305E-06 5.76030E-05
  32   0.447E+00
 6.55654E-02 7.70335E-02 1.03554E-01 1.22006E-01 1.35438E-01 1.43084E-01 1.43934E-01 1.37571E-01 1.24341E-01 6.29090E-02
 1.93602E-02 1.35672E-02 1.06967E-02 1.00952E-02 1.05546E-02 1.71020E-02 3.68313E-02 6.66281E-02 1.15800E-01 1.43084E-01
 2.34110E-03 1.26378E-03 3.95289E-04 1.86071E-04 9.94242E-05 5.82295E-05 3.66015E-05 2.43579E-05 1.70037E-05 7.71989E-06
 5.18214E-06 4.81119E-06 4.56208E-06 4.33498E-06 4.06249E-06 2.31196E-06 1.53679E-06 1.40153E-06 1.36395E-06 5.82295E-05
  33   0.631E+00
 8.24832E-02 9.69295E-02 1.30309E-01 1.53528E-01 1.70457E-01 1.80064E-01 1.81126E-01 1.73121E-01 1.56521E-01 7.96106E-02
 2.52658E-02 1.80682E-02 1.45168E-02 1.38044E-02 1.44332E-02 2.33888E-02 5.04076E-02 9.12813E-02 1.58780E-01 1.80064E-01
 2.36654E-03 1.27694E-03 3.99239E-04 1.87949E-04 1.00472E-04 5.88901E-05 3.70618E-05 2.47059E-05 1.72848E-05 7.91710E-06
 5.35660E-06 4.98233E-06 4.73100E-06 4.50187E-06 4.22694E-06 2.46082E-06 1.67878E-06 1.54233E-06 1.50442E-06 5.88901E-05
  34   0.794E+00
 9.58148E-02 1.12606E-01 1.51393E-01 1.78369E-01 1.98054E-01 2.09202E-01 2.10428E-01 2.01137E-01 1.81887E-01 9.28666E-02
 3.01033E-02 2.18166E-02 1.77403E-02 1.69494E-02 1.77219E-02 2.87147E-02 6.19069E-02 1.12148E-01 1.95196E-01 2.09202E-01
 2.38327E-03 1.28560E-03 4.01849E-04 1.89196E-04 1.01173E-04 5.93379E-05 3.73780E-05 2.49485E-05 1.74833E-05 8.06054E-06
 5.48509E-06 5.10865E-06 4.85585E-06 4.62539E-06 4.34886E-06 2.57250E-06 1.78594E-06 1.64870E-06 1.61058E-06 5.93379E-05
  35   0.112E+01
 1.19596E-01 1.40571E-01 1.89007E-01 2.22684E-01 2.47286E-01 2.61174E-01 2.62692E-01 2.51115E-01 2.27154E-01 1.16689E-01
 3.90660E-02 2.88682E-02 2.38767E-02 2.29618E-02 2.40092E-02 3.88899E-02 8.38834E-02 1.52019E-01 2.64852E-01 2.61174E-01
 2.40908E-03 1.29897E-03 4.05891E-04 1.91139E-04 1.02275E-04 6.00474E-05 3.78847E-05 2.53414E-05 1.78085E-05 8.30074E-06
 5.70224E-06 5.32244E-06 5.06739E-06 4.83487E-06 4.55588E-06 2.76373E-06 1.97021E-06 1.83176E-06 1.79330E-06 6.00474E-05
  36   0.158E+01
 1.48342E-01 1.74369E-01 2.34476E-01 2.76251E-01 3.06797E-01 3.23985E-01 3.25852E-01 3.11529E-01 2.81900E-01 1.45761E-01
 5.04226E-02 3.79637E-02 3.18984E-02 3.08584E-02 3.22670E-02 5.22463E-02 1.12734E-01 2.04349E-01 3.56365E-01 3.23985E-01
 2.43395E-03 1.31188E-03 4.09816E-04 1.93044E-04 1.03370E-04 6.07663E-05 3.84084E-05 2.57558E-05 1.81576E-05 8.56814E-06
 5.94748E-06 5.56445E-06 5.30722E-06 5.07273E-06 4.79137E-06 2.98403E-06 2.18381E-06 2.04420E-06 2.00541E-06 6.07663E-05
  37   0.224E+01
 1.82838E-01 2.14927E-01 2.89038E-01 3.40534E-01 3.78211E-01 3.99351E-01 4.01637E-01 3.84030E-01 3.47679E-01 1.80989E-01
 6.46994E-02 4.95821E-02 4.22648E-02 4.11028E-02 4.29779E-02 6.96086E-02 1.50228E-01 2.72490E-01 4.75580E-01 3.99351E-01
 2.45765E-03 1.32419E-03 4.13591E-04 1.94899E-04 1.04455E-04 6.14929E-05 3.89494E-05 2.61927E-05 1.85325E-05 8.86533E-06
 6.22359E-06 5.83748E-06 5.57819E-06 5.34182E-06 5.05821E-06 3.23641E-06 2.42983E-06 2.28911E-06 2.25001E-06 6.14929E-05
  38   0.316E+01
 2.24072E-01 2.63360E-01 3.54202E-01 4.17312E-01 4.63488E-01 4.89320E-01 4.92109E-01 4.70600E-01 4.26311E-01 2.23488E-01
 8.25628E-02 6.43408E-02 5.55751E-02 5.43030E-02 5.67774E-02 9.20039E-02 1.98578E-01 3.60446E-01 6.29550E-01 4.89320E-01
 2.47998E-03 1.33582E-03 4.17193E-04 1.96694E-04 1.05527E-04 6.22271E-05 3.95092E-05 2.66546E-05 1.89360E-05 9.19581E-06
 6.53424E-06 6.14524E-06 5.88401E-06 5.64587E-06 5.36014E-06 3.52476E-06 2.71219E-06 2.57043E-06 2.53104E-06 6.22271E-05
  39   0.447E+01
 2.73271E-01 3.21131E-01 4.31934E-01 5.08900E-01 5.65204E-01 5.96612E-01 6.00002E-01 5.73867E-01 5.20231E-01 2.74735E-01
 1.04902E-01 8.30618E-02 7.26253E-02 7.12659E-02 7.45076E-02 1.20819E-01 2.60761E-01 4.73688E-01 8.27892E-01 5.96612E-01
 2.50111E-03 1.34685E-03 4.20649E-04 1.98446E-04 1.06596E-04 6.29781E-05 4.00955E-05 2.71487E-05 1.93750E-05 9.56587E-06
 6.88559E-06 6.49387E-06 6.23081E-06 5.99100E-06 5.70327E-06 3.85508E-06 3.03685E-06 2.89411E-06 2.85445E-06 6.29781E-05
  40   0.631E+01
 3.31931E-01 3.90011E-01 5.24617E-01 6.18105E-01 6.86476E-01 7.24508E-01 7.28624E-01 6.97021E-01 6.32354E-01 3.36586E-01
 1.32868E-01 1.06824E-01 9.44695E-02 9.30642E-02 9.72900E-02 1.57843E-01 3.40711E-01 6.19389E-01 1.08318E+00 7.24508E-01
 2.52119E-03 1.35737E-03 4.23990E-04 2.00172E-04 1.07676E-04 6.37568E-05 4.07183E-05 2.76840E-05 1.98582E-05 9.98375E-06
 7.28576E-06 6.89144E-06 6.62665E-06 6.38527E-06 6.09564E-06 4.23531E-06 3.41173E-06 3.26805E-06 3.22814E-06 6.37568E-05
  41   0.891E+01
 4.01822E-01 4.72081E-01 6.35061E-01 7.48232E-01 8.30961E-01 8.76853E-01 8.81851E-01 8.43816E-01 7.66093E-01 4.11302E-01
 1.67933E-01 1.37028E-01 1.22487E-01 1.21105E-01 1.26597E-01 2.05403E-01 4.43583E-01 8.06915E-01 1.41183E+00 8.76853E-01
 2.54021E-03 1.36737E-03 4.27221E-04 2.01882E-04 1.08776E-04 6.45729E-05 4.13873E-05 2.82707E-05 2.03958E-05 1.04597E-05
 7.74505E-06 7.34830E-06 7.08187E-06 6.83900E-06 6.54758E-06 4.67581E-06 3.84719E-06 3.70264E-06 3.66248E-06 6.45729E-05
  42   0.126E+02
 4.85381E-01 5.70216E-01 7.67127E-01 9.03831E-01 1.00370E+00 1.05896E+00 1.06504E+00 1.01942E+00 9.26241E-01 5.01965E-01
 2.12123E-01 1.75589E-01 1.58558E-01 1.57302E-01 1.64424E-01 2.66758E-01 5.76443E-01 1.04924E+00 1.83663E+00 1.05896E+00
 2.55868E-03 1.37712E-03 4.30434E-04 2.03623E-04 1.09927E-04 6.54499E-05 4.21223E-05 2.89259E-05 2.10035E-05 1.10080E-05
 8.27712E-06 7.87802E-06 7.61002E-06 7.36570E-06 7.07256E-06 5.18973E-06 4.35623E-06 4.21083E-06 4.17043E-06 6.54499E-05
  43   0.178E+02
 5.85096E-01 6.87343E-01 9.24756E-01 1.08954E+00 1.20983E+00 1.27624E+00 1.28365E+00 1.22912E+00 1.11770E+00 6.11988E-01
 2.67914E-01 2.24906E-01 2.05067E-01 2.04092E-01 2.13320E-01 3.46003E-01 7.48263E-01 1.36278E+00 2.38637E+00 1.27624E+00
 2.57635E-03 1.38650E-03 4.33602E-04 2.05393E-04 1.11136E-04 6.63981E-05 4.29354E-05 2.96633E-05 2.16957E-05 1.16436E-05
 8.89744E-06 8.49610E-06 8.22659E-06 7.98091E-06 7.68613E-06 5.79277E-06 4.95464E-06 4.80843E-06 4.76781E-06 6.63981E-05
  44   0.251E+02
 7.04190E-01 8.27259E-01 1.11305E+00 1.31134E+00 1.45600E+00 1.53570E+00 1.54476E+00 1.47980E+00 1.34691E+00 7.45763E-01
 3.38571E-01 2.88150E-01 2.65173E-01 2.64709E-01 2.76663E-01 4.48701E-01 9.71211E-01 1.76997E+00 3.10057E+00 1.53570E+00
 2.59347E-03 1.39565E-03 4.36779E-04 2.07226E-04 1.12431E-04 6.74421E-05 4.38496E-05 3.05048E-05 2.24938E-05 1.23873E-05
 9.62638E-06 9.22289E-06 8.95194E-06 8.70494E-06 8.40858E-06 6.50513E-06 5.66254E-06 5.51555E-06 5.47472E-06 6.74421E-05
  45   0.355E+02
 8.46193E-01 9.94119E-01 1.33757E+00 1.57577E+00 1.74947E+00 1.84502E+00 1.85612E+00 1.77899E+00 1.62101E+00 9.08406E-01
 4.28219E-01 3.69386E-01 3.42959E-01 3.43341E-01 3.58833E-01 5.82105E-01 1.26118E+00 2.30016E+00 4.03102E+00 1.84502E+00
 2.61003E-03 1.40458E-03 4.39985E-04 2.09145E-04 1.13835E-04 6.86057E-05 4.48889E-05 3.14744E-05 2.34218E-05 1.32633E-05
 1.04882E-05 1.00827E-05 9.81034E-06 9.56208E-06 9.26421E-06 7.35108E-06 6.50423E-06 6.35650E-06 6.31546E-06 6.86057E-05
  46   0.501E+02
 1.01503E+00 1.19253E+00 1.60450E+00 1.89003E+00 2.09822E+00 2.21264E+00 2.22631E+00 2.13512E+00 1.94793E+00 1.10620E+00
 5.42282E-01 4.74033E-01 4.43901E-01 4.45612E-01 4.65708E-01 7.55750E-01 1.63922E+00 2.99212E+00 5.24582E+00 2.21264E+00
 2.62606E-03 1.41332E-03 4.43252E-04 2.11181E-04 1.15377E-04 6.99186E-05 4.60828E-05 3.26017E-05 2.45094E-05 1.43011E-05
 1.15125E-05 1.11050E-05 1.08313E-05 1.05819E-05 1.02826E-05 8.36018E-06 7.50925E-06 7.36081E-06 7.31957E-06 6.99186E-05
  47   0.708E+02
 1.21484E+00 1.42727E+00 1.92018E+00 2.26153E+00 2.51048E+00 2.64731E+00 2.66422E+00 2.55701E+00 2.33616E+00 1.34634E+00
 6.87574E-01 6.08987E-01 5.75020E-01 5.78752E-01 6.04844E-01 9.82016E-01 2.13271E+00 3.89649E+00 6.83417E+00 2.64731E+00
 2.64159E-03 1.42190E-03 4.46611E-04 2.13367E-04 1.17093E-04 7.14155E-05 4.74665E-05 3.39218E-05 2.57916E-05 1.55358E-05
 1.27344E-05 1.23250E-05 1.20501E-05 1.17995E-05 1.14988E-05 9.56757E-06 8.71274E-06 8.56363E-06 8.52221E-06 7.14155E-05
  48   0.100E+03
 1.44944E+00 1.70276E+00 2.29034E+00 2.69690E+00 2.99355E+00 3.15703E+00 3.17815E+00 3.05299E+00 2.79409E+00 1.63724E+00
 8.73008E-01 7.83404E-01 7.45696E-01 7.52425E-01 7.86324E-01 1.27719E+00 2.77597E+00 5.07428E+00 8.90374E+00 3.15703E+00
 2.65650E-03 1.43027E-03 4.50081E-04 2.15734E-04 1.19018E-04 7.31349E-05 4.90793E-05 3.54749E-05 2.73091E-05 1.70087E-05
 1.41952E-05 1.37840E-05 1.35079E-05 1.32563E-05 1.29543E-05 1.10148E-05 1.01563E-05 1.00066E-05 9.96495E-06 7.31349E-05
  49   0.126E+03
 1.62757E+00 1.91149E+00 2.57050E+00 3.02624E+00 3.35884E+00 3.54266E+00 3.56729E+00 3.42919E+00 3.14262E+00 1.86435E+00
 1.02455E+00 9.27424E-01 8.87441E-01 8.96898E-01 9.37277E-01 1.52269E+00 3.31019E+00 6.05102E+00 1.06208E+01 3.54266E+00
 2.66611E-03 1.43576E-03 4.52481E-04 2.17438E-04 1.20444E-04 7.44311E-05 5.03083E-05 3.66663E-05 2.84780E-05 1.81495E-05
 1.53283E-05 1.49161E-05 1.46392E-05 1.43869E-05 1.40841E-05 1.21393E-05 1.12785E-05 1.11284E-05 1.10867E-05 7.44311E-05
  50   0.158E+03
 1.82468E+00 2.14168E+00 2.87907E+00 3.38873E+00 3.76079E+00 3.96721E+00 3.99602E+00 3.84436E+00 3.52849E+00 2.12164E+00
 1.20299E+00 1.09840E+00 1.05648E+00 1.06942E+00 1.11752E+00 1.81580E+00 3.94726E+00 7.21462E+00 1.26669E+01 3.96721E+00
 2.67537E-03 1.44114E-03 4.54952E-04 2.19256E-04 1.21999E-04 7.58641E-05 5.16781E-05 3.80006E-05 2.97912E-05 1.94363E-05
 1.66079E-05 1.61946E-05 1.59171E-05 1.56641E-05 1.53605E-05 1.34108E-05 1.25479E-05 1.23974E-05 1.23556E-05 7.58641E-05
  51   0.200E+03
 2.04334E+00 2.39564E+00 3.21886E+00 3.78754E+00 4.20278E+00 4.43433E+00 4.46814E+00 4.30244E+00 3.95584E+00 2.41385E+00
 1.41376E+00 1.30197E+00 1.25861E+00 1.27595E+00 1.33327E+00 2.16654E+00 4.70831E+00 8.60269E+00 1.51084E+01 4.43433E+00
 2.68435E-03 1.44646E-03 4.57527E-04 2.21213E-04 1.23709E-04 7.74588E-05 5.32132E-05 3.95023E-05 3.12729E-05 2.08930E-05
 1.80579E-05 1.76435E-05 1.73653E-05 1.71117E-05 1.68074E-05 1.48531E-05 1.39881E-05 1.38373E-05 1.37953E-05 7.74588E-05
  52   0.251E+03
 2.28773E+00 2.67705E+00 3.59430E+00 4.22765E+00 4.69025E+00 4.94982E+00 4.98961E+00 4.80951E+00 4.43091E+00 2.74763E+00
 1.66412E+00 1.54561E+00 1.50151E+00 1.52441E+00 1.59276E+00 2.58808E+00 5.62072E+00 1.02637E+01 1.80302E+01 4.94982E+00
 2.69295E-03 1.45169E-03 4.60220E-04 2.23336E-04 1.25603E-04 7.92467E-05 5.49460E-05 4.12042E-05 3.29565E-05 2.25535E-05
 1.97121E-05 1.92969E-05 1.90181E-05 1.87639E-05 1.84589E-05 1.65004E-05 1.56335E-05 1.54823E-05 1.54403E-05 7.92467E-05
  53   0.316E+03
 2.56634E+00 2.99379E+00 4.01542E+00 4.72029E+00 5.23554E+00 5.52672E+00 5.57362E+00 5.37886E+00 4.96639E+00 3.13408E+00
 1.96431E+00 1.83994E+00 1.79611E+00 1.82618E+00 1.90804E+00 3.09894E+00 6.72670E+00 1.22815E+01 2.15773E+01 5.52672E+00
 2.70125E-03 1.45689E-03 4.63092E-04 2.25684E-04 1.27742E-04 8.12877E-05 5.69364E-05 4.31662E-05 3.49015E-05 2.44774E-05
 2.16303E-05 2.12142E-05 2.09348E-05 2.06801E-05 2.03746E-05 1.84120E-05 1.75434E-05 1.73919E-05 1.73498E-05 8.12877E-05
  


 I O N I Z A T I O N  C O N D I T I O N S  AND  A B S O R P T I O N  M E C H A N I S M S

 ****************
 * TAU=  0.0000 *
 ****************

 T=  2462.  PE= 1.94E-04 lag:  1 lg10_tau(kr)=  -5.00
 ELEMENT  ABUNDANCE ELCONT IONIZATION FRACTIONS                 PARTITION FUNCTIONS
                              I       II      III     IV            I         II        III       IV
      H    1.000E+00 0.000  1.0000  0.0000
      HE   8.511E-02 0.000  1.0000  0.0000
      C    3.119E-04 0.000  1.0000  0.0000  0.0000
      N    6.026E-05 0.000  1.0000  0.0000  0.0000
      O    5.495E-04 0.000  1.0000  0.0000
      NE   6.918E-05 0.000  1.0000  0.0000
      NA   1.722E-06 0.541  0.0601  0.9399
      MG   3.741E-05 0.006  0.9995  0.0005  0.0000
      AL   2.985E-06 0.091  0.9084  0.0916  0.0000  0.0000
      SI   3.236E-05 0.000  1.0000  0.0000  0.0000
      S    1.380E-05 0.000  1.0000  0.0000  0.0000
      K    1.318E-07 0.044  0.0015  0.9985
      CA   2.421E-06 0.315  0.6108  0.3892  0.0000
      CR   4.365E-07 0.002  0.9880  0.0120  0.0000
      FE   2.612E-05 0.001  0.9999  0.0001  0.0000
      NI   1.698E-06 0.000  0.9999  0.0001  0.0000




                F R A C T I O N S  O F  C O N T I N U O U S  A B S O R P T I O N  A N D  S C A T T E R I N G
 WAVELENGTH   ABS       SCAT     H-    H BF  (H+H) H2+   H2-   C I   MG I  AL I  SI I  HE I  HE-   H2PR  HEPR  ELSC  H-SC  H2SC 
      3300. 1.326E-04 2.469E-03 0.707 0.000 0.000 0.000 0.000 0.000 0.230 0.062 0.000 0.000 0.000 0.000 0.000 0.000 0.811 0.189
      3800. 1.230E-04 1.329E-03 0.902 0.000 0.000 0.000 0.000 0.000 0.007 0.091 0.000 0.000 0.000 0.000 0.000 0.000 0.807 0.192
      5000. 1.667E-04 4.138E-04 0.893 0.000 0.000 0.000 0.000 0.000 0.009 0.098 0.000 0.000 0.000 0.000 0.000 0.001 0.802 0.196
      6000. 2.001E-04 1.941E-04 0.876 0.000 0.000 0.000 0.000 0.000 0.011 0.113 0.000 0.000 0.000 0.000 0.000 0.003 0.799 0.198
      7000. 1.970E-04 1.032E-04 0.990 0.000 0.000 0.000 0.000 0.000 0.009 0.001 0.000 0.000 0.000 0.000 0.000 0.005 0.796 0.199
      8000. 2.065E-04 6.004E-05 0.998 0.000 0.000 0.000 0.000 0.000 0.000 0.001 0.000 0.000 0.000 0.000 0.000 0.009 0.793 0.199
      9000. 2.075E-04 3.739E-05 1.000 0.000 0.000 0.000 0.000 0.000 0.000 0.000 0.000 0.000 0.000 0.000 0.000 0.014 0.788 0.198
     10000. 1.984E-04 2.458E-05 1.000 0.000 0.000 0.000 0.000 0.000 0.000 0.000 0.000 0.000 0.000 0.000 0.000 0.021 0.782 0.197
     11000. 1.790E-04 1.689E-05 1.000 0.000 0.000 0.000 0.000 0.000 0.000 0.000 0.000 0.000 0.000 0.000 0.000 0.030 0.774 0.195
     13749. 8.638E-05 7.176E-06 0.999 0.000 0.000 0.000 0.001 0.000 0.000 0.000 0.000 0.000 0.000 0.000 0.000 0.072 0.741 0.187
     15600. 1.824E-05 4.523E-06 0.994 0.000 0.000 0.000 0.004 0.000 0.000 0.000 0.000 0.000 0.002 0.000 0.000 0.114 0.707 0.179
     16000. 8.794E-06 4.135E-06 0.987 0.000 0.000 0.000 0.008 0.000 0.000 0.000 0.000 0.000 0.005 0.000 0.000 0.124 0.699 0.177
     16300. 3.941E-06 3.874E-06 0.969 0.000 0.000 0.000 0.020 0.000 0.000 0.000 0.000 0.000 0.011 0.000 0.000 0.133 0.692 0.175
     16600. 2.574E-06 3.637E-06 0.951 0.000 0.000 0.000 0.031 0.000 0.000 0.000 0.000 0.000 0.018 0.000 0.000 0.141 0.685 0.173
     17000. 2.690E-06 3.352E-06 0.951 0.000 0.000 0.000 0.031 0.000 0.000 0.000 0.000 0.000 0.018 0.000 0.000 0.153 0.676 0.171
     22000. 4.355E-06 1.522E-06 0.950 0.000 0.000 0.000 0.032 0.000 0.000 0.000 0.000 0.000 0.018 0.000 0.000 0.337 0.529 0.134
     33000. 9.484E-06 7.123E-07 0.952 0.000 0.000 0.000 0.031 0.000 0.000 0.000 0.000 0.000 0.017 0.000 0.000 0.721 0.223 0.056
     45000. 1.720E-05 5.709E-07 0.956 0.000 0.000 0.000 0.029 0.000 0.000 0.000 0.000 0.000 0.016 0.000 0.000 0.899 0.080 0.020
     60000. 2.992E-05 5.317E-07 0.961 0.000 0.000 0.000 0.025 0.000 0.000 0.000 0.000 0.000 0.014 0.000 0.000 0.966 0.027 0.007
      8000. 2.065E-04 6.004E-05 0.998 0.000 0.000 0.000 0.000 0.000 0.000 0.001 0.000 0.000 0.000 0.000 0.000 0.009 0.793 0.199
1

 ****************
 * TAU=  0.0001 *
 ****************

 T=  2588.  PE= 1.46E-03 lag:  8 lg10_tau(kr)=  -3.95
 ELEMENT  ABUNDANCE ELCONT IONIZATION FRACTIONS                 PARTITION FUNCTIONS
                              I       II      III     IV            I         II        III       IV
      H    1.000E+00 0.000  1.0000  0.0000
      HE   8.511E-02 0.000  1.0000  0.0000
      C    3.119E-04 0.000  1.0000  0.0000  0.0000
      N    6.026E-05 0.000  1.0000  0.0000  0.0000
      O    5.495E-04 0.000  1.0000  0.0000
      NE   6.918E-05 0.000  1.0000  0.0000
      NA   1.722E-06 0.603  0.1152  0.8848
      MG   3.741E-05 0.006  0.9996  0.0004  0.0000
      AL   2.985E-06 0.067  0.9433  0.0567  0.0000  0.0000
      SI   3.236E-05 0.000  1.0000  0.0000  0.0000
      S    1.380E-05 0.000  1.0000  0.0000  0.0000
      K    1.318E-07 0.052  0.0036  0.9964
      CA   2.421E-06 0.270  0.7185  0.2815  0.0000
      CR   4.365E-07 0.001  0.9914  0.0086  0.0000
      FE   2.612E-05 0.001  0.9999  0.0001  0.0000
      NI   1.698E-06 0.000  0.9999  0.0001  0.0000




                F R A C T I O N S  O F  C O N T I N U O U S  A B S O R P T I O N  A N D  S C A T T E R I N G
 WAVELENGTH   ABS       SCAT     H-    H BF  (H+H) H2+   H2-   C I   MG I  AL I  SI I  HE I  HE-   H2PR  HEPR  ELSC  H-SC  H2SC 
      3300. 5.030E-04 2.366E-03 0.893 0.000 0.000 0.000 0.000 0.000 0.084 0.022 0.000 0.000 0.000 0.000 0.000 0.000 0.724 0.276
      3800. 5.483E-04 1.276E-03 0.970 0.000 0.000 0.000 0.000 0.000 0.002 0.028 0.000 0.000 0.000 0.000 0.000 0.001 0.719 0.280
      5000. 7.384E-04 3.984E-04 0.967 0.000 0.000 0.000 0.000 0.000 0.003 0.030 0.000 0.000 0.000 0.000 0.000 0.002 0.713 0.286
      6000. 8.745E-04 1.871E-04 0.961 0.000 0.000 0.000 0.000 0.000 0.004 0.035 0.000 0.000 0.000 0.000 0.000 0.004 0.709 0.287
      7000. 9.375E-04 9.966E-05 0.997 0.000 0.000 0.000 0.000 0.000 0.003 0.000 0.000 0.000 0.000 0.000 0.000 0.007 0.705 0.288
      8000. 9.886E-04 5.808E-05 0.999 0.000 0.000 0.000 0.000 0.000 0.000 0.000 0.000 0.000 0.000 0.000 0.000 0.012 0.701 0.287
      9000. 9.946E-04 3.625E-05 1.000 0.000 0.000 0.000 0.000 0.000 0.000 0.000 0.000 0.000 0.000 0.000 0.000 0.019 0.695 0.286
     10000. 9.505E-04 2.390E-05 1.000 0.000 0.000 0.000 0.000 0.000 0.000 0.000 0.000 0.000 0.000 0.000 0.000 0.028 0.688 0.283
     11000. 8.577E-04 1.648E-05 0.999 0.000 0.000 0.000 0.000 0.000 0.000 0.000 0.000 0.000 0.000 0.000 0.000 0.041 0.679 0.280
     13749. 4.151E-04 7.109E-06 0.998 0.000 0.000 0.000 0.001 0.000 0.000 0.000 0.000 0.000 0.001 0.000 0.000 0.095 0.640 0.265
     15600. 9.050E-05 4.548E-06 0.989 0.000 0.000 0.000 0.008 0.000 0.000 0.000 0.000 0.000 0.003 0.000 0.000 0.149 0.602 0.249
     16000. 4.565E-05 4.174E-06 0.976 0.000 0.000 0.000 0.017 0.000 0.000 0.000 0.000 0.000 0.007 0.000 0.000 0.163 0.592 0.245
     16300. 2.267E-05 3.922E-06 0.950 0.000 0.000 0.000 0.036 0.000 0.000 0.000 0.000 0.000 0.014 0.000 0.000 0.173 0.585 0.242
     16600. 1.629E-05 3.693E-06 0.928 0.000 0.000 0.000 0.051 0.000 0.000 0.000 0.000 0.000 0.021 0.000 0.000 0.184 0.577 0.239
     17000. 1.702E-05 3.418E-06 0.928 0.000 0.000 0.000 0.051 0.000 0.000 0.000 0.000 0.000 0.021 0.000 0.000 0.198 0.567 0.235
     22000. 2.758E-05 1.652E-06 0.927 0.000 0.000 0.000 0.053 0.000 0.000 0.000 0.000 0.000 0.021 0.000 0.000 0.411 0.417 0.173
     33000. 5.958E-05 8.703E-07 0.930 0.000 0.000 0.000 0.051 0.000 0.000 0.000 0.000 0.000 0.020 0.000 0.000 0.779 0.156 0.065
     45000. 1.082E-04 7.338E-07 0.936 0.000 0.000 0.000 0.046 0.000 0.000 0.000 0.000 0.000 0.018 0.000 0.000 0.924 0.053 0.022
     60000. 1.883E-04 6.959E-07 0.944 0.000 0.000 0.000 0.041 0.000 0.000 0.000 0.000 0.000 0.016 0.000 0.000 0.975 0.018 0.007
      8000. 9.886E-04 5.808E-05 0.999 0.000 0.000 0.000 0.000 0.000 0.000 0.000 0.000 0.000 0.000 0.000 0.000 0.012 0.701 0.287
1

 ****************
 * TAU=  0.0009 *
 ****************

 T=  2651.  PE= 5.83E-03 lag: 14 lg10_tau(kr)=  -3.05
 ELEMENT  ABUNDANCE ELCONT IONIZATION FRACTIONS                 PARTITION FUNCTIONS
                              I       II      III     IV            I         II        III       IV
      H    1.000E+00 0.000  1.0000  0.0000
      HE   8.511E-02 0.000  1.0000  0.0000
      C    3.119E-04 0.000  1.0000  0.0000  0.0000
      N    6.026E-05 0.000  1.0000  0.0000  0.0000
      O    5.495E-04 0.000  1.0000  0.0000
      NE   6.918E-05 0.000  1.0000  0.0000
      NA   1.722E-06 0.679  0.2209  0.7791
      MG   3.741E-05 0.005  0.9998  0.0002  0.0000
      AL   2.985E-06 0.044  0.9707  0.0293  0.0000  0.0000
      SI   3.236E-05 0.000  1.0000  0.0000  0.0000
      S    1.380E-05 0.000  1.0000  0.0000  0.0000
      K    1.318E-07 0.066  0.0086  0.9914
      CA   2.421E-06 0.204  0.8338  0.1662  0.0000
      CR   4.365E-07 0.001  0.9953  0.0047  0.0000
      FE   2.612E-05 0.001  0.9999  0.0001  0.0000
      NI   1.698E-06 0.000  1.0000  0.0000  0.0000




                F R A C T I O N S  O F  C O N T I N U O U S  A B S O R P T I O N  A N D  S C A T T E R I N G
 WAVELENGTH   ABS       SCAT     H-    H BF  (H+H) H2+   H2-   C I   MG I  AL I  SI I  HE I  HE-   H2PR  HEPR  ELSC  H-SC  H2SC 
      3300. 1.177E-03 2.191E-03 0.946 0.000 0.000 0.000 0.000 0.000 0.042 0.012 0.000 0.000 0.000 0.000 0.000 0.000 0.558 0.442
      3800. 1.338E-03 1.186E-03 0.985 0.000 0.000 0.000 0.000 0.000 0.001 0.014 0.000 0.000 0.000 0.000 0.000 0.000 0.552 0.447
      5000. 1.799E-03 3.720E-04 0.983 0.000 0.000 0.000 0.000 0.000 0.002 0.015 0.000 0.000 0.000 0.000 0.000 0.002 0.545 0.453
      6000. 2.124E-03 1.750E-04 0.980 0.000 0.000 0.000 0.000 0.000 0.002 0.018 0.000 0.000 0.000 0.000 0.000 0.003 0.541 0.455
      7000. 2.320E-03 9.329E-05 0.998 0.000 0.000 0.000 0.000 0.000 0.001 0.000 0.000 0.000 0.000 0.000 0.000 0.006 0.538 0.456
      8000. 2.450E-03 5.438E-05 0.999 0.000 0.000 0.000 0.000 0.000 0.000 0.000 0.000 0.000 0.000 0.000 0.000 0.010 0.534 0.455
      9000. 2.465E-03 3.393E-05 0.999 0.000 0.000 0.000 0.001 0.000 0.000 0.000 0.000 0.000 0.000 0.000 0.000 0.017 0.530 0.453
     10000. 2.356E-03 2.235E-05 0.999 0.000 0.000 0.000 0.001 0.000 0.000 0.000 0.000 0.000 0.000 0.000 0.000 0.025 0.525 0.449
     11000. 2.126E-03 1.539E-05 0.999 0.000 0.000 0.000 0.001 0.000 0.000 0.000 0.000 0.000 0.000 0.000 0.000 0.037 0.519 0.444
     13749. 1.032E-03 6.601E-06 0.996 0.000 0.000 0.000 0.003 0.000 0.000 0.000 0.000 0.000 0.001 0.000 0.000 0.085 0.492 0.423
     15600. 2.308E-04 4.198E-06 0.976 0.000 0.000 0.000 0.019 0.000 0.000 0.000 0.000 0.000 0.005 0.000 0.000 0.134 0.465 0.400
     16000. 1.203E-04 3.846E-06 0.952 0.000 0.000 0.000 0.038 0.000 0.000 0.000 0.000 0.000 0.010 0.000 0.000 0.147 0.459 0.395
     16300. 6.383E-05 3.610E-06 0.906 0.000 0.000 0.000 0.074 0.000 0.000 0.000 0.000 0.000 0.020 0.000 0.000 0.156 0.454 0.390
     16600. 4.836E-05 3.395E-06 0.871 0.000 0.000 0.000 0.101 0.000 0.000 0.000 0.000 0.000 0.027 0.000 0.000 0.166 0.448 0.386
     17000. 5.055E-05 3.137E-06 0.871 0.000 0.000 0.000 0.102 0.000 0.000 0.000 0.000 0.000 0.027 0.000 0.000 0.180 0.441 0.379
     22000. 8.200E-05 1.478E-06 0.869 0.000 0.000 0.000 0.104 0.000 0.000 0.000 0.000 0.000 0.027 0.000 0.000 0.381 0.332 0.286
     33000. 1.763E-04 7.438E-07 0.874 0.000 0.000 0.000 0.100 0.000 0.000 0.000 0.000 0.000 0.026 0.000 0.000 0.758 0.130 0.112
     45000. 3.187E-04 6.156E-07 0.885 0.000 0.000 0.000 0.092 0.000 0.000 0.000 0.000 0.000 0.023 0.000 0.000 0.915 0.045 0.039
     60000. 5.513E-04 5.800E-07 0.898 0.000 0.000 0.000 0.081 0.000 0.000 0.000 0.000 0.000 0.021 0.000 0.000 0.972 0.015 0.013
      8000. 2.450E-03 5.438E-05 0.999 0.000 0.000 0.000 0.000 0.000 0.000 0.000 0.000 0.000 0.000 0.000 0.000 0.010 0.534 0.455
1

 ****************
 * TAU=  0.0100 *
 ****************

 T=  2850.  PE= 3.99E-02 lag: 21 lg10_tau(kr)=  -2.00
 ELEMENT  ABUNDANCE ELCONT IONIZATION FRACTIONS                 PARTITION FUNCTIONS
                              I       II      III     IV            I         II        III       IV
      H    1.000E+00 0.000  1.0000  0.0000
      HE   8.511E-02 0.000  1.0000  0.0000
      C    3.119E-04 0.000  1.0000  0.0000  0.0000
      N    6.026E-05 0.000  1.0000  0.0000  0.0000
      O    5.495E-04 0.000  1.0000  0.0000
      NE   6.918E-05 0.000  1.0000  0.0000
      NA   1.722E-06 0.650  0.2523  0.7477
      MG   3.741E-05 0.008  0.9996  0.0004  0.0000
      AL   2.985E-06 0.048  0.9683  0.0317  0.0000  0.0000
      SI   3.236E-05 0.000  1.0000  0.0000  0.0000
      S    1.380E-05 0.000  1.0000  0.0000  0.0000
      K    1.318E-07 0.066  0.0130  0.9870
      CA   2.421E-06 0.225  0.8159  0.1841  0.0000
      CR   4.365E-07 0.001  0.9937  0.0063  0.0000
      FE   2.612E-05 0.002  0.9999  0.0001  0.0000
      NI   1.698E-06 0.000  0.9999  0.0001  0.0000




                F R A C T I O N S  O F  C O N T I N U O U S  A B S O R P T I O N  A N D  S C A T T E R I N G
 WAVELENGTH   ABS       SCAT     H-    H BF  (H+H) H2+   H2-   C I   MG I  AL I  SI I  HE I  HE-   H2PR  HEPR  ELSC  H-SC  H2SC 
      3300. 4.389E-03 2.124E-03 0.976 0.000 0.000 0.000 0.000 0.000 0.019 0.005 0.000 0.000 0.000 0.000 0.000 0.000 0.487 0.513
      3800. 5.103E-03 1.152E-03 0.993 0.000 0.000 0.000 0.000 0.000 0.001 0.006 0.000 0.000 0.000 0.000 0.000 0.000 0.481 0.518
      5000. 6.858E-03 3.619E-04 0.992 0.000 0.000 0.000 0.000 0.000 0.001 0.006 0.000 0.000 0.000 0.000 0.000 0.002 0.474 0.524
      6000. 8.084E-03 1.704E-04 0.991 0.000 0.000 0.000 0.001 0.000 0.001 0.007 0.000 0.000 0.000 0.000 0.000 0.003 0.470 0.526
      7000. 8.925E-03 9.090E-05 0.998 0.000 0.000 0.000 0.001 0.000 0.001 0.000 0.000 0.000 0.000 0.000 0.000 0.006 0.467 0.526
      8000. 9.432E-03 5.301E-05 0.999 0.000 0.000 0.000 0.001 0.000 0.000 0.000 0.000 0.000 0.000 0.000 0.000 0.011 0.464 0.525
      9000. 9.492E-03 3.309E-05 0.999 0.000 0.000 0.000 0.001 0.000 0.000 0.000 0.000 0.000 0.000 0.000 0.000 0.017 0.460 0.522
     10000. 9.073E-03 2.181E-05 0.998 0.000 0.000 0.000 0.001 0.000 0.000 0.000 0.000 0.000 0.000 0.000 0.000 0.026 0.455 0.518
     11000. 8.190E-03 1.503E-05 0.998 0.000 0.000 0.000 0.002 0.000 0.000 0.000 0.000 0.000 0.000 0.000 0.000 0.038 0.449 0.512
     13749. 4.004E-03 6.461E-06 0.992 0.000 0.000 0.000 0.006 0.000 0.000 0.000 0.000 0.000 0.001 0.000 0.000 0.089 0.425 0.486
     15600. 9.592E-04 4.118E-06 0.958 0.000 0.000 0.000 0.034 0.000 0.000 0.000 0.000 0.000 0.008 0.000 0.000 0.140 0.401 0.459
     16000. 5.420E-04 3.776E-06 0.922 0.000 0.000 0.000 0.063 0.000 0.000 0.000 0.000 0.000 0.015 0.000 0.000 0.152 0.395 0.452
     16300. 3.297E-04 3.546E-06 0.867 0.000 0.000 0.000 0.108 0.000 0.000 0.000 0.000 0.000 0.025 0.000 0.000 0.162 0.391 0.447
     16600. 2.738E-04 3.336E-06 0.834 0.000 0.000 0.000 0.135 0.000 0.000 0.000 0.000 0.000 0.031 0.000 0.000 0.172 0.386 0.442
     17000. 2.862E-04 3.084E-06 0.834 0.000 0.000 0.000 0.135 0.000 0.000 0.000 0.000 0.000 0.031 0.000 0.000 0.186 0.379 0.434
     22000. 4.645E-04 1.467E-06 0.832 0.000 0.000 0.000 0.136 0.000 0.000 0.000 0.000 0.000 0.031 0.000 0.000 0.392 0.283 0.325
     33000. 9.980E-04 7.504E-07 0.841 0.000 0.000 0.000 0.130 0.000 0.000 0.000 0.000 0.000 0.029 0.000 0.000 0.766 0.109 0.125
     45000. 1.790E-03 6.254E-07 0.855 0.000 0.000 0.000 0.119 0.000 0.000 0.000 0.000 0.000 0.026 0.000 0.000 0.919 0.038 0.043
     60000. 3.082E-03 5.907E-07 0.872 0.000 0.000 0.000 0.105 0.000 0.000 0.000 0.000 0.000 0.023 0.000 0.000 0.973 0.013 0.015
      8000. 9.432E-03 5.301E-05 0.999 0.000 0.000 0.000 0.001 0.000 0.000 0.000 0.000 0.000 0.000 0.000 0.000 0.011 0.464 0.525
1

 ****************
 * TAU=  0.1122 *
 ****************

 T=  3274.  PE= 3.65E-01 lag: 28 lg10_tau(kr)=  -0.95
 ELEMENT  ABUNDANCE ELCONT IONIZATION FRACTIONS                 PARTITION FUNCTIONS
                              I       II      III     IV            I         II        III       IV
      H    1.000E+00 0.000  1.0000  0.0000
      HE   8.511E-02 0.000  1.0000  0.0000
      C    3.119E-04 0.000  1.0000  0.0000  0.0000
      N    6.026E-05 0.000  1.0000  0.0000  0.0000
      O    5.495E-04 0.000  1.0000  0.0000
      NE   6.918E-05 0.000  1.0000  0.0000
      NA   1.722E-06 0.459  0.1269  0.8731
      MG   3.741E-05 0.043  0.9962  0.0038  0.0000
      AL   2.985E-06 0.096  0.8941  0.1059  0.0000  0.0000
      SI   3.236E-05 0.002  0.9998  0.0002  0.0000
      S    1.380E-05 0.000  1.0000  0.0000  0.0000
      K    1.318E-07 0.040  0.0087  0.9913
      CA   2.421E-06 0.345  0.5333  0.4667  0.0000
      CR   4.365E-07 0.004  0.9674  0.0326  0.0000
      FE   2.612E-05 0.010  0.9988  0.0012  0.0000
      NI   1.698E-06 0.000  0.9994  0.0006  0.0000




                F R A C T I O N S  O F  C O N T I N U O U S  A B S O R P T I O N  A N D  S C A T T E R I N G
 WAVELENGTH   ABS       SCAT     H-    H BF  (H+H) H2+   H2-   C I   MG I  AL I  SI I  HE I  HE-   H2PR  HEPR  ELSC  H-SC  H2SC 
      3300. 2.523E-02 2.247E-03 0.988 0.000 0.000 0.000 0.000 0.000 0.010 0.002 0.000 0.000 0.000 0.000 0.000 0.000 0.613 0.386
      3800. 2.960E-02 1.215E-03 0.997 0.000 0.000 0.000 0.000 0.000 0.000 0.002 0.000 0.000 0.000 0.000 0.000 0.001 0.608 0.391
      5000. 3.978E-02 3.808E-04 0.996 0.000 0.000 0.000 0.001 0.000 0.001 0.002 0.000 0.000 0.000 0.000 0.000 0.002 0.600 0.397
      6000. 4.687E-02 1.792E-04 0.995 0.000 0.000 0.000 0.001 0.000 0.001 0.003 0.000 0.000 0.000 0.000 0.000 0.005 0.596 0.399
      7000. 5.198E-02 9.567E-05 0.998 0.000 0.000 0.000 0.001 0.000 0.001 0.000 0.000 0.000 0.000 0.000 0.000 0.010 0.591 0.398
      8000. 5.493E-02 5.590E-05 0.999 0.000 0.000 0.000 0.001 0.000 0.000 0.000 0.000 0.000 0.000 0.000 0.000 0.017 0.586 0.397
      9000. 5.526E-02 3.502E-05 0.998 0.000 0.000 0.000 0.001 0.000 0.000 0.000 0.000 0.000 0.000 0.000 0.000 0.027 0.579 0.393
     10000. 5.282E-02 2.319E-05 0.998 0.000 0.000 0.000 0.002 0.000 0.000 0.000 0.000 0.000 0.001 0.000 0.000 0.041 0.571 0.388
     11000. 4.770E-02 1.608E-05 0.997 0.000 0.000 0.000 0.002 0.000 0.000 0.000 0.000 0.000 0.001 0.000 0.000 0.059 0.560 0.381
     13749. 2.373E-02 7.110E-06 0.990 0.000 0.000 0.000 0.007 0.000 0.000 0.000 0.000 0.000 0.002 0.000 0.000 0.133 0.515 0.352
     15600. 6.537E-03 4.657E-06 0.956 0.000 0.000 0.000 0.035 0.000 0.000 0.000 0.000 0.000 0.010 0.000 0.000 0.203 0.473 0.323
     16000. 4.218E-03 4.298E-06 0.928 0.000 0.000 0.000 0.056 0.000 0.000 0.000 0.000 0.000 0.016 0.000 0.000 0.220 0.463 0.317
     16300. 3.054E-03 4.057E-06 0.897 0.000 0.000 0.000 0.080 0.000 0.000 0.000 0.000 0.000 0.023 0.000 0.000 0.234 0.455 0.311
     16600. 2.778E-03 3.837E-06 0.883 0.000 0.000 0.000 0.092 0.000 0.000 0.000 0.000 0.000 0.026 0.000 0.000 0.247 0.447 0.306
     17000. 2.905E-03 3.574E-06 0.883 0.000 0.000 0.000 0.092 0.000 0.000 0.000 0.000 0.000 0.026 0.000 0.000 0.265 0.436 0.298
     22000. 4.705E-03 1.881E-06 0.884 0.000 0.000 0.000 0.091 0.000 0.000 0.000 0.000 0.000 0.025 0.000 0.000 0.504 0.295 0.202
     33000. 1.012E-02 1.131E-06 0.892 0.000 0.000 0.000 0.085 0.000 0.000 0.000 0.000 0.000 0.023 0.000 0.000 0.837 0.096 0.066
     45000. 1.826E-02 1.001E-06 0.904 0.000 0.000 0.000 0.075 0.000 0.000 0.000 0.000 0.000 0.020 0.000 0.000 0.947 0.032 0.022
     60000. 3.163E-02 9.642E-07 0.917 0.000 0.000 0.000 0.065 0.000 0.000 0.000 0.000 0.000 0.017 0.000 0.000 0.983 0.010 0.007
      8000. 5.493E-02 5.590E-05 0.999 0.000 0.000 0.000 0.001 0.000 0.000 0.000 0.000 0.000 0.000 0.000 0.000 0.017 0.586 0.397
1

 ****************
 * TAU=  1.1220 *
 ****************

 T=  3804.  PE= 2.75E+00 lag: 35 lg10_tau(kr)=   0.05
 ELEMENT  ABUNDANCE ELCONT IONIZATION FRACTIONS                 PARTITION FUNCTIONS
                              I       II      III     IV            I         II        III       IV
      H    1.000E+00 0.000  1.0000  0.0000
      HE   8.511E-02 0.000  1.0000  0.0000
      C    3.119E-04 0.000  1.0000  0.0000  0.0000
      N    6.026E-05 0.000  1.0000  0.0000  0.0000
      O    5.495E-04 0.000  1.0000  0.0000
      NE   6.918E-05 0.000  1.0000  0.0000
      NA   1.722E-06 0.263  0.0563  0.9437
      MG   3.741E-05 0.190  0.9686  0.0314  0.0000
      AL   2.985E-06 0.148  0.6944  0.3056  0.0000  0.0000
      SI   3.236E-05 0.011  0.9978  0.0022  0.0000
      S    1.380E-05 0.000  1.0000  0.0000  0.0000
      K    1.318E-07 0.021  0.0056  0.9944
      CA   2.421E-06 0.304  0.2247  0.7753  0.0000
      CR   4.365E-07 0.011  0.8495  0.1505  0.0000
      FE   2.612E-05 0.050  0.9882  0.0118  0.0000
      NI   1.698E-06 0.001  0.9946  0.0054  0.0000




                F R A C T I O N S  O F  C O N T I N U O U S  A B S O R P T I O N  A N D  S C A T T E R I N G
 WAVELENGTH   ABS       SCAT     H-    H BF  (H+H) H2+   H2-   C I   MG I  AL I  SI I  HE I  HE-   H2PR  HEPR  ELSC  H-SC  H2SC 
      3300. 1.196E-01 2.409E-03 0.990 0.000 0.000 0.000 0.000 0.000 0.008 0.001 0.000 0.000 0.000 0.000 0.000 0.001 0.760 0.239
      3800. 1.406E-01 1.299E-03 0.998 0.000 0.000 0.000 0.000 0.000 0.001 0.001 0.000 0.000 0.000 0.000 0.000 0.001 0.755 0.243
      5000. 1.890E-01 4.059E-04 0.997 0.000 0.000 0.000 0.001 0.000 0.001 0.001 0.000 0.000 0.000 0.000 0.000 0.004 0.748 0.248
      6000. 2.227E-01 1.911E-04 0.997 0.000 0.000 0.000 0.001 0.000 0.001 0.001 0.000 0.000 0.000 0.000 0.000 0.009 0.742 0.248
      7000. 2.473E-01 1.023E-04 0.998 0.000 0.000 0.000 0.001 0.000 0.001 0.000 0.000 0.000 0.000 0.000 0.000 0.017 0.735 0.248
      8000. 2.612E-01 6.005E-05 0.998 0.000 0.000 0.000 0.001 0.000 0.000 0.000 0.000 0.000 0.000 0.000 0.000 0.030 0.725 0.245
      9000. 2.627E-01 3.788E-05 0.998 0.000 0.000 0.000 0.001 0.000 0.000 0.000 0.000 0.000 0.001 0.000 0.000 0.047 0.711 0.242
     10000. 2.511E-01 2.534E-05 0.998 0.000 0.000 0.000 0.002 0.000 0.000 0.000 0.000 0.000 0.001 0.000 0.000 0.070 0.694 0.236
     11000. 2.272E-01 1.781E-05 0.997 0.000 0.000 0.000 0.002 0.000 0.000 0.000 0.000 0.000 0.001 0.000 0.000 0.100 0.671 0.229
     13749. 1.167E-01 8.301E-06 0.990 0.000 0.000 0.000 0.007 0.000 0.000 0.000 0.000 0.000 0.003 0.000 0.000 0.214 0.586 0.200
     15600. 3.907E-02 5.702E-06 0.962 0.000 0.000 0.000 0.027 0.000 0.000 0.000 0.000 0.000 0.011 0.000 0.000 0.311 0.513 0.175
     16000. 2.887E-02 5.322E-06 0.946 0.000 0.000 0.000 0.038 0.000 0.000 0.000 0.000 0.000 0.016 0.000 0.000 0.334 0.496 0.170
     16300. 2.388E-02 5.067E-06 0.933 0.000 0.000 0.000 0.048 0.000 0.000 0.000 0.000 0.000 0.020 0.000 0.000 0.350 0.484 0.166
     16600. 2.296E-02 4.835E-06 0.927 0.000 0.000 0.000 0.052 0.000 0.000 0.000 0.000 0.000 0.021 0.000 0.000 0.367 0.471 0.161
     17000. 2.401E-02 4.556E-06 0.927 0.000 0.000 0.000 0.052 0.000 0.000 0.000 0.000 0.000 0.021 0.000 0.000 0.390 0.455 0.156
     22000. 3.889E-02 2.764E-06 0.929 0.000 0.000 0.000 0.050 0.000 0.000 0.000 0.000 0.000 0.020 0.000 0.000 0.642 0.266 0.091
     33000. 8.388E-02 1.970E-06 0.937 0.000 0.000 0.000 0.045 0.000 0.000 0.000 0.000 0.000 0.018 0.000 0.000 0.901 0.074 0.025
     45000. 1.520E-01 1.832E-06 0.945 0.000 0.000 0.000 0.039 0.000 0.000 0.000 0.000 0.000 0.015 0.000 0.000 0.969 0.023 0.008
     60000. 2.649E-01 1.793E-06 0.954 0.000 0.000 0.000 0.033 0.000 0.000 0.000 0.000 0.000 0.013 0.000 0.000 0.990 0.007 0.003
      8000. 2.612E-01 6.005E-05 0.998 0.000 0.000 0.000 0.001 0.000 0.000 0.000 0.000 0.000 0.000 0.000 0.000 0.030 0.725 0.245
1

 ****************
 * TAU=  8.9125 *
 ****************

 T=  4337.  PE= 1.41E+01 lag: 41 lg10_tau(kr)=   0.95
 ELEMENT  ABUNDANCE ELCONT IONIZATION FRACTIONS                 PARTITION FUNCTIONS
                              I       II      III     IV            I         II        III       IV
      H    1.000E+00 0.000  1.0000  0.0000
      HE   8.511E-02 0.000  1.0000  0.0000
      C    3.119E-04 0.000  1.0000  0.0000  0.0000
      N    6.026E-05 0.000  1.0000  0.0000  0.0000
      O    5.495E-04 0.000  1.0000  0.0000
      NE   6.918E-05 0.000  1.0000  0.0000
      NA   1.722E-06 0.132  0.0317  0.9683
      MG   3.741E-05 0.393  0.8670  0.1330  0.0000
      AL   2.985E-06 0.125  0.4721  0.5279  0.0000  0.0000
      SI   3.236E-05 0.031  0.9879  0.0121  0.0000
      S    1.380E-05 0.000  1.0000  0.0000  0.0000
      K    1.318E-07 0.010  0.0046  0.9954
      CA   2.421E-06 0.172  0.0997  0.9003  0.0000
      CR   4.365E-07 0.013  0.6328  0.3672  0.0000
      FE   2.612E-05 0.120  0.9418  0.0582  0.0000
      NI   1.698E-06 0.003  0.9742  0.0258  0.0000




                F R A C T I O N S  O F  C O N T I N U O U S  A B S O R P T I O N  A N D  S C A T T E R I N G
 WAVELENGTH   ABS       SCAT     H-    H BF  (H+H) H2+   H2-   C I   MG I  AL I  SI I  HE I  HE-   H2PR  HEPR  ELSC  H-SC  H2SC 
      3300. 4.018E-01 2.540E-03 0.989 0.000 0.001 0.000 0.000 0.000 0.008 0.000 0.000 0.000 0.000 0.000 0.000 0.001 0.863 0.135
      3800. 4.721E-01 1.367E-03 0.997 0.000 0.000 0.000 0.000 0.000 0.001 0.001 0.000 0.000 0.000 0.000 0.000 0.003 0.860 0.137
      5000. 6.351E-01 4.272E-04 0.997 0.000 0.000 0.000 0.000 0.000 0.001 0.001 0.000 0.000 0.000 0.000 0.000 0.009 0.851 0.140
      6000. 7.482E-01 2.019E-04 0.997 0.000 0.000 0.000 0.001 0.000 0.002 0.001 0.000 0.000 0.000 0.000 0.000 0.018 0.842 0.140
      7000. 8.310E-01 1.088E-04 0.997 0.000 0.000 0.000 0.001 0.000 0.001 0.000 0.000 0.000 0.001 0.000 0.000 0.033 0.828 0.138
      8000. 8.769E-01 6.457E-05 0.998 0.000 0.000 0.000 0.001 0.000 0.000 0.000 0.000 0.000 0.001 0.000 0.000 0.056 0.808 0.136
      9000. 8.819E-01 4.139E-05 0.998 0.000 0.000 0.000 0.001 0.000 0.000 0.000 0.000 0.000 0.001 0.000 0.000 0.088 0.780 0.132
     10000. 8.438E-01 2.827E-05 0.997 0.000 0.000 0.000 0.002 0.000 0.000 0.000 0.000 0.000 0.001 0.000 0.000 0.129 0.745 0.126
     11000. 7.661E-01 2.040E-05 0.997 0.000 0.000 0.000 0.002 0.000 0.000 0.000 0.000 0.000 0.001 0.000 0.000 0.179 0.702 0.119
     13749. 4.113E-01 1.046E-05 0.990 0.000 0.000 0.000 0.006 0.000 0.000 0.000 0.000 0.000 0.004 0.000 0.000 0.348 0.557 0.094
     15600. 1.679E-01 7.745E-06 0.970 0.000 0.000 0.000 0.018 0.000 0.000 0.000 0.000 0.000 0.012 0.000 0.000 0.470 0.453 0.077
     16000. 1.370E-01 7.348E-06 0.962 0.000 0.000 0.000 0.023 0.000 0.000 0.000 0.000 0.000 0.015 0.000 0.000 0.496 0.431 0.073
     16300. 1.225E-01 7.082E-06 0.956 0.000 0.000 0.000 0.027 0.000 0.000 0.000 0.000 0.000 0.018 0.000 0.000 0.515 0.415 0.070
     16600. 1.211E-01 6.839E-06 0.954 0.000 0.000 0.000 0.028 0.000 0.000 0.000 0.000 0.000 0.019 0.000 0.000 0.533 0.399 0.068
     17000. 1.266E-01 6.548E-06 0.954 0.000 0.000 0.000 0.028 0.000 0.000 0.000 0.000 0.000 0.018 0.000 0.000 0.557 0.379 0.064
     22000. 2.054E-01 4.676E-06 0.956 0.000 0.000 0.000 0.027 0.000 0.000 0.000 0.000 0.000 0.018 0.000 0.000 0.779 0.189 0.032
     33000. 4.436E-01 3.847E-06 0.962 0.000 0.000 0.000 0.023 0.000 0.000 0.000 0.000 0.000 0.015 0.000 0.000 0.947 0.045 0.008
     45000. 8.069E-01 3.703E-06 0.967 0.000 0.000 0.000 0.020 0.000 0.000 0.000 0.000 0.000 0.013 0.000 0.000 0.984 0.014 0.002
     60000. 1.412E+00 3.662E-06 0.973 0.000 0.000 0.000 0.017 0.000 0.000 0.000 0.000 0.000 0.011 0.000 0.000 0.995 0.004 0.001
      8000. 8.769E-01 6.457E-05 0.998 0.000 0.000 0.000 0.001 0.000 0.000 0.000 0.000 0.000 0.001 0.000 0.000 0.056 0.808 0.136
1

 ****************
 * TAU=316.2278 *
 ****************

 T=  5731.  PE= 2.41E+02 lag: 53 lg10_tau(kr)=   2.50
 ELEMENT  ABUNDANCE ELCONT IONIZATION FRACTIONS                 PARTITION FUNCTIONS
                              I       II      III     IV            I         II        III       IV
      H    1.000E+00 0.065  1.0000  0.0000
      HE   8.511E-02 0.000  1.0000  0.0000
      C    3.119E-04 0.003  0.9994  0.0006  0.0000
      N    6.026E-05 0.000  1.0000  0.0000  0.0000
      O    5.495E-04 0.000  1.0000  0.0000
      NE   6.918E-05 0.000  1.0000  0.0000
      NA   1.722E-06 0.028  0.0116  0.9884
      MG   3.741E-05 0.449  0.2825  0.7175  0.0000
      AL   2.985E-06 0.043  0.1354  0.8646  0.0000  0.0000
      SI   3.236E-05 0.118  0.7815  0.2185  0.0000
      S    1.380E-05 0.001  0.9975  0.0025  0.0000
      K    1.318E-07 0.002  0.0037  0.9963
      CA   2.421E-06 0.040  0.0207  0.9792  0.0001
      CR   4.365E-07 0.006  0.1637  0.8363  0.0000
      FE   2.612E-05 0.236  0.4591  0.5409  0.0000
      NI   1.698E-06 0.009  0.6662  0.3338  0.0000




                F R A C T I O N S  O F  C O N T I N U O U S  A B S O R P T I O N  A N D  S C A T T E R I N G
 WAVELENGTH   ABS       SCAT     H-    H BF  (H+H) H2+   H2-   C I   MG I  AL I  SI I  HE I  HE-   H2PR  HEPR  ELSC  H-SC  H2SC 
      3300. 2.566E+00 2.701E-03 0.972 0.007 0.006 0.010 0.000 0.000 0.003 0.000 0.001 0.000 0.001 0.000 0.000 0.006 0.965 0.028
      3800. 2.994E+00 1.457E-03 0.988 0.000 0.002 0.007 0.000 0.000 0.001 0.000 0.001 0.000 0.001 0.000 0.000 0.012 0.960 0.029
      5000. 4.015E+00 4.631E-04 0.992 0.000 0.000 0.005 0.000 0.000 0.001 0.000 0.001 0.000 0.001 0.000 0.000 0.037 0.934 0.029
      6000. 4.720E+00 2.257E-04 0.993 0.000 0.000 0.003 0.000 0.000 0.001 0.000 0.001 0.000 0.001 0.000 0.000 0.077 0.895 0.028
      7000. 5.236E+00 1.277E-04 0.994 0.000 0.000 0.003 0.000 0.000 0.001 0.000 0.000 0.000 0.001 0.000 0.000 0.136 0.838 0.026
      8000. 5.527E+00 8.129E-05 0.995 0.000 0.000 0.003 0.000 0.000 0.000 0.000 0.000 0.000 0.001 0.000 0.000 0.213 0.763 0.024
      9000. 5.574E+00 5.694E-05 0.995 0.000 0.000 0.002 0.001 0.000 0.000 0.000 0.000 0.000 0.002 0.000 0.000 0.304 0.674 0.021
     10000. 5.379E+00 4.317E-05 0.994 0.000 0.000 0.002 0.001 0.000 0.000 0.000 0.000 0.000 0.002 0.000 0.000 0.401 0.580 0.018
     11000. 4.966E+00 3.490E-05 0.993 0.000 0.000 0.002 0.001 0.000 0.000 0.000 0.000 0.000 0.003 0.000 0.000 0.497 0.488 0.015
     13749. 3.134E+00 2.448E-05 0.987 0.001 0.000 0.004 0.002 0.000 0.000 0.000 0.000 0.000 0.007 0.000 0.000 0.708 0.283 0.009
     15600. 1.964E+00 2.163E-05 0.976 0.001 0.000 0.006 0.005 0.000 0.000 0.000 0.000 0.000 0.014 0.000 0.000 0.801 0.193 0.006
     16000. 1.840E+00 2.121E-05 0.973 0.001 0.000 0.006 0.005 0.000 0.000 0.000 0.000 0.000 0.015 0.000 0.000 0.817 0.177 0.006
     16300. 1.796E+00 2.093E-05 0.972 0.001 0.000 0.006 0.006 0.000 0.000 0.000 0.000 0.000 0.016 0.000 0.000 0.828 0.167 0.005
     16600. 1.826E+00 2.068E-05 0.972 0.001 0.000 0.006 0.006 0.000 0.000 0.000 0.000 0.000 0.016 0.000 0.000 0.838 0.157 0.005
     17000. 1.908E+00 2.037E-05 0.972 0.001 0.000 0.006 0.006 0.000 0.000 0.000 0.000 0.000 0.016 0.000 0.000 0.851 0.145 0.005
     22000. 3.099E+00 1.841E-05 0.976 0.001 0.000 0.003 0.005 0.000 0.000 0.000 0.000 0.000 0.015 0.000 0.000 0.941 0.057 0.002
     33000. 6.727E+00 1.754E-05 0.982 0.001 0.000 0.001 0.004 0.000 0.000 0.000 0.000 0.000 0.012 0.000 0.000 0.988 0.012 0.000
     45000. 1.228E+01 1.739E-05 0.985 0.001 0.000 0.001 0.004 0.000 0.000 0.000 0.000 0.000 0.010 0.000 0.000 0.996 0.003 0.000
     60000. 2.158E+01 1.735E-05 0.989 0.000 0.000 0.000 0.003 0.000 0.000 0.000 0.000 0.000 0.008 0.000 0.000 0.999 0.001 0.000
      8000. 5.527E+00 8.129E-05 0.995 0.000 0.000 0.003 0.000 0.000 0.000 0.000 0.000 0.000 0.001 0.000 0.000 0.213 0.763 0.024
 Model written out successfully.
