7.48040467e-10
7.69410138e-10
7.91366326e-10
8.13934534e-10
8.37140262e-10
8.60958010e-10
8.85464278e-10
9.10633568e-10
9.36491379e-10
9.63088714e-10
9.90400070e-10
1.01847645e-09
1.04731786e-09
1.07694979e-09
1.10742324e-09
1.13871272e-09
1.17086923e-09
1.20389277e-09
1.23783433e-09
1.27271943e-09
1.30854805e-09
1.34534571e-09
1.38316339e-09
1.42200111e-09
1.46190986e-09
1.50291515e-09
1.54504247e-09
1.58829183e-09
1.63273972e-09
1.67838615e-09
1.72528212e-09
1.77345314e-09
1.82292469e-09
1.87372228e-09
1.92592242e-09
1.97952510e-09
2.03458133e-09
2.09111660e-09
2.14918192e-09
2.20882829e-09
2.27008122e-09
2.33296619e-09
2.39755972e-09
2.46388730e-09
2.53199993e-09
2.60184662e-09
2.67375888e-09
2.74745619e-09
2.82319357e-09
2.90097101e-09
2.98078851e-09
3.06264608e-09
3.14679872e-09
3.23324643e-09
3.32198922e-09
3.41302707e-09
3.50661501e-09
3.60249802e-09
3.70118611e-09
3.80216928e-09
3.90595754e-09
4.01255088e-09
4.12220432e-09
4.23440784e-09
4.34967146e-09
4.46799517e-09
4.58937898e-09
4.71407789e-09
4.84209190e-09
4.97342102e-09
5.10832026e-09
5.24653459e-09
5.38857405e-09
5.53443862e-09
5.68387331e-09
5.83738813e-09
5.99472806e-09
6.15640314e-09
6.32215834e-09
6.49250368e-09
6.66718416e-09
6.84619978e-09
7.03006054e-09
7.21876646e-09
7.41231754e-09
7.61096877e-09
7.81472016e-09
8.02382672e-09
8.23854346e-09
8.45861536e-09
8.68429744e-09
8.91584470e-09
9.15351216e-09
9.39729981e-09
9.64746266e-09
9.90400070e-09
1.01671690e-08
1.04372224e-08
1.07141611e-08
1.09982400e-08
1.12894592e-08
1.15883285e-08
1.18948482e-08
1.22092730e-08
1.25316031e-08
1.28623485e-08
1.32017642e-08
1.35495951e-08
1.39063513e-08
1.42722877e-08
1.46474045e-08
1.50322116e-08
1.54267090e-08
1.58314067e-08
1.62463047e-08
1.66719130e-08
1.71082317e-08
1.75555157e-08
1.80142751e-08
1.84847649e-08
1.89669850e-08
1.94614455e-08
1.99684014e-08
2.04883628e-08
2.10213295e-08
2.15675566e-08
2.21278092e-08
2.27020872e-08
2.32906457e-08
2.38942496e-08
2.45128990e-08
2.51471039e-08
2.57966093e-08
2.64647302e-08
2.71456016e-08
2.78468736e-08
2.85659962e-08
2.93004192e-08
3.00552429e-08
3.08279171e-08
3.16184419e-08
3.24319174e-08
3.32632435e-08
3.41175203e-08
3.49896477e-08
3.58847258e-08
3.68027546e-08
3.77437341e-08
3.87076643e-08
3.96970954e-08
4.07094771e-08
4.17448096e-08
4.28081930e-08
4.38970771e-08
4.50140122e-08
4.61564480e-08
4.73294848e-08
4.85305725e-08
4.97597110e-08
5.10194506e-08
5.23097910e-08
5.36332826e-08
5.49873750e-08
5.63771686e-08
5.78001133e-08
5.92562090e-08
6.07480058e-08
6.22780538e-08
6.38438029e-08
6.54478032e-08
6.70926048e-08
6.87756576e-08
7.04995117e-08
7.22667171e-08
7.40772739e-08
7.59286320e-08
7.78284416e-08
7.97716026e-08
8.17632150e-08
8.38007290e-08
8.58892445e-08
8.80287616e-08
9.02192803e-08
9.24633507e-08
9.47609728e-08
9.71121466e-08
9.95219722e-08
1.01987900e-07
1.04515029e-07
1.07100810e-07
1.09750343e-07
1.12461078e-07
1.15238115e-07
1.18084004e-07
1.20993646e-07
1.23974689e-07
1.27027135e-07
1.30150983e-07
1.33351333e-07
1.36625636e-07
1.39978991e-07
1.43411399e-07
1.46925409e-07
1.50523572e-07
1.54205888e-07
1.57977456e-07
1.61835727e-07
1.65785801e-07
1.69830228e-07
1.73969008e-07
1.78207241e-07
1.82542377e-07
1.86982066e-07
1.91523758e-07
1.96175104e-07
2.00933554e-07
2.05806756e-07
2.10789613e-07
2.15892323e-07
2.21114887e-07
2.26459854e-07
2.31927226e-07
2.37524652e-07
2.43252131e-07
2.49112215e-07
2.55110003e-07
2.61255696e-07
2.67528893e-07
2.73955094e-07
2.80534301e-07
2.87266512e-07
2.94126227e-07
3.01189949e-07
3.08381174e-07
3.15750906e-07
3.23299142e-07
3.31025885e-07
3.38931133e-07
3.46989386e-07
3.55251645e-07
3.63717910e-07
3.72362682e-07
3.81211459e-07
3.90264243e-07
3.99521034e-07
4.09007331e-07
4.18697635e-07
4.28591946e-07
4.38741264e-07
4.49094589e-07
4.59702922e-07
4.70566262e-07
4.81659110e-07
4.93006966e-07
5.04609830e-07
5.16467702e-07
5.28631584e-07
5.41024973e-07
5.53724371e-07
5.66729779e-07
5.80015696e-07
5.93582122e-07
6.07480058e-07
6.21684003e-07
6.36193958e-07
6.51060925e-07
6.66233901e-07
6.81763888e-07
6.97650886e-07
7.13894896e-07
7.30495917e-07
7.47453949e-07
7.64819994e-07
7.82568550e-07
8.00699619e-07
8.19238701e-07
8.38211296e-07
8.57591904e-07
8.77406026e-07
8.97679162e-07
9.18385811e-07
9.39576976e-07
9.61227155e-07
9.83336349e-07
1.00598106e-06
1.02908478e-06
1.05272403e-06
1.07689878e-06
1.10158356e-06
1.12682935e-06
1.15263616e-06
1.17900399e-06
1.20595833e-06
1.23352470e-06
1.26167758e-06
1.29044248e-06
1.31987041e-06
1.34991035e-06
1.38063881e-06
1.41203030e-06
1.44411030e-06
1.47690433e-06
1.51041238e-06
1.54465996e-06
1.57964706e-06
1.61539918e-06
1.65217133e-06
1.68950450e-06
1.72765370e-06
1.76661892e-06
1.80645117e-06
1.84715045e-06
1.88874225e-06
1.93122659e-06
1.97462895e-06
2.01897484e-06
2.06426426e-06
2.11057371e-06
2.15785220e-06
2.20615071e-06
2.25552026e-06
2.30593534e-06
2.35744696e-06
2.41005511e-06
2.46381079e-06
2.51871402e-06
2.57481578e-06
2.63219258e-06
2.69058941e-06
2.75026128e-06
2.81146320e-06
2.87368515e-06
2.93743715e-06
3.00246419e-06
3.06902128e-06
3.13685341e-06
3.20621558e-06
3.27685280e-06
3.34927507e-06
3.42297238e-06
3.49845475e-06
3.57546717e-06
3.65400963e-06
3.73433715e-06
3.81644973e-06
3.90009235e-06
3.98552003e-06
4.07298778e-06
4.16198557e-06
4.25302342e-06
4.34610134e-06
4.44096432e-06
4.53786736e-06
4.63681046e-06
4.73779363e-06
4.84107187e-06
4.94639018e-06
5.05374854e-06
5.16365699e-06
5.27560550e-06
5.39010410e-06
5.50689776e-06
5.62624150e-06
5.74788032e-06
5.87206922e-06
5.99906320e-06
6.12860726e-06
6.26070141e-06
6.39560064e-06
6.53330496e-06
6.67381437e-06
6.81738387e-06
6.96375846e-06
7.11344816e-06
7.26594294e-06
7.42175283e-06
7.58062282e-06
7.74280790e-06
7.90856310e-06
8.07737840e-06
8.25001882e-06
8.42597434e-06
8.60549997e-06
8.78885072e-06
8.97602659e-06
9.16702758e-06
9.36185370e-06
9.56075994e-06
9.76349130e-06
9.97055779e-06
1.01819594e-05
1.03976962e-05
1.06177681e-05
1.08421751e-05
1.10711723e-05
1.13050147e-05
1.15437021e-05
1.17869798e-05
1.20353576e-05
1.22888355e-05
1.25474136e-05
1.28110919e-05
1.30803804e-05
1.33550240e-05
1.36352778e-05
1.39211417e-05
1.42128709e-05
1.45107202e-05
1.48144348e-05
1.51245245e-05
1.54407344e-05
1.57635745e-05
1.60930449e-05
1.64291454e-05
1.67723862e-05
1.71225122e-05
1.74800334e-05
1.78449498e-05
1.82175165e-05
1.85979884e-05
1.89863656e-05
1.93831581e-05
1.97883658e-05
2.02024988e-05
2.06255571e-05
2.10583056e-05
2.15009995e-05
2.19536387e-05
2.24169883e-05
2.28918132e-05
2.33758183e-05
2.38746140e-05
2.43843750e-05
2.49099465e-05
2.54526035e-05
2.60108160e-05
2.65743837e-05
2.70461485e-05
2.77958720e-05
2.81962346e-05
2.91015130e-05
2.98027850e-05
3.05499584e-05
3.13022320e-05
3.21335581e-05
3.30566870e-05
3.40027667e-05
3.50942010e-05
3.62774381e-05
3.76060298e-05
3.89218710e-05
4.09338842e-05
3.71827165e-05
4.57458851e-05
4.91578922e-05
5.28937594e-05
5.76471085e-05
6.76332218e-05
4.37440723e-05
9.94505699e-05
6.43487187e-05
2.38511532e-04
5.17972250e-05
4.39200278e-04
4.92624454e-05
2.36407716e-04
4.78088998e-05
2.08308385e-04
1.51796062e-04
5.95749690e-04
7.09840269e-04
7.84124099e-04
6.88470598e-04
7.88994752e-04
7.52528608e-04
9.13413155e-04
9.33048771e-04
9.59875613e-04
9.77598669e-04
1.00253845e-03
1.01970049e-03
9.84687891e-04
1.04596631e-03
8.53970790e-04
1.10140505e-03
1.12382026e-03
1.14439940e-03
1.17561238e-03
1.19631903e-03
1.22217684e-03
1.22898556e-03
1.26611472e-03
1.21646466e-03
1.31558627e-03
1.33616542e-03
1.36732740e-03
1.38160784e-03
1.31783034e-03
1.42195011e-03
1.46522497e-03
1.42582623e-03
9.45697168e-05
1.54692953e-03
1.56001144e-03
1.60050671e-03
1.64571963e-03
1.67897267e-03
1.60598938e-03
1.72614915e-03
1.77330013e-03
1.12506980e-04
1.83768965e-03
1.86964215e-03
1.89963109e-03
1.88425411e-03
1.95772192e-03
1.94369648e-03
1.83659312e-03
1.02436714e-03
1.05565662e-03
2.07818770e-03
2.11256277e-03
1.64702017e-03
1.44847094e-03
2.37787310e-04
2.28374964e-03
1.18849028e-03
2.27954201e-03
2.22481730e-03
2.52718028e-03
2.58068096e-03
2.61995219e-03
2.59292134e-03
1.01358030e-03
2.71354013e-03
2.81426829e-03
2.84002410e-03
9.73697046e-04
2.96293795e-03
3.02617994e-03
3.09962224e-03
3.15317392e-03
3.20927568e-03
3.26384739e-03
3.32351926e-03
3.25313706e-03
3.42501245e-03
3.46912883e-03
3.51503027e-03
3.54002106e-03
3.52880070e-03
2.51871402e-03
2.88949565e-03
6.05159485e-04
1.69559919e-03
1.98753235e-03
3.71674160e-03
2.96421299e-04
3.93757853e-03
6.47873325e-04
4.14388000e-03
4.06508253e-03
3.90876262e-03
3.74275242e-03
3.44158797e-04
3.51605030e-03
2.79871280e-03
4.61972493e-03
3.11415770e-03
3.63998419e-04
4.75207408e-03
5.06573392e-03
1.87874594e-03
5.26795526e-03
5.33221728e-03
5.35567802e-03
5.24398451e-03
4.01867107e-03
4.83342163e-03
5.09378480e-03
4.72861334e-03
1.56256152e-03
3.24242672e-03
2.01114609e-03
1.28990697e-03
5.93301613e-04
4.89385853e-04
4.88620829e-04
9.56407504e-04
4.84948714e-04
8.37854285e-04
9.05507907e-04
3.65681472e-03
5.08307446e-03
6.00186829e-03
6.64346842e-03
6.54503533e-03
7.52375603e-03
7.85705149e-03
8.15668589e-03
8.41526400e-03
4.10945392e-03
8.89442403e-03
9.10914077e-03
9.31671728e-03
9.50261811e-03
9.62196186e-03
1.75460804e-03
9.46946707e-03
4.76048934e-03
1.02742723e-02
1.05491709e-02
9.93077654e-03
9.26010550e-03
8.18142166e-04
9.95270723e-03
1.14141581e-02
1.18604221e-02
1.21554663e-02
1.23701831e-02
1.13687667e-02
1.28544433e-02
1.29531314e-02
8.85132768e-04
1.34333114e-02
1.37915977e-02
1.40690464e-02
1.42526521e-02
1.41832900e-02
1.03584250e-02
1.27667205e-02
1.50600075e-02
3.56985699e-03
1.59323898e-02
1.62310042e-02
1.15819533e-03
1.64485260e-02
1.55072915e-02
1.83243649e-02
1.91620661e-02
1.99508059e-02
2.07602013e-02
2.15979026e-02
2.19311980e-02
2.33906088e-02
2.43764697e-02
2.53860464e-02
2.64774806e-02
2.72731056e-02
2.61714710e-02
3.01113446e-02
3.14654371e-02
3.28756314e-02
3.43801786e-02
3.59459277e-02
3.77335338e-02
3.95262400e-02
4.01280589e-02
4.35553664e-02
4.57484352e-02
3.18249984e-02
5.06471389e-02
5.33808246e-02
5.62879158e-02
5.93837130e-02
6.27166675e-02
6.63607318e-02
7.01935021e-02
7.43960339e-02
7.89734275e-02
8.38593808e-02
8.76692003e-02
9.49292781e-02
1.01207575e-01
1.07967837e-01
1.15449772e-01
1.23536076e-01
1.32372103e-01
1.42044556e-01
1.52606988e-01
1.63985444e-01
1.76715444e-01
1.90363472e-01
2.04819876e-01
2.20268260e-01
2.35170928e-01
2.46266326e-01
2.36848880e-01
6.67534442e-02
9.02141802e-02
6.10132141e-02
6.97574384e-02
1.62702754e-01
4.95149034e-02
2.81018816e-01
3.00399424e-03
1.70651354e-01
3.10446739e-03
2.04878527e-01
7.15246438e-01
1.02171505e+00
1.22717500e+00
1.39596479e+00
1.80721620e+00
2.18353150e+00
2.47095102e+00
3.02898502e+00
4.02479126e+00
5.04456826e+00
6.40656598e+00
5.68438333e+00
6.82656416e+00
6.98696419e+00
7.13053370e+00
4.09925360e-03
7.43348320e+00
7.58138784e+00
7.72903747e+00
7.87337200e+00
7.96083974e+00
8.10542928e+00
8.34768688e+00
8.49202141e+00
8.61595530e+00
8.42648435e+00
6.83625446e-02
8.34768688e+00
8.50706688e+00
9.02600816e+00
9.61839174e+00
9.70458445e+00
9.16932266e+00
1.02046551e+01
1.03222138e+01
1.06289884e+01
1.55605882e-01
1.10497516e+01
1.12805339e+01
1.14534293e+01
1.14710249e+01
1.19626803e+01
1.21901474e+01
1.23900737e+01
1.26591071e+01
8.29796032e-03
1.29916376e+01
1.31548427e+01
1.25219128e+01
9.82953837e+00
1.92847250e+00
1.27799809e+01
1.40884270e+01
1.47960742e+01
1.52469283e+01
1.55486028e+01
1.58836833e+01
1.61789826e+01
1.64911124e+01
1.68741344e+01
1.67805464e+01
1.75249148e+01
1.78464799e+01
1.68850997e+01
1.80933276e+01
1.87374778e+01
1.88937977e+01
1.16418802e+00
1.78273543e+01
6.57002611e+00
1.99240300e+01
5.78562150e+00
2.14025664e+01
2.18467904e+01
1.88634518e+01
2.25863136e+01
2.28770227e+01
1.09439233e-02
2.38521733e+01
2.42925721e+01
2.47181804e+01
2.50904921e+01
2.51848451e+01
2.58221101e+01
2.60082659e+01
2.63499766e+01
2.63168256e+01
2.64698304e+01
2.63499766e+01
2.59955155e+01
2.51042626e+01
2.42405505e+01
2.23346207e+01
1.23803834e+01
1.44507933e+01
1.44224875e-02
9.92542138e-01
1.53165455e-02
6.68809482e-01
6.54223024e+00
1.47256920e+01
2.04934629e+01
2.55824026e+01
2.85124445e+01
2.97313827e+01
2.89791091e+01
3.31051386e+01
3.53798099e+01
3.66676003e+01
3.75805290e+01
3.83098518e+01
3.93477344e+01
4.00311558e+01
4.10588381e+01
4.08063802e+01
4.17014582e+01
4.12857952e+01
2.16435490e+01
4.38639261e+01
4.49043587e+01
3.68716067e+01
4.51542666e+01
4.76125437e+01
4.87192784e+01
3.57011200e+01
4.96526077e+01
5.06496890e+01
5.04431325e+01
4.69138218e+01
5.28784589e+01
5.44595085e+01
5.53163354e+01
5.59181542e+01
5.57983005e+01
4.56515322e+01
5.70478397e+01
5.92409085e+01
4.81098093e+01
6.02532902e+01
6.14977293e+01
6.33006358e+01
6.28671222e+01
6.29002733e+01
6.51213930e+01
3.51579530e-02
6.47337808e+01
6.21939011e+01
6.59654694e+01
6.70059021e+01
6.55115552e+01
6.62638288e+01
6.56671101e+01
5.99702314e+01
5.02773773e+01
2.82650867e+01
9.38199933e-02
7.37534138e+00
5.52194323e-02
7.15246438e-01
1.69457916e+01
6.09520122e+00
3.83685037e-02
3.90034736e-02
1.61022252e+01
4.75130906e+01
6.39636566e+01
7.02470538e+01
7.69665146e+01
8.05748778e+01
8.74269427e+01
9.04946890e+01
1.36929096e+00
9.54877456e+01
9.92057622e+01
5.40336451e+01
9.45136150e+01
1.01689540e+02
9.37383907e+01
8.37038259e+01
1.01809394e+02
1.10166006e+02
1.12144868e+02
1.17844297e+02
1.16056691e+02
7.38503168e+00
1.06345986e+02
9.97234285e+01
8.60677501e+01
9.83871866e+01
1.01467683e+02
5.44391078e+01
9.12877638e+01
1.29192153e+02
6.84900486e-02
1.28501081e+02
1.05269852e+02
1.02944180e+02
1.59992019e+00
1.17953950e+02
1.11078935e+02
1.06111379e+02
1.29406360e+02
1.12601332e+02
1.08760912e+02
1.23816584e+02
1.24367402e+02
1.13057797e+02
7.48626986e+01
8.26047414e-01
1.19019884e+02
8.13246013e+01
1.03329242e+02
6.51188429e+01
9.47482224e-02
1.22490543e+02
1.71028765e+02
1.26417666e+02
1.54988762e+02
1.33392135e+02
1.59777812e+02
9.77802675e+01
8.90360432e+00
1.04780237e+02
4.54449757e-01
7.39472198e+01
9.91318099e+01
1.92500439e+02
1.92250531e+02
1.41914502e+02
1.38599398e+02
1.31219467e+02
9.94174189e+01
8.36528243e+01
8.28827002e+01
1.40262050e+02
1.49587693e+02
7.79533955e+01
1.65168682e+02
1.01916497e+02
5.66474771e+01
7.89989283e+01
1.30839505e+02
1.45915578e+02
1.20356126e-01
2.02652308e+02
1.40058044e+02
6.68477971e+01
1.93454169e+01
2.16955706e+01
2.19403783e+02
1.91345253e+02
1.12960894e+02
2.78443235e+01
1.36893395e+02
1.25231879e+02
1.61815326e+01
5.08817462e+01
9.18181805e+01
1.06483691e+00
4.78650016e+01
1.51130491e-01
1.29189603e+02
4.98693645e+01
1.10943780e+02
2.76964189e+02
8.91405965e+01
3.02847501e+01
9.55387472e+01
9.43784608e+01
1.22697099e+02
1.48016844e+02
2.88006035e+02
7.56277226e+01
7.60051344e+00
1.70613102e+02
1.69049903e+02
5.02238256e+01
2.26069692e+02
5.75298048e+00
9.49904800e+01
8.80542624e+00
3.87229648e+01
6.30252272e+01
4.00617568e+00
2.97466832e+01
2.80330294e+02
9.46181683e+00
2.84129914e+01
1.82157315e+02
1.12591132e+02
7.45872899e-01
2.61918717e+00
9.90706080e+01
2.36147608e+01
3.03332016e+01
2.71583520e+00
2.91040630e+02
1.38150584e+01
8.94848573e+01
2.03243926e+01
3.82639504e+02
1.37360059e+02
4.29968989e-01
1.55832839e+02
2.64494298e+01
1.84788997e+02
7.22080653e+01
1.06789700e+00
2.16065728e+02
1.92676395e+02
3.38344614e+02
2.04758674e+02
1.26093806e+01
7.56200723e+01
1.43008486e+01
3.62340867e+02
2.28229610e+02
2.19355332e+00
2.43614243e+02
3.37299082e+02
8.43642966e-01
1.13131749e+01
3.56679690e+00
1.39119614e+00
3.02439488e+02
4.26500880e+02
2.67554394e+01
2.07716766e+00
6.40860605e+01
1.80303406e+01
2.48576698e+00
3.13940349e+01
1.11390044e+01
8.10236918e+01
9.48374752e+01
1.63335174e+02
2.74898624e+01
4.10741386e-01
4.70897773e+01
6.76791232e+01
3.61703347e+01
9.94046685e-01
1.78645854e+01
1.21131350e+01
2.31491162e+00
7.77289885e-01
6.15742317e-01
2.19903599e+00
2.42680913e+00
1.15781282e+00
4.78191002e-01
4.84107187e-01
7.26109779e-01
4.96169066e-01
1.08600257e+00
9.98636829e-01
5.20471328e-01
1.61565419e+00
7.66911059e-01
8.79573594e-01
4.87855805e+00
9.90502074e+00
1.62794557e+00
4.29458973e+01
8.99566221e+01
1.66104561e+02
1.84271331e+02
1.83587909e+02
4.95506045e+00
3.15852909e+02
2.93514208e+02
1.13912074e+02
1.73155532e+01
3.75167770e+02
1.60861596e+02
5.32915718e+02
3.13353830e+02
6.78423283e+02
6.61567254e+02
6.15359805e+02
5.04023312e+02
5.85829878e+02
2.57226570e+02
7.24860240e+02
5.30289136e+02
7.75555830e+02
2.98741872e+00
5.30263635e+02
6.99129933e+02
8.75824976e+00
3.78406371e+02
8.63304083e+02
8.50910694e+02
8.71974355e+02
9.60003117e+02
6.00594842e+02
7.65126003e+02
1.01485534e+03
7.97869030e+02
7.90907312e+02
1.02635620e+03
9.95806240e+02
1.04231970e+03
5.56682464e+02
3.77182333e+00
2.81477830e+02
4.50420630e+01
6.20306960e+02
9.25092522e+02
1.13167450e+03
8.95868605e+02
9.16396749e+02
6.80947862e+01
1.33409985e+01
4.32060054e+00
6.59807699e+02
1.14661797e+03
5.89476493e+02
1.19356494e+02
1.88792623e+02
6.11687690e+02
8.65930666e+02
1.02854927e+02
2.56895059e+02
6.67840451e+02
9.80990275e+01
7.33352006e+02
1.05639614e+03
8.95868605e+02
1.27723307e+03
4.40755827e+02
1.22480342e+03
5.72977475e+02
1.19580901e+03
1.38270438e+03
1.16737562e+03
1.32629661e+03
1.36487932e+01
1.49485690e+03
1.13810070e+03
1.29194703e+03
1.47927591e+03
1.53915179e+03
1.51898065e+03
1.40670063e+03
5.78383645e+00
1.46410293e+03
1.57383287e+03
1.63638634e+03
2.25182264e+00
1.62248840e+03
1.65479791e+03
1.66260116e+03
8.96633629e+00
1.69302361e+03
6.13243238e+02
6.75720198e+02
7.95803466e+02
1.70483048e+00
1.13396957e+03
2.06416226e+02
8.47442586e+02
9.99758864e+02
1.76832748e+03
3.27506774e+02
4.96653581e+02
5.98503776e+02
1.06055277e+03
3.12027789e+01
3.71648659e+01
1.87395179e+03
1.47555279e+03
9.13744666e+02
7.87770714e+02
1.38721802e+03
4.14694010e+02
1.89891707e+03
1.21501112e+01
2.88159040e+01
1.17772895e+03
7.33964026e+02
1.45048550e+03
1.38262788e+03
1.49534141e+03
1.25109475e+03
1.64299104e+03
1.23347370e+01
4.52690202e+02
1.82116513e+03
2.56538048e+01
5.25877498e+01
1.18285461e+03
1.78408697e+03
1.87675688e+03
1.51380399e+03
7.37840147e+00
1.32820917e+03
2.11396532e+03
2.91142634e+01
1.71969745e+03
2.01438469e+03
7.56175222e+01
1.56516260e+03
2.11664290e+03
2.29917763e+03
2.28571321e+03
2.36417917e+03
2.40281288e+03
2.42670713e+03
2.30639436e+03
2.19850047e+03
2.35683494e+03
2.20217259e+03
1.50737779e+03
1.24760114e+01
2.49617131e+03
2.56895059e+03
2.28647823e+03
2.27163676e+03
2.53633507e+03
2.51907103e+03
2.69772963e+03
2.21199039e+03
6.18266896e+02
2.75434141e+03
2.36326114e+03
2.60873184e+03
2.63346762e+03
1.25346632e+01
5.55891939e+01
2.45197842e+03
2.63040752e+03
2.85047942e+03
2.21086836e+03
1.54486396e+03
2.54309278e+03
2.03394381e+01
1.15243215e+01
1.60236827e+01
2.29150189e+03
1.20519331e+01
8.55934352e+01
1.15791483e+01
2.58833120e+03
2.67452390e+03
2.90071600e+03
2.66202851e+03
2.58552611e+03
2.48974511e+03
2.36292963e+03
2.21091936e+03
1.83001391e+03
1.19486548e+03
4.19998176e+02
2.43836100e+01
2.14953893e+01
4.01306090e+02
1.13221002e+03
2.81095318e+02
2.20995033e+03
2.51261932e+03
1.10415914e+03
2.81299325e+03
2.91627149e+03
3.02413987e+03
3.23324643e+03
7.55563203e+00
1.89544896e+03
3.34417491e+03
2.76989690e+03
2.06918591e+03
1.11912811e+01
2.52340616e+01
3.58592250e+03
2.97007818e+03
1.81705950e+01
3.28501306e+03
3.65196957e+03
3.78814384e+03
1.57202232e+01
1.36788841e+01
2.63193757e+01
3.80446435e+03
3.94548378e+03
3.81491968e+03
3.59510278e+03
4.00056550e+03
3.91641286e+03
9.57070525e+00
1.35822361e+03
1.86115039e+01
1.89986060e+02
9.63649731e+00
1.73640047e+01
1.18540469e+02
3.88071174e+03
1.26871580e+01
4.12245933e+03
4.06304246e+03
3.07233638e+03
1.31535676e+01
4.01229587e+03
2.86220979e+02
9.92950150e+00
3.88632192e+03
3.89932733e+03
4.26857891e+03
3.85062080e+03
7.38273661e+01
1.08118292e+03
4.00872576e+03
3.05346579e+03
1.99013343e+01
3.05525085e+03
5.95265174e+01
3.93936358e+03
4.39251280e+03
2.14772838e+03
4.36548195e+03
4.48355066e+03
4.40551821e+03
3.82129488e+03
6.57818637e+02
1.61695473e+01
5.87614934e+02
1.38675900e+03
1.03510297e+02
2.45123890e+01
3.65477466e+03
1.76470636e+03
1.47040163e+01
3.73561219e+03
1.22533894e+03
6.52004454e+01
1.60769794e+01
2.80381296e+03
9.19048832e+02
4.94766522e+03
2.67860403e+03
2.97262826e+03
2.10271947e+01
1.52963999e+01
3.34570496e+03
1.95104071e+03
5.11571549e+03
1.69779226e+01
1.93122659e+01
1.27312744e+01
2.53426950e+02
4.72070810e+02
1.50793881e+02
5.49236230e+03
2.87776528e+03
4.69342224e+03
4.53990742e+03
1.03232339e+02
5.89654998e+03
1.32991772e+01
5.80296205e+03
1.82506676e+01
1.57413888e+02
5.63771686e+03
3.51834538e+03
2.02073439e+01
4.32187558e+01
4.13214963e+03
4.40118307e+03
4.36803203e+01
3.69710598e+03
1.66532974e+01
4.57152842e+03
3.46836381e+01
8.16000099e+02
5.00453200e+03
6.41396122e+03
2.52213112e+01
6.47414310e+03
4.62890522e+03
6.54121021e+03
6.58532659e+03
6.72405094e+03
1.96073101e+01
5.69228858e+03
2.20997583e+01
8.21176762e+02
3.43980291e+03
6.82503411e+03
1.57100228e+03
7.00149965e+03
5.52092320e+03
2.60490672e+02
1.22651198e+03
7.12160842e+03
4.11047395e+03
4.27597414e+01
6.55090051e+03
7.19046058e+03
3.48672438e+03
7.33683517e+03
2.60822182e+01
7.18000525e+03
7.33428509e+03
4.13163962e+02
3.47091389e+03
6.90740170e+01
3.77564845e+02
6.94080774e+03
7.45082374e+03
6.81253872e+03
1.27664655e+02
6.62281277e+01
1.75738763e+03
2.84741933e+01
3.69685098e+01
2.85557958e+01
7.45490387e+01
2.11756093e+02
3.28934819e+02
7.88229728e+03
5.90700531e+03
8.18856189e+03
8.16816125e+03
6.79800326e+02
9.55897488e+01
4.83699174e+01
4.51874176e+01
7.34244534e+03
7.94553926e+03
3.26359238e+01
2.58144598e+01
2.86348483e+01
2.65641834e+01
2.63091754e+01
8.70724816e+03
8.78196550e+03
1.76832748e+02
4.13877984e+01
2.79896781e+01
7.28022339e+03
3.50789005e+03
1.13914624e+03
3.68945574e+03
9.10072550e+03
3.58668752e+01
9.05507907e+03
3.10523242e+01
2.32006278e+03
8.95409590e+03
9.25551536e+03
6.14339773e+03
5.50179760e+01
8.24899878e+02
3.42373741e+01
1.03648002e+02
7.29322880e+01
3.38523120e+01
6.04037450e+01
3.54588624e+01
1.83304851e+02
1.33948052e+02
3.38880131e+01
4.63987056e+03
3.44694314e+01
6.42722163e+01
3.50789005e+01
1.01074971e+04
3.64100422e+01
1.65775601e+02
1.41111227e+02
9.13948672e+01
2.92774685e+02
1.03829057e+04
1.03653102e+04
5.80474710e+01
1.89017030e+02
8.01847155e+03
4.90176378e+01
6.54503533e+01
6.90281155e+01
2.27944001e+03
1.23105112e+02
3.88045674e+03
1.55878740e+02
1.08434502e+04
9.21624413e+03
1.46262388e+02
4.04544691e+03
4.28693949e+02
1.59010238e+03
1.66698730e+02
2.58884122e+02
1.13820271e+03
7.48779990e+02
3.04326547e+03
1.99268351e+02
2.94967754e+02
2.18980470e+02
7.34244534e+01
2.41166166e+02
1.57694397e+02
3.31586902e+03
4.51032650e+02
6.78627290e+01
2.70027971e+03
8.90054422e+01
1.49365836e+02
1.88634518e+02
2.66508861e+03
1.19407496e+04
2.60363168e+03
5.31946688e+02
1.19203490e+04
2.85124445e+03
6.06205018e+02
1.86699007e+03
1.38436193e+03
8.95741101e+02
9.82265315e+03
1.17410783e+02
6.09341616e+03
6.72660102e+02
1.32887219e+03
6.11356179e+03
9.15070707e+03
1.49493340e+03
3.41532214e+03
2.76479674e+03
9.50516819e+01
1.30824204e+04
6.86022522e+03
1.33279931e+04
1.45833975e+02
3.28526806e+02
5.11826557e+03
4.30912518e+03
1.35697407e+04
1.29939326e+04
1.26828229e+03
1.14865804e+04
1.38201586e+04
1.11407895e+03
9.38199933e+03
1.06052727e+04
1.24989621e+04
3.45790848e+03
8.50298675e+03
9.05252899e+03
1.41503939e+04
6.14977293e+02
6.88164589e+03
1.33856249e+04
1.90944890e+03
1.44530884e+04
1.45443813e+04
1.90075313e+03
1.06881503e+04
3.51171517e+03
1.20004215e+04
5.86416397e+02
1.34223461e+04
5.30110630e+03
9.08797510e+02
1.26234060e+04
1.26619122e+03
5.24780963e+03
2.92621680e+02
1.31155715e+04
7.35239066e+03
8.74039920e+03
1.41593192e+04
1.41707946e+04
1.82241467e+03
3.29546838e+03
1.11637402e+04
9.42178058e+02
1.88017398e+02
1.04678234e+04
1.14493492e+02
2.52100909e+03
1.67932968e+02
1.86316495e+02
2.45644106e+03
2.83951408e+02
6.53304995e+03
2.96548803e+03
4.16861578e+02
1.42511221e+02
1.71100168e+03
5.96871725e+03
2.85812966e+02
2.10243896e+02
1.99587111e+02
6.08959104e+02
9.63267219e+03
5.14529642e+03
1.09786044e+04
3.56271677e+03
4.17703104e+03
5.36587834e+03
1.59020439e+04
5.03232787e+02
1.66451372e+04
7.05632637e+03
9.94352694e+02
8.99617222e+03
5.23531424e+03
1.73940957e+04
1.76878649e+04
6.37086486e+02
1.78793759e+04
3.19015008e+03
3.99393530e+03
4.96245568e+03
4.05717728e+02
4.71305786e+03
1.94433400e+03
2.26607759e+03
1.85691725e+04
3.72184176e+03
7.31821958e+03
1.72041147e+04
5.87461930e+02
9.64134246e+02
3.06825626e+03
1.53935579e+04
8.56291363e+03
6.37188490e+02
1.81871706e+04
1.80084100e+04
1.81351489e+04
1.75374102e+03
3.38446618e+03
1.37079550e+04
1.15276366e+04
8.34513680e+03
5.20649834e+03
1.36332377e+04
7.09304752e+02
2.01769980e+04
2.00206781e+04
2.51491440e+03
1.43016137e+04
3.38421117e+03
1.51257995e+03
4.40577322e+03
2.34102444e+03
1.10033402e+04
1.09105173e+03
3.83812541e+03
1.74524925e+03
2.03784543e+03
2.33809185e+03
2.11544436e+04
3.44464806e+03
1.32670462e+03
4.08624819e+02
5.63108666e+03
1.95379479e+04
1.55192769e+03
3.58643251e+02
4.00439062e+03
8.97220147e+03
1.74150063e+04
8.16586618e+02
1.16543756e+03
1.04734336e+04
1.99286202e+03
9.97820803e+02
6.82860422e+03
1.10994782e+03
1.19560501e+04
2.64519798e+02
1.97192586e+04
1.19188189e+04
1.86581703e+04
1.71541332e+03
3.90697757e+02
8.58662938e+02
6.71053552e+02
3.10115229e+02
1.77406516e+04
1.05461108e+03
1.02882978e+03
2.36043055e+04
7.12211843e+02
2.00056326e+03
1.58716979e+03
2.07864671e+04
1.92156178e+03
2.36609173e+04
1.66522774e+04
4.33488099e+02
1.54886759e+04
8.13118509e+02
3.74147738e+02
2.10922217e+04
1.81160233e+04
2.85481456e+02
7.63187942e+03
2.26406303e+02
2.80993315e+02
3.55200643e+02
7.32331974e+02
6.77785763e+02
3.24293674e+02
3.43164266e+02
2.54232776e+02
3.47881914e+02
5.54922909e+02
5.65658746e+02
1.05157649e+04
4.11531910e+02
5.94270643e+02
2.89612586e+02
1.21638816e+03
4.69367725e+02
3.42756253e+03
7.68772618e+02
4.29305968e+02
4.42234874e+02
8.38619309e+03
5.67188794e+03
3.44158797e+02
1.68412383e+04
5.05833869e+02
7.07774704e+02
3.47244394e+02
1.04481878e+04
3.57597718e+02
3.84883574e+02
4.14336998e+02
2.14987044e+03
4.47309533e+02
1.34919633e+03
1.99969623e+04
2.06533529e+04
2.65616333e+04
1.48998624e+03
2.44981085e+04
2.59445139e+04
3.19346518e+02
4.13520973e+02
1.92808999e+04
6.29385245e+02
2.21571351e+04
2.43247031e+04
2.04065052e+04
6.24693098e+03
6.50499907e+02
4.64267565e+02
1.20506580e+04
2.17463172e+04
2.32835054e+04
1.09770744e+04
1.86517951e+04
2.95936784e+04
1.50959636e+04
2.18748412e+04
2.24684999e+03
6.13804256e+02
2.92774685e+04
4.49961616e+02
2.67809402e+03
2.32625948e+04
1.15327368e+03
6.63581818e+02
2.44318065e+04
8.53154765e+02
4.30300499e+02
8.36247734e+02
8.13424518e+02
5.93658624e+02
8.24542867e+02
3.70373619e+02
6.09163110e+02
5.69305360e+02
6.72736605e+02
1.18759776e+03
8.91915981e+02
4.50650138e+02
4.50624637e+02
4.79058029e+03
3.61320835e+02
5.96285206e+02
3.96205930e+02
3.71827165e+02
2.71558019e+03
3.72898198e+02
3.75193270e+02
1.61567969e+03
3.79961920e+02
4.11735917e+02
1.81728901e+03
5.95749690e+02
3.89626723e+02
6.12095702e+03
3.95772416e+02
1.53519916e+04
4.85229222e+02
4.01561098e+02
1.39688282e+04
4.26959894e+02
5.46507645e+02
5.47247168e+02
3.41277206e+04
5.99294301e+02
4.50318627e+02
4.21936237e+02
4.31193027e+02
1.24645360e+03
4.62176499e+02
2.26834716e+03
1.19397296e+03
4.47819549e+02
4.63757549e+02
6.77632758e+02
4.49732109e+02
2.37634305e+03
6.64652851e+02
5.25800995e+02
6.57461626e+02
2.47633169e+04
8.19646714e+02
1.03140536e+03
2.13140787e+04
1.73744601e+03
5.31411171e+02
6.47822323e+02
2.09336067e+03
1.51344698e+03
5.88609466e+03
2.83823904e+04
7.99679587e+02
6.37443498e+02
1.33379384e+03
6.34893418e+02
1.00559855e+03
6.29614752e+03
5.32558707e+02
6.20383462e+02
1.24540807e+04
6.24769600e+02
1.02128154e+03
6.81253872e+02
7.42634298e+02
7.25548762e+03
8.05570272e+02
6.32164832e+02
2.76046160e+04
6.28161206e+02
1.01375880e+03
7.03567072e+02
2.56104534e+04
1.49656545e+03
2.60235664e+04
5.14172630e+03
2.08275234e+04
1.00358398e+03
1.98074914e+03
5.11087034e+03
8.96021610e+03
8.62590061e+02
3.84348058e+04
3.77998358e+04
1.21916775e+03
2.29532701e+03
3.88810698e+04
1.98306971e+04
1.77199959e+03
1.22748101e+03
1.02729973e+03
4.48890582e+03
4.00643069e+04
1.14457791e+04
3.96562941e+04
6.00135827e+03
1.70368295e+03
2.30922494e+03
1.14223183e+03
6.62714790e+03
1.92497889e+03
1.04838889e+03
3.79018390e+04
1.28062468e+04
7.71220694e+02
1.28057367e+03
6.70798544e+02
1.15087660e+03
1.13889123e+03
2.28721775e+03
2.18144044e+03
4.26806890e+04
6.93774765e+02
3.04811062e+04
3.73484717e+03
8.43464461e+02
4.38690262e+04
4.29688480e+04
4.00260557e+03
2.84537926e+04
2.15134949e+03
3.71648659e+04
4.38766765e+04
4.44708451e+04
4.39506288e+04
3.95466406e+03
1.39122164e+03
4.40959834e+04
3.13353830e+04
4.12245933e+04
4.04340685e+04
4.56362317e+04
4.54832269e+04
1.41172429e+04
4.53990742e+04
6.30430778e+03
3.02541491e+04
5.65123229e+03
2.19128374e+04
2.71940531e+03
1.09309179e+04
4.66664640e+04
1.72056448e+04
1.66163213e+04
3.51248019e+04
1.05007194e+04
3.68665066e+04
1.59966518e+04
1.55335573e+04
2.21775357e+03
4.84693706e+03
1.86920864e+04
1.47386974e+04
3.01011443e+04
4.06329747e+03
1.62985813e+04
4.24052803e+04
3.52931072e+04
1.34481019e+04
3.52370054e+03
4.28693949e+04
1.49493340e+04
2.07308754e+04
4.79848554e+04
3.85623098e+04
4.62023494e+04
9.54392941e+03
2.34201897e+04
3.19091510e+04
1.74338769e+04
3.83506531e+04
1.41738547e+04
5.02799274e+04
1.35914164e+03
1.96616268e+04
4.89691862e+04
5.04405824e+04
4.85458730e+04
2.23047847e+04
2.91525146e+04
3.31000384e+04
5.42070506e+03
2.51363936e+04
4.49757610e+03
5.12719085e+04
2.16132030e+04
3.30337363e+04
1.70439697e+04
5.15294666e+04
2.65259322e+04
5.21516861e+04
1.50816831e+03
8.03861718e+03
1.07095710e+03
3.13506835e+04
5.28223571e+04
4.02096614e+04
5.14351136e+04
2.24710500e+04
2.22935644e+04
5.28759088e+03
4.88824835e+04
5.36919344e+04
5.37531363e+04
4.40679325e+04
4.85968746e+04
5.40081443e+04
5.41560490e+04
2.19457335e+04
5.39647930e+04
1.72143150e+04
5.45105101e+04
4.36420691e+04
5.48700714e+04
4.90201878e+04
4.81812115e+04
2.59776650e+04
4.97214598e+04
5.39086912e+04
2.57252070e+04
3.68053046e+04
5.35491299e+04
4.71331286e+04
3.48697939e+04
5.40310950e+04
5.62165136e+04
1.54068183e+04
1.34695226e+04
2.51312934e+04
2.94942253e+04
5.69789875e+04
4.21757731e+04
3.92304307e+04
5.23225414e+04
5.38117882e+04
4.45447974e+04
4.56821331e+04
5.69126854e+04
4.44835955e+04
5.79123168e+04
4.88824835e+04
5.69254358e+04
2.32679500e+04
9.64363754e+03
5.86543901e+04
5.87206922e+04
5.09862995e+04
5.90165014e+04
5.81800752e+04
5.40336451e+04
5.49567741e+04
5.92358083e+04
1.20353576e+04
5.97789754e+04
4.79568045e+04
5.89119482e+04
5.86773408e+04
5.76955600e+04
5.74686029e+04
5.85472867e+04
1.52895147e+04
5.43626054e+04
6.06562029e+04
4.56897834e+04
6.10361648e+04
3.91386278e+04
3.52446557e+04
5.45742621e+04
6.11968198e+04
4.43713920e+04
4.59957930e+04
6.18394400e+04
2.76173664e+04
4.29586477e+04
2.17141862e+04
5.08358448e+04
6.14441776e+04
5.50434768e+04
5.88864474e+04
2.79973283e+04
2.46345378e+04
3.74836259e+04
6.31195802e+04
6.32343338e+04
3.78992890e+04
6.30405277e+04
6.04547466e+04
4.81659110e+04
3.56093171e+04
3.02133478e+04
1.84358034e+04
4.55393286e+04
2.18745862e+04
4.24333312e+04
2.07298553e+04
5.45717120e+04
6.47261306e+04
5.84860848e+04
5.87920944e+04
6.49581878e+04
6.54376029e+04
4.03244150e+04
6.49658381e+04
5.56197949e+04
3.09681715e+04
1.27950264e+04
1.08263646e+04
4.86070749e+04
1.44342178e+04
4.98260131e+04
5.66168762e+04
5.31946688e+04
2.70920499e+04
6.25764131e+04
6.02558403e+04
6.71257558e+04
6.71002550e+04
2.59802150e+04
6.62842294e+04
6.75975206e+04
5.31232666e+04
6.63046301e+04
1.91521208e+04
6.66029894e+04
6.79213808e+04
6.84007958e+04
6.85155494e+04
3.98398998e+04
6.81483379e+04
6.84900486e+04
3.77972858e+04
6.87450566e+04
6.86277530e+04
3.81797978e+04
6.81891392e+04
5.82846285e+04
5.15957686e+04
6.84772982e+04
6.87680074e+04
6.92474224e+04
3.61754349e+04
6.91352189e+04
4.62992525e+04
7.05199123e+04
6.96426848e+04
4.00439062e+04
3.89193210e+04
7.08718234e+04
6.32317837e+04
7.12364848e+04
7.05734640e+04
7.09075245e+04
6.28620221e+04
7.16036963e+04
5.29039597e+04
5.93531120e+04
7.19122560e+04
7.00965990e+04
6.37264992e+04
3.24574182e+04
3.50278989e+04
2.94916752e+04
4.01484595e+04
5.44391078e+04
7.11803830e+04
6.79213808e+04
2.00398037e+04
7.30317411e+04
7.33326506e+04
7.33989526e+04
7.36259098e+04
6.24285085e+04
7.39421197e+04
7.38783677e+04
7.27461322e+04
7.40925744e+04
7.22233658e+04
7.26976806e+04
7.37024122e+04
7.31362944e+04
7.39956714e+04
7.42481293e+04
7.51483075e+04
7.18995056e+04
6.49403373e+04
7.33760019e+04
7.54568672e+04
7.52528608e+04
3.32938445e+03
6.24234083e+04
7.57501264e+04
7.57603267e+04
7.59337322e+04
7.57246256e+04
7.60867370e+04
6.89567133e+04
7.67293571e+04
6.49428874e+04
7.70098659e+04
7.63136941e+04
7.55588704e+04
7.60102346e+04
7.26594294e+04
7.73362762e+04
7.75861840e+04
7.52477606e+04
6.66845920e+04
6.31297805e+04
7.51585078e+04
7.84736118e+04
7.49417510e+04
7.27563325e+04
6.18241395e+04
7.88510237e+04
7.66809056e+04
7.45286381e+04
6.93545258e+04
7.91519331e+04
7.65202506e+04
7.55282694e+04
7.88918250e+04
7.94834435e+04
7.96440986e+04
8.00597616e+04
7.87515706e+04
7.89530269e+04
7.95063942e+04
6.63403312e+04
8.06972816e+04
8.02025661e+04
8.06870813e+04
8.09548397e+04
8.07457331e+04
8.07890845e+04
8.13348016e+04
8.15311578e+04
8.15107571e+04
8.17402643e+04
8.19264202e+04
7.80094973e+04
7.20015088e+04
8.21380768e+04
8.23726842e+04
8.24109354e+04
8.25766906e+04
7.98430048e+04
8.25588400e+04
8.28393488e+04
8.30535555e+04
8.00368109e+04
8.32983632e+04
8.00062099e+04
8.21253264e+04
8.18269670e+04
8.37752282e+04
8.35712218e+04
8.37420771e+04
8.38874317e+04
8.26888941e+04
8.42826941e+04
8.44611997e+04
8.45785034e+04
2.14566281e+04
8.38313299e+04
8.42495430e+04
8.50400678e+04
8.41143888e+04
4.52256688e+03
8.36834253e+04
8.17785155e+04
8.52517245e+04
8.56954384e+04
8.55526339e+04
8.45096512e+04
8.48998134e+04
8.52721251e+04
8.32703123e+04
8.62309552e+04
8.07253325e+04
8.65497152e+04
8.67409712e+04
8.42316925e+04
8.69245770e+04
8.70520810e+04
8.71362336e+04
8.73249395e+04
8.46422554e+04
8.74167424e+04
8.76360493e+04
8.67460714e+04
4.33437098e+03
8.76921510e+04
8.78987075e+04
8.80415120e+04
8.83271210e+04
8.81715661e+04
8.85183770e+04
8.81766662e+04
8.35253203e+04
8.87861354e+04
8.89646410e+04
8.89671910e+04
8.87555344e+04
8.39052822e+04
8.91941482e+04
8.67205706e+04
8.96302118e+04
8.97245648e+04
8.95409590e+04
8.62845069e+04
8.96047110e+04
7.25140749e+04
9.03340339e+04
9.04054362e+04
9.02447811e+04
9.06196429e+04
9.07139958e+04
9.07292963e+04
9.09384029e+04
9.09766541e+04
9.09843043e+04
9.12265619e+04
8.15031069e+04
9.14535190e+04
9.14892202e+04
9.16932266e+04
9.14280182e+04
9.10174554e+04
9.20221869e+04
9.08823011e+04
9.00050736e+04
9.03646349e+04
9.24863014e+04
9.25602538e+04
9.25296528e+04
9.26240058e+04
9.28229120e+04
9.15631725e+04
9.28152618e+04
9.32181744e+04
9.32207245e+04
9.29529661e+04
9.34808326e+04
9.27540598e+04
9.34451315e+04
9.32385750e+04
9.21088896e+04
3.48009418e+04
8.99209210e+04
9.22363936e+04
9.37638915e+04
9.21853920e+04
9.45263654e+04
9.46385690e+04
7.15016931e+04
9.40265498e+04
9.47609728e+04
9.50822829e+04
9.48043242e+04
9.52429379e+04
8.89110893e+04
9.54647949e+04
9.56152496e+04
9.55591478e+04
9.58702576e+04
9.59416598e+04
9.55489475e+04
9.61711670e+04
9.59697107e+04
9.63726234e+04
9.64975773e+04
9.65485789e+04
8.50630186e+04
9.67500352e+04
9.69183405e+04
9.68188874e+04
9.66378317e+04
9.71325472e+04
9.67959366e+04
9.73926554e+04
9.73493040e+04
9.70432944e+04
9.74793581e+04
9.77649670e+04
9.73850051e+04
9.78542198e+04
9.81321786e+04
9.80633264e+04
9.83412851e+04
9.83412851e+04
9.85325411e+04
9.85503917e+04
9.87416477e+04
9.88181501e+04
9.83973869e+04
9.89048528e+04
9.88921024e+04
9.12418624e+04
9.92822646e+04
9.93868179e+04
9.88002995e+04
9.90757082e+04
9.96035747e+04
9.98203315e+04
9.96188752e+04
9.99733363e+04
1.00100840e+05
9.99325350e+04
1.00113591e+05
1.00388999e+05
1.00062589e+05
9.84152374e+04
1.00320147e+05
1.00705209e+05
1.00794462e+05
1.00784262e+05
1.01069871e+05
1.01059670e+05
1.01268777e+05
1.00241095e+05
1.01444732e+05
1.01373330e+05
1.01610488e+05
1.01329979e+05
6.07429056e+04
1.00575155e+05
1.01664039e+05
1.01967499e+05
1.02140904e+05
8.87555344e+04
1.02199556e+05
1.02490265e+05
1.02564218e+05
9.98177814e+04
1.02714672e+05
1.02821776e+05
1.02745273e+05
1.02423963e+05
7.03924083e+03
1.02926329e+05
1.02026151e+05
1.00526704e+05
9.97234285e+04
1.01847645e+05
1.00434901e+05
1.03155836e+05
1.03770405e+05
6.62128272e+03
1.02393362e+05
1.02737623e+05
1.03808657e+05
1.04101916e+05
1.03964212e+05
1.01235626e+05
1.04458927e+05
9.88870022e+04
1.03839258e+05
1.04683334e+05
9.02881325e+04
1.02791175e+05
1.04433426e+05
5.59691558e+04
1.05121948e+05
1.01108122e+05
1.04843989e+05
1.03535798e+05
1.04224320e+05
1.01819594e+05
1.04642533e+05
1.05178050e+05
1.03943811e+05
1.03790806e+05
1.05384606e+05
1.05672765e+05
1.03487347e+05
1.05856371e+05
1.04543080e+05
1.03489897e+05
1.06682597e+05
1.05376956e+05
1.06514292e+05
1.06848352e+05
8.04703245e+04
1.06884053e+05
1.07162012e+05
1.06861102e+05
1.07340517e+05
1.06506641e+05
1.07513923e+05
1.07618476e+05
1.07496072e+05
1.07641427e+05
1.07847983e+05
1.07248715e+05
1.07995888e+05
1.07241064e+05
1.08049440e+05
1.08018839e+05
1.07717929e+05
1.08003538e+05
1.08352899e+05
1.07763831e+05
1.08452352e+05
1.08610457e+05
1.08829764e+05
1.08862915e+05
1.08980219e+05
1.08794063e+05
1.08419201e+05
1.08549255e+05
1.08855265e+05
1.09385682e+05
1.09411182e+05
1.09513186e+05
1.09513186e+05
1.09640690e+05
1.09584588e+05
1.08653809e+05
1.09923748e+05
1.09699341e+05
1.10086954e+05
9.33737293e+04
1.10245059e+05
1.09311729e+05
1.10380213e+05
1.09834496e+05
1.10436315e+05
1.10561268e+05
1.10632671e+05
1.10706623e+05
1.10301160e+05
1.10836677e+05
1.10959081e+05
1.11007532e+05
1.11038133e+05
1.11150337e+05
1.11244690e+05
1.11333943e+05
1.11341593e+05
1.11114636e+05
1.11313542e+05
1.11594051e+05
2.86144477e+04
1.11670553e+05
1.11665453e+05
1.11879660e+05
1.10663272e+05
1.11642502e+05
1.11808258e+05
1.12047965e+05
1.12068366e+05
1.12098967e+05
1.62501298e+04
1.12313173e+05
1.12290223e+05
2.22978995e+04
1.12611533e+05
1.12195870e+05
1.04359474e+05
1.12445778e+05
9.62017680e+04
1.11438496e+05
1.10839227e+05
1.12206070e+05
1.12825740e+05
1.12277472e+05
1.12991495e+05
1.12830840e+05
1.13379107e+05
7.04230093e+04
1.13144500e+05
1.10821377e+05
1.11933212e+05
1.13585663e+05
1.13221002e+05
1.10362362e+05
1.04836339e+05
1.10507717e+05
1.12353975e+05
1.05889522e+05
1.12157619e+05
1.14088029e+05
1.09291329e+05
1.08926667e+05
1.09100073e+05
1.14220633e+05
1.14297136e+05
1.13896773e+05
1.14118630e+05
1.12295323e+05
1.14605695e+05
1.09612639e+05
1.03691353e+05
1.13659616e+05
1.13787120e+05
1.12348875e+05
1.15082560e+05
1.15113161e+05
1.15189664e+05
1.15322268e+05
1.14659247e+05
1.13126649e+05
1.14011527e+05
1.15329918e+05
1.15113161e+05
1.15735381e+05
1.15434471e+05
1.15906236e+05
1.15760882e+05
1.16026090e+05
1.15985289e+05
1.15921537e+05
1.16286198e+05
1.15373269e+05
1.16258147e+05
1.16043940e+05
1.16477454e+05
1.16497855e+05
1.16278548e+05
1.15834834e+05
1.16559057e+05
1.16699311e+05
1.16661060e+05
1.16849766e+05
1.16895667e+05
1.16824265e+05
1.16951769e+05
1.17074173e+05
1.17079273e+05
1.17010421e+05
8.60243987e+04
1.17316430e+05
1.17362332e+05
1.16941569e+05
1.17461785e+05
1.17497486e+05
1.16648309e+05
1.17619890e+05
1.17438834e+05
1.17714243e+05
1.17403133e+05
1.17701492e+05
1.17859597e+05
1.17028271e+05
1.17489836e+05
1.17997302e+05
1.17701492e+05
1.14526643e+05
1.17757594e+05
1.18208958e+05
1.18288011e+05
1.17915699e+05
1.09819195e+05
1.18423165e+05
1.18448666e+05
1.18476717e+05
1.17959051e+05
1.18573620e+05
1.18423165e+05
1.18055954e+05
1.17545938e+05
1.18798027e+05
1.18833728e+05
1.18351763e+05
1.18576170e+05
1.18973982e+05
1.18826078e+05
1.18494567e+05
1.19055585e+05
1.19014784e+05
1.19157588e+05
1.19236641e+05
1.17201677e+05
1.19228990e+05
1.19251941e+05
1.19012234e+05
1.19430447e+05
1.19443197e+05
1.19537550e+05
1.19167788e+05
1.18907680e+05
1.19682905e+05
1.19455948e+05
1.19341194e+05
1.19532450e+05
1.19739006e+05
1.19527350e+05
1.19374345e+05
1.19927712e+05
1.19948113e+05
1.19886911e+05
1.20080717e+05
1.19920062e+05
1.19991464e+05
1.19769607e+05
1.20075617e+05
1.20279623e+05
1.19721156e+05
1.20190371e+05
1.20310224e+05
1.20366326e+05
1.20177620e+05
1.20302574e+05
1.15008608e+05
1.20419878e+05
1.20386727e+05
1.20542282e+05
1.20634084e+05
1.20593283e+05
1.20593283e+05
1.20644285e+05
1.20725887e+05
1.20741188e+05
1.20787089e+05
1.20692736e+05
1.20730988e+05
1.20914593e+05
1.21014046e+05
1.21052298e+05
1.21100749e+05
1.21003846e+05
1.15610427e+05
1.21197652e+05
1.21187452e+05
1.21215503e+05
1.20960495e+05
1.21307306e+05
1.21210403e+05
1.21355757e+05
1.21207852e+05
1.21161951e+05
1.18152857e+05
1.21490911e+05
1.21547013e+05
1.21297105e+05
1.21569964e+05
1.21585264e+05
1.21641366e+05
6.49989891e+04
1.21679617e+05
6.88088086e+04
7.75938342e+04
2.72935062e+04
1.21738269e+05
1.21842822e+05
1.19927712e+05
5.08944966e+04
1.21835172e+05
1.19019884e+05
1.21626066e+05
6.36142957e+04
1.21684717e+05
9.92108624e+04
1.21416959e+05
6.60394218e+04
1.21975427e+05
1.16288748e+05
9.30651696e+04
1.01411581e+05
8.14674058e+04
9.59748109e+04
6.10030138e+04
1.15396220e+05
7.66656051e+04
1.14888754e+05
6.51545440e+04
1.21317506e+05
7.65024000e+04
1.21414409e+05
1.16638109e+05
1.22232985e+05
1.22472692e+05
1.20463229e+05
1.22421691e+05
1.22327338e+05
9.94097686e+04
7.25574262e+04
8.03020192e+04
1.22426791e+05
7.24503229e+04
8.77737536e+04
1.21891274e+05
1.22567045e+05
8.91941482e+04
1.22691999e+05
1.22538994e+05
1.22686899e+05
1.11803157e+05
1.22794002e+05
1.01439632e+05
1.22755751e+05
1.22755751e+05
7.11395818e+04
1.22911306e+05
1.22921506e+05
1.22051929e+05
1.21154301e+05
1.16987470e+05
7.56226224e+04
7.16266470e+04
1.11469097e+05
9.12214618e+04
7.42277286e+04
1.23031160e+05
1.21202752e+05
1.23059211e+05
6.99078931e+04
9.37740918e+04
1.22982708e+05
7.00506976e+04
1.23107662e+05
1.22697099e+05
1.23186715e+05
1.22064679e+05
1.23066861e+05
9.57325533e+04
1.23148463e+05
1.23186715e+05
1.23082161e+05
1.23270867e+05
1.23314219e+05
1.23329519e+05
1.21791821e+05
1.23347370e+05
1.23304018e+05
1.22771052e+05
1.18833728e+05
1.22947007e+05
1.23291268e+05
1.23049010e+05
1.23130613e+05
1.23281068e+05
1.07661828e+05
1.20373976e+05
1.23472324e+05
1.22452292e+05
1.23421322e+05
1.23156114e+05
1.23431522e+05
1.23513125e+05
1.23459573e+05
1.23130613e+05
1.23423872e+05
6.11993699e+04
1.23089812e+05
1.23553926e+05
1.23571777e+05
1.23551376e+05
1.23584527e+05
1.23564126e+05
1.23597277e+05
1.23367770e+05
1.19002033e+05
3.47499402e+04
7.75198819e+04
1.23607478e+05
1.23222416e+05
1.23490174e+05
1.23224966e+05
1.23464673e+05
1.23579427e+05
8.71285834e+04
1.23339719e+05
1.23627878e+05
1.23612578e+05
1.23594727e+05
9.55897488e+04
1.23283618e+05
1.22834804e+05
9.70356442e+04
1.23403471e+05
1.23630428e+05
1.23339719e+05
1.23497824e+05
1.23650829e+05
9.78848208e+04
8.95435091e+04
8.83730224e+04
9.21165398e+04
1.22429341e+05
1.23520775e+05
1.23403471e+05
1.23612578e+05
1.23579427e+05
1.23551376e+05
1.23133163e+05
1.23398371e+05
1.23242816e+05
1.22722600e+05
1.23380521e+05
1.23316769e+05
1.23362670e+05
1.23584527e+05
1.23441723e+05
1.23367770e+05
1.23564126e+05
1.23385621e+05
1.07766381e+05
1.22072330e+05
1.23403471e+05
1.23520775e+05
1.23533525e+05
1.19262141e+05
1.23520775e+05
1.23500374e+05
1.23454473e+05
1.23309118e+05
1.22967408e+05
1.23457023e+05
1.23444273e+05
1.22885805e+05
1.23311668e+05
1.23408572e+05
1.23166314e+05
1.23370320e+05
1.23362670e+05
1.23380521e+05
1.22954657e+05
8.30153043e+04
1.01610488e+05
1.23304018e+05
1.23153564e+05
2.52215662e+04
4.26832390e+04
9.99401853e+04
3.08738186e+04
5.91261549e+04
1.22482892e+05
1.22842454e+05
1.23013309e+05
1.23189265e+05
2.77703712e+04
5.75323549e+04
4.69265722e+04
2.79412266e+04
8.45555526e+04
4.38613760e+04
1.15286567e+05
4.33947114e+04
1.22906206e+05
1.22865404e+05
1.22949557e+05
1.14029377e+05
1.22969958e+05
5.58977536e+04
8.74473434e+04
3.99393530e+04
6.44685725e+04
1.22541544e+05
2.90275606e+04
7.72291728e+04
3.70960138e+04
8.22273296e+04
8.44688499e+04
7.38987683e+04
8.50655686e+04
1.22707300e+05
1.11175838e+05
7.23049683e+04
8.21865283e+04
1.21029347e+05
5.39010410e+04
1.22587446e+05
9.25118022e+04
1.18588920e+05
1.16094942e+05
1.11147787e+05
1.01658939e+05
1.19639553e+05
7.50896557e+04
2.72042534e+04
3.93706851e+04
1.21501112e+05
5.18278259e+04
3.66574000e+04
9.45110650e+04
1.22202384e+05
1.21230803e+05
1.11168188e+05
1.19287642e+05
1.18849028e+05
1.21980527e+05
7.87719712e+04
3.47091389e+04
1.12986395e+05
9.97565795e+04
1.21980527e+05
1.17566338e+05
9.87110467e+04
1.21898924e+05
1.14641396e+05
4.94843024e+04
7.69002125e+04
1.20083267e+05
1.21225703e+05
1.21330256e+05
1.21773970e+05
4.94103501e+04
1.21687268e+05
1.18361963e+05
1.12540131e+05
1.21598015e+05
1.21600565e+05
9.97769802e+04
1.21547013e+05
1.21544463e+05
1.16979820e+05
1.21044647e+05
1.21478161e+05
1.19749207e+05
1.21406759e+05
1.21422059e+05
1.20029716e+05
1.21360857e+05
1.21256304e+05
1.21327706e+05
1.21314956e+05
1.19517149e+05
1.20929894e+05
1.21225703e+05
6.47847824e+04
1.10125205e+05
1.20845741e+05
1.21118600e+05
1.21070148e+05
1.21024247e+05
1.21034447e+05
1.21016596e+05
1.20904393e+05
1.20940094e+05
4.21502723e+04
6.67993456e+04
1.20787089e+05
1.20832991e+05
1.19336094e+05
7.94477424e+04
1.20139369e+05
1.20585633e+05
8.06131290e+04
5.74635027e+04
1.20475980e+05
1.20570332e+05
1.13121549e+05
1.18594020e+05
1.20481080e+05
1.19208590e+05
1.01342729e+05
1.19886911e+05
1.00590456e+05
5.60941098e+04
5.90420022e+04
1.20098568e+05
1.20208221e+05
9.57631542e+04
1.20029716e+05
1.19761957e+05
1.20052666e+05
1.19930262e+05
1.19983814e+05
4.57254845e+04
1.19917512e+05
1.19856310e+05
1.19621703e+05
1.19792558e+05
1.19779808e+05
1.19598752e+05
1.19629353e+05
8.14011037e+04
1.16956869e+05
1.11894960e+05
1.19547750e+05
1.19514599e+05
1.19336094e+05
1.19422796e+05
1.19397296e+05
1.19096386e+05
1.19259591e+05
1.18798027e+05
1.19195839e+05
1.19060685e+05
1.19152488e+05
1.14172182e+05
1.19047935e+05
1.18989283e+05
1.18951032e+05
1.18951032e+05
4.71994307e+04
1.18805677e+05
1.18828628e+05
1.18764876e+05
1.18739375e+05
1.18499668e+05
5.01779242e+04
1.18604221e+05
1.18545569e+05
1.17270529e+05
1.15077460e+05
1.16347400e+05
1.18326262e+05
1.17515337e+05
1.18275260e+05
1.17069073e+05
1.16806414e+05
1.18152857e+05
1.18081454e+05
1.18066154e+05
1.18002402e+05
1.17900399e+05
1.17882548e+05
1.17744844e+05
1.17790745e+05
1.17724443e+05
1.17737194e+05
1.17698942e+05
1.17640291e+05
1.17553588e+05
1.17556138e+05
1.17507686e+05
1.17423534e+05
1.17331731e+05
1.17311330e+05
6.38846042e+04
1.17273079e+05
1.17012971e+05
1.17171076e+05
1.17020621e+05
1.17066523e+05
1.17015521e+05
1.16967069e+05
1.16923718e+05
1.16793664e+05
1.16801314e+05
1.16765613e+05
1.16719712e+05
1.16673810e+05
1.16579457e+05
1.16556507e+05
1.16454503e+05
1.16431553e+05
1.16388201e+05
3.98424499e+04
1.16275998e+05
8.06386298e+04
3.96486438e+04
1.16120443e+05
9.65740797e+04
1.11395145e+05
1.13241403e+05
1.07261465e+05
1.15773632e+05
9.94327194e+04
7.88280730e+04
6.69625507e+04
1.13904423e+05
3.66752506e+04
7.76014845e+04
4.26041866e+04
1.00572605e+05
5.26515018e+04
5.84962851e+04
1.12050515e+05
5.75731562e+04
1.00888815e+05
7.48779990e+04
5.62165136e+04
1.14608245e+05
1.15105511e+05
8.36298736e+04
7.17618013e+04
6.46980797e+04
6.82375907e+04
1.10423564e+05
1.06483691e+05
5.90777034e+04
6.96375846e+04
1.14434840e+05
1.12134668e+05
6.92295718e+04
4.47615542e+04
1.14480741e+05
7.60663363e+04
5.48649712e+04
1.09378031e+05
1.03762755e+05
8.00827123e+04
1.14128830e+05
1.05909923e+05
1.11826108e+05
1.13986026e+05
1.13978376e+05
1.13833021e+05
1.13272004e+05
1.13644315e+05
1.13654516e+05
1.13715717e+05
1.08656359e+05
1.13611164e+05
1.13539762e+05
1.09622839e+05
1.13440309e+05
6.81253872e+04
1.08908817e+05
1.13277104e+05
5.87181421e+04
1.13083298e+05
1.09250527e+05
8.58356928e+04
1.12999145e+05
1.11191138e+05
1.12825740e+05
1.12025014e+05
1.12784938e+05
9.19201837e+04
7.29169875e+04
9.07012454e+04
1.12512080e+05
1.12433027e+05
1.12295323e+05
7.25625264e+04
1.12282572e+05
1.12134668e+05
6.00263331e+04
1.12139768e+05
6.52157459e+04
1.12004614e+05
1.08222845e+05
1.11864359e+05
1.11706254e+05
6.34740413e+04
1.07598076e+05
1.11497148e+05
1.11484397e+05
1.11514998e+05
1.11499698e+05
1.11458897e+05
1.11349243e+05
6.38387027e+04
1.10056353e+05
1.11201339e+05
6.38871542e+04
1.10477116e+05
1.11043234e+05
1.10989682e+05
1.07870934e+05
1.10872378e+05
8.81180144e+04
1.10749974e+05
1.07358368e+05
1.10614820e+05
1.10502617e+05
1.10474566e+05
1.10446515e+05
1.10375113e+05
1.10316461e+05
6.71946080e+04
1.10196607e+05
1.10132855e+05
1.10071653e+05
1.10007901e+05
1.09939049e+05
1.09602438e+05
5.42019504e+04
1.09765644e+05
9.14764698e+04
8.34819690e+04
1.08890966e+05
8.07788842e+04
1.09176575e+05
1.09332130e+05
8.44458992e+04
1.09240327e+05
1.08888416e+05
1.09094972e+05
1.08850165e+05
7.82798058e+04
1.08916467e+05
9.29427658e+04
1.08686960e+05
5.88379958e+04
1.08681860e+05
1.08607907e+05
1.08248346e+05
1.08437052e+05
1.06149630e+05
8.50706688e+04
1.08194794e+05
1.06896804e+05
7.33454010e+04
1.07672028e+05
1.06690247e+05
1.07990788e+05
1.07873484e+05
9.58269062e+04
8.08936378e+04
1.07768931e+05
1.07493522e+05
1.07651627e+05
1.07585325e+05
1.07475672e+05
1.07404269e+05
1.07409370e+05
9.51995866e+04
1.07289516e+05
1.07225764e+05
1.07177312e+05
1.07011557e+05
1.06993707e+05
1.05012294e+05
1.06927404e+05
1.06858552e+05
1.06774400e+05
1.05060746e+05
1.06634145e+05
1.06608644e+05
1.05410107e+05
1.03436345e+05
1.06432689e+05
1.06356187e+05
1.06302635e+05
1.06226132e+05
9.79230720e+04
1.06129229e+05
1.06006826e+05
1.06006826e+05
1.05940524e+05
9.95398227e+04
1.05805369e+05
1.05726317e+05
1.05629414e+05
1.05616663e+05
1.05558012e+05
1.05501910e+05
1.05420307e+05
1.05376956e+05
1.05292803e+05
1.05144899e+05
1.05167849e+05
1.05083697e+05
1.04818488e+05
1.04846539e+05
1.04884790e+05
1.04833789e+05
1.04790437e+05
1.04734336e+05
1.04645083e+05
1.04601732e+05
1.04504828e+05
9.66429318e+04
1.04400275e+05
1.04326323e+05
1.04180968e+05
1.04012663e+05
1.04142717e+05
1.04068765e+05
1.03989712e+05
1.03862208e+05
8.47238579e+04
1.03816307e+05
1.03750005e+05
1.03691353e+05
1.03599550e+05
1.03517948e+05
1.03464396e+05
1.03405744e+05
1.03324141e+05
1.03173687e+05
6.97191872e+04
1.03125235e+05
1.03066583e+05
1.02987531e+05
1.02933979e+05
1.01625788e+05
9.77241658e+04
1.02714672e+05
1.02653470e+05
1.02592268e+05
1.02538717e+05
8.10619430e+04
9.23638976e+04
1.01898647e+05
1.02248008e+05
4.69367725e+04
1.02120504e+05
7.68823619e+04
5.82310768e+04
1.01898647e+05
9.42509568e+04
7.56583235e+04
1.01607938e+05
9.96367258e+04
6.09596624e+04
1.00921966e+05
1.01391181e+05
5.79480179e+04
4.43433411e+04
5.47247168e+04
9.13591661e+04
1.01046920e+05
1.01003569e+05
9.27948611e+04
9.17238275e+04
1.00776612e+05
1.00700109e+05
8.66185674e+04
9.53066899e+04
5.29957626e+04
9.56841018e+04
1.00108491e+05
1.00258945e+05
1.00215594e+05
1.00054939e+05
9.94352694e+04
9.95933744e+04
8.11435456e+04
6.21760506e+04
9.96163251e+04
9.42280061e+04
9.93230659e+04
9.95627734e+04
9.88309005e+04
6.13115734e+04
9.94148688e+04
9.79460227e+04
9.92873648e+04
9.92185126e+04
9.59212592e+04
9.83361850e+04
9.89890054e+04
9.89711549e+04
9.88870022e+04
9.87926493e+04
9.87518480e+04
4.98362134e+04
4.93899494e+04
7.95318950e+04
9.85121405e+04
9.84458384e+04
9.83693360e+04
9.83208845e+04
9.81831802e+04
9.81704298e+04
8.28138480e+04
9.79995744e+04
9.71146966e+04
9.44090618e+04
9.78159686e+04
9.42688074e+04
9.77165155e+04
9.76017619e+04
9.75839114e+04
9.75227094e+04
9.72371005e+04
9.73773549e+04
9.73161530e+04
9.72473008e+04
5.19655302e+04
9.70330941e+04
9.66556822e+04
9.68086870e+04
9.68979398e+04
9.68520384e+04
9.67602355e+04
9.67066838e+04
9.65791798e+04
9.65791798e+04
5.37123350e+04
8.31326080e+04
5.93505619e+04
9.63267219e+04
9.62425693e+04
9.61813674e+04
9.51562352e+04
8.14750560e+04
9.59850112e+04
9.54112432e+04
9.58498570e+04
9.57835549e+04
8.54812317e+04
9.51587853e+04
9.55922989e+04
9.55132464e+04
6.31450810e+04
9.53653418e+04
9.43019584e+04
9.52123370e+04
9.52021366e+04
9.51256342e+04
9.50261811e+04
9.48221747e+04
9.30575194e+04
9.48425754e+04
9.47813734e+04
9.47048710e+04
9.46691699e+04
9.45875674e+04
9.45238154e+04
9.37052397e+04
6.03705939e+04
9.43172589e+04
9.15376717e+04
9.41846547e+04
9.41311030e+04
9.40520506e+04
9.19227338e+04
9.35751856e+04
9.38352938e+04
9.37740918e+04
9.37154400e+04
9.36465878e+04
9.35777357e+04
9.33635290e+04
9.34425814e+04
9.33788294e+04
9.32513254e+04
8.74447933e+04
9.31722730e+04
8.99336714e+04
9.30039677e+04
9.29427658e+04
9.20425875e+04
9.27897610e+04
9.27617101e+04
9.27107085e+04
9.25985050e+04
9.25679040e+04
9.25169024e+04
9.24506003e+04
9.23995987e+04
9.23179962e+04
9.22542442e+04
9.21955923e+04
9.21012394e+04
9.16753760e+04
9.19686352e+04
9.19099834e+04
9.18360310e+04
9.17773792e+04
9.09690038e+04
9.16804762e+04
9.16141741e+04
9.14280182e+04
9.14560691e+04
9.14203680e+04
9.07700976e+04
9.12750134e+04
9.12214618e+04
9.11245587e+04
9.10149053e+04
9.10149053e+04
9.09715539e+04
9.09103520e+04
9.08363997e+04
8.96353120e+04
9.06961453e+04
9.06451437e+04
9.05711914e+04
9.05431405e+04
9.04181866e+04
7.90856310e+04
9.03544346e+04
9.02192803e+04
7.12517853e+04
9.01733789e+04
9.01198272e+04
9.00382246e+04
8.99770227e+04
8.99234710e+04
8.98622691e+04
8.97373152e+04
8.97169146e+04
8.95103581e+04
7.13741891e+04
8.95282086e+04
8.94466061e+04
8.94262054e+04
8.90921450e+04
8.92783008e+04
8.92119987e+04
8.91176458e+04
8.91099955e+04
8.90513437e+04
8.89952419e+04
8.89263898e+04
8.66058170e+04
8.88167363e+04
8.87427840e+04
8.86586314e+04
8.86535312e+04
8.85693786e+04
8.85107267e+04
8.84036234e+04
8.83781226e+04
8.83016202e+04
8.82786694e+04
8.82276678e+04
8.81333149e+04
8.80925136e+04
8.80440621e+04
8.79675597e+04
8.79063578e+04
8.25996413e+04
8.77788538e+04
8.77304022e+04
8.76334992e+04
8.76079984e+04
8.75416963e+04
8.74651939e+04
8.73198394e+04
8.73172893e+04
8.72764880e+04
8.72637376e+04
8.71413338e+04
8.71209331e+04
8.70852320e+04
8.58280426e+04
8.69755786e+04
8.69194768e+04
8.68684752e+04
8.67919728e+04
8.67205706e+04
8.66899696e+04
8.65803162e+04
8.65216643e+04
8.64630125e+04
8.64426118e+04
8.63763098e+04
8.62896070e+04
8.62360554e+04
8.61646531e+04
8.61085514e+04
8.60600998e+04
8.58943446e+04
8.59810474e+04
8.59325958e+04
8.58484432e+04
8.57872413e+04
8.57413398e+04
8.50885194e+04
8.54302301e+04
8.56163859e+04
8.55296832e+04
8.36196733e+04
8.52593747e+04
8.53690282e+04
8.52746752e+04
8.47927101e+04
8.52185734e+04
8.51089200e+04
8.50349677e+04
8.49610154e+04
6.98186403e+04
8.48666624e+04
8.42520931e+04
8.48105606e+04
8.47060074e+04
8.47009072e+04
8.46218547e+04
8.46040042e+04
8.44739501e+04
6.08933603e+04
8.44229485e+04
8.40098355e+04
8.36528243e+04
8.42571933e+04
5.32303699e+04
6.20995482e+04
8.40914381e+04
8.40633872e+04
8.39460835e+04
7.00812986e+04
8.38823315e+04
8.24542867e+04
8.37701280e+04
8.36706749e+04
8.34207670e+04
8.35763219e+04
8.11129446e+04
7.08998742e+04
8.33417146e+04
8.33621152e+04
8.25154886e+04
8.31122074e+04
7.83053066e+04
7.04612605e+04
8.31147574e+04
8.27755968e+04
7.68772618e+04
8.25384394e+04
8.29082010e+04
8.28240483e+04
8.22604806e+04
8.27806970e+04
8.23012819e+04
8.26531930e+04
8.23675840e+04
8.26021914e+04
8.21584774e+04
8.19264202e+04
8.23369830e+04
8.16867126e+04
8.22375299e+04
7.20729110e+04
8.20896253e+04
8.19978224e+04
8.19646714e+04
8.18805187e+04
8.18958192e+04
8.17683152e+04
8.17555648e+04
8.17224138e+04
8.12557491e+04
8.17020131e+04
7.84812621e+04
8.14674058e+04
8.14725059e+04
8.09879907e+04
8.11256950e+04
8.10976442e+04
8.07508333e+04
8.12633994e+04
8.11307952e+04
7.97665024e+04
6.50397904e+04
8.09395392e+04
8.09522896e+04
8.07839843e+04
8.05544771e+04
8.08706870e+04
8.07890845e+04
8.08094851e+04
5.53163354e+04
8.06921814e+04
8.06462800e+04
8.05468269e+04
8.04040224e+04
8.05187760e+04
8.02637680e+04
8.04244230e+04
7.94375421e+04
8.02918189e+04
8.03402704e+04
8.02204166e+04
5.23709930e+04
8.01439142e+04
7.85450141e+04
7.99322576e+04
8.00138602e+04
5.80015696e+04
7.98353546e+04
5.24857466e+04
7.98022035e+04
7.97155008e+04
7.96568490e+04
7.79125942e+04
5.88660467e+04
7.91774339e+04
7.95420954e+04
7.93737901e+04
7.67548579e+04
7.93380890e+04
7.91340826e+04
7.91901843e+04
7.91901843e+04
7.91060317e+04
7.90932813e+04
7.89402765e+04
7.89402765e+04
7.90779808e+04
5.58008506e+04
7.89351763e+04
7.87974720e+04
7.87362701e+04
7.87694211e+04
7.88127725e+04
7.86393670e+04
7.87898218e+04
7.87464704e+04
6.16022826e+04
7.86113162e+04
7.84532112e+04
7.85144131e+04
7.83282573e+04
7.83206070e+04
7.82900061e+04
7.81931030e+04
7.83206070e+04
7.68186099e+04
6.58711165e+04
7.77060378e+04
7.05122621e+04
7.81370013e+04
7.76473859e+04
6.67687446e+04
7.81166006e+04
7.81038502e+04
7.80298979e+04
7.79686960e+04
7.76422858e+04
7.80579488e+04
7.75173318e+04
7.79890966e+04
7.79482954e+04
7.77519392e+04
7.75428326e+04
7.79151443e+04
7.79202445e+04
7.78360918e+04
6.34791414e+04
7.78998438e+04
7.29654390e+04
7.76397357e+04
7.75963843e+04
7.74790806e+04
7.75122317e+04
7.74739805e+04
7.71603206e+04
7.73796275e+04
7.73235258e+04
7.70685178e+04
7.71960218e+04
7.72801744e+04
7.72852746e+04
7.72776243e+04
7.71526704e+04
7.70175162e+04
7.69792650e+04
7.69129629e+04
7.70736179e+04
7.70226163e+04
7.69308134e+04
5.96412710e+04
7.67344573e+04
7.67880090e+04
7.64080470e+04
7.66605050e+04
7.68084096e+04
7.64360979e+04
7.66885558e+04
7.63774461e+04
7.59413824e+04
7.62193411e+04
7.64437482e+04
7.34856554e+04
7.64003968e+04
7.26237283e+04
7.52987622e+04
7.62295414e+04
7.61249882e+04
7.24758237e+04
7.60841869e+04
7.60153347e+04
7.58776304e+04
7.57883776e+04
7.58827306e+04
7.56353728e+04
7.57552266e+04
7.56914746e+04
7.54594173e+04
7.41486762e+04
7.54543171e+04
7.51916589e+04
7.54517670e+04
7.52018592e+04
7.52069594e+04
7.41002246e+04
7.51687082e+04
7.49953027e+04
7.49417510e+04
7.49774522e+04
7.48626986e+04
7.48805491e+04
7.47453949e+04
7.46586922e+04
7.45362883e+04
7.45872899e+04
7.45362883e+04
7.42455792e+04
7.41716269e+04
7.41129750e+04
7.35392070e+04
7.39523200e+04
7.30750925e+04
7.35800083e+04
7.35800083e+04
7.21519635e+04
7.33403008e+04
7.32739987e+04
7.31974963e+04
7.29934899e+04
7.27384819e+04
7.28379350e+04
7.26058778e+04
7.26211782e+04
7.23585200e+04
7.22871178e+04
7.22590669e+04
7.15195437e+04
7.20754611e+04
7.19505072e+04
7.18077027e+04
7.14506915e+04
7.16062464e+04
7.14149904e+04
7.13563386e+04
7.11344816e+04
7.10452288e+04
7.09687264e+04
7.08641731e+04
7.06244656e+04
7.06040650e+04
7.04332096e+04
7.02037024e+04
7.02215530e+04
6.98441411e+04
6.99359440e+04
6.97956896e+04
6.96579853e+04
6.95636323e+04
6.94080774e+04
6.93009741e+04
6.91530694e+04
6.84415971e+04
6.88394096e+04
6.88394096e+04
6.80616352e+04
6.85997021e+04
6.84619978e+04
6.82630915e+04
6.81865891e+04
6.77173744e+04
6.71308560e+04
6.78193776e+04
6.77173744e+04
6.76128211e+04
6.73858640e+04
6.73348624e+04
6.72226589e+04
6.70671040e+04
6.68860483e+04
6.68044458e+04
6.57971642e+04
6.65953392e+04
6.62332278e+04
6.63403312e+04
6.58456157e+04
6.61108240e+04
6.59297683e+04
6.54682038e+04
6.56059082e+04
6.54911546e+04
6.38769539e+04
6.53177491e+04
6.51392435e+04
6.51341434e+04
6.48765853e+04
6.35683942e+04
6.47592816e+04
6.45884262e+04
6.38795040e+04
6.43971702e+04
6.42645661e+04
6.41268618e+04
6.33796883e+04
6.39075549e+04
6.30022765e+04
6.13855258e+04
6.13013731e+04
6.30073766e+04
6.32623846e+04
6.30303274e+04
6.30150269e+04
6.27523686e+04
6.25075610e+04
6.26223146e+04
6.24463590e+04
6.24999107e+04
6.22525530e+04
6.21122986e+04
6.20765974e+04
6.17986387e+04
6.18853414e+04
6.10208643e+04
6.12937229e+04
6.15308803e+04
6.14033763e+04
6.11483683e+04
6.11126672e+04
6.10591155e+04
6.07684064e+04
6.04623968e+04
6.06460026e+04
6.06154016e+04
6.04419962e+04
5.95545683e+04
6.02507402e+04
6.01130358e+04
5.88966477e+04
5.98605779e+04
5.98299770e+04
5.93760627e+04
5.92154077e+04
5.92944602e+04
5.92128576e+04
5.90853536e+04
5.91491056e+04
5.90241517e+04
5.89297987e+04
5.85600371e+04
5.85727875e+04
5.85370864e+04
5.84529338e+04
5.83585808e+04
5.77108605e+04
5.81443741e+04
5.80066698e+04
5.78256141e+04
5.77236109e+04
5.76088573e+04
5.75476554e+04
5.58238013e+04
5.73538493e+04
5.72390957e+04
5.67928317e+04
4.71331286e+04
5.37301856e+04
5.58646026e+04
5.66653277e+04
5.65658746e+04
4.69087216e+04
5.63618682e+04
5.61731622e+04
5.59487552e+04
5.51123290e+04
5.59232544e+04
5.57268982e+04
5.53443862e+04
5.54667901e+04
5.53596867e+04
5.53520365e+04
5.50740778e+04
5.50638774e+04
5.49593242e+04
5.49108726e+04
5.47655181e+04
5.46558646e+04
4.47972554e+04
5.42810029e+04
5.43677056e+04
5.42759027e+04
5.41228979e+04
5.38449392e+04
5.37964877e+04
5.37454861e+04
5.24857466e+04
5.35542301e+04
5.34624272e+04
5.33119725e+04
5.32507706e+04
4.94868525e+04
5.27203539e+04
4.55954304e+04
5.24194445e+04
5.25851997e+04
5.25979501e+04
5.24270947e+04
4.40041805e+04
5.23097910e+04
5.20955843e+04
4.88085312e+04
5.18737274e+04
5.18660771e+04
5.16314698e+04
5.12795587e+04
5.14427638e+04
5.12260070e+04
5.11852058e+04
5.10883027e+04
5.09735491e+04
5.08256445e+04
5.06777398e+04
4.90431386e+04
4.98081626e+04
5.03819306e+04
5.01473232e+04
5.02569766e+04
4.99815680e+04
4.90762896e+04
4.99713677e+04
4.97979622e+04
4.94741021e+04
4.93389478e+04
4.93287475e+04
4.93338477e+04
4.89895869e+04
4.17269590e+04
4.91629923e+04
4.89870368e+04
4.86300256e+04
4.84489699e+04
4.84821210e+04
4.84489699e+04
4.81735613e+04
4.81812115e+04
4.77553482e+04
4.80078061e+04
4.62074496e+04
4.74110874e+04
4.70387757e+04
4.71229283e+04
4.70795770e+04
4.68959712e+04
4.68959712e+04
4.61003462e+04
4.59192906e+04
4.68628202e+04
4.66409632e+04
4.60799456e+04
4.67327661e+04
4.60722954e+04
4.64548074e+04
4.59396912e+04
4.59957930e+04
4.54704765e+04
4.60773955e+04
4.50573635e+04
4.52741203e+04
4.54500758e+04
4.53123715e+04
4.20712198e+04
4.47666544e+04
4.50089120e+04
4.49375098e+04
4.48227562e+04
4.50216624e+04
4.48763078e+04
4.44861456e+04
4.46672013e+04
4.41750358e+04
4.42158371e+04
4.40245811e+04
3.85878106e+04
4.40679325e+04
3.91921795e+04
4.29968989e+04
4.38001741e+04
4.37491725e+04
4.37491725e+04
4.38154746e+04
3.88275181e+04
4.31958051e+04
4.32391565e+04
3.73918230e+04
4.26704886e+04
4.27061898e+04
4.29280467e+04
4.26500880e+04
4.26781389e+04
4.22420752e+04
4.24256810e+04
4.25327843e+04
4.25302342e+04
4.22318749e+04
4.20610195e+04
4.20176682e+04
4.17830608e+04
4.19513661e+04
4.20406189e+04
4.17881610e+04
4.17754106e+04
4.15280528e+04
4.15459034e+04
4.15739542e+04
4.16428064e+04
4.12806950e+04
4.14183994e+04
4.13061958e+04
3.98194992e+04
4.12092928e+04
4.09542848e+04
4.03116646e+04
4.09236838e+04
3.53849101e+04
4.06584755e+04
4.05488221e+04
4.03116646e+04
4.05411718e+04
4.05029206e+04
4.01102083e+04
4.00413562e+04
3.63998419e+04
3.96639443e+04
3.98552003e+04
3.95415405e+04
3.96384435e+04
3.94573878e+04
3.92559315e+04
3.77411840e+04
3.96103926e+04
3.92074800e+04
3.78661379e+04
3.88428186e+04
3.91998298e+04
3.26537744e+04
3.89244211e+04
3.83659536e+04
3.84705069e+04
3.61983856e+04
3.75269773e+04
3.81517469e+04
3.56169674e+04
3.86311619e+04
3.84016547e+04
3.84118550e+04
3.83863542e+04
3.80012922e+04
3.81568470e+04
3.81899981e+04
3.46734378e+04
3.75040266e+04
3.78712381e+04
3.75142269e+04
3.74810758e+04
3.72694192e+04
3.71929168e+04
3.67976544e+04
3.67849040e+04
3.71852666e+04
3.72745194e+04
3.71801664e+04
3.69506592e+04
3.59433776e+04
3.64559437e+04
3.69047578e+04
3.64559437e+04
3.65298960e+04
3.61371837e+04
3.40588685e+04
3.64661440e+04
3.64125923e+04
3.62340867e+04
3.37477587e+04
3.56985699e+04
3.55940166e+04
3.62009357e+04
3.59663283e+04
3.56042170e+04
3.48799942e+04
3.56169674e+04
3.54818131e+04
3.54945635e+04
3.57215206e+04
3.54282614e+04
3.43113264e+04
3.53313584e+04
3.52217050e+04
3.47958416e+04
3.51197018e+04
3.49998480e+04
3.12333798e+04
3.47805411e+04
3.46683376e+04
3.49284458e+04
3.44541309e+04
3.47754410e+04
3.46122358e+04
3.45765347e+04
3.39415648e+04
2.95197261e+04
3.27175264e+04
3.29113325e+04
3.42883757e+04
3.41353709e+04
3.39594154e+04
3.40282675e+04
3.39033136e+04
3.38778128e+04
3.40231674e+04
3.39874662e+04
3.33881974e+04
3.35233517e+04
3.29648842e+04
3.28067792e+04
3.34085981e+04
2.94967754e+04
3.32938445e+04
3.32530432e+04
3.25747219e+04
3.29674342e+04
3.26486742e+04
3.31663405e+04
3.28705312e+04
3.28450304e+04
3.01138947e+04
3.27175264e+04
3.24727187e+04
3.16413926e+04
3.22534118e+04
3.21004070e+04
3.23554150e+04
3.22840128e+04
3.23528650e+04
3.20341050e+04
3.19040509e+04
3.16260922e+04
2.88541552e+04
3.15036883e+04
3.15699904e+04
3.15827408e+04
3.17739968e+04
3.14705373e+04
3.14424864e+04
3.09503210e+04
3.13736342e+04
3.08100666e+04
2.91295638e+04
3.11874784e+04
3.09758218e+04
3.02796499e+04
3.11109760e+04
3.09630714e+04
3.08508678e+04
3.07208138e+04
2.89995098e+04
3.06672621e+04
3.05040570e+04
3.03765530e+04
3.00577930e+04
3.00450426e+04
3.01572461e+04
3.02184480e+04
3.03459520e+04
2.90454112e+04
2.99200886e+04
2.98894877e+04
2.96676307e+04
2.97033318e+04
2.96242794e+04
2.96701808e+04
2.95222762e+04
2.71889530e+04
2.43762147e+04
2.95860282e+04
2.93743715e+04
2.93157197e+04
2.91397642e+04
2.92647181e+04
2.89000566e+04
2.91423142e+04
2.87904032e+04
2.90148102e+04
2.81452330e+04
2.88031536e+04
2.85149946e+04
2.76097162e+04
2.87215510e+04
2.85047942e+04
2.84639930e+04
2.86501488e+04
2.82905875e+04
2.69441453e+04
2.82038848e+04
2.72705555e+04
2.76811184e+04
2.63346762e+04
2.79769277e+04
2.77270198e+04
2.72935062e+04
2.52524222e+04
2.77040691e+04
2.75867654e+04
2.78851248e+04
2.72909562e+04
2.75051629e+04
2.76097162e+04
2.72731056e+04
2.49369773e+04
2.68625427e+04
2.72093536e+04
2.70308480e+04
2.72960563e+04
2.61765712e+04
2.66636365e+04
2.68395920e+04
2.61765712e+04
2.70231978e+04
2.68089910e+04
2.65488829e+04
2.67044378e+04
2.68115411e+04
2.62046221e+04
2.65718336e+04
2.65131818e+04
2.65106317e+04
2.63040752e+04
2.61128192e+04
2.58884122e+04
2.61714710e+04
2.61765712e+04
2.15392507e+04
2.58221101e+04
2.59674646e+04
2.49379973e+04
2.55671021e+04
2.58042595e+04
2.55951530e+04
2.57303072e+04
2.48877608e+04
2.55033501e+04
2.54181774e+04
2.49895090e+04
2.54087421e+04
2.55161005e+04
2.53559555e+04
2.52322766e+04
2.52434969e+04
2.49900190e+04
2.40569447e+04
2.49188717e+04
2.51376686e+04
2.50846269e+04
2.50076145e+04
2.49601830e+04
2.45019337e+04
2.35956352e+04
2.46296927e+04
2.45743559e+04
2.45332996e+04
2.45327896e+04
2.42943572e+04
2.34066743e+04
2.38674738e+04
2.43060875e+04
2.39251056e+04
2.41467075e+04
2.40505695e+04
2.41898039e+04
2.40431743e+04
2.32103181e+04
2.38259075e+04
2.33610279e+04
2.38037218e+04
2.32860555e+04
2.36749427e+04
2.35260180e+04
2.38078019e+04
2.35504988e+04
2.35293332e+04
2.30815391e+04
2.31618666e+04
2.24210684e+04
2.33217566e+04
2.33189516e+04
2.31542164e+04
2.28035804e+04
2.22950944e+04
2.27859848e+04
2.27505387e+04
2.29989165e+04
2.28581521e+04
2.29772408e+04
2.28887531e+04
2.26620509e+04
2.27061673e+04
2.27673692e+04
2.27497737e+04
2.27158576e+04
2.22290474e+04
2.25036910e+04
2.23295205e+04
2.23935275e+04
2.22106868e+04
2.23889374e+04
2.24190283e+04
2.23328356e+04
2.22295574e+04
2.04330260e+04
2.20801227e+04
1.63523880e+04
2.00188930e+04
2.20196858e+04
2.18182295e+04
2.19136025e+04
1.96159804e+04
2.19952050e+04
2.17182663e+04
2.17379020e+04
2.16705798e+04
2.14757537e+04
2.16675197e+04
2.07734617e+04
2.15191051e+04
2.09402369e+04
2.12396163e+04
2.14632583e+04
2.11661740e+04
2.12006001e+04
2.08764849e+04
2.11029320e+04
2.11144074e+04
2.10315298e+04
2.11381231e+04
2.06528429e+04
2.09744080e+04
2.07446458e+04
2.09330967e+04
2.06982343e+04
2.07142998e+04
2.07579062e+04
2.07311304e+04
2.03577987e+04
2.04156855e+04
2.03124072e+04
2.06469777e+04
2.05250839e+04
2.02703309e+04
1.99548860e+04
2.01889834e+04
2.03924797e+04
2.03432632e+04
2.02155042e+04
2.00362336e+04
2.01609325e+04
1.95068370e+04
9.75584106e+03
1.46701002e+04
1.92862550e+04
1.98513528e+04
1.98804237e+04
1.01069871e+04
1.99087296e+04
1.97547047e+04
1.96659620e+04
1.96889127e+04
1.96733572e+04
1.96680020e+04
1.96190405e+04
1.95371829e+04
1.93982036e+04
1.94729209e+04
1.94469101e+04
1.82019610e+04
1.91778766e+04
1.93392967e+04
1.92186779e+04
1.01258577e+04
1.91342703e+04
1.90679682e+04
1.91011192e+04
1.06218482e+04
1.87474231e+04
1.48776767e+04
1.89973310e+04
1.89215936e+04
1.89065481e+04
1.85431617e+04
1.69039703e+04
1.87293176e+04
1.43623056e+04
1.86336896e+04
1.83881169e+04
1.85913582e+04
1.85888082e+04
1.86143090e+04
1.84559490e+04
1.84676794e+04
1.84368234e+04
1.84268781e+04
1.70768657e+04
1.81188284e+04
1.81685550e+04
1.82912138e+04
1.79191572e+04
1.75101243e+04
1.78701956e+04
1.79500131e+04
1.76534388e+04
1.78679005e+04
1.08291697e+04
8.65420650e+03
8.61162016e+03
1.78212341e+04
1.39081363e+04
1.77092856e+04
1.64396007e+04
1.75450604e+04
1.76121275e+04
1.51342148e+04
1.75427653e+04
1.74448423e+04
1.74787583e+04
1.64633165e+04
1.74132213e+04
1.72752620e+04
1.29987778e+04
1.05096447e+04
1.69200358e+04
1.72487411e+04
1.71508180e+04
1.71724937e+04
9.86549450e+03
1.70824759e+04
1.23951739e+04
1.70437147e+04
1.68731143e+04
9.00739258e+03
1.68012021e+04
1.64717317e+04
1.68792345e+04
1.00717960e+04
1.67371951e+04
1.65222233e+04
1.66382520e+04
1.65760300e+04
1.65252834e+04
1.34509070e+04
1.64923874e+04
1.63633533e+04
1.63873241e+04
1.59910417e+04
1.59489653e+04
1.62485997e+04
1.62345743e+04
1.54621551e+04
1.54626651e+04
1.61736274e+04
1.61323161e+04
1.56977825e+04
1.59196394e+04
1.60114423e+04
1.56467809e+04
1.49982955e+04
1.59390200e+04
1.54685303e+04
1.48519209e+04
1.58283466e+04
8.07049318e+03
1.54616451e+04
7.76626864e+03
1.56483109e+04
1.14233384e+04
1.53440864e+04
1.55743586e+04
1.54035032e+04
1.50951986e+04
1.53555617e+04
1.53815725e+04
1.53308260e+04
9.08338496e+03
1.51808812e+04
1.49544341e+04
8.86535312e+03
1.51421200e+04
1.50097709e+04
8.82302179e+03
1.50770930e+04
7.86801683e+03
1.49080227e+04
1.48348354e+04
1.45803374e+04
1.18532819e+04
1.48577861e+04
1.48600812e+04
1.21888724e+04
1.47198268e+04
1.48062745e+04
1.47318122e+04
9.69999430e+03
1.45670770e+04
1.46170586e+04
1.44150922e+04
1.39820886e+04
1.44398280e+04
1.39621980e+04
1.43505752e+04
1.42666776e+04
8.35916224e+03
1.43485351e+04
1.43587355e+04
1.22625697e+04
1.42217962e+04
1.41317783e+04
1.40037643e+04
1.40802667e+04
1.41019424e+04
1.40323252e+04
1.40129446e+04
1.33955702e+04
1.36844943e+04
1.38879907e+04
1.38856956e+04
1.37408511e+04
1.27368846e+04
8.91966982e+03
1.35052237e+04
1.37334558e+04
1.37625268e+04
7.37993152e+03
1.35353146e+04
1.33560440e+04
1.31969190e+04
1.36204873e+04
7.69359136e+03
1.34899232e+04
1.31112363e+04
1.33432936e+04
8.73555405e+03
1.32491956e+04
8.72076358e+03
1.31176115e+04
1.34203060e+04
1.33272281e+04
1.29278856e+04
1.26976133e+04
1.31397972e+04
1.32688313e+04
1.31155715e+04
1.31364821e+04
1.30224935e+04
8.88906886e+03
1.29727670e+04
1.27695256e+04
1.29309457e+04
1.29834773e+04
1.29156452e+04
1.28087968e+04
1.28521482e+04
1.26198359e+04
1.27343345e+04
7.64488483e+03
1.20743738e+04
1.27621304e+04
1.27121488e+04
1.26555370e+04
7.39956714e+03
1.26213660e+04
1.15403870e+04
1.25555739e+04
1.22867955e+04
1.24933519e+04
1.22064679e+04
8.14648557e+03
1.01852745e+04
1.24321500e+04
1.23020959e+04
1.01115772e+04
1.22982708e+04
1.22929156e+04
1.21909124e+04
8.10670432e+03
1.16186745e+04
1.21552113e+04
1.20781989e+04
1.20993646e+04
1.14674548e+04
1.11025383e+04
1.20924794e+04
1.12188220e+04
1.18810777e+04
1.19017334e+04
9.09078019e+03
1.19007133e+04
9.45416659e+03
1.16607508e+04
1.17066523e+04
1.17706593e+04
1.16097492e+04
9.97412790e+03
7.69818150e+03
1.16944119e+04
1.03265490e+04
1.15355419e+04
7.46714426e+03
6.89669136e+03
1.01929248e+04
1.14942306e+04
1.14187482e+04
1.11384944e+04
8.36936256e+03
9.60054118e+03
1.13639215e+04
1.12902242e+04
7.73796275e+03
1.12838490e+04
1.12690585e+04
1.10849428e+04
1.11066184e+04
1.11777657e+04
1.09301529e+04
1.10931030e+04
1.10678572e+04
1.04665484e+04
1.09921198e+04
6.65621882e+03
1.07988238e+04
1.07955087e+04
1.08128492e+04
1.07457821e+04
1.08000988e+04
1.06080778e+04
1.06657096e+04
1.06802451e+04
1.07256365e+04
1.06723398e+04
1.06784600e+04
1.04810838e+04
1.02270958e+04
1.05858921e+04
1.04917941e+04
1.05208651e+04
1.05764568e+04
1.05463659e+04
6.79978832e+03
1.04527779e+04
1.03158386e+04
1.04002463e+04
1.01893547e+04
1.04726685e+04
7.99858093e+03
1.03653102e+04
1.02745273e+04
7.49621517e+03
1.02347461e+04
1.03507747e+04
9.71682483e+03
6.65698384e+03
1.01964949e+04
7.62881933e+03
7.74892810e+03
1.00442551e+04
9.99682362e+03
1.01118322e+04
9.77802675e+03
1.01067321e+04
7.63646957e+03
9.89201533e+03
1.00111041e+04
8.66976198e+03
9.34884829e+03
9.97591296e+03
9.70534947e+03
6.70161024e+03
9.84126874e+03
6.27472685e+03
9.73314534e+03
9.84815395e+03
9.78567699e+03
9.65817299e+03
9.42790077e+03
9.64185248e+03
9.72932022e+03
9.59620605e+03
9.58473069e+03
8.97755664e+03
6.34893418e+03
5.86492899e+03
9.50593322e+03
9.63624230e+03
9.35369344e+03
9.48349251e+03
8.68174736e+03
9.52250874e+03
7.67089565e+03
9.01504282e+03
9.41591539e+03
9.37970426e+03
9.30116179e+03
9.31569725e+03
9.18003299e+03
9.13030643e+03
9.13540659e+03
8.06258794e+03
8.95180083e+03
9.24301997e+03
7.81446515e+03
8.75977981e+03
4.74824896e+03
8.41194890e+03
9.06476938e+03
8.27220451e+03
6.14747786e+03
7.88688742e+03
7.00659981e+03
8.88116362e+03
9.04793885e+03
8.75850477e+03
8.98138176e+03
8.94746570e+03
8.83118205e+03
8.92323994e+03
8.93471530e+03
8.87657347e+03
8.83628221e+03
8.84189238e+03
8.09395392e+03
8.85209270e+03
7.02623542e+03
8.68200237e+03
8.57897914e+03
6.77122742e+03
8.71821350e+03
8.71285834e+03
5.94066637e+03
8.66313178e+03
5.87997446e+03
6.24616595e+03
7.58801805e+03
7.98481050e+03
8.41500899e+03
8.49074637e+03
8.53970790e+03
8.48513619e+03
8.47774096e+03
8.43005446e+03
7.75351824e+03
8.23599338e+03
8.41653904e+03
7.09100746e+03
8.38211296e+03
8.35304205e+03
7.89963782e+03
8.35788720e+03
8.09879907e+03
6.11968198e+03
8.30153043e+03
4.97520608e+03
6.33210365e+03
8.23777843e+03
5.11801056e+03
8.18626682e+03
8.12251482e+03
8.12480989e+03
7.63085939e+03
8.10440925e+03
8.08043850e+03
8.01515645e+03
8.02739683e+03
7.95726963e+03
7.14608918e+03
7.96185978e+03
8.01898157e+03
7.49978528e+03
7.96313482e+03
7.90856310e+03
5.59283546e+03
7.92411859e+03
7.87056691e+03
7.86597677e+03
7.79457453e+03
4.31652042e+03
7.75606832e+03
7.77391888e+03
7.71552205e+03
7.77034877e+03
7.76040346e+03
7.69512141e+03
7.63748960e+03
6.37596502e+03
5.19425795e+03
7.68262602e+03
5.27203539e+03
7.62677926e+03
7.49468512e+03
7.57475763e+03
7.56481232e+03
7.53217130e+03
5.01192723e+03
7.57144253e+03
7.31184438e+03
6.38820541e+03
7.49519514e+03
7.46357414e+03
7.45617891e+03
6.06154016e+03
7.42328288e+03
6.53049987e+03
7.36106093e+03
7.36437603e+03
7.31770957e+03
6.43308682e+03
5.51225293e+03
6.71640070e+03
4.88697331e+03
7.22871178e+03
7.23355693e+03
5.85880880e+03
7.17490509e+03
7.19428570e+03
7.20754611e+03
7.16929491e+03
7.13996899e+03
7.11829331e+03
7.13971398e+03
7.06321158e+03
7.07927709e+03
7.09457757e+03
7.08106214e+03
4.97597110e+03
7.04893114e+03
7.03516070e+03
5.44034067e+03
6.12605718e+03
6.97472381e+03
5.34547770e+03
5.07389418e+03
6.91709200e+03
6.91683699e+03
6.88470598e+03
6.85538006e+03
6.27498186e+03
6.82273904e+03
6.40146582e+03
6.81763888e+03
4.99025155e+03
6.78091773e+03
6.71053552e+03
6.76842234e+03
6.16022826e+03
6.64856858e+03
6.70365030e+03
6.58252150e+03
6.63479814e+03
4.14439002e+03
6.64652851e+03
6.51341434e+03
5.69789875e+03
3.86668630e+03
4.38103744e+03
6.56518096e+03
6.19490934e+03
6.52947984e+03
6.51060925e+03
6.51162928e+03
6.48944358e+03
6.45629254e+03
4.97597110e+03
5.95877194e+03
6.39509062e+03
6.42441654e+03
5.49797248e+03
5.13739117e+03
6.33873386e+03
6.35683942e+03
6.27855197e+03
5.49236230e+03
6.13166736e+03
6.26682160e+03
6.29589251e+03
6.21428995e+03
6.24591094e+03
6.24285085e+03
6.20536467e+03
6.21556499e+03
6.20459965e+03
6.18547405e+03
3.64737942e+03
6.11764192e+03
5.19476797e+03
6.12554717e+03
6.08219581e+03
6.09647626e+03
5.24321949e+03
6.07301552e+03
6.04776973e+03
3.19219014e+03
6.02634906e+03
6.00059325e+03
5.98860787e+03
5.72696966e+03
5.88889974e+03
5.96132202e+03
5.93760627e+03
5.93709626e+03
4.13699478e+03
5.88150451e+03
4.75054403e+03
5.86824410e+03
3.78788883e+03
5.44263574e+03
5.81239734e+03
5.82744282e+03
5.78434646e+03
5.80372707e+03
3.43342771e+03
4.75895930e+03
5.58697027e+03
5.74278016e+03
3.91972797e+03
4.07069270e+03
5.58085008e+03
3.54690627e+03
5.61833626e+03
5.62088634e+03
5.33451235e+03
5.20318323e+03
5.61782624e+03
4.47768547e+03
5.59054038e+03
5.57396486e+03
5.54667901e+03
3.44592310e+03
5.37429360e+03
5.23352918e+03
5.49924752e+03
5.50077757e+03
5.45079600e+03
5.46660650e+03
4.40041805e+03
5.43447549e+03
5.42937533e+03
4.49477101e+03
5.40336451e+03
4.30172995e+03
5.37301856e+03
5.26770026e+03
5.36664336e+03
5.28351075e+03
5.34088755e+03
5.30799152e+03
5.31538675e+03
5.30136131e+03
5.11240038e+03
4.28107430e+03
5.25341981e+03
4.52945210e+03
5.24092442e+03
5.23021408e+03
5.20318323e+03
5.04099814e+03
5.19910310e+03
4.85917744e+03
4.92037936e+03
5.08001437e+03
5.15090659e+03
5.13611613e+03
5.11775555e+03
5.10883027e+03
4.64828582e+03
5.08460451e+03
3.78916387e+03
5.05068845e+03
5.00657206e+03
4.40143808e+03
4.99356666e+03
4.01663101e+03
4.96449574e+03
2.74439610e+03
3.18147981e+03
4.96755584e+03
4.92190941e+03
4.94945027e+03
4.91808429e+03
4.92700957e+03
4.91170909e+03
4.48304064e+03
4.86300256e+03
4.86963277e+03
4.86478762e+03
4.80613578e+03
4.83163658e+03
4.81378602e+03
4.54628262e+03
4.73881366e+03
4.77349475e+03
4.31040022e+03
4.77349475e+03
4.74161875e+03
3.91947296e+03
4.69801238e+03
4.72861334e+03
4.69163718e+03
4.70362256e+03
4.67582669e+03
4.68220189e+03
4.65007088e+03
4.46595510e+03
3.97582973e+03
4.64063558e+03
4.63094528e+03
4.43917926e+03
2.97288326e+03
4.59014400e+03
4.59294909e+03
4.38460755e+03
3.92686819e+03
4.26322374e+03
4.53990742e+03
4.52435194e+03
4.23440784e+03
4.49375098e+03
4.48559072e+03
4.49018086e+03
4.48074557e+03
3.56730691e+03
4.08599318e+03
4.43407910e+03
4.43713920e+03
4.36089181e+03
4.41750358e+03
4.40475318e+03
4.38307750e+03
4.38358752e+03
4.24715824e+03
4.02632131e+03
3.61295334e+03
4.32442566e+03
3.28705312e+03
3.43750784e+03
4.29662979e+03
3.34825504e+03
4.23823296e+03
3.44821818e+03
4.25837859e+03
4.26296874e+03
4.21528224e+03
4.20890704e+03
4.22497254e+03
3.98169491e+03
3.96333434e+03
4.19564662e+03
4.17805107e+03
3.87765165e+03
4.10486378e+03
4.15178525e+03
4.15637539e+03
4.13520973e+03
4.13240464e+03
4.12245933e+03
4.10996394e+03
3.87816166e+03
4.09950861e+03
4.08726822e+03
2.94967754e+03
3.89397216e+03
3.80267930e+03
4.02351622e+03
4.03550160e+03
4.02989142e+03
4.02071114e+03
3.99929046e+03
3.94293370e+03
3.99317027e+03
3.98194992e+03
3.94828886e+03
3.65859978e+03
3.95517408e+03
3.92355309e+03
3.47932915e+03
3.92508314e+03
3.37477587e+03
3.60300803e+03
2.89179072e+03
3.88479187e+03
3.87280650e+03
3.86974640e+03
3.85266086e+03
3.85419091e+03
3.29521338e+03
3.83175021e+03
3.82052986e+03
3.81134957e+03
3.79171395e+03
3.74275242e+03
3.71266147e+03
3.77309837e+03
3.66522998e+03
3.59000262e+03
3.75448278e+03
3.74147738e+03
3.71648659e+03
3.09834720e+03
3.70705130e+03
3.22891130e+03
3.65579469e+03
3.68818070e+03
3.67594032e+03
3.66803507e+03
3.17561462e+03
3.14654371e+03
3.64686941e+03
3.63947418e+03
3.36534058e+03
3.58872758e+03
3.59790787e+03
3.50125984e+03
3.26435741e+03
3.53619594e+03
3.55761661e+03
3.56832694e+03
3.56220675e+03
3.32147920e+03
3.53594093e+03
3.37962102e+03
3.50687002e+03
3.51630531e+03
3.46836381e+03
3.50176986e+03
3.47728909e+03
3.48723440e+03
3.43827286e+03
3.18249984e+03
2.58552611e+03
3.45153328e+03
3.42832755e+03
3.43342771e+03
3.41379210e+03
3.11466771e+03
3.41073200e+03
3.40512182e+03
3.38599622e+03
3.34876506e+03
3.28679811e+03
3.19550525e+03
3.36814566e+03
3.35029510e+03
3.30617872e+03
3.32887443e+03
3.27302768e+03
2.98435862e+03
3.31790909e+03
2.84206416e+03
3.28832816e+03
3.27812784e+03
3.14144355e+03
2.91142634e+03
3.25951226e+03
3.24676186e+03
3.25186202e+03
3.24395677e+03
2.84155414e+03
3.22712624e+03
3.22585120e+03
3.21386582e+03
3.17535962e+03
3.09860221e+03
2.72782058e+03
2.95554272e+03
3.18045978e+03
3.13685341e+03
3.15036883e+03
3.15699904e+03
3.14195357e+03
3.11211763e+03
3.12282797e+03
3.11364768e+03
3.11492272e+03
3.00450426e+03
3.10242733e+03
3.05244576e+03
3.06162605e+03
3.07590650e+03
3.06774624e+03
3.06596118e+03
3.05805594e+03
3.05142573e+03
2.74975126e+03
3.02770998e+03
3.02949504e+03
2.74745619e+03
2.95069757e+03
2.99430394e+03
3.00093414e+03
2.99608899e+03
2.95605274e+03
2.98129853e+03
2.96676307e+03
2.96089789e+03
2.95477770e+03
2.95120758e+03
2.94483238e+03
2.93641712e+03
2.67350387e+03
2.91168134e+03
2.91882157e+03
2.90479613e+03
2.83313888e+03
2.89714589e+03
2.89051568e+03
2.88235542e+03
2.86577990e+03
2.86960502e+03
2.82625366e+03
2.83823904e+03
2.82064349e+03
2.83211885e+03
2.79310262e+03
2.79539770e+03
2.80483299e+03
2.81171821e+03
2.79692774e+03
2.79641773e+03
2.76020659e+03
2.78851248e+03
2.77423203e+03
2.74286605e+03
2.68599926e+03
2.75434141e+03
2.73113568e+03
2.47770873e+03
2.62556237e+03
2.73164570e+03
2.51085977e+03
2.22002315e+03
2.71226509e+03
2.67401389e+03
2.69594458e+03
2.69084442e+03
2.38228474e+03
2.68013408e+03
2.27643092e+03
2.65896842e+03
2.65769338e+03
2.48421143e+03
2.32194984e+03
2.61357699e+03
2.55002900e+03
2.17914536e+03
2.62097222e+03
2.57048064e+03
2.57277571e+03
2.29298093e+03
2.56487046e+03
2.58578112e+03
2.52723128e+03
2.57915091e+03
2.38674738e+03
2.56512547e+03
1.94940866e+03
2.54862645e+03
1.46598999e+03
2.47602568e+03
2.51343535e+03
2.52572674e+03
2.50400005e+03
2.50787618e+03
2.50746816e+03
2.45616055e+03
2.47347560e+03
2.48512946e+03
2.48056482e+03
2.24901756e+03
2.35839049e+03
2.46253575e+03
2.43774898e+03
1.39701033e+03
2.45139190e+03
2.41263069e+03
2.42823718e+03
1.49347985e+03
1.65678698e+03
2.41665981e+03
2.37486400e+03
2.38712989e+03
2.37374197e+03
2.18799414e+03
2.37012085e+03
2.37256893e+03
1.96011899e+03
2.19360432e+03
2.33597528e+03
2.36124658e+03
1.83404304e+03
2.12222758e+03
2.32059830e+03
2.30256924e+03
2.32113382e+03
2.32044530e+03
2.30787340e+03
2.26987721e+03
2.29933063e+03
2.30823041e+03
2.11444983e+03
2.29247092e+03
2.28726876e+03
2.21627453e+03
2.13701804e+03
2.26283899e+03
2.21339294e+03
2.25490824e+03
2.24804852e+03
2.12115654e+03
2.13783407e+03
2.23874073e+03
2.17766632e+03
2.13472297e+03
1.28218022e+03
2.21102136e+03
2.20844578e+03
1.39140015e+03
2.19572088e+03
2.19396133e+03
1.95420281e+03
2.17932387e+03
2.02336098e+03
2.16652247e+03
2.16626746e+03
1.37416161e+03
2.14132768e+03
2.12686872e+03
2.14382676e+03
1.31423473e+03
2.13199438e+03
2.11442433e+03
1.21511312e+03
1.95726290e+03
2.11141524e+03
2.09848633e+03
2.08175781e+03
2.06933892e+03
2.07777968e+03
2.07369956e+03
1.93829031e+03
1.21006396e+03
1.96667270e+03
2.03631538e+03
2.06431526e+03
2.04317510e+03
1.23734982e+03
1.64549012e+03
1.99304052e+03
2.01629725e+03
2.00165980e+03
2.01305865e+03
2.02004587e+03
1.96899327e+03
1.97883658e+03
1.93418468e+03
2.00586743e+03
1.77184659e+03
1.99393305e+03
1.97766354e+03
1.97804605e+03
1.29720020e+03
1.96906977e+03
1.94741959e+03
1.88662569e+03
1.87211573e+03
1.89805004e+03
1.94400249e+03
1.93033406e+03
1.92946703e+03
1.91722665e+03
1.93155810e+03
1.89682601e+03
1.20118968e+03
1.91123396e+03
1.90817386e+03
1.65130430e+03
1.63541731e+03
1.88547815e+03
1.10372563e+03
1.88818124e+03
1.88114301e+03
1.15643578e+03
1.64337356e+03
1.74820734e+03
1.24061392e+03
1.72903074e+03
1.78791209e+03
1.85186810e+03
1.10132855e+03
1.82333270e+03
1.82527076e+03
1.81989009e+03
1.20728437e+03
1.82006860e+03
1.77975183e+03
1.80803222e+03
1.81226535e+03
1.80864424e+03
1.76628741e+03
1.58903135e+03
1.76738395e+03
1.78204691e+03
1.76753695e+03
1.06623945e+03
1.76422185e+03
1.65780701e+03
1.76600690e+03
1.75346051e+03
1.76014172e+03
1.75598509e+03
1.75024741e+03
1.63898742e+03
1.74512175e+03
1.18782726e+03
1.71673936e+03
1.72752620e+03
1.64204751e+03
1.69501268e+03
1.70569751e+03
1.67672860e+03
1.37653318e+03
1.68631690e+03
1.56166899e+03
1.69072854e+03
1.67971220e+03
1.67280148e+03
1.24512756e+03
1.62876160e+03
1.11810808e+03
1.65732249e+03
1.61935180e+03
1.02441814e+03
1.64982526e+03
1.14598045e+03
1.16451953e+03
1.64546462e+03
1.17979451e+03
1.00942367e+03
1.63544281e+03
1.61761775e+03
1.44992449e+03
1.34238761e+03
1.04583881e+03
1.58112610e+03
1.59461603e+03
9.70968461e+02
1.57276184e+03
1.57138480e+03
1.58966887e+03
1.43197192e+03
1.11277841e+03
1.48713015e+03
1.55567630e+03
1.57046677e+03
1.47333422e+03
1.54917360e+03
1.54993862e+03
1.33772097e+03
1.39308320e+03
1.54792406e+03
1.29765921e+03
9.89329037e+02
1.45716671e+03
1.53986581e+03
1.10283310e+03
1.01312128e+03
1.48442707e+03
1.51599706e+03
1.47042713e+03
1.46596449e+03
1.46435794e+03
1.49993156e+03
1.46874408e+03
1.43447100e+03
1.49391337e+03
1.48932322e+03
1.15102961e+03
1.47738885e+03
1.47927591e+03
1.35807060e+03
1.45951279e+03
1.45436163e+03
1.39892289e+03
1.44464582e+03
1.45553466e+03
1.42786629e+03
1.45074051e+03
1.44648188e+03
1.05221401e+03
1.44023418e+03
1.43350197e+03
1.40315602e+03
1.02931429e+03
1.41083176e+03
1.09344880e+03
1.40800117e+03
1.28789240e+03
9.10404061e+02
9.25755542e+02
8.78043546e+02
8.76054483e+02
1.37620167e+03
1.08676759e+03
1.03183887e+03
1.38933459e+03
1.30831854e+03
1.37354959e+03
1.31339320e+03
1.37367709e+03
1.28378677e+03
1.34937483e+03
1.33744046e+03
1.35789210e+03
1.31584128e+03
1.33884300e+03
1.34470819e+03
8.49100138e+02
1.34707976e+03
8.99795728e+02
1.33208529e+03
1.32958621e+03
1.31663180e+03
1.32055893e+03
1.32321101e+03
1.32346602e+03
1.18412965e+03
1.28842792e+03
1.29681768e+03
9.73136029e+02
1.28337876e+03
1.30191784e+03
1.28633685e+03
1.15197314e+03
1.29044248e+03
8.73682909e+02
7.83920093e+02
1.26815478e+03
1.26432966e+03
1.26075955e+03
1.18456316e+03
1.27065386e+03
1.26417666e+03
1.25874499e+03
1.21671967e+03
1.25560839e+03
1.06600994e+03
1.18489467e+03
1.24441354e+03
1.23355020e+03
1.22898556e+03
1.20756488e+03
1.00567505e+03
1.16224996e+03
1.22204934e+03
1.21756120e+03
1.22113131e+03
1.18517518e+03
1.21462860e+03
1.14419540e+03
1.20861042e+03
9.64644262e+02
7.93533894e+02
1.17923349e+03
8.38517306e+02
1.09485135e+03
1.18035553e+03
1.15773632e+03
1.16750313e+03
1.17765244e+03
1.17691292e+03
1.02707022e+03
1.16719712e+03
1.15329918e+03
1.02862577e+03
1.15536475e+03
1.15380920e+03
1.15814433e+03
1.16005689e+03
7.73872778e+02
1.08954718e+03
1.14501142e+03
1.13603514e+03
1.14131380e+03
1.13226102e+03
1.12450878e+03
1.12088766e+03
1.07705179e+03
1.11566000e+03
1.08345249e+03
1.11943412e+03
1.09278578e+03
1.11517548e+03
1.08312098e+03
1.08388600e+03
9.15988736e+02
1.10413364e+03
1.10117555e+03
1.10092054e+03
1.07812282e+03
1.09046521e+03
1.08184594e+03
7.20015088e+02
1.08480403e+03
9.28484128e+02
8.11868970e+02
1.06738699e+03
9.47482224e+02
1.04639983e+03
1.06644346e+03
7.59643331e+02
1.05083697e+03
9.24608006e+02
1.05915023e+03
1.06029776e+03
1.04815938e+03
1.04356924e+03
1.00873515e+03
1.04537980e+03
6.67483440e+02
1.03400644e+03
1.02982431e+03
1.03505197e+03
1.02250558e+03
1.03155836e+03
1.02826876e+03
1.02737623e+03
8.56903382e+02
1.02548917e+03
9.89048528e+02
6.71946080e+02
1.01890996e+03
1.01429432e+03
7.32357475e+02
1.00672058e+03
1.00353298e+03
9.20502378e+02
6.59807699e+02
6.83701949e+02
6.35632941e+02
9.90655078e+02
6.39636566e+02
9.84968400e+02
9.79103216e+02
9.83948368e+02
8.52772253e+02
9.72575011e+02
9.73442038e+02
9.72804518e+02
9.60283626e+02
9.64593261e+02
9.63777235e+02
8.05927283e+02
7.58827306e+02
9.52046867e+02
9.46895706e+02
9.26087053e+02
9.24837514e+02
9.39602477e+02
9.43733606e+02
9.44702637e+02
8.06131290e+02
9.37740918e+02
8.84214739e+02
9.27668102e+02
9.14509690e+02
9.12979642e+02
9.19099834e+02
9.13719165e+02
8.78757568e+02
9.15708227e+02
9.04028861e+02
8.93242022e+02
9.10684570e+02
8.82378682e+02
8.52797754e+02
8.90513437e+02
8.85668285e+02
5.82157763e+02
8.87070829e+02
8.64298614e+02
8.63253082e+02
8.14444550e+02
8.76283990e+02
8.76717504e+02
8.65420650e+02
8.58764941e+02
8.67817725e+02
8.42010915e+02
8.63253082e+02
8.73504403e+02
8.27398957e+02
7.93049379e+02
8.22808813e+02
8.55424336e+02
6.18062890e+02
8.40939882e+02
5.44110570e+02
8.43923475e+02
5.55764435e+02
8.19238701e+02
5.95469181e+02
7.35111562e+02
8.28393488e+02
8.03963722e+02
8.27704966e+02
8.00954627e+02
8.10899939e+02
8.01286138e+02
8.20666746e+02
8.18473677e+02
8.06029286e+02
7.48448480e+02
7.98022035e+02
7.39650704e+02
7.98430048e+02
7.85246134e+02
6.01028355e+02
8.03734214e+02
5.87155920e+02
7.93202384e+02
7.70889184e+02
7.42226285e+02
7.88943750e+02
7.82339043e+02
7.59872838e+02
6.86940550e+02
5.77312611e+02
7.73184256e+02
7.71730710e+02
6.45960765e+02
7.22641670e+02
7.71883715e+02
7.59337322e+02
7.31770957e+02
7.67038563e+02
7.66962061e+02
7.47122438e+02
5.08001437e+02
7.60561360e+02
7.22284659e+02
7.52554109e+02
7.54849181e+02
7.59821837e+02
7.54466669e+02
6.19669440e+02
7.34040528e+02
7.40390227e+02
7.45617891e+02
7.20958618e+02
7.36718112e+02
7.40823741e+02
7.44240848e+02
4.83648173e+02
7.27104310e+02
7.16240970e+02
7.32382976e+02
7.29144374e+02
7.25548762e+02
7.21086122e+02
7.10095277e+02
7.17567011e+02
7.22998682e+02
7.21213626e+02
6.58558160e+02
7.17286502e+02
7.07009680e+02
6.29181238e+02
6.95840330e+02
5.93837130e+02
5.62165136e+02
7.11370317e+02
7.09126246e+02
5.51786310e+02
6.43793197e+02
5.45666118e+02
7.00583478e+02
6.96120838e+02
6.93723763e+02
6.88011584e+02
5.94474650e+02
6.76510723e+02
6.47592816e+02
6.89924144e+02
6.82936925e+02
6.84135462e+02
5.34726275e+02
6.85078992e+02
5.05757366e+02
4.83036154e+02
6.76000707e+02
6.69855014e+02
6.27268678e+02
4.49834112e+02
6.63785824e+02
6.63913328e+02
6.66182899e+02
5.12872090e+02
6.32929856e+02
6.59374186e+02
6.67534442e+02
6.51366934e+02
6.62051770e+02
5.70223389e+02
5.27509549e+02
6.30736787e+02
4.88289318e+02
6.50066394e+02
5.68922848e+02
5.21771869e+02
6.29028234e+02
6.29334243e+02
6.34077392e+02
5.07950435e+02
6.04164954e+02
5.78179638e+02
6.40248586e+02
5.90675030e+02
6.14722285e+02
5.90904538e+02
5.15779181e+02
6.20842477e+02
6.27243178e+02
6.16456339e+02
5.15983187e+02
6.08729597e+02
6.13523747e+02
5.52755341e+02
6.03195923e+02
5.96259706e+02
6.02813411e+02
6.03909946e+02
5.87895443e+02
6.07174048e+02
4.64624576e+02
5.86492899e+02
5.63440176e+02
5.89017478e+02
5.95749690e+02
5.30442141e+02
4.64599075e+02
5.73921005e+02
4.99101658e+02
4.68016182e+02
4.57050838e+02
5.38831904e+02
4.65925117e+02
4.58555386e+02
5.67214294e+02
5.10271008e+02
5.65888253e+02
5.72110448e+02
3.90238742e+02
4.43611917e+02
5.77975632e+02
4.98821149e+02
4.49579104e+02
4.98132627e+02
4.42438880e+02
5.41815498e+02
4.77272973e+02
4.58988899e+02
5.45538614e+02
4.13928986e+02
4.39710294e+02
4.82704643e+02
5.09888496e+02
4.35732170e+02
4.83214659e+02
4.84005184e+02
5.20369325e+02
5.12387574e+02
5.32023190e+02
5.08230944e+02
4.33845110e+02
4.97852118e+02
4.28642947e+02
4.72198314e+02
4.19054646e+02
5.09811994e+02
4.77068966e+02
5.40642461e+02
4.89666362e+02
5.07644426e+02
5.10296509e+02
4.27954426e+02
4.83520669e+02
5.02671770e+02
3.55047638e+02
4.38052742e+02
4.65772112e+02
5.00784710e+02
4.95098032e+02
4.72096310e+02
4.34431629e+02
5.16493203e+02
4.64930586e+02
5.08511453e+02
4.80613578e+02
5.03997811e+02
3.99240525e+02
3.80548438e+02
4.79950557e+02
3.42144234e+02
4.04799699e+02
4.70872272e+02
4.88187315e+02
4.89666362e+02
3.90009235e+02
3.94318870e+02
4.19131149e+02
3.42424742e+02
4.62023494e+02
4.76405946e+02
4.77374976e+02
3.69506592e+02
4.82628141e+02
4.79440541e+02
3.69557594e+02
4.43764922e+02
4.35171152e+02
4.69342224e+02
4.62661014e+02
4.17422595e+02
4.59677421e+02
4.41495350e+02
4.45269469e+02
3.71215146e+02
4.51160154e+02
4.70464259e+02
4.44784954e+02
4.57815862e+02
3.84832573e+02
4.36395190e+02
4.14566506e+02
3.58949261e+02
3.94828886e+02
3.57368211e+02
4.51364160e+02
4.29943488e+02
4.01484595e+02
4.47896051e+02
3.85903606e+02
4.39047274e+02
4.02504627e+02
4.38639261e+02
3.97710477e+02
3.68486560e+02
4.29382470e+02
4.40500819e+02
4.07477283e+02
3.97174960e+02
4.32238560e+02
4.27877923e+02
4.15331530e+02
4.16453565e+02
4.41979866e+02
4.03932672e+02
4.31320531e+02
4.10358874e+02
4.14362499e+02
3.65604970e+02
3.82180490e+02
4.12551942e+02
3.52676064e+02
4.15306029e+02
4.17014582e+02
3.54690627e+02
4.16504566e+02
3.94879888e+02
3.87969171e+02
4.22701261e+02
3.88428186e+02
4.04621194e+02
4.04391686e+02
3.91539283e+02
3.70934637e+02
4.14107491e+02
3.87918170e+02
3.54537622e+02
3.88147677e+02
3.91972797e+02
4.07502784e+02
4.04238682e+02
3.79375402e+02
3.20060541e+02
4.00974579e+02
3.89626723e+02
3.79451904e+02
3.97633974e+02
3.77437341e+02
4.00260557e+02
3.56271677e+02
3.76264304e+02
3.55073139e+02
3.65834477e+02
3.86005610e+02
3.40767190e+02
3.92100301e+02
3.50202486e+02
3.37630592e+02
3.82460998e+02
3.83889043e+02
3.84603066e+02
3.68053046e+02
3.60759818e+02
3.72592189e+02
3.74581251e+02
3.73000202e+02
3.70042109e+02
2.98716371e+02
3.84909075e+02
3.80828947e+02
3.87204147e+02
3.41251706e+02
3.49284458e+02
3.62825382e+02
3.48238925e+02
3.50814506e+02
3.70093110e+02
3.49641469e+02
3.33346458e+02
3.61652346e+02
3.58439245e+02
3.30847379e+02
3.67594032e+02
3.46632374e+02
2.91805654e+02
3.54410118e+02
3.33065949e+02
3.68894573e+02
2.68370419e+02
3.29393834e+02
3.48034918e+02
3.57291709e+02
3.40053168e+02
3.35029510e+02
3.43750784e+02
3.62544874e+02
3.52038544e+02
3.49411962e+02
3.56807194e+02
2.89740090e+02
3.03714528e+02
3.23707155e+02
3.52548560e+02
2.76403171e+02
3.20698061e+02
3.41124202e+02
3.49284458e+02
3.51579530e+02
3.45229830e+02
2.63550768e+02
3.41761722e+02
3.28271798e+02
2.90199104e+02
3.25339206e+02
2.44930084e+02
3.37834598e+02
3.21641590e+02
2.66661866e+02
3.33091450e+02
3.25441210e+02
3.36253549e+02
2.57660083e+02
3.20239046e+02
3.36534058e+02
3.31994915e+02
2.48041181e+02
3.32785440e+02
3.33830973e+02
3.34927507e+02
3.29903850e+02
3.10803750e+02
3.23732656e+02
3.11262765e+02
3.21590589e+02
3.28577808e+02
2.99022381e+02
2.54469933e+02
3.26461242e+02
2.48586899e+02
3.26486742e+02
3.24064166e+02
3.22993133e+02
3.23707155e+02
3.14144355e+02
3.09707216e+02
3.13328330e+02
2.89408579e+02
3.12002288e+02
3.03077008e+02
3.16031414e+02
3.14756374e+02
2.98563366e+02
3.06060602e+02
2.91525146e+02
2.44422618e+02
3.02745498e+02
3.02745498e+02
3.05397581e+02
3.09426707e+02
3.00067914e+02
3.04632557e+02
3.00552429e+02
3.04020538e+02
2.99022381e+02
3.03714528e+02
2.89332077e+02
3.01240950e+02
2.86246480e+02
2.82727370e+02
3.00960442e+02
2.89944096e+02
2.92494176e+02
3.00909440e+02
2.96344797e+02
2.95452269e+02
2.98716371e+02
2.90556115e+02
2.93131696e+02
2.91397642e+02
2.88949565e+02
2.86297482e+02
2.86093475e+02
2.80228291e+02
2.93565210e+02
2.91142634e+02
2.25625978e+02
2.87725526e+02
2.55977030e+02
2.74235603e+02
2.87725526e+02
2.68829434e+02
2.78800246e+02
2.18926918e+02
2.80636304e+02
2.74159101e+02
2.81146320e+02
2.71405014e+02
2.69645459e+02
2.66789370e+02
2.78698243e+02
2.77244698e+02
2.63933280e+02
2.69721962e+02
2.58909622e+02
2.25429622e+02
2.75281136e+02
2.71430515e+02
2.75179133e+02
2.68803933e+02
2.63372262e+02
2.31909375e+02
2.66840371e+02
2.73011565e+02
2.40862706e+02
2.54783593e+02
2.61077190e+02
2.53587605e+02
2.05536448e+02
2.68115411e+02
2.55059002e+02
2.49056113e+02
2.11656640e+02
2.58986125e+02
2.58884122e+02
2.32750902e+02
2.47064501e+02
2.59113629e+02
2.61995219e+02
2.60822182e+02
2.59394138e+02
2.59649146e+02
1.90348172e+02
2.58654614e+02
2.55390512e+02
2.52536972e+02
2.55900528e+02
2.26110493e+02
2.42867069e+02
2.53307097e+02
2.54074671e+02
2.52641526e+02
2.50262301e+02
1.91605361e+02
2.46386180e+02
2.50377055e+02
1.98136116e+02
2.46062319e+02
2.41308970e+02
2.39041949e+02
2.44667426e+02
2.38600785e+02
2.44402217e+02
2.34064193e+02
2.42887470e+02
2.45786911e+02
2.43326084e+02
2.42902770e+02
2.40260887e+02
2.37254343e+02
2.34852168e+02
2.34576759e+02
2.39470363e+02
2.39901326e+02
2.37843412e+02
2.37766909e+02
2.36160359e+02
2.29525051e+02
2.34140695e+02
2.37228842e+02
2.14913092e+02
2.34739964e+02
2.34655812e+02
2.23843472e+02
2.24623797e+02
2.32261286e+02
2.30682787e+02
2.29145089e+02
2.28336713e+02
2.21877361e+02
2.27293731e+02
2.20561519e+02
2.28433616e+02
2.25786633e+02
2.25608128e+02
2.26952020e+02
2.24394290e+02
2.26679161e+02
2.17825284e+02
2.24728350e+02
2.23185552e+02
2.23453310e+02
2.23387008e+02
2.21466798e+02
2.19074823e+02
2.16894504e+02
2.19694492e+02
2.17088310e+02
2.17315268e+02
2.18715261e+02
2.14010364e+02
2.16203433e+02
2.16052978e+02
2.16272285e+02
2.04988181e+02
1.62060134e+02
2.08203832e+02
2.14471928e+02
2.08675596e+02
2.08642445e+02
2.08871953e+02
1.91480407e+02
2.05235539e+02
2.10226045e+02
2.11161924e+02
2.10182694e+02
2.08537892e+02
2.10182694e+02
2.09292716e+02
1.95935397e+02
2.02524804e+02
2.05947011e+02
2.03940098e+02
2.05992912e+02
2.06125516e+02
2.04817325e+02
1.91521208e+02
2.03657039e+02
2.03057770e+02
2.00953954e+02
2.01219163e+02
2.02402400e+02
1.96904427e+02
2.01777630e+02
1.97034481e+02
1.97406793e+02
2.00262883e+02
1.99763067e+02
1.73668098e+02
1.85010854e+02
1.92798798e+02
1.97485845e+02
1.94851613e+02
1.95514634e+02
1.95547785e+02
1.95695689e+02
1.91426855e+02
1.94813362e+02
1.94206443e+02
1.90516477e+02
1.93214461e+02
1.91707364e+02
1.92278582e+02
1.91773666e+02
1.91291701e+02
1.48180049e+02
1.89552547e+02
1.87588985e+02
1.87405379e+02
1.80535464e+02
1.87127420e+02
1.86188991e+02
1.86135439e+02
1.86357296e+02
1.83878619e+02
1.85582072e+02
1.81096481e+02
1.85008304e+02
1.83468056e+02
1.84470237e+02
1.82792284e+02
1.80415610e+02
1.44280976e+02
1.79655686e+02
1.80464061e+02
1.79533282e+02
1.80576265e+02
1.79268074e+02
1.68901999e+02
1.79245123e+02
1.78023635e+02
1.77414166e+02
1.76738395e+02
1.77791578e+02
1.73191233e+02
1.37900676e+02
1.74519825e+02
1.75437854e+02
1.73425841e+02
1.75432754e+02
1.73254985e+02
1.70307093e+02
1.72556263e+02
1.72834222e+02
1.68983601e+02
1.71548982e+02
1.65025877e+02
1.70490699e+02
1.70812009e+02
1.67014940e+02
1.52191324e+02
1.67326049e+02
1.60341380e+02
1.67665210e+02
1.67078692e+02
1.65956656e+02
1.66665579e+02
1.65053928e+02
1.64495460e+02
1.63225521e+02
1.64306755e+02
1.64406208e+02
1.64895823e+02
1.64768319e+02
1.61919880e+02
1.62493648e+02
1.63398926e+02
1.61805126e+02
1.61983632e+02
1.59890016e+02
1.58558874e+02
1.61216058e+02
1.59091841e+02
1.59260146e+02
1.59594207e+02
1.57174181e+02
1.52420832e+02
1.54670002e+02
1.57747949e+02
1.57258333e+02
1.57095128e+02
1.57607694e+02
1.55667084e+02
1.55241220e+02
1.56230651e+02
1.53665271e+02
1.54649602e+02
1.51158542e+02
1.54098784e+02
1.53397512e+02
1.47947991e+02
1.45701371e+02
1.52884946e+02
1.22286536e+02
1.50878033e+02
1.51666008e+02
1.20027165e+02
1.50202262e+02
1.42182260e+02
1.49985505e+02
1.48460557e+02
1.48577861e+02
1.23140813e+02
1.47585880e+02
1.47239069e+02
1.47376773e+02
1.44900646e+02
1.45068951e+02
1.46165485e+02
1.46213937e+02
1.45525415e+02
1.45158204e+02
1.44997549e+02
1.42501020e+02
1.42330165e+02
1.41700295e+02
1.43643456e+02
1.40460956e+02
1.42110858e+02
1.40427805e+02
1.41764047e+02
1.41348384e+02
1.41292283e+02
1.39129815e+02
1.14814802e+02
1.38739652e+02
1.39346572e+02
1.39706133e+02
1.39410324e+02
1.38609598e+02
1.38007780e+02
1.37666069e+02
1.36391029e+02
1.37038749e+02
1.36171722e+02
1.36485382e+02
1.33320732e+02
1.32871918e+02
1.28812191e+02
1.34333114e+02
1.33221279e+02
1.34733477e+02
1.29064649e+02
1.33810348e+02
1.32374653e+02
1.32861718e+02
1.30074481e+02
1.31938589e+02
1.29742970e+02
1.28954996e+02
1.30979759e+02
1.26070855e+02
1.28697437e+02
1.28490881e+02
1.28093068e+02
1.28052267e+02
1.22605296e+02
1.26272311e+02
1.26754276e+02
1.18831178e+02
1.27950264e+02
1.26279962e+02
1.26330963e+02
1.26078505e+02
1.24204196e+02
1.20853391e+02
1.23117862e+02
1.24372502e+02
1.24262848e+02
1.24525507e+02
1.18662873e+02
1.19162688e+02
1.23140813e+02
1.18124806e+02
1.19065785e+02
1.20259223e+02
1.18497117e+02
1.21195102e+02
1.21383808e+02
1.16245397e+02
1.20881442e+02
1.19838460e+02
1.15885836e+02
1.14414439e+02
1.10441415e+02
1.17092023e+02
1.18499668e+02
1.11040684e+02
1.14248684e+02
1.18045753e+02
1.04520129e+02
1.10757625e+02
1.15883285e+02
1.15233015e+02
1.06996257e+02
1.15796583e+02
1.10474566e+02
1.14340487e+02
1.13055247e+02
1.10857078e+02
1.10377663e+02
1.10472016e+02
1.08934317e+02
1.11678204e+02
1.13317905e+02
1.12246871e+02
9.54545946e+01
1.08031589e+02
1.09219926e+02
1.05415207e+02
1.10382763e+02
1.10673472e+02
1.09265828e+02
1.07608276e+02
1.06353636e+02
1.06986056e+02
1.06708098e+02
1.06833052e+02
1.08424301e+02
1.04002463e+02
1.02286259e+02
1.06634145e+02
1.03795906e+02
1.06458190e+02
1.06080778e+02
1.05295353e+02
1.01880796e+02
1.04545630e+02
1.04629782e+02
1.04647633e+02
1.03494997e+02
1.03882609e+02
1.03915760e+02
1.02365311e+02
9.93511168e+01
1.01332529e+02
1.02467315e+02
1.01941998e+02
1.01373330e+02
9.53525914e+01
9.93128656e+01
9.22644445e+01
9.21802918e+01
1.01482984e+02
9.78695203e+01
9.84177875e+01
9.58983085e+01
9.84228877e+01
9.71223469e+01
1.00450201e+02
9.73569542e+01
9.44651635e+01
9.84687891e+01
9.95933744e+01
9.39066960e+01
9.46615197e+01
9.62374691e+01
9.50593322e+01
9.25347530e+01
9.81092278e+01
9.63012211e+01
9.70432944e+01
9.45059648e+01
9.54979459e+01
9.32691760e+01
8.65548154e+01
9.57121526e+01
9.36567882e+01
9.18819325e+01
8.87963357e+01
9.43019584e+01
9.37230902e+01
9.18207306e+01
9.47890237e+01
9.10174554e+01
8.53664781e+01
9.04666381e+01
9.24148992e+01
9.34578819e+01
9.30269184e+01
9.09715539e+01
9.21802918e+01
8.92834010e+01
8.85158269e+01
8.90997952e+01
9.12826637e+01
8.86382307e+01
9.09205523e+01
8.67664720e+01
8.66236675e+01
9.02983328e+01
8.87147331e+01
8.97194646e+01
8.75238458e+01
8.81970669e+01
8.69857789e+01
8.91278461e+01
8.90895949e+01
8.46932570e+01
8.49712157e+01
8.75059952e+01
8.78732067e+01
8.82812195e+01
7.87490205e+01
8.11333453e+01
8.52185734e+01
8.68888758e+01
8.24364362e+01
8.62870570e+01
8.35355206e+01
8.63049075e+01
8.49839661e+01
8.36094730e+01
8.44611997e+01
8.39205827e+01
8.57183891e+01
8.42444429e+01
8.46065542e+01
8.07380829e+01
8.33289642e+01
8.27934474e+01
8.42546432e+01
8.09267888e+01
8.31402582e+01
8.24823376e+01
7.98251542e+01
8.38185795e+01
8.09497395e+01
8.16408112e+01
8.19927222e+01
8.05723277e+01
8.11486458e+01
7.90550301e+01
7.77901904e+01
7.91570333e+01
8.15311578e+01
8.10134915e+01
7.97282512e+01
7.85501142e+01
7.96287981e+01
8.04524739e+01
7.71501203e+01
7.99067568e+01
7.96772496e+01
7.88867248e+01
7.42353789e+01
7.88229728e+01
7.90550301e+01
7.44291850e+01
7.86674179e+01
7.77264384e+01
7.67854589e+01
7.69996656e+01
7.69206131e+01
7.49392010e+01
7.33785520e+01
7.63774461e+01
7.53319133e+01
7.56226224e+01
7.38860179e+01
7.66477546e+01
7.55665206e+01
7.47096938e+01
7.60484858e+01
7.12135341e+01
7.19250064e+01
7.35009558e+01
7.14863926e+01
6.81381376e+01
7.19505072e+01
7.42430291e+01
7.00634480e+01
7.19428570e+01
7.20219094e+01
7.19173562e+01
7.32535981e+01
7.18000525e+01
7.34474042e+01
7.00557978e+01
7.09151747e+01
7.10936803e+01
7.20372099e+01
6.98109901e+01
7.10860301e+01
7.03822080e+01
7.07902208e+01
6.91836704e+01
6.57487126e+01
6.87629072e+01
6.96987866e+01
7.03694576e+01
6.96834861e+01
6.59833200e+01
7.04638106e+01
6.58048144e+01
6.80590851e+01
6.89414128e+01
6.53458000e+01
6.92499725e+01
6.68120960e+01
6.77505254e+01
6.31807821e+01
6.69038989e+01
6.38948045e+01
6.71971581e+01
6.61873264e+01
6.73170118e+01
6.45858762e+01
6.50729414e+01
6.32853354e+01
6.64295840e+01
6.48638349e+01
6.66565411e+01
6.64984362e+01
6.59093677e+01
6.60725728e+01
6.37315994e+01
6.39585565e+01
6.59705696e+01
6.01461869e+01
6.31629315e+01
6.46598285e+01
6.14518278e+01
6.25330618e+01
6.36550970e+01
6.30787789e+01
6.01206861e+01
6.22219520e+01
6.18037389e+01
6.04343459e+01
6.37366995e+01
6.31782320e+01
5.98835286e+01
6.20051952e+01
6.03272426e+01
6.13804256e+01
6.09877133e+01
6.03170422e+01
6.02966416e+01
5.59768061e+01
5.88481962e+01
5.83101293e+01
6.01155859e+01
6.14365274e+01
5.84146826e+01
5.90726032e+01
6.10871664e+01
6.11942698e+01
6.03782442e+01
6.01028355e+01
6.04700470e+01
5.89782502e+01
6.02838912e+01
5.60278077e+01
5.85600371e+01
5.60150573e+01
5.84605840e+01
5.61272608e+01
5.91924570e+01
5.90700531e+01
5.83152294e+01
5.87359926e+01
5.50409267e+01
5.85702374e+01
5.43906563e+01
5.74839034e+01
5.58671526e+01
5.71498429e+01
5.55279920e+01
4.31218528e+01
5.65225232e+01
5.52933846e+01
5.02977779e+01
5.54030381e+01
5.64817219e+01
5.61604118e+01
5.56172448e+01
4.45141965e+01
4.73524355e+01
5.03105283e+01
4.93287475e+01
5.34190758e+01
4.86912275e+01
5.31079661e+01
4.04570192e+01
4.10129366e+01
4.10690384e+01
5.31666179e+01
5.07134410e+01
4.07885296e+01
3.95491907e+01
4.46799517e+01
4.05488221e+01
4.45294970e+01
4.25608352e+01
5.36715338e+01
4.94052499e+01
4.21171213e+01
4.40373315e+01
5.28325574e+01
3.87255149e+01
5.07210912e+01
4.56005306e+01
3.80471936e+01
3.91794291e+01
4.52358691e+01
3.79222397e+01
4.99688176e+01
4.28438941e+01
5.08791962e+01
4.65134592e+01
3.72821696e+01
3.72796195e+01
4.88187315e+01
4.09032832e+01
4.58580886e+01
4.14643008e+01
3.93808854e+01
4.35783171e+01
3.84909075e+01
3.63309898e+01
3.67619533e+01
3.96231430e+01
3.86490125e+01
3.90213242e+01
4.22701261e+01
4.34839642e+01
3.71138643e+01
3.55532154e+01
3.67900042e+01
4.02249619e+01
3.66905510e+01
3.60249802e+01
3.72362682e+01
3.55889165e+01
3.50355491e+01
3.48595936e+01
3.76417309e+01
3.68461059e+01
3.57980230e+01
3.58719754e+01
3.44643312e+01
3.82869011e+01
3.53160579e+01
3.70756131e+01
3.57495715e+01
4.28617446e+01
3.40563184e+01
3.53135078e+01
3.49947478e+01
3.38217110e+01
4.41954365e+01
3.46581373e+01
3.61703347e+01
3.57725222e+01
3.61703347e+01
3.50814506e+01
3.49794474e+01
3.78584877e+01
3.51171517e+01
4.12092928e+01
3.44464806e+01
3.43623280e+01
3.57113203e+01
3.70169613e+01
3.34315488e+01
3.51809037e+01
3.35820035e+01
3.43036762e+01
3.29623341e+01
3.22253610e+01
3.20239046e+01
3.38166109e+01
3.18811002e+01
3.70628627e+01
3.39492150e+01
3.21692592e+01
3.27149763e+01
3.64125923e+01
3.21259078e+01
3.32632435e+01
3.88836198e+01
3.15113386e+01
3.27940288e+01
3.42042230e+01
3.13481334e+01
3.51120515e+01
4.12449939e+01
3.23324643e+01
3.14271859e+01
4.08522816e+01
3.80318931e+01
3.33448461e+01
3.15240890e+01
3.47856413e+01
3.53441088e+01
3.19958538e+01
3.07386643e+01
3.10191731e+01
3.57291709e+01
3.58949261e+01
3.04836563e+01
3.04989568e+01
2.95630774e+01
3.18249984e+01
3.04709059e+01
3.03026006e+01
3.12588806e+01
3.55328147e+01
3.14450365e+01
2.90964128e+01
3.11084259e+01
2.98614368e+01
3.09987725e+01
2.95146259e+01
3.26078730e+01
2.91856656e+01
3.08789187e+01
3.57725222e+01
3.50891008e+01
3.17000445e+01
2.87062506e+01
2.81477830e+01
3.14909379e+01
3.22330112e+01
3.00781936e+01
2.94687245e+01
3.67517530e+01
3.35718032e+01
3.05958598e+01
3.31178890e+01
3.15878410e+01
2.85098944e+01
2.83415891e+01
2.88414048e+01
2.99991411e+01
2.89612586e+01
2.69849466e+01
3.01495958e+01
3.05448582e+01
2.68752931e+01
2.83517894e+01
3.31790909e+01
2.69951469e+01
2.77193696e+01
3.40180672e+01
2.73904093e+01
3.26996758e+01
2.64723805e+01
2.92035162e+01
3.19270016e+01
2.93718214e+01
2.72680054e+01
2.70333981e+01
2.91703651e+01
2.77397702e+01
2.58705616e+01
2.81375827e+01
2.62301229e+01
2.97007818e+01
3.06851126e+01
2.74439610e+01
3.31739907e+01
3.04785562e+01
2.75918656e+01
2.86297482e+01
3.31051386e+01
2.78188227e+01
2.61000688e+01
2.55365011e+01
2.96650806e+01
2.69313949e+01
3.02056976e+01
3.13404832e+01
2.63780275e+01
2.93820218e+01
2.68344918e+01
2.99455894e+01
3.06290109e+01
2.43728996e+01
3.04556054e+01
2.72858560e+01
2.62836746e+01
2.45572704e+01
2.84282918e+01
2.71838528e+01
2.92162666e+01
3.08763686e+01
2.50825869e+01
2.52600724e+01
2.43211330e+01
2.59062627e+01
2.37815361e+01
2.51353735e+01
2.84614429e+01
2.75332138e+01
2.48589449e+01
2.90887626e+01
2.37917364e+01
2.32447442e+01
2.45753760e+01
2.76403171e+01
2.53600356e+01
2.54625488e+01
2.31873674e+01
2.29935613e+01
2.38417180e+01
2.71711024e+01
2.38746140e+01
2.36769828e+01
2.47837175e+01
2.27910850e+01
2.36257262e+01
2.31809922e+01
2.55773024e+01
2.39712620e+01
2.26964770e+01
2.22004865e+01
2.40508245e+01
2.22264973e+01
2.35958902e+01
2.65845840e+01
2.31261655e+01
2.32177134e+01
2.51226231e+01
2.74210102e+01
2.24679899e+01
2.23032547e+01
2.16784851e+01
2.21191389e+01
2.22020165e+01
2.40773453e+01
2.25919237e+01
2.26352751e+01
2.24231084e+01
2.49420775e+01
2.35956352e+01
2.46511133e+01
2.15341506e+01
2.25582627e+01
2.12618020e+01
2.32817204e+01
2.67273885e+01
2.55416013e+01
2.39975278e+01
2.23537463e+01
2.43481638e+01
2.41854687e+01
2.20536019e+01
2.43479088e+01
2.05296740e+01
2.04271608e+01
2.07637714e+01
2.19276279e+01
2.14900342e+01
2.55059002e+01
2.05225338e+01
2.43109327e+01
2.36106807e+01
2.38330477e+01
2.38924645e+01
2.40923908e+01
2.06571780e+01
2.02999118e+01
2.07048645e+01
2.23675167e+01
1.96603518e+01
2.09993988e+01
2.01864333e+01
1.99179099e+01
1.95427931e+01
2.24560045e+01
1.95132122e+01
2.26368052e+01
2.01237013e+01
2.30246723e+01
1.96843225e+01
2.04534267e+01
2.28890081e+01
2.15285404e+01
1.97343041e+01
2.11455184e+01
2.18146594e+01
2.13627852e+01
1.91031593e+01
2.26727613e+01
2.14869741e+01
2.19648591e+01
2.28854380e+01
1.99378005e+01
1.99431556e+01
2.38480932e+01
1.97962710e+01
2.26327250e+01
1.84192278e+01
1.86811211e+01
2.29739257e+01
1.93637775e+01
2.09269765e+01
2.19278829e+01
1.83202847e+01
2.19062072e+01
2.30552733e+01
2.11631139e+01
2.16917455e+01
1.87843993e+01
2.37570553e+01
1.80170802e+01
1.80655317e+01
1.77906331e+01
2.25166964e+01
1.99548860e+01
2.02726260e+01
2.02529904e+01
1.98893490e+01
1.85189360e+01
1.77424366e+01
2.02055589e+01
1.75228747e+01
2.19319630e+01
1.84796647e+01
2.27288630e+01
2.12250809e+01
2.27681343e+01
1.80872074e+01
2.07466859e+01
1.83345652e+01
2.03475983e+01
2.10639158e+01
1.82980990e+01
1.82351121e+01
2.12447165e+01
1.88563116e+01
2.03435182e+01
1.77689574e+01
2.16106530e+01
1.93783129e+01
1.84959852e+01
1.67359200e+01
1.67241897e+01
2.07670865e+01
1.75736213e+01
2.03083271e+01
1.71569382e+01
1.66685979e+01
1.80239654e+01
2.15461359e+01
1.74542776e+01
1.89004279e+01
1.94282945e+01
1.75899418e+01
1.82134364e+01
1.81496844e+01
1.65257934e+01
1.92153628e+01
1.83901569e+01
1.76929651e+01
1.78763158e+01
1.62093285e+01
1.93007905e+01
1.98635932e+01
1.75427653e+01
1.64332255e+01
1.72038597e+01
1.67060841e+01
1.91572210e+01
1.76618541e+01
1.78079737e+01
1.98516078e+01
1.96190405e+01
1.76564989e+01
1.65943906e+01
1.83037092e+01
1.59510054e+01
1.57209882e+01
1.70549350e+01
1.90200267e+01
1.92240331e+01
1.54409894e+01
1.93938684e+01
1.76654242e+01
1.62256490e+01
1.88912476e+01
1.58673628e+01
1.93344516e+01
1.90883688e+01
1.88290257e+01
1.85184260e+01
1.90246168e+01
1.86507751e+01
1.79857142e+01
1.65747550e+01
1.78936564e+01
1.69195258e+01
1.70845160e+01
1.48845620e+01
1.65033527e+01
1.50755629e+01
1.82700482e+01
1.69677223e+01
1.61335911e+01
1.68820396e+01
1.79329276e+01
1.72472111e+01
1.71712187e+01
1.76187577e+01
1.69406915e+01
1.47017212e+01
1.76276830e+01
1.72997427e+01
1.79586834e+01
1.67354100e+01
1.77898681e+01
1.64018596e+01
1.75945320e+01
1.78135838e+01
1.77220360e+01
1.57046677e+01
1.50513372e+01
1.56801869e+01
1.54537398e+01
1.65377788e+01
1.68680142e+01
1.56763618e+01
1.47488977e+01
1.54453245e+01
1.66140262e+01
1.53547967e+01
1.41131628e+01
1.51898065e+01
1.48034694e+01
1.40231449e+01
1.71220021e+01
1.52660539e+01
1.62531899e+01
1.71395977e+01
1.55406975e+01
1.61188007e+01
1.67723862e+01
1.55967993e+01
1.37768072e+01
1.62883810e+01
1.45002649e+01
1.54810257e+01
1.64600014e+01
1.58291116e+01
1.37441662e+01
1.66267766e+01
1.48264201e+01
1.62024433e+01
1.58834283e+01
1.40014692e+01
1.32078844e+01
1.49024125e+01
1.61501667e+01
1.51362548e+01
1.58161062e+01
1.41572791e+01
1.45586617e+01
1.59431002e+01
1.38512695e+01
1.43615405e+01
1.51184043e+01
1.58148311e+01
1.34044955e+01
1.42931984e+01
1.58173812e+01
1.52997150e+01
1.29842423e+01
1.45288258e+01
1.47019762e+01
1.48108646e+01
1.28631135e+01
1.54639401e+01
1.50130860e+01
1.43135990e+01
1.42363316e+01
1.49799349e+01
1.34641674e+01
1.36334927e+01
1.37020899e+01
1.51974568e+01
1.49850351e+01
1.49330135e+01
1.50640876e+01
1.34022004e+01
1.33825648e+01
1.27195440e+01
1.41776798e+01
1.47657282e+01
1.46157835e+01
1.47705734e+01
1.47598630e+01
1.46542897e+01
1.31706532e+01
1.38696301e+01
1.42641275e+01
1.44411030e+01
1.35421998e+01
1.44972048e+01
1.39889739e+01
1.33764446e+01
1.30250436e+01
1.40458406e+01
1.43707208e+01
1.09319380e+01
1.41710496e+01
1.40682813e+01
1.34039855e+01
1.27427498e+01
1.30084681e+01
1.17063972e+01
1.38199036e+01
1.35080288e+01
1.30671199e+01
1.35858062e+01
1.27771758e+01
1.37291207e+01
1.38349490e+01
1.22934257e+01
1.37747671e+01
1.26228960e+01
1.35093038e+01
1.30487594e+01
1.18377264e+01
1.33705795e+01
1.29946977e+01
1.32066093e+01
1.30941508e+01
1.30388140e+01
1.32089044e+01
1.25866849e+01
1.24165945e+01
1.29781221e+01
1.30696700e+01
1.23434072e+01
1.16495305e+01
1.29396159e+01
1.22992908e+01
1.27955364e+01
1.29192153e+01
1.26218760e+01
1.11407895e+01
1.19313143e+01
1.26726226e+01
1.23497824e+01
1.26343714e+01
1.17280729e+01
1.22243185e+01
1.25063573e+01
1.21868323e+01
1.16400952e+01
1.23752832e+01
1.20764139e+01
1.24081793e+01
1.14585295e+01
1.24711662e+01
9.41999552e+00
1.23309118e+01
1.17538287e+01
1.20200571e+01
1.13929924e+01
1.15373269e+01
1.20738638e+01
1.21144100e+01
1.19042835e+01
1.19208590e+01
1.19126987e+01
1.11428296e+01
1.18754676e+01
1.18369613e+01
1.12649784e+01
1.11770006e+01
1.14883654e+01
1.17675992e+01
1.11777657e+01
1.17426084e+01
1.08049440e+01
1.15722630e+01
1.06228683e+01
1.16765613e+01
1.06065477e+01
1.14429740e+01
1.14139031e+01
1.14779101e+01
1.07401719e+01
1.14029377e+01
1.04214119e+01
1.04537980e+01
1.04410476e+01
1.09666190e+01
1.06437789e+01
1.08600257e+01
1.00804662e+01
1.09561637e+01
1.11530299e+01
1.06986056e+01
1.09541236e+01
1.10377663e+01
1.11275291e+01
1.09561637e+01
1.03857108e+01
1.03033432e+01
1.07371118e+01
1.03109935e+01
1.07947436e+01
1.07417020e+01
1.06062927e+01
1.06940155e+01
1.03441445e+01
1.07146711e+01
9.68163373e+00
1.06680047e+01
1.02023601e+01
1.06427589e+01
1.06769300e+01
1.06968206e+01
1.01449833e+01
9.78134186e+00
9.99172346e+00
1.04974043e+01
9.85707923e+00
1.05313204e+01
1.04509929e+01
1.00720510e+01
8.22936317e+00
1.00159492e+01
9.69820925e+00
9.25577037e+00
1.01342729e+01
1.01607938e+01
9.27132586e+00
9.71707984e+00
8.01362640e+00
9.56790016e+00
9.98024810e+00
1.01380980e+01
9.90476573e+00
1.00406850e+01
9.61405661e+00
9.83642358e+00
9.93995683e+00
9.46079680e+00
9.71835488e+00
8.83118205e+00
9.89150531e+00
9.39321968e+00
9.82698829e+00
9.31824733e+00
9.79817238e+00
9.30371187e+00
9.69438413e+00
9.68775392e+00
9.66046806e+00
9.48910269e+00
9.51562352e+00
9.47456723e+00
9.50236310e+00
8.86637315e+00
9.20043363e+00
9.02141802e+00
9.48527757e+00
8.96965139e+00
9.00560752e+00
9.10174554e+00
8.44254986e+00
9.21165398e+00
8.01413642e+00
8.97245648e+00
9.18768323e+00
9.04079862e+00
8.59861475e+00
8.93599034e+00
8.97526157e+00
8.47646592e+00
8.36298736e+00
8.33213139e+00
8.82633690e+00
8.77916042e+00
8.10134915e+00
8.74167424e+00
8.93726538e+00
8.28520992e+00
8.85693786e+00
8.25613901e+00
8.64426118e+00
8.89467904e+00
8.82914198e+00
8.75646470e+00
8.71158330e+00
8.63253082e+00
8.77992544e+00
8.49559152e+00
8.65420650e+00
8.53078262e+00
8.58917946e+00
8.32014602e+00
8.51905226e+00
8.59529965e+00
8.12174979e+00
8.45759533e+00
8.33187638e+00
7.95777965e+00
7.98914563e+00
8.41424397e+00
8.13093008e+00
8.32218608e+00
8.33315142e+00
8.29388019e+00
8.14317046e+00
8.02739683e+00
8.30867066e+00
8.28699498e+00
8.16382611e+00
8.12991005e+00
8.23956349e+00
8.18652182e+00
7.84404608e+00
8.08375360e+00
7.66503046e+00
7.96134976e+00
8.12991005e+00
7.74510298e+00
7.30342912e+00
7.87388202e+00
7.95828966e+00
7.94834435e+00
7.70557674e+00
7.81217008e+00
7.84838122e+00
7.59719834e+00
7.69104128e+00
7.68364605e+00
6.67177430e+00
7.27792832e+00
7.78666928e+00
7.74051283e+00
7.10809299e+00
7.63315446e+00
7.25089747e+00
7.66197037e+00
7.52528608e+00
7.66605050e+00
7.47326445e+00
7.50157034e+00
7.35494074e+00
7.53472138e+00
7.45566890e+00
6.35887949e+00
7.12339347e+00
7.49392010e+00
7.41180752e+00
7.44393853e+00
7.38987683e+00
7.43348320e+00
7.21927648e+00
6.80182838e+00
7.31362944e+00
7.16393974e+00
7.04842112e+00
6.53253994e+00
7.20066090e+00
7.17465008e+00
6.85180995e+00
6.90714669e+00
6.99129933e+00
7.17082496e+00
7.10095277e+00
7.11625325e+00
6.98823923e+00
6.89159120e+00
7.01348502e+00
6.98492413e+00
6.51749446e+00
6.77428752e+00
6.44379715e+00
7.00736483e+00
6.11866195e+00
6.83038928e+00
6.40427091e+00
6.93086243e+00
6.90587165e+00
6.78117274e+00
6.42339651e+00
6.76281216e+00
6.85436003e+00
6.51468938e+00
6.64703853e+00
6.78703792e+00
6.75720198e+00
6.73017114e+00
6.57742134e+00
6.63658320e+00
6.52361466e+00
6.63989830e+00
6.53483501e+00
6.58201149e+00
6.44226710e+00
6.44252211e+00
6.49632880e+00
6.56696602e+00
6.26223146e+00
6.55345059e+00
6.35199427e+00
6.47006298e+00
6.44864230e+00
6.48612848e+00
6.46878794e+00
5.81596746e+00
6.22704035e+00
6.24922605e+00
5.85421866e+00
6.15283302e+00
5.95596685e+00
6.33745882e+00
6.13829757e+00
6.21148486e+00
6.06715034e+00
6.14849789e+00
6.26427152e+00
5.99396304e+00
5.74660528e+00
5.47884688e+00
6.18776912e+00
6.05133984e+00
5.74941037e+00
6.14161267e+00
6.10591155e+00
6.00849850e+00
6.03782442e+00
5.88405459e+00
6.06817037e+00
5.88838973e+00
5.79454678e+00
5.60252576e+00
5.58824531e+00
5.93199610e+00
5.96616717e+00
5.92001072e+00
5.04380323e+00
5.63389174e+00
5.85906381e+00
5.89654998e+00
5.67469302e+00
5.71906442e+00
5.41177978e+00
5.53392861e+00
5.82055760e+00
5.78077635e+00
5.69254358e+00
5.77924630e+00
5.70962912e+00
5.74380019e+00
5.68412832e+00
5.43855562e+00
5.51097789e+00
5.59717059e+00
5.51888314e+00
4.33921613e+00
5.49644243e+00
5.31487674e+00
5.22587894e+00
5.16595206e+00
5.54285389e+00
5.45181603e+00
5.16875715e+00
5.51888314e+00
5.29524112e+00
5.45921126e+00
5.46380141e+00
5.31309168e+00
5.27866560e+00
4.97367603e+00
4.14898016e+00
5.40310950e+00
5.39010410e+00
5.31207165e+00
5.15243664e+00
5.32380202e+00
5.32762714e+00
5.04278320e+00
5.29906624e+00
5.25979501e+00
5.22536893e+00
5.26464016e+00
5.14835651e+00
5.23964938e+00
4.86810272e+00
5.05833869e+00
4.56617325e+00
5.13586112e+00
5.07695427e+00
4.59779424e+00
5.13484109e+00
5.10628019e+00
4.34406128e+00
4.91655424e+00
4.99178160e+00
4.47666544e+00
5.01957747e+00
4.65644608e+00
4.84438698e+00
4.77884992e+00
4.89079843e+00
4.98209130e+00
4.82985152e+00
4.97316602e+00
4.93644486e+00
4.91629923e+00
4.83036154e+00
4.92216442e+00
4.76864960e+00
4.25200339e+00
4.48253062e+00
4.84311194e+00
4.84974214e+00
4.63910554e+00
4.60085434e+00
4.56948835e+00
4.68424195e+00
4.75564419e+00
4.61946992e+00
4.69291222e+00
4.69061715e+00
4.72810333e+00
4.62967024e+00
4.51848675e+00
4.28387939e+00
4.34482630e+00
4.67735674e+00
4.56107309e+00
4.55265782e+00
4.64216563e+00
4.48686576e+00
4.53353222e+00
4.54730266e+00
3.79783414e+00
4.54449757e+00
4.06686758e+00
4.45345971e+00
3.92967328e+00
4.53506227e+00
4.48253062e+00
4.36293187e+00
4.48941584e+00
4.38231248e+00
4.46417005e+00
4.43433411e+00
4.45039962e+00
4.03014643e+00
4.32621072e+00
4.37007210e+00
4.39761296e+00
4.36446192e+00
4.30606509e+00
4.36344189e+00
4.32315062e+00
4.24588320e+00
4.19692166e+00
4.31652042e+00
4.24868829e+00
4.28642947e+00
4.19003645e+00
4.14234995e+00
4.10588381e+00
3.74096736e+00
4.20049178e+00
3.82103987e+00
4.06916266e+00
4.18009114e+00
4.04927203e+00
4.18646634e+00
4.16938080e+00
3.84450061e+00
4.00439062e+00
4.14030989e+00
4.13036458e+00
4.09032832e+00
4.09389843e+00
4.02147616e+00
4.06176742e+00
3.93808854e+00
3.86643130e+00
4.05054707e+00
3.58490246e+00
4.02351622e+00
3.92482813e+00
3.99929046e+00
3.91233274e+00
3.97302464e+00
3.79043891e+00
3.96027424e+00
3.91845293e+00
3.91666787e+00
3.88351683e+00
3.85291587e+00
3.84246054e+00
3.46581373e+00
3.80471936e+00
3.88326182e+00
3.83430029e+00
3.72184176e+00
3.80701443e+00
3.71138643e+00
3.81415466e+00
3.80038422e+00
3.37171578e+00
3.46530371e+00
