 *********************************************************************************
   Plane-parallel Cool-MARCS (=MSG) model for Teff = 5778. K, log(g) = 4.4
 *********************************************************************************

The model is computed in 53 layers from log_10(tau_ross)= -5.00 to  2.50
 This model has the elemental abundances of the general type Solar
meaning that at a scale where epsilon(H) = log(H)=12, epsilon(elm) included:
 12.00 10.93 8.39 7.78 8.66 6.17 7.53 6.37 7.51 5.08 6.31 4.90 4.00 7.45 2.58
  H     He    C    N    O    Na   Mg   Al   Si   K    Ca   Ti   V    Fe   Zr  
The model used  84 molecules/atoms in the opacity computation. They were:
 SO2  TiH  CO2  OH   CrH  CH   AlCl ZrO  PO   NaCl SiS  NO   LiF  HCN  C3   C2H2 MgH  TiO 
 CaH  SiO  LiCl PH3  H2   C2   KCl  HCl  CP   LiH  NaH  AlF  FeH  BeH  MgF  CaF  CH4  CO  
 CN   H2CO NH3  AlO  VO   SiH  PN   CS   KF   H2O  PS   SN   AlH  NaF  HS   NH   Al   Be  
 Ca   Cl   C    Cr   Fe   F    K    Li   Mg   Na   N    O    P    Si   S    Ti   V    Zr  
 O2   O3   COS  N2O  SO3  H2S  CS2  NO2  N2   S2   SO   C2H4
The OS cross sections (cm2/molecule) were read into  7949 wavenumbers between
 400.0 and 80000.0 cm-1 (= 0.125 to  25. mu). We used only each 10th in the radiative transfer
 of this model, resulting in a (statistical spectral) OS-resolution of 1500.0

Convection was computed based on the parameter choice:
palfa, pbeta, pny, py = 1.5 0.0 8.0 0.076
(but convection was apriori considered irelevant for the uppermost 26 layers)
 Irradiation: off

Chemistry:
 Disequilibrium Status: OFF 
 Cloud model: OFF

The convergence criterium was delta(T)= 5.0 K and temp. corr. in the last iteration was 0.00 K


 Technical settings:
dpein,dtin,method-pe,inz.K=12,kort,kpi,mihal,lops,nops: 0.005 0.005 1 4.339eV 5  0 40 0  1

 *********************************************************************************




 C O R R E C T I O N S  I N  T H E  L A S T  I T E R A T I O N
 K LOG(TauR)  TAUROSS      T       DELTA(T)     FCONV    DELTA(FCONV)  K
  1  -5.00   1.00E-05    3888.92      -1.23   0.000E+00    0.00E+00    1
  2  -4.85   1.41E-05    3926.06      -1.26   0.000E+00    0.00E+00    2
  3  -4.70   2.00E-05    3968.74      -1.27   0.000E+00    0.00E+00    3
  4  -4.55   2.82E-05    4010.45      -1.27   0.000E+00    0.00E+00    4
  5  -4.40   3.98E-05    4051.44      -1.26   0.000E+00    0.00E+00    5
  6  -4.25   5.62E-05    4091.95      -1.25   0.000E+00    0.00E+00    6
  7  -4.10   7.94E-05    4131.97      -1.24   0.000E+00    0.00E+00    7
  8  -3.95   1.12E-04    4171.31      -1.24   0.000E+00    0.00E+00    8
  9  -3.80   1.58E-04    4210.01      -1.21   0.000E+00    0.00E+00    9
 10  -3.65   2.24E-04    4248.27      -1.22   0.000E+00    0.00E+00   10
 11  -3.50   3.16E-04    4286.32      -1.23   0.000E+00    0.00E+00   11
 12  -3.35   4.47E-04    4324.06      -1.24   0.000E+00    0.00E+00   12
 13  -3.20   6.31E-04    4361.24      -1.21   0.000E+00    0.00E+00   13
 14  -3.05   8.91E-04    4397.51      -1.20   0.000E+00    0.00E+00   14
 15  -2.90   1.26E-03    4432.49      -1.22   0.000E+00    0.00E+00   15
 16  -2.75   1.78E-03    4466.13      -1.22   0.000E+00    0.00E+00   16
 17  -2.60   2.51E-03    4498.42      -1.24   0.000E+00    0.00E+00   17
 18  -2.45   3.55E-03    4529.58      -1.22   0.000E+00    0.00E+00   18
 19  -2.30   5.01E-03    4560.03      -1.23   0.000E+00    0.00E+00   19
 20  -2.15   7.08E-03    4590.20      -1.22   0.000E+00    0.00E+00   20
 21  -2.00   1.00E-02    4620.69      -1.20   0.000E+00    0.00E+00   21
 22  -1.85   1.41E-02    4652.40      -1.21   0.000E+00    0.00E+00   22
 23  -1.70   2.00E-02    4686.28      -1.11   0.000E+00    0.00E+00   23
 24  -1.55   2.82E-02    4723.59      -0.77   0.000E+00    0.00E+00   24
 25  -1.40   3.98E-02    4765.77      -1.03   0.000E+00    0.00E+00   25
 26  -1.25   5.62E-02    4814.51      -0.97   0.000E+00    0.00E+00   26
 27  -1.10   7.94E-02    4871.57      -0.74   0.000E+00    0.00E+00   27
 28  -0.95   1.12E-01    4939.12      -0.77   0.000E+00    0.00E+00   28
 29  -0.80   1.58E-01    5019.39      -0.70   0.000E+00    0.00E+00   29
 30  -0.65   2.24E-01    5115.06      -0.62   0.000E+00    0.00E+00   30
 31  -0.50   3.16E-01    5229.24      -0.58   0.000E+00    0.00E+00   31
 32  -0.35   4.47E-01    5365.47      -0.47   0.000E+00    0.00E+00   32
 33  -0.20   6.31E-01    5528.27      -0.42   0.000E+00    0.00E+00   33
 34  -0.10   7.94E-01    5648.25      -0.38   0.000E+00    0.00E+00   34
 35   0.05   1.12E+00    5859.10      -0.33   0.000E+00    0.00E+00   35
 36   0.20   1.58E+00    6100.19      -0.27   3.657E+05    0.00E+00   36
 37   0.35   2.24E+00    6377.75      -0.19   8.317E+06    2.30E+04   37
 38   0.50   3.16E+00    6711.65       0.04   6.523E+08    4.67E+06   38
 39   0.65   4.47E+00    7052.23      -0.20   5.829E+09    4.31E+07   39
 40   0.80   6.31E+00    7348.35      -0.59   1.549E+10    7.86E+07   40
 41   0.95   8.91E+00    7607.00      -0.91   2.607E+10    8.64E+07   41
 42   1.10   1.26E+01    7838.72      -1.14   3.525E+10    6.79E+07   42
 43   1.25   1.78E+01    8052.01      -1.30   4.241E+10    4.35E+07   43
 44   1.40   2.51E+01    8252.43      -1.40   4.763E+10    2.77E+07   44
 45   1.55   3.55E+01    8443.94      -1.46   5.137E+10    1.94E+07   45
 46   1.70   5.01E+01    8629.36      -1.50   5.410E+10    1.45E+07   46
 47   1.85   7.08E+01    8810.69      -1.53   5.614E+10    1.11E+07   47
 48   2.00   1.00E+02    8989.33      -1.55   5.772E+10    8.64E+06   48
 49   2.10   1.26E+02    9107.57      -1.57   5.856E+10    6.96E+06   49
 50   2.20   1.58E+02    9225.23      -1.59   5.925E+10    6.15E+06   50
 51   2.30   2.00E+02    9342.50      -1.61   5.983E+10    5.29E+06   51
 52   2.40   2.51E+02    9459.53      -1.63   6.032E+10    4.59E+06   52
 53   2.50   3.16E+02    9576.45      -1.65   6.082E+10    3.82E+06   53


 M O D E L  A T M O S P H E R E   (CGS UNITS)
    K    TAUROSS   TAU(5000)  GEOM. DEPTH     T        PE          PG         PRAD        PTURB     KAPPAROSS     K
    1  1.0000E-05  1.2758E-05   0.0000E+00  3888.92  1.3498E-02  1.9295E+02  1.4315E+00  0.0000E+00  1.4282E-03   1
    2  1.4125E-05  1.8033E-05   3.0454E+06  3926.06  1.8226E-02  2.6327E+02  1.4317E+00  0.0000E+00  1.8166E-03   2
    3  1.9953E-05  2.5486E-05   5.6228E+06  3968.74  2.3771E-02  3.4230E+02  1.4318E+00  0.0000E+00  2.2448E-03   3
    4  2.8184E-05  3.5965E-05   7.9531E+06  4010.45  3.0275E-02  4.3353E+02  1.4320E+00  0.0000E+00  2.7243E-03   4
    5  3.9811E-05  5.0680E-05   1.0141E+07  4051.44  3.7987E-02  5.4038E+02  1.4323E+00  0.0000E+00  3.2694E-03   5
    6  5.6234E-05  7.1322E-05   1.2242E+07  4091.95  4.7192E-02  6.6664E+02  1.4325E+00  0.0000E+00  3.8958E-03   6
    7  7.9433E-05  1.0025E-04   1.4290E+07  4131.97  5.8207E-02  8.1662E+02  1.4328E+00  0.0000E+00  4.6244E-03   7
    8  1.1220E-04  1.4074E-04   1.6306E+07  4171.31  7.1399E-02  9.9541E+02  1.4332E+00  0.0000E+00  5.4711E-03   8
    9  1.5849E-04  1.9740E-04   1.8303E+07  4210.01  8.7212E-02  1.2091E+03  1.4337E+00  0.0000E+00  6.4599E-03   9
   10  2.2387E-04  2.7662E-04   2.0292E+07  4248.27  1.0619E-01  1.4649E+03  1.4342E+00  0.0000E+00  7.6196E-03  10
   11  3.1623E-04  3.8734E-04   2.2277E+07  4286.32  1.2899E-01  1.7714E+03  1.4349E+00  0.0000E+00  8.9773E-03  11
   12  4.4668E-04  5.4199E-04   2.4265E+07  4324.06  1.5637E-01  2.1390E+03  1.4357E+00  0.0000E+00  1.0574E-02  12
   13  6.3096E-04  7.5792E-04   2.6257E+07  4361.24  1.8920E-01  2.5798E+03  1.4367E+00  0.0000E+00  1.2449E-02  13
   14  8.9125E-04  1.0594E-03   2.8258E+07  4397.51  2.2847E-01  3.1090E+03  1.4380E+00  0.0000E+00  1.4647E-02  14
   15  1.2589E-03  1.4802E-03   3.0267E+07  4432.49  2.7533E-01  3.7442E+03  1.4395E+00  0.0000E+00  1.7236E-02  15
   16  1.7783E-03  2.0677E-03   3.2286E+07  4466.13  3.3115E-01  4.5069E+03  1.4415E+00  0.0000E+00  2.0272E-02  16
   17  2.5119E-03  2.8881E-03   3.4316E+07  4498.42  3.9757E-01  5.4231E+03  1.4441E+00  0.0000E+00  2.3833E-02  17
   18  3.5481E-03  4.0340E-03   3.6357E+07  4529.58  4.7657E-01  6.5239E+03  1.4474E+00  0.0000E+00  2.8022E-02  18
   19  5.0119E-03  5.6344E-03   3.8410E+07  4560.03  5.7063E-01  7.8466E+03  1.4517E+00  0.0000E+00  3.2937E-02  19
   20  7.0795E-03  7.8700E-03   4.0476E+07  4590.20  6.8278E-01  9.4363E+03  1.4573E+00  0.0000E+00  3.8707E-02  20
   21  1.0000E-02  1.0992E-02   4.2553E+07  4620.69  8.1682E-01  1.1347E+04  1.4648E+00  0.0000E+00  4.5499E-02  21
   22  1.4125E-02  1.5351E-02   4.4643E+07  4652.40  9.7773E-01  1.3643E+04  1.4748E+00  0.0000E+00  5.3501E-02  22
   23  1.9953E-02  2.1430E-02   4.6746E+07  4686.28  1.1720E+00  1.6400E+04  1.4882E+00  0.0000E+00  6.2939E-02  23
   24  2.8184E-02  2.9902E-02   4.8861E+07  4723.59  1.4081E+00  1.9708E+04  1.5062E+00  0.0000E+00  7.4117E-02  24
   25  3.9811E-02  4.1689E-02   5.0989E+07  4765.77  1.6977E+00  2.3674E+04  1.5304E+00  0.0000E+00  8.7418E-02  25
   26  5.6234E-02  5.8051E-02   5.3129E+07  4814.51  2.0566E+00  2.8420E+04  1.5632E+00  0.0000E+00  1.0328E-01  26
   27  7.9433E-02  8.0707E-02   5.5283E+07  4871.57  2.5060E+00  3.4086E+04  1.6073E+00  0.0000E+00  1.2231E-01  27
   28  1.1220E-01  1.1198E-01   5.7450E+07  4939.12  3.0758E+00  4.0835E+04  1.6667E+00  0.0000E+00  1.4529E-01  28
   29  1.5849E-01  1.5497E-01   5.9631E+07  5019.39  3.8088E+00  4.8847E+04  1.7465E+00  0.0000E+00  1.7323E-01  29
   30  2.2387E-01  2.1381E-01   6.1825E+07  5115.06  4.7702E+00  5.8311E+04  1.8532E+00  0.0000E+00  2.0778E-01  30
   31  3.1623E-01  2.9389E-01   6.4027E+07  5229.24  6.0701E+00  6.9404E+04  1.9956E+00  0.0000E+00  2.5185E-01  31
   32  4.4668E-01  4.0217E-01   6.6221E+07  5365.47  7.9206E+00  8.2218E+04  2.1844E+00  0.0000E+00  3.1132E-01  32
   33  6.3096E-01  5.4744E-01   6.8371E+07  5528.27  1.0781E+01  9.6601E+04  2.4333E+00  0.0000E+00  3.9956E-01  33
   34  7.9433E-01  6.7015E-01   6.9733E+07  5648.25  1.3613E+01  1.0683E+05  2.6406E+00  0.0000E+00  4.8490E-01  34
   35  1.1220E+00  9.0322E-01   7.1664E+07  5859.10  2.0717E+01  1.2243E+05  3.0303E+00  0.0000E+00  6.9246E-01  35
   36  1.5849E+00  1.2095E+00   7.3361E+07  6100.19  3.4006E+01  1.3730E+05  3.5358E+00  0.0000E+00  1.0644E+00  36
   37  2.2387E+00  1.6104E+00   7.4788E+07  6377.75  5.9996E+01  1.5054E+05  4.1876E+00  0.0000E+00  1.7477E+00  37
   38  3.1623E+00  2.1320E+00   7.5935E+07  6711.65  1.1519E+02  1.6145E+05  5.0140E+00  0.0000E+00  3.1209E+00  38
   39  4.4668E+00  2.8087E+00   7.6836E+07  7052.23  2.1485E+02  1.7006E+05  6.0068E+00  0.0000E+00  5.5049E+00  39
   40  6.3096E+00  3.6960E+00   7.7582E+07  7348.35  3.5686E+02  1.7725E+05  7.1118E+00  0.0000E+00  8.8488E+00  40
   41  8.9125E+00  4.8775E+00   7.8256E+07  7607.00  5.4196E+02  1.8381E+05  8.2641E+00  0.0000E+00  1.3225E+01  41
   42  1.2589E+01  6.4696E+00   7.8906E+07  7838.72  7.7340E+02  1.9019E+05  9.4148E+00  0.0000E+00  1.8795E+01  42
   43  1.7783E+01  8.6324E+00   7.9558E+07  8052.01  1.0574E+03  1.9665E+05  1.0549E+01  0.0000E+00  2.5824E+01  43
   44  2.5119E+01  1.1588E+01   8.0230E+07  8252.43  1.4022E+03  2.0337E+05  1.1677E+01  0.0000E+00  3.4659E+01  44
   45  3.5481E+01  1.5642E+01   8.0938E+07  8443.94  1.8183E+03  2.1051E+05  1.2819E+01  0.0000E+00  4.5759E+01  45
   46  5.0119E+01  2.1219E+01   8.1690E+07  8629.36  2.3187E+03  2.1819E+05  1.3992E+01  0.0000E+00  5.9714E+01  46
   47  7.0795E+01  2.8906E+01   8.2496E+07  8810.69  2.9188E+03  2.2655E+05  1.5209E+01  0.0000E+00  7.7275E+01  47
   48  1.0000E+02  3.9514E+01   8.3365E+07  8989.33  3.6370E+03  2.3570E+05  1.6480E+01  0.0000E+00  9.9379E+01  48
   49  1.2589E+02  4.8742E+01   8.3978E+07  9107.57  4.1923E+03  2.4230E+05  1.7363E+01  0.0000E+00  1.1723E+02  49
   50  1.5849E+02  6.0187E+01   8.4625E+07  9225.23  4.8164E+03  2.4936E+05  1.8276E+01  0.0000E+00  1.3802E+02  50
   51  1.9953E+02  7.4383E+01   8.5307E+07  9342.50  5.5171E+03  2.5691E+05  1.9220E+01  0.0000E+00  1.6222E+02  51
   52  2.5119E+02  9.1988E+01   8.6027E+07  9459.53  6.3033E+03  2.6501E+05  2.0197E+01  0.0000E+00  1.9038E+02  52
   53  3.1623E+02  1.1382E+02   8.6786E+07  9576.45  7.1844E+03  2.7370E+05  2.1211E+01  0.0000E+00  2.2313E+02  53


 T H E R M O D Y N A M I C A L  Q U A N T I T I E S  AND  C O N V E C T I O N  (CGS UNITS)
   K   TAUROSS   DENSITY     MU         CP          CV       ADGRAD         Q       SOUND VEL.  CONV. VEL. FCONV/F   K
   1  1.000E-05  7.501E-10   1.249   1.808E+08   1.103E+08   3.806E-01   1.003E+00   6.494E+05   0.000E+00  0.00000  1
   2  1.413E-05  1.014E-09   1.249   1.783E+08   1.088E+08   3.823E-01   1.003E+00   6.523E+05   0.000E+00  0.00000  2
   3  1.995E-05  1.304E-09   1.249   1.767E+08   1.078E+08   3.836E-01   1.004E+00   6.557E+05   0.000E+00  0.00000  3
   4  2.818E-05  1.634E-09   1.249   1.755E+08   1.071E+08   3.845E-01   1.004E+00   6.591E+05   0.000E+00  0.00000  4
   5  3.981E-05  2.017E-09   1.249   1.746E+08   1.066E+08   3.852E-01   1.004E+00   6.625E+05   0.000E+00  0.00000  5
   6  5.623E-05  2.463E-09   1.249   1.739E+08   1.062E+08   3.858E-01   1.004E+00   6.658E+05   0.000E+00  0.00000  6
   7  7.943E-05  2.988E-09   1.249   1.734E+08   1.058E+08   3.863E-01   1.004E+00   6.691E+05   0.000E+00  0.00000  7
   8  1.122E-04  3.608E-09   1.249   1.729E+08   1.055E+08   3.867E-01   1.004E+00   6.723E+05   0.000E+00  0.00000  8
   9  1.585E-04  4.342E-09   1.249   1.726E+08   1.053E+08   3.871E-01   1.004E+00   6.755E+05   0.000E+00  0.00000  9
  10  2.239E-04  5.214E-09   1.249   1.723E+08   1.051E+08   3.874E-01   1.004E+00   6.786E+05   0.000E+00  0.00000 10
  11  3.162E-04  6.249E-09   1.249   1.721E+08   1.050E+08   3.876E-01   1.004E+00   6.816E+05   0.000E+00  0.00000 11
  12  4.467E-04  7.479E-09   1.249   1.719E+08   1.048E+08   3.878E-01   1.004E+00   6.846E+05   0.000E+00  0.00000 12
  13  6.310E-04  8.944E-09   1.249   1.718E+08   1.048E+08   3.879E-01   1.005E+00   6.876E+05   0.000E+00  0.00000 13
  14  8.913E-04  1.069E-08   1.249   1.717E+08   1.048E+08   3.879E-01   1.005E+00   6.904E+05   0.000E+00  0.00000 14
  15  1.259E-03  1.277E-08   1.249   1.717E+08   1.048E+08   3.878E-01   1.005E+00   6.931E+05   0.000E+00  0.00000 15
  16  1.778E-03  1.526E-08   1.250   1.718E+08   1.048E+08   3.876E-01   1.005E+00   6.956E+05   0.000E+00  0.00000 16
  17  2.512E-03  1.823E-08   1.250   1.719E+08   1.050E+08   3.873E-01   1.006E+00   6.979E+05   0.000E+00  0.00000 17
  18  3.548E-03  2.178E-08   1.250   1.721E+08   1.052E+08   3.869E-01   1.006E+00   7.001E+05   0.000E+00  0.00000 18
  19  5.012E-03  2.602E-08   1.250   1.724E+08   1.054E+08   3.864E-01   1.006E+00   7.022E+05   0.000E+00  0.00000 19
  20  7.079E-03  3.109E-08   1.250   1.727E+08   1.057E+08   3.858E-01   1.007E+00   7.042E+05   0.000E+00  0.00000 20
  21  1.000E-02  3.714E-08   1.250   1.731E+08   1.060E+08   3.852E-01   1.007E+00   7.062E+05   0.000E+00  0.00000 21
  22  1.413E-02  4.435E-08   1.250   1.734E+08   1.063E+08   3.845E-01   1.008E+00   7.083E+05   0.000E+00  0.00000 22
  23  1.995E-02  5.293E-08   1.250   1.738E+08   1.066E+08   3.838E-01   1.009E+00   7.105E+05   0.000E+00  0.00000 23
  24  2.818E-02  6.311E-08   1.250   1.742E+08   1.069E+08   3.832E-01   1.009E+00   7.131E+05   0.000E+00  0.00000 24
  25  3.981E-02  7.514E-08   1.250   1.745E+08   1.071E+08   3.827E-01   1.010E+00   7.160E+05   0.000E+00  0.00000 25
  26  5.623E-02  8.930E-08   1.250   1.746E+08   1.072E+08   3.825E-01   1.010E+00   7.196E+05   0.000E+00  0.00000 26
  27  7.943E-02  1.059E-07   1.250   1.746E+08   1.072E+08   3.826E-01   1.010E+00   7.239E+05   0.000E+00  0.00000 27
  28  1.122E-01  1.251E-07   1.250   1.744E+08   1.070E+08   3.831E-01   1.010E+00   7.291E+05   0.000E+00  0.00000 28
  29  1.585E-01  1.472E-07   1.250   1.739E+08   1.066E+08   3.839E-01   1.010E+00   7.355E+05   0.000E+00  0.00000 29
  30  2.239E-01  1.725E-07   1.250   1.733E+08   1.060E+08   3.851E-01   1.009E+00   7.430E+05   0.000E+00  0.00000 30
  31  3.162E-01  2.008E-07   1.250   1.726E+08   1.054E+08   3.865E-01   1.009E+00   7.520E+05   0.000E+00  0.00000 31
  32  4.467E-01  2.318E-07   1.250   1.719E+08   1.048E+08   3.877E-01   1.008E+00   7.623E+05   0.000E+00  0.00000 32
  33  6.310E-01  2.643E-07   1.250   1.714E+08   1.045E+08   3.883E-01   1.007E+00   7.740E+05   0.000E+00  0.00000 33
  34  7.943E-01  2.860E-07   1.250   1.714E+08   1.046E+08   3.881E-01   1.006E+00   7.822E+05   0.000E+00  0.00000 34
  35  1.122E+00  3.159E-07   1.249   1.720E+08   1.052E+08   3.867E-01   1.006E+00   7.957E+05   0.000E+00  0.00000 35
  36  1.585E+00  3.403E-07   1.249   1.736E+08   1.068E+08   3.833E-01   1.006E+00   8.097E+05   2.884E+03  0.00001 36
  37  2.239E+00  3.567E-07   1.249   1.768E+08   1.099E+08   3.769E-01   1.007E+00   8.239E+05   1.455E+04  0.00013 37
  38  3.162E+00  3.634E-07   1.248   1.832E+08   1.158E+08   3.650E-01   1.010E+00   8.380E+05   6.101E+04  0.01031 38
  39  4.467E+00  3.641E-07   1.248   1.935E+08   1.253E+08   3.479E-01   1.016E+00   8.489E+05   1.252E+05  0.09216 39
  40  6.310E+00  3.639E-07   1.247   2.064E+08   1.371E+08   3.290E-01   1.024E+00   8.558E+05   1.716E+05  0.24483 40
  41  8.913E+00  3.642E-07   1.246   2.214E+08   1.507E+08   3.101E-01   1.034E+00   8.604E+05   2.010E+05  0.41217 41
  42  1.259E+01  3.653E-07   1.244   2.382E+08   1.659E+08   2.918E-01   1.046E+00   8.637E+05   2.182E+05  0.55729 42
  43  1.778E+01  3.672E-07   1.243   2.569E+08   1.827E+08   2.744E-01   1.060E+00   8.666E+05   2.274E+05  0.67048 43
  44  2.512E+01  3.700E-07   1.241   2.774E+08   2.011E+08   2.581E-01   1.075E+00   8.694E+05   2.312E+05  0.75295 44
  45  3.548E+01  3.736E-07   1.238   3.000E+08   2.212E+08   2.429E-01   1.092E+00   8.723E+05   2.318E+05  0.81219 45
  46  5.012E+01  3.782E-07   1.236   3.247E+08   2.431E+08   2.287E-01   1.111E+00   8.756E+05   2.304E+05  0.85537 46
  47  7.079E+01  3.837E-07   1.233   3.517E+08   2.668E+08   2.157E-01   1.132E+00   8.793E+05   2.277E+05  0.88752 47
  48  1.000E+02  3.902E-07   1.230   3.809E+08   2.925E+08   2.037E-01   1.155E+00   8.835E+05   2.243E+05  0.91253 48
  49  1.259E+02  3.952E-07   1.228   4.018E+08   3.107E+08   1.963E-01   1.172E+00   8.866E+05   2.217E+05  0.92584 49
  50  1.585E+02  4.007E-07   1.225   4.238E+08   3.298E+08   1.894E-01   1.189E+00   8.899E+05   2.189E+05  0.93671 50
  51  1.995E+02  4.068E-07   1.222   4.468E+08   3.497E+08   1.829E-01   1.208E+00   8.935E+05   2.160E+05  0.94592 51
  52  2.512E+02  4.134E-07   1.219   4.708E+08   3.705E+08   1.768E-01   1.228E+00   8.973E+05   2.131E+05  0.95370 52
  53  3.162E+02  4.207E-07   1.216   4.959E+08   3.920E+08   1.712E-01   1.249E+00   9.014E+05   2.097E+05  0.96155 53


 P A R T I A L  P R E S S U R E S    of 15 selected neutral atoms of the 22 calculated in GGchem
     H       He      C       N       O       Na      Mg      Si      Fe      Al      Ca      Cr      Ti      S       K 
  1   2.249   1.179  -1.681  -1.978  -1.234  -7.295  -3.323  -2.497  -3.062  -5.536  -6.490  -5.895  -7.010  -2.612  -9.407
  2   2.384   1.314  -1.544  -1.843  -1.098  -7.102  -3.164  -2.353  -2.908  -5.354  -6.310  -5.722  -6.838  -2.477  -9.204
  3   2.498   1.428  -1.411  -1.729  -0.978  -6.955  -3.051  -2.243  -2.798  -5.219  -6.176  -5.597  -6.714  -2.363  -9.046
  4   2.600   1.530  -1.289  -1.626  -0.867  -6.827  -2.955  -2.146  -2.704  -5.102  -6.060  -5.489  -6.607  -2.260  -8.906
  5   2.696   1.626  -1.174  -1.530  -0.764  -6.709  -2.868  -2.058  -2.618  -4.994  -5.954  -5.390  -6.510  -2.164  -8.777
  6   2.787   1.717  -1.064  -1.438  -0.666  -6.597  -2.787  -1.974  -2.538  -4.894  -5.854  -5.298  -6.418  -2.073  -8.655
  7   2.875   1.805  -0.959  -1.350  -0.571  -6.489  -2.708  -1.893  -2.461  -4.796  -5.757  -5.208  -6.330  -1.985  -8.538
  8   2.961   1.891  -0.858  -1.263  -0.479  -6.384  -2.631  -1.814  -2.385  -4.701  -5.663  -5.121  -6.243  -1.899  -8.422
  9   3.046   1.976  -0.760  -1.179  -0.388  -6.280  -2.554  -1.736  -2.310  -4.606  -5.568  -5.033  -6.157  -1.815  -8.308
 10   3.129   2.059  -0.664  -1.095  -0.300  -6.176  -2.477  -1.659  -2.234  -4.512  -5.475  -4.946  -6.070  -1.732  -8.195
 11   3.211   2.141  -0.571  -1.012  -0.213  -6.072  -2.399  -1.582  -2.158  -4.417  -5.381  -4.859  -5.984  -1.649  -8.083
 12   3.293   2.223  -0.479  -0.930  -0.126  -5.969  -2.321  -1.504  -2.082  -4.323  -5.287  -4.771  -5.897  -1.568  -7.971
 13   3.375   2.305  -0.389  -0.849  -0.041  -5.865  -2.242  -1.427  -2.004  -4.228  -5.192  -4.683  -5.809  -1.486  -7.858
 14   3.456   2.386  -0.301  -0.768   0.043  -5.759  -2.161  -1.348  -1.925  -4.131  -5.096  -4.592  -5.719  -1.405  -7.745
 15   3.536   2.467  -0.214  -0.687   0.126  -5.653  -2.077  -1.268  -1.843  -4.032  -4.997  -4.500  -5.627  -1.325  -7.630
 16   3.617   2.547  -0.130  -0.606   0.209  -5.544  -1.990  -1.186  -1.758  -3.931  -4.897  -4.405  -5.532  -1.244  -7.514
 17   3.697   2.627  -0.046  -0.526   0.290  -5.433  -1.901  -1.102  -1.671  -3.828  -4.794  -4.307  -5.435  -1.164  -7.396
 18   3.777   2.708   0.036  -0.446   0.371  -5.321  -1.809  -1.018  -1.582  -3.722  -4.689  -4.207  -5.335  -1.084  -7.278
 19   3.857   2.788   0.117  -0.366   0.452  -5.208  -1.715  -0.932  -1.491  -3.616  -4.582  -4.106  -5.234  -1.004  -7.158
 20   3.937   2.868   0.198  -0.286   0.532  -5.094  -1.621  -0.846  -1.399  -3.509  -4.475  -4.003  -5.132  -0.923  -7.038
 21   4.017   2.948   0.279  -0.206   0.613  -4.980  -1.527  -0.760  -1.307  -3.402  -4.368  -3.901  -5.030  -0.843  -6.918
 22   4.097   3.028   0.360  -0.126   0.693  -4.867  -1.434  -0.675  -1.217  -3.296  -4.262  -3.801  -4.929  -0.763  -6.798
 23   4.177   3.108   0.442  -0.046   0.774  -4.756  -1.343  -0.591  -1.129  -3.192  -4.158  -3.702  -4.831  -0.684  -6.680
 24   4.257   3.188   0.525   0.034   0.856  -4.648  -1.257  -0.510  -1.045  -3.092  -4.058  -3.608  -4.736  -0.604  -6.565
 25   4.336   3.267   0.611   0.114   0.938  -4.546  -1.178  -0.433  -0.967  -2.998  -3.963  -3.520  -4.649  -0.524  -6.454
 26   4.416   3.347   0.699   0.193   1.022  -4.449  -1.107  -0.361  -0.898  -2.910  -3.876  -3.439  -4.568  -0.445  -6.347
 27   4.495   3.426   0.790   0.273   1.106  -4.359  -1.047  -0.294  -0.837  -2.832  -3.797  -3.368  -4.498  -0.366  -6.246
 28   4.573   3.504   0.882   0.351   1.191  -4.279  -0.999  -0.237  -0.789  -2.763  -3.730  -3.309  -4.440  -0.288  -6.153
 29   4.651   3.582   0.976   0.430   1.277  -4.209  -0.967  -0.189  -0.756  -2.708  -3.674  -3.263  -4.395  -0.211  -6.069
 30   4.728   3.659   1.069   0.507   1.362  -4.150  -0.951  -0.156  -0.739  -2.665  -3.632  -3.232  -4.365  -0.135  -5.993
 31   4.803   3.734   1.159   0.583   1.445  -4.103  -0.954  -0.138  -0.741  -2.637  -3.603  -3.217  -4.351  -0.061  -5.926
 32   4.877   3.808   1.244   0.657   1.525  -4.066  -0.974  -0.139  -0.760  -2.621  -3.587  -3.217  -4.351   0.011  -5.866
 33   4.947   3.878   1.323   0.727   1.600  -4.034  -1.008  -0.158  -0.794  -2.614  -3.578  -3.227  -4.361   0.077  -5.808
 34   4.991   3.921   1.370   0.771   1.646  -4.009  -1.030  -0.174  -0.818  -2.607  -3.570  -3.232  -4.365   0.117  -5.765
 35   5.050   3.980   1.431   0.830   1.708  -3.969  -1.069  -0.209  -0.857  -2.596  -3.555  -3.241  -4.372   0.169  -5.693
 36   5.100   4.030   1.480   0.880   1.759  -3.918  -1.102  -0.246  -0.892  -2.577  -3.529  -3.244  -4.371   0.209  -5.607
 37   5.140   4.070   1.517   0.920   1.799  -3.859  -1.133  -0.285  -0.924  -2.553  -3.497  -3.243  -4.364   0.234  -5.510
 38   5.170   4.100   1.540   0.950   1.829  -3.795  -1.169  -0.334  -0.960  -2.529  -3.460  -3.244  -4.357   0.243  -5.403
 39   5.192   4.123   1.552   0.972   1.852  -3.734  -1.200  -0.380  -0.990  -2.506  -3.421  -3.245  -4.346   0.238  -5.300
 40   5.209   4.140   1.558   0.989   1.869  -3.681  -1.221  -0.414  -1.008  -2.484  -3.384  -3.243  -4.333   0.228  -5.211
 41   5.224   4.155   1.562   1.004   1.884  -3.635  -1.234  -0.439  -1.019  -2.464  -3.348  -3.239  -4.317   0.217  -5.135
 42   5.238   4.170   1.563   1.018   1.898  -3.593  -1.243  -0.459  -1.023  -2.445  -3.314  -3.234  -4.301   0.206  -5.066
 43   5.251   4.184   1.565   1.031   1.912  -3.553  -1.247  -0.473  -1.024  -2.425  -3.280  -3.227  -4.283   0.195  -5.002
 44   5.264   4.198   1.566   1.044   1.925  -3.515  -1.249  -0.484  -1.021  -2.406  -3.246  -3.220  -4.265   0.185  -4.942
 45   5.278   4.212   1.567   1.057   1.938  -3.478  -1.248  -0.492  -1.016  -2.387  -3.212  -3.211  -4.245   0.175  -4.883
 46   5.292   4.227   1.568   1.070   1.952  -3.441  -1.244  -0.498  -1.008  -2.366  -3.177  -3.201  -4.223   0.166  -4.825
 47   5.306   4.242   1.569   1.084   1.967  -3.404  -1.238  -0.501  -0.997  -2.345  -3.140  -3.190  -4.200   0.159  -4.768
 48   5.321   4.258   1.571   1.099   1.982  -3.366  -1.230  -0.502  -0.984  -2.323  -3.102  -3.178  -4.176   0.152  -4.711
 49   5.331   4.269   1.573   1.109   1.992  -3.340  -1.224  -0.501  -0.973  -2.307  -3.076  -3.169  -4.159   0.148  -4.672
 50   5.342   4.281   1.575   1.119   2.003  -3.314  -1.216  -0.499  -0.963  -2.291  -3.049  -3.160  -4.141   0.145  -4.633
 51   5.353   4.293   1.577   1.129   2.014  -3.287  -1.208  -0.497  -0.950  -2.275  -3.021  -3.150  -4.122   0.141  -4.593
 52   5.364   4.305   1.580   1.140   2.026  -3.260  -1.199  -0.494  -0.937  -2.258  -2.993  -3.139  -4.103   0.139  -4.553
 53   5.375   4.318   1.583   1.151   2.038  -3.232  -1.188  -0.489  -0.922  -2.240  -2.963  -3.128  -4.082   0.138  -4.513


 P A R T I A L  P R E S S U R E S   of 13 selected ions of the 82(+)+52(-)=134 calculated in GGchem
     H2+     OH+     AL+     CA+     K+      MG+     NA+     H2-     OH-     H-      K-      NA-     O-     ions+  pe+ions-
  1 -10.229 -11.393  -3.384  -3.442  -4.671  -2.257  -3.581 -14.672 -13.886  -7.747 -19.743 -17.558 -10.187  -1.874  -1.874
  2  -9.947 -11.138  -3.250  -3.307  -4.536  -2.124  -3.446 -14.308 -13.575  -7.501 -19.427 -17.253  -9.950  -1.743  -1.743
  3  -9.674 -10.890  -3.136  -3.193  -4.422  -2.010  -3.332 -14.006 -13.327  -7.294 -19.172 -17.010  -9.745  -1.628  -1.628
  4  -9.420 -10.659  -3.033  -3.090  -4.320  -1.907  -3.230 -13.735 -13.108  -7.108 -18.947 -16.795  -9.561  -1.523  -1.523
  5  -9.179 -10.439  -2.938  -2.994  -4.224  -1.811  -3.134 -13.483 -12.905  -6.934 -18.738 -16.597  -9.389  -1.424  -1.424
  6  -8.947 -10.229  -2.847  -2.903  -4.133  -1.719  -3.043 -13.244 -12.713  -6.769 -18.539 -16.409  -9.225  -1.330  -1.330
  7  -8.723 -10.025  -2.759  -2.815  -4.045  -1.629  -2.955 -13.013 -12.527  -6.610 -18.348 -16.228  -9.067  -1.239  -1.239
  8  -8.505  -9.827  -2.673  -2.729  -3.959  -1.543  -2.869 -12.787 -12.346  -6.454 -18.161 -16.050  -8.914  -1.150  -1.150
  9  -8.294  -9.635  -2.588  -2.645  -3.874  -1.458  -2.784 -12.565 -12.168  -6.301 -17.976 -15.875  -8.763  -1.064  -1.064
 10  -8.086  -9.447  -2.505  -2.561  -3.791  -1.374  -2.701 -12.346 -11.991  -6.150 -17.794 -15.702  -8.615  -0.978  -0.978
 11  -7.882  -9.263  -2.423  -2.479  -3.708  -1.291  -2.619 -12.128 -11.816  -6.001 -17.613 -15.530  -8.468  -0.894  -0.894
 12  -7.682  -9.082  -2.341  -2.397  -3.627  -1.209  -2.537 -11.913 -11.641  -5.853 -17.433 -15.358  -8.323  -0.810  -0.810
 13  -7.486  -8.904  -2.260  -2.316  -3.545  -1.127  -2.455 -11.698 -11.466  -5.706 -17.253 -15.187  -8.179  -0.727  -0.727
 14  -7.294  -8.731  -2.179  -2.235  -3.464  -1.046  -2.374 -11.483 -11.291  -5.559 -17.072 -15.014  -8.036  -0.646  -0.646
 15  -7.107  -8.563  -2.098  -2.154  -3.384  -0.966  -2.294 -11.269 -11.114  -5.413 -16.890 -14.840  -7.893  -0.564  -0.565
 16  -6.926  -8.399  -2.018  -2.074  -3.303  -0.886  -2.213 -11.054 -10.935  -5.267 -16.707 -14.664  -7.752  -0.484  -0.484
 17  -6.750  -8.240  -1.938  -1.993  -3.223  -0.806  -2.133 -10.839 -10.755  -5.121 -16.523 -14.487  -7.610  -0.405  -0.405
 18  -6.577  -8.085  -1.858  -1.913  -3.142  -0.727  -2.053 -10.624 -10.573  -4.975 -16.338 -14.308  -7.469  -0.326  -0.326
 19  -6.408  -7.932  -1.779  -1.833  -3.062  -0.648  -1.973 -10.408 -10.390  -4.830 -16.151 -14.128  -7.329  -0.248  -0.248
 20  -6.240  -7.781  -1.699  -1.753  -2.982  -0.569  -1.892 -10.193 -10.207  -4.684 -15.965 -13.948  -7.188  -0.170  -0.170
 21  -6.073  -7.630  -1.619  -1.673  -2.902  -0.490  -1.812  -9.978 -10.023  -4.539 -15.778 -13.767  -7.048  -0.092  -0.092
 22  -5.903  -7.477  -1.540  -1.593  -2.822  -0.412  -1.732  -9.763  -9.841  -4.394 -15.593 -13.588  -6.907  -0.014  -0.014
 23  -5.730  -7.321  -1.460  -1.513  -2.742  -0.333  -1.652  -9.549  -9.661  -4.249 -15.409 -13.411  -6.767   0.065   0.065
 24  -5.551  -7.159  -1.381  -1.433  -2.662  -0.253  -1.573  -9.336  -9.484  -4.105 -15.228 -13.237  -6.627   0.144   0.144
 25  -5.361  -6.988  -1.301  -1.354  -2.583  -0.174  -1.493  -9.126  -9.313  -3.961 -15.051 -13.068  -6.487   0.226   0.226
 26  -5.159  -6.807  -1.222  -1.274  -2.503  -0.094  -1.414  -8.918  -9.148  -3.817 -14.879 -12.905  -6.347   0.309   0.309
 27  -4.942  -6.613  -1.143  -1.195  -2.424  -0.013  -1.335  -8.713  -8.993  -3.675 -14.714 -12.750  -6.208   0.394   0.394
 28  -4.707  -6.403  -1.065  -1.117  -2.346   0.069  -1.256  -8.513  -8.849  -3.533 -14.556 -12.604  -6.069   0.483   0.483
 29  -4.450  -6.177  -0.986  -1.039  -2.268   0.150  -1.179  -8.317  -8.718  -3.393 -14.407 -12.469  -5.933   0.576   0.576
 30  -4.171  -5.933  -0.909  -0.962  -2.191   0.231  -1.102  -8.126  -8.603  -3.253 -14.267 -12.345  -5.798   0.673   0.673
 31  -3.868  -5.673  -0.833  -0.887  -2.116   0.311  -1.026  -7.940  -8.506  -3.113 -14.135 -12.231  -5.666   0.778   0.778
 32  -3.545  -5.400  -0.758  -0.813  -2.042   0.389  -0.953  -7.758  -8.426  -2.971 -14.005 -12.121  -5.535   0.893   0.893
 33  -3.208  -5.123  -0.688  -0.743  -1.973   0.463  -0.883  -7.576  -8.363  -2.820 -13.865 -12.005  -5.399   1.027   1.027
 34  -2.990  -4.948  -0.644  -0.699  -1.929   0.509  -0.839  -7.451  -8.323  -2.712 -13.759 -11.915  -5.304   1.129   1.129
 35  -2.668  -4.700  -0.584  -0.640  -1.870   0.570  -0.780  -7.259  -8.273  -2.534 -13.569 -11.752  -5.147   1.312   1.312
 36  -2.373  -4.485  -0.534  -0.591  -1.820   0.622  -0.730  -7.061  -8.226  -2.338 -13.340 -11.552  -4.975   1.527   1.527
 37  -2.104  -4.301  -0.494  -0.551  -1.780   0.663  -0.690  -6.860  -8.187  -2.127 -13.077 -11.320  -4.789   1.774   1.774
 38  -1.849  -4.138  -0.464  -0.520  -1.750   0.694  -0.660  -6.658  -8.162  -1.899 -12.782 -11.057  -4.590   2.057   2.057
 39  -1.631  -4.007  -0.441  -0.498  -1.728   0.717  -0.638  -6.476  -8.145  -1.687 -12.501 -10.808  -4.405   2.328   2.328
 40  -1.463  -3.908  -0.424  -0.480  -1.710   0.735  -0.620  -6.330  -8.129  -1.516 -12.272 -10.603  -4.256   2.548   2.548
 41  -1.327  -3.828  -0.408  -0.465  -1.695   0.751  -0.605  -6.210  -8.114  -1.375 -12.082 -10.432  -4.133   2.730   2.730
 42  -1.212  -3.760  -0.394  -0.451  -1.680   0.766  -0.591  -6.105  -8.098  -1.254 -11.919 -10.286  -4.027   2.884   2.884
 43  -1.110  -3.700  -0.380  -0.437  -1.667   0.780  -0.577  -6.012  -8.082  -1.147 -11.775 -10.156  -3.933   3.020   3.020
 44  -1.018  -3.644  -0.366  -0.423  -1.653   0.794  -0.563  -5.925  -8.064  -1.050 -11.643 -10.038  -3.848   3.142   3.142
 45  -0.933  -3.592  -0.352  -0.409  -1.638   0.808  -0.549  -5.844  -8.045  -0.959 -11.521  -9.927  -3.768   3.255   3.255
 46  -0.851  -3.542  -0.338  -0.394  -1.624   0.823  -0.534  -5.766  -8.025  -0.873 -11.405  -9.822  -3.693   3.360   3.360
 47  -0.774  -3.493  -0.322  -0.379  -1.608   0.838  -0.519  -5.690  -8.003  -0.791 -11.293  -9.721  -3.620   3.460   3.460
 48  -0.699  -3.445  -0.306  -0.363  -1.592   0.854  -0.503  -5.615  -7.980  -0.711 -11.185  -9.622  -3.549   3.555   3.555
 49  -0.649  -3.413  -0.295  -0.352  -1.581   0.866  -0.491  -5.566  -7.963  -0.659 -11.115  -9.558  -3.503   3.616   3.616
 50  -0.601  -3.382  -0.283  -0.340  -1.570   0.877  -0.480  -5.516  -7.945  -0.608 -11.045  -9.494  -3.457   3.676   3.676
 51  -0.553  -3.350  -0.271  -0.328  -1.558   0.889  -0.468  -5.467  -7.927  -0.557 -10.976  -9.431  -3.412   3.735   3.735
 52  -0.505  -3.318  -0.259  -0.316  -1.545   0.902  -0.455  -5.418  -7.907  -0.506 -10.908  -9.368  -3.367   3.793   3.793
 53  -0.458  -3.287  -0.246  -0.303  -1.532   0.915  -0.442  -5.368  -7.887  -0.456 -10.840  -9.306  -3.322   3.849   3.849


 P A R T I A L  P R E S S U R E S   of 15 iselected neutral molecules (k1mol) of the 409 calculated in GGchem
     H2      C2      N2      O2      CH      CN      CO      CO2     H2O     CH4     NH3     HCN     C2H2    C3      TIO   
  1  -1.738  -7.798  -4.095  -8.624  -6.326  -5.971  -1.644  -9.553  -8.717 -20.272 -15.996  -9.321 -14.461 -13.230 -11.546
  2  -1.527  -7.601  -3.948  -8.418  -6.099  -5.797  -1.511  -9.351  -8.435 -19.814 -15.612  -9.079 -14.128 -12.994 -11.327
  3  -1.365  -7.423  -3.859  -8.250  -5.903  -5.660  -1.415  -9.209  -8.226 -19.471 -15.331  -8.903 -13.873 -12.793 -11.182
  4  -1.224  -7.261  -3.785  -8.101  -5.727  -5.540  -1.334  -9.089  -8.044 -19.174 -15.087  -8.752 -13.650 -12.615 -11.060
  5  -1.093  -7.111  -3.721  -7.962  -5.563  -5.430  -1.260  -8.982  -7.878 -18.903 -14.865  -8.616 -13.447 -12.452 -10.952
  6  -0.970  -6.969  -3.661  -7.831  -5.407  -5.327  -1.193  -8.883  -7.721 -18.648 -14.656  -8.489 -13.258 -12.299 -10.851
  7  -0.851  -6.834  -3.604  -7.704  -5.258  -5.228  -1.129  -8.788  -7.570 -18.403 -14.455  -8.368 -13.076 -12.154 -10.754
  8  -0.734  -6.704  -3.547  -7.581  -5.113  -5.132  -1.066  -8.696  -7.422 -18.163 -14.256  -8.248 -12.899 -12.015 -10.659
  9  -0.619  -6.578  -3.490  -7.460  -4.971  -5.038  -1.005  -8.604  -7.275 -17.925 -14.059  -8.130 -12.725 -11.880 -10.563
 10  -0.504  -6.455  -3.431  -7.340  -4.832  -4.945  -0.944  -8.513  -7.129 -17.688 -13.862  -8.013 -12.553 -11.748 -10.466
 11  -0.389  -6.334  -3.372  -7.222  -4.695  -4.853  -0.883  -8.423  -6.983 -17.453 -13.666  -7.896 -12.382 -11.618 -10.369
 12  -0.275  -6.215  -3.311  -7.104  -4.559  -4.761  -0.823  -8.331  -6.837 -17.216 -13.469  -7.778 -12.211 -11.490 -10.271
 13  -0.160  -6.098  -3.248  -6.987  -4.425  -4.668  -0.761  -8.238  -6.690 -16.978 -13.269  -7.658 -12.039 -11.362 -10.171
 14  -0.044  -5.981  -3.182  -6.869  -4.290  -4.575  -0.697  -8.142  -6.540 -16.736 -13.066  -7.536 -11.865 -11.234 -10.066
 15   0.074  -5.866  -3.111  -6.751  -4.157  -4.480  -0.631  -8.042  -6.387 -16.488 -12.858  -7.410 -11.686 -11.105  -9.957
 16   0.194  -5.750  -3.037  -6.632  -4.023  -4.383  -0.562  -7.936  -6.230 -16.235 -12.645  -7.279 -11.503 -10.974  -9.842
 17   0.316  -5.635  -2.958  -6.512  -3.889  -4.284  -0.490  -7.826  -6.070 -15.975 -12.427  -7.144 -11.315 -10.840  -9.722
 18   0.439  -5.519  -2.875  -6.391  -3.756  -4.183  -0.415  -7.712  -5.906 -15.709 -12.204  -7.006 -11.123 -10.705  -9.598
 19   0.563  -5.403  -2.790  -6.269  -3.622  -4.081  -0.338  -7.595  -5.740 -15.440 -11.978  -6.864 -10.928 -10.568  -9.470
 20   0.689  -5.288  -2.703  -6.147  -3.488  -3.978  -0.260  -7.475  -5.573 -15.169 -11.750  -6.721 -10.731 -10.430  -9.341
 21   0.814  -5.172  -2.616  -6.025  -3.354  -3.875  -0.182  -7.356  -5.406 -14.897 -11.522  -6.577 -10.534 -10.292  -9.212
 22   0.938  -5.056  -2.531  -5.904  -3.220  -3.773  -0.105  -7.239  -5.241 -14.629 -11.297  -6.436 -10.340 -10.155  -9.085
 23   1.060  -4.941  -2.450  -5.784  -3.087  -3.673  -0.032  -7.127  -5.080 -14.367 -11.076  -6.300 -10.150 -10.021  -8.964
 24   1.179  -4.827  -2.376  -5.666  -2.955  -3.577   0.037  -7.023  -4.924 -14.115 -10.864  -6.170  -9.969  -9.892  -8.850
 25   1.293  -4.715  -2.312  -5.551  -2.824  -3.487   0.097  -6.932  -4.779 -13.881 -10.667  -6.053  -9.801  -9.771  -8.750
 26   1.400  -4.607  -2.261  -5.442  -2.696  -3.404   0.146  -6.857  -4.645 -13.667 -10.485  -5.950  -9.650  -9.661  -8.665
 27   1.499  -4.503  -2.226  -5.338  -2.572  -3.332   0.180  -6.804  -4.526 -13.479 -10.325  -5.866  -9.521  -9.565  -8.600
 28   1.588  -4.407  -2.212  -5.243  -2.454  -3.273   0.196  -6.780  -4.428 -13.326 -10.191  -5.807  -9.423  -9.492  -8.561
 29   1.665  -4.323  -2.221  -5.159  -2.343  -3.232   0.188  -6.791  -4.352 -13.214 -10.088  -5.777  -9.361  -9.447  -8.552
 30   1.728  -4.256  -2.257  -5.090  -2.243  -3.211   0.150  -6.846  -4.304 -13.150 -10.019  -5.783  -9.345  -9.440  -8.577
 31   1.776  -4.211  -2.323  -5.039  -2.157  -3.216   0.076  -6.952  -4.288 -13.144  -9.992  -5.832  -9.383  -9.481  -8.640
 32   1.805  -4.194  -2.424  -5.010  -2.089  -3.252  -0.040  -7.121  -4.310 -13.204 -10.010  -5.930  -9.486  -9.579  -8.743
 33   1.812  -4.212  -2.565  -5.008  -2.044  -3.324  -0.206  -7.362  -4.377 -13.344 -10.085  -6.086  -9.666  -9.746  -8.886
 34   1.806  -4.240  -2.675  -5.021  -2.025  -3.387  -0.337  -7.552  -4.441 -13.472 -10.159  -6.214  -9.819  -9.886  -8.992
 35   1.770  -4.319  -2.885  -5.071  -2.025  -3.522  -0.586  -7.913  -4.590 -13.756 -10.337  -6.470 -10.132 -10.171  -9.183
 36   1.706  -4.436  -3.135  -5.152  -2.055  -3.694  -0.880  -8.342  -4.788 -14.129 -10.579  -6.785 -10.524 -10.522  -9.392
 37   1.614  -4.590  -3.426  -5.266  -2.115  -3.905  -1.223  -8.841  -5.037 -14.594 -10.888  -7.162 -10.996 -10.943  -9.624
 38   1.485  -4.791  -3.773  -5.419  -2.213  -4.165  -1.629  -9.434  -5.353 -15.181 -11.286  -7.620 -11.576 -11.456  -9.897
 39   1.355  -4.995  -4.109  -5.573  -2.320  -4.421  -2.023 -10.007  -5.665 -15.765 -11.683  -8.068 -12.146 -11.963 -10.156
 40   1.252  -5.164  -4.378  -5.697  -2.411  -4.629  -2.342 -10.470  -5.915 -16.243 -12.005  -8.432 -12.610 -12.380 -10.361
 41   1.170  -5.304  -4.596  -5.797  -2.487  -4.798  -2.602 -10.849  -6.117 -16.636 -12.266  -8.730 -12.991 -12.725 -10.525
 42   1.104  -5.423  -4.779  -5.879  -2.552  -4.940  -2.822 -11.167  -6.285 -16.968 -12.485  -8.980 -13.314 -13.020 -10.660
 43   1.049  -5.528  -4.936  -5.948  -2.608  -5.063  -3.014 -11.445  -6.428 -17.257 -12.673  -9.199 -13.595 -13.280 -10.775
 44   1.003  -5.621  -5.075  -6.008  -2.658  -5.172  -3.185 -11.692  -6.553 -17.515 -12.839  -9.393 -13.846 -13.514 -10.875
 45   0.964  -5.706  -5.201  -6.061  -2.704  -5.271  -3.340 -11.916  -6.664 -17.749 -12.988  -9.569 -14.074 -13.729 -10.964
 46   0.930  -5.784  -5.315  -6.107  -2.745  -5.360  -3.483 -12.123  -6.764 -17.965 -13.123  -9.731 -14.284 -13.929 -11.043
 47   0.902  -5.856  -5.421  -6.148  -2.783  -5.443  -3.617 -12.315  -6.854 -18.166 -13.247  -9.882 -14.479 -14.117 -11.115
 48   0.877  -5.924  -5.520  -6.184  -2.818  -5.520  -3.742 -12.495  -6.937 -18.354 -13.362 -10.023 -14.663 -14.295 -11.181
 49   0.863  -5.966  -5.582  -6.206  -2.839  -5.568  -3.821 -12.610  -6.988 -18.474 -13.434 -10.112 -14.779 -14.408 -11.221
 50   0.851  -6.006  -5.642  -6.227  -2.860  -5.614  -3.898 -12.720  -7.037 -18.589 -13.503 -10.198 -14.891 -14.518 -11.258
 51   0.840  -6.045  -5.699  -6.246  -2.879  -5.658  -3.972 -12.827  -7.082 -18.700 -13.568 -10.281 -14.999 -14.624 -11.294
 52   0.831  -6.081  -5.754  -6.263  -2.897  -5.700  -4.043 -12.929  -7.125 -18.807 -13.630 -10.361 -15.102 -14.727 -11.327
 53   0.824  -6.116  -5.807  -6.278  -2.914  -5.740  -4.111 -13.028  -7.165 -18.910 -13.690 -10.437 -15.202 -14.826 -11.358


 P A R T I A L  P R E S S U R E S   of 15 selected neutral molecules (k2mol) of the 409 calculated in GGchem
     OH      MGH     ALH     HS      HCL     NACL    KH      CAH     CAOH    TIH     CRH     FEH     SIO     SIC     SIC2  
  1  -4.971  -8.737 -10.884  -6.980  -8.052 -17.155 -15.218 -11.396 -17.277 -12.562 -11.897  -9.517  -5.843 -10.119 -14.437
  2  -4.758  -8.469 -10.606  -6.759  -7.840 -16.882 -14.906 -11.111 -16.935 -12.282 -11.616  -9.246  -5.668  -9.896 -14.181
  3  -4.588  -8.273 -10.401  -6.586  -7.678 -16.682 -14.662 -10.898 -16.691 -12.073 -11.407  -9.044  -5.554  -9.719 -13.988
  4  -4.438  -8.103 -10.222  -6.433  -7.536 -16.508 -14.447 -10.713 -16.480 -11.892 -11.226  -8.867  -5.460  -9.562 -13.822
  5  -4.299  -7.948 -10.060  -6.291  -7.405 -16.350 -14.249 -10.543 -16.289 -11.727 -11.060  -8.706  -5.377  -9.418 -13.671
  6  -4.168  -7.802  -9.907  -6.158  -7.281 -16.202 -14.061 -10.383 -16.110 -11.571 -10.904  -8.554  -5.299  -9.283 -13.531
  7  -4.041  -7.662  -9.759  -6.029  -7.161 -16.059 -13.880 -10.229 -15.938 -11.421 -10.753  -8.407  -5.225  -9.154 -13.398
  8  -3.917  -7.523  -9.614  -5.902  -7.044 -15.918 -13.703 -10.078 -15.768 -11.273 -10.605  -8.263  -5.152  -9.029 -13.268
  9  -3.795  -7.386  -9.469  -5.777  -6.928 -15.778 -13.528  -9.927 -15.599 -11.127 -10.458  -8.120  -5.079  -8.905 -13.141
 10  -3.674  -7.249  -9.326  -5.653  -6.812 -15.638 -13.354  -9.778 -15.431 -10.980 -10.312  -7.978  -5.005  -8.783 -13.015
 11  -3.554  -7.112  -9.182  -5.530  -6.698 -15.499 -13.181  -9.629 -15.262 -10.835 -10.166  -7.836  -4.930  -8.662 -12.890
 12  -3.435  -6.975  -9.038  -5.407  -6.583 -15.359 -13.009  -9.480 -15.093 -10.689 -10.019  -7.694  -4.854  -8.542 -12.765
 13  -3.315  -6.836  -8.893  -5.284  -6.468 -15.217 -12.836  -9.329 -14.921 -10.542  -9.872  -7.551  -4.776  -8.421 -12.638
 14  -3.195  -6.695  -8.745  -5.160  -6.351 -15.073 -12.662  -9.176 -14.745 -10.392  -9.722  -7.406  -4.695  -8.299 -12.509
 15  -3.074  -6.550  -8.594  -5.034  -6.233 -14.926 -12.485  -9.020 -14.564 -10.239  -9.569  -7.257  -4.608  -8.176 -12.376
 16  -2.952  -6.402  -8.440  -4.907  -6.113 -14.774 -12.307  -8.861 -14.378 -10.083  -9.413  -7.106  -4.517  -8.050 -12.237
 17  -2.828  -6.250  -8.282  -4.779  -5.991 -14.619 -12.126  -8.699 -14.186  -9.924  -9.253  -6.951  -4.422  -7.922 -12.095
 18  -2.703  -6.095  -8.121  -4.649  -5.867 -14.461 -11.943  -8.534 -13.990  -9.761  -9.090  -6.794  -4.322  -7.792 -11.947
 19  -2.578  -5.937  -7.958  -4.518  -5.742 -14.301 -11.759  -8.366 -13.790  -9.597  -8.926  -6.635  -4.219  -7.660 -11.798
 20  -2.452  -5.779  -7.794  -4.387  -5.617 -14.139 -11.575  -8.198 -13.588  -9.431  -8.760  -6.474  -4.115  -7.528 -11.646
 21  -2.326  -5.621  -7.630  -4.255  -5.491 -13.977 -11.390  -8.030 -13.386  -9.266  -8.595  -6.314  -4.011  -7.395 -11.494
 22  -2.201  -5.464  -7.468  -4.125  -5.367 -13.817 -11.207  -7.863 -13.187  -9.102  -8.431  -6.156  -3.909  -7.264 -11.345
 23  -2.077  -5.311  -7.309  -3.997  -5.244 -13.661 -11.026  -7.700 -12.994  -8.942  -8.271  -6.000  -3.811  -7.136 -11.200
 24  -1.956  -5.164  -7.156  -3.870  -5.125 -13.511 -10.849  -7.542 -12.808  -8.787  -8.115  -5.850  -3.721  -7.011 -11.063
 25  -1.839  -5.026  -7.012  -3.749  -5.011 -13.370 -10.678  -7.394 -12.638  -8.641  -7.970  -5.708  -3.642  -6.893 -10.940
 26  -1.727  -4.900  -6.879  -3.633  -4.904 -13.242 -10.516  -7.255 -12.486  -8.507  -7.835  -5.577  -3.578  -6.784 -10.832
 27  -1.622  -4.787  -6.760  -3.524  -4.804 -13.127 -10.363  -7.130 -12.355  -8.386  -7.713  -5.457  -3.533  -6.685 -10.746
 28  -1.525  -4.693  -6.659  -3.424  -4.715 -13.032 -10.222  -7.022 -12.253  -8.283  -7.608  -5.355  -3.511  -6.602 -10.691
 29  -1.440  -4.618  -6.577  -3.334  -4.638 -12.956 -10.095  -6.932 -12.183  -8.199  -7.523  -5.271  -3.519  -6.539 -10.672
 30  -1.367  -4.568  -6.518  -3.256  -4.574 -12.905  -9.984  -6.864 -12.152  -8.138  -7.459  -5.209  -3.561  -6.502 -10.700
 31  -1.311  -4.543  -6.482  -3.192  -4.526 -12.878  -9.889  -6.819 -12.162  -8.101  -7.420  -5.171  -3.646  -6.497 -10.786
 32  -1.274  -4.544  -6.471  -3.145  -4.497 -12.877  -9.811  -6.796 -12.219  -8.089  -7.404  -5.160  -3.778  -6.529 -10.938
 33  -1.262  -4.570  -6.483  -3.119  -4.490 -12.900  -9.745  -6.796 -12.322  -8.100  -7.411  -5.173  -3.961  -6.602 -11.165
 34  -1.265  -4.593  -6.495  -3.112  -4.496 -12.919  -9.703  -6.799 -12.405  -8.113  -7.420  -5.188  -4.100  -6.664 -11.343
 35  -1.298  -4.645  -6.528  -3.130  -4.533 -12.964  -9.647  -6.818 -12.572  -8.149  -7.450  -5.229  -4.352  -6.790 -11.678
 36  -1.361  -4.706  -6.569  -3.178  -4.599 -13.018  -9.593  -6.845 -12.770  -8.196  -7.489  -5.280  -4.634  -6.940 -12.065
 37  -1.455  -4.781  -6.623  -3.258  -4.695 -13.084  -9.544  -6.883 -13.003  -8.259  -7.541  -5.348  -4.948  -7.115 -12.506
 38  -1.585  -4.879  -6.699  -3.379  -4.829 -13.173  -9.508  -6.943 -13.292  -8.352  -7.619  -5.441  -5.313  -7.328 -13.026
 39  -1.717  -4.976  -6.775  -3.509  -4.966 -13.261  -9.480  -7.007 -13.573  -8.452  -7.700  -5.537  -5.659  -7.534 -13.527
 40  -1.824  -5.051  -6.834  -3.620  -5.078 -13.330  -9.456  -7.057 -13.797  -8.536  -7.765  -5.615  -5.934  -7.698 -13.928
 41  -1.909  -5.108  -6.878  -3.712  -5.168 -13.383  -9.433  -7.095 -13.976  -8.606  -7.818  -5.677  -6.155  -7.830 -14.255
 42  -1.979  -5.153  -6.914  -3.790  -5.244 -13.425  -9.410  -7.125 -14.125  -8.667  -7.861  -5.728  -6.338  -7.939 -14.529
 43  -2.037  -5.189  -6.941  -3.859  -5.308 -13.459  -9.387  -7.149 -14.251  -8.721  -7.898  -5.772  -6.496  -8.032 -14.767
 44  -2.087  -5.218  -6.963  -3.919  -5.365 -13.488  -9.364  -7.169 -14.360  -8.771  -7.928  -5.809  -6.633  -8.112 -14.977
 45  -2.130  -5.242  -6.980  -3.973  -5.415 -13.511  -9.340  -7.184 -14.457  -8.816  -7.955  -5.842  -6.756  -8.183 -15.167
 46  -2.167  -5.261  -6.993  -4.023  -5.461 -13.531  -9.314  -7.195 -14.543  -8.858  -7.978  -5.870  -6.868  -8.246 -15.340
 47  -2.200  -5.275  -7.003  -4.067  -5.502 -13.547  -9.287  -7.204 -14.620  -8.897  -7.999  -5.896  -6.970  -8.303 -15.500
 48  -2.229  -5.286  -7.009  -4.108  -5.540 -13.560  -9.258  -7.209 -14.690  -8.934  -8.016  -5.918  -7.063  -8.353 -15.649
 49  -2.245  -5.291  -7.011  -4.132  -5.564 -13.566  -9.238  -7.211 -14.733  -8.958  -8.026  -5.931  -7.122  -8.383 -15.742
 50  -2.261  -5.294  -7.011  -4.156  -5.587 -13.572  -9.216  -7.212 -14.772  -8.981  -8.035  -5.943  -7.177  -8.411 -15.831
 51  -2.274  -5.296  -7.011  -4.177  -5.608 -13.577  -9.194  -7.212 -14.809  -9.004  -8.043  -5.954  -7.229  -8.437 -15.915
 52  -2.287  -5.296  -7.009  -4.197  -5.629 -13.580  -9.171  -7.210 -14.844  -9.025  -8.049  -5.963  -7.279  -8.461 -15.996
 53  -2.297  -5.295  -7.005  -4.215  -5.648 -13.582  -9.147  -7.208 -14.875  -9.046  -8.055  -5.971  -7.326  -8.482 -16.073


 P A R T I A L  P R E S S U R E S   of 15 iselected neutral molecules (k3mol) of the 409 calculated in GGchem
     CS      VO      CRO     FEO     ZRO     SIS     ALOH    KOH     FES     H2S     H2SO4   PH3     TIO2    O3      TIC   
  1  -7.502 -13.148 -12.631 -10.756 -12.335  -9.279 -16.550 -20.989 -13.159 -12.000 -47.234 -20.633 -18.022 -21.370 -14.228
  2  -7.324 -12.925 -12.385 -10.522 -12.131  -9.082 -16.226 -20.618 -12.914 -11.693 -46.598 -20.219 -17.746 -21.043 -13.991
  3  -7.182 -12.776 -12.209 -10.355 -12.003  -8.949 -15.999 -20.341 -12.740 -11.462 -46.125 -19.904 -17.569 -20.770 -13.815
  4  -7.058 -12.650 -12.058 -10.211 -11.898  -8.838 -15.807 -20.100 -12.591 -11.259 -45.713 -19.629 -17.423 -20.526 -13.663
  5  -6.944 -12.538 -11.922 -10.080 -11.805  -8.739 -15.633 -19.879 -12.456 -11.074 -45.338 -19.376 -17.293 -20.299 -13.526
  6  -6.837 -12.433 -11.793  -9.958 -11.719  -8.646 -15.470 -19.671 -12.330 -10.899 -44.984 -19.138 -17.173 -20.083 -13.397
  7  -6.735 -12.333 -11.670  -9.841 -11.637  -8.557 -15.314 -19.470 -12.208 -10.730 -44.643 -18.907 -17.058 -19.876 -13.274
  8  -6.636 -12.234 -11.549  -9.725 -11.555  -8.469 -15.160 -19.274 -12.088 -10.565 -44.309 -18.681 -16.945 -19.673 -13.154
  9  -6.538 -12.134 -11.429  -9.610 -11.472  -8.381 -15.006 -19.079 -11.969 -10.400 -43.977 -18.457 -16.830 -19.475 -13.036
 10  -6.442 -12.034 -11.308  -9.496 -11.389  -8.292 -14.851 -18.885 -11.849 -10.237 -43.647 -18.235 -16.714 -19.280 -12.918
 11  -6.346 -11.934 -11.188  -9.381 -11.305  -8.203 -14.697 -18.691 -11.729 -10.074 -43.319 -18.013 -16.598 -19.086 -12.801
 12  -6.251 -11.832 -11.067  -9.266 -11.219  -8.113 -14.541 -18.497 -11.609  -9.910 -42.990 -17.790 -16.480 -18.894 -12.683
 13  -6.156 -11.729 -10.945  -9.149 -11.130  -8.020 -14.383 -18.302 -11.486  -9.746 -42.657 -17.567 -16.358 -18.703 -12.564
 14  -6.060 -11.621 -10.820  -9.029 -11.037  -7.924 -14.220 -18.104 -11.361  -9.580 -42.320 -17.341 -16.230 -18.512 -12.443
 15  -5.962 -11.509 -10.691  -8.906 -10.939  -7.824 -14.051 -17.902 -11.232  -9.410 -41.976 -17.111 -16.096 -18.321 -12.318
 16  -5.863 -11.392 -10.557  -8.778 -10.835  -7.719 -13.876 -17.695 -11.098  -9.238 -41.622 -16.876 -15.954 -18.130 -12.190
 17  -5.761 -11.270 -10.420  -8.646 -10.725  -7.610 -13.696 -17.484 -10.960  -9.062 -41.261 -16.638 -15.805 -17.938 -12.058
 18  -5.658 -11.143 -10.279  -8.512 -10.610  -7.496 -13.509 -17.269 -10.819  -8.883 -40.892 -16.396 -15.650 -17.745 -11.922
 19  -5.553 -11.014 -10.136  -8.374 -10.492  -7.381 -13.320 -17.051 -10.675  -8.702 -40.518 -16.152 -15.490 -17.551 -11.785
 20  -5.448 -10.882  -9.992  -8.236 -10.371  -7.263 -13.128 -16.832 -10.530  -8.521 -40.142 -15.906 -15.327 -17.357 -11.645
 21  -5.343 -10.751  -9.847  -8.097 -10.251  -7.146 -12.936 -16.613 -10.385  -8.339 -39.764 -15.660 -15.165 -17.164 -11.506
 22  -5.239 -10.622  -9.705  -7.961 -10.134  -7.031 -12.747 -16.396 -10.242  -8.159 -39.392 -15.417 -15.006 -16.971 -11.369
 23  -5.137 -10.498  -9.567  -7.828 -10.021  -6.920 -12.564 -16.184 -10.104  -7.982 -39.028 -15.177 -14.854 -16.779 -11.236
 24  -5.038 -10.382  -9.435  -7.702  -9.918  -6.816 -12.390 -15.978  -9.971  -7.810 -38.677 -14.944 -14.713 -16.589 -11.109
 25  -4.946 -10.279  -9.314  -7.586  -9.829  -6.723 -12.233 -15.786  -9.849  -7.648 -38.350 -14.724 -14.591 -16.404 -10.993
 26  -4.861 -10.190  -9.207  -7.483  -9.757  -6.643 -12.094 -15.607  -9.740  -7.496 -38.051 -14.516 -14.493 -16.223 -10.889
 27  -4.786 -10.122  -9.116  -7.395  -9.708  -6.581 -11.979 -15.447  -9.647  -7.358 -37.788 -14.326 -14.423 -16.050 -10.802
 28  -4.724 -10.078  -9.047  -7.328  -9.686  -6.540 -11.896 -15.311  -9.574  -7.238 -37.572 -14.159 -14.391 -15.887 -10.738
 29  -4.679 -10.063  -9.003  -7.286  -9.696  -6.526 -11.847 -15.202  -9.524  -7.137 -37.413 -14.016 -14.402 -15.737 -10.699
 30  -4.656 -10.082  -8.988  -7.272  -9.744  -6.543 -11.839 -15.125  -9.503  -7.059 -37.322 -13.904 -14.464 -15.605 -10.692
 31  -4.658 -10.138  -9.006  -7.292  -9.834  -6.597 -11.877 -15.084  -9.511  -7.007 -37.313 -13.826 -14.584 -15.497 -10.720
 32  -4.690 -10.232  -9.059  -7.348  -9.967  -6.693 -11.964 -15.080  -9.553  -6.988 -37.399 -13.789 -14.768 -15.418 -10.785
 33  -4.761 -10.366  -9.146  -7.439 -10.146  -6.833 -12.102 -15.116  -9.627  -7.006 -37.601 -13.803 -15.018 -15.377 -10.889
 34  -4.824 -10.465  -9.213  -7.510 -10.276  -6.942 -12.210 -15.151  -9.685  -7.037 -37.786 -13.837 -15.205 -15.368 -10.969
 35  -4.962 -10.644  -9.342  -7.644 -10.509  -7.144 -12.417 -15.237  -9.799  -7.130 -38.196 -13.951 -15.546 -15.397 -11.117
 36  -5.141 -10.841  -9.489  -7.795 -10.765  -7.375 -12.658 -15.349  -9.930  -7.271 -38.730 -14.130 -15.930 -15.473 -11.284
 37  -5.364 -11.060  -9.658  -7.965 -11.050  -7.638 -12.937 -15.490 -10.083  -7.465 -39.396 -14.378 -16.363 -15.595 -11.473
 38  -5.645 -11.316  -9.866  -8.170 -11.383  -7.952 -13.276 -15.675 -10.274  -7.727 -40.233 -14.714 -16.871 -15.773 -11.699
 39  -5.931 -11.558 -10.072  -8.367 -11.703  -8.258 -13.604 -15.858 -10.465  -7.997 -41.063 -15.058 -17.356 -15.959 -11.918
 40  -6.169 -11.748 -10.239  -8.521 -11.960  -8.506 -13.866 -16.002 -10.620  -8.221 -41.740 -15.341 -17.744 -16.111 -12.094
 41  -6.369 -11.899 -10.376  -8.643 -12.170  -8.710 -14.076 -16.115 -10.748  -8.408 -42.293 -15.570 -18.056 -16.234 -12.235
 42  -6.542 -12.022 -10.491  -8.743 -12.347  -8.882 -14.251 -16.206 -10.855  -8.567 -42.758 -15.760 -18.317 -16.336 -12.352
 43  -6.695 -12.126 -10.592  -8.827 -12.502  -9.031 -14.400 -16.281 -10.949  -8.706 -43.161 -15.923 -18.541 -16.423 -12.453
 44  -6.833 -12.215 -10.682  -8.899 -12.639  -9.164 -14.531 -16.344 -11.031  -8.830 -43.518 -16.063 -18.739 -16.497 -12.541
 45  -6.961 -12.293 -10.763  -8.962 -12.764  -9.284 -14.647 -16.397 -11.105  -8.942 -43.840 -16.186 -18.916 -16.563 -12.619
 46  -7.079 -12.362 -10.837  -9.018 -12.879  -9.393 -14.751 -16.442 -11.172  -9.045 -44.135 -16.295 -19.077 -16.621 -12.690
 47  -7.191 -12.424 -10.906  -9.066 -12.986  -9.494 -14.846 -16.480 -11.232  -9.141 -44.406 -16.392 -19.225 -16.673 -12.753
 48  -7.296 -12.478 -10.970  -9.109 -13.087  -9.588 -14.933 -16.512 -11.288  -9.229 -44.659 -16.478 -19.362 -16.719 -12.811
 49  -7.364 -12.511 -11.011  -9.135 -13.152  -9.647 -14.987 -16.530 -11.322  -9.285 -44.818 -16.530 -19.448 -16.747 -12.846
 50  -7.429 -12.541 -11.050  -9.159 -13.214  -9.703 -15.037 -16.545 -11.354  -9.338 -44.970 -16.578 -19.529 -16.773 -12.879
 51  -7.492 -12.569 -11.087  -9.181 -13.273  -9.756 -15.085 -16.558 -11.384  -9.389 -45.116 -16.621 -19.607 -16.797 -12.909
 52  -7.552 -12.595 -11.123  -9.200 -13.331  -9.807 -15.130 -16.568 -11.411  -9.438 -45.255 -16.661 -19.682 -16.819 -12.938
 53  -7.611 -12.618 -11.157  -9.218 -13.387  -9.855 -15.172 -16.576 -11.437  -9.484 -45.387 -16.696 -19.752 -16.839 -12.964


 P A R T I A L  P R E S S U R E S  -- overview of all the 565 neutral and ionized species from GGchem
          22 neutral atoms (atnames), 409 neutral molecules, 82 positive ions, 52 negative ions (molnames):
     H       He      C       N       O       Na      Mg      Si      F       Fe      Al      Ca      Cr      Ti      S 
      1       2       3       4       5       6       7       8       9      10      11      12      13      14      15
  1   2.249   1.179  -1.681  -1.978  -1.234  -7.295  -3.323  -2.497  -5.193  -3.062  -5.536  -6.490  -5.895  -7.010  -2.612
 53   5.375   4.318   1.583   1.151   2.038  -3.232  -1.188  -0.489  -2.052  -0.922  -2.240  -2.963  -3.128  -4.082   0.138
     Cl      K       Li      V       Zr      Be      P 
     16      17      18      19      20      21      22
  1  -4.251  -9.407 -12.082  -7.660  -9.122  -8.416  -4.392
 53  -1.200  -4.513  -8.176  -4.784  -6.180  -6.538  -1.947
     H2      LI2     C2      N2      O2      F2      NA2     MG2     AL2     SI2     P2      S2      CL2     K2      H2+     
      1       2       3       4       5       6       7       8       9      10      11      12      13      14      15
  1  -1.738 -33.346  -7.798  -4.095  -8.624 -20.892 -23.991 -17.200 -19.793 -12.584 -14.403 -11.781 -17.490 -28.377 -10.229
 53   0.824 -26.238  -6.116  -5.807  -6.278 -16.354 -16.423 -12.317 -14.481 -11.297 -14.132  -9.972 -13.487 -20.318  -0.458
     HE2+    C2+     N2+     O2+     P2+     S2+     H2-     C2-     LIH     BEH     CH      NH      OH      HF      NAH     
     16      17      18      19      20      21      22      23      24      25      26      27      28      29      30
  1 -26.490 -11.777 -13.235 -13.612 -16.386 -13.508 -14.672 -13.796 -17.580 -13.825  -6.326  -6.923  -4.971  -7.513 -13.070
 53  -8.048  -6.701  -7.411  -6.869 -12.773  -9.399  -5.368 -10.552 -12.781 -10.933  -2.914  -3.444  -2.297  -6.105  -7.764
     MGH     ALH     SIH     PH      HS      HCL     KH      CAH     TIH     CRH     FEH     HEH+    BEH+    CH+     NH+     
     31      32      33      34      35      36      37      38      39      40      41      42      43      44      45
  1  -8.737 -10.884  -7.544  -9.427  -6.980  -8.052 -15.218 -11.396 -12.562 -11.897  -9.517 -12.493 -14.633 -10.106 -12.977
 53  -5.295  -7.005  -5.057  -6.473  -4.215  -5.648  -9.147  -7.208  -9.046  -8.055  -5.971  -1.918  -9.834  -3.314  -3.868
     OH+     HF+     MGH+    ALH+    SIH+    PH+     SH+     HCL+    CH-     OH-     SIH-    HS-     CN      CO      CF      
     46      47      48      49      50      51      52      53      54      55      56      57      58      59      60
  1 -11.393 -16.777  -8.447  -9.346  -7.772 -11.606 -10.072 -13.226 -15.598 -13.886 -16.575 -15.290  -5.971  -1.644 -11.739
 53  -3.287  -7.630  -3.839  -4.740  -3.963  -5.822  -4.081  -5.481  -8.225  -7.887 -10.477  -9.457  -5.740  -4.111  -9.986
     SIC     CP      CS      CCL     CN+     CO+     CN-     CS-     NO      FN      ALN     SIN     PN      SN      NCL     
     61      62      63      64      65      66      67      68      69      70      71      72      73      74      75
  1 -10.119 -10.378  -7.502 -13.198 -12.898  -8.824 -12.107 -17.164  -6.916 -14.804 -14.904  -9.116  -9.350  -9.925 -13.297
 53  -8.482  -9.902  -7.611  -9.841  -6.699  -5.281 -10.366 -12.883  -5.944 -11.254 -10.930  -8.576  -9.877  -8.335 -10.112
     TIN     ZRN     NO+     NS+     LIO     BEO     FO      NAO     MGO     ALO     SIO     PO      SO      CLO     KO      
     76      77      78      79      80      81      82      83      84      85      86      87      88      89      90
  1 -15.016 -18.501  -8.982 -13.339 -20.092 -15.501 -15.507 -15.715 -10.851 -11.924  -5.843  -9.639  -9.150 -13.721 -17.767
 53 -14.223 -16.274  -5.650  -8.827 -15.865 -13.541 -11.096 -10.810  -8.459  -9.519  -7.326  -9.152  -7.559  -9.808 -12.176
     CAO     TIO     VO      CRO     FEO     ZRO     SIO+    PO+     SO+     FEO-    LIF     BEF     NAF     MGF     ALF     
     91      92      93      94      95      96      97      98      99     100     101     102     103     104     105
  1 -13.885 -11.546 -13.148 -12.631 -10.756 -12.335  -9.841 -10.068 -11.852 -20.735 -21.159 -17.271 -17.495 -13.336 -13.893
 53 -10.200 -11.358 -12.618 -11.157  -9.218 -13.387  -7.710  -8.160  -7.328 -15.827 -19.112 -17.199 -14.376 -12.053 -13.056
     SIF     PF      SF      KF      CAF     LINA    BES     MGS     ALS     SIS     PS      CAS     TIS     CRS     LICL    
    106     107     108     109     110     111     112     113     114     115     116     117     118     119     120
  1 -12.199 -15.212 -15.065 -19.224 -15.480 -28.277 -17.770 -12.689 -14.881  -9.279 -12.482 -15.557 -16.012 -16.461 -21.243
 53 -11.742 -13.565 -12.213 -15.623 -13.781 -21.707 -15.837 -10.266 -12.002  -9.855 -11.429 -12.453 -14.840 -14.773 -18.439
     BECL    NACL    MGCL    ALCL    SICL    PCL     KCL     CACL    FECL    ALCLF   ALCLF2  ALOCL   ALCL2   ALCL2F  ALCL3   
    121     122     123     124     125     126     127     128     129     130     131     132     133     134     135
  1 -18.505 -17.155 -14.091 -14.877 -13.265 -15.755 -18.916 -15.918 -14.632 -24.843 -35.604 -22.081 -26.098 -36.459 -37.840
 53 -16.975 -13.582 -11.675 -12.698 -11.446 -13.164 -14.832 -13.262 -12.285 -23.832 -36.112 -21.042 -23.817 -35.694 -35.824
     ALOF    ALF2    ALF2O   ALF3    NAALF4  ALOH    HALO    ALO2H   ALO2    AL2CL6  (ALF3)2 AL2O    AL2O2   ALC     CFCLO   
    136     137     138     139     140     141     142     143     144     145     146     147     148     149     150
  1 -20.790 -24.293 -29.420 -35.124 -60.919 -16.550 -19.076 -23.088 -20.430 -86.613 -80.791 -22.944 -30.529 -14.098 -29.396
 53 -21.225 -24.525 -31.496 -36.919 -61.894 -15.172 -15.910 -22.685 -18.051 -82.855 -85.423 -21.659 -30.032 -10.644 -29.953
     CCLF3   CCLN    CCLO    CCL2    CCL2F2  COCL2   CCL3    CCL3F   CCL4    CFN     CFO     CF2     CF2O    CF3     CF4     
    151     152     153     154     155     156     157     158     159     160     161     162     163     164     165
  1 -49.721 -17.452 -16.184 -24.868 -50.468 -30.488 -38.556 -51.391 -52.648 -17.995 -16.973 -23.300 -28.835 -36.764 -49.309
 53 -48.727 -17.604 -16.291 -21.697 -48.097 -29.751 -34.520 -47.750 -47.824 -18.741 -17.600 -22.635 -30.733 -36.032 -49.771
     CF4O    CF8S    CHCL    CHCL3   CHF     CHFO    CHF3    HCN     CHNO    HCO     PCH     CH2     CH2CL2  CH2CLF  CH2F2   
    166     167     168     169     170     171     172     173     174     175     176     177     178     179     180
  1 -60.796 -99.000 -17.760 -43.708 -17.115 -21.885 -41.606  -9.321 -17.036  -9.818 -13.658 -10.623 -35.434 -34.825 -34.558
 53 -58.703 -99.000 -14.739 -39.924 -15.015 -22.953 -41.501 -10.437 -19.004  -9.902 -14.132  -7.839 -32.528 -32.889 -33.780
     H2CO    CH3     CH3CL   CH3F    CH4     KCN     NACN    CNO     CNN     NCN     COS     CO2     CS2     SI2C    C2CL2   
    181     182     183     184     185     186     187     188     189     190     191     192     193     194     195
  1 -15.636 -14.978 -27.636 -27.540 -20.272 -20.936 -18.948 -13.184 -16.263 -14.867 -13.225  -9.553 -17.538 -17.944 -30.465
 53 -15.870 -12.932 -25.520 -26.273 -18.910 -19.867 -18.528 -14.201 -15.821 -15.283 -15.373 -13.028 -18.397 -19.280 -29.854
     C2CL4   C2CL6   C2F2    C2F3N   C2F4    C2F6    C2H     C2HCL   C2HF    C2H2    C2H4    C2H4O   (KCN)2  C2N     C2N2    
    196     197     198     199     200     201     202     203     204     205     206     207     208     209     210
  1 -58.511 -88.027 -31.917 -50.757 -57.256 -83.388 -10.215 -22.157 -22.749 -14.461 -26.743 -36.737 -51.857 -12.237 -18.409
 53 -55.555 -81.695 -32.063 -53.365 -57.969 -84.592 -10.228 -22.351 -23.252 -15.202 -26.894 -36.557 -50.678 -13.738 -22.648
     (NACN)2 SIC2    C2O     C3      C3O2    C4      C4N2    C5      FE(CO)5 CACL2   CAF2    CAOH    CA(OH)2 CA2     CLF     
    211     212     213     214     215     216     217     218     219     220     221     222     223     224     225
  1 -47.844 -14.437 -11.348 -13.230 -23.083 -21.456 -31.647 -27.327 -68.569 -25.531 -24.896 -17.277 -28.648 -22.916 -18.270
 53 -48.213 -16.073 -13.062 -14.826 -29.185 -24.126 -39.064 -32.449 -82.216 -23.771 -24.991 -14.875 -27.083 -17.994 -13.574
     MGCLF   CLFO2S  CLFO3   PCLF2O  CLF3    CLF3SI  CLF5    CLF5S   CHCLF2  CHCL2F  OHCL    SIH3CL  NOCL    NO2CL   TIOCL   
    226     227     228     229     230     231     232     233     234     235     236     237     238     239     240
  1 -24.319 -45.830 -53.030 -47.455 -50.520 -44.783 -84.627 -87.362 -41.968 -42.724 -18.531 -30.096 -21.196 -32.680 -23.202
 53 -23.893 -43.090 -45.282 -47.566 -42.502 -47.620 -72.079 -80.800 -40.463 -40.017 -14.916 -27.362 -18.399 -29.141 -23.472
     CLO2    CLO3    SCL     CLS2    TICL    CL2FOP  FECL2   SIH2CL2 (KCL)2  MGCL2   (NACL)2 CLOCL   CLCLO   TIOCL2  CLO2CL  
    241     242     243     244     245     246     247     248     249     250     251     252     253     254     255
  1 -24.829 -37.754 -15.151 -25.282 -16.610 -47.748 -24.429 -35.792 -47.265 -24.247 -44.006 -28.598 -28.351 -33.536 -39.962
 53 -19.735 -30.772 -11.550 -22.004 -14.725 -46.515 -23.021 -33.616 -40.449 -22.478 -38.318 -22.903 -22.587 -34.164 -32.503
     CLOCLO  SO2CL2  SCL2    SICL2   TICL2   SIFCL3  FECL3   SIHCL3  PCL3O   PCL3    PCL3S   SICL3   TICL3   FE2CL4  MG2CL4  
    256     257     258     259     260     261     262     263     264     265     266     267     268     269     270
  1 -40.063 -46.805 -28.111 -23.598 -27.322 -47.171 -38.042 -41.943 -48.938 -40.926 -51.952 -35.849 -38.600 -59.160 -58.520
 53 -32.238 -42.821 -23.987 -22.748 -26.357 -46.936 -35.602 -40.284 -46.425 -37.531 -48.753 -34.621 -38.263 -57.254 -55.943
     SICL4   TICL4   PCL5    (FECL3)2CRN     CRO2    CRO3    FEF     FHO     FHO3S   SIH3F   FNO     FNO2    FNO3    TIOF    
    271     272     273     274     275     276     277     278     279     280     281     282     283     284     285
  1 -48.683 -50.900 -71.480 -86.539 -14.686 -20.175 -29.719 -14.206 -19.918 -45.929 -28.867 -21.627 -32.927 -45.072 -22.564
 53 -47.450 -50.235 -64.283 -82.080 -12.583 -19.757 -29.729 -13.158 -16.122 -44.309 -27.631 -19.545 -29.965 -39.835 -23.945
     OFO     FOO     PSF     TIF     FEF2    H2F2    SIH2F2  K2F2    MGF2    F2N     F2N2(cisF2N2(traNA2F2   F2O     F2OS    
    286     287     288     289     290     291     292     293     294     295     296     297     298     299     300
  1 -29.879 -24.768 -24.898 -15.453 -24.947 -26.362 -33.311 -47.994 -23.584 -29.040 -38.706 -38.659 -44.677 -31.522 -36.018
 53 -22.246 -19.831 -24.043 -14.947 -24.652 -23.788 -34.137 -42.287 -23.857 -24.839 -35.013 -34.836 -40.436 -25.478 -34.038
     SIOF2   TIOF2   F2O2    F2O2S   PF2     SF2     FSSF    F2S2    SIF2    TIF2    FEF3    SIHF3   F3H3    NF3     NOF3    
    301     302     303     304     305     306     307     308     309     310     311     312     313     314     315
  1 -28.402 -32.841 -42.055 -45.444 -26.134 -28.063 -39.117 -38.398 -21.742 -24.822 -36.240 -38.199 -44.937 -44.619 -55.635
 53 -31.943 -35.726 -34.688 -43.960 -25.730 -25.384 -36.172 -36.004 -23.479 -26.635 -37.170 -41.031 -40.824 -39.279 -49.250
     POF3    PF3     PSF3    SF3     SIF3    TIF3    F4H4    MG2F4   N2F4    SF4     SIF4    TIF4    F5H5    PF5     SF5     
    316     317     318     319     320     321     322     323     324     325     326     327     328     329     330
  1 -45.639 -37.744 -49.449 -42.104 -32.149 -34.807 -63.133 -57.458 -72.314 -56.344 -43.505 -47.227 -81.394 -64.730 -72.575
 53 -47.584 -38.557 -50.164 -38.462 -35.316 -38.437 -57.497 -59.405 -64.115 -52.235 -48.367 -51.245 -74.242 -65.558 -66.947
     F6H6    SF6     F7H7    F10S2   FE(OH)2 FES     KOH     MGOH    HNO     HONO    HNO2    HNO3    NAOH    HO2     (KOH)2  
    331     332     333     334     335     336     337     338     339     340     341     342     343     344     345
  1 -99.000 -87.772 -99.000 -99.000 -27.186 -13.159 -20.989 -15.095 -14.093 -22.652 -22.696 -33.595 -19.162 -15.006 -53.290
 53 -90.988 -82.320 -99.000 -99.000 -26.458 -11.437 -16.576 -13.172 -11.939 -20.639 -20.680 -30.827 -15.233 -11.532 -45.995
     MG(OH)2 NH2     N2H2    (NAOH)2 H2O     H2SO4   PH2     H2S     NH3     PH3     N2H4    SIH4    K2SO4   MGN     NO2     
    346     347     348     349     350     351     352     353     354     355     356     357     358     359     360
  1 -27.158 -11.450 -20.641 -49.621  -8.717 -47.234 -14.438 -12.000 -15.996 -20.633 -32.555 -24.827 -68.920 -11.335 -17.408
 53 -25.937  -8.251 -18.330 -43.489  -7.165 -45.387 -11.634  -9.484 -13.690 -16.696 -28.538 -21.527 -64.588  -9.033 -15.849
     NO3     SI2N    VN      N2O     N2O3    N2O4    N2O5    N3      NA2SO4  S2O     PO2     SO2     SIO2    TIO2    VO2     
    361     362     363     364     365     366     367     368     369     370     371     372     373     374     375
  1 -29.556 -18.521 -15.534 -16.186 -36.724 -48.150 -58.229 -17.479 -65.390 -19.883 -16.764 -16.454 -14.524 -18.022 -19.098
 53 -26.391 -19.530 -13.719 -16.025 -34.258 -44.877 -53.733 -16.574 -62.126 -18.665 -17.497 -16.548 -16.382 -19.752 -20.497
     O3      SO3     P4O6    P4O10   P4      P4S3    S3      S4      S5      S6      S7      S8      SI3     AL+     AL-     
    376     377     378     379     380     381     382     383     384     385     386     387     388     389     390
  1 -21.370 -27.330 -79.329 -99.000 -39.307 -74.566 -23.673 -35.127 -48.273 -59.311 -70.124 -82.307 -22.569  -3.384 -15.374
 53 -16.839 -32.590 -89.448 -99.000 -40.311 -75.403 -21.074 -32.043 -45.141 -55.725 -65.637 -77.626 -22.352  -0.246  -7.687
     ALCL+   ALCLF+  ALCL2+  ALCL2-  ALF+    ALF2+   ALF2-   ALF2O-  ALF4-   ALOH+   ALOH-   ALO+    ALO-    ALO2-   AL2O+   
    391     392     393     394     395     396     397     398     399     400     401     402     403     404     405
  1 -16.181 -25.244 -26.342 -34.317 -15.665 -25.074 -32.372 -37.928 -52.658 -14.744 -25.387 -12.946 -18.590 -26.749 -22.427
 53 -11.363 -22.768 -22.630 -28.827 -11.897 -23.676 -29.509 -36.952 -53.266 -12.339 -19.654  -8.068 -14.232 -22.887 -19.572
     AL2O2+  C+      C-      CF+     CF2+    CF3+    HCO+    CO2-    CA+     CAOH+   CL+     MGCL+   SCL+    CL-     SCL2+   
    406     407     408     409     410     411     412     413     414     415     416     417     418     419     420
  1 -32.184  -5.781 -11.044 -13.617 -27.361 -38.566 -10.552 -18.467  -3.442 -14.369 -10.208 -12.811 -16.686 -10.973 -29.400
 53 -28.789   1.338  -3.814  -9.542 -22.611 -35.533  -9.005 -17.729  -0.303 -12.372  -1.847  -8.975 -10.581  -5.999 -22.707
     CR+     CR-     F+      F-      MGF+    PF+     PF-     SF+     SF-     F2K-    MGF2+   NAF2-   PF2+    PF2-    SF2+    
    421     422     423     424     425     426     427     428     429     430     431     432     433     434     435
  1  -4.118 -15.861 -16.923 -12.220 -12.350 -17.316 -24.378 -17.547 -23.499 -41.467 -30.080 -39.736 -28.573 -35.151 -30.418
 53  -0.975  -9.498  -5.105  -6.980  -9.979 -12.980 -18.906 -11.621 -17.329 -33.469 -24.421 -32.322 -25.298 -31.164 -24.556
     SF2-    SF3+    SF3-    SF4+    SF4-    SF5+    SF5-    SF6-    FE+     FE-     H+      H-      KOH+    MGOH+   NAOH+   
    436     437     438     439     440     441     442     443     444     445     446     447     448     449     450
  1 -36.760 -44.535 -49.501 -60.702 -64.357 -76.669 -77.577 -96.202  -2.384 -13.540  -4.998  -7.747 -19.289 -14.687 -19.397
 53 -30.025 -38.630 -43.251 -51.943 -56.246 -67.194 -70.023 -86.882   0.831  -7.140   3.846  -0.456 -13.836 -11.589 -13.272
     H3O+    HE+     K+      K-      KO-     MG+     N+      N-      NO2-    N2-     N2O+    NA+     NA-     NAO-    O+      
    451     452     453     454     455     456     457     458     459     460     461     462     463     464     465
  1 -16.517 -19.703  -4.671 -19.743 -26.330  -2.257  -9.798 -12.395 -25.076 -16.106 -21.308  -3.581 -17.558 -24.326  -8.545
 53 -12.085  -2.391  -1.532 -10.840 -17.618   0.915  -0.247  -4.517 -20.533 -11.827 -15.899  -0.442  -9.306 -16.258   0.429
     O-      O2-     P+      P-      S+      S-      SI+     SI-     TI+     TI-     V+      V-      LIALF4  BE+     BECL+   
    466     467     468     469     470     471     472     473     474     475     476     477     478     479     480
  1 -10.187 -18.377  -7.011 -13.756  -5.687 -10.772  -2.593 -11.656  -4.854 -17.539  -5.757 -17.890 -65.137  -9.381 -20.205
 53  -3.322 -11.680  -1.350  -7.291   0.301  -4.961   0.880  -5.665  -1.714 -10.560  -2.615 -11.100 -66.865  -5.254 -15.536
     BECLF   BECL2   BEF2    BEF3LI  BEHO    BEHO+   BEH2    BEH2O2  BEN     BE2     BE2CL4  BE2F2O  BE2O    BE2O2   BE3O3   
    481     482     483     484     485     486     487     488     489     490     491     492     493     494     495
  1 -26.905 -28.250 -26.154 -65.099 -18.937 -20.216 -18.913 -29.614 -16.243 -27.795 -67.623 -46.611 -29.094 -35.724 -55.949
 53 -27.921 -27.966 -28.561 -63.460 -18.366 -17.466 -16.481 -30.855 -14.568 -25.199 -66.831 -51.846 -30.250 -38.542 -63.637
     BE4O4   BE5O5   BE6O6   C2BE    LI2CLF  LIOCL   ZRCL    (LICL)2 ZRCL2   (LICL)3 ZRCL3   ZRCL4   LIOF    ZRF     LIF2-   
    496     497     498     499     500     501     502     503     504     505     506     507     508     509     510
  1 -76.540 -98.109 -99.000 -20.897 -52.696 -34.147 -18.048 -52.277 -27.980 -84.784 -38.256 -49.442 -34.744 -18.079 -43.870
 53 -87.889 -99.000 -99.000 -22.567 -49.471 -28.873 -16.966 -48.129 -27.665 -79.212 -38.850 -50.658 -29.647 -17.475 -37.508
     LI2F2   ZRF2    LI3F3   ZRF3    ZRF4    LIOH    LIOH+   ZRH     (LIOH)2 LI+     LI-     LIN     LINO    LINAO   LIO-    
    511     512     513     514     515     516     517     518     519     520     521     522     523     524     525
  1 -51.734 -26.204 -82.178 -35.811 -45.977 -22.981 -25.217 -14.056 -57.028  -8.701 -22.260 -20.874 -29.596 -35.438 -29.436
 53 -49.566 -28.227 -79.386 -39.830 -51.992 -19.979 -18.925 -11.325 -53.023  -5.563 -14.256 -16.551 -25.509 -29.854 -21.624
     LI2O    LI2O2   LI2SO4  ZRO2    ZR+     ZR-     TIC     SI(CH3)4SICH3CL3SIH2    SIH3    TIC2    C3H     CRC2    SI2C2   
    526     527     528     529     530     531     532     533     534     535     536     537     538     539     540
  1 -38.903 -47.759 -73.279 -18.214  -7.176 -19.306 -14.228 -99.000 -75.943 -13.861 -18.527 -20.488 -16.672 -20.614 -24.519
 53 -34.207 -42.363 -71.344 -20.884  -4.035 -12.443 -12.964 -99.000 -77.389 -10.788 -15.179 -20.605 -18.896 -19.876 -27.245
     VC2     TIC4    VC4     
    541     542     543
  1 -21.534 -33.968 -35.292
 53 -21.730 -37.374 -38.599


 P A R T I A L  P R E S S U R E S  -- illustrative sums

positive ions   negative ions  neutral atoms  neutral molecules  sum{el,at,mol}  electron pres   static el.pres
  ppH2  ppCH4  ppNH3  ppH2O  ppH  ppHe 

 I   pat+    pat-    pnat    pnmol    psum    pel  pel-stat   ppH2   ppCH4   ppNH3   ppH2O    ppH    ppHe
 1  -1.874  -7.745   2.284  -1.387   2.285  -1.874  -1.870  -1.738 -20.272 -15.996  -8.717   2.249   1.179
 2  -1.743  -7.499   2.419  -1.217   2.419  -1.743  -1.739  -1.527 -19.814 -15.612  -8.435   2.384   1.314
 3  -1.628  -7.292   2.533  -1.088   2.533  -1.628  -1.624  -1.365 -19.471 -15.331  -8.226   2.498   1.428
 4  -1.523  -7.106   2.636  -0.973   2.636  -1.523  -1.519  -1.224 -19.174 -15.087  -8.044   2.600   1.530
 5  -1.424  -6.932   2.732  -0.867   2.732  -1.424  -1.420  -1.093 -18.903 -14.865  -7.878   2.696   1.626
 6  -1.330  -6.767   2.823  -0.765   2.823  -1.330  -1.326  -0.970 -18.648 -14.656  -7.721   2.787   1.717
 7  -1.239  -6.607   2.911  -0.666   2.911  -1.239  -1.235  -0.851 -18.403 -14.455  -7.570   2.875   1.805
 8  -1.150  -6.452   2.997  -0.568   2.997  -1.150  -1.146  -0.734 -18.163 -14.256  -7.422   2.961   1.891
 9  -1.064  -6.299   3.081  -0.468   3.082  -1.064  -1.059  -0.619 -17.925 -14.059  -7.275   3.046   1.976
10  -0.978  -6.148   3.165  -0.369   3.165  -0.978  -0.974  -0.504 -17.688 -13.862  -7.129   3.129   2.059
11  -0.894  -5.999   3.247  -0.268   3.247  -0.894  -0.889  -0.389 -17.453 -13.666  -6.983   3.211   2.141
12  -0.810  -5.851   3.329  -0.166   3.329  -0.810  -0.806  -0.275 -17.216 -13.469  -6.837   3.293   2.223
13  -0.727  -5.703   3.410  -0.062   3.411  -0.727  -0.723  -0.160 -16.978 -13.269  -6.690   3.375   2.305
14  -0.646  -5.557   3.491   0.044   3.492  -0.646  -0.641  -0.044 -16.736 -13.066  -6.540   3.456   2.386
15  -0.564  -5.411   3.572   0.153   3.572  -0.565  -0.560   0.074 -16.488 -12.858  -6.387   3.536   2.467
16  -0.484  -5.265   3.652   0.265   3.653  -0.484  -0.480   0.194 -16.235 -12.645  -6.230   3.617   2.547
17  -0.405  -5.119   3.733   0.379   3.733  -0.405  -0.401   0.316 -15.975 -12.427  -6.070   3.697   2.627
18  -0.326  -4.973   3.813   0.496   3.813  -0.326  -0.322   0.439 -15.709 -12.204  -5.906   3.777   2.708
19  -0.248  -4.828   3.893   0.615   3.893  -0.248  -0.244   0.563 -15.440 -11.978  -5.740   3.857   2.788
20  -0.170  -4.682   3.973   0.736   3.973  -0.170  -0.166   0.689 -15.169 -11.750  -5.573   3.937   2.868
21  -0.092  -4.537   4.053   0.856   4.054  -0.092  -0.088   0.814 -14.897 -11.522  -5.406   4.017   2.948
22  -0.014  -4.392   4.133   0.976   4.133  -0.014  -0.010   0.938 -14.629 -11.297  -5.241   4.097   3.028
23   0.065  -4.247   4.213   1.095   4.213   0.065   0.069   1.060 -14.367 -11.076  -5.080   4.177   3.108
24   0.144  -4.103   4.293   1.210   4.293   0.144   0.149   1.179 -14.115 -10.864  -4.924   4.257   3.188
25   0.226  -3.959   4.372   1.320   4.373   0.226   0.230   1.293 -13.881 -10.667  -4.779   4.336   3.267
26   0.309  -3.815   4.452   1.424   4.452   0.309   0.313   1.400 -13.667 -10.485  -4.645   4.416   3.347
27   0.394  -3.673   4.531   1.520   4.531   0.394   0.399   1.499 -13.479 -10.325  -4.526   4.495   3.426
28   0.483  -3.531   4.609   1.605   4.610   0.483   0.488   1.588 -13.326 -10.191  -4.428   4.573   3.504
29   0.576  -3.391   4.687   1.679   4.687   0.576   0.581   1.665 -13.214 -10.088  -4.352   4.651   3.582
30   0.673  -3.251   4.764   1.740   4.764   0.673   0.679   1.728 -13.150 -10.019  -4.304   4.728   3.659
31   0.778  -3.111   4.839   1.785   4.840   0.778   0.783   1.776 -13.144  -9.992  -4.288   4.803   3.734
32   0.893  -2.969   4.913   1.812   4.913   0.893   0.899   1.805 -13.204 -10.010  -4.310   4.877   3.808
33   1.027  -2.818   4.983   1.817   4.983   1.027   1.033   1.812 -13.344 -10.085  -4.377   4.947   3.878
34   1.129  -2.711   5.026   1.810   5.027   1.129   1.134   1.806 -13.472 -10.159  -4.441   4.991   3.921
35   1.312  -2.533   5.085   1.773   5.086   1.312   1.316   1.770 -13.756 -10.337  -4.590   5.050   3.980
36   1.527  -2.337   5.135   1.708   5.136   1.527   1.532   1.706 -14.129 -10.579  -4.788   5.100   4.030
37   1.774  -2.126   5.175   1.615   5.176   1.774   1.778   1.614 -14.594 -10.888  -5.037   5.140   4.070
38   2.057  -1.897   5.205   1.486   5.206   2.057   2.061   1.485 -15.181 -11.286  -5.353   5.170   4.100
39   2.328  -1.686   5.228   1.356   5.229   2.328   2.332   1.355 -15.765 -11.683  -5.665   5.192   4.123
40   2.548  -1.515   5.245   1.252   5.247   2.548   2.552   1.252 -16.243 -12.005  -5.915   5.209   4.140
41   2.730  -1.373   5.260   1.171   5.262   2.730   2.734   1.170 -16.636 -12.266  -6.117   5.224   4.155
42   2.884  -1.253   5.274   1.105   5.277   2.884   2.888   1.104 -16.968 -12.485  -6.285   5.238   4.170
43   3.020  -1.146   5.287   1.050   5.292   3.020   3.024   1.049 -17.257 -12.673  -6.428   5.251   4.184
44   3.142  -1.049   5.300   1.004   5.306   3.142   3.147   1.003 -17.515 -12.839  -6.553   5.264   4.198
45   3.255  -0.958   5.314   0.964   5.321   3.255   3.260   0.964 -17.749 -12.988  -6.664   5.278   4.212
46   3.360  -0.872   5.328   0.931   5.337   3.360   3.365   0.930 -17.965 -13.123  -6.764   5.292   4.227
47   3.460  -0.790   5.342   0.902   5.353   3.460   3.465   0.902 -18.166 -13.247  -6.854   5.306   4.242
48   3.555  -0.710   5.357   0.878   5.371   3.555   3.561   0.877 -18.354 -13.362  -6.937   5.321   4.258
49   3.616  -0.658   5.367   0.864   5.383   3.616   3.622   0.863 -18.474 -13.434  -6.988   5.331   4.269
50   3.676  -0.607   5.378   0.851   5.395   3.676   3.683   0.851 -18.589 -13.503  -7.037   5.342   4.281
51   3.735  -0.556   5.389   0.841   5.408   3.735   3.742   0.840 -18.700 -13.568  -7.082   5.353   4.293
52   3.793  -0.506   5.400   0.832   5.421   3.793   3.800   0.831 -18.807 -13.630  -7.125   5.364   4.305
53   3.849  -0.455   5.412   0.824   5.435   3.849   3.856   0.824 -18.910 -13.690  -7.165   5.375   4.318
 
 
  
  
 84 MOLECULES(/+ATOMS) HAVE BEEN CONSIDERED IN THE OPACITY
 A B S O R P T I O N   C O E F F I C I E N T S  [CM/MOL]
 K  SO2   TiH   CO2   OH    CrH   CH    AlCl  ZrO   PO    NaCl  SiS   NO    LiF   HCN   C3    C2H2  MgH   TiO   CaH   SiO   LiCl  PH3   H2    C2    KCl   HCl   CP    LiH   NaH   AlF   FeH   BeH   MgF   CaF   CH4   CO    CN    H2CO  NH3   AlO   VO    SiH   PN    CS    KF    H2O   PS    SN    AlH   NaF   HS    NH  
  Al    Be    Ca    Cl    C     Cr    Fe    F     K     Li    Mg    Na    N     O     P     Si    S     Ti    V     Zr    O2    O3    COS   N2O   SO3   H2S   CS2   NO2   N2    S2    SO    C2H4
  1 10.97 10.49  9.66 10.11  9.76 10.70 10.96 11.06  6.11  5.40  6.24 10.36  6.69  6.96  7.11 11.08 10.63 10.89 11.00 10.58  6.66  6.45 -0.60 10.16  5.40 10.75  8.70  7.01 10.68  6.70  9.10  8.51  7.23 11.11 10.45 10.69 10.28  6.81 10.75  9.87 10.60  9.03  9.37 11.00  6.05 10.45  8.20  5.70  9.85  6.24 10.83 10.61
***  8.29 10.58  3.99  4.85 10.87 11.51  3.21 16.32 11.08 11.70  7.77  3.07  2.78  9.47 11.47  7.80 11.01 11.24 11.17 10.66 10.73  7.13  6.87  7.14  5.66 11.61 10.81-35.19 10.68 11.22  6.59
  2 10.97 10.48  9.66 10.11  9.76 10.70 10.95 11.06  6.11  5.41  6.24 10.36  6.69  6.96  7.11 11.08 10.63 10.88 11.00 10.58  6.65  6.45 -0.60 10.16  5.41 10.75  8.70  7.01 10.68  6.69  9.09  8.51  7.23 11.11 10.45 10.69 10.28  6.82 10.75  9.87 10.59  9.02  9.37 11.00  6.05 10.45  8.20  5.71  9.85  6.24 10.83 10.61
***  8.29 10.58  3.99  4.86 10.88 11.51  3.21 16.18 11.09 11.71  7.80  3.08  2.78  9.49 11.47  7.80 11.02 11.24 11.16 10.66 10.73  7.12  6.85  7.14  5.66 11.61 10.81-35.16 10.68 11.22  6.59
  3 10.97 10.48  9.66 10.11  9.77 10.70 10.95 11.06  6.11  5.42  6.24 10.36  6.69  6.95  7.10 11.08 10.63 10.88 11.00 10.58  6.65  6.45 -0.60 10.16  5.42 10.75  8.70  7.01 10.68  6.69  9.08  8.50  7.23 11.11 10.45 10.69 10.27  6.83 10.75  9.86 10.59  9.02  9.37 11.00  6.04 10.45  8.20  5.71  9.84  6.23 10.83 10.61
***  8.29 10.59  3.99  4.87 10.89 11.50  3.21 16.08 11.10 11.71  7.83  3.09  2.79  9.50 11.47  7.80 11.03 11.24 11.16 10.66 10.73  7.11  6.84  7.14  5.66 11.61 10.81-35.13 10.68 11.22  6.59
  4 10.97 10.47  9.66 10.11  9.77 10.70 10.94 11.06  6.11  5.43  6.24 10.36  6.68  6.95  7.09 11.08 10.63 10.88 11.00 10.58  6.65  6.45 -0.60 10.16  5.43 10.75  8.71  7.01 10.68  6.69  9.08  8.50  7.23 11.11 10.45 10.69 10.27  6.83 10.75  9.86 10.58  9.02  9.37 11.00  6.04 10.45  8.19  5.71  9.84  6.23 10.83 10.61
***  8.29 10.60  3.99  4.88 10.90 11.50  3.21 15.96 11.11 11.71  7.86  3.11  2.79  9.52 11.47  7.80 11.04 11.25 11.15 10.66 10.73  7.10  6.83  7.14  5.66 11.61 10.81-35.11 10.68 11.22  6.59
  5 10.97 10.47  9.66 10.11  9.77 10.70 10.94 11.06  6.11  5.43  6.24 10.36  6.68  6.95  7.09 11.08 10.63 10.88 11.00 10.58  6.65  6.45 -0.60 10.16  5.43 10.75  8.71  7.01 10.68  6.69  9.08  8.50  7.23 11.11 10.45 10.69 10.27  6.83 10.75  9.86 10.58  9.02  9.37 11.00  6.04 10.45  8.19  5.71  9.84  6.23 10.83 10.61
***  8.29 10.60  3.99  4.89 10.90 11.50  3.21 15.87 11.11 11.71  7.90  3.12  2.79  9.56 11.47  7.80 11.04 11.25 11.15 10.66 10.73  7.10  6.83  7.14  5.66 11.61 10.81-35.11 10.68 11.22  6.59
  6 10.97 10.47  9.66 10.11  9.77 10.70 10.94 11.06  6.11  5.43  6.24 10.36  6.68  6.95  7.09 11.08 10.63 10.88 11.00 10.58  6.65  6.45 -0.60 10.16  5.43 10.75  8.71  7.01 10.68  6.69  9.08  8.50  7.23 11.11 10.45 10.69 10.27  6.83 10.75  9.86 10.58  9.02  9.37 11.00  6.04 10.45  8.19  5.71  9.84  6.23 10.83 10.61
***  8.29 10.61  3.99  4.90 10.91 11.50  3.21 15.79 11.12 11.72  7.94  3.14  2.79  9.60 11.47  7.80 11.05 11.25 11.14 10.66 10.73  7.10  6.83  7.14  5.66 11.61 10.81-35.11 10.68 11.22  6.59
  7 10.97 10.47  9.66 10.11  9.77 10.70 10.94 11.06  6.11  5.43  6.24 10.36  6.68  6.95  7.09 11.08 10.63 10.88 11.00 10.58  6.65  6.45 -0.60 10.16  5.43 10.75  8.71  7.01 10.68  6.69  9.08  8.50  7.23 11.11 10.45 10.69 10.27  6.83 10.75  9.86 10.58  9.02  9.37 11.00  6.04 10.45  8.19  5.71  9.84  6.23 10.83 10.61
***  8.29 10.62  3.99  4.91 10.92 11.50  3.21 15.70 11.13 11.73  7.98  3.15  2.79  9.63 11.47  7.80 11.06 11.25 11.14 10.66 10.73  7.10  6.83  7.14  5.66 11.61 10.81-35.11 10.68 11.22  6.59
  8 10.97 10.47  9.66 10.11  9.77 10.70 10.94 11.06  6.11  5.43  6.24 10.36  6.68  6.95  7.09 11.08 10.63 10.88 11.00 10.58  6.65  6.45 -0.60 10.16  5.43 10.75  8.71  7.01 10.68  6.69  9.08  8.50  7.23 11.11 10.45 10.69 10.27  6.83 10.75  9.86 10.58  9.02  9.37 11.00  6.04 10.45  8.19  5.71  9.84  6.23 10.83 10.61
***  8.29 10.62  3.99  4.92 10.93 11.50  3.21 15.59 11.14 11.73  8.02  3.17  2.79  9.66 11.46  7.80 11.06 11.26 11.14 10.66 10.73  7.10  6.83  7.14  5.66 11.61 10.81-35.11 10.68 11.22  6.59
  9 10.97 10.47  9.66 10.11  9.77 10.70 10.94 11.06  6.11  5.43  6.24 10.36  6.68  6.95  7.09 11.08 10.63 10.88 11.00 10.58  6.65  6.45 -0.60 10.16  5.43 10.75  8.71  7.01 10.68  6.69  9.08  8.50  7.23 11.11 10.45 10.69 10.27  6.83 10.75  9.86 10.58  9.02  9.37 11.00  6.04 10.45  8.19  5.71  9.84  6.23 10.83 10.61
***  8.29 10.62  3.99  4.93 10.93 11.50  3.21 15.52 11.15 11.73  8.09  3.19  2.79  9.69 11.46  7.81 11.07 11.26 11.13 10.66 10.73  7.10  6.83  7.14  5.66 11.61 10.81-35.11 10.68 11.22  6.59
 10 10.97 10.47  9.66 10.11  9.77 10.70 10.94 11.06  6.11  5.43  6.24 10.36  6.68  6.95  7.09 11.08 10.63 10.88 11.00 10.58  6.65  6.45 -0.60 10.16  5.43 10.75  8.71  7.01 10.68  6.69  9.08  8.50  7.23 11.11 10.45 10.69 10.27  6.83 10.75  9.86 10.58  9.02  9.37 11.00  6.04 10.45  8.19  5.71  9.84  6.23 10.83 10.61
***  8.29 10.62  3.99  4.94 10.94 11.49  3.21 15.45 11.16 11.74  8.15  3.21  2.79  9.72 11.46  7.81 11.08 11.26 11.13 10.66 10.73  7.10  6.83  7.14  5.66 11.61 10.81-35.11 10.68 11.22  6.59
 11 10.97 10.47  9.66 10.11  9.77 10.70 10.94 11.06  6.11  5.43  6.24 10.36  6.68  6.95  7.09 11.08 10.63 10.88 11.00 10.58  6.65  6.45 -0.60 10.16  5.43 10.75  8.71  7.01 10.68  6.69  9.08  8.50  7.23 11.11 10.45 10.69 10.27  6.83 10.75  9.86 10.58  9.02  9.37 11.00  6.04 10.45  8.19  5.71  9.84  6.23 10.83 10.61
***  8.29 10.62  3.99  4.95 10.94 11.49  3.21 15.36 11.17 11.74  8.20  3.22  2.79  9.74 11.47  7.81 11.08 11.26 11.12 10.66 10.73  7.10  6.83  7.14  5.66 11.61 10.81-35.11 10.68 11.22  6.59
 12 10.97 10.47  9.66 10.11  9.77 10.70 10.94 11.06  6.11  5.43  6.24 10.36  6.68  6.95  7.09 11.08 10.63 10.88 11.00 10.58  6.65  6.45 -0.60 10.16  5.43 10.75  8.71  7.01 10.68  6.69  9.08  8.50  7.23 11.11 10.45 10.69 10.27  6.83 10.75  9.86 10.58  9.02  9.37 11.00  6.04 10.45  8.19  5.71  9.84  6.23 10.83 10.61
***  8.29 10.62  3.99  4.96 10.95 11.49  3.21 15.25 11.18 11.74  8.25  3.24  2.79  9.77 11.46  7.81 11.09 11.27 11.12 10.66 10.73  7.10  6.83  7.14  5.66 11.61 10.81-35.11 10.68 11.22  6.59
 13 10.97 10.47  9.66 10.11  9.77 10.70 10.94 11.06  6.11  5.43  6.24 10.36  6.68  6.95  7.09 11.08 10.63 10.88 11.00 10.58  6.65  6.45 -0.60 10.16  5.43 10.75  8.71  7.01 10.68  6.69  9.08  8.50  7.23 11.11 10.45 10.69 10.27  6.83 10.75  9.86 10.58  9.02  9.37 11.00  6.04 10.45  8.19  5.71  9.84  6.23 10.83 10.61
***  8.29 10.63  3.99  4.97 10.96 11.49  3.21 15.19 11.19 11.74  8.33  3.26  2.79  9.78 11.46  7.81 11.09 11.27 11.11 10.66 10.73  7.10  6.83  7.14  5.66 11.61 10.81-35.11 10.68 11.22  6.59
 14 10.97 10.47  9.66 10.11  9.77 10.70 10.94 11.06  6.11  5.43  6.24 10.36  6.68  6.95  7.09 11.08 10.63 10.88 11.00 10.58  6.65  6.45 -0.60 10.16  5.43 10.75  8.71  7.01 10.68  6.69  9.08  8.50  7.23 11.11 10.45 10.69 10.27  6.83 10.75  9.86 10.58  9.02  9.37 11.00  6.04 10.45  8.19  5.71  9.84  6.23 10.83 10.61
***  8.29 10.63  3.99  4.98 10.96 11.49  3.21 15.12 11.20 11.74  8.39  3.28  2.79  9.80 11.46  7.81 11.10 11.27 11.11 10.66 10.73  7.10  6.83  7.14  5.66 11.61 10.81-35.11 10.68 11.22  6.59
 15 10.97 10.47  9.66 10.11  9.77 10.70 10.94 11.06  6.11  5.43  6.24 10.36  6.68  6.95  7.09 11.08 10.63 10.88 11.00 10.58  6.65  6.45 -0.60 10.16  5.43 10.75  8.71  7.01 10.68  6.69  9.08  8.50  7.23 11.11 10.45 10.69 10.27  6.83 10.75  9.86 10.58  9.02  9.37 11.00  6.04 10.45  8.19  5.71  9.84  6.23 10.83 10.61
***  8.29 10.64  3.99  4.99 10.97 11.49  3.21 15.04 11.21 11.75  8.45  3.30  2.79  9.81 11.46  7.81 11.10 11.27 11.11 10.66 10.73  7.10  6.83  7.14  5.66 11.61 10.81-35.11 10.68 11.22  6.59
 16 10.97 10.47  9.66 10.11  9.77 10.70 10.94 11.06  6.11  5.43  6.24 10.36  6.68  6.95  7.09 11.08 10.63 10.88 11.00 10.58  6.65  6.45 -0.60 10.16  5.43 10.75  8.71  7.01 10.68  6.69  9.08  8.50  7.23 11.11 10.45 10.69 10.27  6.83 10.75  9.86 10.58  9.02  9.37 11.00  6.04 10.45  8.19  5.71  9.84  6.23 10.83 10.61
***  8.29 10.65  3.99  5.00 10.97 11.48  3.21 14.94 11.22 11.75  8.50  3.31  2.79  9.83 11.46  7.81 11.11 11.28 11.10 10.66 10.73  7.10  6.83  7.14  5.66 11.61 10.81-35.11 10.68 11.22  6.59
 17 10.97 10.47  9.66 10.11  9.77 10.70 10.94 11.06  6.11  5.43  6.24 10.36  6.68  6.95  7.09 11.08 10.63 10.88 11.00 10.58  6.65  6.45 -0.60 10.16  5.43 10.75  8.71  7.01 10.68  6.69  9.08  8.50  7.23 11.11 10.45 10.69 10.27  6.83 10.75  9.86 10.58  9.02  9.37 11.00  6.04 10.45  8.19  5.71  9.84  6.23 10.83 10.61
***  8.29 10.65  3.99  5.01 10.98 11.48  3.21 14.87 11.22 11.75  8.59  3.33  2.79  9.84 11.46  7.81 11.11 11.28 11.10 10.66 10.73  7.10  6.83  7.14  5.66 11.61 10.81-35.11 10.68 11.22  6.59
 18 10.97 10.47  9.66 10.11  9.77 10.70 10.94 11.06  6.11  5.43  6.24 10.36  6.68  6.95  7.09 11.08 10.63 10.88 11.00 10.58  6.65  6.45 -0.60 10.16  5.43 10.75  8.71  7.01 10.68  6.69  9.08  8.50  7.23 11.11 10.45 10.69 10.27  6.83 10.75  9.86 10.58  9.02  9.37 11.00  6.04 10.45  8.19  5.71  9.84  6.23 10.83 10.61
***  8.29 10.65  3.99  5.02 10.98 11.48  3.21 14.80 11.23 11.75  8.67  3.35  2.79  9.87 11.46  7.81 11.12 11.28 11.10 10.66 10.73  7.10  6.83  7.14  5.66 11.61 10.81-35.11 10.68 11.22  6.59
 19 10.97 10.47  9.66 10.11  9.77 10.70 10.94 11.06  6.11  5.43  6.24 10.36  6.68  6.95  7.09 11.08 10.63 10.88 11.00 10.58  6.65  6.45 -0.60 10.16  5.43 10.75  8.71  7.01 10.68  6.69  9.08  8.50  7.23 11.11 10.45 10.69 10.27  6.83 10.75  9.86 10.58  9.02  9.37 11.00  6.04 10.45  8.19  5.71  9.84  6.23 10.83 10.61
***  8.29 10.65  3.99  5.03 10.99 11.48  3.21 14.72 11.24 11.76  8.73  3.36  2.80  9.90 11.46  7.81 11.12 11.28 11.09 10.66 10.73  7.10  6.83  7.14  5.66 11.61 10.81-35.11 10.68 11.22  6.59
 20 10.97 10.47  9.66 10.11  9.77 10.70 10.94 11.06  6.11  5.43  6.24 10.36  6.68  6.95  7.09 11.08 10.63 10.88 11.00 10.58  6.65  6.45 -0.60 10.16  5.43 10.75  8.71  7.01 10.68  6.69  9.08  8.50  7.23 11.11 10.45 10.69 10.27  6.83 10.75  9.86 10.58  9.02  9.37 11.00  6.04 10.45  8.19  5.71  9.84  6.23 10.83 10.61
***  8.29 10.65  3.99  5.04 10.99 11.48  3.21 14.62 11.24 11.76  8.79  3.38  2.80  9.92 11.46  7.81 11.13 11.28 11.09 10.66 10.73  7.10  6.83  7.14  5.66 11.61 10.81-35.11 10.68 11.22  6.59
 21 10.97 10.47  9.66 10.11  9.77 10.70 10.94 11.06  6.11  5.43  6.24 10.36  6.68  6.95  7.09 11.08 10.63 10.88 11.00 10.58  6.65  6.45 -0.60 10.16  5.43 10.75  8.71  7.01 10.68  6.69  9.08  8.50  7.23 11.11 10.45 10.69 10.27  6.83 10.75  9.86 10.58  9.02  9.37 11.00  6.04 10.45  8.19  5.71  9.84  6.23 10.83 10.61
***  8.29 10.65  3.99  5.05 11.00 11.48  3.21 14.54 11.25 11.76  8.88  3.40  2.80  9.94 11.46  7.81 11.13 11.29 11.09 10.66 10.73  7.10  6.83  7.14  5.66 11.61 10.81-35.11 10.68 11.22  6.59
 22 10.97 10.47  9.66 10.11  9.77 10.70 10.94 11.06  6.11  5.43  6.24 10.36  6.68  6.95  7.09 11.08 10.63 10.88 11.00 10.58  6.65  6.45 -0.60 10.16  5.43 10.75  8.71  7.01 10.68  6.69  9.08  8.50  7.23 11.11 10.45 10.69 10.27  6.83 10.75  9.86 10.58  9.02  9.37 11.00  6.04 10.45  8.19  5.71  9.84  6.23 10.83 10.61
***  8.29 10.66  3.99  5.06 11.00 11.48  3.21 14.48 11.25 11.76  8.97  3.41  2.80  9.95 11.46  7.81 11.14 11.29 11.08 10.66 10.73  7.10  6.83  7.14  5.66 11.61 10.81-35.11 10.68 11.22  6.59
 23 10.97 10.47  9.66 10.11  9.77 10.70 10.94 11.06  6.11  5.43  6.24 10.36  6.68  6.95  7.09 11.08 10.63 10.88 11.00 10.58  6.65  6.45 -0.60 10.16  5.43 10.75  8.71  7.01 10.68  6.69  9.08  8.50  7.23 11.11 10.45 10.69 10.27  6.83 10.75  9.86 10.58  9.02  9.37 11.00  6.04 10.45  8.19  5.71  9.84  6.23 10.83 10.61
***  8.29 10.67  3.99  5.08 11.01 11.48  3.21 14.40 11.26 11.76  9.04  3.43  2.80  9.97 11.46  7.81 11.14 11.29 11.08 10.66 10.73  7.10  6.83  7.14  5.66 11.61 10.81-35.11 10.68 11.22  6.59
 24 10.97 10.47  9.66 10.11  9.77 10.70 10.94 11.06  6.11  5.43  6.24 10.36  6.68  6.95  7.09 11.08 10.63 10.88 11.00 10.58  6.65  6.45 -0.60 10.16  5.43 10.75  8.71  7.01 10.68  6.69  9.08  8.50  7.23 11.11 10.45 10.69 10.27  6.83 10.75  9.86 10.58  9.02  9.37 11.00  6.04 10.45  8.19  5.71  9.84  6.23 10.83 10.61
***  8.29 10.67  3.99  5.09 11.01 11.47  3.21 14.31 11.27 11.77  9.10  3.45  2.80  9.99 11.46  7.81 11.15 11.29 11.08 10.66 10.73  7.10  6.83  7.14  5.66 11.61 10.81-35.11 10.68 11.22  6.59
 25 10.97 10.47  9.66 10.11  9.77 10.70 10.94 11.06  6.11  5.43  6.24 10.36  6.68  6.95  7.09 11.08 10.63 10.88 11.00 10.58  6.65  6.45 -0.60 10.16  5.43 10.75  8.71  7.01 10.68  6.69  9.08  8.50  7.23 11.11 10.45 10.69 10.27  6.83 10.75  9.86 10.58  9.02  9.37 11.00  6.04 10.45  8.19  5.71  9.84  6.23 10.83 10.61
***  8.29 10.68  3.99  5.11 11.02 11.47  3.21 14.22 11.27 11.77  9.18  3.48  2.80 10.01 11.46  7.81 11.15 11.29 11.07 10.66 10.73  7.10  6.83  7.14  5.66 11.61 10.81-35.11 10.68 11.22  6.59
 26 10.97 10.47  9.66 10.11  9.77 10.70 10.94 11.06  6.11  5.43  6.24 10.36  6.68  6.95  7.09 11.08 10.63 10.88 11.00 10.58  6.65  6.45 -0.60 10.16  5.43 10.75  8.71  7.01 10.68  6.69  9.08  8.50  7.23 11.11 10.45 10.69 10.27  6.83 10.75  9.86 10.58  9.02  9.37 11.00  6.04 10.45  8.19  5.71  9.84  6.23 10.83 10.61
***  8.29 10.69  4.00  5.13 11.03 11.47  3.21 14.16 11.28 11.78  9.27  3.51  2.81 10.04 11.45  7.81 11.16 11.29 11.07 10.66 10.73  7.10  6.83  7.14  5.66 11.61 10.81-35.11 10.68 11.22  6.59
 27 10.97 10.47  9.66 10.11  9.77 10.70 10.94 11.06  6.11  5.43  6.24 10.36  6.68  6.95  7.09 11.08 10.63 10.88 11.00 10.58  6.65  6.45 -0.60 10.16  5.43 10.75  8.71  7.01 10.68  6.69  9.08  8.50  7.23 11.11 10.45 10.69 10.27  6.83 10.75  9.86 10.58  9.02  9.37 11.00  6.04 10.45  8.19  5.71  9.84  6.23 10.83 10.61
***  8.29 10.69  4.00  5.16 11.03 11.47  3.21 14.08 11.29 11.78  9.35  3.54  2.81 10.07 11.45  7.81 11.17 11.30 11.06 10.66 10.73  7.10  6.83  7.14  5.66 11.61 10.81-35.11 10.68 11.22  6.59
 28 10.97 10.47  9.66 10.11  9.77 10.70 10.94 11.06  6.11  5.43  6.24 10.36  6.68  6.95  7.09 11.08 10.63 10.88 11.00 10.58  6.65  6.45 -0.60 10.16  5.43 10.75  8.71  7.01 10.68  6.69  9.08  8.50  7.23 11.11 10.45 10.69 10.27  6.83 10.75  9.86 10.58  9.02  9.37 11.00  6.04 10.45  8.19  5.71  9.84  6.23 10.83 10.61
***  8.29 10.70  4.00  5.20 11.04 11.47  3.21 13.99 11.31 11.78  9.41  3.58  2.82 10.10 11.45  7.81 11.18 11.30 11.05 10.66 10.73  7.10  6.83  7.14  5.66 11.61 10.81-35.11 10.68 11.22  6.59
 29 10.97 10.47  9.66 10.11  9.77 10.70 10.94 11.06  6.11  5.43  6.24 10.36  6.68  6.95  7.09 11.08 10.63 10.88 11.00 10.58  6.65  6.45 -0.60 10.16  5.43 10.75  8.71  7.01 10.68  6.69  9.08  8.50  7.23 11.11 10.45 10.69 10.27  6.83 10.75  9.86 10.58  9.02  9.37 11.00  6.04 10.45  8.19  5.71  9.84  6.23 10.83 10.61
***  8.29 10.71  4.01  5.25 11.05 11.46  3.21 13.90 11.32 11.78  9.48  3.63  2.83 10.14 11.45  7.81 11.18 11.30 11.05 10.66 10.73  7.10  6.83  7.14  5.66 11.61 10.81-35.11 10.68 11.22  6.59
 30 10.97 10.47  9.66 10.11  9.77 10.70 10.94 11.06  6.11  5.43  6.24 10.36  6.68  6.95  7.09 11.08 10.63 10.88 11.00 10.58  6.65  6.45 -0.60 10.16  5.43 10.75  8.71  7.01 10.68  6.69  9.08  8.50  7.23 11.11 10.45 10.69 10.27  6.83 10.75  9.86 10.58  9.02  9.37 11.00  6.04 10.45  8.19  5.71  9.84  6.23 10.83 10.61
***  8.29 10.72  4.01  5.31 11.07 11.46  3.21 13.84 11.33 11.78  9.57  3.69  2.85 10.19 11.45  7.82 11.19 11.31 11.04 10.66 10.73  7.10  6.83  7.14  5.66 11.61 10.81-35.11 10.68 11.22  6.59
 31 10.97 10.47  9.66 10.11  9.77 10.70 10.94 11.06  6.11  5.43  6.24 10.36  6.68  6.95  7.09 11.08 10.63 10.88 11.00 10.58  6.65  6.45 -0.60 10.16  5.43 10.75  8.71  7.01 10.68  6.69  9.08  8.50  7.23 11.11 10.45 10.69 10.27  6.83 10.75  9.86 10.58  9.02  9.37 11.00  6.04 10.45  8.19  5.71  9.84  6.23 10.83 10.61
***  8.29 10.74  4.03  5.39 11.08 11.45  3.21 13.77 11.35 11.80  9.65  3.76  2.89 10.23 11.45  7.82 11.21 11.31 11.03 10.66 10.73  7.10  6.83  7.14  5.66 11.61 10.81-35.11 10.68 11.22  6.59
 32 10.97 10.47  9.66 10.11  9.77 10.70 10.94 11.06  6.11  5.43  6.24 10.36  6.68  6.95  7.09 11.08 10.63 10.88 11.00 10.58  6.65  6.45 -0.60 10.16  5.43 10.75  8.71  7.01 10.68  6.69  9.08  8.50  7.23 11.11 10.45 10.69 10.27  6.83 10.75  9.86 10.58  9.02  9.37 11.00  6.04 10.45  8.19  5.71  9.84  6.23 10.83 10.61
***  8.29 10.76  4.06  5.50 11.09 11.45  3.21 13.70 11.37 11.79  9.72  3.85  2.95 10.30 11.44  7.82 11.22 11.31 11.01 10.66 10.73  7.10  6.83  7.14  5.66 11.61 10.81-35.11 10.68 11.22  6.59
 33 10.97 10.47  9.66 10.11  9.77 10.70 10.94 11.06  6.11  5.43  6.24 10.36  6.68  6.95  7.09 11.08 10.63 10.88 11.00 10.58  6.65  6.45 -0.60 10.16  5.43 10.75  8.71  7.01 10.68  6.69  9.08  8.50  7.23 11.11 10.45 10.69 10.27  6.83 10.75  9.86 10.58  9.02  9.37 11.00  6.04 10.45  8.19  5.71  9.84  6.23 10.83 10.61
***  8.28 10.78  4.10  5.64 11.11 11.44  3.21 13.61 11.39 11.79  9.77  3.96  3.07 10.36 11.45  7.82 11.23 11.32 11.00 10.66 10.73  7.10  6.83  7.14  5.66 11.61 10.81-35.11 10.68 11.22  6.59
 34 10.97 10.47  9.66 10.11  9.77 10.70 10.94 11.06  6.11  5.43  6.24 10.36  6.68  6.95  7.09 11.08 10.63 10.88 11.00 10.58  6.65  6.45 -0.60 10.16  5.43 10.75  8.71  7.01 10.68  6.69  9.08  8.50  7.23 11.11 10.45 10.69 10.27  6.83 10.75  9.86 10.58  9.02  9.37 11.00  6.04 10.45  8.19  5.71  9.84  6.23 10.83 10.61
***  8.28 10.80  4.15  5.75 11.12 11.44  3.21 13.56 11.40 11.80  9.82  4.04  3.17 10.40 11.44  7.82 11.24 11.32 10.99 10.66 10.73  7.10  6.83  7.14  5.66 11.61 10.81-35.11 10.68 11.22  6.59
 35 10.97 10.47  9.66 10.11  9.77 10.70 10.94 11.06  6.11  5.43  6.24 10.36  6.68  6.95  7.09 11.08 10.63 10.88 11.00 10.58  6.65  6.45 -0.60 10.16  5.43 10.75  8.71  7.01 10.68  6.69  9.08  8.50  7.23 11.11 10.45 10.69 10.27  6.83 10.75  9.86 10.58  9.02  9.37 11.00  6.04 10.45  8.19  5.71  9.84  6.23 10.83 10.61
***  8.28 10.83  4.27  5.94 11.13 11.43  3.21 13.52 11.43 11.81  9.89  4.20  3.40 10.47 11.44  7.82 11.26 11.33 10.97 10.66 10.73  7.10  6.83  7.14  5.66 11.61 10.81-35.11 10.68 11.22  6.59
 36 10.97 10.47  9.66 10.11  9.77 10.70 10.94 11.06  6.11  5.43  6.24 10.36  6.68  6.95  7.09 11.08 10.63 10.88 11.00 10.58  6.65  6.45 -0.60 10.16  5.43 10.75  8.71  7.01 10.68  6.69  9.08  8.50  7.23 11.11 10.45 10.69 10.27  6.83 10.75  9.86 10.58  9.02  9.37 11.00  6.04 10.45  8.19  5.71  9.84  6.23 10.83 10.61
***  8.28 10.86  4.46  6.16 11.15 11.42  3.21 13.48 11.45 11.81  9.95  4.39  3.68 10.56 11.43  7.83 11.28 11.33 10.95 10.66 10.73  7.10  6.83  7.14  5.66 11.61 10.81-35.11 10.68 11.22  6.59
 37 10.97 10.47  9.66 10.11  9.77 10.70 10.94 11.06  6.11  5.43  6.24 10.36  6.68  6.95  7.09 11.08 10.63 10.88 11.00 10.58  6.65  6.45 -0.60 10.16  5.43 10.75  8.71  7.01 10.68  6.69  9.08  8.50  7.23 11.11 10.45 10.69 10.27  6.83 10.75  9.86 10.58  9.02  9.37 11.00  6.04 10.45  8.19  5.71  9.84  6.23 10.83 10.61
***  8.28 10.86  4.46  6.16 11.15 11.42  3.21 13.44 11.45 11.81  9.98  4.39  3.68 10.56 11.43  7.83 11.28 11.33 10.95 10.66 10.73  7.10  6.83  7.14  5.66 11.61 10.81-35.11 10.68 11.22  6.59
 38 10.97 10.47  9.66 10.11  9.77 10.70 10.94 11.06  6.11  5.43  6.24 10.36  6.68  6.95  7.09 11.08 10.63 10.88 11.00 10.58  6.65  6.45 -0.60 10.16  5.43 10.75  8.71  7.01 10.68  6.69  9.08  8.50  7.23 11.11 10.45 10.69 10.27  6.83 10.75  9.86 10.58  9.02  9.37 11.00  6.04 10.45  8.19  5.71  9.84  6.23 10.83 10.61
***  8.28 10.86  4.46  6.16 11.15 11.42  3.21 13.41 11.45 11.81 10.01  4.39  3.68 10.56 11.43  7.83 11.28 11.33 10.95 10.66 10.73  7.10  6.83  7.14  5.66 11.61 10.81-35.11 10.68 11.22  6.59
 39 10.97 10.47  9.66 10.11  9.77 10.70 10.94 11.06  6.11  5.43  6.24 10.36  6.68  6.95  7.09 11.08 10.63 10.88 11.00 10.58  6.65  6.45 -0.60 10.16  5.43 10.75  8.71  7.01 10.68  6.69  9.08  8.50  7.23 11.11 10.45 10.69 10.27  6.83 10.75  9.86 10.58  9.02  9.37 11.00  6.04 10.45  8.19  5.71  9.84  6.23 10.83 10.61
***  8.28 10.86  4.46  6.16 11.15 11.42  3.21 13.38 11.45 11.81 10.03  4.39  3.68 10.56 11.43  7.83 11.28 11.33 10.95 10.66 10.73  7.10  6.83  7.14  5.66 11.61 10.81-35.11 10.68 11.22  6.59
 40 10.97 10.47  9.66 10.11  9.77 10.70 10.94 11.06  6.11  5.43  6.24 10.36  6.68  6.95  7.09 11.08 10.63 10.88 11.00 10.58  6.65  6.45 -0.60 10.16  5.43 10.75  8.71  7.01 10.68  6.69  9.08  8.50  7.23 11.11 10.45 10.69 10.27  6.83 10.75  9.86 10.58  9.02  9.37 11.00  6.04 10.45  8.19  5.71  9.84  6.23 10.83 10.61
***  8.28 10.86  4.46  6.16 11.15 11.42  3.21 13.36 11.45 11.81 10.05  4.39  3.68 10.56 11.43  7.83 11.28 11.33 10.95 10.66 10.73  7.10  6.83  7.14  5.66 11.61 10.81-35.11 10.68 11.22  6.59
 41 10.97 10.47  9.66 10.11  9.77 10.70 10.94 11.06  6.11  5.43  6.24 10.36  6.68  6.95  7.09 11.08 10.63 10.88 11.00 10.58  6.65  6.45 -0.60 10.16  5.43 10.75  8.71  7.01 10.68  6.69  9.08  8.50  7.23 11.11 10.45 10.69 10.27  6.83 10.75  9.86 10.58  9.02  9.37 11.00  6.04 10.45  8.19  5.71  9.84  6.23 10.83 10.61
***  8.28 10.86  4.46  6.16 11.15 11.42  3.21 13.34 11.45 11.81 10.06  4.39  3.68 10.56 11.43  7.83 11.28 11.33 10.95 10.66 10.73  7.10  6.83  7.14  5.66 11.61 10.81-35.11 10.68 11.22  6.59
 42 10.97 10.47  9.66 10.11  9.77 10.70 10.94 11.06  6.11  5.43  6.24 10.36  6.68  6.95  7.09 11.08 10.63 10.88 11.00 10.58  6.65  6.45 -0.60 10.16  5.43 10.75  8.71  7.01 10.68  6.69  9.08  8.50  7.23 11.11 10.45 10.69 10.27  6.83 10.75  9.86 10.58  9.02  9.37 11.00  6.04 10.45  8.19  5.71  9.84  6.23 10.83 10.61
***  8.28 10.86  4.46  6.16 11.15 11.42  3.21 13.33 11.45 11.81 10.07  4.39  3.68 10.56 11.43  7.83 11.28 11.33 10.95 10.66 10.73  7.10  6.83  7.14  5.66 11.61 10.81-35.11 10.68 11.22  6.59
 43 10.97 10.47  9.66 10.11  9.77 10.70 10.94 11.06  6.11  5.43  6.24 10.36  6.68  6.95  7.09 11.08 10.63 10.88 11.00 10.58  6.65  6.45 -0.60 10.16  5.43 10.75  8.71  7.01 10.68  6.69  9.08  8.50  7.23 11.11 10.45 10.69 10.27  6.83 10.75  9.86 10.58  9.02  9.37 11.00  6.04 10.45  8.19  5.71  9.84  6.23 10.83 10.61
***  8.28 10.86  4.46  6.16 11.15 11.42  3.21 13.31 11.45 11.81 10.08  4.39  3.68 10.56 11.43  7.83 11.28 11.33 10.95 10.66 10.73  7.10  6.83  7.14  5.66 11.61 10.81-35.11 10.68 11.22  6.59
 44 10.97 10.47  9.66 10.11  9.77 10.70 10.94 11.06  6.11  5.43  6.24 10.36  6.68  6.95  7.09 11.08 10.63 10.88 11.00 10.58  6.65  6.45 -0.60 10.16  5.43 10.75  8.71  7.01 10.68  6.69  9.08  8.50  7.23 11.11 10.45 10.69 10.27  6.83 10.75  9.86 10.58  9.02  9.37 11.00  6.04 10.45  8.19  5.71  9.84  6.23 10.83 10.61
***  8.28 10.86  4.46  6.16 11.15 11.42  3.21 13.29 11.45 11.81 10.09  4.39  3.68 10.56 11.43  7.83 11.28 11.33 10.95 10.66 10.73  7.10  6.83  7.14  5.66 11.61 10.81-35.11 10.68 11.22  6.59
 45 10.97 10.47  9.66 10.11  9.77 10.70 10.94 11.06  6.11  5.43  6.24 10.36  6.68  6.95  7.09 11.08 10.63 10.88 11.00 10.58  6.65  6.45 -0.60 10.16  5.43 10.75  8.71  7.01 10.68  6.69  9.08  8.50  7.23 11.11 10.45 10.69 10.27  6.83 10.75  9.86 10.58  9.02  9.37 11.00  6.04 10.45  8.19  5.71  9.84  6.23 10.83 10.61
***  8.28 10.86  4.46  6.16 11.15 11.42  3.21 13.27 11.45 11.81 10.10  4.39  3.68 10.56 11.43  7.83 11.28 11.33 10.95 10.66 10.73  7.10  6.83  7.14  5.66 11.61 10.81-35.11 10.68 11.22  6.59
 46 10.97 10.47  9.66 10.11  9.77 10.70 10.94 11.06  6.11  5.43  6.24 10.36  6.68  6.95  7.09 11.08 10.63 10.88 11.00 10.58  6.65  6.45 -0.60 10.16  5.43 10.75  8.71  7.01 10.68  6.69  9.08  8.50  7.23 11.11 10.45 10.69 10.27  6.83 10.75  9.86 10.58  9.02  9.37 11.00  6.04 10.45  8.19  5.71  9.84  6.23 10.83 10.61
***  8.28 10.86  4.46  6.16 11.15 11.42  3.21 13.25 11.45 11.81 10.12  4.39  3.68 10.56 11.43  7.83 11.28 11.33 10.95 10.66 10.73  7.10  6.83  7.14  5.66 11.61 10.81-35.11 10.68 11.22  6.59
 47 10.97 10.47  9.66 10.11  9.77 10.70 10.94 11.06  6.11  5.43  6.24 10.36  6.68  6.95  7.09 11.08 10.63 10.88 11.00 10.58  6.65  6.45 -0.60 10.16  5.43 10.75  8.71  7.01 10.68  6.69  9.08  8.50  7.23 11.11 10.45 10.69 10.27  6.83 10.75  9.86 10.58  9.02  9.37 11.00  6.04 10.45  8.19  5.71  9.84  6.23 10.83 10.61
***  8.28 10.86  4.46  6.16 11.15 11.42  3.21 13.24 11.45 11.81 10.14  4.39  3.68 10.56 11.43  7.83 11.28 11.33 10.95 10.66 10.73  7.10  6.83  7.14  5.66 11.61 10.81-35.11 10.68 11.22  6.59
 48 10.97 10.47  9.66 10.11  9.77 10.70 10.94 11.06  6.11  5.43  6.24 10.36  6.68  6.95  7.09 11.08 10.63 10.88 11.00 10.58  6.65  6.45 -0.60 10.16  5.43 10.75  8.71  7.01 10.68  6.69  9.08  8.50  7.23 11.11 10.45 10.69 10.27  6.83 10.75  9.86 10.58  9.02  9.37 11.00  6.04 10.45  8.19  5.71  9.84  6.23 10.83 10.61
***  8.28 10.86  4.46  6.16 11.15 11.42  3.21 13.22 11.45 11.81 10.16  4.39  3.68 10.56 11.43  7.83 11.28 11.33 10.95 10.66 10.73  7.10  6.83  7.14  5.66 11.61 10.81-35.11 10.68 11.22  6.59
 49 10.97 10.47  9.66 10.11  9.77 10.70 10.94 11.06  6.11  5.43  6.24 10.36  6.68  6.95  7.09 11.08 10.63 10.88 11.00 10.58  6.65  6.45 -0.60 10.16  5.43 10.75  8.71  7.01 10.68  6.69  9.08  8.50  7.23 11.11 10.45 10.69 10.27  6.83 10.75  9.86 10.58  9.02  9.37 11.00  6.04 10.45  8.19  5.71  9.84  6.23 10.83 10.61
***  8.28 10.86  4.46  6.16 11.15 11.42  3.21 13.21 11.45 11.81 10.18  4.39  3.68 10.56 11.43  7.83 11.28 11.33 10.95 10.66 10.73  7.10  6.83  7.14  5.66 11.61 10.81-35.11 10.68 11.22  6.59
 50 10.97 10.47  9.66 10.11  9.77 10.70 10.94 11.06  6.11  5.43  6.24 10.36  6.68  6.95  7.09 11.08 10.63 10.88 11.00 10.58  6.65  6.45 -0.60 10.16  5.43 10.75  8.71  7.01 10.68  6.69  9.08  8.50  7.23 11.11 10.45 10.69 10.27  6.83 10.75  9.86 10.58  9.02  9.37 11.00  6.04 10.45  8.19  5.71  9.84  6.23 10.83 10.61
***  8.28 10.86  4.46  6.16 11.15 11.42  3.21 13.20 11.45 11.81 10.19  4.39  3.68 10.56 11.43  7.83 11.28 11.33 10.95 10.66 10.73  7.10  6.83  7.14  5.66 11.61 10.81-35.11 10.68 11.22  6.59
 51 10.97 10.47  9.66 10.11  9.77 10.70 10.94 11.06  6.11  5.43  6.24 10.36  6.68  6.95  7.09 11.08 10.63 10.88 11.00 10.58  6.65  6.45 -0.60 10.16  5.43 10.75  8.71  7.01 10.68  6.69  9.08  8.50  7.23 11.11 10.45 10.69 10.27  6.83 10.75  9.86 10.58  9.02  9.37 11.00  6.04 10.45  8.19  5.71  9.84  6.23 10.83 10.61
***  8.28 10.86  4.46  6.16 11.15 11.42  3.21 13.19 11.45 11.81 10.21  4.39  3.68 10.56 11.43  7.83 11.28 11.33 10.95 10.66 10.73  7.10  6.83  7.14  5.66 11.61 10.81-35.11 10.68 11.22  6.59
 52 10.97 10.47  9.66 10.11  9.77 10.70 10.94 11.06  6.11  5.43  6.24 10.36  6.68  6.95  7.09 11.08 10.63 10.88 11.00 10.58  6.65  6.45 -0.60 10.16  5.43 10.75  8.71  7.01 10.68  6.69  9.08  8.50  7.23 11.11 10.45 10.69 10.27  6.83 10.75  9.86 10.58  9.02  9.37 11.00  6.04 10.45  8.19  5.71  9.84  6.23 10.83 10.61
***  8.28 10.86  4.46  6.16 11.15 11.42  3.21 13.18 11.45 11.81 10.22  4.39  3.68 10.56 11.43  7.83 11.28 11.33 10.95 10.66 10.73  7.10  6.83  7.14  5.66 11.61 10.81-35.11 10.68 11.22  6.59
 53 10.97 10.47  9.66 10.11  9.77 10.70 10.94 11.06  6.11  5.43  6.24 10.36  6.68  6.95  7.09 11.08 10.63 10.88 11.00 10.58  6.65  6.45 -0.60 10.16  5.43 10.75  8.71  7.01 10.68  6.69  9.08  8.50  7.23 11.11 10.45 10.69 10.27  6.83 10.75  9.86 10.58  9.02  9.37 11.00  6.04 10.45  8.19  5.71  9.84  6.23 10.83 10.61
***  8.28 10.86  4.46  6.16 11.15 11.42  3.21 13.17 11.45 11.81 10.24  4.39  3.68 10.56 11.43  7.83 11.28 11.33 10.95 10.66 10.73  7.10  6.83  7.14  5.66 11.61 10.81-35.11 10.68 11.22  6.59
  
  
 I N T E G R A T E D   O P A C I T Y   [CM/G*]
 K  SO2   TiH   CO2   OH    CrH   CH    AlCl  ZrO   PO    NaCl  SiS   NO    LiF   HCN   C3    C2H2  MgH   TiO   CaH   SiO   LiCl  PH3   H2    C2    KCl   HCl   CP    LiH   NaH   AlF   FeH   BeH   MgF   CaF   CH4   CO    CN    H2CO  NH3   AlO   VO    SiH   PN    CS    KF    H2O   PS    SN    AlH   NaF   HS    NH  
  Al    Be    Ca    Cl    C     Cr    Fe    F     K     Li    Mg    Na    N     O     P     Si    S     Ti    V     Zr    O2    O3    COS   N2O   SO3   H2S   CS2   NO2   N2    S2    SO    C2H4
  1  -7.9  -4.5  -2.3   2.8  -4.5   2.0  -6.3  -3.7  -5.9 -14.1  -5.4   1.1 -16.9  -4.7  -8.5  -5.8  -0.5  -3.0  -2.8   2.4 -17.0 -16.6  -4.7  -0.0 -15.9   0.3  -4.1 -13.0  -4.8  -9.6  -2.8  -7.7  -8.5  -6.8 -12.2   6.7   1.9 -11.2  -7.6  -4.4  -4.9  -0.9  -2.4   1.1 -15.6  -0.7  -6.7  -6.6  -3.4 -13.6   1.5   1.3
***  -2.5   1.7  -2.6   0.8   2.6   6.1  -4.4   4.5  -3.4   6.0  -1.9  -1.3  -0.8   2.7   6.6   2.8   1.6   1.2  -0.3  -0.3 -13.0  -8.5 -11.7 -22.6  -8.7  -8.3  -9.0 -41.7  -3.5  -0.3 -22.5
  2  -7.7  -4.3  -2.2   2.8  -4.4   2.1  -6.2  -3.6  -5.9 -14.0  -5.4   1.1 -16.7  -4.6  -8.4  -5.6  -0.4  -3.0  -2.6   2.4 -16.8 -16.3  -4.6   0.0 -15.7   0.4  -4.0 -12.8  -4.6  -9.5  -2.7  -7.6  -8.4  -6.6 -11.9   6.7   2.0 -11.0  -7.4  -4.3  -4.9  -0.8  -2.3   1.2 -15.4  -0.5  -6.6  -6.5  -3.3 -13.5   1.6   1.4
***  -2.5   1.8  -2.6   0.8   2.6   6.1  -4.4   4.5  -3.3   6.0  -1.8  -1.3  -0.8   2.7   6.6   2.8   1.7   1.2  -0.3  -0.3 -12.8  -8.4 -11.6 -22.4  -8.6  -8.2  -8.8 -41.6  -3.4  -0.2 -22.2
  3  -7.7  -4.2  -2.2   2.9  -4.3   2.2  -6.1  -3.6  -5.8 -13.9  -5.3   1.1 -16.7  -4.6  -8.3  -5.4  -0.3  -2.9  -2.5   2.4 -16.8 -16.1  -4.6   0.1 -15.6   0.4  -4.0 -12.7  -4.5  -9.5  -2.6  -7.5  -8.3  -6.6 -11.6   6.6   2.0 -10.8  -7.2  -4.3  -4.8  -0.7  -2.3   1.2 -15.3  -0.4  -6.5  -6.5  -3.2 -13.4   1.6   1.5
***  -2.5   1.8  -2.6   0.8   2.7   6.1  -4.4   4.4  -3.3   6.0  -1.8  -1.3  -0.8   2.7   6.6   2.8   1.7   1.2  -0.3  -0.2 -12.7  -8.4 -11.5 -22.2  -8.4  -8.1  -8.7 -41.6  -3.4  -0.2 -21.9
  4  -7.6  -4.2  -2.2   2.9  -4.2   2.2  -6.1  -3.6  -5.8 -13.8  -5.3   1.2 -16.6  -4.5  -8.3  -5.3  -0.2  -2.9  -2.5   2.4 -16.7 -15.9  -4.6   0.2 -15.6   0.5  -3.9 -12.6  -4.4  -9.4  -2.5  -7.5  -8.3  -6.6 -11.5   6.6   2.0 -10.7  -7.1  -4.2  -4.8  -0.7  -2.3   1.2 -15.3  -0.3  -6.5  -6.5  -3.1 -13.4   1.7   1.5
***  -2.5   1.8  -2.6   0.9   2.7   6.1  -4.4   4.3  -3.3   6.0  -1.7  -1.3  -0.8   2.7   6.6   2.8   1.7   1.3  -0.3  -0.2 -12.5  -8.3 -11.5 -22.1  -8.3  -8.0  -8.6 -41.6  -3.3  -0.2 -21.6
  5  -7.5  -4.1  -2.2   3.0  -4.1   2.3  -6.1  -3.6  -5.8 -13.8  -5.3   1.2 -16.6  -4.5  -8.2  -5.2  -0.2  -2.9  -2.4   2.4 -16.7 -15.8  -4.5   0.2 -15.5   0.5  -3.9 -12.5  -4.3  -9.4  -2.5  -7.4  -8.3  -6.5 -11.3   6.6   2.0 -10.6  -6.9  -4.2  -4.8  -0.6  -2.3   1.2 -15.2  -0.3  -6.5  -6.4  -3.1 -13.3   1.7   1.6
***  -2.5   1.8  -2.6   0.9   2.7   6.1  -4.4   4.3  -3.2   6.0  -1.6  -1.2  -0.8   2.8   6.6   2.8   1.7   1.3  -0.3  -0.1 -12.4  -8.3 -11.4 -22.0  -8.2  -8.0  -8.6 -41.7  -3.3  -0.1 -21.4
  6  -7.5  -4.0  -2.1   3.0  -4.1   2.4  -6.0  -3.6  -5.8 -13.7  -5.3   1.2 -16.6  -4.5  -8.1  -5.1  -0.1  -2.9  -2.3   2.4 -16.6 -15.6  -4.5   0.3 -15.4   0.5  -3.8 -12.4  -4.2  -9.4  -2.4  -7.3  -8.3  -6.5 -11.1   6.6   2.0 -10.5  -6.8  -4.1  -4.8  -0.6  -2.3   1.2 -15.2  -0.2  -6.5  -6.4  -3.0 -13.3   1.7   1.6
***  -2.5   1.8  -2.6   0.9   2.7   6.0  -4.4   4.2  -3.2   6.0  -1.6  -1.2  -0.8   2.8   6.6   2.8   1.7   1.3  -0.3  -0.1 -12.3  -8.3 -11.4 -21.9  -8.2  -7.9  -8.5 -41.7  -3.2  -0.1 -21.2
  7  -7.4  -4.0  -2.1   3.1  -4.0   2.4  -6.0  -3.6  -5.7 -13.6  -5.3   1.2 -16.5  -4.4  -8.1  -5.0  -0.0  -2.9  -2.2   2.3 -16.6 -15.5  -4.5   0.3 -15.4   0.6  -3.8 -12.4  -4.1  -9.4  -2.3  -7.3  -8.3  -6.5 -11.0   6.6   2.0 -10.4  -6.7  -4.1  -4.8  -0.6  -2.3   1.3 -15.1  -0.1  -6.4  -6.4  -2.9 -13.2   1.8   1.7
***  -2.5   1.8  -2.6   0.9   2.7   6.0  -4.4   4.2  -3.2   6.0  -1.5  -1.2  -0.8   2.9   6.6   2.8   1.7   1.3  -0.3  -0.1 -12.2  -8.2 -11.3 -21.8  -8.1  -7.9  -8.4 -41.7  -3.2  -0.1 -21.0
  8  -7.4  -3.9  -2.1   3.1  -3.9   2.5  -6.0  -3.6  -5.7 -13.6  -5.3   1.2 -16.5  -4.4  -8.0  -4.9   0.0  -2.9  -2.2   2.3 -16.5 -15.3  -4.4   0.4 -15.3   0.6  -3.8 -12.3  -4.1  -9.4  -2.3  -7.2  -8.2  -6.4 -10.8   6.5   2.0 -10.3  -6.6  -4.0  -4.7  -0.5  -2.3   1.3 -15.0  -0.1  -6.4  -6.3  -2.9 -13.2   1.8   1.7
***  -2.5   1.9  -2.6   1.0   2.7   6.0  -4.4   4.1  -3.1   6.0  -1.5  -1.2  -0.8   2.9   6.6   2.8   1.7   1.3  -0.3  -0.0 -12.0  -8.2 -11.3 -21.7  -8.0  -7.8  -8.3 -41.8  -3.2  -0.0 -20.8
  9  -7.3  -3.8  -2.1   3.1  -3.9   2.5  -5.9  -3.6  -5.7 -13.5  -5.3   1.2 -16.5  -4.4  -8.0  -4.8   0.1  -2.9  -2.1   2.3 -16.5 -15.2  -4.4   0.4 -15.2   0.6  -3.8 -12.2  -4.0  -9.4  -2.2  -7.2  -8.2  -6.4 -10.7   6.5   2.1 -10.2  -6.5  -4.0  -4.7  -0.5  -2.3   1.3 -15.0  -0.0  -6.4  -6.3  -2.8 -13.1   1.9   1.8
***  -2.5   1.9  -2.6   1.0   2.7   6.0  -4.4   4.0  -3.1   6.0  -1.4  -1.2  -0.8   2.9   6.5   2.8   1.7   1.3  -0.3   0.0 -11.9  -8.2 -11.2 -21.6  -7.9  -7.8  -8.3 -41.8  -3.1  -0.0 -20.7
 10  -7.2  -3.8  -2.1   3.2  -3.8   2.6  -5.9  -3.6  -5.7 -13.5  -5.3   1.3 -16.4  -4.3  -7.9  -4.7   0.1  -2.8  -2.0   2.3 -16.4 -15.0  -4.4   0.4 -15.2   0.7  -3.7 -12.2  -3.9  -9.3  -2.2  -7.1  -8.2  -6.4 -10.5   6.5   2.1 -10.1  -6.4  -3.9  -4.7  -0.4  -2.3   1.3 -14.9   0.1  -6.3  -6.3  -2.7 -13.1   1.9   1.8
***  -2.5   1.9  -2.6   1.0   2.7   6.0  -4.4   4.0  -3.1   6.0  -1.3  -1.2  -0.8   2.9   6.5   2.8   1.7   1.3  -0.3   0.1 -11.8  -8.1 -11.2 -21.5  -7.8  -7.7  -8.2 -41.8  -3.1   0.0 -20.5
 11  -7.2  -3.7  -2.1   3.2  -3.7   2.7  -5.8  -3.6  -5.7 -13.4  -5.3   1.3 -16.4  -4.3  -7.9  -4.6   0.2  -2.8  -2.0   2.3 -16.4 -14.9  -4.3   0.5 -15.1   0.7  -3.7 -12.1  -3.8  -9.3  -2.1  -7.1  -8.2  -6.3 -10.3   6.5   2.1 -10.0  -6.3  -3.9  -4.7  -0.4  -2.3   1.3 -14.9   0.1  -6.3  -6.3  -2.7 -13.0   2.0   1.8
***  -2.5   1.9  -2.6   1.0   2.7   6.0  -4.4   3.9  -3.1   6.0  -1.2  -1.1  -0.8   3.0   6.5   2.8   1.8   1.3  -0.3   0.1 -11.7  -8.1 -11.2 -21.4  -7.8  -7.7  -8.1 -41.8  -3.1   0.0 -20.3
 12  -7.1  -3.6  -2.1   3.2  -3.7   2.7  -5.8  -3.6  -5.6 -13.4  -5.3   1.3 -16.4  -4.3  -7.8  -4.6   0.2  -2.8  -1.9   2.3 -16.4 -14.8  -4.3   0.5 -15.0   0.7  -3.7 -12.0  -3.7  -9.3  -2.0  -7.0  -8.1  -6.3 -10.2   6.4   2.1  -9.9  -6.1  -3.9  -4.7  -0.3  -2.3   1.3 -14.8   0.2  -6.3  -6.2  -2.6 -13.0   2.0   1.9
***  -2.5   1.9  -2.6   1.0   2.8   6.0  -4.4   3.9  -3.0   6.0  -1.1  -1.1  -0.8   3.0   6.5   2.8   1.8   1.3  -0.3   0.1 -11.6  -8.1 -11.1 -21.3  -7.7  -7.6  -8.1 -41.9  -3.0   0.1 -20.1
 13  -7.1  -3.6  -2.1   3.3  -3.6   2.8  -5.8  -3.6  -5.6 -13.3  -5.3   1.3 -16.3  -4.2  -7.8  -4.5   0.3  -2.8  -1.8   2.3 -16.3 -14.6  -4.3   0.6 -15.0   0.8  -3.7 -11.9  -3.7  -9.3  -2.0  -7.0  -8.1  -6.3 -10.0   6.4   2.1  -9.8  -6.0  -3.8  -4.7  -0.3  -2.3   1.3 -14.8   0.2  -6.2  -6.2  -2.6 -12.9   2.0   1.9
***  -2.5   1.9  -2.6   1.1   2.8   6.0  -4.4   3.8  -3.0   6.0  -1.0  -1.1  -0.8   3.0   6.5   2.8   1.8   1.3  -0.3   0.2 -11.5  -8.1 -11.1 -21.2  -7.6  -7.6  -8.0 -41.9  -3.0   0.1 -19.9
 14  -7.0  -3.5  -2.1   3.3  -3.5   2.8  -5.7  -3.6  -5.6 -13.2  -5.3   1.3 -16.3  -4.2  -7.7  -4.4   0.3  -2.8  -1.8   2.3 -16.2 -14.5  -4.2   0.6 -14.9   0.8  -3.6 -11.9  -3.6  -9.3  -1.9  -6.9  -8.1  -6.2  -9.9   6.4   2.1  -9.8  -5.9  -3.8  -4.6  -0.3  -2.3   1.3 -14.7   0.3  -6.2  -6.2  -2.5 -12.9   2.1   2.0
***  -2.5   1.9  -2.6   1.1   2.8   6.0  -4.4   3.8  -3.0   6.0  -1.0  -1.1  -0.8   3.0   6.5   2.8   1.8   1.3  -0.3   0.2 -11.4  -8.0 -11.0 -21.1  -7.5  -7.5  -7.9 -41.9  -3.0   0.1 -19.7
 15  -7.0  -3.4  -2.1   3.4  -3.5   2.9  -5.7  -3.5  -5.6 -13.2  -5.3   1.3 -16.2  -4.1  -7.7  -4.3   0.4  -2.7  -1.7   2.3 -16.2 -14.3  -4.2   0.6 -14.8   0.8  -3.6 -11.8  -3.5  -9.2  -1.8  -6.9  -8.0  -6.2  -9.7   6.4   2.1  -9.6  -5.8  -3.7  -4.6  -0.2  -2.2   1.4 -14.6   0.4  -6.2  -6.1  -2.4 -12.8   2.1   2.0
***  -2.5   2.0  -2.6   1.1   2.8   6.0  -4.4   3.7  -2.9   6.0  -0.9  -1.1  -0.8   3.0   6.5   2.8   1.8   1.3  -0.3   0.2 -11.3  -8.0 -10.9 -21.0  -7.4  -7.5  -7.8 -41.9  -2.9   0.2 -19.5
 16  -6.9  -3.4  -2.0   3.4  -3.4   2.9  -5.6  -3.5  -5.5 -13.1  -5.2   1.4 -16.2  -4.1  -7.6  -4.2   0.5  -2.7  -1.6   2.3 -16.1 -14.2  -4.2   0.7 -14.8   0.9  -3.6 -11.7  -3.4  -9.2  -1.8  -6.8  -8.0  -6.1  -9.5   6.4   2.1  -9.5  -5.6  -3.6  -4.6  -0.1  -2.2   1.4 -14.6   0.5  -6.1  -6.1  -2.4 -12.8   2.2   2.1
***  -2.5   2.0  -2.6   1.1   2.8   6.0  -4.4   3.7  -2.9   6.0  -0.8  -1.0  -0.8   3.0   6.5   2.8   1.8   1.3  -0.3   0.3 -11.1  -7.9 -10.9 -20.9  -7.3  -7.4  -7.8 -41.9  -2.9   0.2 -19.3
 17  -6.8  -3.3  -2.0   3.5  -3.3   3.0  -5.6  -3.5  -5.5 -13.0  -5.2   1.4 -16.1  -4.0  -7.6  -4.1   0.5  -2.7  -1.5   2.3 -16.1 -14.0  -4.1   0.7 -14.7   0.9  -3.5 -11.6  -3.3  -9.1  -1.7  -6.7  -7.9  -6.1  -9.4   6.4   2.2  -9.4  -5.5  -3.6  -4.5  -0.1  -2.2   1.4 -14.5   0.5  -6.1  -6.1  -2.3 -12.7   2.2   2.1
***  -2.5   2.0  -2.6   1.1   2.8   6.0  -4.4   3.6  -2.9   6.0  -0.7  -1.0  -0.7   3.1   6.5   2.8   1.8   1.4  -0.3   0.3 -11.0  -7.9 -10.8 -20.8  -7.2  -7.3  -7.7 -41.9  -2.8   0.2 -19.1
 18  -6.7  -3.2  -2.0   3.5  -3.2   3.0  -5.5  -3.5  -5.5 -12.9  -5.2   1.4 -16.1  -4.0  -7.5  -4.0   0.6  -2.6  -1.5   2.3 -16.0 -13.9  -4.1   0.7 -14.6   1.0  -3.5 -11.5  -3.2  -9.1  -1.6  -6.7  -7.9  -6.0  -9.2   6.4   2.2  -9.3  -5.4  -3.5  -4.5  -0.0  -2.2   1.4 -14.4   0.6  -6.1  -6.0  -2.2 -12.6   2.3   2.2
***  -2.5   2.1  -2.6   1.1   2.9   6.0  -4.4   3.6  -2.8   6.0  -0.6  -1.0  -0.7   3.1   6.5   2.8   1.9   1.4  -0.3   0.4 -10.9  -7.8 -10.7 -20.7  -7.1  -7.3  -7.6 -41.9  -2.8   0.3 -18.9
 19  -6.7  -3.1  -1.9   3.5  -3.1   3.1  -5.4  -3.4  -5.4 -12.9  -5.1   1.5 -16.0  -3.9  -7.5  -3.8   0.7  -2.6  -1.4   2.4 -15.9 -13.7  -4.0   0.8 -14.5   1.0  -3.5 -11.4  -3.1  -9.0  -1.5  -6.6  -7.8  -6.0  -9.0   6.4   2.2  -9.2  -5.2  -3.5  -4.4   0.0  -2.2   1.5 -14.3   0.7  -6.0  -6.0  -2.1 -12.5   2.3   2.2
***  -2.5   2.1  -2.6   1.2   2.9   6.0  -4.4   3.6  -2.8   6.0  -0.5  -1.0  -0.7   3.1   6.5   2.8   1.9   1.4  -0.3   0.4 -10.8  -7.8 -10.7 -20.6  -7.0  -7.2  -7.5 -41.9  -2.7   0.3 -18.7
 20  -6.6  -3.0  -1.9   3.6  -3.1   3.1  -5.4  -3.4  -5.4 -12.8  -5.1   1.5 -15.9  -3.8  -7.4  -3.7   0.8  -2.5  -1.3   2.4 -15.8 -13.5  -4.0   0.8 -14.4   1.1  -3.4 -11.3  -3.0  -9.0  -1.5  -6.6  -7.8  -5.9  -8.8   6.4   2.2  -9.1  -5.1  -3.4  -4.4   0.1  -2.1   1.5 -14.3   0.8  -6.0  -6.0  -2.0 -12.5   2.4   2.3
***  -2.5   2.1  -2.6   1.2   2.9   6.0  -4.4   3.5  -2.8   6.1  -0.4  -1.0  -0.7   3.1   6.5   2.8   1.9   1.4  -0.2   0.4 -10.7  -7.7 -10.6 -20.5  -6.9  -7.1  -7.4 -41.9  -2.7   0.4 -18.4
 21  -6.5  -2.9  -1.8   3.6  -3.0   3.2  -5.3  -3.3  -5.4 -12.7  -5.1   1.5 -15.9  -3.8  -7.4  -3.6   0.9  -2.5  -1.2   2.4 -15.8 -13.4  -3.9   0.8 -14.3   1.1  -3.4 -11.2  -2.9  -8.9  -1.4  -6.5  -7.7  -5.8  -8.6   6.4   2.2  -8.9  -4.9  -3.3  -4.3   0.2  -2.1   1.5 -14.2   0.9  -5.9  -5.9  -1.9 -12.4   2.4   2.4
***  -2.5   2.1  -2.6   1.2   2.9   6.0  -4.4   3.5  -2.7   6.1  -0.3  -1.0  -0.7   3.2   6.5   2.8   1.9   1.5  -0.2   0.5 -10.6  -7.7 -10.5 -20.4  -6.8  -7.1  -7.3 -41.9  -2.7   0.4 -18.2
 22  -6.4  -2.9  -1.8   3.7  -2.9   3.2  -5.2  -3.3  -5.3 -12.6  -5.0   1.5 -15.8  -3.7  -7.3  -3.5   0.9  -2.4  -1.1   2.4 -15.7 -13.2  -3.9   0.9 -14.2   1.2  -3.4 -11.1  -2.8  -8.9  -1.3  -6.4  -7.7  -5.8  -8.4   6.4   2.3  -8.8  -4.8  -3.2  -4.3   0.2  -2.1   1.5 -14.1   1.0  -5.9  -5.9  -1.9 -12.3   2.5   2.4
***  -2.5   2.2  -2.6   1.2   3.0   6.0  -4.4   3.4  -2.7   6.1  -0.1  -0.9  -0.7   3.2   6.6   2.8   2.0   1.5  -0.2   0.5 -10.5  -7.6 -10.4 -20.2  -6.7  -7.0  -7.3 -41.9  -2.6   0.4 -18.0
 23  -6.4  -2.8  -1.8   3.7  -2.8   3.3  -5.2  -3.3  -5.3 -12.5  -5.0   1.6 -15.7  -3.7  -7.2  -3.4   1.0  -2.4  -1.0   2.5 -15.6 -13.0  -3.8   0.9 -14.2   1.2  -3.3 -11.1  -2.7  -8.8  -1.2  -6.4  -7.6  -5.7  -8.2   6.4   2.3  -8.7  -4.6  -3.2  -4.2   0.3  -2.1   1.5 -14.0   1.1  -5.8  -5.8  -1.8 -12.2   2.5   2.5
***  -2.5   2.2  -2.6   1.2   3.0   6.0  -4.4   3.4  -2.7   6.1  -0.0  -0.9  -0.7   3.2   6.6   2.8   2.0   1.5  -0.2   0.6 -10.4  -7.6 -10.4 -20.1  -6.6  -6.9  -7.2 -41.9  -2.6   0.5 -17.8
 24  -6.3  -2.7  -1.8   3.8  -2.7   3.4  -5.1  -3.2  -5.3 -12.5  -5.0   1.6 -15.7  -3.6  -7.2  -3.3   1.1  -2.4  -0.9   2.5 -15.6 -12.9  -3.8   0.9 -14.1   1.2  -3.3 -11.0  -2.6  -8.8  -1.2  -6.3  -7.6  -5.7  -8.1   6.3   2.3  -8.6  -4.5  -3.1  -4.2   0.3  -2.0   1.6 -14.0   1.1  -5.8  -5.8  -1.7 -12.2   2.6   2.5
***  -2.5   2.2  -2.6   1.2   3.0   6.0  -4.4   3.3  -2.6   6.1   0.1  -0.9  -0.7   3.2   6.6   2.8   2.0   1.5  -0.2   0.6 -10.2  -7.5 -10.3 -20.0  -6.5  -6.9  -7.1 -41.9  -2.5   0.5 -17.6
 25  -6.2  -2.6  -1.7   3.8  -2.7   3.4  -5.1  -3.2  -5.3 -12.4  -5.0   1.6 -15.7  -3.6  -7.1  -3.2   1.1  -2.3  -0.9   2.5 -15.5 -12.7  -3.8   1.0 -14.0   1.3  -3.3 -10.9  -2.6  -8.8  -1.1  -6.3  -7.5  -5.6  -7.9   6.3   2.3  -8.5  -4.4  -3.1  -4.2   0.4  -2.0   1.6 -13.9   1.2  -5.8  -5.8  -1.6 -12.1   2.6   2.6
***  -2.6   2.2  -2.6   1.3   3.0   6.0  -4.4   3.3  -2.6   6.1   0.2  -0.9  -0.7   3.2   6.6   2.8   2.0   1.5  -0.2   0.6 -10.1  -7.5 -10.3 -19.9  -6.5  -6.8  -7.0 -41.9  -2.5   0.5 -17.4
 26  -6.2  -2.6  -1.7   3.8  -2.6   3.5  -5.0  -3.2  -5.2 -12.4  -5.0   1.6 -15.6  -3.5  -7.1  -3.1   1.2  -2.3  -0.8   2.5 -15.5 -12.6  -3.7   1.0 -14.0   1.3  -3.3 -10.8  -2.5  -8.8  -1.0  -6.2  -7.5  -5.6  -7.8   6.3   2.3  -8.4  -4.3  -3.0  -4.2   0.4  -2.0   1.6 -13.8   1.2  -5.7  -5.7  -1.6 -12.1   2.6   2.6
***  -2.6   2.3  -2.6   1.3   3.0   6.0  -4.4   3.3  -2.6   6.1   0.3  -0.9  -0.7   3.3   6.5   2.8   2.0   1.5  -0.2   0.7 -10.0  -7.5 -10.2 -19.9  -6.4  -6.8  -7.0 -41.9  -2.5   0.6 -17.2
 27  -6.2  -2.5  -1.8   3.9  -2.6   3.5  -5.0  -3.3  -5.2 -12.3  -5.0   1.6 -15.6  -3.5  -7.1  -3.1   1.2  -2.3  -0.8   2.4 -15.4 -12.5  -3.7   1.0 -13.9   1.3  -3.2 -10.8  -2.4  -8.8  -1.0  -6.2  -7.5  -5.6  -7.7   6.2   2.3  -8.4  -4.2  -3.0  -4.2   0.4  -2.0   1.6 -13.8   1.3  -5.7  -5.7  -1.6 -12.1   2.7   2.6
***  -2.6   2.3  -2.6   1.3   3.0   6.0  -4.4   3.2  -2.5   6.1   0.4  -0.8  -0.7   3.3   6.5   2.8   2.0   1.5  -0.2   0.7  -9.9  -7.5 -10.2 -19.8  -6.3  -6.8  -6.9 -42.0  -2.4   0.6 -17.1
 28  -6.2  -2.5  -1.8   3.9  -2.5   3.5  -5.0  -3.3  -5.2 -12.3  -5.0   1.6 -15.6  -3.6  -7.1  -3.0   1.2  -2.4  -0.7   2.4 -15.4 -12.4  -3.7   1.0 -13.9   1.3  -3.2 -10.7  -2.4  -8.8  -1.0  -6.1  -7.5  -5.6  -7.6   6.2   2.3  -8.3  -4.2  -3.0  -4.2   0.4  -2.1   1.6 -13.8   1.3  -5.7  -5.7  -1.5 -12.0   2.7   2.7
***  -2.6   2.3  -2.6   1.4   3.0   6.0  -4.4   3.1  -2.5   6.1   0.4  -0.8  -0.7   3.3   6.5   2.8   2.0   1.5  -0.2   0.7  -9.9  -7.5 -10.2 -19.8  -6.3  -6.8  -6.9 -42.0  -2.4   0.6 -17.0
 29  -6.2  -2.5  -1.9   3.9  -2.5   3.6  -5.1  -3.4  -5.3 -12.3  -5.1   1.6 -15.7  -3.6  -7.1  -3.1   1.2  -2.5  -0.7   2.3 -15.5 -12.3  -3.7   1.0 -13.9   1.3  -3.3 -10.7  -2.3  -8.9  -1.0  -6.1  -7.6  -5.6  -7.5   6.1   2.3  -8.3  -4.1  -3.0  -4.3   0.4  -2.1   1.5 -13.8   1.3  -5.7  -5.7  -1.5 -12.1   2.7   2.7
***  -2.6   2.2  -2.6   1.4   3.0   5.9  -4.4   3.0  -2.5   6.0   0.5  -0.7  -0.7   3.4   6.5   2.8   2.0   1.5  -0.3   0.7  -9.8  -7.6 -10.2 -19.9  -6.3  -6.8  -6.9 -42.1  -2.4   0.6 -17.0
 30  -6.2  -2.5  -2.0   3.9  -2.5   3.6  -5.1  -3.5  -5.3 -12.3  -5.2   1.6 -15.7  -3.7  -7.2  -3.1   1.2  -2.6  -0.7   2.2 -15.5 -12.3  -3.7   1.0 -13.9   1.3  -3.3 -10.7  -2.3  -8.9  -1.0  -6.1  -7.7  -5.7  -7.6   6.0   2.2  -8.4  -4.1  -3.1  -4.4   0.4  -2.2   1.5 -13.8   1.3  -5.8  -5.8  -1.5 -12.1   2.7   2.7
***  -2.6   2.2  -2.6   1.5   3.0   5.9  -4.4   3.0  -2.5   6.0   0.6  -0.7  -0.6   3.4   6.4   2.8   2.0   1.4  -0.3   0.7  -9.7  -7.7 -10.3 -19.9  -6.3  -6.8  -6.9 -42.2  -2.4   0.6 -17.0
 31  -6.3  -2.6  -2.2   3.9  -2.6   3.6  -5.2  -3.7  -5.4 -12.4  -5.3   1.5 -15.8  -3.8  -7.3  -3.2   1.1  -2.7  -0.8   2.0 -15.6 -12.3  -3.8   1.0 -13.9   1.3  -3.3 -10.7  -2.3  -9.1  -1.0  -6.1  -7.8  -5.8  -7.6   5.8   2.1  -8.5  -4.2  -3.2  -4.5   0.4  -2.3   1.4 -13.9   1.2  -5.8  -5.8  -1.6 -12.2   2.7   2.7
***  -2.7   2.2  -2.6   1.6   2.9   5.8  -4.4   2.9  -2.6   5.9   0.6  -0.6  -0.6   3.4   6.4   2.8   1.9   1.4  -0.4   0.7  -9.7  -7.8 -10.4 -20.1  -6.3  -6.9  -7.0 -42.4  -2.5   0.5 -17.1
 32  -6.4  -2.6  -2.5   3.8  -2.6   3.6  -5.3  -3.9  -5.5 -12.5  -5.5   1.4 -15.9  -4.0  -7.5  -3.4   1.1  -2.9  -0.8   1.8 -15.7 -12.3  -3.8   1.0 -14.0   1.2  -3.4 -10.8  -2.3  -9.2  -1.1  -6.2  -7.9  -5.9  -7.8   5.6   2.0  -8.7  -4.3  -3.3  -4.7   0.3  -2.4   1.3 -13.9   1.1  -5.9  -5.9  -1.6 -12.2   2.7   2.7
***  -2.7   2.2  -2.6   1.7   2.9   5.7  -4.4   2.8  -2.6   5.8   0.6  -0.5  -0.5   3.5   6.3   2.8   1.9   1.3  -0.5   0.6  -9.7  -8.0 -10.5 -20.3  -6.3  -7.1  -7.0 -42.5  -2.5   0.5 -17.3
 33  -6.6  -2.7  -2.8   3.8  -2.7   3.6  -5.5  -4.2  -5.6 -12.6  -5.7   1.3 -16.1  -4.2  -7.7  -3.7   1.0  -3.1  -0.9   1.5 -15.8 -12.4  -3.9   0.9 -14.1   1.2  -3.5 -10.8  -2.4  -9.4  -1.2  -6.3  -8.1  -6.1  -8.0   5.4   1.9  -8.9  -4.4  -3.4  -4.9   0.2  -2.5   1.2 -14.0   1.0  -5.9  -5.9  -1.7 -12.4   2.6   2.7
***  -2.8   2.1  -2.5   1.9   2.8   5.6  -4.4   2.7  -2.6   5.7   0.7  -0.4  -0.4   3.5   6.2   2.8   1.8   1.2  -0.6   0.6  -9.7  -8.2 -10.7 -20.6  -6.4  -7.3  -7.2 -42.8  -2.6   0.4 -17.6
 34  -6.7  -2.8  -3.0   3.7  -2.8   3.6  -5.6  -4.3  -5.7 -12.6  -5.8   1.2 -16.2  -4.4  -7.9  -3.9   0.9  -3.2  -0.9   1.4 -15.9 -12.5  -3.9   0.8 -14.1   1.1  -3.6 -10.8  -2.4  -9.6  -1.2  -6.3  -8.2  -6.2  -8.1   5.2   1.8  -9.1  -4.5  -3.5  -5.0   0.1  -2.7   1.0 -14.1   0.9  -6.0  -6.0  -1.8 -12.4   2.6   2.6
***  -2.8   2.1  -2.5   2.0   2.8   5.5  -4.4   2.7  -2.6   5.6   0.7  -0.3  -0.3   3.6   6.1   2.8   1.8   1.2  -0.6   0.5  -9.8  -8.4 -10.8 -20.8  -6.5  -7.4  -7.3 -42.9  -2.6   0.3 -17.9
 35  -7.0  -2.9  -3.4   3.6  -2.9   3.5  -5.7  -4.6  -5.8 -12.7  -6.1   1.0 -16.4  -4.7  -8.3  -4.2   0.8  -3.5  -1.0   1.0 -16.0 -12.7  -4.0   0.7 -14.2   1.0  -3.8 -10.9  -2.4  -9.8  -1.3  -6.4  -8.4  -6.4  -8.5   4.9   1.6  -9.4  -4.8  -3.6  -5.2  -0.1  -2.9   0.9 -14.2   0.7  -6.2  -6.1  -1.9 -12.6   2.5   2.6
***  -2.9   2.1  -2.4   2.2   2.7   5.4  -4.4   2.6  -2.6   5.6   0.7  -0.2  -0.1   3.6   6.0   2.8   1.7   1.1  -0.7   0.4  -9.8  -8.8 -11.1 -21.3  -6.7  -7.7  -7.5 -43.2  -2.7   0.2 -18.3
 36  -7.3  -3.0  -3.9   3.5  -2.9   3.4  -5.9  -4.9  -6.0 -12.8  -6.4   0.8 -16.5  -5.1  -8.7  -4.7   0.7  -3.7  -1.1   0.7 -16.1 -12.9  -4.1   0.5 -14.3   0.9  -4.0 -10.9  -2.5 -10.0  -1.4  -6.6  -8.6  -6.6  -8.9   4.6   1.3  -9.8  -5.1  -3.8  -5.5  -0.2  -3.1   0.6 -14.3   0.4  -6.3  -6.3  -2.0 -12.7   2.4   2.5
***  -3.0   2.1  -2.2   2.4   2.7   5.3  -4.4   2.6  -2.6   5.5   0.8   0.0   0.2   3.7   6.0   2.8   1.7   1.1  -0.8   0.3 -10.0  -9.2 -11.4 -21.9  -6.8  -8.1  -7.7 -43.5  -2.9   0.0 -18.9
 37  -7.7  -3.1  -4.5   3.4  -3.0   3.3  -6.1  -5.3  -6.3 -12.9  -6.7   0.6 -16.7  -5.5  -9.1  -5.2   0.6  -4.0  -1.2   0.4 -16.3 -13.2  -4.3   0.3 -14.4   0.8  -4.2 -11.0  -2.5 -10.2  -1.5  -6.7  -8.8  -6.8  -9.4   4.2   1.1 -10.3  -5.4  -4.0  -5.8  -0.4  -3.4   0.4 -14.4   0.1  -6.5  -6.5  -2.1 -12.8   2.3   2.4
***  -3.1   2.1  -2.2   2.4   2.6   5.2  -4.4   2.7  -2.6   5.4   0.9   0.0   0.2   3.7   5.9   2.8   1.6   1.0  -0.8   0.1 -10.1  -9.7 -11.8 -22.6  -7.1  -8.5  -8.0 -43.8  -3.0  -0.2 -19.6
 38  -8.1  -3.2  -5.1   3.2  -3.1   3.2  -6.2  -5.6  -6.6 -13.0  -7.0   0.4 -16.9  -6.0  -9.7  -5.8   0.4  -4.3  -1.3  -0.0 -16.4 -13.6  -4.4   0.1 -14.5   0.6  -4.5 -11.1  -2.5 -10.5  -1.7  -6.9  -9.1  -7.0 -10.0   3.8   0.8 -10.9  -5.8  -4.2  -6.0  -0.6  -3.7   0.0 -14.5  -0.2  -6.8  -6.7  -2.2 -13.0   2.1   2.3
***  -3.2   2.1  -2.2   2.4   2.6   5.2  -4.4   2.7  -2.6   5.3   0.9   0.0   0.2   3.6   5.8   2.8   1.6   1.0  -0.8  -0.1 -10.3 -10.2 -12.2 -23.4  -7.4  -8.9  -8.4 -44.2  -3.2  -0.4 -20.4
 39  -8.5  -3.3  -5.7   3.1  -3.3   3.1  -6.4  -6.0  -6.9 -13.2  -7.3   0.2 -17.1  -6.4 -10.2  -6.4   0.3  -4.6  -1.3  -0.4 -16.6 -13.9  -4.6  -0.2 -14.5   0.5  -4.9 -11.1  -2.6 -10.7  -1.8  -7.1  -9.3  -7.2 -10.6   3.3   0.5 -11.5  -6.3  -4.3  -6.3  -0.7  -4.1  -0.3 -14.7  -0.5  -7.1  -6.9  -2.3 -13.1   2.0   2.2
***  -3.3   2.1  -2.2   2.4   2.6   5.1  -4.4   2.8  -2.5   5.3   1.0   0.0   0.2   3.5   5.7   2.7   1.6   1.0  -0.8  -0.2 -10.6 -10.7 -12.6 -24.3  -7.7  -9.4  -8.7 -44.5  -3.4  -0.6 -21.3
 40  -8.9  -3.4  -6.2   2.9  -3.3   2.9  -6.6  -6.2  -7.1 -13.2  -7.6  -0.0 -17.2  -6.8 -10.6  -6.9   0.2  -4.8  -1.4  -0.7 -16.7 -14.2  -4.7  -0.4 -14.6   0.3  -5.1 -11.2  -2.6 -10.9  -1.9  -7.2  -9.5  -7.4 -11.1   3.0   0.3 -11.9  -6.6  -4.5  -6.5  -0.9  -4.3  -0.5 -14.7  -0.8  -7.3  -7.1  -2.3 -13.2   1.9   2.1
***  -3.4   2.1  -2.2   2.4   2.6   5.1  -4.4   2.8  -2.5   5.2   1.0   0.0   0.2   3.5   5.7   2.7   1.6   1.0  -0.8  -0.4 -10.7 -11.2 -12.9 -25.1  -7.9  -9.8  -9.0 -44.8  -3.6  -0.8 -21.9
 41  -9.2  -3.5  -6.5   2.8  -3.4   2.9  -6.7  -6.5  -7.3 -13.3  -7.8  -0.2 -17.4  -7.1 -11.0  -7.3   0.2  -5.0  -1.5  -0.9 -16.8 -14.5  -4.8  -0.5 -14.7   0.2  -5.3 -11.2  -2.6 -11.1  -2.0  -7.3  -9.6  -7.5 -11.5   2.7   0.1 -12.3  -6.9  -4.6  -6.7  -1.0  -4.6  -0.7 -14.8  -1.0  -7.5  -7.2  -2.4 -13.3   1.8   2.0
***  -3.5   2.2  -2.2   2.4   2.6   5.0  -4.4   2.8  -2.5   5.2   1.1   0.0   0.2   3.4   5.6   2.7   1.6   1.0  -0.8  -0.5 -10.9 -11.6 -13.2 -25.8  -8.1 -10.2  -9.2 -45.1  -3.8  -0.9 -22.5
 42  -9.5  -3.6  -6.9   2.8  -3.5   2.8  -6.8  -6.7  -7.5 -13.4  -8.0  -0.3 -17.4  -7.4 -11.3  -7.6   0.1  -5.2  -1.5  -1.1 -16.9 -14.7  -4.9  -0.6 -14.7   0.1  -5.5 -11.2  -2.6 -11.2  -2.0  -7.4  -9.7  -7.6 -11.9   2.5  -0.0 -12.6  -7.1  -4.7  -6.8  -1.1  -4.8  -0.9 -14.9  -1.2  -7.6  -7.3  -2.4 -13.3   1.7   2.0
***  -3.5   2.2  -2.2   2.4   2.5   5.0  -4.4   2.9  -2.4   5.2   1.1   0.0   0.2   3.4   5.6   2.7   1.6   1.0  -0.8  -0.6 -11.0 -11.9 -13.4 -26.4  -8.3 -10.4  -9.4 -45.3  -3.9  -1.0 -23.0
 43  -9.7  -3.6  -7.2   2.7  -3.5   2.7  -6.8  -6.8  -7.6 -13.4  -8.2  -0.4 -17.5  -7.6 -11.6  -7.9   0.0  -5.3  -1.5  -1.3 -16.9 -14.9  -4.9  -0.8 -14.7   0.1  -5.7 -11.2  -2.6 -11.3  -2.1  -7.5  -9.8  -7.7 -12.2   2.3  -0.2 -12.9  -7.3  -4.7  -6.9  -1.1  -5.0  -1.1 -14.9  -1.4  -7.8  -7.4  -2.5 -13.4   1.6   1.9
***  -3.6   2.2  -2.2   2.3   2.5   5.0  -4.4   2.9  -2.4   5.2   1.1   0.0   0.2   3.4   5.6   2.6   1.6   1.0  -0.8  -0.7 -11.1 -12.1 -13.6 -26.9  -8.4 -10.7  -9.6 -45.4  -4.0  -1.2 -23.4
 44  -9.9  -3.7  -7.4   2.6  -3.6   2.6  -6.9  -7.0  -7.8 -13.5  -8.3  -0.5 -17.6  -7.8 -11.8  -8.2   0.0  -5.4  -1.6  -1.5 -17.0 -15.0  -5.0  -0.9 -14.8  -0.0  -5.8 -11.2  -2.6 -11.4  -2.1  -7.6  -9.9  -7.8 -12.5   2.1  -0.3 -13.1  -7.5  -4.8  -7.0  -1.2  -5.1  -1.2 -14.9  -1.5  -7.9  -7.5  -2.5 -13.5   1.5   1.9
***  -3.6   2.2  -2.2   2.3   2.5   5.0  -4.4   2.9  -2.4   5.2   1.2   0.0   0.2   3.3   5.5   2.6   1.6   1.0  -0.8  -0.7 -11.2 -12.4 -13.8 -27.5  -8.6 -10.9  -9.7 -45.6  -4.1  -1.3 -23.7
 45 -10.1  -3.8  -7.7   2.6  -3.6   2.6  -7.0  -7.1  -7.9 -13.5  -8.5  -0.6 -17.7  -8.0 -12.1  -8.4  -0.0  -5.5  -1.6  -1.6 -17.1 -15.1  -5.0  -1.0 -14.8  -0.1  -6.0 -11.3  -2.6 -11.5  -2.2  -7.7 -10.0  -7.8 -12.7   1.9  -0.4 -13.4  -7.7  -4.9  -7.1  -1.3  -5.3  -1.4 -15.0  -1.6  -8.1  -7.6  -2.6 -13.5   1.4   1.8
***  -3.6   2.2  -2.2   2.3   2.5   5.0  -4.4   3.0  -2.4   5.1   1.2   0.0   0.2   3.3   5.5   2.6   1.6   1.0  -0.8  -0.8 -11.2 -12.6 -13.9 -28.0  -8.7 -11.2  -9.9 -45.7  -4.2  -1.4 -24.1
 46 -10.3  -3.8  -7.9   2.5  -3.6   2.5  -7.0  -7.2  -8.0 -13.5  -8.6  -0.7 -17.7  -8.2 -12.3  -8.6  -0.1  -5.6  -1.6  -1.7 -17.1 -15.3  -5.1  -1.1 -14.8  -0.1  -6.1 -11.3  -2.6 -11.6  -2.2  -7.7 -10.1  -7.9 -12.9   1.8  -0.5 -13.6  -7.8  -4.9  -7.2  -1.3  -5.4  -1.5 -15.0  -1.7  -8.2  -7.7  -2.6 -13.5   1.4   1.8
***  -3.7   2.3  -2.2   2.3   2.5   5.0  -4.4   3.0  -2.4   5.1   1.2   0.0   0.2   3.2   5.5   2.6   1.6   1.0  -0.8  -0.9 -11.3 -12.8 -14.1 -28.5  -8.8 -11.4 -10.0 -45.9  -4.3  -1.5 -24.4
 47 -10.4  -3.9  -8.1   2.5  -3.7   2.5  -7.1  -7.4  -8.1 -13.6  -8.7  -0.8 -17.8  -8.4 -12.5  -8.8  -0.1  -5.7  -1.7  -1.8 -17.2 -15.4  -5.1  -1.1 -14.8  -0.2  -6.2 -11.3  -2.6 -11.6  -2.3  -7.8 -10.1  -8.0 -13.2   1.6  -0.6 -13.8  -7.9  -5.0  -7.3  -1.4  -5.5  -1.6 -15.0  -1.9  -8.3  -7.8  -2.6 -13.6   1.3   1.8
***  -3.7   2.3  -2.2   2.3   2.5   5.0  -4.4   3.0  -2.3   5.1   1.3   0.0   0.2   3.2   5.5   2.5   1.6   1.0  -0.8  -0.9 -11.4 -13.0 -14.2 -28.9  -8.9 -11.6 -10.1 -46.0  -4.4  -1.5 -24.7
 48 -10.6  -3.9  -8.3   2.4  -3.7   2.4  -7.1  -7.5  -8.2 -13.6  -8.8  -0.9 -17.8  -8.5 -12.7  -9.0  -0.1  -5.8  -1.7  -1.9 -17.2 -15.5  -5.2  -1.2 -14.9  -0.3  -6.4 -11.3  -2.6 -11.7  -2.3  -7.8 -10.2  -8.0 -13.4   1.5  -0.7 -14.0  -8.1  -5.0  -7.4  -1.4  -5.7  -1.8 -15.1  -2.0  -8.4  -7.9  -2.6 -13.6   1.3   1.7
***  -3.7   2.3  -2.2   2.3   2.5   5.0  -4.4   3.0  -2.3   5.1   1.3   0.0   0.2   3.2   5.5   2.5   1.6   1.0  -0.8  -1.0 -11.4 -13.2 -14.3 -29.4  -9.0 -11.7 -10.2 -46.1  -4.5  -1.6 -25.0
 49 -10.7  -4.0  -8.4   2.4  -3.7   2.4  -7.2  -7.6  -8.3 -13.6  -8.9  -0.9 -17.8  -8.6 -12.8  -9.2  -0.1  -5.8  -1.7  -2.0 -17.2 -15.6  -5.2  -1.3 -14.9  -0.3  -6.4 -11.3  -2.6 -11.7  -2.3  -7.8 -10.2  -8.1 -13.5   1.4  -0.8 -14.1  -8.2  -5.1  -7.4  -1.5  -5.7  -1.8 -15.1  -2.0  -8.5  -8.0  -2.6 -13.6   1.2   1.7
***  -3.7   2.3  -2.2   2.3   2.5   5.0  -4.4   3.1  -2.3   5.1   1.4   0.0   0.2   3.2   5.5   2.5   1.6   1.0  -0.8  -1.0 -11.5 -13.3 -14.4 -29.7  -9.1 -11.9 -10.3 -46.2  -4.6  -1.7 -25.2
 50 -10.8  -4.0  -8.5   2.4  -3.7   2.4  -7.2  -7.6  -8.4 -13.6  -9.0  -1.0 -17.9  -8.7 -12.9  -9.3  -0.2  -5.9  -1.7  -2.1 -17.2 -15.6  -5.2  -1.3 -14.9  -0.3  -6.5 -11.3  -2.6 -11.8  -2.3  -7.9 -10.2  -8.1 -13.6   1.3  -0.8 -14.2  -8.2  -5.1  -7.4  -1.5  -5.8  -1.9 -15.1  -2.1  -8.6  -8.0  -2.7 -13.6   1.2   1.7
***  -3.7   2.3  -2.2   2.3   2.5   5.0  -4.4   3.1  -2.3   5.1   1.4   0.0   0.2   3.1   5.4   2.5   1.7   1.0  -0.8  -1.0 -11.5 -13.5 -14.5 -30.0  -9.2 -12.0 -10.4 -46.2  -4.6  -1.7 -25.3
 51 -10.9  -4.0  -8.7   2.3  -3.8   2.3  -7.2  -7.7  -8.4 -13.6  -9.0  -1.0 -17.9  -8.8 -13.0  -9.4  -0.2  -5.9  -1.7  -2.1 -17.3 -15.7  -5.3  -1.4 -14.9  -0.4  -6.6 -11.3  -2.6 -11.8  -2.4  -7.9 -10.3  -8.1 -13.7   1.2  -0.9 -14.3  -8.3  -5.1  -7.5  -1.5  -5.9  -2.0 -15.1  -2.1  -8.6  -8.1  -2.7 -13.6   1.2   1.7
***  -3.8   2.3  -2.2   2.2   2.5   5.0  -4.4   3.1  -2.3   5.1   1.4   0.0   0.2   3.1   5.4   2.5   1.7   1.0  -0.8  -1.1 -11.6 -13.6 -14.6 -30.3  -9.2 -12.1 -10.4 -46.3  -4.7  -1.8 -25.5
 52 -11.0  -4.1  -8.8   2.3  -3.8   2.3  -7.3  -7.8  -8.5 -13.7  -9.1  -1.1 -17.9  -8.9 -13.1  -9.5  -0.2  -6.0  -1.7  -2.2 -17.3 -15.7  -5.3  -1.4 -14.9  -0.4  -6.6 -11.3  -2.6 -11.9  -2.4  -7.9 -10.3  -8.2 -13.9   1.1  -0.9 -14.5  -8.4  -5.2  -7.5  -1.5  -6.0  -2.1 -15.1  -2.2  -8.7  -8.1  -2.7 -13.7   1.1   1.7
***  -3.8   2.4  -2.3   2.2   2.5   5.0  -4.4   3.1  -2.3   5.1   1.5   0.0   0.2   3.1   5.4   2.5   1.7   1.0  -0.8  -1.1 -11.6 -13.7 -14.6 -30.7  -9.3 -12.2 -10.5 -46.4  -4.8  -1.8 -25.7
 53 -11.1  -4.1  -8.9   2.3  -3.8   2.3  -7.3  -7.8  -8.6 -13.7  -9.1  -1.1 -18.0  -9.0 -13.3  -9.6  -0.2  -6.0  -1.7  -2.3 -17.3 -15.8  -5.3  -1.5 -14.9  -0.4  -6.7 -11.3  -2.6 -11.9  -2.4  -8.0 -10.3  -8.2 -14.0   1.1  -1.0 -14.6  -8.5  -5.2  -7.6  -1.6  -6.0  -2.1 -15.1  -2.2  -8.8  -8.2  -2.7 -13.7   1.1   1.6
***  -3.8   2.4  -2.3   2.2   2.5   5.0  -4.4   3.1  -2.2   5.1   1.5   0.0   0.2   3.1   5.4   2.4   1.7   1.0  -0.8  -1.1 -11.6 -13.8 -14.7 -31.0  -9.4 -12.3 -10.6 -46.4  -4.8  -1.9 -25.8
  
  
 LAMBDA FOR ABS-. AND SCAT.COEF. = 
          20
    3300.000    3800.000    4999.500    6000.000    7000.000    8000.000    9000.000   10000.000   11000.000   13749.000
   15600.000   16000.000   16300.000   16600.000   17000.000   22000.000   33000.000   45000.000   60000.000    8000.000
  
 ABSORBTION COEF. AND SCATTERING COEF. I EACH TAU:
  
   1   0.100E-04
 7.96746E-04 9.34265E-04 1.25585E-03 1.47883E-03 1.64338E-03 1.73480E-03 1.74418E-03 1.66669E-03 1.50703E-03 7.74533E-04
 2.61327E-04 1.94077E-04 1.61217E-04 1.55301E-04 1.62396E-04 2.63325E-04 5.71480E-04 1.04261E-03 1.82981E-03 1.73480E-03
 2.75279E-03 1.48596E-03 4.75212E-04 2.33966E-04 1.34481E-04 8.73073E-05 6.25828E-05 4.86032E-05 4.02136E-05 2.96328E-05
 2.67431E-05 2.63209E-05 2.60373E-05 2.57788E-05 2.54687E-05 2.34770E-05 2.25955E-05 2.24418E-05 2.23991E-05 8.73073E-05
   2   0.141E-04
 1.02858E-03 1.20654E-03 1.62193E-03 1.90997E-03 2.12250E-03 2.24053E-03 2.25261E-03 2.15263E-03 1.94682E-03 1.00343E-03
 3.43511E-04 2.57226E-04 2.15164E-04 2.07809E-04 2.17301E-04 3.52381E-04 7.64696E-04 1.39513E-03 2.44869E-03 2.24053E-03
 2.75252E-03 1.48571E-03 4.74974E-04 2.33731E-04 1.34248E-04 8.70744E-05 6.23502E-05 4.83708E-05 3.99813E-05 2.94006E-05
 2.65110E-05 2.60887E-05 2.58052E-05 2.55467E-05 2.52366E-05 2.32449E-05 2.23635E-05 2.22097E-05 2.21670E-05 8.70744E-05
   3   0.200E-04
 1.27467E-03 1.49623E-03 2.01144E-03 2.36865E-03 2.63224E-03 2.77868E-03 2.79363E-03 2.66980E-03 2.41515E-03 1.24899E-03
 4.34765E-04 3.28575E-04 2.76954E-04 2.68243E-04 2.80493E-04 4.54913E-04 9.87088E-04 1.80093E-03 3.16121E-03 2.77868E-03
 2.75256E-03 1.48577E-03 4.75039E-04 2.33799E-04 1.34316E-04 8.71432E-05 6.24193E-05 4.84400E-05 4.00506E-05 2.94700E-05
 2.65804E-05 2.61581E-05 2.58746E-05 2.56161E-05 2.53060E-05 2.33144E-05 2.24329E-05 2.22791E-05 2.22364E-05 8.71432E-05
   4   0.282E-04
 1.54576E-03 1.81546E-03 2.44066E-03 2.87408E-03 3.19392E-03 3.37167E-03 3.38978E-03 3.23972E-03 2.93150E-03 1.52108E-03
 5.38158E-04 4.10289E-04 3.48304E-04 3.38228E-04 3.53667E-04 5.73690E-04 1.24464E-03 2.27098E-03 3.98662E-03 3.37167E-03
 2.75266E-03 1.48588E-03 4.75159E-04 2.33921E-04 1.34439E-04 8.72666E-05 6.25429E-05 4.85637E-05 4.01743E-05 2.95938E-05
 2.67042E-05 2.62820E-05 2.59984E-05 2.57400E-05 2.54298E-05 2.34382E-05 2.25568E-05 2.24030E-05 2.23603E-05 8.72666E-05
   5   0.398E-04
 1.84998E-03 2.17356E-03 2.92217E-03 3.44107E-03 3.82398E-03 4.03681E-03 4.05846E-03 3.87905E-03 3.51101E-03 1.82786E-03
 6.57089E-04 5.05161E-04 4.31724E-04 4.20249E-04 4.39421E-04 7.12945E-04 1.54651E-03 2.82202E-03 4.95432E-03 4.03681E-03
 2.75278E-03 1.48601E-03 4.75303E-04 2.34067E-04 1.34586E-04 8.74140E-05 6.26904E-05 4.87114E-05 4.03220E-05 2.97416E-05
 2.68521E-05 2.64298E-05 2.61463E-05 2.58878E-05 2.55777E-05 2.35861E-05 2.27046E-05 2.25509E-05 2.25082E-05 8.74140E-05
   6   0.562E-04
 2.19509E-03 2.57976E-03 3.46835E-03 4.08420E-03 4.53863E-03 4.79125E-03 4.81692E-03 4.60429E-03 4.16871E-03 2.17755E-03
 7.95192E-04 6.16250E-04 5.30006E-04 5.17085E-04 5.40658E-04 8.77421E-04 1.90293E-03 3.47279E-03 6.09725E-03 4.79125E-03
 2.75292E-03 1.48616E-03 4.75457E-04 2.34223E-04 1.34743E-04 8.75712E-05 6.28478E-05 4.88689E-05 4.04796E-05 2.98993E-05
 2.70098E-05 2.65875E-05 2.63040E-05 2.60455E-05 2.57354E-05 2.37438E-05 2.28624E-05 2.27086E-05 2.26659E-05 8.75712E-05
   7   0.794E-04
 2.58939E-03 3.04371E-03 4.09217E-03 4.81874E-03 5.35483E-03 5.65291E-03 5.68316E-03 5.43268E-03 4.92032E-03 2.57881E-03
 9.56401E-04 7.46898E-04 6.46223E-04 6.31803E-04 6.60582E-04 1.07235E-03 2.32521E-03 4.24400E-03 7.45177E-03 5.65291E-03
 2.75305E-03 1.48630E-03 4.75609E-04 2.34377E-04 1.34898E-04 8.77267E-05 6.30035E-05 4.90247E-05 4.06355E-05 3.00553E-05
 2.71658E-05 2.67435E-05 2.64600E-05 2.62015E-05 2.58914E-05 2.38999E-05 2.30184E-05 2.28647E-05 2.28220E-05 8.77267E-05
   8   0.112E-03
 3.04210E-03 3.57621E-03 4.80814E-03 5.66179E-03 6.29159E-03 6.64181E-03 6.67734E-03 6.38350E-03 5.78344E-03 3.04136E-03
 1.14516E-03 9.00897E-04 7.83869E-04 7.67889E-04 8.02834E-04 1.30369E-03 2.82619E-03 5.15916E-03 9.05921E-03 6.64181E-03
 2.75316E-03 1.48643E-03 4.75749E-04 2.34520E-04 1.35041E-04 8.78701E-05 6.31472E-05 4.91685E-05 4.07793E-05 3.01992E-05
 2.73097E-05 2.68875E-05 2.66039E-05 2.63455E-05 2.60354E-05 2.40438E-05 2.31624E-05 2.30086E-05 2.29659E-05 8.78701E-05
   9   0.158E-03
 3.56384E-03 4.18964E-03 5.63292E-03 6.63293E-03 7.37064E-03 7.78090E-03 7.82252E-03 7.47887E-03 6.77816E-03 3.57650E-03
 1.36678E-03 1.08282E-03 9.47188E-04 9.29594E-04 9.71858E-04 1.57858E-03 3.42147E-03 6.24675E-03 1.09695E-02 7.78090E-03
 2.75326E-03 1.48654E-03 4.75873E-04 2.34646E-04 1.35168E-04 8.79977E-05 6.32750E-05 4.92965E-05 4.09074E-05 3.03273E-05
 2.74379E-05 2.70157E-05 2.67321E-05 2.64737E-05 2.61636E-05 2.41720E-05 2.32906E-05 2.31369E-05 2.30942E-05 8.79977E-05
  10   0.224E-03
 4.16637E-03 4.89775E-03 6.58501E-03 7.75397E-03 8.61616E-03 9.09568E-03 9.14435E-03 8.74344E-03 7.92662E-03 4.19709E-03
 1.62749E-03 1.29814E-03 1.14133E-03 1.12211E-03 1.17309E-03 1.90552E-03 4.13000E-03 7.54095E-03 1.32426E-02 9.09568E-03
 2.75335E-03 1.48664E-03 4.75984E-04 2.34759E-04 1.35283E-04 8.81127E-05 6.33902E-05 4.94118E-05 4.10228E-05 3.04429E-05
 2.75534E-05 2.71312E-05 2.68477E-05 2.65892E-05 2.62791E-05 2.42876E-05 2.34062E-05 2.32525E-05 2.32098E-05 8.81127E-05
  11   0.316E-03
 4.86329E-03 5.71641E-03 7.68573E-03 9.04996E-03 1.00560E-02 1.06156E-02 1.06724E-02 1.02055E-02 9.25489E-03 4.91779E-03
 1.93463E-03 1.55331E-03 1.37234E-03 1.35148E-03 1.41285E-03 2.29498E-03 4.97413E-03 9.08296E-03 1.59508E-02 1.06156E-02
 2.75342E-03 1.48673E-03 4.76084E-04 2.34863E-04 1.35388E-04 8.82179E-05 6.34957E-05 4.95174E-05 4.11286E-05 3.05487E-05
 2.76593E-05 2.72371E-05 2.69536E-05 2.66951E-05 2.63850E-05 2.43935E-05 2.35121E-05 2.33584E-05 2.33157E-05 8.82179E-05
  12   0.447E-03
 5.67038E-03 6.66406E-03 8.95985E-03 1.05501E-02 1.17226E-02 1.23747E-02 1.24411E-02 1.18981E-02 1.07930E-02 5.75572E-03
 2.29668E-03 1.85574E-03 1.64717E-03 1.62470E-03 1.69844E-03 2.75882E-03 5.97960E-03 1.09198E-02 1.91769E-02 1.23747E-02
 2.75347E-03 1.48680E-03 4.76172E-04 2.34953E-04 1.35480E-04 8.83105E-05 6.35887E-05 4.96106E-05 4.12218E-05 3.06421E-05
 2.77527E-05 2.73305E-05 2.70470E-05 2.67886E-05 2.64785E-05 2.44870E-05 2.36056E-05 2.34519E-05 2.34092E-05 8.83105E-05
  13   0.631E-03
 6.60597E-03 7.76211E-03 1.04361E-02 1.22882E-02 1.36535E-02 1.44128E-02 1.44903E-02 1.38593E-02 1.25759E-02 6.73073E-03
 2.72337E-03 2.21396E-03 1.97381E-03 1.94980E-03 2.03823E-03 3.31058E-03 7.17587E-03 1.31053E-02 2.30152E-02 1.44128E-02
 2.75350E-03 1.48686E-03 4.76241E-04 2.35026E-04 1.35553E-04 8.83847E-05 6.36632E-05 4.96853E-05 4.12966E-05 3.07170E-05
 2.78277E-05 2.74055E-05 2.71220E-05 2.68635E-05 2.65534E-05 2.45620E-05 2.36806E-05 2.35269E-05 2.34842E-05 8.83847E-05
  14   0.891E-03
 7.69180E-03 9.03604E-03 1.21489E-02 1.43047E-02 1.58935E-02 1.67771E-02 1.68675E-02 1.61349E-02 1.46451E-02 7.86631E-03
 3.22607E-03 2.63785E-03 2.36149E-03 2.33602E-03 2.44190E-03 3.96593E-03 8.59698E-03 1.57018E-02 2.75750E-02 1.67771E-02
 2.75350E-03 1.48688E-03 4.76283E-04 2.35072E-04 1.35601E-04 8.84331E-05 6.37120E-05 4.97343E-05 4.13457E-05 3.07663E-05
 2.78770E-05 2.74548E-05 2.71713E-05 2.69129E-05 2.66028E-05 2.46114E-05 2.37300E-05 2.35763E-05 2.35336E-05 8.84331E-05
  15   0.126E-02
 8.95285E-03 1.05152E-02 1.41375E-02 1.66460E-02 1.84943E-02 1.95221E-02 1.96275E-02 1.87772E-02 1.70484E-02 9.18948E-03
 3.81777E-03 3.13870E-03 2.82074E-03 2.79392E-03 2.92047E-03 4.74273E-03 1.02817E-02 1.87801E-02 3.29809E-02 1.95221E-02
 2.75347E-03 1.48687E-03 4.76291E-04 2.35084E-04 1.35615E-04 8.84486E-05 6.37279E-05 4.97504E-05 4.13620E-05 3.07828E-05
 2.78936E-05 2.74714E-05 2.71879E-05 2.69294E-05 2.66194E-05 2.46280E-05 2.37466E-05 2.35929E-05 2.35502E-05 8.84486E-05
  16   0.178E-02
 1.04179E-02 1.22335E-02 1.64475E-02 1.93656E-02 2.15153E-02 2.27104E-02 2.28334E-02 2.18468E-02 1.98409E-02 1.07316E-02
 4.51388E-03 3.72998E-03 3.36418E-03 3.33617E-03 3.48720E-03 5.66243E-03 1.22768E-02 2.24255E-02 3.93826E-02 2.27104E-02
 2.75338E-03 1.48682E-03 4.76264E-04 2.35062E-04 1.35596E-04 8.84297E-05 6.37095E-05 4.97323E-05 4.13441E-05 3.07651E-05
 2.78759E-05 2.74537E-05 2.71702E-05 2.69118E-05 2.66017E-05 2.46104E-05 2.37290E-05 2.35753E-05 2.35326E-05 8.84297E-05
  17   0.251E-02
 1.21209E-02 1.42305E-02 1.91323E-02 2.25266E-02 2.50263E-02 2.64158E-02 2.65594E-02 2.54149E-02 2.30875E-02 1.25297E-02
 5.33263E-03 4.42770E-03 4.00681E-03 3.97785E-03 4.15782E-03 6.75050E-03 1.46376E-02 2.67394E-02 4.69578E-02 2.64158E-02
 2.75326E-03 1.48673E-03 4.76201E-04 2.35006E-04 1.35541E-04 8.83764E-05 6.36568E-05 4.96800E-05 4.12919E-05 3.07132E-05
 2.78241E-05 2.74019E-05 2.71184E-05 2.68600E-05 2.65499E-05 2.45586E-05 2.36773E-05 2.35236E-05 2.34808E-05 8.83764E-05
  18   0.355E-02
 1.40998E-02 1.65513E-02 2.22523E-02 2.61998E-02 2.91062E-02 3.07214E-02 3.08890E-02 2.95616E-02 2.68615E-02 1.46260E-02
 6.29548E-03 5.25081E-03 4.76654E-03 4.73695E-03 4.95114E-03 8.03741E-03 1.74303E-02 3.18427E-02 5.59191E-02 3.07214E-02
 2.75309E-03 1.48660E-03 4.76106E-04 2.34918E-04 1.35456E-04 8.82927E-05 6.35738E-05 4.95973E-05 4.12095E-05 3.06310E-05
 2.77420E-05 2.73198E-05 2.70364E-05 2.67779E-05 2.64679E-05 2.44766E-05 2.35953E-05 2.34416E-05 2.33989E-05 8.82927E-05
  19   0.501E-02
 1.63986E-02 1.92471E-02 2.58765E-02 3.04667E-02 3.38453E-02 3.57226E-02 3.59183E-02 3.43790E-02 3.12469E-02 1.70694E-02
 7.42827E-03 6.22243E-03 5.66530E-03 5.63560E-03 5.89029E-03 9.56053E-03 2.07363E-02 3.78843E-02 6.65277E-02 3.57226E-02
 2.75289E-03 1.48645E-03 4.75988E-04 2.34808E-04 1.35349E-04 8.81874E-05 6.34692E-05 4.94932E-05 4.11056E-05 3.05274E-05
 2.76385E-05 2.72164E-05 2.69329E-05 2.66745E-05 2.63644E-05 2.43732E-05 2.34920E-05 2.33382E-05 2.32955E-05 8.81874E-05
  20   0.708E-02
 1.90687E-02 2.23781E-02 3.00858E-02 3.54223E-02 3.93492E-02 4.15307E-02 4.17592E-02 3.99746E-02 3.63421E-02 1.99176E-02
 8.76170E-03 7.37013E-03 6.72935E-03 6.70031E-03 7.00297E-03 1.13652E-02 2.46540E-02 4.50445E-02 7.91005E-02 4.15307E-02
 2.75267E-03 1.48628E-03 4.75855E-04 2.34684E-04 1.35229E-04 8.80682E-05 6.33509E-05 4.93754E-05 4.09881E-05 3.04103E-05
 2.75215E-05 2.70993E-05 2.68159E-05 2.65574E-05 2.62474E-05 2.42563E-05 2.33750E-05 2.32213E-05 2.31786E-05 8.80682E-05
  21   0.100E-01
 2.21687E-02 2.60126E-02 3.49717E-02 4.11743E-02 4.57377E-02 4.82722E-02 4.85389E-02 4.64705E-02 4.22598E-02 2.32362E-02
 1.03324E-02 8.72720E-03 7.99063E-03 7.96337E-03 8.32296E-03 1.35073E-02 2.93048E-02 5.35467E-02 9.40316E-02 4.82722E-02
 2.75243E-03 1.48610E-03 4.75719E-04 2.34557E-04 1.35106E-04 8.79476E-05 6.32312E-05 4.92562E-05 4.08693E-05 3.02918E-05
 2.74031E-05 2.69810E-05 2.66975E-05 2.64391E-05 2.61291E-05 2.41381E-05 2.32569E-05 2.31032E-05 2.30605E-05 8.79476E-05
  22   0.141E-01
 2.57661E-02 3.02287E-02 4.06392E-02 4.78461E-02 5.31476E-02 5.60913E-02 5.64028E-02 5.40067E-02 4.91280E-02 2.71047E-02
 1.21877E-02 1.03373E-02 9.49140E-03 9.46767E-03 9.89503E-03 1.60586E-02 3.48449E-02 6.36762E-02 1.11821E-01 5.60913E-02
 2.75220E-03 1.48593E-03 4.75598E-04 2.34447E-04 1.35000E-04 8.78433E-05 6.31280E-05 4.91536E-05 4.07670E-05 3.01900E-05
 2.73014E-05 2.68793E-05 2.65958E-05 2.63374E-05 2.60274E-05 2.40364E-05 2.31553E-05 2.30016E-05 2.29589E-05 8.78433E-05
  23   0.200E-01
 2.99398E-02 3.51172E-02 4.72099E-02 5.55807E-02 6.17374E-02 6.51557E-02 6.55193E-02 6.27454E-02 5.70961E-02 3.16167E-02
 1.43853E-02 1.22545E-02 1.12845E-02 1.12669E-02 1.17753E-02 1.91102E-02 4.14727E-02 7.57964E-02 1.33106E-01 6.51557E-02
 2.75199E-03 1.48579E-03 4.75511E-04 2.34371E-04 1.34929E-04 8.77742E-05 6.30600E-05 4.90861E-05 4.06999E-05 3.01234E-05
 2.72349E-05 2.68128E-05 2.65294E-05 2.62710E-05 2.59610E-05 2.39701E-05 2.30890E-05 2.29353E-05 2.28926E-05 8.77742E-05
  24   0.282E-01
 3.47811E-02 4.07817E-02 5.48225E-02 6.45407E-02 7.16878E-02 7.56557E-02 7.60804E-02 7.28720E-02 6.63354E-02 3.68831E-02
 1.69989E-02 1.45487E-02 1.34386E-02 1.34310E-02 1.40368E-02 2.27806E-02 4.94469E-02 9.03817E-02 1.58720E-01 7.56557E-02
 2.75185E-03 1.48571E-03 4.75482E-04 2.34354E-04 1.34917E-04 8.77643E-05 6.30512E-05 4.90780E-05 4.06921E-05 3.01161E-05
 2.72277E-05 2.68056E-05 2.65222E-05 2.62639E-05 2.59539E-05 2.39631E-05 2.30820E-05 2.29283E-05 2.28856E-05 8.77643E-05
  25   0.398E-01
 4.03956E-02 4.73405E-02 6.36347E-02 7.49111E-02 8.32038E-02 8.78082E-02 8.83044E-02 8.45978E-02 7.70421E-02 4.30363E-02
 2.01227E-02 1.73108E-02 1.60438E-02 1.60520E-02 1.67757E-02 2.72259E-02 5.91071E-02 1.08055E-01 1.89758E-01 8.78082E-02
 2.75180E-03 1.48573E-03 4.75549E-04 2.34431E-04 1.34998E-04 8.78478E-05 6.31357E-05 4.91631E-05 4.07776E-05 3.02019E-05
 2.73137E-05 2.68916E-05 2.66082E-05 2.63499E-05 2.60399E-05 2.40492E-05 2.31681E-05 2.30144E-05 2.29718E-05 8.78478E-05
  26   0.562E-01
 4.69089E-02 5.49291E-02 7.38263E-02 8.69022E-02 9.65183E-02 1.01859E-01 1.02439E-01 9.81631E-02 8.94410E-02 5.02352E-02
 2.38783E-02 2.06594E-02 1.92188E-02 1.92515E-02 2.01190E-02 3.26519E-02 7.09026E-02 1.29641E-01 2.27666E-01 1.01859E-01
 2.75189E-03 1.48588E-03 4.75740E-04 2.34632E-04 1.35202E-04 8.80539E-05 6.33428E-05 4.93707E-05 4.09855E-05 3.04102E-05
 2.75221E-05 2.71001E-05 2.68167E-05 2.65583E-05 2.62484E-05 2.42577E-05 2.33767E-05 2.32230E-05 2.31803E-05 8.80539E-05
  27   0.794E-01
 5.44708E-02 6.37023E-02 8.56016E-02 1.00752E-01 1.11895E-01 1.18087E-01 1.18765E-01 1.13842E-01 1.03789E-01 5.86718E-02
 2.84227E-02 2.47503E-02 2.31201E-02 2.31901E-02 2.42343E-02 3.93305E-02 8.54257E-02 1.56228E-01 2.74353E-01 1.18087E-01
 2.75217E-03 1.48620E-03 4.76094E-04 2.34994E-04 1.35567E-04 8.84203E-05 6.37099E-05 4.97382E-05 4.13532E-05 3.07783E-05
 2.78902E-05 2.74682E-05 2.71848E-05 2.69265E-05 2.66165E-05 2.46260E-05 2.37450E-05 2.35913E-05 2.35486E-05 8.84203E-05
  28   0.112E+00
 6.32723E-02 7.38448E-02 9.92004E-02 1.16738E-01 1.29641E-01 1.36817E-01 1.37608E-01 1.31953E-01 1.20391E-01 6.85870E-02
 3.39683E-02 2.97960E-02 2.79629E-02 2.80885E-02 2.93522E-02 4.76348E-02 1.03489E-01 1.89310E-01 3.32436E-01 1.36817E-01
 2.75270E-03 1.48675E-03 4.76666E-04 2.35570E-04 1.36145E-04 8.89985E-05 6.42885E-05 5.03170E-05 4.19322E-05 3.13574E-05
 2.84694E-05 2.80473E-05 2.77640E-05 2.75056E-05 2.71957E-05 2.52051E-05 2.43241E-05 2.41705E-05 2.41278E-05 8.89985E-05
  29   0.158E+00
 7.35885E-02 8.56011E-02 1.14936E-01 1.35220E-01 1.50154E-01 1.58468E-01 1.59392E-01 1.52913E-01 1.39641E-01 8.03055E-02
 4.08091E-02 3.60923E-02 3.40473E-02 3.42553E-02 3.57944E-02 5.80838E-02 1.26220E-01 2.30958E-01 4.05541E-01 1.58468E-01
 2.75355E-03 1.48760E-03 4.77517E-04 2.36421E-04 1.36996E-04 8.98495E-05 6.51395E-05 5.11680E-05 4.27832E-05 3.22084E-05
 2.93204E-05 2.88984E-05 2.86150E-05 2.83566E-05 2.80467E-05 2.60561E-05 2.51751E-05 2.50215E-05 2.49788E-05 8.98495E-05
  30   0.224E+00
 8.58907E-02 9.93673E-02 1.33308E-01 1.56774E-01 1.74065E-01 1.83708E-01 1.84783E-01 1.77377E-01 1.62175E-01 9.43526E-02
 4.94160E-02 4.41117E-02 4.18514E-02 4.21806E-02 4.40716E-02 7.14871E-02 1.55295E-01 2.84141E-01 4.98854E-01 1.83708E-01
 2.75484E-03 1.48886E-03 4.78755E-04 2.37654E-04 1.38228E-04 9.10807E-05 6.63702E-05 5.23985E-05 4.40136E-05 3.34386E-05
 3.05505E-05 3.01285E-05 2.98451E-05 2.95868E-05 2.92768E-05 2.72863E-05 2.64052E-05 2.62516E-05 2.62089E-05 9.10807E-05
  31   0.316E+00
 1.01149E-01 1.15950E-01 1.55333E-01 1.82567E-01 2.02657E-01 2.13889E-01 2.15132E-01 2.06665E-01 1.89246E-01 1.11698E-01
 6.05971E-02 5.46557E-02 5.21817E-02 5.26905E-02 5.50439E-02 8.92112E-02 1.93591E-01 3.54061E-01 6.21415E-01 2.13889E-01
 2.75676E-03 1.49074E-03 4.80589E-04 2.39479E-04 1.40048E-04 9.28996E-05 6.81882E-05 5.42160E-05 4.58308E-05 3.52554E-05
 3.23673E-05 3.19452E-05 3.16618E-05 3.14035E-05 3.10935E-05 2.91029E-05 2.82218E-05 2.80682E-05 2.80255E-05 9.28996E-05
  32   0.447E+00
 1.21566E-01 1.37213E-01 1.83381E-01 2.15325E-01 2.38936E-01 2.52184E-01 2.53595E-01 2.43853E-01 2.23753E-01 1.34461E-01
 7.59887E-02 6.93261E-02 6.66387E-02 6.74201E-02 7.04133E-02 1.13950E-01 2.46747E-01 4.50882E-01 7.90824E-01 2.52184E-01
 2.75977E-03 1.49367E-03 4.83462E-04 2.42339E-04 1.42904E-04 9.57525E-05 7.10400E-05 5.70671E-05 4.86814E-05 3.81056E-05
 3.52173E-05 3.47952E-05 3.45118E-05 3.42534E-05 3.39435E-05 3.19527E-05 3.10716E-05 3.09180E-05 3.08753E-05 9.57525E-05
  33   0.631E+00
 1.52254E-01 1.67500E-01 2.23016E-01 2.61472E-01 2.89994E-01 3.06089E-01 3.07620E-01 2.96185E-01 2.72514E-01 1.67525E-01
 9.92378E-02 9.16721E-02 8.87572E-02 8.99772E-02 9.39354E-02 1.51644E-01 3.27123E-01 5.96820E-01 1.04536E+00 3.06089E-01
 2.76486E-03 1.49866E-03 4.88388E-04 2.47251E-04 1.47809E-04 1.00656E-04 7.59416E-05 6.19679E-05 5.35817E-05 4.30053E-05
 4.01168E-05 3.96948E-05 3.94113E-05 3.91530E-05 3.88430E-05 3.68521E-05 3.59710E-05 3.58173E-05 3.57746E-05 1.00656E-04
  34   0.794E+00
 1.82503E-01 1.96113E-01 2.60299E-01 3.04804E-01 3.37928E-01 3.56722E-01 3.58247E-01 3.45297E-01 3.18400E-01 1.99186E-01
 1.21969E-01 1.13623E-01 1.10539E-01 1.12204E-01 1.17108E-01 1.88662E-01 4.05623E-01 7.39165E-01 1.29270E+00 3.56722E-01
 2.77004E-03 1.50379E-03 4.93481E-04 2.52334E-04 1.52889E-04 1.05734E-04 8.10189E-05 6.70448E-05 5.86583E-05 4.80816E-05
 4.51930E-05 4.47709E-05 4.44875E-05 4.42291E-05 4.39191E-05 4.19282E-05 4.10470E-05 4.08933E-05 4.08506E-05 1.05734E-04
  35   0.112E+01
 2.57543E-01 2.63247E-01 3.47586E-01 4.06146E-01 4.50093E-01 4.75365E-01 4.76429E-01 4.60202E-01 4.26135E-01 2.75247E-01
 1.77928E-01 1.67995E-01 1.64671E-01 1.67503E-01 1.74767E-01 2.80566E-01 5.99599E-01 1.09112E+00 1.90050E+00 4.75365E-01
 2.78358E-03 1.51726E-03 5.06903E-04 2.65746E-04 1.66297E-04 1.19140E-04 9.44239E-05 8.04493E-05 7.20625E-05 6.14854E-05
 5.85967E-05 5.81746E-05 5.78912E-05 5.76328E-05 5.73228E-05 5.53318E-05 5.44506E-05 5.42969E-05 5.42542E-05 1.19140E-04
  36   0.158E+01
 3.94633E-01 3.76851E-01 4.95503E-01 5.78027E-01 6.40724E-01 6.77645E-01 6.76645E-01 6.55561E-01 6.10305E-01 4.09548E-01
 2.79783E-01 2.67721E-01 2.64378E-01 2.69512E-01 2.81177E-01 4.50333E-01 9.55715E-01 1.73737E+00 3.00479E+00 6.77645E-01
 2.80875E-03 1.54243E-03 5.32061E-04 2.90904E-04 1.91456E-04 1.44299E-04 1.19583E-04 1.05609E-04 9.72219E-05 8.66448E-05
 8.37562E-05 8.33341E-05 8.30506E-05 8.27922E-05 8.24822E-05 8.04912E-05 7.96101E-05 7.94564E-05 7.94137E-05 1.44299E-04
  37   0.224E+01
 6.55555E-01 5.71301E-01 7.49814E-01 8.74439E-01 9.70851E-01 1.02995E+00 1.02155E+00 9.93961E-01 9.31941E-01 6.55050E-01
 4.72884E-01 4.58530E-01 4.56105E-01 4.66029E-01 4.86311E-01 7.79131E-01 1.64043E+00 2.98081E+00 5.09153E+00 1.02995E+00
 2.85692E-03 1.59069E-03 5.80411E-04 3.39277E-04 2.39837E-04 1.92684E-04 1.67971E-04 1.53998E-04 1.45612E-04 1.35036E-04
 1.32147E-04 1.31725E-04 1.31442E-04 1.31184E-04 1.30874E-04 1.28883E-04 1.28002E-04 1.27848E-04 1.27805E-04 1.92684E-04
  38   0.316E+01
 1.20342E+00 9.21770E-01 1.21139E+00 1.41602E+00 1.57889E+00 1.68549E+00 1.65028E+00 1.61628E+00 1.53118E+00 1.14401E+00
 8.73924E-01 8.58664E-01 8.60215E-01 8.80883E-01 9.19461E-01 1.48042E+00 3.08534E+00 5.60640E+00 9.35200E+00 1.68549E+00
 2.95723E-03 1.69134E-03 6.81332E-04 4.40264E-04 3.40852E-04 2.93712E-04 2.69006E-04 2.55036E-04 2.46653E-04 2.36080E-04
 2.33192E-04 2.32770E-04 2.32487E-04 2.32228E-04 2.31919E-04 2.29928E-04 2.29047E-04 2.28894E-04 2.28851E-04 2.93712E-04
  39   0.447E+01
 2.20788E+00 1.45627E+00 1.92305E+00 2.26023E+00 2.53891E+00 2.73701E+00 2.62626E+00 2.59479E+00 2.49049E+00 1.99416E+00
 1.59724E+00 1.58758E+00 1.60028E+00 1.64205E+00 1.71476E+00 2.78498E+00 5.73461E+00 1.04268E+01 1.67614E+01 2.73701E+00
 3.13234E-03 1.86714E-03 8.57688E-04 6.16752E-04 5.17395E-04 4.70281E-04 4.45588E-04 4.31627E-04 4.23248E-04 4.12680E-04
 4.09794E-04 4.09373E-04 4.09089E-04 4.08831E-04 4.08522E-04 4.06532E-04 4.05652E-04 4.05499E-04 4.05456E-04 4.70281E-04
  40   0.631E+01
 3.68855E+00 2.11604E+00 2.81416E+00 3.33199E+00 3.77764E+00 4.12027E+00 3.85887E+00 3.84999E+00 3.74639E+00 3.20339E+00
 2.65221E+00 2.66035E+00 2.69475E+00 2.77007E+00 2.89483E+00 4.74589E+00 9.65521E+00 1.75707E+01 2.70098E+01 4.12027E+00
 3.37140E-03 2.10719E-03 1.09853E-03 8.57782E-04 7.58503E-04 7.11426E-04 6.86753E-04 6.72802E-04 6.64430E-04 6.53871E-04
 6.50987E-04 6.50566E-04 6.50283E-04 6.50025E-04 6.49716E-04 6.47728E-04 6.46848E-04 6.46695E-04 6.46652E-04 7.11426E-04
  41   0.891E+01
 5.69772E+00 2.88418E+00 3.86912E+00 4.61993E+00 5.29263E+00 5.84627E+00 5.33257E+00 5.37587E+00 5.30460E+00 4.81879E+00
 4.08328E+00 4.12690E+00 4.19740E+00 4.32206E+00 4.52100E+00 7.47836E+00 1.50413E+01 2.73985E+01 4.00793E+01 5.84627E+00
 3.66994E-03 2.40699E-03 1.39933E-03 1.15883E-03 1.05965E-03 1.01262E-03 9.87968E-04 9.74032E-04 9.65668E-04 9.55119E-04
 9.52238E-04 9.51817E-04 9.51535E-04 9.51277E-04 9.50968E-04 9.48982E-04 9.48104E-04 9.47950E-04 9.47908E-04 1.01262E-03
  42   0.126E+02
 8.31277E+00 3.76298E+00 5.09749E+00 6.14351E+00 7.11680E+00 7.96507E+00 7.06809E+00 7.20319E+00 7.20778E+00 6.92413E+00
 5.96749E+00 6.06929E+00 6.19406E+00 6.38760E+00 6.68795E+00 1.11554E+01 2.22059E+01 4.04906E+01 5.61764E+01 7.96507E+00
 4.02761E-03 2.76618E-03 1.75973E-03 1.51951E-03 1.42045E-03 1.37348E-03 1.34886E-03 1.33494E-03 1.32659E-03 1.31605E-03
 1.31318E-03 1.31276E-03 1.31247E-03 1.31222E-03 1.31191E-03 1.30992E-03 1.30905E-03 1.30889E-03 1.30885E-03 1.37348E-03
  43   0.178E+02
 1.16453E+01 4.76719E+00 6.52727E+00 7.94555E+00 9.31192E+00 1.05614E+01 9.11380E+00 9.39288E+00 9.53113E+00 9.64256E+00
 8.41777E+00 8.60729E+00 8.80978E+00 9.09720E+00 9.53364E+00 1.60247E+01 3.16063E+01 5.76938E+01 7.57231E+01 1.05614E+01
 4.44798E-03 3.18834E-03 2.18333E-03 1.94345E-03 1.84453E-03 1.79763E-03 1.77304E-03 1.75914E-03 1.75080E-03 1.74028E-03
 1.73741E-03 1.73699E-03 1.73670E-03 1.73645E-03 1.73614E-03 1.73416E-03 1.73328E-03 1.73313E-03 1.73309E-03 1.79763E-03
  44   0.251E+02
 1.58323E+01 5.91723E+00 8.19602E+00 1.00825E+01 1.19583E+01 1.37442E+01 1.15345E+01 1.20256E+01 1.23732E+01 1.31328E+01
 1.15807E+01 1.18963E+01 1.22067E+01 1.26200E+01 1.32368E+01 2.24064E+01 4.38388E+01 8.01121E+01 9.92744E+01 1.37442E+01
 4.93605E-03 3.67849E-03 2.67514E-03 2.43566E-03 2.33691E-03 2.29008E-03 2.26553E-03 2.25166E-03 2.24333E-03 2.23283E-03
 2.22996E-03 2.22954E-03 2.22926E-03 2.22900E-03 2.22869E-03 2.22671E-03 2.22584E-03 2.22569E-03 2.22564E-03 2.29008E-03
  45   0.355E+02
 2.10444E+01 7.24001E+00 1.01523E+01 1.26276E+01 1.51595E+01 1.76531E+01 1.44147E+01 1.52062E+01 1.58619E+01 1.76006E+01
 1.56483E+01 1.61392E+01 1.65964E+01 1.71764E+01 1.80301E+01 3.07154E+01 5.96823E+01 1.09192E+02 1.27548E+02 1.76531E+01
 5.49831E-03 4.24315E-03 3.24172E-03 3.00270E-03 2.90413E-03 2.85739E-03 2.83290E-03 2.81905E-03 2.81074E-03 2.80025E-03
 2.79739E-03 2.79697E-03 2.79669E-03 2.79643E-03 2.79613E-03 2.79415E-03 2.79328E-03 2.79313E-03 2.79308E-03 2.85739E-03
  46   0.501E+02
 2.74879E+01 8.76902E+00 1.24556E+01 1.56723E+01 1.90446E+01 2.24620E+01 1.78608E+01 1.90671E+01 2.01590E+01 2.33098E+01
 2.08702E+01 2.15988E+01 2.22519E+01 2.30504E+01 2.42124E+01 4.14819E+01 8.01426E+01 1.46809E+02 1.61441E+02 2.24620E+01
 6.14234E-03 4.88995E-03 3.89072E-03 3.65222E-03 3.55387E-03 3.50724E-03 3.48280E-03 3.46898E-03 3.46068E-03 3.45022E-03
 3.44736E-03 3.44695E-03 3.44667E-03 3.44641E-03 3.44610E-03 3.44414E-03 3.44326E-03 3.44311E-03 3.44307E-03 3.50724E-03
  47   0.708E+02
 3.54075E+01 1.05434E+01 1.51792E+01 1.93268E+01 2.37708E+01 2.83847E+01 2.20038E+01 2.37720E+01 2.54652E+01 3.05848E+01
 2.75511E+01 2.85986E+01 2.95112E+01 3.05946E+01 3.21566E+01 5.53748E+01 1.06481E+02 1.95307E+02 2.01993E+02 2.83847E+01
 6.87630E-03 5.62705E-03 4.63033E-03 4.39243E-03 4.29433E-03 4.24781E-03 4.22343E-03 4.20964E-03 4.20137E-03 4.19093E-03
 4.18808E-03 4.18767E-03 4.18739E-03 4.18713E-03 4.18683E-03 4.18486E-03 4.18399E-03 4.18384E-03 4.18380E-03 4.24781E-03
  48   0.100E+03
 4.50873E+01 1.26092E+01 1.84096E+01 2.37234E+01 2.95275E+01 3.56788E+01 2.70024E+01 2.95206E+01 3.20265E+01 3.98277E+01
 3.60731E+01 3.75431E+01 3.87961E+01 4.02489E+01 4.23274E+01 7.32244E+01 1.40274E+02 2.57630E+02 2.50427E+02 3.56788E+01
 7.70836E-03 6.46267E-03 5.46879E-03 5.23157E-03 5.13375E-03 5.08736E-03 5.06305E-03 5.04931E-03 5.04106E-03 5.03065E-03
 5.02781E-03 5.02740E-03 5.02712E-03 5.02686E-03 5.02656E-03 5.02460E-03 5.02373E-03 5.02358E-03 5.02354E-03 5.08736E-03
  49   0.126E+03
 5.26868E+01 1.41763E+01 2.08972E+01 2.71470E+01 3.40529E+01 4.14602E+01 3.09077E+01 3.40555E+01 3.72491E+01 4.73306E+01
 4.30136E+01 4.48368E+01 4.63726E+01 4.81296E+01 5.06322E+01 8.78359E+01 1.67924E+02 3.08688E+02 2.87827E+02 4.14602E+01
 8.32238E-03 7.07931E-03 6.08752E-03 5.85080E-03 5.75318E-03 5.70689E-03 5.68263E-03 5.66892E-03 5.66068E-03 5.65030E-03
 5.64747E-03 5.64705E-03 5.64677E-03 5.64652E-03 5.64622E-03 5.64426E-03 5.64340E-03 5.64325E-03 5.64320E-03 5.70689E-03
  50   0.158E+03
 6.13178E+01 1.59142E+01 2.36887E+01 3.10221E+01 3.92114E+01 4.80908E+01 3.53422E+01 3.92427E+01 4.32627E+01 5.60928E+01
 5.11412E+01 5.33856E+01 5.52569E+01 5.73732E+01 6.03754E+01 1.05009E+02 2.00423E+02 3.68759E+02 3.29810E+02 4.80908E+01
 8.98555E-03 7.74532E-03 6.75579E-03 6.51961E-03 6.42222E-03 6.37604E-03 6.35183E-03 6.33814E-03 6.32993E-03 6.31957E-03
 6.31674E-03 6.31633E-03 6.31605E-03 6.31580E-03 6.31550E-03 6.31355E-03 6.31268E-03 6.31253E-03 6.31249E-03 6.37604E-03
  51   0.200E+03
 7.10969E+01 1.78430E+01 2.68226E+01 3.54082E+01 4.50891E+01 5.56880E+01 4.03801E+01 4.51763E+01 5.01838E+01 6.63071E+01
 6.06420E+01 6.33865E+01 6.56548E+01 6.81940E+01 7.17833E+01 1.25147E+02 2.38549E+02 4.39302E+02 3.76887E+02 5.56880E+01
 9.69999E-03 8.46282E-03 7.47573E-03 7.24014E-03 7.14298E-03 7.09691E-03 7.07277E-03 7.05911E-03 7.05092E-03 7.04059E-03
 7.03777E-03 7.03735E-03 7.03708E-03 7.03683E-03 7.03652E-03 7.03458E-03 7.03372E-03 7.03357E-03 7.03352E-03 7.09691E-03
  52   0.251E+03
 8.21498E+01 1.99846E+01 3.03415E+01 4.03715E+01 5.17813E+01 6.43828E+01 4.61045E+01 5.19616E+01 5.81435E+01 7.81905E+01
 7.17267E+01 7.50627E+01 7.77992E+01 8.08349E+01 8.51125E+01 1.48711E+02 2.83186E+02 5.21976E+02 4.29613E+02 6.43828E+01
 1.04676E-02 9.23375E-03 8.24929E-03 8.01432E-03 7.91742E-03 7.87148E-03 7.84740E-03 7.83378E-03 7.82561E-03 7.81530E-03
 7.81249E-03 7.81208E-03 7.81180E-03 7.81155E-03 7.81125E-03 7.80931E-03 7.80845E-03 7.80830E-03 7.80826E-03 7.87148E-03
  53   0.316E+03
 9.46132E+01 2.23635E+01 3.42928E+01 4.59858E+01 5.93950E+01 7.43212E+01 5.26090E+01 5.97180E+01 6.72895E+01 9.19881E+01
 8.46340E+01 8.86674E+01 9.19542E+01 9.55712E+01 1.00654E+02 1.76219E+02 3.35342E+02 6.18669E+02 4.88598E+02 7.43212E+01
 1.12902E-02 1.00599E-02 9.07822E-03 8.84392E-03 8.74730E-03 8.70148E-03 8.67747E-03 8.66389E-03 8.65574E-03 8.64547E-03
 8.64266E-03 8.64225E-03 8.64198E-03 8.64173E-03 8.64142E-03 8.63949E-03 8.63863E-03 8.63848E-03 8.63844E-03 8.70148E-03
  


 I O N I Z A T I O N  C O N D I T I O N S  AND  A B S O R P T I O N  M E C H A N I S M S

 ****************
 * TAU=  0.0000 *
 ****************

 T=  3889.  PE= 1.35E-02 lag:  1 lg10_tau(kr)=  -5.00
 ELEMENT  ABUNDANCE ELCONT IONIZATION FRACTIONS                 PARTITION FUNCTIONS
                              I       II      III     IV            I         II        III       IV
      H    1.000E+00 0.001  1.0000  0.0000
      HE   8.511E-02 0.000  1.0000  0.0000
      C    2.455E-04 0.000  0.9999  0.0001  0.0000
      N    6.026E-05 0.000  1.0000  0.0000  0.0000
      O    4.571E-04 0.000  1.0000  0.0000
      NE   6.918E-05 0.000  1.0000  0.0000
      NA   1.479E-06 0.019  0.0002  0.9998
      MG   3.388E-05 0.410  0.0799  0.9201  0.0000
      AL   2.344E-06 0.031  0.0071  0.9929  0.0000  0.0000
      SI   3.236E-05 0.189  0.5573  0.4427  0.0000
      S    1.380E-05 0.000  0.9992  0.0008  0.0000
      K    1.202E-07 0.002  0.0000  1.0000
      CA   2.042E-06 0.027  0.0009  0.9991  0.0000
      CR   4.365E-07 0.006  0.0167  0.9833  0.0000
      FE   2.818E-05 0.301  0.1885  0.8115  0.0000
      NI   1.698E-06 0.015  0.3407  0.6593  0.0000




                F R A C T I O N S  O F  C O N T I N U O U S  A B S O R P T I O N  A N D  S C A T T E R I N G
 WAVELENGTH   ABS       SCAT     H-    H BF  (H+H) H2+   H2-   C I   MG I  AL I  SI I  HE I  HE-   H2PR  HEPR  ELSC  H-SC  H2SC 
      3300. 7.967E-04 2.753E-03 0.989 0.001 0.000 0.000 0.000 0.000 0.009 0.000 0.001 0.000 0.000 0.000 0.000 0.008 0.992 0.000
      3800. 9.343E-04 1.486E-03 0.998 0.000 0.000 0.000 0.000 0.000 0.001 0.000 0.001 0.000 0.000 0.000 0.000 0.015 0.985 0.000
      5000. 1.256E-03 4.752E-04 0.998 0.000 0.000 0.000 0.000 0.000 0.001 0.000 0.001 0.000 0.000 0.000 0.000 0.047 0.953 0.000
      6000. 1.479E-03 2.340E-04 0.998 0.000 0.000 0.000 0.000 0.000 0.001 0.000 0.000 0.000 0.000 0.000 0.000 0.096 0.904 0.000
      7000. 1.643E-03 1.345E-04 0.999 0.000 0.000 0.000 0.000 0.000 0.001 0.000 0.000 0.000 0.000 0.000 0.000 0.166 0.833 0.000
      8000. 1.735E-03 8.731E-05 1.000 0.000 0.000 0.000 0.000 0.000 0.000 0.000 0.000 0.000 0.000 0.000 0.000 0.256 0.744 0.000
      9000. 1.744E-03 6.258E-05 1.000 0.000 0.000 0.000 0.000 0.000 0.000 0.000 0.000 0.000 0.000 0.000 0.000 0.358 0.642 0.000
     10000. 1.667E-03 4.860E-05 0.999 0.000 0.000 0.000 0.000 0.000 0.000 0.000 0.000 0.000 0.001 0.000 0.000 0.460 0.539 0.000
     11000. 1.507E-03 4.021E-05 0.999 0.000 0.000 0.000 0.000 0.000 0.000 0.000 0.000 0.000 0.001 0.000 0.000 0.557 0.443 0.000
     13749. 7.745E-04 2.963E-05 0.998 0.000 0.000 0.000 0.000 0.000 0.000 0.000 0.000 0.000 0.002 0.000 0.000 0.755 0.245 0.000
     15600. 2.613E-04 2.674E-05 0.992 0.000 0.000 0.000 0.000 0.000 0.000 0.000 0.000 0.000 0.008 0.000 0.000 0.837 0.163 0.000
     16000. 1.941E-04 2.632E-05 0.989 0.000 0.000 0.000 0.000 0.000 0.000 0.000 0.000 0.000 0.011 0.000 0.000 0.850 0.150 0.000
     16300. 1.612E-04 2.604E-05 0.986 0.000 0.000 0.000 0.000 0.000 0.000 0.000 0.000 0.000 0.014 0.000 0.000 0.860 0.140 0.000
     16600. 1.553E-04 2.578E-05 0.985 0.000 0.000 0.000 0.000 0.000 0.000 0.000 0.000 0.000 0.015 0.000 0.000 0.868 0.132 0.000
     17000. 1.624E-04 2.547E-05 0.985 0.000 0.000 0.000 0.000 0.000 0.000 0.000 0.000 0.000 0.015 0.000 0.000 0.879 0.121 0.000
     22000. 2.633E-04 2.348E-05 0.985 0.000 0.000 0.000 0.000 0.000 0.000 0.000 0.000 0.000 0.014 0.000 0.000 0.953 0.047 0.000
     33000. 5.715E-04 2.260E-05 0.987 0.000 0.000 0.000 0.000 0.000 0.000 0.000 0.000 0.000 0.013 0.000 0.000 0.990 0.010 0.000
     45000. 1.043E-03 2.244E-05 0.989 0.000 0.000 0.000 0.000 0.000 0.000 0.000 0.000 0.000 0.011 0.000 0.000 0.997 0.003 0.000
     60000. 1.830E-03 2.240E-05 0.991 0.000 0.000 0.000 0.000 0.000 0.000 0.000 0.000 0.000 0.009 0.000 0.000 0.999 0.001 0.000
      8000. 1.735E-03 8.731E-05 1.000 0.000 0.000 0.000 0.000 0.000 0.000 0.000 0.000 0.000 0.000 0.000 0.000 0.256 0.744 0.000
1

 ****************
 * TAU=  0.0001 *
 ****************

 T=  4171.  PE= 7.14E-02 lag:  8 lg10_tau(kr)=  -3.95
 ELEMENT  ABUNDANCE ELCONT IONIZATION FRACTIONS                 PARTITION FUNCTIONS
                              I       II      III     IV            I         II        III       IV
      H    1.000E+00 0.003  1.0000  0.0000
      HE   8.511E-02 0.000  1.0000  0.0000
      C    2.455E-04 0.001  0.9998  0.0002  0.0000
      N    6.026E-05 0.000  1.0000  0.0000  0.0000
      O    4.571E-04 0.000  1.0000  0.0000
      NE   6.918E-05 0.000  1.0000  0.0000
      NA   1.479E-06 0.019  0.0004  0.9996
      MG   3.388E-05 0.402  0.0761  0.9239  0.0000
      AL   2.344E-06 0.030  0.0094  0.9906  0.0000  0.0000
      SI   3.236E-05 0.199  0.5206  0.4794  0.0000
      S    1.380E-05 0.000  0.9985  0.0015  0.0000
      K    1.202E-07 0.002  0.0001  0.9999
      CA   2.042E-06 0.026  0.0012  0.9987  0.0000
      CR   4.365E-07 0.005  0.0193  0.9807  0.0000
      FE   2.818E-05 0.299  0.1735  0.8265  0.0000
      NI   1.698E-06 0.015  0.3255  0.6745  0.0000




                F R A C T I O N S  O F  C O N T I N U O U S  A B S O R P T I O N  A N D  S C A T T E R I N G
 WAVELENGTH   ABS       SCAT     H-    H BF  (H+H) H2+   H2-   C I   MG I  AL I  SI I  HE I  HE-   H2PR  HEPR  ELSC  H-SC  H2SC 
      3300. 3.042E-03 2.753E-03 0.991 0.003 0.000 0.000 0.000 0.000 0.005 0.000 0.000 0.000 0.000 0.000 0.000 0.008 0.991 0.000
      3800. 3.576E-03 1.486E-03 0.999 0.000 0.000 0.000 0.000 0.000 0.000 0.000 0.000 0.000 0.000 0.000 0.000 0.015 0.984 0.000
      5000. 4.808E-03 4.757E-04 0.999 0.000 0.000 0.000 0.000 0.000 0.001 0.000 0.000 0.000 0.000 0.000 0.000 0.048 0.952 0.000
      6000. 5.662E-03 2.345E-04 0.999 0.000 0.000 0.000 0.000 0.000 0.001 0.000 0.000 0.000 0.000 0.000 0.000 0.098 0.902 0.000
      7000. 6.292E-03 1.350E-04 0.999 0.000 0.000 0.000 0.000 0.000 0.001 0.000 0.000 0.000 0.000 0.000 0.000 0.170 0.830 0.000
      8000. 6.642E-03 8.787E-05 0.999 0.000 0.000 0.000 0.000 0.000 0.000 0.000 0.000 0.000 0.000 0.000 0.000 0.261 0.739 0.000
      9000. 6.677E-03 6.315E-05 0.999 0.000 0.000 0.000 0.000 0.000 0.000 0.000 0.000 0.000 0.001 0.000 0.000 0.363 0.636 0.000
     10000. 6.384E-03 4.917E-05 0.999 0.000 0.000 0.000 0.000 0.000 0.000 0.000 0.000 0.000 0.001 0.000 0.000 0.467 0.533 0.000
     11000. 5.783E-03 4.078E-05 0.999 0.000 0.000 0.000 0.000 0.000 0.000 0.000 0.000 0.000 0.001 0.000 0.000 0.563 0.437 0.000
     13749. 3.041E-03 3.020E-05 0.997 0.000 0.000 0.000 0.000 0.000 0.000 0.000 0.000 0.000 0.003 0.000 0.000 0.760 0.240 0.000
     15600. 1.145E-03 2.731E-05 0.990 0.000 0.000 0.000 0.000 0.000 0.000 0.000 0.000 0.000 0.009 0.000 0.000 0.840 0.160 0.000
     16000. 9.009E-04 2.689E-05 0.987 0.000 0.000 0.000 0.000 0.000 0.000 0.000 0.000 0.000 0.012 0.000 0.000 0.853 0.147 0.000
     16300. 7.839E-04 2.660E-05 0.985 0.000 0.000 0.000 0.000 0.000 0.000 0.000 0.000 0.000 0.014 0.000 0.000 0.863 0.137 0.000
     16600. 7.679E-04 2.635E-05 0.984 0.000 0.000 0.000 0.000 0.000 0.000 0.000 0.000 0.000 0.015 0.000 0.000 0.871 0.129 0.000
     17000. 8.028E-04 2.604E-05 0.984 0.000 0.000 0.000 0.000 0.000 0.000 0.000 0.000 0.000 0.015 0.000 0.000 0.881 0.119 0.000
     22000. 1.304E-03 2.404E-05 0.985 0.000 0.000 0.000 0.000 0.000 0.000 0.000 0.000 0.000 0.015 0.000 0.000 0.954 0.046 0.000
     33000. 2.826E-03 2.316E-05 0.987 0.000 0.000 0.000 0.000 0.000 0.000 0.000 0.000 0.000 0.013 0.000 0.000 0.991 0.009 0.000
     45000. 5.159E-03 2.301E-05 0.989 0.000 0.000 0.000 0.000 0.000 0.000 0.000 0.000 0.000 0.011 0.000 0.000 0.997 0.003 0.000
     60000. 9.059E-03 2.297E-05 0.991 0.000 0.000 0.000 0.000 0.000 0.000 0.000 0.000 0.000 0.009 0.000 0.000 0.999 0.001 0.000
      8000. 6.642E-03 8.787E-05 0.999 0.000 0.000 0.000 0.000 0.000 0.000 0.000 0.000 0.000 0.000 0.000 0.000 0.261 0.739 0.000
1

 ****************
 * TAU=  0.0009 *
 ****************

 T=  4398.  PE= 2.28E-01 lag: 14 lg10_tau(kr)=  -3.05
 ELEMENT  ABUNDANCE ELCONT IONIZATION FRACTIONS                 PARTITION FUNCTIONS
                              I       II      III     IV            I         II        III       IV
      H    1.000E+00 0.006  1.0000  0.0000
      HE   8.511E-02 0.000  1.0000  0.0000
      C    2.455E-04 0.001  0.9997  0.0003  0.0000
      N    6.026E-05 0.000  1.0000  0.0000  0.0000
      O    4.571E-04 0.000  1.0000  0.0000
      NE   6.918E-05 0.000  1.0000  0.0000
      NA   1.479E-06 0.019  0.0005  0.9995
      MG   3.388E-05 0.394  0.0720  0.9280  0.0000
      AL   2.344E-06 0.029  0.0112  0.9888  0.0000  0.0000
      SI   3.236E-05 0.207  0.4884  0.5116  0.0000
      S    1.380E-05 0.000  0.9976  0.0024  0.0000
      K    1.202E-07 0.002  0.0001  0.9999
      CA   2.042E-06 0.026  0.0015  0.9985  0.0000
      CR   4.365E-07 0.005  0.0209  0.9791  0.0000
      FE   2.818E-05 0.296  0.1604  0.8396  0.0000
      NI   1.698E-06 0.015  0.3090  0.6910  0.0000




                F R A C T I O N S  O F  C O N T I N U O U S  A B S O R P T I O N  A N D  S C A T T E R I N G
 WAVELENGTH   ABS       SCAT     H-    H BF  (H+H) H2+   H2-   C I   MG I  AL I  SI I  HE I  HE-   H2PR  HEPR  ELSC  H-SC  H2SC 
      3300. 7.692E-03 2.754E-03 0.990 0.005 0.000 0.001 0.000 0.000 0.003 0.000 0.000 0.000 0.000 0.000 0.000 0.009 0.991 0.000
      3800. 9.036E-03 1.487E-03 0.998 0.000 0.000 0.001 0.000 0.000 0.000 0.000 0.000 0.000 0.000 0.000 0.000 0.016 0.984 0.000
      5000. 1.215E-02 4.763E-04 0.998 0.000 0.000 0.000 0.000 0.000 0.000 0.000 0.000 0.000 0.000 0.000 0.000 0.049 0.950 0.000
      6000. 1.430E-02 2.351E-04 0.999 0.000 0.000 0.000 0.000 0.000 0.001 0.000 0.000 0.000 0.000 0.000 0.000 0.100 0.900 0.000
      7000. 1.589E-02 1.356E-04 0.999 0.000 0.000 0.000 0.000 0.000 0.001 0.000 0.000 0.000 0.000 0.000 0.000 0.173 0.826 0.000
      8000. 1.678E-02 8.843E-05 0.999 0.000 0.000 0.000 0.000 0.000 0.000 0.000 0.000 0.000 0.001 0.000 0.000 0.266 0.734 0.000
      9000. 1.687E-02 6.371E-05 0.999 0.000 0.000 0.000 0.000 0.000 0.000 0.000 0.000 0.000 0.001 0.000 0.000 0.369 0.631 0.000
     10000. 1.613E-02 4.973E-05 0.999 0.000 0.000 0.000 0.000 0.000 0.000 0.000 0.000 0.000 0.001 0.000 0.000 0.473 0.527 0.000
     11000. 1.465E-02 4.135E-05 0.999 0.000 0.000 0.000 0.000 0.000 0.000 0.000 0.000 0.000 0.001 0.000 0.000 0.569 0.431 0.000
     13749. 7.866E-03 3.077E-05 0.996 0.000 0.000 0.000 0.000 0.000 0.000 0.000 0.000 0.000 0.003 0.000 0.000 0.764 0.236 0.000
     15600. 3.226E-03 2.788E-05 0.989 0.000 0.000 0.001 0.000 0.000 0.000 0.000 0.000 0.000 0.010 0.000 0.000 0.843 0.156 0.000
     16000. 2.638E-03 2.745E-05 0.986 0.000 0.000 0.001 0.000 0.000 0.000 0.000 0.000 0.000 0.013 0.000 0.000 0.856 0.143 0.000
     16300. 2.361E-03 2.717E-05 0.984 0.000 0.000 0.001 0.000 0.000 0.000 0.000 0.000 0.000 0.015 0.000 0.000 0.865 0.135 0.000
     16600. 2.336E-03 2.691E-05 0.984 0.000 0.000 0.001 0.000 0.000 0.000 0.000 0.000 0.000 0.015 0.000 0.000 0.874 0.126 0.000
     17000. 2.442E-03 2.660E-05 0.984 0.000 0.000 0.001 0.000 0.000 0.000 0.000 0.000 0.000 0.015 0.000 0.000 0.884 0.116 0.000
     22000. 3.966E-03 2.461E-05 0.985 0.000 0.000 0.000 0.000 0.000 0.000 0.000 0.000 0.000 0.015 0.000 0.000 0.955 0.045 0.000
     33000. 8.597E-03 2.373E-05 0.987 0.000 0.000 0.000 0.000 0.000 0.000 0.000 0.000 0.000 0.012 0.000 0.000 0.991 0.009 0.000
     45000. 1.570E-02 2.358E-05 0.989 0.000 0.000 0.000 0.000 0.000 0.000 0.000 0.000 0.000 0.010 0.000 0.000 0.997 0.003 0.000
     60000. 2.758E-02 2.353E-05 0.991 0.000 0.000 0.000 0.000 0.000 0.000 0.000 0.000 0.000 0.009 0.000 0.000 0.999 0.001 0.000
      8000. 1.678E-02 8.843E-05 0.999 0.000 0.000 0.000 0.000 0.000 0.000 0.000 0.000 0.000 0.001 0.000 0.000 0.266 0.734 0.000
1

 ****************
 * TAU=  0.0100 *
 ****************

 T=  4621.  PE= 8.17E-01 lag: 21 lg10_tau(kr)=  -2.00
 ELEMENT  ABUNDANCE ELCONT IONIZATION FRACTIONS                 PARTITION FUNCTIONS
                              I       II      III     IV            I         II        III       IV
      H    1.000E+00 0.011  1.0000  0.0000
      HE   8.511E-02 0.000  1.0000  0.0000
      C    2.455E-04 0.001  0.9996  0.0004  0.0000
      N    6.026E-05 0.000  1.0000  0.0000  0.0000
      O    4.571E-04 0.000  1.0000  0.0000
      NE   6.918E-05 0.000  1.0000  0.0000
      NA   1.479E-06 0.019  0.0008  0.9992
      MG   3.388E-05 0.397  0.0849  0.9151  0.0000
      AL   2.344E-06 0.029  0.0165  0.9835  0.0000  0.0000
      SI   3.236E-05 0.200  0.5178  0.4822  0.0000
      S    1.380E-05 0.000  0.9972  0.0028  0.0000
      K    1.202E-07 0.002  0.0002  0.9998
      CA   2.042E-06 0.026  0.0022  0.9978  0.0001
      CR   4.365E-07 0.005  0.0281  0.9719  0.0000
      FE   2.818E-05 0.295  0.1815  0.8185  0.0000
      NI   1.698E-06 0.014  0.3443  0.6557  0.0000




                F R A C T I O N S  O F  C O N T I N U O U S  A B S O R P T I O N  A N D  S C A T T E R I N G
 WAVELENGTH   ABS       SCAT     H-    H BF  (H+H) H2+   H2-   C I   MG I  AL I  SI I  HE I  HE-   H2PR  HEPR  ELSC  H-SC  H2SC 
      3300. 2.217E-02 2.752E-03 0.988 0.006 0.000 0.002 0.000 0.000 0.003 0.000 0.000 0.000 0.000 0.000 0.000 0.008 0.991 0.001
      3800. 2.601E-02 1.486E-03 0.998 0.000 0.000 0.001 0.000 0.000 0.000 0.000 0.000 0.000 0.000 0.000 0.000 0.016 0.984 0.001
      5000. 3.497E-02 4.757E-04 0.998 0.000 0.000 0.001 0.000 0.000 0.000 0.000 0.000 0.000 0.000 0.000 0.000 0.048 0.951 0.001
      6000. 4.117E-02 2.346E-04 0.998 0.000 0.000 0.000 0.000 0.000 0.001 0.000 0.000 0.000 0.000 0.000 0.000 0.098 0.901 0.001
      7000. 4.574E-02 1.351E-04 0.998 0.000 0.000 0.000 0.000 0.000 0.001 0.000 0.000 0.000 0.001 0.000 0.000 0.171 0.829 0.001
      8000. 4.827E-02 8.795E-05 0.999 0.000 0.000 0.000 0.000 0.000 0.000 0.000 0.000 0.000 0.001 0.000 0.000 0.262 0.737 0.001
      9000. 4.854E-02 6.323E-05 0.999 0.000 0.000 0.000 0.000 0.000 0.000 0.000 0.000 0.000 0.001 0.000 0.000 0.364 0.635 0.001
     10000. 4.647E-02 4.926E-05 0.999 0.000 0.000 0.000 0.000 0.000 0.000 0.000 0.000 0.000 0.001 0.000 0.000 0.468 0.532 0.000
     11000. 4.226E-02 4.087E-05 0.998 0.000 0.000 0.000 0.000 0.000 0.000 0.000 0.000 0.000 0.001 0.000 0.000 0.564 0.436 0.000
     13749. 2.324E-02 3.029E-05 0.996 0.000 0.000 0.001 0.000 0.000 0.000 0.000 0.000 0.000 0.004 0.000 0.000 0.761 0.239 0.000
     15600. 1.033E-02 2.740E-05 0.988 0.000 0.000 0.001 0.000 0.000 0.000 0.000 0.000 0.000 0.011 0.000 0.000 0.841 0.159 0.000
     16000. 8.727E-03 2.698E-05 0.985 0.000 0.000 0.001 0.000 0.000 0.000 0.000 0.000 0.000 0.013 0.000 0.000 0.854 0.146 0.000
     16300. 7.991E-03 2.670E-05 0.983 0.000 0.000 0.001 0.000 0.000 0.000 0.000 0.000 0.000 0.015 0.000 0.000 0.863 0.137 0.000
     16600. 7.963E-03 2.644E-05 0.983 0.000 0.000 0.001 0.000 0.000 0.000 0.000 0.000 0.000 0.015 0.000 0.000 0.871 0.128 0.000
     17000. 8.323E-03 2.613E-05 0.983 0.000 0.000 0.001 0.000 0.000 0.000 0.000 0.000 0.000 0.015 0.000 0.000 0.882 0.118 0.000
     22000. 1.351E-02 2.414E-05 0.984 0.000 0.000 0.001 0.000 0.000 0.000 0.000 0.000 0.000 0.015 0.000 0.000 0.955 0.045 0.000
     33000. 2.930E-02 2.326E-05 0.987 0.000 0.000 0.000 0.000 0.000 0.000 0.000 0.000 0.000 0.012 0.000 0.000 0.991 0.009 0.000
     45000. 5.355E-02 2.310E-05 0.989 0.000 0.000 0.000 0.000 0.000 0.000 0.000 0.000 0.000 0.010 0.000 0.000 0.997 0.003 0.000
     60000. 9.403E-02 2.306E-05 0.991 0.000 0.000 0.000 0.000 0.000 0.000 0.000 0.000 0.000 0.008 0.000 0.000 0.999 0.001 0.000
      8000. 4.827E-02 8.795E-05 0.999 0.000 0.000 0.000 0.000 0.000 0.000 0.000 0.000 0.000 0.001 0.000 0.000 0.262 0.737 0.001
1

 ****************
 * TAU=  0.1122 *
 ****************

 T=  4939.  PE= 3.08E+00 lag: 28 lg10_tau(kr)=  -0.95
 ELEMENT  ABUNDANCE ELCONT IONIZATION FRACTIONS                 PARTITION FUNCTIONS
                              I       II      III     IV            I         II        III       IV
      H    1.000E+00 0.031  1.0000  0.0000
      HE   8.511E-02 0.000  1.0000  0.0000
      C    2.455E-04 0.002  0.9992  0.0008  0.0000
      N    6.026E-05 0.000  1.0000  0.0000  0.0000
      O    4.571E-04 0.000  1.0000  0.0000
      NE   6.918E-05 0.000  1.0000  0.0000
      NA   1.479E-06 0.018  0.0012  0.9988
      MG   3.388E-05 0.381  0.0794  0.9206  0.0000
      AL   2.344E-06 0.028  0.0200  0.9800  0.0000  0.0000
      SI   3.236E-05 0.206  0.4799  0.5201  0.0000
      S    1.380E-05 0.001  0.9953  0.0047  0.0000
      K    1.202E-07 0.001  0.0004  0.9996
      CA   2.042E-06 0.025  0.0027  0.9972  0.0001
      CR   4.365E-07 0.005  0.0305  0.9695  0.0000
      FE   2.818E-05 0.287  0.1659  0.8341  0.0000
      NI   1.698E-06 0.014  0.3218  0.6782  0.0000




                F R A C T I O N S  O F  C O N T I N U O U S  A B S O R P T I O N  A N D  S C A T T E R I N G
 WAVELENGTH   ABS       SCAT     H-    H BF  (H+H) H2+   H2-   C I   MG I  AL I  SI I  HE I  HE-   H2PR  HEPR  ELSC  H-SC  H2SC 
      3300. 6.327E-02 2.753E-03 0.980 0.012 0.001 0.005 0.000 0.000 0.002 0.000 0.000 0.000 0.000 0.000 0.000 0.009 0.990 0.001
      3800. 7.384E-02 1.487E-03 0.995 0.000 0.000 0.004 0.000 0.000 0.000 0.000 0.000 0.000 0.000 0.000 0.000 0.016 0.982 0.001
      5000. 9.920E-02 4.767E-04 0.997 0.000 0.000 0.002 0.000 0.000 0.000 0.000 0.000 0.000 0.000 0.000 0.000 0.051 0.948 0.001
      6000. 1.167E-01 2.356E-04 0.997 0.000 0.000 0.001 0.000 0.000 0.001 0.000 0.000 0.000 0.001 0.000 0.000 0.102 0.896 0.001
      7000. 1.296E-01 1.361E-04 0.997 0.000 0.000 0.001 0.000 0.000 0.000 0.000 0.000 0.000 0.001 0.000 0.000 0.177 0.822 0.001
      8000. 1.368E-01 8.900E-05 0.998 0.000 0.000 0.001 0.000 0.000 0.000 0.000 0.000 0.000 0.001 0.000 0.000 0.271 0.728 0.001
      9000. 1.376E-01 6.429E-05 0.998 0.000 0.000 0.001 0.000 0.000 0.000 0.000 0.000 0.000 0.001 0.000 0.000 0.375 0.624 0.001
     10000. 1.320E-01 5.032E-05 0.998 0.000 0.000 0.001 0.000 0.000 0.000 0.000 0.000 0.000 0.001 0.000 0.000 0.479 0.520 0.001
     11000. 1.204E-01 4.193E-05 0.997 0.000 0.000 0.001 0.000 0.000 0.000 0.000 0.000 0.000 0.002 0.000 0.000 0.575 0.424 0.001
     13749. 6.859E-02 3.136E-05 0.993 0.000 0.000 0.002 0.000 0.000 0.000 0.000 0.000 0.000 0.005 0.000 0.000 0.769 0.231 0.000
     15600. 3.397E-02 2.847E-05 0.985 0.000 0.000 0.003 0.000 0.000 0.000 0.000 0.000 0.000 0.012 0.000 0.000 0.847 0.153 0.000
     16000. 2.980E-02 2.805E-05 0.982 0.001 0.000 0.003 0.000 0.000 0.000 0.000 0.000 0.000 0.014 0.000 0.000 0.860 0.140 0.000
     16300. 2.796E-02 2.776E-05 0.981 0.001 0.000 0.003 0.000 0.000 0.000 0.000 0.000 0.000 0.015 0.000 0.000 0.868 0.131 0.000
     16600. 2.809E-02 2.751E-05 0.980 0.001 0.000 0.003 0.000 0.000 0.000 0.000 0.000 0.000 0.016 0.000 0.000 0.876 0.123 0.000
     17000. 2.935E-02 2.720E-05 0.980 0.001 0.000 0.003 0.000 0.000 0.000 0.000 0.000 0.000 0.015 0.000 0.000 0.886 0.113 0.000
     22000. 4.763E-02 2.521E-05 0.983 0.001 0.000 0.002 0.000 0.000 0.000 0.000 0.000 0.000 0.014 0.000 0.000 0.956 0.043 0.000
     33000. 1.035E-01 2.432E-05 0.987 0.000 0.000 0.001 0.000 0.000 0.000 0.000 0.000 0.000 0.012 0.000 0.000 0.991 0.009 0.000
     45000. 1.893E-01 2.417E-05 0.989 0.000 0.000 0.000 0.000 0.000 0.000 0.000 0.000 0.000 0.010 0.000 0.000 0.997 0.003 0.000
     60000. 3.324E-01 2.413E-05 0.991 0.000 0.000 0.000 0.000 0.000 0.000 0.000 0.000 0.000 0.008 0.000 0.000 0.999 0.001 0.000
      8000. 1.368E-01 8.900E-05 0.998 0.000 0.000 0.001 0.000 0.000 0.000 0.000 0.000 0.000 0.001 0.000 0.000 0.271 0.728 0.001
1

 ****************
 * TAU=  1.1220 *
 ****************

 T=  5859.  PE= 2.07E+01 lag: 35 lg10_tau(kr)=   0.05
 ELEMENT  ABUNDANCE ELCONT IONIZATION FRACTIONS                 PARTITION FUNCTIONS
                              I       II      III     IV            I         II        III       IV
      H    1.000E+00 0.466  0.9999  0.0001
      HE   8.511E-02 0.000  1.0000  0.0000
      C    2.455E-04 0.015  0.9889  0.0111  0.0000
      N    6.026E-05 0.000  0.9999  0.0001  0.0000
      O    4.571E-04 0.000  0.9999  0.0001
      NE   6.918E-05 0.000  1.0000  0.0000
      NA   1.479E-06 0.008  0.0011  0.9989
      MG   3.388E-05 0.180  0.0230  0.9770  0.0000
      AL   2.344E-06 0.013  0.0101  0.9899  0.0000  0.0000
      SI   3.236E-05 0.146  0.1709  0.8291  0.0000
      S    1.380E-05 0.004  0.9533  0.0467  0.0000
      K    1.202E-07 0.001  0.0006  0.9994
      CA   2.042E-06 0.011  0.0017  0.9961  0.0022
      CR   4.365E-07 0.002  0.0122  0.9878  0.0000
      FE   2.818E-05 0.146  0.0476  0.9524  0.0000
      NI   1.698E-06 0.008  0.1041  0.8959  0.0000




                F R A C T I O N S  O F  C O N T I N U O U S  A B S O R P T I O N  A N D  S C A T T E R I N G
 WAVELENGTH   ABS       SCAT     H-    H BF  (H+H) H2+   H2-   C I   MG I  AL I  SI I  HE I  HE-   H2PR  HEPR  ELSC  H-SC  H2SC 
      3300. 2.575E-01 2.784E-03 0.814 0.123 0.002 0.060 0.000 0.000 0.000 0.000 0.000 0.000 0.000 0.000 0.000 0.019 0.980 0.001
      3800. 2.632E-01 1.517E-03 0.945 0.002 0.001 0.052 0.000 0.000 0.000 0.000 0.000 0.000 0.001 0.000 0.000 0.036 0.964 0.001
      5000. 3.476E-01 5.069E-04 0.963 0.003 0.000 0.032 0.000 0.000 0.000 0.000 0.000 0.000 0.001 0.000 0.000 0.107 0.892 0.001
      6000. 4.061E-01 2.657E-04 0.970 0.004 0.000 0.024 0.000 0.000 0.000 0.000 0.000 0.000 0.001 0.000 0.000 0.204 0.795 0.001
      7000. 4.501E-01 1.663E-04 0.972 0.006 0.000 0.021 0.000 0.000 0.000 0.000 0.000 0.000 0.001 0.000 0.000 0.326 0.673 0.000
      8000. 4.754E-01 1.191E-04 0.972 0.008 0.000 0.018 0.000 0.000 0.000 0.000 0.000 0.000 0.001 0.000 0.000 0.455 0.544 0.000
      9000. 4.764E-01 9.442E-05 0.979 0.002 0.000 0.018 0.000 0.000 0.000 0.000 0.000 0.000 0.002 0.000 0.000 0.574 0.425 0.000
     10000. 4.602E-01 8.045E-05 0.978 0.003 0.000 0.017 0.000 0.000 0.000 0.000 0.000 0.000 0.002 0.000 0.000 0.674 0.326 0.000
     11000. 4.261E-01 7.206E-05 0.975 0.004 0.000 0.018 0.000 0.000 0.000 0.000 0.000 0.000 0.003 0.000 0.000 0.753 0.247 0.000
     13749. 2.752E-01 6.149E-05 0.957 0.011 0.000 0.026 0.000 0.000 0.000 0.000 0.000 0.000 0.007 0.000 0.000 0.882 0.118 0.000
     15600. 1.779E-01 5.860E-05 0.938 0.011 0.000 0.039 0.000 0.000 0.000 0.000 0.000 0.000 0.013 0.000 0.000 0.926 0.074 0.000
     16000. 1.680E-01 5.817E-05 0.933 0.013 0.000 0.040 0.000 0.000 0.000 0.000 0.000 0.000 0.014 0.000 0.000 0.932 0.068 0.000
     16300. 1.647E-01 5.789E-05 0.931 0.013 0.000 0.041 0.000 0.000 0.000 0.000 0.000 0.000 0.015 0.000 0.000 0.937 0.063 0.000
     16600. 1.675E-01 5.763E-05 0.931 0.014 0.000 0.040 0.000 0.000 0.000 0.000 0.000 0.000 0.015 0.000 0.000 0.941 0.059 0.000
     17000. 1.748E-01 5.732E-05 0.933 0.014 0.000 0.038 0.000 0.000 0.000 0.000 0.000 0.000 0.015 0.000 0.000 0.946 0.054 0.000
     22000. 2.806E-01 5.533E-05 0.948 0.017 0.000 0.022 0.000 0.000 0.000 0.000 0.000 0.000 0.014 0.000 0.000 0.980 0.020 0.000
     33000. 5.996E-01 5.445E-05 0.968 0.011 0.000 0.009 0.000 0.000 0.000 0.000 0.000 0.000 0.011 0.000 0.000 0.996 0.004 0.000
     45000. 1.091E+00 5.430E-05 0.975 0.011 0.000 0.004 0.000 0.000 0.000 0.000 0.000 0.000 0.009 0.000 0.000 0.999 0.001 0.000
     60000. 1.901E+00 5.425E-05 0.987 0.003 0.000 0.002 0.000 0.000 0.000 0.000 0.000 0.000 0.008 0.000 0.000 1.000 0.000 0.000
      8000. 4.754E-01 1.191E-04 0.972 0.008 0.000 0.018 0.000 0.000 0.000 0.000 0.000 0.000 0.001 0.000 0.000 0.455 0.544 0.000
1

 ****************
 * TAU=  8.9125 *
 ****************

 T=  7607.  PE= 5.42E+02 lag: 41 lg10_tau(kr)=   0.95
 ELEMENT  ABUNDANCE ELCONT IONIZATION FRACTIONS                 PARTITION FUNCTIONS
                              I       II      III     IV            I         II        III       IV
      H    1.000E+00 0.958  0.9969  0.0031
      HE   8.511E-02 0.000  1.0000  0.0000
      C    2.455E-04 0.009  0.8816  0.1184  0.0000
      N    6.026E-05 0.000  0.9968  0.0032  0.0000
      O    4.571E-04 0.000  0.9973  0.0027
      NE   6.918E-05 0.000  1.0000  0.0000
      NA   1.479E-06 0.000  0.0025  0.9975
      MG   3.388E-05 0.010  0.0120  0.9877  0.0003
      AL   2.344E-06 0.001  0.0102  0.9898  0.0000  0.0000
      SI   3.236E-05 0.009  0.0679  0.9320  0.0000
      S    1.380E-05 0.001  0.7044  0.2956  0.0000
      K    1.202E-07 0.000  0.0016  0.9984
      CA   2.042E-06 0.001  0.0027  0.9673  0.0300
      CR   4.365E-07 0.000  0.0093  0.9906  0.0002
      FE   2.818E-05 0.009  0.0217  0.9782  0.0001
      NI   1.698E-06 0.001  0.0425  0.9575  0.0000




                F R A C T I O N S  O F  C O N T I N U O U S  A B S O R P T I O N  A N D  S C A T T E R I N G
 WAVELENGTH   ABS       SCAT     H-    H BF  (H+H) H2+   H2-   C I   MG I  AL I  SI I  HE I  HE-   H2PR  HEPR  ELSC  H-SC  H2SC 
      3300. 5.698E+00 3.670E-03 0.365 0.581 0.000 0.053 0.000 0.000 0.000 0.000 0.000 0.000 0.000 0.000 0.000 0.258 0.742 0.000
      3800. 2.884E+00 2.407E-03 0.855 0.043 0.000 0.100 0.000 0.001 0.000 0.000 0.000 0.000 0.001 0.000 0.000 0.394 0.606 0.000
      5000. 3.869E+00 1.399E-03 0.858 0.070 0.000 0.070 0.000 0.001 0.000 0.000 0.000 0.000 0.002 0.000 0.000 0.677 0.323 0.000
      6000. 4.620E+00 1.159E-03 0.846 0.097 0.000 0.055 0.000 0.001 0.000 0.000 0.000 0.000 0.002 0.000 0.000 0.818 0.182 0.000
      7000. 5.293E+00 1.060E-03 0.821 0.129 0.000 0.047 0.000 0.001 0.000 0.000 0.000 0.000 0.002 0.000 0.000 0.895 0.105 0.000
      8000. 5.846E+00 1.013E-03 0.790 0.167 0.000 0.041 0.000 0.000 0.000 0.000 0.000 0.000 0.003 0.000 0.000 0.936 0.064 0.000
      9000. 5.333E+00 9.880E-04 0.884 0.068 0.000 0.044 0.000 0.000 0.000 0.000 0.000 0.000 0.003 0.000 0.000 0.959 0.041 0.000
     10000. 5.376E+00 9.740E-04 0.864 0.089 0.000 0.042 0.000 0.000 0.000 0.000 0.000 0.000 0.004 0.000 0.000 0.973 0.027 0.000
     11000. 5.305E+00 9.657E-04 0.837 0.116 0.000 0.042 0.000 0.000 0.000 0.000 0.000 0.000 0.005 0.000 0.000 0.982 0.018 0.000
     13749. 4.819E+00 9.551E-04 0.725 0.224 0.000 0.044 0.000 0.000 0.000 0.000 0.000 0.000 0.008 0.000 0.000 0.992 0.008 0.000
     15600. 4.083E+00 9.522E-04 0.733 0.205 0.000 0.050 0.000 0.000 0.000 0.000 0.000 0.000 0.011 0.000 0.000 0.995 0.005 0.000
     16000. 4.127E+00 9.518E-04 0.723 0.216 0.000 0.050 0.000 0.000 0.000 0.000 0.000 0.000 0.011 0.000 0.000 0.996 0.004 0.000
     16300. 4.197E+00 9.515E-04 0.718 0.222 0.000 0.049 0.000 0.000 0.000 0.000 0.000 0.000 0.011 0.000 0.000 0.996 0.004 0.000
     16600. 4.322E+00 9.513E-04 0.716 0.226 0.000 0.047 0.000 0.000 0.000 0.000 0.000 0.000 0.011 0.000 0.000 0.996 0.004 0.000
     17000. 4.521E+00 9.510E-04 0.715 0.229 0.000 0.045 0.000 0.000 0.000 0.000 0.000 0.000 0.011 0.000 0.000 0.997 0.003 0.000
     22000. 7.478E+00 9.490E-04 0.709 0.256 0.000 0.025 0.000 0.000 0.000 0.000 0.000 0.000 0.010 0.000 0.000 0.999 0.001 0.000
     33000. 1.504E+01 9.481E-04 0.772 0.209 0.000 0.011 0.000 0.000 0.000 0.000 0.000 0.000 0.008 0.000 0.000 1.000 0.000 0.000
     45000. 2.740E+01 9.480E-04 0.779 0.209 0.000 0.005 0.000 0.000 0.000 0.000 0.000 0.000 0.007 0.000 0.000 1.000 0.000 0.000
     60000. 4.008E+01 9.479E-04 0.940 0.050 0.000 0.003 0.000 0.000 0.000 0.000 0.000 0.000 0.007 0.000 0.000 1.000 0.000 0.000
      8000. 5.846E+00 1.013E-03 0.790 0.167 0.000 0.041 0.000 0.000 0.000 0.000 0.000 0.000 0.003 0.000 0.000 0.936 0.064 0.000
1

 ****************
 * TAU=316.2278 *
 ****************

 T=  9576.  PE= 7.18E+03 lag: 53 lg10_tau(kr)=   2.50
 ELEMENT  ABUNDANCE ELCONT IONIZATION FRACTIONS                 PARTITION FUNCTIONS
                              I       II      III     IV            I         II        III       IV
      H    1.000E+00 0.993  0.9709  0.0291
      HE   8.511E-02 0.000  1.0000  0.0000
      C    2.455E-04 0.003  0.6249  0.3751  0.0000
      N    6.026E-05 0.000  0.9624  0.0376  0.0000
      O    4.571E-04 0.000  0.9745  0.0255
      NE   6.918E-05 0.000  1.0000  0.0000
      NA   1.479E-06 0.000  0.0053  0.9947
      MG   3.388E-05 0.001  0.0118  0.9829  0.0052
      AL   2.344E-06 0.000  0.0134  0.9864  0.0002  0.0000
      SI   3.236E-05 0.001  0.0442  0.9554  0.0004
      S    1.380E-05 0.000  0.3896  0.6104  0.0000
      K    1.202E-07 0.000  0.0033  0.9967
      CA   2.042E-06 0.000  0.0047  0.8692  0.1262
      CR   4.365E-07 0.000  0.0102  0.9867  0.0031
      FE   2.818E-05 0.001  0.0180  0.9808  0.0012
      NI   1.698E-06 0.000  0.0287  0.9711  0.0002




                F R A C T I O N S  O F  C O N T I N U O U S  A B S O R P T I O N  A N D  S C A T T E R I N G
 WAVELENGTH   ABS       SCAT     H-    H BF  (H+H) H2+   H2-   C I   MG I  AL I  SI I  HE I  HE-   H2PR  HEPR  ELSC  H-SC  H2SC 
      3300. 9.461E+01 1.129E-02 0.129 0.850 0.000 0.020 0.000 0.000 0.000 0.000 0.000 0.000 0.000 0.000 0.000 0.765 0.235 0.000
      3800. 2.236E+01 1.006E-02 0.648 0.263 0.000 0.086 0.000 0.001 0.000 0.000 0.000 0.000 0.002 0.000 0.000 0.859 0.141 0.000
      5000. 3.429E+01 9.078E-03 0.570 0.371 0.000 0.057 0.000 0.001 0.000 0.000 0.000 0.000 0.002 0.000 0.000 0.952 0.048 0.000
      6000. 4.599E+01 8.844E-03 0.502 0.454 0.000 0.041 0.000 0.001 0.000 0.000 0.000 0.000 0.002 0.000 0.000 0.977 0.023 0.000
      7000. 5.940E+01 8.747E-03 0.436 0.529 0.000 0.032 0.000 0.001 0.000 0.000 0.000 0.000 0.002 0.000 0.000 0.988 0.012 0.000
      8000. 7.432E+01 8.701E-03 0.375 0.598 0.000 0.025 0.000 0.000 0.000 0.000 0.000 0.000 0.002 0.000 0.000 0.993 0.007 0.000
      9000. 5.261E+01 8.677E-03 0.553 0.408 0.000 0.035 0.000 0.000 0.000 0.000 0.000 0.000 0.004 0.000 0.000 0.996 0.004 0.000
     10000. 5.972E+01 8.664E-03 0.495 0.471 0.000 0.030 0.000 0.000 0.000 0.000 0.000 0.000 0.004 0.000 0.000 0.997 0.003 0.000
     11000. 6.729E+01 8.656E-03 0.439 0.530 0.000 0.027 0.000 0.000 0.000 0.000 0.000 0.000 0.004 0.000 0.000 0.998 0.002 0.000
     13749. 9.199E+01 8.645E-03 0.307 0.670 0.000 0.019 0.000 0.000 0.000 0.000 0.000 0.000 0.004 0.000 0.000 0.999 0.001 0.000
     15600. 8.463E+01 8.643E-03 0.340 0.635 0.000 0.020 0.000 0.000 0.000 0.000 0.000 0.000 0.005 0.000 0.000 1.000 0.000 0.000
     16000. 8.867E+01 8.642E-03 0.332 0.644 0.000 0.019 0.000 0.000 0.000 0.000 0.000 0.000 0.005 0.000 0.000 1.000 0.000 0.000
     16300. 9.195E+01 8.642E-03 0.327 0.649 0.000 0.018 0.000 0.000 0.000 0.000 0.000 0.000 0.005 0.000 0.000 1.000 0.000 0.000
     16600. 9.557E+01 8.642E-03 0.325 0.652 0.000 0.017 0.000 0.000 0.000 0.000 0.000 0.000 0.005 0.000 0.000 1.000 0.000 0.000
     17000. 1.007E+02 8.641E-03 0.323 0.656 0.000 0.016 0.000 0.000 0.000 0.000 0.000 0.000 0.005 0.000 0.000 1.000 0.000 0.000
     22000. 1.762E+02 8.639E-03 0.303 0.684 0.000 0.009 0.000 0.000 0.000 0.000 0.000 0.000 0.004 0.000 0.000 1.000 0.000 0.000
     33000. 3.353E+02 8.639E-03 0.350 0.643 0.000 0.004 0.000 0.000 0.000 0.000 0.000 0.000 0.004 0.000 0.000 1.000 0.000 0.000
     45000. 6.187E+02 8.638E-03 0.349 0.646 0.000 0.002 0.000 0.000 0.000 0.000 0.000 0.000 0.003 0.000 0.000 1.000 0.000 0.000
     60000. 4.886E+02 8.638E-03 0.782 0.210 0.000 0.002 0.000 0.000 0.000 0.000 0.000 0.000 0.005 0.000 0.000 1.000 0.000 0.000
      8000. 7.432E+01 8.701E-03 0.375 0.598 0.000 0.025 0.000 0.000 0.000 0.000 0.000 0.000 0.002 0.000 0.000 0.993 0.007 0.000
 Model written out successfully.
