  0.12497842E+004  0.12814973E-002
  0.12506176E+004  0.13059380E-002
  0.12514516E+004  0.13308252E-002
  0.12522861E+004  0.13561665E-002
  0.12531213E+004  0.13819700E-002
  0.12539569E+004  0.14082435E-002
  0.12547931E+004  0.14349954E-002
  0.12556299E+004  0.14622339E-002
  0.12564673E+004  0.14899675E-002
  0.12573052E+004  0.15182047E-002
  0.12581436E+004  0.15469542E-002
  0.12589826E+004  0.15762250E-002
  0.12598222E+004  0.16060259E-002
  0.12606623E+004  0.16363663E-002
  0.12615030E+004  0.16672553E-002
  0.12623443E+004  0.16987024E-002
  0.12631861E+004  0.17307173E-002
  0.12640285E+004  0.17633097E-002
  0.12648714E+004  0.17964896E-002
  0.12657149E+004  0.18302670E-002
  0.12665590E+004  0.18646521E-002
  0.12674036E+004  0.18996555E-002
  0.12682488E+004  0.19352877E-002
  0.12690945E+004  0.19715595E-002
  0.12699409E+004  0.20084817E-002
  0.12707877E+004  0.20460656E-002
  0.12716352E+004  0.20843224E-002
  0.12724832E+004  0.21232635E-002
  0.12733318E+004  0.21629007E-002
  0.12741809E+004  0.22032458E-002
  0.12750306E+004  0.22443109E-002
  0.12758809E+004  0.22861081E-002
  0.12767317E+004  0.23286499E-002
  0.12775832E+004  0.23719490E-002
  0.12784351E+004  0.24160181E-002
  0.12792877E+004  0.24608704E-002
  0.12801408E+004  0.25065190E-002
  0.12809945E+004  0.25529775E-002
  0.12818487E+004  0.26002594E-002
  0.12827036E+004  0.26483788E-002
  0.12835589E+004  0.26973497E-002
  0.12844149E+004  0.27471865E-002
  0.12852714E+004  0.27979037E-002
  0.12861285E+004  0.28495161E-002
  0.12869862E+004  0.29020389E-002
  0.12878445E+004  0.29554872E-002
  0.12887033E+004  0.30098766E-002
  0.12895627E+004  0.30652229E-002
  0.12904226E+004  0.31215420E-002
  0.12912832E+004  0.31788503E-002
  0.12921443E+004  0.32371643E-002
  0.12930060E+004  0.32965008E-002
  0.12938683E+004  0.33568768E-002
  0.12947311E+004  0.34183096E-002
  0.12955945E+004  0.34808169E-002
  0.12964585E+004  0.35444166E-002
  0.12973231E+004  0.36091267E-002
  0.12981882E+004  0.36749658E-002
  0.12990539E+004  0.37419525E-002
  0.12999202E+004  0.38101059E-002
  0.13007871E+004  0.38794454E-002
  0.13016545E+004  0.39499905E-002
  0.13025226E+004  0.40217611E-002
  0.13033912E+004  0.40947776E-002
  0.13042604E+004  0.41690605E-002
  0.13051301E+004  0.42446307E-002
  0.13060005E+004  0.43215093E-002
  0.13068714E+004  0.43997180E-002
  0.13077429E+004  0.44792786E-002
  0.13086150E+004  0.45602132E-002
  0.13094877E+004  0.46425446E-002
  0.13103609E+004  0.47262955E-002
  0.13112348E+004  0.48114892E-002
  0.13121092E+004  0.48981494E-002
  0.13129842E+004  0.49863001E-002
  0.13138598E+004  0.50759655E-002
  0.13147359E+004  0.51671706E-002
  0.13156127E+004  0.52599402E-002
  0.13164900E+004  0.53543001E-002
  0.13173680E+004  0.54502760E-002
  0.13182465E+004  0.55478943E-002
  0.13191256E+004  0.56471816E-002
  0.13200052E+004  0.57481651E-002
  0.13208855E+004  0.58508723E-002
  0.13217664E+004  0.59553311E-002
  0.13226478E+004  0.60615699E-002
  0.13235298E+004  0.61696176E-002
  0.13244125E+004  0.62795033E-002
  0.13252957E+004  0.63912568E-002
  0.13261795E+004  0.65049082E-002
  0.13270638E+004  0.66204881E-002
  0.13279488E+004  0.67380275E-002
  0.13288344E+004  0.68575581E-002
  0.13297205E+004  0.69791119E-002
  0.13306073E+004  0.71027213E-002
  0.13314946E+004  0.72284194E-002
  0.13323826E+004  0.73562396E-002
  0.13332711E+004  0.74862160E-002
  0.13341602E+004  0.76183831E-002
  0.13350499E+004  0.77527759E-002
  0.13359402E+004  0.78894300E-002
  0.13368311E+004  0.80283816E-002
  0.13377226E+004  0.81696672E-002
  0.13386147E+004  0.83133240E-002
  0.13395073E+004  0.84593899E-002
  0.13404006E+004  0.86079031E-002
  0.13412945E+004  0.87589026E-002
  0.13421889E+004  0.89124279E-002
  0.13430840E+004  0.90685189E-002
  0.13439797E+004  0.92272165E-002
  0.13448759E+004  0.93885618E-002
  0.13457728E+004  0.95525968E-002
  0.13466702E+004  0.97193640E-002
  0.13475683E+004  0.98889066E-002
  0.13484669E+004  0.10061268E-001
  0.13493662E+004  0.10236494E-001
  0.13502660E+004  0.10414628E-001
  0.13511665E+004  0.10595716E-001
  0.13520675E+004  0.10779806E-001
  0.13529692E+004  0.10966944E-001
  0.13538714E+004  0.11157177E-001
  0.13547743E+004  0.11350555E-001
  0.13556777E+004  0.11547127E-001
  0.13565818E+004  0.11746943E-001
  0.13574864E+004  0.11950053E-001
  0.13583917E+004  0.12156509E-001
  0.13592976E+004  0.12366364E-001
  0.13602040E+004  0.12579669E-001
  0.13611111E+004  0.12796480E-001
  0.13620188E+004  0.13016850E-001
  0.13629271E+004  0.13240835E-001
  0.13638360E+004  0.13468492E-001
  0.13647455E+004  0.13699876E-001
  0.13656556E+004  0.13935047E-001
  0.13665663E+004  0.14174062E-001
  0.13674776E+004  0.14416981E-001
  0.13683895E+004  0.14663865E-001
  0.13693020E+004  0.14914774E-001
  0.13702152E+004  0.15169772E-001
  0.13711289E+004  0.15428921E-001
  0.13720433E+004  0.15692285E-001
  0.13729583E+004  0.15959929E-001
  0.13738738E+004  0.16231919E-001
  0.13747900E+004  0.16508321E-001
  0.13757068E+004  0.16789204E-001
  0.13766243E+004  0.17074636E-001
  0.13775423E+004  0.17364687E-001
  0.13784609E+004  0.17659428E-001
  0.13793802E+004  0.17958931E-001
  0.13803000E+004  0.18263267E-001
  0.13812205E+004  0.18572512E-001
  0.13821416E+004  0.18886740E-001
  0.13830633E+004  0.19206026E-001
  0.13839856E+004  0.19530449E-001
  0.13849086E+004  0.19860086E-001
  0.13858321E+004  0.20195017E-001
  0.13867563E+004  0.20535321E-001
  0.13876810E+004  0.20881081E-001
  0.13886064E+004  0.21232380E-001
  0.13895325E+004  0.21589300E-001
  0.13904591E+004  0.21951928E-001
  0.13913863E+004  0.22320349E-001
  0.13923142E+004  0.22694652E-001
  0.13932427E+004  0.23074924E-001
  0.13941718E+004  0.23461256E-001
  0.13951015E+004  0.23853740E-001
  0.13960319E+004  0.24252467E-001
  0.13969629E+004  0.24657532E-001
  0.13978944E+004  0.25069030E-001
  0.13988266E+004  0.25487057E-001
  0.13997595E+004  0.25911713E-001
  0.14006929E+004  0.26343095E-001
  0.14016270E+004  0.26781304E-001
  0.14025617E+004  0.27226443E-001
  0.14034970E+004  0.27678615E-001
  0.14044330E+004  0.28137926E-001
  0.14053695E+004  0.28604481E-001
  0.14063067E+004  0.29078389E-001
  0.14072446E+004  0.29559759E-001
  0.14081830E+004  0.30048703E-001
  0.14091221E+004  0.30545332E-001
  0.14100618E+004  0.31049760E-001
  0.14110021E+004  0.31562105E-001
  0.14119430E+004  0.32082482E-001
  0.14128846E+004  0.32611011E-001
  0.14138268E+004  0.33147813E-001
  0.14147697E+004  0.33693009E-001
  0.14157131E+004  0.34246724E-001
  0.14166572E+004  0.34809083E-001
  0.14176019E+004  0.35380215E-001
  0.14185473E+004  0.35960247E-001
  0.14194933E+004  0.36549311E-001
  0.14204399E+004  0.37147539E-001
  0.14213871E+004  0.37755067E-001
  0.14223350E+004  0.38372031E-001
  0.14232835E+004  0.38998569E-001
  0.14242326E+004  0.39634821E-001
  0.14251824E+004  0.40280929E-001
  0.14261328E+004  0.40937038E-001
  0.14270839E+004  0.41603293E-001
  0.14280355E+004  0.42279843E-001
  0.14289879E+004  0.42966838E-001
  0.14299408E+004  0.43664429E-001
  0.14308944E+004  0.44372771E-001
  0.14318486E+004  0.45092021E-001
  0.14328034E+004  0.45822336E-001
  0.14337589E+004  0.46563878E-001
  0.14347151E+004  0.47316809E-001
  0.14356718E+004  0.48081293E-001
  0.14366292E+004  0.48857499E-001
  0.14375873E+004  0.49645595E-001
  0.14385459E+004  0.50445754E-001
  0.14395053E+004  0.51258150E-001
  0.14404652E+004  0.52082958E-001
  0.14414258E+004  0.52920357E-001
  0.14423871E+004  0.53770530E-001
  0.14433489E+004  0.54633659E-001
  0.14443115E+004  0.55509931E-001
  0.14452746E+004  0.56399534E-001
  0.14462384E+004  0.57302660E-001
  0.14472029E+004  0.58219501E-001
  0.14481680E+004  0.59150255E-001
  0.14491337E+004  0.60095120E-001
  0.14501001E+004  0.61054298E-001
  0.14510671E+004  0.62027992E-001
  0.14520348E+004  0.63016411E-001
  0.14530031E+004  0.64019764E-001
  0.14539720E+004  0.65038263E-001
  0.14549417E+004  0.66072124E-001
  0.14559119E+004  0.67121565E-001
  0.14568828E+004  0.68186806E-001
  0.14578544E+004  0.69268073E-001
  0.14588265E+004  0.70365591E-001
  0.14597994E+004  0.71479592E-001
  0.14607729E+004  0.72610308E-001
  0.14617470E+004  0.73757975E-001
  0.14627218E+004  0.74922832E-001
  0.14636973E+004  0.76105122E-001
  0.14646733E+004  0.77305090E-001
  0.14656501E+004  0.78522986E-001
  0.14666275E+004  0.79759060E-001
  0.14676055E+004  0.81013569E-001
  0.14685842E+004  0.82286772E-001
  0.14695636E+004  0.83578929E-001
  0.14705436E+004  0.84890308E-001
  0.14715242E+004  0.86221176E-001
  0.14725055E+004  0.87571807E-001
  0.14734875E+004  0.88942476E-001
  0.14744701E+004  0.90333463E-001
  0.14754534E+004  0.91745051E-001
  0.14764373E+004  0.93177528E-001
  0.14774219E+004  0.94631183E-001
  0.14784072E+004  0.96106312E-001
  0.14793931E+004  0.97603213E-001
  0.14803796E+004  0.99122187E-001
  0.14813668E+004  0.10066354E+000
  0.14823547E+004  0.10222759E+000
  0.14833432E+004  0.10381463E+000
  0.14843324E+004  0.10542500E+000
  0.14853223E+004  0.10705902E+000
  0.14863128E+004  0.10871700E+000
  0.14873040E+004  0.11039929E+000
  0.14882958E+004  0.11210621E+000
  0.14892883E+004  0.11383810E+000
  0.14902815E+004  0.11559531E+000
  0.14912753E+004  0.11737819E+000
  0.14922698E+004  0.11918708E+000
  0.14932649E+004  0.12102235E+000
  0.14942607E+004  0.12288436E+000
  0.14952572E+004  0.12477346E+000
  0.14962543E+004  0.12669004E+000
  0.14972521E+004  0.12863447E+000
  0.14982506E+004  0.13060712E+000
  0.14992497E+004  0.13260838E+000
  0.15002495E+004  0.13463865E+000
  0.15012500E+004  0.13669831E+000
  0.15022511E+004  0.13878777E+000
  0.15032529E+004  0.14090742E+000
  0.15042554E+004  0.14305769E+000
  0.15052585E+004  0.14523898E+000
  0.15062623E+004  0.14745172E+000
  0.15072668E+004  0.14969633E+000
  0.15082720E+004  0.15197324E+000
  0.15092778E+004  0.15428288E+000
  0.15102843E+004  0.15662571E+000
  0.15112914E+004  0.15900216E+000
  0.15122993E+004  0.16141269E+000
  0.15133078E+004  0.16385775E+000
  0.15143169E+004  0.16633782E+000
  0.15153268E+004  0.16885336E+000
  0.15163373E+004  0.17140485E+000
  0.15173485E+004  0.17399277E+000
  0.15183604E+004  0.17661760E+000
  0.15193729E+004  0.17927985E+000
  0.15203861E+004  0.18198000E+000
  0.15214000E+004  0.18471858E+000
  0.15224146E+004  0.18749608E+000
  0.15234298E+004  0.19031303E+000
  0.15244458E+004  0.19316995E+000
  0.15254624E+004  0.19606738E+000
  0.15264796E+004  0.19900585E+000
  0.15274976E+004  0.20198591E+000
  0.15285162E+004  0.20500811E+000
  0.15295356E+004  0.20807300E+000
  0.15305556E+004  0.21118116E+000
  0.15315762E+004  0.21433316E+000
  0.15325976E+004  0.21752956E+000
  0.15336196E+004  0.22077097E+000
  0.15346423E+004  0.22405798E+000
  0.15356657E+004  0.22739117E+000
  0.15366898E+004  0.23077117E+000
  0.15377146E+004  0.23419859E+000
  0.15387401E+004  0.23767405E+000
  0.15397662E+004  0.24119818E+000
  0.15407930E+004  0.24477162E+000
  0.15418205E+004  0.24839502E+000
  0.15428487E+004  0.25206902E+000
  0.15438776E+004  0.25579430E+000
  0.15449071E+004  0.25957152E+000
  0.15459374E+004  0.26340135E+000
  0.15469683E+004  0.26728449E+000
  0.15479999E+004  0.27122163E+000
  0.15490322E+004  0.27521347E+000
  0.15500652E+004  0.27926072E+000
  0.15510989E+004  0.28336411E+000
  0.15521333E+004  0.28752435E+000
  0.15531684E+004  0.29174219E+000
  0.15542041E+004  0.29601838E+000
  0.15552406E+004  0.30035366E+000
  0.15562777E+004  0.30474880E+000
  0.15573155E+004  0.30920458E+000
  0.15583541E+004  0.31372178E+000
  0.15593933E+004  0.31830119E+000
  0.15604332E+004  0.32294360E+000
  0.15614738E+004  0.32764984E+000
  0.15625151E+004  0.33242071E+000
  0.15635571E+004  0.33725706E+000
  0.15645998E+004  0.34215971E+000
  0.15656431E+004  0.34712953E+000
  0.15666872E+004  0.35216736E+000
  0.15677320E+004  0.35727408E+000
  0.15687774E+004  0.36245057E+000
  0.15698236E+004  0.36769772E+000
  0.15708705E+004  0.37301643E+000
  0.15719180E+004  0.37840762E+000
  0.15729663E+004  0.38387220E+000
  0.15740153E+004  0.38941111E+000
  0.15750649E+004  0.39502528E+000
  0.15761153E+004  0.40071569E+000
  0.15771663E+004  0.40648329E+000
  0.15782181E+004  0.41232906E+000
  0.15792706E+004  0.41825400E+000
  0.15803237E+004  0.42425909E+000
  0.15813776E+004  0.43034536E+000
  0.15824322E+004  0.43651383E+000
  0.15834874E+004  0.44276553E+000
  0.15845434E+004  0.44910151E+000
  0.15856001E+004  0.45552284E+000
  0.15866575E+004  0.46203058E+000
  0.15877155E+004  0.46862583E+000
  0.15887743E+004  0.47530967E+000
  0.15898338E+004  0.48208322E+000
  0.15908941E+004  0.48894760E+000
  0.15919550E+004  0.49590395E+000
  0.15930166E+004  0.50295341E+000
  0.15940789E+004  0.51009716E+000
  0.15951420E+004  0.51733636E+000
  0.15962057E+004  0.52467221E+000
  0.15972702E+004  0.53210590E+000
  0.15983353E+004  0.53963866E+000
  0.15994012E+004  0.54727171E+000
  0.16004678E+004  0.55500630E+000
  0.16015351E+004  0.56284369E+000
  0.16026031E+004  0.57078515E+000
  0.16036718E+004  0.57883197E+000
  0.16047413E+004  0.58698546E+000
  0.16058114E+004  0.59524692E+000
  0.16068823E+004  0.60361770E+000
  0.16079538E+004  0.61209913E+000
  0.16090261E+004  0.62069259E+000
  0.16100991E+004  0.62939945E+000
  0.16111729E+004  0.63822110E+000
  0.16122473E+004  0.64715896E+000
  0.16133225E+004  0.65621444E+000
  0.16143983E+004  0.66538900E+000
  0.16154749E+004  0.67468408E+000
  0.16165522E+004  0.68410117E+000
  0.16176302E+004  0.69364175E+000
  0.16187090E+004  0.70330733E+000
  0.16197885E+004  0.71309943E+000
  0.16208686E+004  0.72301961E+000
  0.16219495E+004  0.73306940E+000
  0.16230312E+004  0.74325040E+000
  0.16241135E+004  0.75356420E+000
  0.16251966E+004  0.76401240E+000
  0.16262804E+004  0.77459663E+000
  0.16273649E+004  0.78531855E+000
  0.16284501E+004  0.79617982E+000
  0.16295361E+004  0.80718212E+000
  0.16306228E+004  0.81832716E+000
  0.16317102E+004  0.82961666E+000
  0.16327983E+004  0.84105236E+000
  0.16338872E+004  0.85263602E+000
  0.16349767E+004  0.86436942E+000
  0.16360671E+004  0.87625436E+000
  0.16371581E+004  0.88829265E+000
  0.16382499E+004  0.90048615E+000
  0.16393423E+004  0.91283670E+000
  0.16404356E+004  0.92534619E+000
  0.16415295E+004  0.93801652E+000
  0.16426242E+004  0.95084960E+000
  0.16437196E+004  0.96384739E+000
  0.16448158E+004  0.97701184E+000
  0.16459126E+004  0.99034494E+000
  0.16470102E+004  0.10038487E+001
  0.16481086E+004  0.10175251E+001
  0.16492076E+004  0.10313763E+001
  0.16503074E+004  0.10454043E+001
  0.16514080E+004  0.10596112E+001
  0.16525092E+004  0.10739991E+001
  0.16536112E+004  0.10885702E+001
  0.16547140E+004  0.11033266E+001
  0.16558175E+004  0.11182705E+001
  0.16569217E+004  0.11334042E+001
  0.16580266E+004  0.11487298E+001
  0.16591323E+004  0.11642496E+001
  0.16602387E+004  0.11799660E+001
  0.16613459E+004  0.11958811E+001
  0.16624538E+004  0.12119974E+001
  0.16635624E+004  0.12283172E+001
  0.16646718E+004  0.12448429E+001
  0.16657819E+004  0.12615769E+001
  0.16668928E+004  0.12785216E+001
  0.16680043E+004  0.12956796E+001
  0.16691167E+004  0.13130531E+001
  0.16702298E+004  0.13306449E+001
  0.16713436E+004  0.13484575E+001
  0.16724581E+004  0.13664933E+001
  0.16735735E+004  0.13847550E+001
  0.16746895E+004  0.14032452E+001
  0.16758063E+004  0.14219666E+001
  0.16769238E+004  0.14409219E+001
  0.16780421E+004  0.14601137E+001
  0.16791612E+004  0.14795447E+001
  0.16802809E+004  0.14992179E+001
  0.16814015E+004  0.15191358E+001
  0.16825227E+004  0.15393015E+001
  0.16836447E+004  0.15597176E+001
  0.16847675E+004  0.15803871E+001
  0.16858910E+004  0.16013130E+001
  0.16870153E+004  0.16224981E+001
  0.16881403E+004  0.16439454E+001
  0.16892661E+004  0.16656580E+001
  0.16903926E+004  0.16876388E+001
  0.16915198E+004  0.17098910E+001
  0.16926479E+004  0.17324175E+001
  0.16937766E+004  0.17552217E+001
  0.16949062E+004  0.17783066E+001
  0.16960364E+004  0.18016754E+001
  0.16971675E+004  0.18253313E+001
  0.16982993E+004  0.18492777E+001
  0.16994318E+004  0.18735178E+001
  0.17005651E+004  0.18980549E+001
  0.17016991E+004  0.19228924E+001
  0.17028339E+004  0.19480338E+001
  0.17039695E+004  0.19734824E+001
  0.17051058E+004  0.19992417E+001
  0.17062429E+004  0.20253153E+001
  0.17073807E+004  0.20517066E+001
  0.17085193E+004  0.20784193E+001
  0.17096587E+004  0.21054569E+001
  0.17107988E+004  0.21328232E+001
  0.17119397E+004  0.21605217E+001
  0.17130813E+004  0.21885563E+001
  0.17142237E+004  0.22169307E+001
  0.17153669E+004  0.22456487E+001
  0.17165108E+004  0.22747142E+001
  0.17176555E+004  0.23041310E+001
  0.17188009E+004  0.23339030E+001
  0.17199471E+004  0.23640342E+001
  0.17210941E+004  0.23945287E+001
  0.17222419E+004  0.24253904E+001
  0.17233904E+004  0.24566234E+001
  0.17245396E+004  0.24882319E+001
  0.17256897E+004  0.25202201E+001
  0.17268405E+004  0.25525920E+001
  0.17279920E+004  0.25853521E+001
  0.17291444E+004  0.26185045E+001
  0.17302975E+004  0.26520536E+001
  0.17314514E+004  0.26860038E+001
  0.17326060E+004  0.27203595E+001
  0.17337614E+004  0.27551252E+001
  0.17349176E+004  0.27903054E+001
  0.17360746E+004  0.28259046E+001
  0.17372323E+004  0.28619275E+001
  0.17383908E+004  0.28983787E+001
  0.17395501E+004  0.29352628E+001
  0.17407101E+004  0.29725847E+001
  0.17418710E+004  0.30103491E+001
  0.17430326E+004  0.30485608E+001
  0.17441949E+004  0.30872248E+001
  0.17453581E+004  0.31263459E+001
  0.17465220E+004  0.31659292E+001
  0.17476867E+004  0.32059796E+001
  0.17488522E+004  0.32465023E+001
  0.17500184E+004  0.32875023E+001
  0.17511854E+004  0.33289849E+001
  0.17523533E+004  0.33709553E+001
  0.17535218E+004  0.34134188E+001
  0.17546912E+004  0.34563806E+001
  0.17558613E+004  0.34998462E+001
  0.17570323E+004  0.35438211E+001
  0.17582040E+004  0.35883106E+001
  0.17593765E+004  0.36333204E+001
  0.17605497E+004  0.36788560E+001
  0.17617238E+004  0.37249231E+001
  0.17628986E+004  0.37715275E+001
  0.17640742E+004  0.38186748E+001
  0.17652506E+004  0.38663708E+001
  0.17664278E+004  0.39146216E+001
  0.17676058E+004  0.39634329E+001
  0.17687846E+004  0.40128108E+001
  0.17699641E+004  0.40627613E+001
  0.17711444E+004  0.41132905E+001
  0.17723256E+004  0.41644046E+001
  0.17735075E+004  0.42161099E+001
  0.17746901E+004  0.42684125E+001
  0.17758736E+004  0.43213189E+001
  0.17770579E+004  0.43748353E+001
  0.17782430E+004  0.44289684E+001
  0.17794288E+004  0.44837246E+001
  0.17806155E+004  0.45391105E+001
  0.17818029E+004  0.45951328E+001
  0.17829911E+004  0.46517982E+001
  0.17841801E+004  0.47091133E+001
  0.17853699E+004  0.47670852E+001
  0.17865605E+004  0.48257207E+001
  0.17877519E+004  0.48850268E+001
  0.17889441E+004  0.49450104E+001
  0.17901371E+004  0.50056788E+001
  0.17913309E+004  0.50670391E+001
  0.17925255E+004  0.51290985E+001
  0.17937209E+004  0.51918643E+001
  0.17949170E+004  0.52553439E+001
  0.17961140E+004  0.53195448E+001
  0.17973118E+004  0.53844744E+001
  0.17985103E+004  0.54501404E+001
  0.17997097E+004  0.55165504E+001
  0.18009099E+004  0.55837122E+001
  0.18021108E+004  0.56516334E+001
  0.18033126E+004  0.57203221E+001
  0.18045152E+004  0.57897861E+001
  0.18057185E+004  0.58600335E+001
  0.18069227E+004  0.59310724E+001
  0.18081277E+004  0.60029109E+001
  0.18093335E+004  0.60755573E+001
  0.18105401E+004  0.61490199E+001
  0.18117475E+004  0.62233071E+001
  0.18129556E+004  0.62984273E+001
  0.18141646E+004  0.63743892E+001
  0.18153745E+004  0.64512014E+001
  0.18165851E+004  0.65288725E+001
  0.18177965E+004  0.66074115E+001
  0.18190087E+004  0.66868270E+001
  0.18202217E+004  0.67671281E+001
  0.18214356E+004  0.68483239E+001
  0.18226502E+004  0.69304235E+001
  0.18238657E+004  0.70134359E+001
  0.18250820E+004  0.70973707E+001
  0.18262991E+004  0.71822370E+001
  0.18275170E+004  0.72680444E+001
  0.18287357E+004  0.73548024E+001
  0.18299552E+004  0.74425206E+001
  0.18311755E+004  0.75312088E+001
  0.18323967E+004  0.76208767E+001
  0.18336187E+004  0.77115343E+001
  0.18348414E+004  0.78031915E+001
  0.18360650E+004  0.78958585E+001
  0.18372894E+004  0.79895452E+001
  0.18385147E+004  0.80842621E+001
  0.18397407E+004  0.81800195E+001
  0.18409676E+004  0.82768277E+001
  0.18421953E+004  0.83746974E+001
  0.18434238E+004  0.84736392E+001
  0.18446531E+004  0.85736637E+001
  0.18458832E+004  0.86747818E+001
  0.18471142E+004  0.87770044E+001
  0.18483459E+004  0.88803426E+001
  0.18495785E+004  0.89848074E+001
  0.18508120E+004  0.90904100E+001
  0.18520462E+004  0.91971618E+001
  0.18532813E+004  0.93050741E+001
  0.18545172E+004  0.94141585E+001
  0.18557539E+004  0.95244266E+001
  0.18569914E+004  0.96358901E+001
  0.18582298E+004  0.97485607E+001
  0.18594690E+004  0.98624505E+001
  0.18607090E+004  0.99775714E+001
  0.18619498E+004  0.10093936E+002
  0.18631915E+004  0.10211555E+002
  0.18644340E+004  0.10330443E+002
  0.18656773E+004  0.10450611E+002
  0.18669215E+004  0.10572072E+002
  0.18681665E+004  0.10694838E+002
  0.18694123E+004  0.10818923E+002
  0.18706590E+004  0.10944338E+002
  0.18719064E+004  0.11071099E+002
  0.18731548E+004  0.11199216E+002
  0.18744039E+004  0.11328704E+002
  0.18756539E+004  0.11459576E+002
  0.18769047E+004  0.11591845E+002
  0.18781563E+004  0.11725525E+002
  0.18794088E+004  0.11860630E+002
  0.18806621E+004  0.11997174E+002
  0.18819163E+004  0.12135170E+002
  0.18831713E+004  0.12274632E+002
  0.18844271E+004  0.12415575E+002
  0.18856838E+004  0.12558013E+002
  0.18869413E+004  0.12701960E+002
  0.18881996E+004  0.12847431E+002
  0.18894588E+004  0.12994440E+002
  0.18907188E+004  0.13143003E+002
  0.18919796E+004  0.13293135E+002
  0.18932413E+004  0.13444849E+002
  0.18945039E+004  0.13598162E+002
  0.18957673E+004  0.13753089E+002
  0.18970315E+004  0.13909645E+002
  0.18982966E+004  0.14067845E+002
  0.18995625E+004  0.14227707E+002
  0.19008292E+004  0.14389244E+002
  0.19020968E+004  0.14552474E+002
  0.19033653E+004  0.14717412E+002
  0.19046346E+004  0.14884074E+002
  0.19059047E+004  0.15052478E+002
  0.19071757E+004  0.15222639E+002
  0.19084475E+004  0.15394574E+002
  0.19097202E+004  0.15568299E+002
  0.19109937E+004  0.15743833E+002
  0.19122681E+004  0.15921191E+002
  0.19135433E+004  0.16100392E+002
  0.19148194E+004  0.16281451E+002
  0.19160963E+004  0.16464388E+002
  0.19173741E+004  0.16649219E+002
  0.19186527E+004  0.16835963E+002
  0.19199322E+004  0.17024636E+002
  0.19212126E+004  0.17215258E+002
  0.19224938E+004  0.17407847E+002
  0.19237758E+004  0.17602420E+002
  0.19250587E+004  0.17798997E+002
  0.19263425E+004  0.17997596E+002
  0.19276271E+004  0.18198236E+002
  0.19289126E+004  0.18400935E+002
  0.19301989E+004  0.18605714E+002
  0.19314861E+004  0.18812591E+002
  0.19327741E+004  0.19021586E+002
  0.19340630E+004  0.19232719E+002
  0.19353528E+004  0.19446009E+002
  0.19366434E+004  0.19661476E+002
  0.19379349E+004  0.19879140E+002
  0.19392272E+004  0.20099022E+002
  0.19405204E+004  0.20321142E+002
  0.19418145E+004  0.20545520E+002
  0.19431094E+004  0.20772178E+002
  0.19444052E+004  0.21001136E+002
  0.19457019E+004  0.21232415E+002
  0.19469994E+004  0.21466037E+002
  0.19482978E+004  0.21702023E+002
  0.19495971E+004  0.21940395E+002
  0.19508972E+004  0.22181175E+002
  0.19521982E+004  0.22424383E+002
  0.19535000E+004  0.22670044E+002
  0.19548027E+004  0.22918178E+002
  0.19561063E+004  0.23168809E+002
  0.19574108E+004  0.23421958E+002
  0.19587161E+004  0.23677650E+002
  0.19600223E+004  0.23935907E+002
  0.19613294E+004  0.24196751E+002
  0.19626373E+004  0.24460208E+002
  0.19639462E+004  0.24726299E+002
  0.19652559E+004  0.24995050E+002
  0.19665664E+004  0.25266483E+002
  0.19678779E+004  0.25540624E+002
  0.19691902E+004  0.25817495E+002
  0.19705034E+004  0.26097123E+002
  0.19718174E+004  0.26379532E+002
  0.19731324E+004  0.26664746E+002
  0.19744482E+004  0.26952790E+002
  0.19757649E+004  0.27243691E+002
  0.19770824E+004  0.27537473E+002
  0.19784009E+004  0.27834162E+002
  0.19797202E+004  0.28133785E+002
  0.19810404E+004  0.28436366E+002
  0.19823615E+004  0.28741934E+002
  0.19836835E+004  0.29050513E+002
  0.19850063E+004  0.29362131E+002
  0.19863301E+004  0.29676815E+002
  0.19876547E+004  0.29994592E+002
  0.19889802E+004  0.30315488E+002
  0.19903066E+004  0.30639533E+002
  0.19916339E+004  0.30966753E+002
  0.19929620E+004  0.31297177E+002
  0.19942910E+004  0.31630832E+002
  0.19956210E+004  0.31967748E+002
  0.19969518E+004  0.32307952E+002
  0.19982835E+004  0.32651474E+002
  0.19996161E+004  0.32998342E+002
  0.20009496E+004  0.33348587E+002
  0.20022839E+004  0.33702237E+002
  0.20036192E+004  0.34059322E+002
  0.20049553E+004  0.34419873E+002
  0.20062924E+004  0.34783919E+002
  0.20076303E+004  0.35151490E+002
  0.20089691E+004  0.35522619E+002
  0.20103088E+004  0.35897334E+002
  0.20116494E+004  0.36275668E+002
  0.20129909E+004  0.36657652E+002
  0.20143333E+004  0.37043317E+002
  0.20156766E+004  0.37432696E+002
  0.20170208E+004  0.37825820E+002
  0.20183659E+004  0.38222721E+002
  0.20197119E+004  0.38623433E+002
  0.20210588E+004  0.39027988E+002
  0.20224065E+004  0.39436418E+002
  0.20237552E+004  0.39848758E+002
  0.20251048E+004  0.40265041E+002
  0.20264553E+004  0.40685300E+002
  0.20278066E+004  0.41109570E+002
  0.20291589E+004  0.41537885E+002
  0.20305121E+004  0.41970279E+002
  0.20318662E+004  0.42406787E+002
  0.20332212E+004  0.42847445E+002
  0.20345770E+004  0.43292287E+002
  0.20359338E+004  0.43741349E+002
  0.20372915E+004  0.44194667E+002
  0.20386501E+004  0.44652277E+002
  0.20400096E+004  0.45114216E+002
  0.20413701E+004  0.45580519E+002
  0.20427314E+004  0.46051225E+002
  0.20440936E+004  0.46526369E+002
  0.20454567E+004  0.47005990E+002
  0.20468208E+004  0.47490125E+002
  0.20481857E+004  0.47978812E+002
  0.20495516E+004  0.48472089E+002
  0.20509184E+004  0.48969996E+002
  0.20522861E+004  0.49472570E+002
  0.20536547E+004  0.49979850E+002
  0.20550242E+004  0.50491877E+002
  0.20563946E+004  0.51008690E+002
  0.20577660E+004  0.51530328E+002
  0.20591382E+004  0.52056832E+002
  0.20605114E+004  0.52588243E+002
  0.20618855E+004  0.53124601E+002
  0.20632605E+004  0.53665947E+002
  0.20646364E+004  0.54212322E+002
  0.20660132E+004  0.54763770E+002
  0.20673910E+004  0.55320330E+002
  0.20687697E+004  0.55882046E+002
  0.20701493E+004  0.56448960E+002
  0.20715298E+004  0.57021115E+002
  0.20729112E+004  0.57598555E+002
  0.20742936E+004  0.58181322E+002
  0.20756768E+004  0.58769460E+002
  0.20770610E+004  0.59363014E+002
  0.20784462E+004  0.59962028E+002
  0.20798322E+004  0.60566547E+002
  0.20812192E+004  0.61176615E+002
  0.20826071E+004  0.61792279E+002
  0.20839959E+004  0.62413583E+002
  0.20853856E+004  0.63040574E+002
  0.20867763E+004  0.63673297E+002
  0.20881679E+004  0.64311801E+002
  0.20895605E+004  0.64956131E+002
  0.20909539E+004  0.65606335E+002
  0.20923483E+004  0.66262460E+002
  0.20937436E+004  0.66924555E+002
  0.20951399E+004  0.67592667E+002
  0.20965370E+004  0.68266846E+002
  0.20979352E+004  0.68947140E+002
  0.20993342E+004  0.69633598E+002
  0.21007342E+004  0.70326270E+002
  0.21021351E+004  0.71025207E+002
  0.21035369E+004  0.71730457E+002
  0.21049397E+004  0.72442073E+002
  0.21063434E+004  0.73160104E+002
  0.21077481E+004  0.73884602E+002
  0.21091537E+004  0.74615620E+002
  0.21105602E+004  0.75353208E+002
  0.21119676E+004  0.76097420E+002
  0.21133760E+004  0.76848308E+002
  0.21147854E+004  0.77605925E+002
  0.21161957E+004  0.78370324E+002
  0.21176069E+004  0.79141560E+002
  0.21190190E+004  0.79919686E+002
  0.21204321E+004  0.80704758E+002
  0.21218462E+004  0.81496830E+002
  0.21232612E+004  0.82295956E+002
  0.21246771E+004  0.83102194E+002
  0.21260940E+004  0.83915599E+002
  0.21275118E+004  0.84736227E+002
  0.21289306E+004  0.85564135E+002
  0.21303503E+004  0.86399380E+002
  0.21317710E+004  0.87242021E+002
  0.21331926E+004  0.88092114E+002
  0.21346151E+004  0.88949717E+002
  0.21360386E+004  0.89814891E+002
  0.21374631E+004  0.90687693E+002
  0.21388885E+004  0.91568183E+002
  0.21403148E+004  0.92456422E+002
  0.21417421E+004  0.93352468E+002
  0.21431704E+004  0.94256383E+002
  0.21445996E+004  0.95168229E+002
  0.21460298E+004  0.96088065E+002
  0.21474609E+004  0.97015955E+002
  0.21488929E+004  0.97951960E+002
  0.21503260E+004  0.98896144E+002
  0.21517599E+004  0.99848568E+002
  0.21531949E+004  0.10080930E+003
  0.21546308E+004  0.10177839E+003
  0.21560676E+004  0.10275592E+003
  0.21575054E+004  0.10374195E+003
  0.21589442E+004  0.10473654E+003
  0.21603839E+004  0.10573976E+003
  0.21618246E+004  0.10675167E+003
  0.21632663E+004  0.10777234E+003
  0.21647089E+004  0.10880184E+003
  0.21661525E+004  0.10984024E+003
  0.21675970E+004  0.11088759E+003
  0.21690425E+004  0.11194398E+003
  0.21704890E+004  0.11300946E+003
  0.21719364E+004  0.11408411E+003
  0.21733848E+004  0.11516800E+003
  0.21748341E+004  0.11626120E+003
  0.21762845E+004  0.11736377E+003
  0.21777357E+004  0.11847580E+003
  0.21791880E+004  0.11959734E+003
  0.21806412E+004  0.12072847E+003
  0.21820954E+004  0.12186926E+003
  0.21835506E+004  0.12301979E+003
  0.21850067E+004  0.12418013E+003
  0.21864638E+004  0.12535035E+003
  0.21879219E+004  0.12653052E+003
  0.21893810E+004  0.12772073E+003
  0.21908410E+004  0.12892104E+003
  0.21923020E+004  0.13013153E+003
  0.21937640E+004  0.13135228E+003
  0.21952269E+004  0.13258335E+003
  0.21966908E+004  0.13382484E+003
  0.21981557E+004  0.13507681E+003
  0.21996216E+004  0.13633935E+003
  0.22010885E+004  0.13761253E+003
  0.22025563E+004  0.13889643E+003
  0.22040251E+004  0.14019113E+003
  0.22054949E+004  0.14149670E+003
  0.22069657E+004  0.14281324E+003
  0.22084374E+004  0.14414082E+003
  0.22099102E+004  0.14547952E+003
  0.22113839E+004  0.14682942E+003
  0.22128586E+004  0.14819060E+003
  0.22143343E+004  0.14956315E+003
  0.22158109E+004  0.15094715E+003
  0.22172886E+004  0.15234269E+003
  0.22187672E+004  0.15374984E+003
  0.22202468E+004  0.15516869E+003
  0.22217274E+004  0.15659933E+003
  0.22232090E+004  0.15804185E+003
  0.22246916E+004  0.15949632E+003
  0.22261752E+004  0.16096284E+003
  0.22276598E+004  0.16244149E+003
  0.22291453E+004  0.16393236E+003
  0.22306319E+004  0.16543553E+003
  0.22321194E+004  0.16695111E+003
  0.22336079E+004  0.16847917E+003
  0.22350974E+004  0.17001981E+003
  0.22365879E+004  0.17157311E+003
  0.22380795E+004  0.17313918E+003
  0.22395720E+004  0.17471809E+003
  0.22410654E+004  0.17630993E+003
  0.22425599E+004  0.17791482E+003
  0.22440554E+004  0.17953283E+003
  0.22455519E+004  0.18116405E+003
  0.22470494E+004  0.18280859E+003
  0.22485479E+004  0.18446654E+003
  0.22500474E+004  0.18613799E+003
  0.22515478E+004  0.18782304E+003
  0.22530493E+004  0.18952179E+003
  0.22545518E+004  0.19123433E+003
  0.22560553E+004  0.19296075E+003
  0.22575598E+004  0.19470117E+003
  0.22590653E+004  0.19645567E+003
  0.22605718E+004  0.19822435E+003
  0.22620793E+004  0.20000732E+003
  0.22635878E+004  0.20180467E+003
  0.22650973E+004  0.20361651E+003
  0.22666078E+004  0.20544294E+003
  0.22681193E+004  0.20728405E+003
  0.22696319E+004  0.20913996E+003
  0.22711454E+004  0.21101076E+003
  0.22726600E+004  0.21289656E+003
  0.22741755E+004  0.21479746E+003
  0.22756921E+004  0.21671357E+003
  0.22772097E+004  0.21864499E+003
  0.22787283E+004  0.22059183E+003
  0.22802479E+004  0.22255420E+003
  0.22817685E+004  0.22453220E+003
  0.22832901E+004  0.22652594E+003
  0.22848128E+004  0.22853553E+003
  0.22863365E+004  0.23056108E+003
  0.22878611E+004  0.23260270E+003
  0.22893868E+004  0.23466049E+003
  0.22909135E+004  0.23673458E+003
  0.22924413E+004  0.23882506E+003
  0.22939700E+004  0.24093206E+003
  0.22954998E+004  0.24305569E+003
  0.22970306E+004  0.24519605E+003
  0.22985624E+004  0.24735327E+003
  0.23000952E+004  0.24952746E+003
  0.23016291E+004  0.25171873E+003
  0.23031640E+004  0.25392720E+003
  0.23046999E+004  0.25615298E+003
  0.23062368E+004  0.25839620E+003
  0.23077748E+004  0.26065697E+003
  0.23093137E+004  0.26293541E+003
  0.23108537E+004  0.26523164E+003
  0.23123948E+004  0.26754578E+003
  0.23139368E+004  0.26987794E+003
  0.23154799E+004  0.27222826E+003
  0.23170240E+004  0.27459684E+003
  0.23185692E+004  0.27698382E+003
  0.23201154E+004  0.27938932E+003
  0.23216626E+004  0.28181346E+003
  0.23232108E+004  0.28425636E+003
  0.23247601E+004  0.28671816E+003
  0.23263104E+004  0.28919897E+003
  0.23278617E+004  0.29169892E+003
  0.23294141E+004  0.29421814E+003
  0.23309675E+004  0.29675676E+003
  0.23325220E+004  0.29931491E+003
  0.23340774E+004  0.30189271E+003
  0.23356340E+004  0.30449029E+003
  0.23371915E+004  0.30710779E+003
  0.23387501E+004  0.30974533E+003
  0.23403097E+004  0.31240305E+003
  0.23418704E+004  0.31508108E+003
  0.23434321E+004  0.31777956E+003
  0.23449949E+004  0.32049861E+003
  0.23465587E+004  0.32323838E+003
  0.23481235E+004  0.32599899E+003
  0.23496894E+004  0.32878059E+003
  0.23512563E+004  0.33158330E+003
  0.23528243E+004  0.33440727E+003
  0.23543933E+004  0.33725264E+003
  0.23559634E+004  0.34011955E+003
  0.23575345E+004  0.34300812E+003
  0.23591067E+004  0.34591851E+003
  0.23606799E+004  0.34885086E+003
  0.23622541E+004  0.35180530E+003
  0.23638295E+004  0.35478199E+003
  0.23654058E+004  0.35778105E+003
  0.23669832E+004  0.36080264E+003
  0.23685617E+004  0.36384690E+003
  0.23701412E+004  0.36691398E+003
  0.23717218E+004  0.37000402E+003
  0.23733034E+004  0.37311718E+003
  0.23748861E+004  0.37625358E+003
  0.23764698E+004  0.37941339E+003
  0.23780546E+004  0.38259676E+003
  0.23796404E+004  0.38580383E+003
  0.23812273E+004  0.38903476E+003
  0.23828153E+004  0.39228969E+003
  0.23844043E+004  0.39556878E+003
  0.23859944E+004  0.39887218E+003
  0.23875855E+004  0.40220004E+003
  0.23891777E+004  0.40555252E+003
  0.23907710E+004  0.40892978E+003
  0.23923653E+004  0.41233196E+003
  0.23939607E+004  0.41575923E+003
  0.23955572E+004  0.41921175E+003
  0.23971547E+004  0.42268967E+003
  0.23987533E+004  0.42619314E+003
  0.24003529E+004  0.42972234E+003
  0.24019536E+004  0.43327742E+003
  0.24035554E+004  0.43685854E+003
  0.24051583E+004  0.44046586E+003
  0.24067622E+004  0.44409955E+003
  0.24083672E+004  0.44775978E+003
  0.24099732E+004  0.45144669E+003
  0.24115804E+004  0.45516047E+003
  0.24131886E+004  0.45890127E+003
  0.24147979E+004  0.46266927E+003
  0.24164082E+004  0.46646462E+003
  0.24180196E+004  0.47028751E+003
  0.24196321E+004  0.47413809E+003
  0.24212457E+004  0.47801654E+003
  0.24228603E+004  0.48192303E+003
  0.24244761E+004  0.48585773E+003
  0.24260929E+004  0.48982081E+003
  0.24277107E+004  0.49381245E+003
  0.24293297E+004  0.49783282E+003
  0.24309497E+004  0.50188209E+003
  0.24325709E+004  0.50596045E+003
  0.24341931E+004  0.51006806E+003
  0.24358163E+004  0.51420510E+003
  0.24374407E+004  0.51837176E+003
  0.24390662E+004  0.52256821E+003
  0.24406927E+004  0.52679463E+003
  0.24423203E+004  0.53105120E+003
  0.24439490E+004  0.53533811E+003
  0.24455788E+004  0.53965553E+003
  0.24472097E+004  0.54400365E+003
  0.24488416E+004  0.54838266E+003
  0.24504747E+004  0.55279273E+003
  0.24521088E+004  0.55723405E+003
  0.24537441E+004  0.56170682E+003
  0.24553804E+004  0.56621121E+003
  0.24570178E+004  0.57074742E+003
  0.24586563E+004  0.57531563E+003
  0.24602959E+004  0.57991604E+003
  0.24619366E+004  0.58454883E+003
  0.24635784E+004  0.58921419E+003
  0.24652212E+004  0.59391233E+003
  0.24668652E+004  0.59864343E+003
  0.24685103E+004  0.60340769E+003
  0.24701565E+004  0.60820530E+003
  0.24718037E+004  0.61303645E+003
  0.24734521E+004  0.61790136E+003
  0.24751015E+004  0.62280020E+003
  0.24767521E+004  0.62773319E+003
  0.24784038E+004  0.63270051E+003
  0.24800565E+004  0.63770238E+003
  0.24817104E+004  0.64273899E+003
  0.24833654E+004  0.64781054E+003
  0.24850214E+004  0.65291724E+003
  0.24866786E+004  0.65805929E+003
  0.24883369E+004  0.66323689E+003
  0.24899963E+004  0.66845026E+003
  0.24916568E+004  0.67369960E+003
  0.24933184E+004  0.67898511E+003
  0.24949811E+004  0.68430700E+003
  0.24966449E+004  0.68966549E+003
  0.24983099E+004  0.69506078E+003
  0.24999759E+004  0.70049308E+003
  0.25016430E+004  0.70596261E+003
  0.25033113E+004  0.71146958E+003
  0.25049807E+004  0.71701420E+003
  0.25066512E+004  0.72259668E+003
  0.25083228E+004  0.72821725E+003
  0.25099955E+004  0.73387612E+003
  0.25116693E+004  0.73957350E+003
  0.25133443E+004  0.74530962E+003
  0.25150203E+004  0.75108469E+003
  0.25166975E+004  0.75689894E+003
  0.25183758E+004  0.76275258E+003
  0.25200552E+004  0.76864583E+003
  0.25217358E+004  0.77457893E+003
  0.25234174E+004  0.78055209E+003
  0.25251002E+004  0.78656554E+003
  0.25267841E+004  0.79261950E+003
  0.25284692E+004  0.79871420E+003
  0.25301553E+004  0.80484987E+003
  0.25318426E+004  0.81102674E+003
  0.25335310E+004  0.81724503E+003
  0.25352205E+004  0.82350497E+003
  0.25369112E+004  0.82980681E+003
  0.25386030E+004  0.83615076E+003
  0.25402959E+004  0.84253706E+003
  0.25419899E+004  0.84896595E+003
  0.25436851E+004  0.85543767E+003
  0.25453814E+004  0.86195244E+003
  0.25470788E+004  0.86851050E+003
  0.25487774E+004  0.87511210E+003
  0.25504771E+004  0.88175746E+003
  0.25521779E+004  0.88844684E+003
  0.25538798E+004  0.89518047E+003
  0.25555829E+004  0.90195859E+003
  0.25572872E+004  0.90878145E+003
  0.25589925E+004  0.91564928E+003
  0.25606991E+004  0.92256234E+003
  0.25624067E+004  0.92952087E+003
  0.25641155E+004  0.93652511E+003
  0.25658254E+004  0.94357532E+003
  0.25675365E+004  0.95067173E+003
  0.25692487E+004  0.95781461E+003
  0.25709620E+004  0.96500420E+003
  0.25726765E+004  0.97224075E+003
  0.25743921E+004  0.97952451E+003
  0.25761089E+004  0.98685574E+003
  0.25778268E+004  0.99423469E+003
  0.25795459E+004  0.10016616E+004
  0.25812661E+004  0.10091368E+004
  0.25829875E+004  0.10166604E+004
  0.25847100E+004  0.10242328E+004
  0.25864336E+004  0.10318542E+004
  0.25881585E+004  0.10395249E+004
  0.25898844E+004  0.10472451E+004
  0.25916115E+004  0.10550151E+004
  0.25933398E+004  0.10628351E+004
  0.25950692E+004  0.10707055E+004
  0.25967998E+004  0.10786264E+004
  0.25985315E+004  0.10865982E+004
  0.26002643E+004  0.10946211E+004
  0.26019984E+004  0.11026954E+004
  0.26037336E+004  0.11108213E+004
  0.26054699E+004  0.11189992E+004
  0.26072074E+004  0.11272292E+004
  0.26089461E+004  0.11355117E+004
  0.26106859E+004  0.11438469E+004
  0.26124269E+004  0.11522352E+004
  0.26141690E+004  0.11606767E+004
  0.26159123E+004  0.11691718E+004
  0.26176568E+004  0.11777208E+004
  0.26194024E+004  0.11863238E+004
  0.26211492E+004  0.11949812E+004
  0.26228971E+004  0.12036934E+004
  0.26246463E+004  0.12124604E+004
  0.26263966E+004  0.12212827E+004
  0.26281480E+004  0.12301605E+004
  0.26299006E+004  0.12390942E+004
  0.26316544E+004  0.12480839E+004
  0.26334094E+004  0.12571299E+004
  0.26351655E+004  0.12662327E+004
  0.26369228E+004  0.12753924E+004
  0.26386813E+004  0.12846093E+004
  0.26404410E+004  0.12938837E+004
  0.26422018E+004  0.13032160E+004
  0.26439638E+004  0.13126063E+004
  0.26457269E+004  0.13220551E+004
  0.26474913E+004  0.13315626E+004
  0.26492568E+004  0.13411290E+004
  0.26510235E+004  0.13507548E+004
  0.26527914E+004  0.13604401E+004
  0.26545605E+004  0.13701853E+004
  0.26563307E+004  0.13799906E+004
  0.26581021E+004  0.13898565E+004
  0.26598747E+004  0.13997831E+004
  0.26616485E+004  0.14097708E+004
  0.26634235E+004  0.14198199E+004
  0.26651996E+004  0.14299307E+004
  0.26669769E+004  0.14401035E+004
  0.26687555E+004  0.14503385E+004
  0.26705352E+004  0.14606362E+004
  0.26723161E+004  0.14709968E+004
  0.26740981E+004  0.14814206E+004
  0.26758814E+004  0.14919079E+004
  0.26776659E+004  0.15024591E+004
  0.26794515E+004  0.15130744E+004
  0.26812383E+004  0.15237542E+004
  0.26830264E+004  0.15344988E+004
  0.26848156E+004  0.15453085E+004
  0.26866060E+004  0.15561836E+004
  0.26883976E+004  0.15671244E+004
  0.26901904E+004  0.15781312E+004
  0.26919844E+004  0.15892045E+004
  0.26937796E+004  0.16003444E+004
  0.26955760E+004  0.16115513E+004
  0.26973736E+004  0.16228255E+004
  0.26991724E+004  0.16341674E+004
  0.27009724E+004  0.16455773E+004
  0.27027736E+004  0.16570554E+004
  0.27045759E+004  0.16686022E+004
  0.27063795E+004  0.16802180E+004
  0.27081843E+004  0.16919030E+004
  0.27099903E+004  0.17036577E+004
  0.27117975E+004  0.17154822E+004
  0.27136059E+004  0.17273771E+004
  0.27154156E+004  0.17393425E+004
  0.27172264E+004  0.17513789E+004
  0.27190384E+004  0.17634866E+004
  0.27208516E+004  0.17756659E+004
  0.27226661E+004  0.17879171E+004
  0.27244817E+004  0.18002406E+004
  0.27262986E+004  0.18126367E+004
  0.27281167E+004  0.18251057E+004
  0.27299360E+004  0.18376481E+004
  0.27317565E+004  0.18502641E+004
  0.27335782E+004  0.18629541E+004
  0.27354011E+004  0.18757184E+004
  0.27372253E+004  0.18885573E+004
  0.27390506E+004  0.19014713E+004
  0.27408772E+004  0.19144607E+004
  0.27427050E+004  0.19275257E+004
  0.27445340E+004  0.19406668E+004
  0.27463643E+004  0.19538843E+004
  0.27481957E+004  0.19671786E+004
  0.27500284E+004  0.19805499E+004
  0.27518623E+004  0.19939987E+004
  0.27536974E+004  0.20075254E+004
  0.27555338E+004  0.20211302E+004
  0.27573714E+004  0.20348135E+004
  0.27592102E+004  0.20485757E+004
  0.27610502E+004  0.20624171E+004
  0.27628914E+004  0.20763381E+004
  0.27647339E+004  0.20903391E+004
  0.27665776E+004  0.21044203E+004
  0.27684226E+004  0.21185823E+004
  0.27702687E+004  0.21328253E+004
  0.27721161E+004  0.21471496E+004
  0.27739648E+004  0.21615558E+004
  0.27758146E+004  0.21760440E+004
  0.27776657E+004  0.21906148E+004
  0.27795181E+004  0.22052684E+004
  0.27813716E+004  0.22200052E+004
  0.27832264E+004  0.22348257E+004
  0.27850825E+004  0.22497301E+004
  0.27869398E+004  0.22647188E+004
  0.27887983E+004  0.22797923E+004
  0.27906580E+004  0.22949508E+004
  0.27925190E+004  0.23101948E+004
  0.27943813E+004  0.23255246E+004
  0.27962447E+004  0.23409406E+004
  0.27981095E+004  0.23564432E+004
  0.27999754E+004  0.23720328E+004
  0.28018426E+004  0.23877097E+004
  0.28037111E+004  0.24034743E+004
  0.28055808E+004  0.24193270E+004
  0.28074518E+004  0.24352683E+004
  0.28093239E+004  0.24512983E+004
  0.28111974E+004  0.24674176E+004
  0.28130721E+004  0.24836266E+004
  0.28149480E+004  0.24999256E+004
  0.28168252E+004  0.25163150E+004
  0.28187037E+004  0.25327951E+004
  0.28205834E+004  0.25493665E+004
  0.28224643E+004  0.25660294E+004
  0.28243465E+004  0.25827843E+004
  0.28262300E+004  0.25996315E+004
  0.28281147E+004  0.26165715E+004
  0.28300007E+004  0.26336046E+004
  0.28318879E+004  0.26507312E+004
  0.28337764E+004  0.26679518E+004
  0.28356662E+004  0.26852667E+004
  0.28375572E+004  0.27026763E+004
  0.28394495E+004  0.27201810E+004
  0.28413430E+004  0.27377812E+004
  0.28432378E+004  0.27554774E+004
  0.28451338E+004  0.27732698E+004
  0.28470312E+004  0.27911590E+004
  0.28489298E+004  0.28091453E+004
  0.28508296E+004  0.28272291E+004
  0.28527307E+004  0.28454109E+004
  0.28546331E+004  0.28636909E+004
  0.28565368E+004  0.28820698E+004
  0.28584417E+004  0.29005477E+004
  0.28603479E+004  0.29191252E+004
  0.28622554E+004  0.29378027E+004
  0.28641641E+004  0.29565805E+004
  0.28660741E+004  0.29754591E+004
  0.28679854E+004  0.29944390E+004
  0.28698980E+004  0.30135204E+004
  0.28718118E+004  0.30327038E+004
  0.28737270E+004  0.30519897E+004
  0.28756433E+004  0.30713784E+004
  0.28775610E+004  0.30908703E+004
  0.28794800E+004  0.31104660E+004
  0.28814002E+004  0.31301658E+004
  0.28833217E+004  0.31499700E+004
  0.28852445E+004  0.31698792E+004
  0.28871686E+004  0.31898938E+004
  0.28890939E+004  0.32100141E+004
  0.28910206E+004  0.32302406E+004
  0.28929485E+004  0.32505738E+004
  0.28948777E+004  0.32710140E+004
  0.28968082E+004  0.32915617E+004
  0.28987400E+004  0.33122172E+004
  0.29006731E+004  0.33329811E+004
  0.29026074E+004  0.33538537E+004
  0.29045431E+004  0.33748356E+004
  0.29064800E+004  0.33959270E+004
  0.29084183E+004  0.34171284E+004
  0.29103578E+004  0.34384403E+004
  0.29122986E+004  0.34598631E+004
  0.29142407E+004  0.34813973E+004
  0.29161841E+004  0.35030432E+004
  0.29181288E+004  0.35248013E+004
  0.29200748E+004  0.35466720E+004
  0.29220221E+004  0.35686558E+004
  0.29239707E+004  0.35907531E+004
  0.29259206E+004  0.36129644E+004
  0.29278718E+004  0.36352900E+004
  0.29298243E+004  0.36577304E+004
  0.29317781E+004  0.36802861E+004
  0.29337332E+004  0.37029575E+004
  0.29356897E+004  0.37257450E+004
  0.29376474E+004  0.37486491E+004
  0.29396064E+004  0.37716702E+004
  0.29415667E+004  0.37948088E+004
  0.29435283E+004  0.38180653E+004
  0.29454913E+004  0.38414401E+004
  0.29474555E+004  0.38649337E+004
  0.29494211E+004  0.38885466E+004
  0.29513880E+004  0.39122792E+004
  0.29533561E+004  0.39361319E+004
  0.29553256E+004  0.39601052E+004
  0.29572964E+004  0.39841996E+004
  0.29592686E+004  0.40084154E+004
  0.29612420E+004  0.40327532E+004
  0.29632168E+004  0.40572134E+004
  0.29651928E+004  0.40817964E+004
  0.29671702E+004  0.41065027E+004
  0.29691489E+004  0.41313327E+004
  0.29711290E+004  0.41562870E+004
  0.29731103E+004  0.41813659E+004
  0.29750930E+004  0.42065700E+004
  0.29770770E+004  0.42318996E+004
  0.29790623E+004  0.42573552E+004
  0.29810489E+004  0.42829374E+004
  0.29830369E+004  0.43086465E+004
  0.29850262E+004  0.43344830E+004
  0.29870168E+004  0.43604473E+004
  0.29890087E+004  0.43865400E+004
  0.29910020E+004  0.44127615E+004
  0.29929966E+004  0.44391122E+004
  0.29949925E+004  0.44655927E+004
  0.29969898E+004  0.44922033E+004
  0.29989884E+004  0.45189446E+004
  0.30009883E+004  0.45458170E+004
  0.30029896E+004  0.45728209E+004
  0.30049922E+004  0.45999569E+004
  0.30069961E+004  0.46272254E+004
  0.30090013E+004  0.46546269E+004
  0.30110079E+004  0.46821618E+004
  0.30130159E+004  0.47098306E+004
  0.30150252E+004  0.47376338E+004
  0.30170358E+004  0.47655719E+004
  0.30190477E+004  0.47936453E+004
  0.30210611E+004  0.48218544E+004
  0.30230757E+004  0.48501999E+004
  0.30250917E+004  0.48786821E+004
  0.30271090E+004  0.49073014E+004
  0.30291277E+004  0.49360585E+004
  0.30311477E+004  0.49649537E+004
  0.30331691E+004  0.49939876E+004
  0.30351918E+004  0.50231605E+004
  0.30372159E+004  0.50524731E+004
  0.30392413E+004  0.50819257E+004
  0.30412681E+004  0.51115188E+004
  0.30432962E+004  0.51412529E+004
  0.30453257E+004  0.51711286E+004
  0.30473565E+004  0.52011462E+004
  0.30493887E+004  0.52313062E+004
  0.30514222E+004  0.52616092E+004
  0.30534571E+004  0.52920556E+004
  0.30554933E+004  0.53226459E+004
  0.30575310E+004  0.53533806E+004
  0.30595699E+004  0.53842601E+004
  0.30616102E+004  0.54152849E+004
  0.30636519E+004  0.54464556E+004
  0.30656950E+004  0.54777725E+004
  0.30677394E+004  0.55092363E+004
  0.30697852E+004  0.55408473E+004
  0.30718323E+004  0.55726060E+004
  0.30738808E+004  0.56045130E+004
  0.30759307E+004  0.56365688E+004
  0.30779819E+004  0.56687737E+004
  0.30800345E+004  0.57011283E+004
  0.30820885E+004  0.57336331E+004
  0.30841438E+004  0.57662886E+004
  0.30862005E+004  0.57990952E+004
  0.30882586E+004  0.58320535E+004
  0.30903181E+004  0.58651639E+004
  0.30923789E+004  0.58984270E+004
  0.30944411E+004  0.59318431E+004
  0.30965047E+004  0.59654129E+004
  0.30985696E+004  0.59991367E+004
  0.31006360E+004  0.60330152E+004
  0.31027037E+004  0.60670487E+004
  0.31047728E+004  0.61012377E+004
  0.31068432E+004  0.61355828E+004
  0.31089151E+004  0.61700845E+004
  0.31109883E+004  0.62047432E+004
  0.31130629E+004  0.62395595E+004
  0.31151389E+004  0.62745338E+004
  0.31172163E+004  0.63096665E+004
  0.31192951E+004  0.63449584E+004
  0.31213752E+004  0.63804097E+004
  0.31234568E+004  0.64160210E+004
  0.31255397E+004  0.64517928E+004
  0.31276240E+004  0.64877256E+004
  0.31297097E+004  0.65238199E+004
  0.31317968E+004  0.65600762E+004
  0.31338853E+004  0.65964950E+004
  0.31359752E+004  0.66330767E+004
  0.31380665E+004  0.66698219E+004
  0.31401592E+004  0.67067311E+004
  0.31422532E+004  0.67438047E+004
  0.31443487E+004  0.67810433E+004
  0.31464456E+004  0.68184474E+004
  0.31485438E+004  0.68560174E+004
  0.31506435E+004  0.68937539E+004
  0.31527445E+004  0.69316573E+004
  0.31548470E+004  0.69697282E+004
  0.31569509E+004  0.70079671E+004
  0.31590561E+004  0.70463744E+004
  0.31611628E+004  0.70849506E+004
  0.31632709E+004  0.71236963E+004
  0.31653804E+004  0.71626119E+004
  0.31674912E+004  0.72016980E+004
  0.31696035E+004  0.72409550E+004
  0.31717172E+004  0.72803835E+004
  0.31738323E+004  0.73199839E+004
  0.31759489E+004  0.73597568E+004
  0.31780668E+004  0.73997026E+004
  0.31801862E+004  0.74398218E+004
  0.31823069E+004  0.74801150E+004
  0.31844291E+004  0.75205827E+004
  0.31865527E+004  0.75612253E+004
  0.31886777E+004  0.76020433E+004
  0.31908041E+004  0.76430373E+004
  0.31929319E+004  0.76842078E+004
  0.31950612E+004  0.77255552E+004
  0.31971919E+004  0.77670800E+004
  0.31993240E+004  0.78087829E+004
  0.32014575E+004  0.78506641E+004
  0.32035925E+004  0.78927244E+004
  0.32057288E+004  0.79349640E+004
  0.32078666E+004  0.79773837E+004
  0.32100058E+004  0.80199838E+004
  0.32121465E+004  0.80627649E+004
  0.32142886E+004  0.81057274E+004
  0.32164321E+004  0.81488719E+004
  0.32185770E+004  0.81921989E+004
  0.32207234E+004  0.82357088E+004
  0.32228711E+004  0.82794022E+004
  0.32250204E+004  0.83232796E+004
  0.32271710E+004  0.83673415E+004
  0.32293231E+004  0.84115883E+004
  0.32314767E+004  0.84560206E+004
  0.32336316E+004  0.85006389E+004
  0.32357880E+004  0.85454436E+004
  0.32379459E+004  0.85904354E+004
  0.32401051E+004  0.86356146E+004
  0.32422659E+004  0.86809818E+004
  0.32444280E+004  0.87265375E+004
  0.32465916E+004  0.87722822E+004
  0.32487567E+004  0.88182163E+004
  0.32509231E+004  0.88643404E+004
  0.32530911E+004  0.89106550E+004
  0.32552605E+004  0.89571606E+004
  0.32574313E+004  0.90038577E+004
  0.32596036E+004  0.90507468E+004
  0.32617773E+004  0.90978283E+004
  0.32639524E+004  0.91451028E+004
  0.32661291E+004  0.91925709E+004
  0.32683071E+004  0.92402328E+004
  0.32704867E+004  0.92880893E+004
  0.32726676E+004  0.93361408E+004
  0.32748501E+004  0.93843877E+004
  0.32770340E+004  0.94328306E+004
  0.32792193E+004  0.94814699E+004
  0.32814061E+004  0.95303063E+004
  0.32835944E+004  0.95793401E+004
  0.32857841E+004  0.96285719E+004
  0.32879753E+004  0.96780021E+004
  0.32901679E+004  0.97276313E+004
  0.32923620E+004  0.97774599E+004
  0.32945576E+004  0.98274885E+004
  0.32967546E+004  0.98777176E+004
  0.32989531E+004  0.99281476E+004
  0.33011531E+004  0.99787790E+004
  0.33033545E+004  0.10029612E+005
  0.33055574E+004  0.10080648E+005
  0.33077618E+004  0.10131887E+005
  0.33099676E+004  0.10183329E+005
  0.33121749E+004  0.10234975E+005
  0.33143837E+004  0.10286825E+005
  0.33165939E+004  0.10338881E+005
  0.33188057E+004  0.10391141E+005
  0.33210189E+004  0.10443608E+005
  0.33232335E+004  0.10496281E+005
  0.33254497E+004  0.10549161E+005
  0.33276673E+004  0.10602248E+005
  0.33298864E+004  0.10655543E+005
  0.33321070E+004  0.10709046E+005
  0.33343291E+004  0.10762759E+005
  0.33365527E+004  0.10816680E+005
  0.33387777E+004  0.10870811E+005
  0.33410042E+004  0.10925153E+005
  0.33432322E+004  0.10979705E+005
  0.33454617E+004  0.11034469E+005
  0.33476927E+004  0.11089444E+005
  0.33499251E+004  0.11144632E+005
  0.33521591E+004  0.11200032E+005
  0.33543945E+004  0.11255645E+005
  0.33566315E+004  0.11311473E+005
  0.33588699E+004  0.11367514E+005
  0.33611098E+004  0.11423770E+005
  0.33633512E+004  0.11480241E+005
  0.33655941E+004  0.11536928E+005
  0.33678385E+004  0.11593831E+005
  0.33700844E+004  0.11650950E+005
  0.33723318E+004  0.11708286E+005
  0.33745807E+004  0.11765840E+005
  0.33768311E+004  0.11823612E+005
  0.33790830E+004  0.11881603E+005
  0.33813364E+004  0.11939813E+005
  0.33835913E+004  0.11998241E+005
  0.33858477E+004  0.12056890E+005
  0.33881056E+004  0.12115760E+005
  0.33903651E+004  0.12174850E+005
  0.33926260E+004  0.12234161E+005
  0.33948884E+004  0.12293695E+005
  0.33971523E+004  0.12353450E+005
  0.33994178E+004  0.12413429E+005
  0.34016847E+004  0.12473630E+005
  0.34039532E+004  0.12534056E+005
  0.34062232E+004  0.12594705E+005
  0.34084947E+004  0.12655579E+005
  0.34107677E+004  0.12716679E+005
  0.34130422E+004  0.12778003E+005
  0.34153183E+004  0.12839554E+005
  0.34175958E+004  0.12901332E+005
  0.34198749E+004  0.12963336E+005
  0.34221555E+004  0.13025568E+005
  0.34244376E+004  0.13088028E+005
  0.34267213E+004  0.13150716E+005
  0.34290065E+004  0.13213633E+005
  0.34312931E+004  0.13276779E+005
  0.34335814E+004  0.13340155E+005
  0.34358711E+004  0.13403762E+005
  0.34381624E+004  0.13467599E+005
  0.34404552E+004  0.13531667E+005
  0.34427495E+004  0.13595966E+005
  0.34450453E+004  0.13660498E+005
  0.34473427E+004  0.13725262E+005
  0.34496416E+004  0.13790259E+005
  0.34519421E+004  0.13855490E+005
  0.34542441E+004  0.13920954E+005
  0.34565476E+004  0.13986653E+005
  0.34588527E+004  0.14052586E+005
  0.34611593E+004  0.14118755E+005
  0.34634674E+004  0.14185159E+005
  0.34657771E+004  0.14251800E+005
  0.34680883E+004  0.14318677E+005
  0.34704010E+004  0.14385791E+005
  0.34727153E+004  0.14453142E+005
  0.34750312E+004  0.14520731E+005
  0.34773485E+004  0.14588559E+005
  0.34796675E+004  0.14656625E+005
  0.34819879E+004  0.14724931E+005
  0.34843100E+004  0.14793476E+005
  0.34866335E+004  0.14862261E+005
  0.34889587E+004  0.14931287E+005
  0.34912853E+004  0.15000554E+005
  0.34936135E+004  0.15070062E+005
  0.34959433E+004  0.15139812E+005
  0.34982746E+004  0.15209804E+005
  0.35006075E+004  0.15280039E+005
  0.35029420E+004  0.15350517E+005
  0.35052780E+004  0.15421238E+005
  0.35076155E+004  0.15492203E+005
  0.35099546E+004  0.15563413E+005
  0.35122953E+004  0.15634868E+005
  0.35146375E+004  0.15706568E+005
  0.35169813E+004  0.15778513E+005
  0.35193267E+004  0.15850705E+005
  0.35216736E+004  0.15923143E+005
  0.35240221E+004  0.15995828E+005
  0.35263721E+004  0.16068760E+005
  0.35287238E+004  0.16141940E+005
  0.35310770E+004  0.16215368E+005
  0.35334317E+004  0.16289045E+005
  0.35357880E+004  0.16362971E+005
  0.35381459E+004  0.16437146E+005
  0.35405054E+004  0.16511571E+005
  0.35428665E+004  0.16586246E+005
  0.35452291E+004  0.16661172E+005
  0.35475933E+004  0.16736349E+005
  0.35499590E+004  0.16811777E+005
  0.35523264E+004  0.16887457E+005
  0.35546953E+004  0.16963389E+005
  0.35570658E+004  0.17039574E+005
  0.35594379E+004  0.17116012E+005
  0.35618116E+004  0.17192704E+005
  0.35641868E+004  0.17269649E+005
  0.35665637E+004  0.17346848E+005
  0.35689421E+004  0.17424302E+005
  0.35713221E+004  0.17502011E+005
  0.35737037E+004  0.17579976E+005
  0.35760869E+004  0.17658196E+005
  0.35784717E+004  0.17736672E+005
  0.35808580E+004  0.17815405E+005
  0.35832460E+004  0.17894395E+005
  0.35856355E+004  0.17973642E+005
  0.35880267E+004  0.18053147E+005
  0.35904194E+004  0.18132910E+005
  0.35928137E+004  0.18212932E+005
  0.35952097E+004  0.18293212E+005
  0.35976072E+004  0.18373752E+005
  0.36000063E+004  0.18454551E+005
  0.36024070E+004  0.18535610E+005
  0.36048094E+004  0.18616929E+005
  0.36072133E+004  0.18698509E+005
  0.36096188E+004  0.18780350E+005
  0.36120260E+004  0.18862453E+005
  0.36144347E+004  0.18944817E+005
  0.36168450E+004  0.19027443E+005
  0.36192570E+004  0.19110332E+005
  0.36216706E+004  0.19193484E+005
  0.36240857E+004  0.19276899E+005
  0.36265025E+004  0.19360578E+005
  0.36289209E+004  0.19444520E+005
  0.36313409E+004  0.19528727E+005
  0.36337625E+004  0.19613198E+005
  0.36361858E+004  0.19697935E+005
  0.36386106E+004  0.19782936E+005
  0.36410371E+004  0.19868204E+005
  0.36434652E+004  0.19953737E+005
  0.36458949E+004  0.20039537E+005
  0.36483262E+004  0.20125603E+005
  0.36507592E+004  0.20211937E+005
  0.36531937E+004  0.20298538E+005
  0.36556299E+004  0.20385406E+005
  0.36580677E+004  0.20472543E+005
  0.36605072E+004  0.20559948E+005
  0.36629483E+004  0.20647621E+005
  0.36653909E+004  0.20735564E+005
  0.36678353E+004  0.20823776E+005
  0.36702812E+004  0.20912258E+005
  0.36727288E+004  0.21001009E+005
  0.36751780E+004  0.21090031E+005
  0.36776289E+004  0.21179324E+005
  0.36800814E+004  0.21268887E+005
  0.36825355E+004  0.21358722E+005
  0.36849913E+004  0.21448828E+005
  0.36874487E+004  0.21539207E+005
  0.36899077E+004  0.21629857E+005
  0.36923684E+004  0.21720780E+005
  0.36948307E+004  0.21811976E+005
  0.36972947E+004  0.21903444E+005
  0.36997603E+004  0.21995186E+005
  0.37022275E+004  0.22087202E+005
  0.37046964E+004  0.22179492E+005
  0.37071669E+004  0.22272056E+005
  0.37096391E+004  0.22364895E+005
  0.37121130E+004  0.22458008E+005
  0.37145884E+004  0.22551397E+005
  0.37170656E+004  0.22645061E+005
  0.37195444E+004  0.22739001E+005
  0.37220248E+004  0.22833217E+005
  0.37245069E+004  0.22927709E+005
  0.37269906E+004  0.23022478E+005
  0.37294761E+004  0.23117523E+005
  0.37319631E+004  0.23212846E+005
  0.37344518E+004  0.23308446E+005
  0.37369422E+004  0.23404323E+005
  0.37394343E+004  0.23500479E+005
  0.37419280E+004  0.23596912E+005
  0.37444233E+004  0.23693625E+005
  0.37469204E+004  0.23790615E+005
  0.37494191E+004  0.23887885E+005
  0.37519194E+004  0.23985434E+005
  0.37544215E+004  0.24083263E+005
  0.37569252E+004  0.24181371E+005
  0.37594305E+004  0.24279759E+005
  0.37619376E+004  0.24378428E+005
  0.37644463E+004  0.24477376E+005
  0.37669567E+004  0.24576606E+005
  0.37694687E+004  0.24676116E+005
  0.37719824E+004  0.24775908E+005
  0.37744979E+004  0.24875981E+005
  0.37770149E+004  0.24976336E+005
  0.37795337E+004  0.25076973E+005
  0.37820542E+004  0.25177891E+005
  0.37845763E+004  0.25279093E+005
  0.37871001E+004  0.25380576E+005
  0.37896256E+004  0.25482343E+005
  0.37921528E+004  0.25584392E+005
  0.37946816E+004  0.25686725E+005
  0.37972122E+004  0.25789341E+005
  0.37997444E+004  0.25892241E+005
  0.38022783E+004  0.25995424E+005
  0.38048139E+004  0.26098892E+005
  0.38073512E+004  0.26202644E+005
  0.38098902E+004  0.26306681E+005
  0.38124309E+004  0.26411002E+005
  0.38149733E+004  0.26515608E+005
  0.38175174E+004  0.26620499E+005
  0.38200632E+004  0.26725676E+005
  0.38226106E+004  0.26831137E+005
  0.38251598E+004  0.26936885E+005
  0.38277107E+004  0.27042918E+005
  0.38302632E+004  0.27149238E+005
  0.38328175E+004  0.27255843E+005
  0.38353735E+004  0.27362735E+005
  0.38379312E+004  0.27469914E+005
  0.38404906E+004  0.27577379E+005
  0.38430517E+004  0.27685131E+005
  0.38456145E+004  0.27793171E+005
  0.38481790E+004  0.27901497E+005
  0.38507452E+004  0.28010111E+005
  0.38533131E+004  0.28119013E+005
  0.38558828E+004  0.28228202E+005
  0.38584541E+004  0.28337679E+005
  0.38610272E+004  0.28447444E+005
  0.38636020E+004  0.28557497E+005
  0.38661785E+004  0.28667839E+005
  0.38687567E+004  0.28778469E+005
  0.38713367E+004  0.28889388E+005
  0.38739184E+004  0.29000596E+005
  0.38765017E+004  0.29112092E+005
  0.38790869E+004  0.29223878E+005
  0.38816737E+004  0.29335952E+005
  0.38842622E+004  0.29448316E+005
  0.38868525E+004  0.29560970E+005
  0.38894445E+004  0.29673913E+005
  0.38920383E+004  0.29787146E+005
  0.38946338E+004  0.29900668E+005
  0.38972310E+004  0.30014481E+005
  0.38998299E+004  0.30128583E+005
  0.39024306E+004  0.30242976E+005
  0.39050330E+004  0.30357659E+005
  0.39076371E+004  0.30472632E+005
  0.39102430E+004  0.30587895E+005
  0.39128506E+004  0.30703450E+005
  0.39154599E+004  0.30819295E+005
  0.39180710E+004  0.30935430E+005
  0.39206838E+004  0.31051857E+005
  0.39232984E+004  0.31168575E+005
  0.39259147E+004  0.31285583E+005
  0.39285328E+004  0.31402883E+005
  0.39311526E+004  0.31520474E+005
  0.39337742E+004  0.31638356E+005
  0.39363975E+004  0.31756530E+005
  0.39390225E+004  0.31874995E+005
  0.39416493E+004  0.31993751E+005
  0.39442779E+004  0.32112799E+005
  0.39469082E+004  0.32232139E+005
  0.39495402E+004  0.32351770E+005
  0.39521741E+004  0.32471693E+005
  0.39548096E+004  0.32591908E+005
  0.39574470E+004  0.32712415E+005
  0.39600861E+004  0.32833214E+005
  0.39627269E+004  0.32954305E+005
  0.39653695E+004  0.33075687E+005
  0.39680139E+004  0.33197362E+005
  0.39706600E+004  0.33319329E+005
  0.39733079E+004  0.33441588E+005
  0.39759576E+004  0.33564140E+005
  0.39786090E+004  0.33686983E+005
  0.39812622E+004  0.33810119E+005
  0.39839172E+004  0.33933547E+005
  0.39865739E+004  0.34057267E+005
  0.39892325E+004  0.34181279E+005
  0.39918927E+004  0.34305584E+005
  0.39945548E+004  0.34430181E+005
  0.39972186E+004  0.34555071E+005
  0.39998842E+004  0.34680252E+005
  0.40025516E+004  0.34805727E+005
  0.40052208E+004  0.34931493E+005
  0.40078918E+004  0.35057552E+005
  0.40105645E+004  0.35183903E+005
  0.40132390E+004  0.35310547E+005
  0.40159153E+004  0.35437483E+005
  0.40185934E+004  0.35564711E+005
  0.40212732E+004  0.35692231E+005
  0.40239549E+004  0.35820044E+005
  0.40266383E+004  0.35948149E+005
  0.40293236E+004  0.36076546E+005
  0.40320106E+004  0.36205236E+005
  0.40346994E+004  0.36334218E+005
  0.40373900E+004  0.36463491E+005
  0.40400824E+004  0.36593057E+005
  0.40427766E+004  0.36722915E+005
  0.40454726E+004  0.36853065E+005
  0.40481704E+004  0.36983507E+005
  0.40508700E+004  0.37114241E+005
  0.40535714E+004  0.37245267E+005
  0.40562746E+004  0.37376585E+005
  0.40589796E+004  0.37508194E+005
  0.40616864E+004  0.37640095E+005
  0.40643950E+004  0.37772288E+005
  0.40671054E+004  0.37904772E+005
  0.40698176E+004  0.38037548E+005
  0.40725316E+004  0.38170615E+005
  0.40752474E+004  0.38303973E+005
  0.40779651E+004  0.38437623E+005
  0.40806846E+004  0.38571564E+005
  0.40834058E+004  0.38705796E+005
  0.40861289E+004  0.38840319E+005
  0.40888538E+004  0.38975133E+005
  0.40915805E+004  0.39110238E+005
  0.40943091E+004  0.39245633E+005
  0.40970394E+004  0.39381319E+005
  0.40997716E+004  0.39517296E+005
  0.41025056E+004  0.39653563E+005
  0.41052414E+004  0.39790120E+005
  0.41079791E+004  0.39926968E+005
  0.41107186E+004  0.40064105E+005
  0.41134599E+004  0.40201533E+005
  0.41162030E+004  0.40339250E+005
  0.41189479E+004  0.40477257E+005
  0.41216947E+004  0.40615554E+005
  0.41244434E+004  0.40754140E+005
  0.41271938E+004  0.40893015E+005
  0.41299461E+004  0.41032179E+005
  0.41327002E+004  0.41171633E+005
  0.41354562E+004  0.41311375E+005
  0.41382140E+004  0.41451406E+005
  0.41409736E+004  0.41591725E+005
  0.41437351E+004  0.41732333E+005
  0.41464984E+004  0.41873229E+005
  0.41492636E+004  0.42014414E+005
  0.41520306E+004  0.42155886E+005
  0.41547994E+004  0.42297645E+005
  0.41575701E+004  0.42439693E+005
  0.41603427E+004  0.42582028E+005
  0.41631171E+004  0.42724650E+005
  0.41658933E+004  0.42867559E+005
  0.41686714E+004  0.43010755E+005
  0.41714514E+004  0.43154237E+005
  0.41742332E+004  0.43298006E+005
  0.41770168E+004  0.43442061E+005
  0.41798023E+004  0.43586403E+005
  0.41825897E+004  0.43731030E+005
  0.41853789E+004  0.43875943E+005
  0.41881700E+004  0.44021141E+005
  0.41909630E+004  0.44166625E+005
  0.41937578E+004  0.44312393E+005
  0.41965545E+004  0.44458447E+005
  0.41993530E+004  0.44604785E+005
  0.42021534E+004  0.44751407E+005
  0.42049557E+004  0.44898313E+005
  0.42077598E+004  0.45045504E+005
  0.42105659E+004  0.45192978E+005
  0.42133737E+004  0.45340735E+005
  0.42161835E+004  0.45488776E+005
  0.42189951E+004  0.45637100E+005
  0.42218086E+004  0.45785706E+005
  0.42246240E+004  0.45934595E+005
  0.42274413E+004  0.46083766E+005
  0.42302604E+004  0.46233219E+005
  0.42330814E+004  0.46382953E+005
  0.42359043E+004  0.46532969E+005
  0.42387291E+004  0.46683266E+005
  0.42415558E+004  0.46833844E+005
  0.42443843E+004  0.46984703E+005
  0.42472148E+004  0.47135842E+005
  0.42500471E+004  0.47287261E+005
  0.42528813E+004  0.47438960E+005
  0.42557174E+004  0.47590938E+005
  0.42585554E+004  0.47743195E+005
  0.42613953E+004  0.47895732E+005
  0.42642371E+004  0.48048546E+005
  0.42670808E+004  0.48201639E+005
  0.42699263E+004  0.48355011E+005
  0.42727738E+004  0.48508659E+005
  0.42756232E+004  0.48662586E+005
  0.42784745E+004  0.48816789E+005
  0.42813276E+004  0.48971269E+005
  0.42841827E+004  0.49126025E+005
  0.42870397E+004  0.49281057E+005
  0.42898986E+004  0.49436366E+005
  0.42927594E+004  0.49591949E+005
  0.42956221E+004  0.49747808E+005
  0.42984867E+004  0.49903941E+005
  0.43013532E+004  0.50060349E+005
  0.43042216E+004  0.50217031E+005
  0.43070920E+004  0.50373987E+005
  0.43099642E+004  0.50531216E+005
  0.43128384E+004  0.50688718E+005
  0.43157145E+004  0.50846492E+005
  0.43185925E+004  0.51004539E+005
  0.43214724E+004  0.51162858E+005
  0.43243543E+004  0.51321449E+005
  0.43272380E+004  0.51480310E+005
  0.43301237E+004  0.51639443E+005
  0.43330113E+004  0.51798846E+005
  0.43359009E+004  0.51958519E+005
  0.43387923E+004  0.52118461E+005
  0.43416857E+004  0.52278673E+005
  0.43445811E+004  0.52439154E+005
  0.43474783E+004  0.52599903E+005
  0.43503775E+004  0.52760921E+005
  0.43532786E+004  0.52922206E+005
  0.43561817E+004  0.53083758E+005
  0.43590867E+004  0.53245577E+005
  0.43619936E+004  0.53407663E+005
  0.43649025E+004  0.53570015E+005
  0.43678133E+004  0.53732632E+005
  0.43707260E+004  0.53895515E+005
  0.43736407E+004  0.54058662E+005
  0.43765574E+004  0.54222074E+005
  0.43794759E+004  0.54385750E+005
  0.43823965E+004  0.54549689E+005
  0.43853189E+004  0.54713891E+005
  0.43882434E+004  0.54878356E+005
  0.43911697E+004  0.55043083E+005
  0.43940981E+004  0.55208072E+005
  0.43970283E+004  0.55373322E+005
  0.43999606E+004  0.55538833E+005
  0.44028948E+004  0.55704604E+005
  0.44058309E+004  0.55870635E+005
  0.44087690E+004  0.56036925E+005
  0.44117091E+004  0.56203475E+005
  0.44146511E+004  0.56370283E+005
  0.44175951E+004  0.56537348E+005
  0.44205410E+004  0.56704672E+005
  0.44234889E+004  0.56872252E+005
  0.44264388E+004  0.57040089E+005
  0.44293906E+004  0.57208182E+005
  0.44323445E+004  0.57376531E+005
  0.44353002E+004  0.57545135E+005
  0.44382580E+004  0.57713993E+005
  0.44412177E+004  0.57883106E+005
  0.44441794E+004  0.58052472E+005
  0.44471431E+004  0.58222091E+005
  0.44501088E+004  0.58391962E+005
  0.44530764E+004  0.58562086E+005
  0.44560460E+004  0.58732461E+005
  0.44590176E+004  0.58903087E+005
  0.44619911E+004  0.59073964E+005
  0.44649667E+004  0.59245090E+005
  0.44679442E+004  0.59416466E+005
  0.44709238E+004  0.59588091E+005
  0.44739053E+004  0.59759964E+005
  0.44768888E+004  0.59932085E+005
  0.44798743E+004  0.60104453E+005
  0.44828617E+004  0.60277068E+005
  0.44858512E+004  0.60449929E+005
  0.44888427E+004  0.60623035E+005
  0.44918361E+004  0.60796387E+005
  0.44948316E+004  0.60969983E+005
  0.44978290E+004  0.61143823E+005
  0.45008285E+004  0.61317906E+005
  0.45038299E+004  0.61492232E+005
  0.45068334E+004  0.61666800E+005
  0.45098389E+004  0.61841610E+005
  0.45128463E+004  0.62016661E+005
  0.45158558E+004  0.62191952E+005
  0.45188673E+004  0.62367483E+005
  0.45218807E+004  0.62543253E+005
  0.45248962E+004  0.62719262E+005
  0.45279137E+004  0.62895509E+005
  0.45309333E+004  0.63071994E+005
  0.45339548E+004  0.63248715E+005
  0.45369783E+004  0.63425673E+005
  0.45400039E+004  0.63602866E+005
  0.45430315E+004  0.63780294E+005
  0.45460611E+004  0.63957957E+005
  0.45490927E+004  0.64135853E+005
  0.45521263E+004  0.64313983E+005
  0.45551620E+004  0.64492345E+005
  0.45581997E+004  0.64670939E+005
  0.45612394E+004  0.64849764E+005
  0.45642811E+004  0.65028820E+005
  0.45673249E+004  0.65208106E+005
  0.45703707E+004  0.65387621E+005
  0.45734185E+004  0.65567365E+005
  0.45764684E+004  0.65747337E+005
  0.45795203E+004  0.65927536E+005
  0.45825742E+004  0.66107962E+005
  0.45856302E+004  0.66288614E+005
  0.45886882E+004  0.66469491E+005
  0.45917482E+004  0.66650594E+005
  0.45948103E+004  0.66831920E+005
  0.45978744E+004  0.67013469E+005
  0.46009406E+004  0.67195242E+005
  0.46040088E+004  0.67377236E+005
  0.46070791E+004  0.67559452E+005
  0.46101514E+004  0.67741889E+005
  0.46132257E+004  0.67924545E+005
  0.46163021E+004  0.68107421E+005
  0.46193806E+004  0.68290515E+005
  0.46224611E+004  0.68473827E+005
  0.46255437E+004  0.68657357E+005
  0.46286283E+004  0.68841103E+005
  0.46317150E+004  0.69025065E+005
  0.46348037E+004  0.69209241E+005
  0.46378945E+004  0.69393632E+005
  0.46409873E+004  0.69578237E+005
  0.46440823E+004  0.69763055E+005
  0.46471793E+004  0.69948085E+005
  0.46502783E+004  0.70133326E+005
  0.46533794E+004  0.70318779E+005
  0.46564826E+004  0.70504441E+005
  0.46595879E+004  0.70690312E+005
  0.46626952E+004  0.70876392E+005
  0.46658046E+004  0.71062680E+005
  0.46689160E+004  0.71249175E+005
  0.46720296E+004  0.71435876E+005
  0.46751452E+004  0.71622783E+005
  0.46782629E+004  0.71809895E+005
  0.46813827E+004  0.71997210E+005
  0.46845045E+004  0.72184729E+005
  0.46876285E+004  0.72372450E+005
  0.46907545E+004  0.72560374E+005
  0.46938826E+004  0.72748498E+005
  0.46970128E+004  0.72936822E+005
  0.47001451E+004  0.73125346E+005
  0.47032795E+004  0.73314069E+005
  0.47064159E+004  0.73502989E+005
  0.47095545E+004  0.73692107E+005
  0.47126951E+004  0.73881420E+005
  0.47158379E+004  0.74070930E+005
  0.47189827E+004  0.74260634E+005
  0.47221296E+004  0.74450532E+005
  0.47252787E+004  0.74640623E+005
  0.47284298E+004  0.74830907E+005
  0.47315830E+004  0.75021382E+005
  0.47347384E+004  0.75212048E+005
  0.47378958E+004  0.75402903E+005
  0.47410553E+004  0.75593948E+005
  0.47442170E+004  0.75785181E+005
  0.47473808E+004  0.75976602E+005
  0.47505466E+004  0.76168209E+005
  0.47537146E+004  0.76360002E+005
  0.47568847E+004  0.76551980E+005
  0.47600569E+004  0.76744142E+005
  0.47632312E+004  0.76936488E+005
  0.47664077E+004  0.77129016E+005
  0.47695862E+004  0.77321726E+005
  0.47727669E+004  0.77514616E+005
  0.47759497E+004  0.77707687E+005
  0.47791346E+004  0.77900937E+005
  0.47823217E+004  0.78094365E+005
  0.47855108E+004  0.78287970E+005
  0.47887021E+004  0.78481752E+005
  0.47918956E+004  0.78675710E+005
  0.47950911E+004  0.78869842E+005
  0.47982888E+004  0.79064149E+005
  0.48014886E+004  0.79258628E+005
  0.48046906E+004  0.79453280E+005
  0.48078947E+004  0.79648103E+005
  0.48111009E+004  0.79843097E+005
  0.48143093E+004  0.80038260E+005
  0.48175198E+004  0.80233593E+005
  0.48207324E+004  0.80429093E+005
  0.48239472E+004  0.80624760E+005
  0.48271641E+004  0.80820593E+005
  0.48303832E+004  0.81016591E+005
  0.48336044E+004  0.81212753E+005
  0.48368278E+004  0.81409079E+005
  0.48400533E+004  0.81605568E+005
  0.48432810E+004  0.81802218E+005
  0.48465108E+004  0.81999029E+005
  0.48497428E+004  0.82195999E+005
  0.48529769E+004  0.82393129E+005
  0.48562132E+004  0.82590416E+005
  0.48594516E+004  0.82787860E+005
  0.48626922E+004  0.82985461E+005
  0.48659350E+004  0.83183217E+005
  0.48691799E+004  0.83381127E+005
  0.48724270E+004  0.83579191E+005
  0.48756763E+004  0.83777406E+005
  0.48789277E+004  0.83975774E+005
  0.48821813E+004  0.84174292E+005
  0.48854371E+004  0.84372960E+005
  0.48886950E+004  0.84571776E+005
  0.48919551E+004  0.84770740E+005
  0.48952174E+004  0.84969851E+005
  0.48984819E+004  0.85169108E+005
  0.49017485E+004  0.85368510E+005
  0.49050173E+004  0.85568056E+005
  0.49082883E+004  0.85767744E+005
  0.49115615E+004  0.85967575E+005
  0.49148368E+004  0.86167547E+005
  0.49181144E+004  0.86367659E+005
  0.49213941E+004  0.86567911E+005
  0.49246760E+004  0.86768300E+005
  0.49279601E+004  0.86968827E+005
  0.49312464E+004  0.87169490E+005
  0.49345349E+004  0.87370288E+005
  0.49378256E+004  0.87571221E+005
  0.49411184E+004  0.87772287E+005
  0.49444135E+004  0.87973485E+005
  0.49477108E+004  0.88174815E+005
  0.49510102E+004  0.88376276E+005
  0.49543119E+004  0.88577865E+005
  0.49576158E+004  0.88779583E+005
  0.49609218E+004  0.88981429E+005
  0.49642301E+004  0.89183401E+005
  0.49675406E+004  0.89385499E+005
  0.49708533E+004  0.89587721E+005
  0.49741682E+004  0.89790066E+005
  0.49774853E+004  0.89992534E+005
  0.49808046E+004  0.90195123E+005
  0.49841261E+004  0.90397833E+005
  0.49874499E+004  0.90600662E+005
  0.49907759E+004  0.90803610E+005
  0.49941040E+004  0.91006675E+005
  0.49974344E+004  0.91209857E+005
  0.50007671E+004  0.91413153E+005
  0.50041019E+004  0.91616565E+005
  0.50074390E+004  0.91820089E+005
  0.50107783E+004  0.92023726E+005
  0.50141198E+004  0.92227474E+005
  0.50174635E+004  0.92431333E+005
  0.50208095E+004  0.92635300E+005
  0.50241577E+004  0.92839376E+005
  0.50275082E+004  0.93043559E+005
  0.50308608E+004  0.93247848E+005
  0.50342158E+004  0.93452242E+005
  0.50375729E+004  0.93656741E+005
  0.50409323E+004  0.93861342E+005
  0.50442939E+004  0.94066045E+005
  0.50476578E+004  0.94270849E+005
  0.50510239E+004  0.94475753E+005
  0.50543923E+004  0.94680756E+005
  0.50577629E+004  0.94885856E+005
  0.50611357E+004  0.95091054E+005
  0.50645108E+004  0.95296346E+005
  0.50678882E+004  0.95501734E+005
  0.50712678E+004  0.95707215E+005
  0.50746497E+004  0.95912788E+005
  0.50780338E+004  0.96118453E+005
  0.50814201E+004  0.96324208E+005
  0.50848088E+004  0.96530052E+005
  0.50881997E+004  0.96735985E+005
  0.50915928E+004  0.96942004E+005
  0.50949882E+004  0.97148110E+005
  0.50983859E+004  0.97354301E+005
  0.51017859E+004  0.97560575E+005
  0.51051881E+004  0.97766933E+005
  0.51085925E+004  0.97973372E+005
  0.51119993E+004  0.98179891E+005
  0.51154083E+004  0.98386490E+005
  0.51188196E+004  0.98593168E+005
  0.51222332E+004  0.98799923E+005
  0.51256490E+004  0.99006754E+005
  0.51290672E+004  0.99213661E+005
  0.51324876E+004  0.99420642E+005
  0.51359102E+004  0.99627695E+005
  0.51393352E+004  0.99834821E+005
  0.51427625E+004  0.10004202E+006
  0.51461920E+004  0.10024928E+006
  0.51496238E+004  0.10045662E+006
  0.51530579E+004  0.10066402E+006
  0.51564943E+004  0.10087149E+006
  0.51599330E+004  0.10107902E+006
  0.51633740E+004  0.10128662E+006
  0.51668173E+004  0.10149428E+006
  0.51702629E+004  0.10170200E+006
  0.51737108E+004  0.10190979E+006
  0.51771609E+004  0.10211763E+006
  0.51806134E+004  0.10232553E+006
  0.51840682E+004  0.10253349E+006
  0.51875253E+004  0.10274151E+006
  0.51909847E+004  0.10294958E+006
  0.51944464E+004  0.10315771E+006
  0.51979104E+004  0.10336588E+006
  0.52013767E+004  0.10357411E+006
  0.52048453E+004  0.10378239E+006
  0.52083162E+004  0.10399072E+006
  0.52117895E+004  0.10419910E+006
  0.52152651E+004  0.10440753E+006
  0.52187429E+004  0.10461600E+006
  0.52222231E+004  0.10482452E+006
  0.52257057E+004  0.10503308E+006
  0.52291905E+004  0.10524169E+006
  0.52326777E+004  0.10545033E+006
  0.52361672E+004  0.10565902E+006
  0.52396590E+004  0.10586774E+006
  0.52431532E+004  0.10607651E+006
  0.52466497E+004  0.10628531E+006
  0.52501485E+004  0.10649415E+006
  0.52536496E+004  0.10670302E+006
  0.52571531E+004  0.10691192E+006
  0.52606589E+004  0.10712086E+006
  0.52641671E+004  0.10732983E+006
  0.52676776E+004  0.10753883E+006
  0.52711904E+004  0.10774786E+006
  0.52747056E+004  0.10795692E+006
  0.52782231E+004  0.10816600E+006
  0.52817430E+004  0.10837511E+006
  0.52852652E+004  0.10858424E+006
  0.52887898E+004  0.10879340E+006
  0.52923167E+004  0.10900258E+006
  0.52958460E+004  0.10921178E+006
  0.52993776E+004  0.10942100E+006
  0.53029116E+004  0.10963023E+006
  0.53064479E+004  0.10983949E+006
  0.53099866E+004  0.11004876E+006
  0.53135277E+004  0.11025805E+006
  0.53170711E+004  0.11046735E+006
  0.53206168E+004  0.11067666E+006
  0.53241650E+004  0.11088599E+006
  0.53277155E+004  0.11109532E+006
  0.53312684E+004  0.11130467E+006
  0.53348236E+004  0.11151402E+006
  0.53383812E+004  0.11172338E+006
  0.53419412E+004  0.11193275E+006
  0.53455036E+004  0.11214212E+006
  0.53490683E+004  0.11235149E+006
  0.53526354E+004  0.11256086E+006
  0.53562049E+004  0.11277024E+006
  0.53597768E+004  0.11297962E+006
  0.53633511E+004  0.11318899E+006
  0.53669277E+004  0.11339837E+006
  0.53705067E+004  0.11360774E+006
  0.53740881E+004  0.11381710E+006
  0.53776719E+004  0.11402646E+006
  0.53812581E+004  0.11423581E+006
  0.53848467E+004  0.11444515E+006
  0.53884377E+004  0.11465448E+006
  0.53920311E+004  0.11486381E+006
  0.53956268E+004  0.11507312E+006
  0.53992250E+004  0.11528241E+006
  0.54028256E+004  0.11549169E+006
  0.54064285E+004  0.11570096E+006
  0.54100339E+004  0.11591021E+006
  0.54136417E+004  0.11611944E+006
  0.54172518E+004  0.11632866E+006
  0.54208644E+004  0.11653785E+006
  0.54244794E+004  0.11674702E+006
  0.54280968E+004  0.11695617E+006
  0.54317166E+004  0.11716529E+006
  0.54353389E+004  0.11737439E+006
  0.54389635E+004  0.11758347E+006
  0.54425906E+004  0.11779251E+006
  0.54462201E+004  0.11800153E+006
  0.54498520E+004  0.11821051E+006
  0.54534863E+004  0.11841947E+006
  0.54571230E+004  0.11862839E+006
  0.54607622E+004  0.11883728E+006
  0.54644038E+004  0.11904614E+006
  0.54680478E+004  0.11925496E+006
  0.54716943E+004  0.11946374E+006
  0.54753432E+004  0.11967249E+006
  0.54789945E+004  0.11988119E+006
  0.54826483E+004  0.12008985E+006
  0.54863045E+004  0.12029848E+006
  0.54899631E+004  0.12050705E+006
  0.54936242E+004  0.12071559E+006
  0.54972877E+004  0.12092408E+006
  0.55009536E+004  0.12113252E+006
  0.55046221E+004  0.12134091E+006
  0.55082929E+004  0.12154926E+006
  0.55119662E+004  0.12175756E+006
  0.55156419E+004  0.12196580E+006
  0.55193201E+004  0.12217399E+006
  0.55230008E+004  0.12238213E+006
  0.55266839E+004  0.12259021E+006
  0.55303695E+004  0.12279823E+006
  0.55340575E+004  0.12300620E+006
  0.55377480E+004  0.12321411E+006
  0.55414409E+004  0.12342196E+006
  0.55451363E+004  0.12362975E+006
  0.55488342E+004  0.12383747E+006
  0.55525345E+004  0.12404513E+006
  0.55562373E+004  0.12425273E+006
  0.55599426E+004  0.12446026E+006
  0.55636503E+004  0.12466772E+006
  0.55673605E+004  0.12487512E+006
  0.55710732E+004  0.12508245E+006
  0.55747884E+004  0.12528970E+006
  0.55785060E+004  0.12549688E+006
  0.55822261E+004  0.12570399E+006
  0.55859487E+004  0.12591103E+006
  0.55896738E+004  0.12611799E+006
  0.55934014E+004  0.12632487E+006
  0.55971314E+004  0.12653167E+006
  0.56008640E+004  0.12673840E+006
  0.56045990E+004  0.12694504E+006
  0.56083365E+004  0.12715160E+006
  0.56120765E+004  0.12735808E+006
  0.56158190E+004  0.12756448E+006
  0.56195641E+004  0.12777079E+006
  0.56233116E+004  0.12797701E+006
  0.56270616E+004  0.12818315E+006
  0.56308141E+004  0.12838920E+006
  0.56345691E+004  0.12859515E+006
  0.56383266E+004  0.12880102E+006
  0.56420866E+004  0.12900679E+006
  0.56458491E+004  0.12921247E+006
  0.56496141E+004  0.12941806E+006
  0.56533817E+004  0.12962354E+006
  0.56571517E+004  0.12982893E+006
  0.56609243E+004  0.13003423E+006
  0.56646994E+004  0.13023942E+006
  0.56684770E+004  0.13044451E+006
  0.56722571E+004  0.13064950E+006
  0.56760397E+004  0.13085438E+006
  0.56798249E+004  0.13105916E+006
  0.56836126E+004  0.13126384E+006
  0.56874028E+004  0.13146841E+006
  0.56911955E+004  0.13167287E+006
  0.56949908E+004  0.13187722E+006
  0.56987886E+004  0.13208145E+006
  0.57025889E+004  0.13228558E+006
  0.57063918E+004  0.13248960E+006
  0.57101972E+004  0.13269350E+006
  0.57140051E+004  0.13289728E+006
  0.57178156E+004  0.13310095E+006
  0.57216286E+004  0.13330450E+006
  0.57254442E+004  0.13350793E+006
  0.57292623E+004  0.13371124E+006
  0.57330830E+004  0.13391443E+006
  0.57369062E+004  0.13411750E+006
  0.57407319E+004  0.13432044E+006
  0.57445602E+004  0.13452326E+006
  0.57483911E+004  0.13472595E+006
  0.57522245E+004  0.13492851E+006
  0.57560604E+004  0.13513095E+006
  0.57598990E+004  0.13533325E+006
  0.57637401E+004  0.13553543E+006
  0.57675837E+004  0.13573747E+006
  0.57714299E+004  0.13593938E+006
  0.57752787E+004  0.13614115E+006
  0.57791300E+004  0.13634279E+006
  0.57829839E+004  0.13654429E+006
  0.57868404E+004  0.13674565E+006
  0.57906995E+004  0.13694688E+006
  0.57945611E+004  0.13714796E+006
  0.57984253E+004  0.13734890E+006
  0.58022921E+004  0.13754970E+006
  0.58061614E+004  0.13775035E+006
  0.58100334E+004  0.13795086E+006
  0.58139079E+004  0.13815122E+006
  0.58177850E+004  0.13835144E+006
  0.58216647E+004  0.13855150E+006
  0.58255469E+004  0.13875142E+006
  0.58294318E+004  0.13895118E+006
  0.58333193E+004  0.13915080E+006
  0.58372093E+004  0.13935025E+006
  0.58411019E+004  0.13954956E+006
  0.58449972E+004  0.13974871E+006
  0.58488950E+004  0.13994770E+006
  0.58527954E+004  0.14014653E+006
  0.58566985E+004  0.14034520E+006
  0.58606041E+004  0.14054371E+006
  0.58645124E+004  0.14074206E+006
  0.58684232E+004  0.14094025E+006
  0.58723367E+004  0.14113827E+006
  0.58762527E+004  0.14133613E+006
  0.58801714E+004  0.14153382E+006
  0.58840927E+004  0.14173135E+006
  0.58880166E+004  0.14192870E+006
  0.58919431E+004  0.14212588E+006
  0.58958723E+004  0.14232290E+006
  0.58998040E+004  0.14251974E+006
  0.59037384E+004  0.14271641E+006
  0.59076754E+004  0.14291290E+006
  0.59116150E+004  0.14310922E+006
  0.59155573E+004  0.14330536E+006
  0.59195022E+004  0.14350132E+006
  0.59234497E+004  0.14369710E+006
  0.59273999E+004  0.14389270E+006
  0.59313527E+004  0.14408812E+006
  0.59353081E+004  0.14428336E+006
  0.59392661E+004  0.14447841E+006
  0.59432268E+004  0.14467328E+006
  0.59471902E+004  0.14486796E+006
  0.59511562E+004  0.14506246E+006
  0.59551248E+004  0.14525677E+006
  0.59590961E+004  0.14545088E+006
  0.59630700E+004  0.14564481E+006
  0.59670466E+004  0.14583854E+006
  0.59710258E+004  0.14603208E+006
  0.59750077E+004  0.14622543E+006
  0.59789922E+004  0.14641858E+006
  0.59829794E+004  0.14661153E+006
  0.59869692E+004  0.14680429E+006
  0.59909617E+004  0.14699685E+006
  0.59949569E+004  0.14718921E+006
  0.59989547E+004  0.14738136E+006
  0.60029553E+004  0.14757332E+006
  0.60069584E+004  0.14776507E+006
  0.60109643E+004  0.14795662E+006
  0.60149728E+004  0.14814796E+006
  0.60189840E+004  0.14833909E+006
  0.60229978E+004  0.14853002E+006
  0.60270144E+004  0.14872074E+006
  0.60310336E+004  0.14891125E+006
  0.60350555E+004  0.14910154E+006
  0.60390800E+004  0.14929163E+006
  0.60431073E+004  0.14948150E+006
  0.60471373E+004  0.14967115E+006
  0.60511699E+004  0.14986059E+006
  0.60552052E+004  0.15004982E+006
  0.60592432E+004  0.15023882E+006
  0.60632839E+004  0.15042761E+006
  0.60673273E+004  0.15061618E+006
  0.60713734E+004  0.15080452E+006
  0.60754222E+004  0.15099265E+006
  0.60794737E+004  0.15118055E+006
  0.60835279E+004  0.15136822E+006
  0.60875848E+004  0.15155567E+006
  0.60916444E+004  0.15174289E+006
  0.60957068E+004  0.15192989E+006
  0.60997718E+004  0.15211665E+006
  0.61038395E+004  0.15230319E+006
  0.61079100E+004  0.15248950E+006
  0.61119831E+004  0.15267557E+006
  0.61160590E+004  0.15286141E+006
  0.61201376E+004  0.15304701E+006
  0.61242189E+004  0.15323238E+006
  0.61283029E+004  0.15341752E+006
  0.61323897E+004  0.15360241E+006
  0.61364792E+004  0.15378707E+006
  0.61405714E+004  0.15397149E+006
  0.61446664E+004  0.15415566E+006
  0.61487640E+004  0.15433960E+006
  0.61528644E+004  0.15452329E+006
  0.61569676E+004  0.15470674E+006
  0.61610734E+004  0.15488994E+006
  0.61651821E+004  0.15507289E+006
  0.61692934E+004  0.15525560E+006
  0.61734075E+004  0.15543806E+006
  0.61775244E+004  0.15562027E+006
  0.61816439E+004  0.15580224E+006
  0.61857663E+004  0.15598394E+006
  0.61898914E+004  0.15616540E+006
  0.61940192E+004  0.15634660E+006
  0.61981498E+004  0.15652755E+006
  0.62022831E+004  0.15670825E+006
  0.62064192E+004  0.15688868E+006
  0.62105581E+004  0.15706886E+006
  0.62146997E+004  0.15724878E+006
  0.62188441E+004  0.15742844E+006
  0.62229912E+004  0.15760784E+006
  0.62271411E+004  0.15778697E+006
  0.62312938E+004  0.15796585E+006
  0.62354492E+004  0.15814446E+006
  0.62396074E+004  0.15832280E+006
  0.62437684E+004  0.15850088E+006
  0.62479322E+004  0.15867869E+006
  0.62520987E+004  0.15885624E+006
  0.62562680E+004  0.15903351E+006
  0.62604401E+004  0.15921051E+006
  0.62646150E+004  0.15938725E+006
  0.62687927E+004  0.15956371E+006
  0.62729731E+004  0.15973990E+006
  0.62771564E+004  0.15991581E+006
  0.62813424E+004  0.16009145E+006
  0.62855312E+004  0.16026681E+006
  0.62897228E+004  0.16044190E+006
  0.62939172E+004  0.16061670E+006
  0.62981144E+004  0.16079123E+006
  0.63023144E+004  0.16096548E+006
  0.63065172E+004  0.16113944E+006
  0.63107228E+004  0.16131313E+006
  0.63149312E+004  0.16148653E+006
  0.63191425E+004  0.16165964E+006
  0.63233565E+004  0.16183247E+006
  0.63275733E+004  0.16200502E+006
  0.63317930E+004  0.16217728E+006
  0.63360154E+004  0.16234925E+006
  0.63402407E+004  0.16252093E+006
  0.63444688E+004  0.16269232E+006
  0.63486997E+004  0.16286342E+006
  0.63529335E+004  0.16303423E+006
  0.63571700E+004  0.16320474E+006
  0.63614094E+004  0.16337496E+006
  0.63656516E+004  0.16354489E+006
  0.63698967E+004  0.16371452E+006
  0.63741445E+004  0.16388385E+006
  0.63783952E+004  0.16405289E+006
  0.63826488E+004  0.16422162E+006
  0.63869051E+004  0.16439006E+006
  0.63911644E+004  0.16455819E+006
  0.63954264E+004  0.16472603E+006
  0.63996913E+004  0.16489356E+006
  0.64039591E+004  0.16506079E+006
  0.64082296E+004  0.16522772E+006
  0.64125031E+004  0.16539433E+006
  0.64167794E+004  0.16556065E+006
  0.64210585E+004  0.16572665E+006
  0.64253405E+004  0.16589235E+006
  0.64296253E+004  0.16605774E+006
  0.64339130E+004  0.16622282E+006
  0.64382036E+004  0.16638758E+006
  0.64424970E+004  0.16655204E+006
  0.64467933E+004  0.16671618E+006
  0.64510925E+004  0.16688001E+006
  0.64553945E+004  0.16704353E+006
  0.64596994E+004  0.16720673E+006
  0.64640071E+004  0.16736961E+006
  0.64683178E+004  0.16753218E+006
  0.64726313E+004  0.16769442E+006
  0.64769476E+004  0.16785635E+006
  0.64812669E+004  0.16801796E+006
  0.64855890E+004  0.16817925E+006
  0.64899141E+004  0.16834021E+006
  0.64942420E+004  0.16850086E+006
  0.64985728E+004  0.16866118E+006
  0.65029065E+004  0.16882117E+006
  0.65072430E+004  0.16898084E+006
  0.65115825E+004  0.16914019E+006
  0.65159248E+004  0.16929920E+006
  0.65202701E+004  0.16945789E+006
  0.65246183E+004  0.16961625E+006
  0.65289693E+004  0.16977428E+006
  0.65333233E+004  0.16993198E+006
  0.65376801E+004  0.17008935E+006
  0.65420399E+004  0.17024639E+006
  0.65464025E+004  0.17040309E+006
  0.65507681E+004  0.17055946E+006
  0.65551366E+004  0.17071550E+006
  0.65595080E+004  0.17087120E+006
  0.65638823E+004  0.17102656E+006
  0.65682596E+004  0.17118158E+006
  0.65726397E+004  0.17133627E+006
  0.65770228E+004  0.17149062E+006
  0.65814088E+004  0.17164463E+006
  0.65857977E+004  0.17179830E+006
  0.65901896E+004  0.17195162E+006
  0.65945843E+004  0.17210461E+006
  0.65989820E+004  0.17225725E+006
  0.66033827E+004  0.17240955E+006
  0.66077863E+004  0.17256150E+006
  0.66121928E+004  0.17271311E+006
  0.66166022E+004  0.17286437E+006
  0.66210146E+004  0.17301528E+006
  0.66254300E+004  0.17316585E+006
  0.66298482E+004  0.17331606E+006
  0.66342695E+004  0.17346593E+006
  0.66386936E+004  0.17361545E+006
  0.66431208E+004  0.17376461E+006
  0.66475508E+004  0.17391343E+006
  0.66519839E+004  0.17406189E+006
  0.66564198E+004  0.17420999E+006
  0.66608588E+004  0.17435775E+006
  0.66653007E+004  0.17450514E+006
  0.66697456E+004  0.17465219E+006
  0.66741934E+004  0.17479887E+006
  0.66786442E+004  0.17494520E+006
  0.66830980E+004  0.17509117E+006
  0.66875547E+004  0.17523678E+006
  0.66920144E+004  0.17538203E+006
  0.66964771E+004  0.17552692E+006
  0.67009427E+004  0.17567145E+006
  0.67054114E+004  0.17581562E+006
  0.67098830E+004  0.17595943E+006
  0.67143576E+004  0.17610287E+006
  0.67188352E+004  0.17624595E+006
  0.67233157E+004  0.17638866E+006
  0.67277993E+004  0.17653101E+006
  0.67322858E+004  0.17667299E+006
  0.67367754E+004  0.17681460E+006
  0.67412679E+004  0.17695585E+006
  0.67457634E+004  0.17709672E+006
  0.67502620E+004  0.17723723E+006
  0.67547635E+004  0.17737737E+006
  0.67592680E+004  0.17751714E+006
  0.67637755E+004  0.17765653E+006
  0.67682861E+004  0.17779556E+006
  0.67727996E+004  0.17793421E+006
  0.67773162E+004  0.17807248E+006
  0.67818357E+004  0.17821039E+006
  0.67863583E+004  0.17834791E+006
  0.67908839E+004  0.17848507E+006
  0.67954125E+004  0.17862184E+006
  0.67999442E+004  0.17875824E+006
  0.68044788E+004  0.17889426E+006
  0.68090165E+004  0.17902991E+006
  0.68135572E+004  0.17916517E+006
  0.68181009E+004  0.17930005E+006
  0.68226477E+004  0.17943456E+006
  0.68271975E+004  0.17956868E+006
  0.68317503E+004  0.17970242E+006
  0.68363062E+004  0.17983578E+006
  0.68408651E+004  0.17996875E+006
  0.68454271E+004  0.18010135E+006
  0.68499920E+004  0.18023355E+006
  0.68545601E+004  0.18036538E+006
  0.68591312E+004  0.18049681E+006
  0.68637053E+004  0.18062786E+006
  0.68682825E+004  0.18075853E+006
  0.68728627E+004  0.18088880E+006
  0.68774460E+004  0.18101869E+006
  0.68820323E+004  0.18114819E+006
  0.68866217E+004  0.18127730E+006
  0.68912142E+004  0.18140602E+006
  0.68958097E+004  0.18153435E+006
  0.69004083E+004  0.18166228E+006
  0.69050099E+004  0.18178983E+006
  0.69096146E+004  0.18191698E+006
  0.69142224E+004  0.18204374E+006
  0.69188333E+004  0.18217011E+006
  0.69234472E+004  0.18229608E+006
  0.69280643E+004  0.18242165E+006
  0.69326844E+004  0.18254683E+006
  0.69373075E+004  0.18267162E+006
  0.69419338E+004  0.18279601E+006
  0.69465631E+004  0.18292000E+006
  0.69511956E+004  0.18304359E+006
  0.69558311E+004  0.18316678E+006
  0.69604697E+004  0.18328958E+006
  0.69651114E+004  0.18341197E+006
  0.69697562E+004  0.18353397E+006
  0.69744041E+004  0.18365556E+006
  0.69790551E+004  0.18377676E+006
  0.69837092E+004  0.18389755E+006
  0.69883664E+004  0.18401793E+006
  0.69930267E+004  0.18413792E+006
  0.69976901E+004  0.18425750E+006
  0.70023567E+004  0.18437668E+006
  0.70070263E+004  0.18449545E+006
  0.70116990E+004  0.18461382E+006
  0.70163749E+004  0.18473178E+006
  0.70210539E+004  0.18484934E+006
  0.70257360E+004  0.18496649E+006
  0.70304212E+004  0.18508323E+006
  0.70351096E+004  0.18519957E+006
  0.70398011E+004  0.18531549E+006
  0.70444957E+004  0.18543101E+006
  0.70491934E+004  0.18554612E+006
  0.70538943E+004  0.18566081E+006
  0.70585983E+004  0.18577510E+006
  0.70633054E+004  0.18588898E+006
  0.70680157E+004  0.18600244E+006
  0.70727291E+004  0.18611549E+006
  0.70774457E+004  0.18622813E+006
  0.70821654E+004  0.18634036E+006
  0.70868883E+004  0.18645218E+006
  0.70916143E+004  0.18656358E+006
  0.70963435E+004  0.18667456E+006
  0.71010758E+004  0.18678513E+006
  0.71058112E+004  0.18689529E+006
  0.71105499E+004  0.18700503E+006
  0.71152917E+004  0.18711435E+006
  0.71200366E+004  0.18722326E+006
  0.71247847E+004  0.18733175E+006
  0.71295360E+004  0.18743982E+006
  0.71342905E+004  0.18754748E+006
  0.71390481E+004  0.18765471E+006
  0.71438089E+004  0.18776153E+006
  0.71485728E+004  0.18786793E+006
  0.71533400E+004  0.18797391E+006
  0.71581103E+004  0.18807946E+006
  0.71628838E+004  0.18818460E+006
  0.71676605E+004  0.18828932E+006
  0.71724404E+004  0.18839361E+006
  0.71772234E+004  0.18849748E+006
  0.71820097E+004  0.18860093E+006
  0.71867991E+004  0.18870396E+006
  0.71915918E+004  0.18880656E+006
  0.71963876E+004  0.18890874E+006
  0.72011866E+004  0.18901050E+006
  0.72059889E+004  0.18911183E+006
  0.72107943E+004  0.18921274E+006
  0.72156029E+004  0.18931322E+006
  0.72204148E+004  0.18941327E+006
  0.72252298E+004  0.18951290E+006
  0.72300481E+004  0.18961210E+006
  0.72348696E+004  0.18971088E+006
  0.72396943E+004  0.18980923E+006
  0.72445222E+004  0.18990715E+006
  0.72493533E+004  0.19000465E+006
  0.72541877E+004  0.19010171E+006
  0.72590253E+004  0.19019835E+006
  0.72638661E+004  0.19029456E+006
  0.72687101E+004  0.19039033E+006
  0.72735573E+004  0.19048568E+006
  0.72784078E+004  0.19058060E+006
  0.72832616E+004  0.19067509E+006
  0.72881185E+004  0.19076915E+006
  0.72929787E+004  0.19086277E+006
  0.72978422E+004  0.19095597E+006
  0.73027089E+004  0.19104873E+006
  0.73075788E+004  0.19114106E+006
  0.73124520E+004  0.19123296E+006
  0.73173284E+004  0.19132442E+006
  0.73222081E+004  0.19141545E+006
  0.73270910E+004  0.19150605E+006
  0.73319772E+004  0.19159622E+006
  0.73368667E+004  0.19168595E+006
  0.73417594E+004  0.19177525E+006
  0.73466554E+004  0.19186411E+006
  0.73515546E+004  0.19195253E+006
  0.73564571E+004  0.19204053E+006
  0.73613629E+004  0.19212808E+006
  0.73662719E+004  0.19221520E+006
  0.73711843E+004  0.19230189E+006
  0.73760999E+004  0.19238813E+006
  0.73810187E+004  0.19247395E+006
  0.73859409E+004  0.19255932E+006
  0.73908663E+004  0.19264426E+006
  0.73957950E+004  0.19272875E+006
  0.74007271E+004  0.19281282E+006
  0.74056624E+004  0.19289644E+006
  0.74106009E+004  0.19297962E+006
  0.74155428E+004  0.19306237E+006
  0.74204880E+004  0.19314468E+006
  0.74254365E+004  0.19322655E+006
  0.74303883E+004  0.19330797E+006
  0.74353433E+004  0.19338896E+006
  0.74403017E+004  0.19346951E+006
  0.74452634E+004  0.19354962E+006
  0.74502284E+004  0.19362929E+006
  0.74551967E+004  0.19370852E+006
  0.74601683E+004  0.19378731E+006
  0.74651433E+004  0.19386566E+006
  0.74701215E+004  0.19394356E+006
  0.74751031E+004  0.19402103E+006
  0.74800880E+004  0.19409805E+006
  0.74850762E+004  0.19417463E+006
  0.74900678E+004  0.19425077E+006
  0.74950627E+004  0.19432646E+006
  0.75000609E+004  0.19440172E+006
  0.75050624E+004  0.19447653E+006
  0.75100673E+004  0.19455090E+006
  0.75150755E+004  0.19462482E+006
  0.75200870E+004  0.19469831E+006
  0.75251019E+004  0.19477134E+006
  0.75301202E+004  0.19484394E+006
  0.75351418E+004  0.19491609E+006
  0.75401667E+004  0.19498780E+006
  0.75451950E+004  0.19505906E+006
  0.75502266E+004  0.19512988E+006
  0.75552616E+004  0.19520026E+006
  0.75603000E+004  0.19527019E+006
  0.75653417E+004  0.19533967E+006
  0.75703868E+004  0.19540871E+006
  0.75754352E+004  0.19547731E+006
  0.75804870E+004  0.19554546E+006
  0.75855422E+004  0.19561316E+006
  0.75906007E+004  0.19568042E+006
  0.75956626E+004  0.19574723E+006
  0.76007279E+004  0.19581360E+006
  0.76057966E+004  0.19587952E+006
  0.76108687E+004  0.19594500E+006
  0.76159441E+004  0.19601003E+006
  0.76210229E+004  0.19607461E+006
  0.76261051E+004  0.19613875E+006
  0.76311907E+004  0.19620244E+006
  0.76362797E+004  0.19626568E+006
  0.76413721E+004  0.19632848E+006
  0.76464679E+004  0.19639083E+006
  0.76515670E+004  0.19645273E+006
  0.76566696E+004  0.19651419E+006
  0.76617756E+004  0.19657520E+006
  0.76668850E+004  0.19663576E+006
  0.76719978E+004  0.19669588E+006
  0.76771140E+004  0.19675554E+006
  0.76822336E+004  0.19681476E+006
  0.76873566E+004  0.19687354E+006
  0.76924830E+004  0.19693186E+006
  0.76976129E+004  0.19698974E+006
  0.77027462E+004  0.19704717E+006
  0.77078829E+004  0.19710415E+006
  0.77130230E+004  0.19716068E+006
  0.77181666E+004  0.19721677E+006
  0.77233136E+004  0.19727241E+006
  0.77284640E+004  0.19732759E+006
  0.77336178E+004  0.19738234E+006
  0.77387751E+004  0.19743663E+006
  0.77439359E+004  0.19749047E+006
  0.77491000E+004  0.19754387E+006
  0.77542677E+004  0.19759682E+006
  0.77594387E+004  0.19764932E+006
  0.77646132E+004  0.19770137E+006
  0.77697912E+004  0.19775298E+006
  0.77749726E+004  0.19780413E+006
  0.77801575E+004  0.19785484E+006
  0.77853458E+004  0.19790510E+006
  0.77905376E+004  0.19795491E+006
  0.77957328E+004  0.19800427E+006
  0.78009316E+004  0.19805318E+006
  0.78061337E+004  0.19810165E+006
  0.78113394E+004  0.19814966E+006
  0.78165485E+004  0.19819723E+006
  0.78217611E+004  0.19824435E+006
  0.78269772E+004  0.19829102E+006
  0.78321967E+004  0.19833724E+006
  0.78374198E+004  0.19838302E+006
  0.78426463E+004  0.19842834E+006
  0.78478763E+004  0.19847322E+006
  0.78531098E+004  0.19851765E+006
  0.78583467E+004  0.19856163E+006
  0.78635872E+004  0.19860516E+006
  0.78688312E+004  0.19864825E+006
  0.78740786E+004  0.19869088E+006
  0.78793296E+004  0.19873307E+006
  0.78845841E+004  0.19877481E+006
  0.78898420E+004  0.19881610E+006
  0.78951035E+004  0.19885694E+006
  0.79003685E+004  0.19889734E+006
  0.79056370E+004  0.19893729E+006
  0.79109090E+004  0.19897679E+006
  0.79161845E+004  0.19901584E+006
  0.79214635E+004  0.19905444E+006
  0.79267461E+004  0.19909260E+006
  0.79320322E+004  0.19913031E+006
  0.79373218E+004  0.19916757E+006
  0.79426149E+004  0.19920438E+006
  0.79479116E+004  0.19924075E+006
  0.79532118E+004  0.19927667E+006
  0.79585155E+004  0.19931214E+006
  0.79638228E+004  0.19934717E+006
  0.79691336E+004  0.19938175E+006
  0.79744480E+004  0.19941588E+006
  0.79797658E+004  0.19944956E+006
  0.79850873E+004  0.19948280E+006
  0.79904123E+004  0.19951559E+006
  0.79957408E+004  0.19954793E+006
  0.80010729E+004  0.19957983E+006
  0.80064086E+004  0.19961128E+006
  0.80117478E+004  0.19964229E+006
  0.80170905E+004  0.19967285E+006
  0.80224369E+004  0.19970296E+006
  0.80277868E+004  0.19973263E+006
  0.80331402E+004  0.19976185E+006
  0.80384973E+004  0.19979063E+006
  0.80438579E+004  0.19981896E+006
  0.80492220E+004  0.19984685E+006
  0.80545898E+004  0.19987429E+006
  0.80599611E+004  0.19990129E+006
  0.80653361E+004  0.19992784E+006
  0.80707146E+004  0.19995394E+006
  0.80760967E+004  0.19997961E+006
  0.80814823E+004  0.20000482E+006
  0.80868716E+004  0.20002960E+006
  0.80922645E+004  0.20005393E+006
  0.80976609E+004  0.20007781E+006
  0.81030610E+004  0.20010125E+006
  0.81084647E+004  0.20012425E+006
  0.81138719E+004  0.20014681E+006
  0.81192828E+004  0.20016892E+006
  0.81246973E+004  0.20019059E+006
  0.81301154E+004  0.20021182E+006
  0.81355371E+004  0.20023260E+006
  0.81409624E+004  0.20025294E+006
  0.81463913E+004  0.20027284E+006
  0.81518239E+004  0.20029230E+006
  0.81572601E+004  0.20031131E+006
  0.81626999E+004  0.20032988E+006
  0.81681433E+004  0.20034801E+006
  0.81735904E+004  0.20036571E+006
  0.81790411E+004  0.20038295E+006
  0.81844954E+004  0.20039976E+006
  0.81899533E+004  0.20041613E+006
  0.81954150E+004  0.20043206E+006
  0.82008802E+004  0.20044755E+006
  0.82063491E+004  0.20046259E+006
  0.82118216E+004  0.20047720E+006
  0.82172978E+004  0.20049137E+006
  0.82227777E+004  0.20050510E+006
  0.82282612E+004  0.20051839E+006
  0.82337483E+004  0.20053124E+006
  0.82392391E+004  0.20054365E+006
  0.82447336E+004  0.20055562E+006
  0.82502317E+004  0.20056716E+006
  0.82557336E+004  0.20057826E+006
  0.82612390E+004  0.20058892E+006
  0.82667482E+004  0.20059914E+006
  0.82722610E+004  0.20060893E+006
  0.82777775E+004  0.20061828E+006
  0.82832977E+004  0.20062719E+006
  0.82888215E+004  0.20063567E+006
  0.82943491E+004  0.20064371E+006
  0.82998803E+004  0.20065131E+006
  0.83054152E+004  0.20065848E+006
  0.83109538E+004  0.20066521E+006
  0.83164961E+004  0.20067151E+006
  0.83220421E+004  0.20067738E+006
  0.83275918E+004  0.20068281E+006
  0.83331452E+004  0.20068780E+006
  0.83387023E+004  0.20069237E+006
  0.83442631E+004  0.20069649E+006
  0.83498276E+004  0.20070019E+006
  0.83553958E+004  0.20070345E+006
  0.83609677E+004  0.20070628E+006
  0.83665434E+004  0.20070868E+006
  0.83721228E+004  0.20071064E+006
  0.83777059E+004  0.20071218E+006
  0.83832927E+004  0.20071328E+006
  0.83888832E+004  0.20071395E+006
  0.83944775E+004  0.20071419E+006
  0.84000755E+004  0.20071400E+006
  0.84056772E+004  0.20071338E+006
  0.84112827E+004  0.20071233E+006
  0.84168919E+004  0.20071085E+006
  0.84225048E+004  0.20070894E+006
  0.84281215E+004  0.20070660E+006
  0.84337419E+004  0.20070384E+006
  0.84393661E+004  0.20070064E+006
  0.84449941E+004  0.20069702E+006
  0.84506257E+004  0.20069297E+006
  0.84562612E+004  0.20068850E+006
  0.84619004E+004  0.20068359E+006
  0.84675433E+004  0.20067826E+006
  0.84731901E+004  0.20067251E+006
  0.84788405E+004  0.20066633E+006
  0.84844948E+004  0.20065972E+006
  0.84901528E+004  0.20065269E+006
  0.84958146E+004  0.20064523E+006
  0.85014802E+004  0.20063735E+006
  0.85071496E+004  0.20062904E+006
  0.85128227E+004  0.20062031E+006
  0.85184996E+004  0.20061116E+006
  0.85241803E+004  0.20060159E+006
  0.85298648E+004  0.20059159E+006
  0.85355531E+004  0.20058117E+006
  0.85412452E+004  0.20057033E+006
  0.85469410E+004  0.20055907E+006
  0.85526407E+004  0.20054738E+006
  0.85583442E+004  0.20053528E+006
  0.85640515E+004  0.20052275E+006
  0.85697625E+004  0.20050981E+006
  0.85754774E+004  0.20049645E+006
  0.85811961E+004  0.20048267E+006
  0.85869186E+004  0.20046846E+006
  0.85926450E+004  0.20045385E+006
  0.85983751E+004  0.20043881E+006
  0.86041091E+004  0.20042335E+006
  0.86098469E+004  0.20040748E+006
  0.86155885E+004  0.20039120E+006
  0.86213340E+004  0.20037449E+006
  0.86270832E+004  0.20035737E+006
  0.86328364E+004  0.20033984E+006
  0.86385933E+004  0.20032189E+006
  0.86443541E+004  0.20030352E+006
  0.86501187E+004  0.20028474E+006
  0.86558872E+004  0.20026555E+006
  0.86616595E+004  0.20024595E+006
  0.86674357E+004  0.20022593E+006
  0.86732157E+004  0.20020550E+006
  0.86789996E+004  0.20018466E+006
  0.86847873E+004  0.20016340E+006
  0.86905789E+004  0.20014174E+006
  0.86963744E+004  0.20011966E+006
  0.87021737E+004  0.20009718E+006
  0.87079769E+004  0.20007428E+006
  0.87137840E+004  0.20005098E+006
  0.87195949E+004  0.20002726E+006
  0.87254097E+004  0.20000314E+006
  0.87312284E+004  0.19997861E+006
  0.87370510E+004  0.19995368E+006
  0.87428774E+004  0.19992833E+006
  0.87487077E+004  0.19990258E+006
  0.87545420E+004  0.19987643E+006
  0.87603801E+004  0.19984987E+006
  0.87662221E+004  0.19982290E+006
  0.87720680E+004  0.19979553E+006
  0.87779178E+004  0.19976775E+006
  0.87837715E+004  0.19973957E+006
  0.87896291E+004  0.19971099E+006
  0.87954906E+004  0.19968201E+006
  0.88013560E+004  0.19965262E+006
  0.88072253E+004  0.19962283E+006
  0.88130986E+004  0.19959264E+006
  0.88189757E+004  0.19956205E+006
  0.88248568E+004  0.19953106E+006
  0.88307418E+004  0.19949966E+006
  0.88366308E+004  0.19946787E+006
  0.88425236E+004  0.19943568E+006
  0.88484204E+004  0.19940310E+006
  0.88543211E+004  0.19937011E+006
  0.88602258E+004  0.19933673E+006
  0.88661344E+004  0.19930295E+006
  0.88720469E+004  0.19926877E+006
  0.88779634E+004  0.19923420E+006
  0.88838838E+004  0.19919923E+006
  0.88898081E+004  0.19916387E+006
  0.88957365E+004  0.19912811E+006
  0.89016687E+004  0.19909196E+006
  0.89076050E+004  0.19905542E+006
  0.89135451E+004  0.19901848E+006
  0.89194893E+004  0.19898116E+006
  0.89254374E+004  0.19894344E+006
  0.89313895E+004  0.19890533E+006
  0.89373455E+004  0.19886682E+006
  0.89433055E+004  0.19882793E+006
  0.89492695E+004  0.19878865E+006
  0.89552375E+004  0.19874898E+006
  0.89612095E+004  0.19870892E+006
  0.89671854E+004  0.19866848E+006
  0.89731653E+004  0.19862764E+006
  0.89791492E+004  0.19858642E+006
  0.89851371E+004  0.19854481E+006
  0.89911290E+004  0.19850282E+006
  0.89971249E+004  0.19846044E+006
  0.90031248E+004  0.19841768E+006
  0.90091286E+004  0.19837453E+006
  0.90151365E+004  0.19833100E+006
  0.90211484E+004  0.19828709E+006
  0.90271643E+004  0.19824279E+006
  0.90331842E+004  0.19819811E+006
  0.90392082E+004  0.19815305E+006
  0.90452361E+004  0.19810761E+006
  0.90512681E+004  0.19806179E+006
  0.90573041E+004  0.19801559E+006
  0.90633441E+004  0.19796901E+006
  0.90693881E+004  0.19792205E+006
  0.90754362E+004  0.19787472E+006
  0.90814883E+004  0.19782700E+006
  0.90875445E+004  0.19777891E+006
  0.90936046E+004  0.19773044E+006
  0.90996689E+004  0.19768160E+006
  0.91057371E+004  0.19763238E+006
  0.91118094E+004  0.19758279E+006
  0.91178858E+004  0.19753283E+006
  0.91239662E+004  0.19748249E+006
  0.91300507E+004  0.19743177E+006
  0.91361392E+004  0.19738069E+006
  0.91422318E+004  0.19732923E+006
  0.91483285E+004  0.19727741E+006
  0.91544292E+004  0.19722521E+006
  0.91605340E+004  0.19717264E+006
  0.91666428E+004  0.19711970E+006
  0.91727557E+004  0.19706640E+006
  0.91788727E+004  0.19701272E+006
  0.91849938E+004  0.19695868E+006
  0.91911190E+004  0.19690428E+006
  0.91972482E+004  0.19684950E+006
  0.92033816E+004  0.19679436E+006
  0.92095190E+004  0.19673886E+006
  0.92156605E+004  0.19668299E+006
  0.92218061E+004  0.19662675E+006
  0.92279559E+004  0.19657016E+006
  0.92341097E+004  0.19651320E+006
  0.92402676E+004  0.19645588E+006
  0.92464296E+004  0.19639819E+006
  0.92525958E+004  0.19634015E+006
  0.92587660E+004  0.19628175E+006
  0.92649404E+004  0.19622298E+006
  0.92711189E+004  0.19616386E+006
  0.92773015E+004  0.19610438E+006
  0.92834882E+004  0.19604454E+006
  0.92896790E+004  0.19598435E+006
  0.92958740E+004  0.19592380E+006
  0.93020731E+004  0.19586289E+006
  0.93082764E+004  0.19580163E+006
  0.93144837E+004  0.19574001E+006
  0.93206953E+004  0.19567804E+006
  0.93269109E+004  0.19561571E+006
  0.93331307E+004  0.19555303E+006
  0.93393547E+004  0.19549001E+006
  0.93455828E+004  0.19542662E+006
  0.93518150E+004  0.19536289E+006
  0.93580515E+004  0.19529881E+006
  0.93642920E+004  0.19523438E+006
  0.93705368E+004  0.19516960E+006
  0.93767857E+004  0.19510447E+006
  0.93830387E+004  0.19503900E+006
  0.93892960E+004  0.19497317E+006
  0.93955574E+004  0.19490700E+006
  0.94018230E+004  0.19484049E+006
  0.94080927E+004  0.19477363E+006
  0.94143667E+004  0.19470643E+006
  0.94206448E+004  0.19463888E+006
  0.94269271E+004  0.19457099E+006
  0.94332136E+004  0.19450276E+006
  0.94395043E+004  0.19443418E+006
  0.94457992E+004  0.19436527E+006
  0.94520983E+004  0.19429601E+006
  0.94584016E+004  0.19422641E+006
  0.94647091E+004  0.19415648E+006
  0.94710208E+004  0.19408621E+006
  0.94773367E+004  0.19401560E+006
  0.94836568E+004  0.19394465E+006
  0.94899811E+004  0.19387336E+006
  0.94963097E+004  0.19380174E+006
  0.95026425E+004  0.19372979E+006
  0.95089795E+004  0.19365750E+006
  0.95153207E+004  0.19358487E+006
  0.95216661E+004  0.19351192E+006
  0.95280158E+004  0.19343863E+006
  0.95343697E+004  0.19336501E+006
  0.95407279E+004  0.19329106E+006
  0.95470903E+004  0.19321677E+006
  0.95534569E+004  0.19314216E+006
  0.95598278E+004  0.19306722E+006
  0.95662029E+004  0.19299195E+006
  0.95725823E+004  0.19291636E+006
  0.95789659E+004  0.19284043E+006
  0.95853538E+004  0.19276418E+006
  0.95917460E+004  0.19268761E+006
  0.95981424E+004  0.19261071E+006
  0.96045431E+004  0.19253348E+006
  0.96109480E+004  0.19245593E+006
  0.96173573E+004  0.19237806E+006
  0.96237707E+004  0.19229987E+006
  0.96301885E+004  0.19222135E+006
  0.96366106E+004  0.19214252E+006
  0.96430369E+004  0.19206336E+006
  0.96494675E+004  0.19198389E+006
  0.96559024E+004  0.19190409E+006
  0.96623416E+004  0.19182398E+006
  0.96687851E+004  0.19174355E+006
  0.96752329E+004  0.19166281E+006
  0.96816850E+004  0.19158174E+006
  0.96881414E+004  0.19150037E+006
  0.96946021E+004  0.19141868E+006
  0.97010671E+004  0.19133667E+006
  0.97075364E+004  0.19125435E+006
  0.97140101E+004  0.19117172E+006
  0.97204880E+004  0.19108878E+006
  0.97269703E+004  0.19100552E+006
  0.97334569E+004  0.19092196E+006
  0.97399478E+004  0.19083808E+006
  0.97464430E+004  0.19075390E+006
  0.97529426E+004  0.19066941E+006
  0.97594465E+004  0.19058461E+006
  0.97659548E+004  0.19049951E+006
  0.97724674E+004  0.19041410E+006
  0.97789843E+004  0.19032838E+006
  0.97855056E+004  0.19024236E+006
  0.97920312E+004  0.19015603E+006
  0.97985612E+004  0.19006940E+006
  0.98050955E+004  0.18998247E+006
  0.98116342E+004  0.18989524E+006
  0.98181773E+004  0.18980771E+006
  0.98247247E+004  0.18971987E+006
  0.98312765E+004  0.18963174E+006
  0.98378326E+004  0.18954330E+006
  0.98443931E+004  0.18945457E+006
  0.98509580E+004  0.18936554E+006
  0.98575273E+004  0.18927622E+006
  0.98641010E+004  0.18918660E+006
  0.98706790E+004  0.18909668E+006
  0.98772614E+004  0.18900647E+006
  0.98838483E+004  0.18891596E+006
  0.98904395E+004  0.18882516E+006
  0.98970351E+004  0.18873407E+006
  0.99036351E+004  0.18864269E+006
  0.99102395E+004  0.18855102E+006
  0.99168483E+004  0.18845905E+006
  0.99234615E+004  0.18836680E+006
  0.99300791E+004  0.18827426E+006
  0.99367012E+004  0.18818143E+006
  0.99433276E+004  0.18808831E+006
  0.99499585E+004  0.18799490E+006
  0.99565938E+004  0.18790121E+006
  0.99632335E+004  0.18780724E+006
  0.99698777E+004  0.18771298E+006
  0.99765262E+004  0.18761843E+006
  0.99831793E+004  0.18752361E+006
  0.99898367E+004  0.18742850E+006
  0.99964986E+004  0.18733311E+006
  0.10003165E+005  0.18723744E+006
  0.10009836E+005  0.18714148E+006
  0.10016511E+005  0.18704525E+006
  0.10023191E+005  0.18694874E+006
  0.10029875E+005  0.18685196E+006
  0.10036563E+005  0.18675489E+006
  0.10043256E+005  0.18665755E+006
  0.10049954E+005  0.18655994E+006
  0.10056656E+005  0.18646204E+006
  0.10063362E+005  0.18636388E+006
  0.10070073E+005  0.18626544E+006
  0.10076789E+005  0.18616673E+006
  0.10083509E+005  0.18606775E+006
  0.10090233E+005  0.18596849E+006
  0.10096962E+005  0.18586897E+006
  0.10103695E+005  0.18576917E+006
  0.10110433E+005  0.18566911E+006
  0.10117175E+005  0.18556878E+006
  0.10123922E+005  0.18546818E+006
  0.10130673E+005  0.18536731E+006
  0.10137429E+005  0.18526618E+006
  0.10144189E+005  0.18516478E+006
  0.10150954E+005  0.18506312E+006
  0.10157724E+005  0.18496119E+006
  0.10164497E+005  0.18485900E+006
  0.10171276E+005  0.18475655E+006
  0.10178059E+005  0.18465384E+006
  0.10184846E+005  0.18455087E+006
  0.10191638E+005  0.18444763E+006
  0.10198434E+005  0.18434414E+006
  0.10205235E+005  0.18424039E+006
  0.10212041E+005  0.18413638E+006
  0.10218851E+005  0.18403212E+006
  0.10225666E+005  0.18392759E+006
  0.10232485E+005  0.18382282E+006
  0.10239309E+005  0.18371778E+006
  0.10246137E+005  0.18361250E+006
  0.10252970E+005  0.18350696E+006
  0.10259807E+005  0.18340117E+006
  0.10266649E+005  0.18329512E+006
  0.10273495E+005  0.18318883E+006
  0.10280346E+005  0.18308228E+006
  0.10287202E+005  0.18297549E+006
  0.10294062E+005  0.18286844E+006
  0.10300927E+005  0.18276115E+006
  0.10307796E+005  0.18265361E+006
  0.10314670E+005  0.18254583E+006
  0.10321549E+005  0.18243779E+006
  0.10328432E+005  0.18232952E+006
  0.10335320E+005  0.18222100E+006
  0.10342212E+005  0.18211223E+006
  0.10349109E+005  0.18200323E+006
  0.10356010E+005  0.18189398E+006
  0.10362916E+005  0.18178449E+006
  0.10369827E+005  0.18167476E+006
  0.10376742E+005  0.18156479E+006
  0.10383662E+005  0.18145458E+006
  0.10390587E+005  0.18134413E+006
  0.10397516E+005  0.18123344E+006
  0.10404450E+005  0.18112252E+006
  0.10411388E+005  0.18101136E+006
  0.10418331E+005  0.18089997E+006
  0.10425279E+005  0.18078834E+006
  0.10432231E+005  0.18067648E+006
  0.10439188E+005  0.18056439E+006
  0.10446149E+005  0.18045206E+006
  0.10453116E+005  0.18033950E+006
  0.10460086E+005  0.18022671E+006
  0.10467062E+005  0.18011370E+006
  0.10474042E+005  0.18000045E+006
  0.10481027E+005  0.17988697E+006
  0.10488016E+005  0.17977327E+006
  0.10495010E+005  0.17965934E+006
  0.10502009E+005  0.17954518E+006
  0.10509013E+005  0.17943080E+006
  0.10516021E+005  0.17931619E+006
  0.10523033E+005  0.17920136E+006
  0.10530051E+005  0.17908631E+006
  0.10537073E+005  0.17897103E+006
  0.10544100E+005  0.17885553E+006
  0.10551131E+005  0.17873982E+006
  0.10558168E+005  0.17862388E+006
  0.10565208E+005  0.17850772E+006
  0.10572254E+005  0.17839134E+006
  0.10579304E+005  0.17827475E+006
  0.10586359E+005  0.17815794E+006
  0.10593419E+005  0.17804091E+006
  0.10600483E+005  0.17792367E+006
  0.10607552E+005  0.17780621E+006
  0.10614626E+005  0.17768854E+006
  0.10621705E+005  0.17757065E+006
  0.10628788E+005  0.17745255E+006
  0.10635876E+005  0.17733424E+006
  0.10642969E+005  0.17721572E+006
  0.10650066E+005  0.17709699E+006
  0.10657168E+005  0.17697805E+006
  0.10664275E+005  0.17685890E+006
  0.10671387E+005  0.17673954E+006
  0.10678503E+005  0.17661998E+006
  0.10685625E+005  0.17650021E+006
  0.10692750E+005  0.17638023E+006
  0.10699881E+005  0.17626005E+006
  0.10707016E+005  0.17613966E+006
  0.10714157E+005  0.17601907E+006
  0.10721302E+005  0.17589828E+006
  0.10728451E+005  0.17577729E+006
  0.10735606E+005  0.17565609E+006
  0.10742765E+005  0.17553470E+006
  0.10749929E+005  0.17541310E+006
  0.10757098E+005  0.17529131E+006
  0.10764271E+005  0.17516932E+006
  0.10771449E+005  0.17504713E+006
  0.10778633E+005  0.17492474E+006
  0.10785821E+005  0.17480216E+006
  0.10793013E+005  0.17467938E+006
  0.10800211E+005  0.17455641E+006
  0.10807413E+005  0.17443324E+006
  0.10814620E+005  0.17430989E+006
  0.10821832E+005  0.17418633E+006
  0.10829049E+005  0.17406259E+006
  0.10836270E+005  0.17393866E+006
  0.10843497E+005  0.17381454E+006
  0.10850728E+005  0.17369023E+006
  0.10857964E+005  0.17356573E+006
  0.10865205E+005  0.17344104E+006
  0.10872450E+005  0.17331616E+006
  0.10879701E+005  0.17319110E+006
  0.10886956E+005  0.17306586E+006
  0.10894216E+005  0.17294043E+006
  0.10901481E+005  0.17281481E+006
  0.10908751E+005  0.17268902E+006
  0.10916026E+005  0.17256304E+006
  0.10923305E+005  0.17243687E+006
  0.10930590E+005  0.17231053E+006
  0.10937879E+005  0.17218401E+006
  0.10945173E+005  0.17205731E+006
  0.10952472E+005  0.17193043E+006
  0.10959776E+005  0.17180337E+006
  0.10967085E+005  0.17167613E+006
  0.10974398E+005  0.17154872E+006
  0.10981717E+005  0.17142113E+006
  0.10989040E+005  0.17129337E+006
  0.10996368E+005  0.17116543E+006
  0.11003701E+005  0.17103732E+006
  0.11011039E+005  0.17090904E+006
  0.11018382E+005  0.17078059E+006
  0.11025730E+005  0.17065196E+006
  0.11033083E+005  0.17052316E+006
  0.11040440E+005  0.17039420E+006
  0.11047803E+005  0.17026506E+006
  0.11055170E+005  0.17013576E+006
  0.11062542E+005  0.17000629E+006
  0.11069920E+005  0.16987665E+006
  0.11077302E+005  0.16974685E+006
  0.11084689E+005  0.16961688E+006
  0.11092081E+005  0.16948675E+006
  0.11099478E+005  0.16935645E+006
  0.11106880E+005  0.16922599E+006
  0.11114287E+005  0.16909537E+006
  0.11121698E+005  0.16896459E+006
  0.11129115E+005  0.16883364E+006
  0.11136537E+005  0.16870254E+006
  0.11143963E+005  0.16857128E+006
  0.11151395E+005  0.16843985E+006
  0.11158831E+005  0.16830827E+006
  0.11166273E+005  0.16817654E+006
  0.11173719E+005  0.16804464E+006
  0.11181170E+005  0.16791259E+006
  0.11188627E+005  0.16778039E+006
  0.11196088E+005  0.16764803E+006
  0.11203554E+005  0.16751552E+006
  0.11211026E+005  0.16738286E+006
  0.11218502E+005  0.16725004E+006
  0.11225983E+005  0.16711707E+006
  0.11233469E+005  0.16698396E+006
  0.11240961E+005  0.16685069E+006
  0.11248457E+005  0.16671727E+006
  0.11255958E+005  0.16658371E+006
  0.11263464E+005  0.16644999E+006
  0.11270976E+005  0.16631614E+006
  0.11278492E+005  0.16618213E+006
  0.11286013E+005  0.16604798E+006
  0.11293539E+005  0.16591368E+006
  0.11301071E+005  0.16577924E+006
  0.11308607E+005  0.16564466E+006
  0.11316148E+005  0.16550994E+006
  0.11323695E+005  0.16537507E+006
  0.11331246E+005  0.16524006E+006
  0.11338802E+005  0.16510492E+006
  0.11346364E+005  0.16496963E+006
  0.11353930E+005  0.16483420E+006
  0.11361502E+005  0.16469864E+006
  0.11369079E+005  0.16456294E+006
  0.11376660E+005  0.16442710E+006
  0.11384247E+005  0.16429112E+006
  0.11391839E+005  0.16415501E+006
  0.11399436E+005  0.16401877E+006
  0.11407038E+005  0.16388239E+006
  0.11414644E+005  0.16374588E+006
  0.11422257E+005  0.16360924E+006
  0.11429874E+005  0.16347246E+006
  0.11437496E+005  0.16333555E+006
  0.11445123E+005  0.16319852E+006
  0.11452756E+005  0.16306135E+006
  0.11460393E+005  0.16292406E+006
  0.11468036E+005  0.16278664E+006
  0.11475683E+005  0.16264909E+006
  0.11483336E+005  0.16251141E+006
  0.11490994E+005  0.16237361E+006
  0.11498657E+005  0.16223568E+006
  0.11506325E+005  0.16209763E+006
  0.11513998E+005  0.16195945E+006
  0.11521676E+005  0.16182115E+006
  0.11529360E+005  0.16168273E+006
  0.11537048E+005  0.16154419E+006
  0.11544742E+005  0.16140553E+006
  0.11552441E+005  0.16126674E+006
  0.11560145E+005  0.16112784E+006
  0.11567854E+005  0.16098882E+006
  0.11575568E+005  0.16084968E+006
  0.11583287E+005  0.16071042E+006
  0.11591012E+005  0.16057104E+006
  0.11598742E+005  0.16043155E+006
  0.11606476E+005  0.16029195E+006
  0.11614216E+005  0.16015223E+006
  0.11621961E+005  0.16001239E+006
  0.11629712E+005  0.15987244E+006
  0.11637467E+005  0.15973238E+006
  0.11645228E+005  0.15959221E+006
  0.11652994E+005  0.15945193E+006
  0.11660765E+005  0.15931153E+006
  0.11668541E+005  0.15917103E+006
  0.11676322E+005  0.15903042E+006
  0.11684109E+005  0.15888970E+006
  0.11691900E+005  0.15874887E+006
  0.11699697E+005  0.15860794E+006
  0.11707500E+005  0.15846689E+006
  0.11715307E+005  0.15832575E+006
  0.11723119E+005  0.15818449E+006
  0.11730937E+005  0.15804314E+006
  0.11738760E+005  0.15790168E+006
  0.11746588E+005  0.15776012E+006
  0.11754422E+005  0.15761845E+006
  0.11762260E+005  0.15747669E+006
  0.11770104E+005  0.15733482E+006
  0.11777953E+005  0.15719285E+006
  0.11785808E+005  0.15705079E+006
  0.11793667E+005  0.15690862E+006
  0.11801532E+005  0.15676636E+006
  0.11809402E+005  0.15662400E+006
  0.11817277E+005  0.15648154E+006
  0.11825158E+005  0.15633899E+006
  0.11833044E+005  0.15619634E+006
  0.11840935E+005  0.15605360E+006
  0.11848831E+005  0.15591077E+006
  0.11856733E+005  0.15576784E+006
  0.11864640E+005  0.15562481E+006
  0.11872552E+005  0.15548170E+006
  0.11880469E+005  0.15533850E+006
  0.11888392E+005  0.15519520E+006
  0.11896320E+005  0.15505181E+006
  0.11904253E+005  0.15490834E+006
  0.11912192E+005  0.15476478E+006
  0.11920135E+005  0.15462113E+006
  0.11928085E+005  0.15447739E+006
  0.11936039E+005  0.15433356E+006
  0.11943999E+005  0.15418965E+006
  0.11951964E+005  0.15404566E+006
  0.11959934E+005  0.15390158E+006
  0.11967910E+005  0.15375741E+006
  0.11975891E+005  0.15361316E+006
  0.11983877E+005  0.15346884E+006
  0.11991869E+005  0.15332442E+006
  0.11999866E+005  0.15317993E+006
  0.12007868E+005  0.15303536E+006
  0.12015876E+005  0.15289070E+006
  0.12023889E+005  0.15274597E+006
  0.12031907E+005  0.15260116E+006
  0.12039931E+005  0.15245627E+006
  0.12047960E+005  0.15231131E+006
  0.12055994E+005  0.15216626E+006
  0.12064034E+005  0.15202114E+006
  0.12072079E+005  0.15187595E+006
  0.12080130E+005  0.15173068E+006
  0.12088185E+005  0.15158534E+006
  0.12096247E+005  0.15143992E+006
  0.12104313E+005  0.15129444E+006
  0.12112385E+005  0.15114888E+006
  0.12120462E+005  0.15100324E+006
  0.12128545E+005  0.15085754E+006
  0.12136633E+005  0.15071177E+006
  0.12144727E+005  0.15056593E+006
  0.12152826E+005  0.15042002E+006
  0.12160930E+005  0.15027404E+006
  0.12169040E+005  0.15012799E+006
  0.12177155E+005  0.14998188E+006
  0.12185275E+005  0.14983570E+006
  0.12193401E+005  0.14968945E+006
  0.12201533E+005  0.14954314E+006
  0.12209670E+005  0.14939677E+006
  0.12217812E+005  0.14925033E+006
  0.12225959E+005  0.14910383E+006
  0.12234113E+005  0.14895727E+006
  0.12242271E+005  0.14881064E+006
  0.12250435E+005  0.14866395E+006
  0.12258604E+005  0.14851721E+006
  0.12266779E+005  0.14837040E+006
  0.12274960E+005  0.14822354E+006
  0.12283145E+005  0.14807661E+006
  0.12291337E+005  0.14792963E+006
  0.12299533E+005  0.14778259E+006
  0.12307735E+005  0.14763549E+006
  0.12315943E+005  0.14748834E+006
  0.12324156E+005  0.14734113E+006
  0.12332375E+005  0.14719387E+006
  0.12340599E+005  0.14704655E+006
  0.12348828E+005  0.14689918E+006
  0.12357063E+005  0.14675176E+006
  0.12365304E+005  0.14660428E+006
  0.12373550E+005  0.14645675E+006
  0.12381801E+005  0.14630917E+006
  0.12390058E+005  0.14616154E+006
  0.12398321E+005  0.14601387E+006
  0.12406589E+005  0.14586614E+006
  0.12414862E+005  0.14571836E+006
  0.12423141E+005  0.14557053E+006
  0.12431426E+005  0.14542266E+006
  0.12439716E+005  0.14527474E+006
  0.12448012E+005  0.14512678E+006
  0.12456313E+005  0.14497876E+006
  0.12464620E+005  0.14483071E+006
  0.12472932E+005  0.14468261E+006
  0.12481250E+005  0.14453446E+006
  0.12489573E+005  0.14438627E+006
  0.12497902E+005  0.14423804E+006
  0.12506236E+005  0.14408977E+006
  0.12514576E+005  0.14394146E+006
  0.12522922E+005  0.14379310E+006
  0.12531273E+005  0.14364471E+006
  0.12539630E+005  0.14349627E+006
  0.12547992E+005  0.14334780E+006
  0.12556360E+005  0.14319929E+006
  0.12564733E+005  0.14305074E+006
  0.12573112E+005  0.14290215E+006
  0.12581497E+005  0.14275353E+006
  0.12589887E+005  0.14260487E+006
  0.12598283E+005  0.14245617E+006
  0.12606684E+005  0.14230744E+006
  0.12615091E+005  0.14215868E+006
  0.12623504E+005  0.14200988E+006
  0.12631922E+005  0.14186105E+006
  0.12640346E+005  0.14171218E+006
  0.12648775E+005  0.14156329E+006
  0.12657210E+005  0.14141436E+006
  0.12665651E+005  0.14126540E+006
  0.12674097E+005  0.14111642E+006
  0.12682549E+005  0.14096740E+006
  0.12691007E+005  0.14081835E+006
  0.12699470E+005  0.14066928E+006
  0.12707939E+005  0.14052017E+006
  0.12716413E+005  0.14037104E+006
  0.12724893E+005  0.14022189E+006
  0.12733379E+005  0.14007270E+006
  0.12741871E+005  0.13992350E+006
  0.12750368E+005  0.13977426E+006
  0.12758871E+005  0.13962500E+006
  0.12767379E+005  0.13947572E+006
  0.12775893E+005  0.13932642E+006
  0.12784413E+005  0.13917709E+006
  0.12792938E+005  0.13902774E+006
  0.12801470E+005  0.13887837E+006
  0.12810007E+005  0.13872897E+006
  0.12818549E+005  0.13857956E+006
  0.12827097E+005  0.13843013E+006
  0.12835651E+005  0.13828068E+006
  0.12844211E+005  0.13813120E+006
  0.12852776E+005  0.13798171E+006
  0.12861347E+005  0.13783221E+006
  0.12869924E+005  0.13768268E+006
  0.12878507E+005  0.13753314E+006
  0.12887095E+005  0.13738358E+006
  0.12895689E+005  0.13723401E+006
  0.12904289E+005  0.13708442E+006
  0.12912894E+005  0.13693482E+006
  0.12921505E+005  0.13678521E+006
  0.12930122E+005  0.13663558E+006
  0.12938745E+005  0.13648594E+006
  0.12947373E+005  0.13633628E+006
  0.12956007E+005  0.13618662E+006
  0.12964647E+005  0.13603694E+006
  0.12973293E+005  0.13588725E+006
  0.12981945E+005  0.13573755E+006
  0.12990602E+005  0.13558785E+006
  0.12999265E+005  0.13543813E+006
  0.13007934E+005  0.13528841E+006
  0.13016608E+005  0.13513868E+006
  0.13025288E+005  0.13498894E+006
  0.13033975E+005  0.13483919E+006
  0.13042667E+005  0.13468944E+006
  0.13051364E+005  0.13453968E+006
  0.13060068E+005  0.13438992E+006
  0.13068777E+005  0.13424015E+006
  0.13077492E+005  0.13409038E+006
  0.13086213E+005  0.13394060E+006
  0.13094940E+005  0.13379082E+006
  0.13103673E+005  0.13364104E+006
  0.13112411E+005  0.13349126E+006
  0.13121155E+005  0.13334147E+006
  0.13129905E+005  0.13319168E+006
  0.13138661E+005  0.13304190E+006
  0.13147423E+005  0.13289211E+006
  0.13156190E+005  0.13274232E+006
  0.13164964E+005  0.13259254E+006
  0.13173743E+005  0.13244276E+006
  0.13182528E+005  0.13229297E+006
  0.13191319E+005  0.13214320E+006
  0.13200116E+005  0.13199342E+006
  0.13208919E+005  0.13184365E+006
  0.13217727E+005  0.13169388E+006
  0.13226542E+005  0.13154412E+006
  0.13235362E+005  0.13139436E+006
  0.13244188E+005  0.13124461E+006
  0.13253021E+005  0.13109486E+006
  0.13261859E+005  0.13094512E+006
  0.13270702E+005  0.13079539E+006
  0.13279552E+005  0.13064566E+006
  0.13288408E+005  0.13049595E+006
  0.13297270E+005  0.13034624E+006
  0.13306137E+005  0.13019654E+006
  0.13315010E+005  0.13004685E+006
  0.13323890E+005  0.12989717E+006
  0.13332775E+005  0.12974750E+006
  0.13341666E+005  0.12959785E+006
  0.13350563E+005  0.12944820E+006
  0.13359466E+005  0.12929857E+006
  0.13368375E+005  0.12914895E+006
  0.13377290E+005  0.12899934E+006
  0.13386211E+005  0.12884975E+006
  0.13395138E+005  0.12870017E+006
  0.13404071E+005  0.12855060E+006
  0.13413009E+005  0.12840105E+006
  0.13421954E+005  0.12825152E+006
  0.13430905E+005  0.12810200E+006
  0.13439861E+005  0.12795249E+006
  0.13448824E+005  0.12780301E+006
  0.13457793E+005  0.12765354E+006
  0.13466767E+005  0.12750409E+006
  0.13475748E+005  0.12735466E+006
  0.13484734E+005  0.12720525E+006
  0.13493727E+005  0.12705585E+006
  0.13502725E+005  0.12690648E+006
  0.13511730E+005  0.12675713E+006
  0.13520740E+005  0.12660780E+006
  0.13529757E+005  0.12645849E+006
  0.13538779E+005  0.12630920E+006
  0.13547808E+005  0.12615993E+006
  0.13556843E+005  0.12601068E+006
  0.13565883E+005  0.12586146E+006
  0.13574930E+005  0.12571226E+006
  0.13583982E+005  0.12556309E+006
  0.13593041E+005  0.12541394E+006
  0.13602106E+005  0.12526482E+006
  0.13611177E+005  0.12511572E+006
  0.13620254E+005  0.12496665E+006
  0.13629336E+005  0.12481760E+006
  0.13638425E+005  0.12466858E+006
  0.13647520E+005  0.12451959E+006
  0.13656621E+005  0.12437062E+006
  0.13665729E+005  0.12422168E+006
  0.13674842E+005  0.12407278E+006
  0.13683961E+005  0.12392390E+006
  0.13693086E+005  0.12377505E+006
  0.13702218E+005  0.12362623E+006
  0.13711355E+005  0.12347744E+006
  0.13720499E+005  0.12332868E+006
  0.13729649E+005  0.12317995E+006
  0.13738805E+005  0.12303125E+006
  0.13747967E+005  0.12288259E+006
  0.13757135E+005  0.12273396E+006
  0.13766309E+005  0.12258536E+006
  0.13775489E+005  0.12243680E+006
  0.13784676E+005  0.12228827E+006
  0.13793868E+005  0.12213977E+006
  0.13803067E+005  0.12199131E+006
  0.13812272E+005  0.12184288E+006
  0.13821483E+005  0.12169449E+006
  0.13830700E+005  0.12154614E+006
  0.13839923E+005  0.12139782E+006
  0.13849152E+005  0.12124954E+006
  0.13858388E+005  0.12110129E+006
  0.13867630E+005  0.12095309E+006
  0.13876877E+005  0.12080492E+006
  0.13886131E+005  0.12065679E+006
  0.13895392E+005  0.12050870E+006
  0.13904658E+005  0.12036065E+006
  0.13913931E+005  0.12021264E+006
  0.13923209E+005  0.12006467E+006
  0.13932494E+005  0.11991674E+006
  0.13941785E+005  0.11976885E+006
  0.13951083E+005  0.11962100E+006
  0.13960386E+005  0.11947319E+006
  0.13969696E+005  0.11932543E+006
  0.13979012E+005  0.11917771E+006
  0.13988334E+005  0.11903003E+006
  0.13997662E+005  0.11888240E+006
  0.14006997E+005  0.11873481E+006
  0.14016338E+005  0.11858726E+006
  0.14025685E+005  0.11843976E+006
  0.14035038E+005  0.11829231E+006
  0.14044397E+005  0.11814490E+006
  0.14053763E+005  0.11799754E+006
  0.14063135E+005  0.11785022E+006
  0.14072513E+005  0.11770295E+006
  0.14081898E+005  0.11755573E+006
  0.14091289E+005  0.11740855E+006
  0.14100686E+005  0.11726142E+006
  0.14110089E+005  0.11711434E+006
  0.14119498E+005  0.11696731E+006
  0.14128914E+005  0.11682033E+006
  0.14138336E+005  0.11667340E+006
  0.14147765E+005  0.11652652E+006
  0.14157199E+005  0.11637969E+006
  0.14166640E+005  0.11623291E+006
  0.14176088E+005  0.11608618E+006
  0.14185541E+005  0.11593950E+006
  0.14195001E+005  0.11579287E+006
  0.14204467E+005  0.11564630E+006
  0.14213940E+005  0.11549978E+006
  0.14223419E+005  0.11535331E+006
  0.14232904E+005  0.11520690E+006
  0.14242395E+005  0.11506054E+006
  0.14251893E+005  0.11491423E+006
  0.14261397E+005  0.11476798E+006
  0.14270908E+005  0.11462178E+006
  0.14280424E+005  0.11447564E+006
  0.14289947E+005  0.11432955E+006
  0.14299477E+005  0.11418352E+006
  0.14309013E+005  0.11403755E+006
  0.14318555E+005  0.11389163E+006
  0.14328104E+005  0.11374578E+006
  0.14337658E+005  0.11359997E+006
  0.14347220E+005  0.11345423E+006
  0.14356787E+005  0.11330854E+006
  0.14366362E+005  0.11316292E+006
  0.14375942E+005  0.11301735E+006
  0.14385529E+005  0.11287184E+006
  0.14395122E+005  0.11272639E+006
  0.14404722E+005  0.11258100E+006
  0.14414328E+005  0.11243567E+006
  0.14423940E+005  0.11229040E+006
  0.14433559E+005  0.11214520E+006
  0.14443184E+005  0.11200005E+006
  0.14452816E+005  0.11185497E+006
  0.14462454E+005  0.11170995E+006
  0.14472099E+005  0.11156499E+006
  0.14481750E+005  0.11142009E+006
  0.14491407E+005  0.11127526E+006
  0.14501071E+005  0.11113049E+006
  0.14510741E+005  0.11098579E+006
  0.14520418E+005  0.11084114E+006
  0.14530101E+005  0.11069657E+006
  0.14539791E+005  0.11055206E+006
  0.14549487E+005  0.11040761E+006
  0.14559189E+005  0.11026323E+006
  0.14568898E+005  0.11011892E+006
  0.14578614E+005  0.10997467E+006
  0.14588336E+005  0.10983049E+006
  0.14598064E+005  0.10968637E+006
  0.14607799E+005  0.10954233E+006
  0.14617541E+005  0.10939835E+006
  0.14627289E+005  0.10925443E+006
  0.14637043E+005  0.10911059E+006
  0.14646804E+005  0.10896682E+006
  0.14656572E+005  0.10882311E+006
  0.14666345E+005  0.10867948E+006
  0.14676126E+005  0.10853591E+006
  0.14685913E+005  0.10839241E+006
  0.14695707E+005  0.10824899E+006
  0.14705507E+005  0.10810563E+006
  0.14715313E+005  0.10796235E+006
  0.14725126E+005  0.10781913E+006
  0.14734946E+005  0.10767599E+006
  0.14744772E+005  0.10753292E+006
  0.14754605E+005  0.10738992E+006
  0.14764444E+005  0.10724700E+006
  0.14774290E+005  0.10710414E+006
  0.14784143E+005  0.10696136E+006
  0.14794002E+005  0.10681866E+006
  0.14803868E+005  0.10667603E+006
  0.14813740E+005  0.10653347E+006
  0.14823619E+005  0.10639099E+006
  0.14833504E+005  0.10624858E+006
  0.14843396E+005  0.10610624E+006
  0.14853294E+005  0.10596398E+006
  0.14863200E+005  0.10582180E+006
  0.14873111E+005  0.10567969E+006
  0.14883030E+005  0.10553766E+006
  0.14892955E+005  0.10539571E+006
  0.14902886E+005  0.10525383E+006
  0.14912825E+005  0.10511203E+006
  0.14922770E+005  0.10497031E+006
  0.14932721E+005  0.10482866E+006
  0.14942679E+005  0.10468710E+006
  0.14952644E+005  0.10454561E+006
  0.14962615E+005  0.10440420E+006
  0.14972593E+005  0.10426286E+006
  0.14982578E+005  0.10412161E+006
  0.14992570E+005  0.10398044E+006
  0.15002568E+005  0.10383935E+006
  0.15012572E+005  0.10369833E+006
  0.15022584E+005  0.10355740E+006
  0.15032602E+005  0.10341655E+006
  0.15042626E+005  0.10327578E+006
  0.15052658E+005  0.10313509E+006
  0.15062696E+005  0.10299448E+006
  0.15072741E+005  0.10285395E+006
  0.15082792E+005  0.10271351E+006
  0.15092851E+005  0.10257315E+006
  0.15102915E+005  0.10243287E+006
  0.15112987E+005  0.10229267E+006
  0.15123065E+005  0.10215256E+006
  0.15133151E+005  0.10201253E+006
  0.15143242E+005  0.10187258E+006
  0.15153341E+005  0.10173272E+006
  0.15163446E+005  0.10159294E+006
  0.15173558E+005  0.10145325E+006
  0.15183677E+005  0.10131364E+006
  0.15193802E+005  0.10117412E+006
  0.15203935E+005  0.10103468E+006
  0.15214074E+005  0.10089533E+006
  0.15224219E+005  0.10075606E+006
  0.15234372E+005  0.10061688E+006
  0.15244531E+005  0.10047778E+006
  0.15254697E+005  0.10033878E+006
  0.15264870E+005  0.10019986E+006
  0.15275050E+005  0.10006102E+006
  0.15285236E+005  0.99922276E+005
  0.15295429E+005  0.99783618E+005
  0.15305629E+005  0.99645047E+005
  0.15315836E+005  0.99506565E+005
  0.15326050E+005  0.99368172E+005
  0.15336270E+005  0.99229866E+005
  0.15346497E+005  0.99091650E+005
  0.15356732E+005  0.98953524E+005
  0.15366972E+005  0.98815486E+005
  0.15377220E+005  0.98677539E+005
  0.15387475E+005  0.98539681E+005
  0.15397736E+005  0.98401913E+005
  0.15408004E+005  0.98264236E+005
  0.15418279E+005  0.98126650E+005
  0.15428561E+005  0.97989155E+005
  0.15438850E+005  0.97851751E+005
  0.15449146E+005  0.97714438E+005
  0.15459448E+005  0.97577217E+005
  0.15469758E+005  0.97440088E+005
  0.15480074E+005  0.97303051E+005
  0.15490397E+005  0.97166106E+005
  0.15500727E+005  0.97029255E+005
  0.15511064E+005  0.96892496E+005
  0.15521408E+005  0.96755830E+005
  0.15531759E+005  0.96619257E+005
  0.15542116E+005  0.96482778E+005
  0.15552481E+005  0.96346393E+005
  0.15562852E+005  0.96210102E+005
  0.15573231E+005  0.96073905E+005
  0.15583616E+005  0.95937802E+005
  0.15594008E+005  0.95801795E+005
  0.15604407E+005  0.95665882E+005
  0.15614813E+005  0.95530064E+005
  0.15625226E+005  0.95394342E+005
  0.15635646E+005  0.95258716E+005
  0.15646073E+005  0.95123185E+005
  0.15656507E+005  0.94987750E+005
  0.15666948E+005  0.94852412E+005
  0.15677395E+005  0.94717170E+005
  0.15687850E+005  0.94582025E+005
  0.15698312E+005  0.94446977E+005
  0.15708781E+005  0.94312025E+005
  0.15719256E+005  0.94177172E+005
  0.15729739E+005  0.94042416E+005
  0.15740228E+005  0.93907757E+005
  0.15750725E+005  0.93773197E+005
  0.15761229E+005  0.93638735E+005
  0.15771739E+005  0.93504371E+005
  0.15782257E+005  0.93370106E+005
  0.15792782E+005  0.93235940E+005
  0.15803313E+005  0.93101873E+005
  0.15813852E+005  0.92967905E+005
  0.15824398E+005  0.92834037E+005
  0.15834951E+005  0.92700268E+005
  0.15845510E+005  0.92566600E+005
  0.15856077E+005  0.92433031E+005
  0.15866651E+005  0.92299562E+005
  0.15877232E+005  0.92166194E+005
  0.15887820E+005  0.92032927E+005
  0.15898415E+005  0.91899761E+005
  0.15909017E+005  0.91766695E+005
  0.15919626E+005  0.91633731E+005
  0.15930243E+005  0.91500869E+005
  0.15940866E+005  0.91368108E+005
  0.15951496E+005  0.91235449E+005
  0.15962134E+005  0.91102892E+005
  0.15972779E+005  0.90970437E+005
  0.15983430E+005  0.90838085E+005
  0.15994089E+005  0.90705835E+005
  0.16004755E+005  0.90573688E+005
  0.16015428E+005  0.90441644E+005
  0.16026108E+005  0.90309703E+005
  0.16036796E+005  0.90177866E+005
  0.16047490E+005  0.90046132E+005
  0.16058191E+005  0.89914502E+005
  0.16068900E+005  0.89782976E+005
  0.16079616E+005  0.89651554E+005
  0.16090339E+005  0.89520236E+005
  0.16101069E+005  0.89389022E+005
  0.16111806E+005  0.89257914E+005
  0.16122551E+005  0.89126910E+005
  0.16133302E+005  0.88996011E+005
  0.16144061E+005  0.88865217E+005
  0.16154827E+005  0.88734529E+005
  0.16165600E+005  0.88603946E+005
  0.16176380E+005  0.88473469E+005
  0.16187168E+005  0.88343098E+005
  0.16197963E+005  0.88212832E+005
  0.16208764E+005  0.88082673E+005
  0.16219574E+005  0.87952621E+005
  0.16230390E+005  0.87822674E+005
  0.16241213E+005  0.87692835E+005
  0.16252044E+005  0.87563103E+005
  0.16262882E+005  0.87433477E+005
  0.16273727E+005  0.87303959E+005
  0.16284580E+005  0.87174548E+005
  0.16295439E+005  0.87045244E+005
  0.16306306E+005  0.86916049E+005
  0.16317180E+005  0.86786961E+005
  0.16328062E+005  0.86657981E+005
  0.16338950E+005  0.86529110E+005
  0.16349846E+005  0.86400346E+005
  0.16360749E+005  0.86271691E+005
  0.16371660E+005  0.86143145E+005
  0.16382578E+005  0.86014708E+005
  0.16393503E+005  0.85886380E+005
  0.16404435E+005  0.85758160E+005
  0.16415374E+005  0.85630050E+005
  0.16426321E+005  0.85502050E+005
  0.16437275E+005  0.85374159E+005
  0.16448237E+005  0.85246378E+005
  0.16459206E+005  0.85118706E+005
  0.16470182E+005  0.84991145E+005
  0.16481165E+005  0.84863694E+005
  0.16492156E+005  0.84736353E+005
  0.16503154E+005  0.84609122E+005
  0.16514159E+005  0.84482002E+005
  0.16525172E+005  0.84354993E+005
  0.16536192E+005  0.84228095E+005
  0.16547220E+005  0.84101308E+005
  0.16558254E+005  0.83974632E+005
  0.16569297E+005  0.83848067E+005
  0.16580346E+005  0.83721614E+005
  0.16591403E+005  0.83595272E+005
  0.16602467E+005  0.83469042E+005
  0.16613539E+005  0.83342924E+005
  0.16624618E+005  0.83216918E+005
  0.16635704E+005  0.83091024E+005
  0.16646798E+005  0.82965242E+005
  0.16657899E+005  0.82839573E+005
  0.16669008E+005  0.82714016E+005
  0.16680124E+005  0.82588572E+005
  0.16691247E+005  0.82463241E+005
  0.16702378E+005  0.82338023E+005
  0.16713516E+005  0.82212917E+005
  0.16724662E+005  0.82087925E+005
  0.16735815E+005  0.81963046E+005
  0.16746976E+005  0.81838281E+005
  0.16758144E+005  0.81713629E+005
  0.16769319E+005  0.81589091E+005
  0.16780502E+005  0.81464667E+005
  0.16791692E+005  0.81340356E+005
  0.16802890E+005  0.81216160E+005
  0.16814096E+005  0.81092078E+005
  0.16825308E+005  0.80968110E+005
  0.16836529E+005  0.80844257E+005
  0.16847756E+005  0.80720518E+005
  0.16858992E+005  0.80596893E+005
  0.16870234E+005  0.80473384E+005
  0.16881484E+005  0.80349989E+005
  0.16892742E+005  0.80226710E+005
  0.16904007E+005  0.80103545E+005
  0.16915280E+005  0.79980496E+005
  0.16926560E+005  0.79857562E+005
  0.16937848E+005  0.79734743E+005
  0.16949143E+005  0.79612041E+005
  0.16960446E+005  0.79489453E+005
  0.16971757E+005  0.79366982E+005
  0.16983074E+005  0.79244626E+005
  0.16994400E+005  0.79122387E+005
  0.17005733E+005  0.79000263E+005
  0.17017073E+005  0.78878256E+005
  0.17028422E+005  0.78756365E+005
  0.17039777E+005  0.78634590E+005
  0.17051140E+005  0.78512932E+005
  0.17062511E+005  0.78391391E+005
  0.17073890E+005  0.78269966E+005
  0.17085276E+005  0.78148658E+005
  0.17096669E+005  0.78027468E+005
  0.17108071E+005  0.77906394E+005
  0.17119479E+005  0.77785437E+005
  0.17130896E+005  0.77664597E+005
  0.17142320E+005  0.77543875E+005
  0.17153751E+005  0.77423271E+005
  0.17165191E+005  0.77302783E+005
  0.17176638E+005  0.77182414E+005
  0.17188092E+005  0.77062162E+005
  0.17199554E+005  0.76942028E+005
  0.17211024E+005  0.76822011E+005
  0.17222502E+005  0.76702113E+005
  0.17233987E+005  0.76582333E+005
  0.17245479E+005  0.76462671E+005
  0.17256980E+005  0.76343127E+005
  0.17268488E+005  0.76223702E+005
  0.17280004E+005  0.76104395E+005
  0.17291527E+005  0.75985206E+005
  0.17303058E+005  0.75866136E+005
  0.17314597E+005  0.75747185E+005
  0.17326144E+005  0.75628353E+005
  0.17337698E+005  0.75509639E+005
  0.17349260E+005  0.75391044E+005
  0.17360830E+005  0.75272569E+005
  0.17372407E+005  0.75154212E+005
  0.17383992E+005  0.75035975E+005
  0.17395585E+005  0.74917857E+005
  0.17407185E+005  0.74799858E+005
  0.17418794E+005  0.74681979E+005
  0.17430410E+005  0.74564219E+005
  0.17442033E+005  0.74446579E+005
  0.17453665E+005  0.74329058E+005
  0.17465304E+005  0.74211658E+005
  0.17476951E+005  0.74094377E+005
  0.17488606E+005  0.73977215E+005
  0.17500269E+005  0.73860174E+005
  0.17511939E+005  0.73743253E+005
  0.17523617E+005  0.73626452E+005
  0.17535303E+005  0.73509771E+005
  0.17546997E+005  0.73393210E+005
  0.17558698E+005  0.73276770E+005
  0.17570407E+005  0.73160450E+005
  0.17582125E+005  0.73044250E+005
  0.17593849E+005  0.72928171E+005
  0.17605582E+005  0.72812213E+005
  0.17617323E+005  0.72696375E+005
  0.17629071E+005  0.72580658E+005
  0.17640827E+005  0.72465062E+005
  0.17652592E+005  0.72349586E+005
  0.17664363E+005  0.72234231E+005
  0.17676143E+005  0.72118998E+005
  0.17687931E+005  0.72003885E+005
  0.17699726E+005  0.71888894E+005
  0.17711530E+005  0.71774023E+005
  0.17723341E+005  0.71659274E+005
  0.17735160E+005  0.71544646E+005
  0.17746987E+005  0.71430140E+005
  0.17758822E+005  0.71315754E+005
  0.17770665E+005  0.71201491E+005
  0.17782515E+005  0.71087348E+005
  0.17794374E+005  0.70973327E+005
  0.17806240E+005  0.70859428E+005
  0.17818115E+005  0.70745651E+005
  0.17829997E+005  0.70631995E+005
  0.17841887E+005  0.70518461E+005
  0.17853785E+005  0.70405049E+005
  0.17865692E+005  0.70291758E+005
  0.17877606E+005  0.70178590E+005
  0.17889528E+005  0.70065543E+005
  0.17901458E+005  0.69952619E+005
  0.17913395E+005  0.69839816E+005
  0.17925341E+005  0.69727136E+005
  0.17937295E+005  0.69614578E+005
  0.17949257E+005  0.69502142E+005
  0.17961227E+005  0.69389828E+005
  0.17973204E+005  0.69277637E+005
  0.17985190E+005  0.69165568E+005
  0.17997184E+005  0.69053621E+005
  0.18009186E+005  0.68941797E+005
  0.18021195E+005  0.68830095E+005
  0.18033213E+005  0.68718516E+005
  0.18045239E+005  0.68607059E+005
  0.18057273E+005  0.68495725E+005
  0.18069314E+005  0.68384513E+005
  0.18081364E+005  0.68273424E+005
  0.18093422E+005  0.68162458E+005
  0.18105488E+005  0.68051615E+005
  0.18117562E+005  0.67940894E+005
  0.18129644E+005  0.67830296E+005
  0.18141734E+005  0.67719821E+005
  0.18153832E+005  0.67609469E+005
  0.18165938E+005  0.67499240E+005
  0.18178052E+005  0.67389134E+005
  0.18190175E+005  0.67279151E+005
  0.18202305E+005  0.67169290E+005
  0.18214444E+005  0.67059553E+005
  0.18226590E+005  0.66949939E+005
  0.18238745E+005  0.66840448E+005
  0.18250908E+005  0.66731080E+005
  0.18263079E+005  0.66621836E+005
  0.18275258E+005  0.66512714E+005
  0.18287445E+005  0.66403716E+005
  0.18299640E+005  0.66294841E+005
  0.18311844E+005  0.66186089E+005
  0.18324055E+005  0.66077461E+005
  0.18336275E+005  0.65968956E+005
  0.18348503E+005  0.65860574E+005
  0.18360739E+005  0.65752316E+005
  0.18372983E+005  0.65644181E+005
  0.18385235E+005  0.65536169E+005
  0.18397496E+005  0.65428281E+005
  0.18409764E+005  0.65320517E+005
  0.18422041E+005  0.65212876E+005
  0.18434326E+005  0.65105358E+005
  0.18446620E+005  0.64997964E+005
  0.18458921E+005  0.64890694E+005
  0.18471231E+005  0.64783547E+005
  0.18483549E+005  0.64676524E+005
  0.18495875E+005  0.64569624E+005
  0.18508209E+005  0.64462848E+005
  0.18520551E+005  0.64356196E+005
  0.18532902E+005  0.64249667E+005
  0.18545261E+005  0.64143262E+005
  0.18557628E+005  0.64036981E+005
  0.18570004E+005  0.63930823E+005
  0.18582388E+005  0.63824789E+005
  0.18594780E+005  0.63718879E+005
  0.18607180E+005  0.63613093E+005
  0.18619588E+005  0.63507430E+005
  0.18632005E+005  0.63401891E+005
  0.18644430E+005  0.63296476E+005
  0.18656863E+005  0.63191184E+005
  0.18669305E+005  0.63086017E+005
  0.18681755E+005  0.62980973E+005
  0.18694213E+005  0.62876053E+005
  0.18706680E+005  0.62771257E+005
  0.18719155E+005  0.62666585E+005
  0.18731638E+005  0.62562036E+005
  0.18744129E+005  0.62457612E+005
  0.18756629E+005  0.62353311E+005
  0.18769137E+005  0.62249134E+005
  0.18781654E+005  0.62145081E+005
  0.18794179E+005  0.62041152E+005
  0.18806712E+005  0.61937346E+005
  0.18819254E+005  0.61833665E+005
  0.18831803E+005  0.61730107E+005
  0.18844362E+005  0.61626673E+005
  0.18856928E+005  0.61523363E+005
  0.18869503E+005  0.61420177E+005
  0.18882087E+005  0.61317115E+005
  0.18894679E+005  0.61214177E+005
  0.18907279E+005  0.61111363E+005
  0.18919888E+005  0.61008672E+005
  0.18932505E+005  0.60906105E+005
  0.18945130E+005  0.60803663E+005
  0.18957764E+005  0.60701344E+005
  0.18970406E+005  0.60599148E+005
  0.18983057E+005  0.60497077E+005
  0.18995716E+005  0.60395130E+005
  0.19008384E+005  0.60293306E+005
  0.19021060E+005  0.60191606E+005
  0.19033744E+005  0.60090031E+005
  0.19046437E+005  0.59988578E+005
  0.19059139E+005  0.59887250E+005
  0.19071849E+005  0.59786046E+005
  0.19084567E+005  0.59684965E+005
  0.19097294E+005  0.59584008E+005
  0.19110029E+005  0.59483175E+005
  0.19122773E+005  0.59382466E+005
  0.19135525E+005  0.59281880E+005
  0.19148286E+005  0.59181418E+005
  0.19161056E+005  0.59081080E+005
  0.19173834E+005  0.58980866E+005
  0.19186620E+005  0.58880775E+005
  0.19199415E+005  0.58780808E+005
  0.19212218E+005  0.58680964E+005
  0.19225030E+005  0.58581245E+005
  0.19237851E+005  0.58481649E+005
  0.19250680E+005  0.58382176E+005
  0.19263518E+005  0.58282828E+005
  0.19276364E+005  0.58183602E+005
  0.19289219E+005  0.58084501E+005
  0.19302082E+005  0.57985523E+005
  0.19314954E+005  0.57886668E+005
  0.19327834E+005  0.57787938E+005
  0.19340723E+005  0.57689330E+005
  0.19353621E+005  0.57590846E+005
  0.19366527E+005  0.57492486E+005
  0.19379442E+005  0.57394249E+005
  0.19392366E+005  0.57296135E+005
  0.19405298E+005  0.57198145E+005
  0.19418239E+005  0.57100279E+005
  0.19431188E+005  0.57002535E+005
  0.19444146E+005  0.56904915E+005
  0.19457113E+005  0.56807419E+005
  0.19470088E+005  0.56710045E+005
  0.19483072E+005  0.56612795E+005
  0.19496065E+005  0.56515668E+005
  0.19509066E+005  0.56418665E+005
  0.19522076E+005  0.56321784E+005
  0.19535094E+005  0.56225027E+005
  0.19548122E+005  0.56128393E+005
  0.19561158E+005  0.56031882E+005
  0.19574202E+005  0.55935494E+005
  0.19587256E+005  0.55839229E+005
  0.19600318E+005  0.55743088E+005
  0.19613389E+005  0.55647069E+005
  0.19626468E+005  0.55551173E+005
  0.19639556E+005  0.55455400E+005
  0.19652653E+005  0.55359750E+005
  0.19665759E+005  0.55264224E+005
  0.19678873E+005  0.55168819E+005
  0.19691997E+005  0.55073538E+005
  0.19705129E+005  0.54978380E+005
  0.19718269E+005  0.54883344E+005
  0.19731419E+005  0.54788431E+005
  0.19744577E+005  0.54693641E+005
  0.19757744E+005  0.54598973E+005
  0.19770920E+005  0.54504428E+005
  0.19784104E+005  0.54410006E+005
  0.19797298E+005  0.54315706E+005
  0.19810500E+005  0.54221529E+005
  0.19823711E+005  0.54127474E+005
  0.19836931E+005  0.54033542E+005
  0.19850159E+005  0.53939732E+005
  0.19863397E+005  0.53846045E+005
  0.19876643E+005  0.53752479E+005
  0.19889898E+005  0.53659037E+005
  0.19903162E+005  0.53565716E+005
  0.19916435E+005  0.53472518E+005
  0.19929716E+005  0.53379442E+005
  0.19943007E+005  0.53286488E+005
  0.19956306E+005  0.53193656E+005
  0.19969614E+005  0.53100946E+005
  0.19982931E+005  0.53008359E+005
  0.19996257E+005  0.52915893E+005
  0.20009592E+005  0.52823549E+005
  0.20022936E+005  0.52731327E+005
  0.20036288E+005  0.52639227E+005
  0.20049650E+005  0.52547249E+005
  0.20063020E+005  0.52455393E+005
  0.20076400E+005  0.52363658E+005
  0.20089788E+005  0.52272045E+005
  0.20103185E+005  0.52180554E+005
  0.20116591E+005  0.52089184E+005
  0.20130006E+005  0.51997936E+005
  0.20143430E+005  0.51906810E+005
  0.20156863E+005  0.51815805E+005
  0.20170305E+005  0.51724921E+005
  0.20183756E+005  0.51634159E+005
  0.20197216E+005  0.51543518E+005
  0.20210685E+005  0.51452998E+005
  0.20224163E+005  0.51362600E+005
  0.20237650E+005  0.51272323E+005
  0.20251145E+005  0.51182166E+005
  0.20264650E+005  0.51092131E+005
  0.20278164E+005  0.51002218E+005
  0.20291687E+005  0.50912425E+005
  0.20305219E+005  0.50822753E+005
  0.20318760E+005  0.50733201E+005
  0.20332310E+005  0.50643771E+005
  0.20345869E+005  0.50554462E+005
  0.20359436E+005  0.50465273E+005
  0.20373014E+005  0.50376205E+005
  0.20386600E+005  0.50287258E+005
  0.20400195E+005  0.50198431E+005
  0.20413799E+005  0.50109724E+005
  0.20427412E+005  0.50021139E+005
  0.20441035E+005  0.49932673E+005
  0.20454666E+005  0.49844328E+005
  0.20468307E+005  0.49756104E+005
  0.20481956E+005  0.49667999E+005
  0.20495615E+005  0.49580015E+005
  0.20509283E+005  0.49492151E+005
  0.20522960E+005  0.49404407E+005
  0.20536646E+005  0.49316783E+005
  0.20550341E+005  0.49229279E+005
  0.20564045E+005  0.49141895E+005
  0.20577759E+005  0.49054631E+005
  0.20591481E+005  0.48967486E+005
  0.20605213E+005  0.48880462E+005
  0.20618954E+005  0.48793557E+005
  0.20632704E+005  0.48706772E+005
  0.20646464E+005  0.48620106E+005
  0.20660232E+005  0.48533560E+005
  0.20674010E+005  0.48447133E+005
  0.20687796E+005  0.48360826E+005
  0.20701592E+005  0.48274638E+005
  0.20715398E+005  0.48188569E+005
  0.20729212E+005  0.48102620E+005
  0.20743036E+005  0.48016790E+005
  0.20756868E+005  0.47931078E+005
  0.20770711E+005  0.47845486E+005
  0.20784562E+005  0.47760013E+005
  0.20798422E+005  0.47674659E+005
  0.20812292E+005  0.47589423E+005
  0.20826171E+005  0.47504307E+005
  0.20840059E+005  0.47419309E+005
  0.20853957E+005  0.47334429E+005
  0.20867864E+005  0.47249669E+005
  0.20881780E+005  0.47165027E+005
  0.20895705E+005  0.47080503E+005
  0.20909640E+005  0.46996098E+005
  0.20923584E+005  0.46911811E+005
  0.20937537E+005  0.46827642E+005
  0.20951500E+005  0.46743592E+005
  0.20965471E+005  0.46659659E+005
  0.20979453E+005  0.46575845E+005
  0.20993443E+005  0.46492149E+005
  0.21007443E+005  0.46408570E+005
  0.21021452E+005  0.46325110E+005
  0.21035471E+005  0.46241767E+005
  0.21049499E+005  0.46158542E+005
  0.21063536E+005  0.46075435E+005
  0.21077582E+005  0.45992445E+005
  0.21091638E+005  0.45909573E+005
  0.21105704E+005  0.45826818E+005
  0.21119778E+005  0.45744181E+005
  0.21133862E+005  0.45661661E+005
  0.21147956E+005  0.45579258E+005
  0.21162059E+005  0.45496973E+005
  0.21176171E+005  0.45414804E+005
  0.21190293E+005  0.45332753E+005
  0.21204424E+005  0.45250819E+005
  0.21218564E+005  0.45169001E+005
  0.21232714E+005  0.45087300E+005
  0.21246874E+005  0.45005716E+005
  0.21261042E+005  0.44924249E+005
  0.21275221E+005  0.44842898E+005
  0.21289408E+005  0.44761664E+005
  0.21303606E+005  0.44680546E+005
  0.21317812E+005  0.44599545E+005
  0.21332028E+005  0.44518660E+005
  0.21346254E+005  0.44437891E+005
  0.21360489E+005  0.44357239E+005
  0.21374734E+005  0.44276702E+005
  0.21388988E+005  0.44196282E+005
  0.21403251E+005  0.44115977E+005
  0.21417525E+005  0.44035788E+005
  0.21431807E+005  0.43955715E+005
  0.21446099E+005  0.43875758E+005
  0.21460401E+005  0.43795917E+005
  0.21474712E+005  0.43716191E+005
  0.21489033E+005  0.43636580E+005
  0.21503363E+005  0.43557085E+005
  0.21517703E+005  0.43477705E+005
  0.21532053E+005  0.43398441E+005
  0.21546412E+005  0.43319291E+005
  0.21560780E+005  0.43240257E+005
  0.21575158E+005  0.43161338E+005
  0.21589546E+005  0.43082533E+005
  0.21603944E+005  0.43003844E+005
  0.21618351E+005  0.42925269E+005
  0.21632767E+005  0.42846809E+005
  0.21647193E+005  0.42768464E+005
  0.21661629E+005  0.42690233E+005
  0.21676074E+005  0.42612117E+005
  0.21690529E+005  0.42534115E+005
  0.21704994E+005  0.42456227E+005
  0.21719469E+005  0.42378454E+005
  0.21733953E+005  0.42300794E+005
  0.21748446E+005  0.42223249E+005
  0.21762949E+005  0.42145818E+005
  0.21777462E+005  0.42068501E+005
  0.21791985E+005  0.41991297E+005
  0.21806517E+005  0.41914207E+005
  0.21821060E+005  0.41837231E+005
  0.21835611E+005  0.41760369E+005
  0.21850173E+005  0.41683620E+005
  0.21864744E+005  0.41606984E+005
  0.21879325E+005  0.41530462E+005
  0.21893915E+005  0.41454052E+005
  0.21908516E+005  0.41377756E+005
  0.21923126E+005  0.41301574E+005
  0.21937745E+005  0.41225504E+005
  0.21952375E+005  0.41149547E+005
  0.21967014E+005  0.41073702E+005
  0.21981663E+005  0.40997971E+005
  0.21996322E+005  0.40922352E+005
  0.22010991E+005  0.40846846E+005
  0.22025669E+005  0.40771452E+005
  0.22040357E+005  0.40696171E+005
  0.22055055E+005  0.40621002E+005
  0.22069763E+005  0.40545945E+005
  0.22084481E+005  0.40471000E+005
  0.22099208E+005  0.40396168E+005
  0.22113945E+005  0.40321447E+005
  0.22128693E+005  0.40246838E+005
  0.22143449E+005  0.40172341E+005
  0.22158216E+005  0.40097956E+005
  0.22172993E+005  0.40023682E+005
  0.22187779E+005  0.39949520E+005
  0.22202575E+005  0.39875469E+005
  0.22217382E+005  0.39801530E+005
  0.22232198E+005  0.39727702E+005
  0.22247024E+005  0.39653985E+005
  0.22261859E+005  0.39580379E+005
  0.22276705E+005  0.39506884E+005
  0.22291561E+005  0.39433500E+005
  0.22306426E+005  0.39360227E+005
  0.22321302E+005  0.39287064E+005
  0.22336187E+005  0.39214013E+005
  0.22351082E+005  0.39141071E+005
  0.22365987E+005  0.39068241E+005
  0.22380902E+005  0.38995520E+005
  0.22395828E+005  0.38922910E+005
  0.22410763E+005  0.38850410E+005
  0.22425708E+005  0.38778020E+005
  0.22440662E+005  0.38705741E+005
  0.22455627E+005  0.38633571E+005
  0.22470602E+005  0.38561511E+005
  0.22485587E+005  0.38489560E+005
  0.22500582E+005  0.38417720E+005
  0.22515587E+005  0.38345989E+005
  0.22530602E+005  0.38274367E+005
  0.22545627E+005  0.38202855E+005
  0.22560662E+005  0.38131452E+005
  0.22575707E+005  0.38060158E+005
  0.22590762E+005  0.37988973E+005
  0.22605827E+005  0.37917897E+005
  0.22620902E+005  0.37846930E+005
  0.22635987E+005  0.37776072E+005
  0.22651082E+005  0.37705323E+005
  0.22666187E+005  0.37634682E+005
  0.22681303E+005  0.37564150E+005
  0.22696428E+005  0.37493726E+005
  0.22711564E+005  0.37423411E+005
  0.22726709E+005  0.37353204E+005
  0.22741865E+005  0.37283105E+005
  0.22757031E+005  0.37213114E+005
  0.22772207E+005  0.37143231E+005
  0.22787393E+005  0.37073456E+005
  0.22802589E+005  0.37003789E+005
  0.22817795E+005  0.36934229E+005
  0.22833011E+005  0.36864777E+005
  0.22848238E+005  0.36795433E+005
  0.22863475E+005  0.36726195E+005
  0.22878722E+005  0.36657066E+005
  0.22893979E+005  0.36588043E+005
  0.22909246E+005  0.36519127E+005
  0.22924523E+005  0.36450319E+005
  0.22939811E+005  0.36381617E+005
  0.22955109E+005  0.36313023E+005
  0.22970417E+005  0.36244535E+005
  0.22985735E+005  0.36176153E+005
  0.23001063E+005  0.36107878E+005
  0.23016402E+005  0.36039710E+005
  0.23031751E+005  0.35971648E+005
  0.23047110E+005  0.35903692E+005
  0.23062479E+005  0.35835842E+005
  0.23077859E+005  0.35768098E+005
  0.23093249E+005  0.35700461E+005
  0.23108649E+005  0.35632929E+005
  0.23124059E+005  0.35565503E+005
  0.23139480E+005  0.35498182E+005
  0.23154911E+005  0.35430967E+005
  0.23170352E+005  0.35363858E+005
  0.23185804E+005  0.35296854E+005
  0.23201266E+005  0.35229955E+005
  0.23216738E+005  0.35163161E+005
  0.23232220E+005  0.35096473E+005
  0.23247713E+005  0.35029889E+005
  0.23263216E+005  0.34963410E+005
  0.23278730E+005  0.34897036E+005
  0.23294253E+005  0.34830767E+005
  0.23309787E+005  0.34764602E+005
  0.23325332E+005  0.34698542E+005
  0.23340887E+005  0.34632586E+005
  0.23356452E+005  0.34566734E+005
  0.23372028E+005  0.34500987E+005
  0.23387614E+005  0.34435343E+005
  0.23403210E+005  0.34369804E+005
  0.23418817E+005  0.34304368E+005
  0.23434434E+005  0.34239036E+005
  0.23450062E+005  0.34173808E+005
  0.23465700E+005  0.34108683E+005
  0.23481349E+005  0.34043662E+005
  0.23497007E+005  0.33978744E+005
  0.23512677E+005  0.33913930E+005
  0.23528357E+005  0.33849219E+005
  0.23544047E+005  0.33784610E+005
  0.23559748E+005  0.33720105E+005
  0.23575459E+005  0.33655703E+005
  0.23591181E+005  0.33591403E+005
  0.23606913E+005  0.33527206E+005
  0.23622655E+005  0.33463111E+005
  0.23638409E+005  0.33399119E+005
  0.23654172E+005  0.33335230E+005
  0.23669946E+005  0.33271442E+005
  0.23685731E+005  0.33207757E+005
  0.23701526E+005  0.33144174E+005
  0.23717332E+005  0.33080692E+005
  0.23733148E+005  0.33017313E+005
  0.23748975E+005  0.32954035E+005
  0.23764813E+005  0.32890859E+005
  0.23780661E+005  0.32827784E+005
  0.23796519E+005  0.32764811E+005
  0.23812388E+005  0.32701939E+005
  0.23828268E+005  0.32639169E+005
  0.23844158E+005  0.32576499E+005
  0.23860059E+005  0.32513931E+005
  0.23875971E+005  0.32451463E+005
  0.23891893E+005  0.32389097E+005
  0.23907825E+005  0.32326831E+005
  0.23923769E+005  0.32264665E+005
  0.23939723E+005  0.32202600E+005
  0.23955687E+005  0.32140636E+005
  0.23971662E+005  0.32078771E+005
  0.23987648E+005  0.32017007E+005
  0.24003645E+005  0.31955343E+005
  0.24019652E+005  0.31893779E+005
  0.24035670E+005  0.31832315E+005
  0.24051699E+005  0.31770951E+005
  0.24067738E+005  0.31709686E+005
  0.24083788E+005  0.31648521E+005
  0.24099849E+005  0.31587456E+005
  0.24115920E+005  0.31526489E+005
  0.24132002E+005  0.31465622E+005
  0.24148095E+005  0.31404854E+005
  0.24164198E+005  0.31344185E+005
  0.24180313E+005  0.31283615E+005
  0.24196438E+005  0.31223144E+005
  0.24212574E+005  0.31162772E+005
  0.24228720E+005  0.31102498E+005
  0.24244878E+005  0.31042323E+005
  0.24261046E+005  0.30982246E+005
  0.24277225E+005  0.30922268E+005
  0.24293414E+005  0.30862387E+005
  0.24309615E+005  0.30802605E+005
  0.24325826E+005  0.30742921E+005
  0.24342048E+005  0.30683334E+005
  0.24358281E+005  0.30623846E+005
  0.24374525E+005  0.30564455E+005
  0.24390779E+005  0.30505162E+005
  0.24407045E+005  0.30445966E+005
  0.24423321E+005  0.30386867E+005
  0.24439608E+005  0.30327866E+005
  0.24455906E+005  0.30268962E+005
  0.24472215E+005  0.30210155E+005
  0.24488534E+005  0.30151444E+005
  0.24504865E+005  0.30092831E+005
  0.24521206E+005  0.30034314E+005
  0.24537559E+005  0.29975894E+005
  0.24553922E+005  0.29917571E+005
  0.24570296E+005  0.29859344E+005
  0.24586681E+005  0.29801213E+005
  0.24603077E+005  0.29743178E+005
  0.24619484E+005  0.29685240E+005
  0.24635902E+005  0.29627397E+005
  0.24652331E+005  0.29569650E+005
  0.24668771E+005  0.29511999E+005
  0.24685222E+005  0.29454444E+005
  0.24701684E+005  0.29396984E+005
  0.24718156E+005  0.29339620E+005
  0.24734640E+005  0.29282351E+005
  0.24751135E+005  0.29225177E+005
  0.24767640E+005  0.29168098E+005
  0.24784157E+005  0.29111114E+005
  0.24800685E+005  0.29054226E+005
  0.24817224E+005  0.28997432E+005
  0.24833773E+005  0.28940732E+005
  0.24850334E+005  0.28884128E+005
  0.24866906E+005  0.28827617E+005
  0.24883489E+005  0.28771202E+005
  0.24900083E+005  0.28714880E+005
  0.24916688E+005  0.28658652E+005
  0.24933304E+005  0.28602519E+005
  0.24949931E+005  0.28546480E+005
  0.24966570E+005  0.28490534E+005
  0.24983219E+005  0.28434682E+005
  0.24999879E+005  0.28378924E+005
  0.25016551E+005  0.28323259E+005
  0.25033234E+005  0.28267687E+005
  0.25049928E+005  0.28212209E+005
  0.25066633E+005  0.28156824E+005
  0.25083349E+005  0.28101532E+005
  0.25100076E+005  0.28046333E+005
  0.25116814E+005  0.27991227E+005
  0.25133564E+005  0.27936214E+005
  0.25150325E+005  0.27881293E+005
  0.25167097E+005  0.27826465E+005
  0.25183880E+005  0.27771729E+005
  0.25200674E+005  0.27717086E+005
  0.25217479E+005  0.27662535E+005
  0.25234296E+005  0.27608076E+005
  0.25251124E+005  0.27553709E+005
  0.25267963E+005  0.27499434E+005
  0.25284814E+005  0.27445250E+005
  0.25301675E+005  0.27391158E+005
  0.25318548E+005  0.27337158E+005
  0.25335432E+005  0.27283249E+005
  0.25352327E+005  0.27229432E+005
  0.25369234E+005  0.27175706E+005
  0.25386152E+005  0.27122071E+005
  0.25403081E+005  0.27068527E+005
  0.25420022E+005  0.27015074E+005
  0.25436973E+005  0.26961711E+005
  0.25453936E+005  0.26908440E+005
  0.25470911E+005  0.26855259E+005
  0.25487896E+005  0.26802168E+005
  0.25504894E+005  0.26749168E+005
  0.25521902E+005  0.26696258E+005
  0.25538922E+005  0.26643438E+005
  0.25555953E+005  0.26590708E+005
  0.25572995E+005  0.26538069E+005
  0.25590049E+005  0.26485519E+005
  0.25607114E+005  0.26433058E+005
  0.25624191E+005  0.26380688E+005
  0.25641278E+005  0.26328406E+005
  0.25658378E+005  0.26276215E+005
  0.25675488E+005  0.26224112E+005
  0.25692611E+005  0.26172099E+005
  0.25709744E+005  0.26120175E+005
  0.25726889E+005  0.26068339E+005
  0.25744046E+005  0.26016593E+005
  0.25761213E+005  0.25964935E+005
  0.25778393E+005  0.25913366E+005
  0.25795583E+005  0.25861886E+005
  0.25812786E+005  0.25810493E+005
  0.25829999E+005  0.25759190E+005
  0.25847224E+005  0.25707974E+005
  0.25864461E+005  0.25656846E+005
  0.25881709E+005  0.25605807E+005
  0.25898969E+005  0.25554855E+005
  0.25916240E+005  0.25503991E+005
  0.25933523E+005  0.25453215E+005
  0.25950817E+005  0.25402526E+005
  0.25968123E+005  0.25351925E+005
  0.25985440E+005  0.25301411E+005
  0.26002769E+005  0.25250984E+005
  0.26020109E+005  0.25200644E+005
  0.26037461E+005  0.25150391E+005
  0.26054825E+005  0.25100226E+005
  0.26072200E+005  0.25050147E+005
  0.26089586E+005  0.25000154E+005
  0.26106985E+005  0.24950248E+005
  0.26124395E+005  0.24900429E+005
  0.26141816E+005  0.24850696E+005
  0.26159249E+005  0.24801049E+005
  0.26176694E+005  0.24751489E+005
  0.26194150E+005  0.24702014E+005
  0.26211618E+005  0.24652625E+005
  0.26229098E+005  0.24603323E+005
  0.26246589E+005  0.24554105E+005
  0.26264092E+005  0.24504974E+005
  0.26281607E+005  0.24455928E+005
  0.26299133E+005  0.24406967E+005
  0.26316671E+005  0.24358091E+005
  0.26334221E+005  0.24309301E+005
  0.26351782E+005  0.24260596E+005
  0.26369355E+005  0.24211975E+005
  0.26386940E+005  0.24163440E+005
  0.26404537E+005  0.24114989E+005
  0.26422145E+005  0.24066622E+005
  0.26439765E+005  0.24018341E+005
  0.26457397E+005  0.23970143E+005
  0.26475041E+005  0.23922030E+005
  0.26492696E+005  0.23874001E+005
  0.26510363E+005  0.23826056E+005
  0.26528042E+005  0.23778196E+005
  0.26545733E+005  0.23730418E+005
  0.26563435E+005  0.23682725E+005
  0.26581149E+005  0.23635115E+005
  0.26598875E+005  0.23587589E+005
  0.26616613E+005  0.23540146E+005
  0.26634363E+005  0.23492787E+005
  0.26652125E+005  0.23445511E+005
  0.26669898E+005  0.23398318E+005
  0.26687683E+005  0.23351207E+005
  0.26705480E+005  0.23304180E+005
  0.26723289E+005  0.23257235E+005
  0.26741110E+005  0.23210373E+005
  0.26758943E+005  0.23163594E+005
  0.26776788E+005  0.23116897E+005
  0.26794644E+005  0.23070282E+005
  0.26812513E+005  0.23023750E+005
  0.26830393E+005  0.22977300E+005
  0.26848285E+005  0.22930931E+005
  0.26866190E+005  0.22884645E+005
  0.26884106E+005  0.22838440E+005
  0.26902034E+005  0.22792318E+005
  0.26919974E+005  0.22746276E+005
  0.26937926E+005  0.22700316E+005
  0.26955890E+005  0.22654438E+005
  0.26973866E+005  0.22608640E+005
  0.26991854E+005  0.22562924E+005
  0.27009854E+005  0.22517289E+005
  0.27027866E+005  0.22471735E+005
  0.27045890E+005  0.22426261E+005
  0.27063926E+005  0.22380869E+005
  0.27081974E+005  0.22335557E+005
  0.27100034E+005  0.22290325E+005
  0.27118106E+005  0.22245174E+005
  0.27136190E+005  0.22200103E+005
  0.27154286E+005  0.22155112E+005
  0.27172395E+005  0.22110201E+005
  0.27190515E+005  0.22065370E+005
  0.27208648E+005  0.22020619E+005
  0.27226792E+005  0.21975948E+005
  0.27244949E+005  0.21931357E+005
  0.27263117E+005  0.21886845E+005
  0.27281298E+005  0.21842412E+005
  0.27299491E+005  0.21798059E+005
  0.27317696E+005  0.21753784E+005
  0.27335914E+005  0.21709589E+005
  0.27354143E+005  0.21665473E+005
  0.27372385E+005  0.21621436E+005
  0.27390638E+005  0.21577478E+005
  0.27408904E+005  0.21533598E+005
  0.27427182E+005  0.21489797E+005
  0.27445473E+005  0.21446074E+005
  0.27463775E+005  0.21402429E+005
  0.27482090E+005  0.21358863E+005
  0.27500417E+005  0.21315375E+005
  0.27518756E+005  0.21271965E+005
  0.27537107E+005  0.21228633E+005
  0.27555471E+005  0.21185378E+005
  0.27573847E+005  0.21142202E+005
  0.27592235E+005  0.21099103E+005
  0.27610635E+005  0.21056081E+005
  0.27629048E+005  0.21013137E+005
  0.27647473E+005  0.20970270E+005
  0.27665910E+005  0.20927480E+005
  0.27684359E+005  0.20884767E+005
  0.27702821E+005  0.20842132E+005
  0.27721295E+005  0.20799573E+005
  0.27739781E+005  0.20757090E+005
  0.27758280E+005  0.20714685E+005
  0.27776791E+005  0.20672356E+005
  0.27795315E+005  0.20630103E+005
  0.27813850E+005  0.20587927E+005
  0.27832399E+005  0.20545827E+005
  0.27850959E+005  0.20503803E+005
  0.27869532E+005  0.20461855E+005
  0.27888117E+005  0.20419982E+005
  0.27906715E+005  0.20378186E+005
  0.27925325E+005  0.20336465E+005
  0.27943947E+005  0.20294820E+005
  0.27962582E+005  0.20253251E+005
  0.27981230E+005  0.20211756E+005
  0.27999889E+005  0.20170337E+005
  0.28018562E+005  0.20128993E+005
  0.28037246E+005  0.20087724E+005
  0.28055943E+005  0.20046530E+005
  0.28074653E+005  0.20005411E+005
  0.28093375E+005  0.19964367E+005
  0.28112109E+005  0.19923397E+005
  0.28130857E+005  0.19882502E+005
  0.28149616E+005  0.19841681E+005
  0.28168388E+005  0.19800934E+005
  0.28187173E+005  0.19760262E+005
  0.28205970E+005  0.19719663E+005
  0.28224779E+005  0.19679139E+005
  0.28243602E+005  0.19638689E+005
  0.28262436E+005  0.19598312E+005
  0.28281284E+005  0.19558009E+005
  0.28300143E+005  0.19517779E+005
  0.28319016E+005  0.19477623E+005
  0.28337901E+005  0.19437541E+005
  0.28356798E+005  0.19397531E+005
  0.28375709E+005  0.19357595E+005
  0.28394631E+005  0.19317732E+005
  0.28413567E+005  0.19277941E+005
  0.28432515E+005  0.19238224E+005
  0.28451476E+005  0.19198579E+005
  0.28470449E+005  0.19159007E+005
  0.28489435E+005  0.19119507E+005
  0.28508434E+005  0.19080080E+005
  0.28527445E+005  0.19040725E+005
  0.28546469E+005  0.19001443E+005
  0.28565506E+005  0.18962232E+005
  0.28584555E+005  0.18923093E+005
  0.28603617E+005  0.18884026E+005
  0.28622692E+005  0.18845032E+005
  0.28641779E+005  0.18806108E+005
  0.28660880E+005  0.18767257E+005
  0.28679993E+005  0.18728476E+005
  0.28699118E+005  0.18689767E+005
  0.28718257E+005  0.18651130E+005
  0.28737408E+005  0.18612563E+005
  0.28756572E+005  0.18574068E+005
  0.28775749E+005  0.18535643E+005
  0.28794939E+005  0.18497290E+005
  0.28814141E+005  0.18459007E+005
  0.28833356E+005  0.18420795E+005
  0.28852584E+005  0.18382653E+005
  0.28871825E+005  0.18344582E+005
  0.28891079E+005  0.18306581E+005
  0.28910345E+005  0.18268650E+005
  0.28929624E+005  0.18230790E+005
  0.28948917E+005  0.18192999E+005
  0.28968222E+005  0.18155278E+005
  0.28987540E+005  0.18117628E+005
  0.29006870E+005  0.18080047E+005
  0.29026214E+005  0.18042535E+005
  0.29045571E+005  0.18005093E+005
  0.29064940E+005  0.17967721E+005
  0.29084323E+005  0.17930417E+005
  0.29103718E+005  0.17893183E+005
  0.29123126E+005  0.17856018E+005
  0.29142548E+005  0.17818922E+005
  0.29161982E+005  0.17781895E+005
  0.29181429E+005  0.17744937E+005
  0.29200889E+005  0.17708047E+005
  0.29220362E+005  0.17671226E+005
  0.29239848E+005  0.17634474E+005
  0.29259347E+005  0.17597790E+005
  0.29278860E+005  0.17561174E+005
  0.29298385E+005  0.17524626E+005
  0.29317923E+005  0.17488146E+005
  0.29337474E+005  0.17451735E+005
  0.29357038E+005  0.17415391E+005
  0.29376615E+005  0.17379115E+005
  0.29396206E+005  0.17342907E+005
  0.29415809E+005  0.17306766E+005
  0.29435425E+005  0.17270693E+005
  0.29455055E+005  0.17234687E+005
  0.29474697E+005  0.17198748E+005
  0.29494353E+005  0.17162876E+005
  0.29514022E+005  0.17127072E+005
  0.29533704E+005  0.17091335E+005
  0.29553399E+005  0.17055664E+005
  0.29573107E+005  0.17020060E+005
  0.29592828E+005  0.16984523E+005
  0.29612563E+005  0.16949052E+005
  0.29632310E+005  0.16913648E+005
  0.29652071E+005  0.16878310E+005
  0.29671845E+005  0.16843039E+005
  0.29691632E+005  0.16807833E+005
  0.29711433E+005  0.16772694E+005
  0.29731246E+005  0.16737621E+005
  0.29751073E+005  0.16702613E+005
  0.29770913E+005  0.16667671E+005
  0.29790766E+005  0.16632795E+005
  0.29810633E+005  0.16597985E+005
  0.29830513E+005  0.16563239E+005
  0.29850406E+005  0.16528560E+005
  0.29870312E+005  0.16493945E+005
  0.29890231E+005  0.16459396E+005
  0.29910164E+005  0.16424912E+005
  0.29930110E+005  0.16390492E+005
  0.29950070E+005  0.16356138E+005
  0.29970042E+005  0.16321848E+005
  0.29990028E+005  0.16287623E+005
  0.30010028E+005  0.16253463E+005
  0.30030040E+005  0.16219366E+005
  0.30050066E+005  0.16185335E+005
  0.30070106E+005  0.16151367E+005
  0.30090159E+005  0.16117464E+005
  0.30110225E+005  0.16083625E+005
  0.30130304E+005  0.16049850E+005
  0.30150397E+005  0.16016139E+005
  0.30170503E+005  0.15982491E+005
  0.30190623E+005  0.15948907E+005
  0.30210756E+005  0.15915387E+005
  0.30230903E+005  0.15881930E+005
  0.30251063E+005  0.15848536E+005
  0.30271236E+005  0.15815206E+005
  0.30291423E+005  0.15781939E+005
  0.30311623E+005  0.15748735E+005
  0.30331837E+005  0.15715594E+005
  0.30352064E+005  0.15682516E+005
  0.30372305E+005  0.15649501E+005
  0.30392560E+005  0.15616549E+005
  0.30412827E+005  0.15583659E+005
  0.30433109E+005  0.15550831E+005
  0.30453403E+005  0.15518066E+005
  0.30473712E+005  0.15485363E+005
  0.30494034E+005  0.15452723E+005
  0.30514369E+005  0.15420144E+005
  0.30534718E+005  0.15387628E+005
  0.30555081E+005  0.15355173E+005
  0.30575457E+005  0.15322781E+005
  0.30595847E+005  0.15290450E+005
  0.30616250E+005  0.15258180E+005
  0.30636667E+005  0.15225972E+005
  0.30657098E+005  0.15193826E+005
  0.30677542E+005  0.15161741E+005
  0.30698000E+005  0.15129717E+005
  0.30718471E+005  0.15097754E+005
  0.30738956E+005  0.15065853E+005
  0.30759455E+005  0.15034012E+005
  0.30779967E+005  0.15002232E+005
  0.30800494E+005  0.14970513E+005
  0.30821033E+005  0.14938855E+005
  0.30841587E+005  0.14907257E+005
  0.30862154E+005  0.14875719E+005
  0.30882735E+005  0.14844242E+005
  0.30903330E+005  0.14812826E+005
  0.30923938E+005  0.14781469E+005
  0.30944560E+005  0.14750173E+005
  0.30965196E+005  0.14718936E+005
  0.30985846E+005  0.14687759E+005
  0.31006509E+005  0.14656643E+005
  0.31027186E+005  0.14625586E+005
  0.31047877E+005  0.14594588E+005
  0.31068582E+005  0.14563650E+005
  0.31089301E+005  0.14532772E+005
  0.31110033E+005  0.14501952E+005
  0.31130780E+005  0.14471192E+005
  0.31151540E+005  0.14440492E+005
  0.31172314E+005  0.14409850E+005
  0.31193101E+005  0.14379267E+005
  0.31213903E+005  0.14348743E+005
  0.31234718E+005  0.14318278E+005
  0.31255548E+005  0.14287871E+005
  0.31276391E+005  0.14257523E+005
  0.31297248E+005  0.14227234E+005
  0.31318119E+005  0.14197003E+005
  0.31339004E+005  0.14166830E+005
  0.31359903E+005  0.14136715E+005
  0.31380816E+005  0.14106659E+005
  0.31401743E+005  0.14076660E+005
  0.31422684E+005  0.14046720E+005
  0.31443639E+005  0.14016837E+005
  0.31464607E+005  0.13987012E+005
  0.31485590E+005  0.13957245E+005
  0.31506587E+005  0.13927535E+005
  0.31527597E+005  0.13897882E+005
  0.31548622E+005  0.13868287E+005
  0.31569661E+005  0.13838749E+005
  0.31590714E+005  0.13809269E+005
  0.31611780E+005  0.13779845E+005
  0.31632861E+005  0.13750479E+005
  0.31653956E+005  0.13721169E+005
  0.31675065E+005  0.13691916E+005
  0.31696188E+005  0.13662720E+005
  0.31717325E+005  0.13633581E+005
  0.31738477E+005  0.13604498E+005
  0.31759642E+005  0.13575471E+005
  0.31780821E+005  0.13546501E+005
  0.31802015E+005  0.13517587E+005
  0.31823223E+005  0.13488730E+005
  0.31844444E+005  0.13459928E+005
  0.31865680E+005  0.13431182E+005
  0.31886931E+005  0.13402492E+005
  0.31908195E+005  0.13373858E+005
  0.31929473E+005  0.13345280E+005
  0.31950766E+005  0.13316757E+005
  0.31972073E+005  0.13288290E+005
  0.31993394E+005  0.13259879E+005
  0.32014729E+005  0.13231522E+005
  0.32036079E+005  0.13203221E+005
  0.32057443E+005  0.13174975E+005
  0.32078821E+005  0.13146784E+005
  0.32100213E+005  0.13118648E+005
  0.32121620E+005  0.13090567E+005
  0.32143041E+005  0.13062541E+005
  0.32164476E+005  0.13034569E+005
  0.32185925E+005  0.13006652E+005
  0.32207389E+005  0.12978790E+005
  0.32228867E+005  0.12950982E+005
  0.32250359E+005  0.12923229E+005
  0.32271866E+005  0.12895529E+005
  0.32293387E+005  0.12867884E+005
  0.32314922E+005  0.12840293E+005
  0.32336472E+005  0.12812756E+005
  0.32358036E+005  0.12785273E+005
  0.32379615E+005  0.12757843E+005
  0.32401208E+005  0.12730468E+005
  0.32422815E+005  0.12703146E+005
  0.32444437E+005  0.12675877E+005
  0.32466073E+005  0.12648662E+005
  0.32487723E+005  0.12621500E+005
  0.32509388E+005  0.12594392E+005
  0.32531068E+005  0.12567337E+005
  0.32552761E+005  0.12540335E+005
  0.32574470E+005  0.12513386E+005
  0.32596193E+005  0.12486490E+005
  0.32617930E+005  0.12459646E+005
  0.32639682E+005  0.12432856E+005
  0.32661448E+005  0.12406118E+005
  0.32683229E+005  0.12379433E+005
  0.32705024E+005  0.12352800E+005
  0.32726834E+005  0.12326219E+005
  0.32748659E+005  0.12299691E+005
  0.32770498E+005  0.12273216E+005
  0.32792351E+005  0.12246792E+005
  0.32814219E+005  0.12220420E+005
  0.32836102E+005  0.12194100E+005
  0.32857999E+005  0.12167833E+005
  0.32879911E+005  0.12141616E+005
  0.32901838E+005  0.12115452E+005
  0.32923779E+005  0.12089339E+005
  0.32945735E+005  0.12063278E+005
  0.32967705E+005  0.12037268E+005
  0.32989690E+005  0.12011310E+005
  0.33011690E+005  0.11985403E+005
  0.33033704E+005  0.11959547E+005
  0.33055733E+005  0.11933742E+005
  0.33077777E+005  0.11907988E+005
  0.33099836E+005  0.11882285E+005
  0.33121909E+005  0.11856633E+005
  0.33143997E+005  0.11831032E+005
  0.33166099E+005  0.11805481E+005
  0.33188217E+005  0.11779981E+005
  0.33210349E+005  0.11754531E+005
  0.33232496E+005  0.11729132E+005
  0.33254657E+005  0.11703783E+005
  0.33276834E+005  0.11678485E+005
  0.33299025E+005  0.11653236E+005
  0.33321231E+005  0.11628038E+005
  0.33343452E+005  0.11602889E+005
  0.33365687E+005  0.11577791E+005
  0.33387938E+005  0.11552742E+005
  0.33410203E+005  0.11527743E+005
  0.33432483E+005  0.11502794E+005
  0.33454778E+005  0.11477894E+005
  0.33477088E+005  0.11453044E+005
  0.33499413E+005  0.11428243E+005
  0.33521753E+005  0.11403491E+005
  0.33544107E+005  0.11378789E+005
  0.33566477E+005  0.11354136E+005
  0.33588861E+005  0.11329531E+005
  0.33611260E+005  0.11304976E+005
  0.33633674E+005  0.11280470E+005
  0.33656104E+005  0.11256012E+005
  0.33678548E+005  0.11231604E+005
  0.33701007E+005  0.11207243E+005
  0.33723481E+005  0.11182932E+005
  0.33745970E+005  0.11158669E+005
  0.33768474E+005  0.11134454E+005
  0.33790993E+005  0.11110288E+005
  0.33813527E+005  0.11086169E+005
  0.33836076E+005  0.11062099E+005
  0.33858641E+005  0.11038077E+005
  0.33881220E+005  0.11014103E+005
  0.33903814E+005  0.10990177E+005
  0.33926423E+005  0.10966299E+005
  0.33949048E+005  0.10942468E+005
  0.33971687E+005  0.10918685E+005
  0.33994342E+005  0.10894950E+005
  0.34017011E+005  0.10871262E+005
  0.34039696E+005  0.10847622E+005
  0.34062396E+005  0.10824028E+005
  0.34085111E+005  0.10800482E+005
  0.34107842E+005  0.10776984E+005
  0.34130587E+005  0.10753532E+005
  0.34153347E+005  0.10730127E+005
  0.34176123E+005  0.10706769E+005
  0.34198914E+005  0.10683458E+005
  0.34221720E+005  0.10660194E+005
  0.34244542E+005  0.10636977E+005
  0.34267378E+005  0.10613806E+005
  0.34290230E+005  0.10590681E+005
  0.34313097E+005  0.10567603E+005
  0.34335979E+005  0.10544571E+005
  0.34358877E+005  0.10521586E+005
  0.34381789E+005  0.10498647E+005
  0.34404718E+005  0.10475753E+005
  0.34427661E+005  0.10452906E+005
  0.34450620E+005  0.10430105E+005
  0.34473594E+005  0.10407350E+005
  0.34496583E+005  0.10384640E+005
  0.34519587E+005  0.10361976E+005
  0.34542607E+005  0.10339358E+005
  0.34565643E+005  0.10316786E+005
  0.34588693E+005  0.10294258E+005
  0.34611759E+005  0.10271776E+005
  0.34634841E+005  0.10249340E+005
  0.34657938E+005  0.10226949E+005
  0.34681050E+005  0.10204602E+005
  0.34704178E+005  0.10182301E+005
  0.34727321E+005  0.10160045E+005
  0.34750479E+005  0.10137834E+005
  0.34773653E+005  0.10115668E+005
  0.34796842E+005  0.10093546E+005
  0.34820047E+005  0.10071469E+005
  0.34843268E+005  0.10049437E+005
  0.34866503E+005  0.10027449E+005
  0.34889755E+005  0.10005506E+005
  0.34913022E+005  0.99836067E+004
  0.34936304E+005  0.99617520E+004
  0.34959602E+005  0.99399415E+004
  0.34982915E+005  0.99181751E+004
  0.35006244E+005  0.98964528E+004
  0.35029589E+005  0.98747744E+004
  0.35052949E+005  0.98531399E+004
  0.35076324E+005  0.98315493E+004
  0.35099716E+005  0.98100024E+004
  0.35123122E+005  0.97884991E+004
  0.35146545E+005  0.97670394E+004
  0.35169983E+005  0.97456233E+004
  0.35193437E+005  0.97242505E+004
  0.35216906E+005  0.97029212E+004
  0.35240391E+005  0.96816351E+004
  0.35263892E+005  0.96603922E+004
  0.35287408E+005  0.96391924E+004
  0.35310940E+005  0.96180357E+004
  0.35334488E+005  0.95969219E+004
  0.35358051E+005  0.95758511E+004
  0.35381630E+005  0.95548231E+004
  0.35405225E+005  0.95338378E+004
  0.35428835E+005  0.95128952E+004
  0.35452462E+005  0.94919951E+004
  0.35476104E+005  0.94711376E+004
  0.35499762E+005  0.94503225E+004
  0.35523435E+005  0.94295498E+004
  0.35547125E+005  0.94088194E+004
  0.35570830E+005  0.93881312E+004
  0.35594551E+005  0.93674852E+004
  0.35618288E+005  0.93468812E+004
  0.35642040E+005  0.93263192E+004
  0.35665809E+005  0.93057991E+004
  0.35689593E+005  0.92853208E+004
  0.35713393E+005  0.92648843E+004
  0.35737209E+005  0.92444895E+004
  0.35761041E+005  0.92241363E+004
  0.35784889E+005  0.92038247E+004
  0.35808753E+005  0.91835545E+004
  0.35832633E+005  0.91633257E+004
  0.35856528E+005  0.91431383E+004
  0.35880440E+005  0.91229920E+004
  0.35904367E+005  0.91028870E+004
  0.35928311E+005  0.90828230E+004
  0.35952270E+005  0.90628001E+004
  0.35976245E+005  0.90428181E+004
  0.36000237E+005  0.90228770E+004
  0.36024244E+005  0.90029767E+004
  0.36048267E+005  0.89831171E+004
  0.36072307E+005  0.89632982E+004
  0.36096362E+005  0.89435198E+004
  0.36120434E+005  0.89237820E+004
  0.36144521E+005  0.89040846E+004
  0.36168625E+005  0.88844276E+004
  0.36192744E+005  0.88648108E+004
  0.36216880E+005  0.88452343E+004
  0.36241032E+005  0.88256979E+004
  0.36265200E+005  0.88062016E+004
  0.36289384E+005  0.87867453E+004
  0.36313584E+005  0.87673289E+004
  0.36337801E+005  0.87479524E+004
  0.36362033E+005  0.87286157E+004
  0.36386282E+005  0.87093186E+004
  0.36410546E+005  0.86900612E+004
  0.36434827E+005  0.86708434E+004
  0.36459125E+005  0.86516651E+004
  0.36483438E+005  0.86325262E+004
  0.36507768E+005  0.86134267E+004
  0.36532113E+005  0.85943664E+004
  0.36556475E+005  0.85753454E+004
  0.36580854E+005  0.85563634E+004
  0.36605248E+005  0.85374206E+004
  0.36629659E+005  0.85185168E+004
  0.36654086E+005  0.84996518E+004
  0.36678530E+005  0.84808258E+004
  0.36702989E+005  0.84620385E+004
  0.36727465E+005  0.84432899E+004
  0.36751958E+005  0.84245800E+004
  0.36776466E+005  0.84059087E+004
  0.36800991E+005  0.83872758E+004
  0.36825533E+005  0.83686814E+004
  0.36850090E+005  0.83501254E+004
  0.36874664E+005  0.83316076E+004
  0.36899255E+005  0.83131281E+004
  0.36923862E+005  0.82946867E+004
  0.36948485E+005  0.82762835E+004
  0.36973125E+005  0.82579182E+004
  0.36997781E+005  0.82395908E+004
  0.37022454E+005  0.82213014E+004
  0.37047143E+005  0.82030497E+004
  0.37071848E+005  0.81848358E+004
  0.37096570E+005  0.81666596E+004
  0.37121309E+005  0.81485209E+004
  0.37146064E+005  0.81304198E+004
  0.37170835E+005  0.81123562E+004
  0.37195623E+005  0.80943299E+004
  0.37220428E+005  0.80763410E+004
  0.37245249E+005  0.80583893E+004
  0.37270086E+005  0.80404748E+004
  0.37294940E+005  0.80225974E+004
  0.37319811E+005  0.80047571E+004
  0.37344698E+005  0.79869537E+004
  0.37369602E+005  0.79691873E+004
  0.37394523E+005  0.79514577E+004
  0.37419460E+005  0.79337649E+004
  0.37444414E+005  0.79161088E+004
  0.37469384E+005  0.78984894E+004
  0.37494371E+005  0.78809065E+004
  0.37519375E+005  0.78633601E+004
  0.37544396E+005  0.78458502E+004
  0.37569433E+005  0.78283766E+004
  0.37594486E+005  0.78109393E+004
  0.37619557E+005  0.77935383E+004
  0.37644644E+005  0.77761735E+004
  0.37669748E+005  0.77588447E+004
  0.37694869E+005  0.77415520E+004
  0.37720006E+005  0.77242953E+004
  0.37745161E+005  0.77070745E+004
  0.37770332E+005  0.76898895E+004
  0.37795519E+005  0.76727403E+004
  0.37820724E+005  0.76556268E+004
  0.37845945E+005  0.76385489E+004
  0.37871183E+005  0.76215066E+004
  0.37896439E+005  0.76044998E+004
  0.37921710E+005  0.75875285E+004
  0.37946999E+005  0.75705925E+004
  0.37972305E+005  0.75536918E+004
  0.37997627E+005  0.75368264E+004
  0.38022967E+005  0.75199962E+004
  0.38048323E+005  0.75032011E+004
  0.38073696E+005  0.74864410E+004
  0.38099086E+005  0.74697159E+004
  0.38124493E+005  0.74530257E+004
  0.38149917E+005  0.74363704E+004
  0.38175358E+005  0.74197498E+004
  0.38200816E+005  0.74031640E+004
  0.38226291E+005  0.73866129E+004
  0.38251782E+005  0.73700963E+004
  0.38277291E+005  0.73536143E+004
  0.38302817E+005  0.73371667E+004
  0.38328360E+005  0.73207535E+004
  0.38353920E+005  0.73043747E+004
  0.38379497E+005  0.72880301E+004
  0.38405091E+005  0.72717197E+004
  0.38430702E+005  0.72554435E+004
  0.38456330E+005  0.72392014E+004
  0.38481975E+005  0.72229933E+004
  0.38507638E+005  0.72068191E+004
  0.38533317E+005  0.71906788E+004
  0.38559014E+005  0.71745724E+004
  0.38584727E+005  0.71584997E+004
  0.38610458E+005  0.71424607E+004
  0.38636206E+005  0.71264553E+004
  0.38661972E+005  0.71104835E+004
  0.38687754E+005  0.70945452E+004
  0.38713554E+005  0.70786404E+004
  0.38739370E+005  0.70627689E+004
  0.38765204E+005  0.70469308E+004
  0.38791056E+005  0.70311259E+004
  0.38816924E+005  0.70153542E+004
  0.38842810E+005  0.69996157E+004
  0.38868713E+005  0.69839102E+004
  0.38894633E+005  0.69682377E+004
  0.38920570E+005  0.69525982E+004
  0.38946525E+005  0.69369915E+004
  0.38972497E+005  0.69214177E+004
  0.38998487E+005  0.69058766E+004
  0.39024494E+005  0.68903683E+004
  0.39050518E+005  0.68748925E+004
  0.39076559E+005  0.68594494E+004
  0.39102618E+005  0.68440387E+004
  0.39128694E+005  0.68286605E+004
  0.39154788E+005  0.68133147E+004
  0.39180899E+005  0.67980012E+004
  0.39207028E+005  0.67827200E+004
  0.39233173E+005  0.67674710E+004
  0.39259337E+005  0.67522541E+004
  0.39285517E+005  0.67370694E+004
  0.39311716E+005  0.67219166E+004
  0.39337931E+005  0.67067958E+004
  0.39364164E+005  0.66917069E+004
  0.39390415E+005  0.66766499E+004
  0.39416683E+005  0.66616246E+004
  0.39442969E+005  0.66466311E+004
  0.39469272E+005  0.66316692E+004
  0.39495593E+005  0.66167389E+004
  0.39521931E+005  0.66018401E+004
  0.39548287E+005  0.65869729E+004
  0.39574660E+005  0.65721370E+004
  0.39601051E+005  0.65573325E+004
  0.39627460E+005  0.65425593E+004
  0.39653886E+005  0.65278174E+004
  0.39680330E+005  0.65131066E+004
  0.39706792E+005  0.64984270E+004
  0.39733271E+005  0.64837784E+004
  0.39759768E+005  0.64691608E+004
  0.39786282E+005  0.64545742E+004
  0.39812814E+005  0.64400185E+004
  0.39839364E+005  0.64254936E+004
  0.39865932E+005  0.64109994E+004
  0.39892517E+005  0.63965360E+004
  0.39919120E+005  0.63821032E+004
  0.39945741E+005  0.63677010E+004
  0.39972379E+005  0.63533293E+004
  0.39999035E+005  0.63389881E+004
  0.40025709E+005  0.63246773E+004
  0.40052401E+005  0.63103969E+004
  0.40079111E+005  0.62961468E+004
  0.40105838E+005  0.62819269E+004
  0.40132583E+005  0.62677373E+004
  0.40159347E+005  0.62535777E+004
  0.40186127E+005  0.62394482E+004
  0.40212926E+005  0.62253487E+004
  0.40239743E+005  0.62112792E+004
  0.40266577E+005  0.61972395E+004
  0.40293430E+005  0.61832297E+004
  0.40320300E+005  0.61692497E+004
  0.40347189E+005  0.61552994E+004
  0.40374095E+005  0.61413788E+004
  0.40401019E+005  0.61274878E+004
  0.40427961E+005  0.61136263E+004
  0.40454921E+005  0.60997944E+004
  0.40481899E+005  0.60859918E+004
  0.40508895E+005  0.60722187E+004
  0.40535909E+005  0.60584749E+004
  0.40562941E+005  0.60447603E+004
  0.40589991E+005  0.60310750E+004
  0.40617059E+005  0.60174188E+004
  0.40644146E+005  0.60037917E+004
  0.40671250E+005  0.59901937E+004
  0.40698372E+005  0.59766246E+004
  0.40725512E+005  0.59630845E+004
  0.40752671E+005  0.59495733E+004
  0.40779848E+005  0.59360909E+004
  0.40807042E+005  0.59226372E+004
  0.40834255E+005  0.59092123E+004
  0.40861486E+005  0.58958160E+004
  0.40888735E+005  0.58824483E+004
  0.40916003E+005  0.58691091E+004
  0.40943288E+005  0.58557985E+004
  0.40970592E+005  0.58425162E+004
  0.40997914E+005  0.58292624E+004
  0.41025254E+005  0.58160368E+004
  0.41052612E+005  0.58028396E+004
  0.41079989E+005  0.57896705E+004
  0.41107384E+005  0.57765296E+004
  0.41134797E+005  0.57634168E+004
  0.41162228E+005  0.57503321E+004
  0.41189678E+005  0.57372753E+004
  0.41217146E+005  0.57242465E+004
  0.41244632E+005  0.57112456E+004
  0.41272137E+005  0.56982725E+004
  0.41299660E+005  0.56853272E+004
  0.41327202E+005  0.56724096E+004
  0.41354761E+005  0.56595197E+004
  0.41382339E+005  0.56466574E+004
  0.41409936E+005  0.56338226E+004
  0.41437551E+005  0.56210154E+004
  0.41465184E+005  0.56082356E+004
  0.41492836E+005  0.55954832E+004
  0.41520506E+005  0.55827582E+004
  0.41548195E+005  0.55700604E+004
  0.41575902E+005  0.55573899E+004
  0.41603627E+005  0.55447466E+004
  0.41631371E+005  0.55321305E+004
  0.41659134E+005  0.55195414E+004
  0.41686915E+005  0.55069793E+004
  0.41714715E+005  0.54944442E+004
  0.41742533E+005  0.54819360E+004
  0.41770370E+005  0.54694547E+004
  0.41798225E+005  0.54570002E+004
  0.41826099E+005  0.54445725E+004
  0.41853991E+005  0.54321715E+004
  0.41881902E+005  0.54197972E+004
  0.41909832E+005  0.54074494E+004
  0.41937780E+005  0.53951283E+004
  0.41965747E+005  0.53828336E+004
  0.41993733E+005  0.53705654E+004
  0.42021737E+005  0.53583236E+004
  0.42049760E+005  0.53461081E+004
  0.42077801E+005  0.53339189E+004
  0.42105862E+005  0.53217560E+004
  0.42133941E+005  0.53096192E+004
  0.42162038E+005  0.52975086E+004
  0.42190155E+005  0.52854241E+004
  0.42218290E+005  0.52733657E+004
  0.42246444E+005  0.52613332E+004
  0.42274617E+005  0.52493267E+004
  0.42302808E+005  0.52373460E+004
  0.42331019E+005  0.52253912E+004
  0.42359248E+005  0.52134622E+004
  0.42387496E+005  0.52015589E+004
  0.42415762E+005  0.51896813E+004
  0.42444048E+005  0.51778293E+004
  0.42472353E+005  0.51660029E+004
  0.42500676E+005  0.51542020E+004
  0.42529018E+005  0.51424267E+004
  0.42557379E+005  0.51306767E+004
  0.42585760E+005  0.51189521E+004
  0.42614159E+005  0.51072529E+004
  0.42642577E+005  0.50955789E+004
  0.42671013E+005  0.50839302E+004
  0.42699469E+005  0.50723067E+004
  0.42727944E+005  0.50607083E+004
  0.42756438E+005  0.50491349E+004
  0.42784951E+005  0.50375866E+004
  0.42813483E+005  0.50260633E+004
  0.42842034E+005  0.50145649E+004
  0.42870604E+005  0.50030914E+004
  0.42899193E+005  0.49916427E+004
  0.42927801E+005  0.49802189E+004
  0.42956428E+005  0.49688197E+004
  0.42985074E+005  0.49574453E+004
  0.43013739E+005  0.49460954E+004
  0.43042424E+005  0.49347702E+004
  0.43071127E+005  0.49234695E+004
  0.43099850E+005  0.49121933E+004
  0.43128592E+005  0.49009416E+004
  0.43157353E+005  0.48897142E+004
  0.43186133E+005  0.48785112E+004
  0.43214932E+005  0.48673325E+004
  0.43243751E+005  0.48561780E+004
  0.43272589E+005  0.48450477E+004
  0.43301446E+005  0.48339416E+004
  0.43330322E+005  0.48228596E+004
  0.43359218E+005  0.48118017E+004
  0.43388133E+005  0.48007677E+004
  0.43417067E+005  0.47897578E+004
  0.43446020E+005  0.47787717E+004
  0.43474993E+005  0.47678095E+004
  0.43503985E+005  0.47568711E+004
  0.43532996E+005  0.47459565E+004
  0.43562027E+005  0.47350656E+004
  0.43591077E+005  0.47241984E+004
  0.43620146E+005  0.47133549E+004
  0.43649235E+005  0.47025349E+004
  0.43678343E+005  0.46917384E+004
  0.43707471E+005  0.46809654E+004
  0.43736618E+005  0.46702159E+004
  0.43765785E+005  0.46594898E+004
  0.43794970E+005  0.46487870E+004
  0.43824176E+005  0.46381075E+004
  0.43853401E+005  0.46274513E+004
  0.43882645E+005  0.46168183E+004
  0.43911909E+005  0.46062084E+004
  0.43941192E+005  0.45956217E+004
  0.43970495E+005  0.45850580E+004
  0.43999818E+005  0.45745173E+004
  0.44029160E+005  0.45639997E+004
  0.44058521E+005  0.45535049E+004
  0.44087903E+005  0.45430331E+004
  0.44117303E+005  0.45325840E+004
  0.44146724E+005  0.45221578E+004
  0.44176164E+005  0.45117543E+004
  0.44205623E+005  0.45013735E+004
  0.44235103E+005  0.44910154E+004
  0.44264601E+005  0.44806799E+004
  0.44294120E+005  0.44703670E+004
  0.44323658E+005  0.44600765E+004
  0.44353216E+005  0.44498086E+004
  0.44382794E+005  0.44395631E+004
  0.44412391E+005  0.44293399E+004
  0.44442009E+005  0.44191391E+004
  0.44471645E+005  0.44089606E+004
  0.44501302E+005  0.43988044E+004
  0.44530979E+005  0.43886703E+004
  0.44560675E+005  0.43785584E+004
  0.44590391E+005  0.43684687E+004
  0.44620127E+005  0.43584010E+004
  0.44649882E+005  0.43483553E+004
  0.44679658E+005  0.43383316E+004
  0.44709453E+005  0.43283298E+004
  0.44739268E+005  0.43183500E+004
  0.44769104E+005  0.43083920E+004
  0.44798959E+005  0.42984558E+004
  0.44828834E+005  0.42885413E+004
  0.44858728E+005  0.42786486E+004
  0.44888643E+005  0.42687775E+004
  0.44918578E+005  0.42589281E+004
  0.44948533E+005  0.42491003E+004
  0.44978507E+005  0.42392940E+004
  0.45008502E+005  0.42295092E+004
  0.45038517E+005  0.42197458E+004
  0.45068551E+005  0.42100039E+004
  0.45098606E+005  0.42002833E+004
  0.45128681E+005  0.41905841E+004
  0.45158776E+005  0.41809062E+004
  0.45188890E+005  0.41712494E+004
  0.45219025E+005  0.41616139E+004
  0.45249181E+005  0.41519996E+004
  0.45279356E+005  0.41424063E+004
  0.45309551E+005  0.41328341E+004
  0.45339766E+005  0.41232830E+004
  0.45370002E+005  0.41137528E+004
  0.45400258E+005  0.41042436E+004
  0.45430534E+005  0.40947552E+004
  0.45460830E+005  0.40852877E+004
  0.45491146E+005  0.40758411E+004
  0.45521483E+005  0.40664152E+004
  0.45551839E+005  0.40570100E+004
  0.45582216E+005  0.40476255E+004
  0.45612614E+005  0.40382616E+004
  0.45643031E+005  0.40289184E+004
  0.45673469E+005  0.40195957E+004
  0.45703927E+005  0.40102936E+004
  0.45734406E+005  0.40010119E+004
  0.45764904E+005  0.39917506E+004
  0.45795423E+005  0.39825098E+004
  0.45825963E+005  0.39732892E+004
  0.45856523E+005  0.39640890E+004
  0.45887103E+005  0.39549091E+004
  0.45917703E+005  0.39457494E+004
  0.45948324E+005  0.39366099E+004
  0.45978966E+005  0.39274905E+004
  0.46009628E+005  0.39183913E+004
  0.46040310E+005  0.39093121E+004
  0.46071013E+005  0.39002529E+004
  0.46101736E+005  0.38912137E+004
  0.46132480E+005  0.38821944E+004
  0.46163244E+005  0.38731951E+004
  0.46194029E+005  0.38642156E+004
  0.46224834E+005  0.38552559E+004
  0.46255660E+005  0.38463160E+004
  0.46286506E+005  0.38373958E+004
  0.46317373E+005  0.38284953E+004
  0.46348260E+005  0.38196145E+004
  0.46379169E+005  0.38107533E+004
  0.46410097E+005  0.38019117E+004
  0.46441047E+005  0.37930896E+004
  0.46472017E+005  0.37842870E+004
  0.46503007E+005  0.37755039E+004
  0.46534019E+005  0.37667402E+004
  0.46565051E+005  0.37579958E+004
  0.46596103E+005  0.37492708E+004
  0.46627177E+005  0.37405651E+004
  0.46658271E+005  0.37318787E+004
  0.46689386E+005  0.37232115E+004
  0.46720521E+005  0.37145634E+004
  0.46751678E+005  0.37059345E+004
  0.46782855E+005  0.36973247E+004
  0.46814053E+005  0.36887340E+004
  0.46845271E+005  0.36801622E+004
  0.46876511E+005  0.36716095E+004
  0.46907771E+005  0.36630757E+004
  0.46939052E+005  0.36545608E+004
  0.46970355E+005  0.36460648E+004
  0.47001678E+005  0.36375876E+004
  0.47033021E+005  0.36291292E+004
  0.47064386E+005  0.36206895E+004
  0.47095772E+005  0.36122686E+004
  0.47127178E+005  0.36038663E+004
  0.47158606E+005  0.35954827E+004
  0.47190054E+005  0.35871176E+004
  0.47221524E+005  0.35787711E+004
  0.47253014E+005  0.35704432E+004
  0.47284526E+005  0.35621337E+004
  0.47316058E+005  0.35538426E+004
  0.47347612E+005  0.35455700E+004
  0.47379186E+005  0.35373157E+004
  0.47410782E+005  0.35290798E+004
  0.47442399E+005  0.35208621E+004
  0.47474036E+005  0.35126627E+004
  0.47505695E+005  0.35044815E+004
  0.47537375E+005  0.34963185E+004
  0.47569076E+005  0.34881737E+004
  0.47600799E+005  0.34800469E+004
  0.47632542E+005  0.34719382E+004
  0.47664307E+005  0.34638476E+004
  0.47696092E+005  0.34557749E+004
  0.47727899E+005  0.34477202E+004
  0.47759727E+005  0.34396834E+004
  0.47791577E+005  0.34316644E+004
  0.47823447E+005  0.34236634E+004
  0.47855339E+005  0.34156801E+004
  0.47887252E+005  0.34077146E+004
  0.47919187E+005  0.33997668E+004
  0.47951142E+005  0.33918367E+004
  0.47983119E+005  0.33839243E+004
  0.48015118E+005  0.33760295E+004
  0.48047137E+005  0.33681523E+004
  0.48079179E+005  0.33602927E+004
  0.48111241E+005  0.33524505E+004
  0.48143325E+005  0.33446258E+004
  0.48175430E+005  0.33368186E+004
  0.48207556E+005  0.33290288E+004
  0.48239704E+005  0.33212563E+004
  0.48271874E+005  0.33135012E+004
  0.48304065E+005  0.33057634E+004
  0.48336277E+005  0.32980428E+004
  0.48368511E+005  0.32903394E+004
  0.48400766E+005  0.32826533E+004
  0.48433043E+005  0.32749843E+004
  0.48465342E+005  0.32673324E+004
  0.48497662E+005  0.32596976E+004
  0.48530003E+005  0.32520798E+004
  0.48562366E+005  0.32444791E+004
  0.48594751E+005  0.32368953E+004
  0.48627157E+005  0.32293284E+004
  0.48659585E+005  0.32217785E+004
  0.48692034E+005  0.32142454E+004
  0.48724505E+005  0.32067292E+004
  0.48756998E+005  0.31992298E+004
  0.48789513E+005  0.31917471E+004
  0.48822049E+005  0.31842812E+004
  0.48854606E+005  0.31768319E+004
  0.48887186E+005  0.31693993E+004
  0.48919787E+005  0.31619834E+004
  0.48952410E+005  0.31545840E+004
  0.48985055E+005  0.31472012E+004
  0.49017721E+005  0.31398349E+004
  0.49050410E+005  0.31324850E+004
  0.49083120E+005  0.31251517E+004
  0.49115852E+005  0.31178347E+004
  0.49148605E+005  0.31105342E+004
  0.49181381E+005  0.31032500E+004
  0.49214178E+005  0.30959821E+004
  0.49246998E+005  0.30887304E+004
  0.49279839E+005  0.30814951E+004
  0.49312702E+005  0.30742759E+004
  0.49345587E+005  0.30670729E+004
  0.49378494E+005  0.30598861E+004
  0.49411423E+005  0.30527153E+004
  0.49444374E+005  0.30455607E+004
  0.49477346E+005  0.30384221E+004
  0.49510341E+005  0.30312995E+004
  0.49543358E+005  0.30241929E+004
  0.49576397E+005  0.30171022E+004
  0.49609458E+005  0.30100274E+004
  0.49642541E+005  0.30029685E+004
  0.49675645E+005  0.29959254E+004
  0.49708772E+005  0.29888982E+004
  0.49741922E+005  0.29818867E+004
  0.49775093E+005  0.29748910E+004
  0.49808286E+005  0.29679110E+004
  0.49841502E+005  0.29609466E+004
  0.49874739E+005  0.29539979E+004
  0.49907999E+005  0.29470648E+004
  0.49941281E+005  0.29401473E+004
  0.49974585E+005  0.29332454E+004
  0.50007912E+005  0.29263589E+004
  0.50041260E+005  0.29194879E+004
  0.50074631E+005  0.29126324E+004
  0.50108024E+005  0.29057923E+004
  0.50141440E+005  0.28989676E+004
  0.50174877E+005  0.28921582E+004
  0.50208337E+005  0.28853641E+004
  0.50241820E+005  0.28785854E+004
  0.50275324E+005  0.28718219E+004
  0.50308851E+005  0.28650736E+004
  0.50342400E+005  0.28583404E+004
  0.50375972E+005  0.28516225E+004
  0.50409566E+005  0.28449197E+004
  0.50443183E+005  0.28382319E+004
  0.50476821E+005  0.28315592E+004
  0.50510483E+005  0.28249016E+004
  0.50544166E+005  0.28182590E+004
  0.50577873E+005  0.28116313E+004
  0.50611601E+005  0.28050185E+004
  0.50645353E+005  0.27984207E+004
  0.50679126E+005  0.27918377E+004
  0.50712923E+005  0.27852696E+004
  0.50746741E+005  0.27787163E+004
  0.50780583E+005  0.27721777E+004
  0.50814446E+005  0.27656539E+004
  0.50848333E+005  0.27591448E+004
  0.50882242E+005  0.27526504E+004
  0.50916174E+005  0.27461707E+004
  0.50950128E+005  0.27397056E+004
  0.50984105E+005  0.27332550E+004
  0.51018105E+005  0.27268191E+004
  0.51052127E+005  0.27203976E+004
  0.51086172E+005  0.27139907E+004
  0.51120239E+005  0.27075982E+004
  0.51154330E+005  0.27012202E+004
  0.51188443E+005  0.26948565E+004
  0.51222579E+005  0.26885073E+004
  0.51256737E+005  0.26821724E+004
  0.51290919E+005  0.26758518E+004
  0.51325123E+005  0.26695454E+004
  0.51359350E+005  0.26632534E+004
  0.51393600E+005  0.26569756E+004
  0.51427873E+005  0.26507119E+004
  0.51462168E+005  0.26444624E+004
  0.51496487E+005  0.26382271E+004
  0.51530828E+005  0.26320059E+004
  0.51565192E+005  0.26257987E+004
  0.51599579E+005  0.26196056E+004
  0.51633989E+005  0.26134265E+004
  0.51668422E+005  0.26072614E+004
  0.51702878E+005  0.26011102E+004
  0.51737357E+005  0.25949729E+004
  0.51771859E+005  0.25888496E+004
  0.51806384E+005  0.25827401E+004
  0.51840932E+005  0.25766445E+004
  0.51875503E+005  0.25705626E+004
  0.51910097E+005  0.25644946E+004
  0.51944714E+005  0.25584403E+004
  0.51979354E+005  0.25523997E+004
  0.52014017E+005  0.25463728E+004
  0.52048704E+005  0.25403595E+004
  0.52083413E+005  0.25343599E+004
  0.52118146E+005  0.25283739E+004
  0.52152902E+005  0.25224015E+004
  0.52187681E+005  0.25164426E+004
  0.52222483E+005  0.25104972E+004
  0.52257309E+005  0.25045653E+004
  0.52292157E+005  0.24986469E+004
  0.52327029E+005  0.24927419E+004
  0.52361924E+005  0.24868503E+004
  0.52396843E+005  0.24809721E+004
  0.52431785E+005  0.24751072E+004
  0.52466750E+005  0.24692556E+004
  0.52501738E+005  0.24634173E+004
  0.52536750E+005  0.24575923E+004
  0.52571785E+005  0.24517805E+004
  0.52606843E+005  0.24459819E+004
  0.52641925E+005  0.24401965E+004
  0.52677030E+005  0.24344242E+004
  0.52712158E+005  0.24286650E+004
  0.52747310E+005  0.24229190E+004
  0.52782486E+005  0.24171860E+004
  0.52817685E+005  0.24114660E+004
  0.52852907E+005  0.24057590E+004
  0.52888153E+005  0.24000650E+004
  0.52923422E+005  0.23943840E+004
  0.52958715E+005  0.23887158E+004
  0.52994031E+005  0.23830606E+004
  0.53029371E+005  0.23774182E+004
  0.53064735E+005  0.23717887E+004
  0.53100122E+005  0.23661720E+004
  0.53135533E+005  0.23605681E+004
  0.53170967E+005  0.23549769E+004
  0.53206425E+005  0.23493985E+004
  0.53241907E+005  0.23438327E+004
  0.53277412E+005  0.23382797E+004
  0.53312941E+005  0.23327392E+004
  0.53348493E+005  0.23272114E+004
  0.53384070E+005  0.23216962E+004
  0.53419670E+005  0.23161936E+004
  0.53455294E+005  0.23107035E+004
  0.53490941E+005  0.23052259E+004
  0.53526612E+005  0.22997608E+004
  0.53562308E+005  0.22943081E+004
  0.53598027E+005  0.22888679E+004
  0.53633769E+005  0.22834401E+004
  0.53669536E+005  0.22780247E+004
  0.53705326E+005  0.22726216E+004
  0.53741141E+005  0.22672308E+004
  0.53776979E+005  0.22618524E+004
  0.53812841E+005  0.22564862E+004
  0.53848727E+005  0.22511323E+004
  0.53884637E+005  0.22457905E+004
  0.53920571E+005  0.22404610E+004
  0.53956528E+005  0.22351437E+004
  0.53992510E+005  0.22298384E+004
  0.54028516E+005  0.22245453E+004
  0.54064546E+005  0.22192643E+004
  0.54100600E+005  0.22139954E+004
  0.54136678E+005  0.22087384E+004
  0.54172780E+005  0.22034935E+004
  0.54208906E+005  0.21982606E+004
  0.54245056E+005  0.21930396E+004
  0.54281230E+005  0.21878306E+004
  0.54317428E+005  0.21826335E+004
  0.54353651E+005  0.21774482E+004
  0.54389897E+005  0.21722748E+004
  0.54426168E+005  0.21671133E+004
  0.54462463E+005  0.21619635E+004
  0.54498782E+005  0.21568256E+004
  0.54535126E+005  0.21516993E+004
  0.54571493E+005  0.21465848E+004
  0.54607885E+005  0.21414820E+004
  0.54644302E+005  0.21363909E+004
  0.54680742E+005  0.21313115E+004
  0.54717207E+005  0.21262436E+004
  0.54753696E+005  0.21211874E+004
  0.54790209E+005  0.21161427E+004
  0.54826747E+005  0.21111096E+004
  0.54863309E+005  0.21060881E+004
  0.54899896E+005  0.21010780E+004
  0.54936507E+005  0.20960794E+004
  0.54973142E+005  0.20910922E+004
  0.55009802E+005  0.20861165E+004
  0.55046486E+005  0.20811522E+004
  0.55083195E+005  0.20761992E+004
  0.55119928E+005  0.20712577E+004
  0.55156685E+005  0.20663274E+004
  0.55193468E+005  0.20614084E+004
  0.55230274E+005  0.20565008E+004
  0.55267105E+005  0.20516043E+004
  0.55303961E+005  0.20467192E+004
  0.55340842E+005  0.20418452E+004
  0.55377747E+005  0.20369824E+004
  0.55414676E+005  0.20321307E+004
  0.55451630E+005  0.20272902E+004
  0.55488609E+005  0.20224608E+004
  0.55525613E+005  0.20176425E+004
  0.55562641E+005  0.20128352E+004
  0.55599694E+005  0.20080390E+004
  0.55636771E+005  0.20032538E+004
  0.55673874E+005  0.19984796E+004
  0.55711001E+005  0.19937163E+004
  0.55748153E+005  0.19889640E+004
  0.55785329E+005  0.19842226E+004
  0.55822530E+005  0.19794921E+004
  0.55859757E+005  0.19747725E+004
  0.55897008E+005  0.19700637E+004
  0.55934284E+005  0.19653658E+004
  0.55971584E+005  0.19606786E+004
  0.56008910E+005  0.19560022E+004
  0.56046260E+005  0.19513366E+004
  0.56083636E+005  0.19466817E+004
  0.56121036E+005  0.19420375E+004
  0.56158461E+005  0.19374039E+004
  0.56195911E+005  0.19327811E+004
  0.56233387E+005  0.19281689E+004
  0.56270887E+005  0.19235673E+004
  0.56308412E+005  0.19189762E+004
  0.56345962E+005  0.19143958E+004
  0.56383537E+005  0.19098259E+004
  0.56421138E+005  0.19052665E+004
  0.56458763E+005  0.19007176E+004
  0.56496414E+005  0.18961792E+004
  0.56534089E+005  0.18916512E+004
  0.56571790E+005  0.18871337E+004
  0.56609516E+005  0.18826265E+004
  0.56647267E+005  0.18781298E+004
  0.56685043E+005  0.18736434E+004
  0.56722844E+005  0.18691673E+004
  0.56760671E+005  0.18647016E+004
  0.56798523E+005  0.18602462E+004
  0.56836400E+005  0.18558010E+004
  0.56874302E+005  0.18513661E+004
  0.56912230E+005  0.18469414E+004
  0.56950182E+005  0.18425269E+004
  0.56988161E+005  0.18381226E+004
  0.57026164E+005  0.18337284E+004
  0.57064193E+005  0.18293444E+004
  0.57102247E+005  0.18249705E+004
  0.57140327E+005  0.18206067E+004
  0.57178432E+005  0.18162529E+004
  0.57216562E+005  0.18119092E+004
  0.57254718E+005  0.18075755E+004
  0.57292899E+005  0.18032519E+004
  0.57331106E+005  0.17989382E+004
  0.57369338E+005  0.17946345E+004
  0.57407596E+005  0.17903407E+004
  0.57445879E+005  0.17860568E+004
  0.57484188E+005  0.17817828E+004
  0.57522522E+005  0.17775187E+004
  0.57560882E+005  0.17732645E+004
  0.57599267E+005  0.17690201E+004
  0.57637678E+005  0.17647854E+004
  0.57676115E+005  0.17605606E+004
  0.57714577E+005  0.17563456E+004
  0.57753065E+005  0.17521402E+004
  0.57791579E+005  0.17479447E+004
  0.57830118E+005  0.17437588E+004
  0.57868683E+005  0.17395825E+004
  0.57907274E+005  0.17354160E+004
  0.57945890E+005  0.17312591E+004
  0.57984532E+005  0.17271118E+004
  0.58023200E+005  0.17229741E+004
  0.58061894E+005  0.17188459E+004
  0.58100614E+005  0.17147273E+004
  0.58139359E+005  0.17106183E+004
  0.58178130E+005  0.17065188E+004
  0.58216927E+005  0.17024287E+004
  0.58255750E+005  0.16983481E+004
  0.58294599E+005  0.16942770E+004
  0.58333474E+005  0.16902153E+004
  0.58372374E+005  0.16861630E+004
  0.58411301E+005  0.16821201E+004
  0.58450254E+005  0.16780866E+004
  0.58489232E+005  0.16740624E+004
  0.58528237E+005  0.16700475E+004
  0.58567267E+005  0.16660419E+004
  0.58606324E+005  0.16620456E+004
  0.58645406E+005  0.16580586E+004
  0.58684515E+005  0.16540808E+004
  0.58723650E+005  0.16501122E+004
  0.58762811E+005  0.16461529E+004
  0.58801998E+005  0.16422027E+004
  0.58841211E+005  0.16382617E+004
  0.58880450E+005  0.16343298E+004
  0.58919715E+005  0.16304071E+004
  0.58959007E+005  0.16264934E+004
  0.58998325E+005  0.16225888E+004
  0.59037669E+005  0.16186933E+004
  0.59077039E+005  0.16148068E+004
  0.59116436E+005  0.16109294E+004
  0.59155858E+005  0.16070609E+004
  0.59195307E+005  0.16032014E+004
  0.59234783E+005  0.15993509E+004
  0.59274284E+005  0.15955094E+004
  0.59313812E+005  0.15916767E+004
  0.59353367E+005  0.15878530E+004
  0.59392948E+005  0.15840381E+004
  0.59432555E+005  0.15802321E+004
  0.59472188E+005  0.15764349E+004
  0.59511848E+005  0.15726466E+004
  0.59551535E+005  0.15688671E+004
  0.59591248E+005  0.15650963E+004
  0.59630987E+005  0.15613343E+004
  0.59670753E+005  0.15575811E+004
  0.59710546E+005  0.15538366E+004
  0.59750365E+005  0.15501008E+004
  0.59790210E+005  0.15463736E+004
  0.59830082E+005  0.15426552E+004
  0.59869981E+005  0.15389454E+004
  0.59909906E+005  0.15352442E+004
  0.59949858E+005  0.15315516E+004
  0.59989837E+005  0.15278677E+004
  0.60029842E+005  0.15241923E+004
  0.60069874E+005  0.15205254E+004
  0.60109932E+005  0.15168671E+004
  0.60150018E+005  0.15132173E+004
  0.60190130E+005  0.15095760E+004
  0.60230269E+005  0.15059432E+004
  0.60270434E+005  0.15023188E+004
  0.60310627E+005  0.14987029E+004
  0.60350846E+005  0.14950954E+004
  0.60391092E+005  0.14914963E+004
  0.60431364E+005  0.14879056E+004
  0.60471664E+005  0.14843232E+004
  0.60511991E+005  0.14807492E+004
  0.60552344E+005  0.14771835E+004
  0.60592724E+005  0.14736262E+004
  0.60633132E+005  0.14700771E+004
  0.60673566E+005  0.14665363E+004
  0.60714027E+005  0.14630037E+004
  0.60754515E+005  0.14594794E+004
  0.60795030E+005  0.14559633E+004
  0.60835573E+005  0.14524555E+004
  0.60876142E+005  0.14489557E+004
  0.60916738E+005  0.14454642E+004
  0.60957361E+005  0.14419808E+004
  0.60998012E+005  0.14385055E+004
  0.61038689E+005  0.14350384E+004
  0.61079394E+005  0.14315793E+004
  0.61120126E+005  0.14281283E+004
  0.61160885E+005  0.14246853E+004
  0.61201671E+005  0.14212504E+004
  0.61242484E+005  0.14178235E+004
  0.61283325E+005  0.14144046E+004
  0.61324193E+005  0.14109937E+004
  0.61365088E+005  0.14075908E+004
  0.61406010E+005  0.14041958E+004
  0.61446960E+005  0.14008087E+004
  0.61487937E+005  0.13974296E+004
  0.61528941E+005  0.13940583E+004
  0.61569973E+005  0.13906949E+004
  0.61611032E+005  0.13873394E+004
  0.61652118E+005  0.13839917E+004
  0.61693232E+005  0.13806519E+004
  0.61734373E+005  0.13773198E+004
  0.61775541E+005  0.13739956E+004
  0.61816737E+005  0.13706791E+004
  0.61857961E+005  0.13673704E+004
  0.61899212E+005  0.13640694E+004
  0.61940491E+005  0.13607761E+004
  0.61981797E+005  0.13574905E+004
  0.62023130E+005  0.13542127E+004
  0.62064491E+005  0.13509424E+004
  0.62105880E+005  0.13476799E+004
  0.62147296E+005  0.13444250E+004
  0.62188740E+005  0.13411776E+004
  0.62230212E+005  0.13379379E+004
  0.62271711E+005  0.13347058E+004
  0.62313238E+005  0.13314813E+004
  0.62354793E+005  0.13282642E+004
  0.62396375E+005  0.13250548E+004
  0.62437985E+005  0.13218528E+004
  0.62479623E+005  0.13186583E+004
  0.62521289E+005  0.13154714E+004
  0.62562982E+005  0.13122918E+004
  0.62604703E+005  0.13091198E+004
  0.62646452E+005  0.13059551E+004
  0.62688229E+005  0.13027979E+004
  0.62730034E+005  0.12996481E+004
  0.62771866E+005  0.12965057E+004
  0.62813727E+005  0.12933706E+004
  0.62855615E+005  0.12902429E+004
  0.62897531E+005  0.12871225E+004
  0.62939476E+005  0.12840094E+004
  0.62981448E+005  0.12809036E+004
  0.63023448E+005  0.12778051E+004
  0.63065476E+005  0.12747139E+004
  0.63107533E+005  0.12716299E+004
  0.63149617E+005  0.12685532E+004
  0.63191729E+005  0.12654837E+004
  0.63233870E+005  0.12624214E+004
  0.63276038E+005  0.12593662E+004
  0.63318235E+005  0.12563183E+004
  0.63360460E+005  0.12532775E+004
  0.63402713E+005  0.12502438E+004
  0.63444994E+005  0.12472172E+004
  0.63487303E+005  0.12441978E+004
  0.63529641E+005  0.12411854E+004
  0.63572007E+005  0.12381802E+004
  0.63614401E+005  0.12351819E+004
  0.63656823E+005  0.12321908E+004
  0.63699274E+005  0.12292066E+004
  0.63741753E+005  0.12262295E+004
  0.63784260E+005  0.12232593E+004
  0.63826795E+005  0.12202962E+004
  0.63869359E+005  0.12173400E+004
  0.63911952E+005  0.12143907E+004
  0.63954573E+005  0.12114484E+004
  0.63997222E+005  0.12085130E+004
  0.64039899E+005  0.12055845E+004
  0.64082605E+005  0.12026628E+004
  0.64125340E+005  0.11997481E+004
  0.64168103E+005  0.11968402E+004
  0.64210895E+005  0.11939391E+004
  0.64253715E+005  0.11910449E+004
  0.64296563E+005  0.11881574E+004
  0.64339441E+005  0.11852768E+004
  0.64382346E+005  0.11824030E+004
  0.64425281E+005  0.11795359E+004
  0.64468244E+005  0.11766755E+004
  0.64511236E+005  0.11738219E+004
  0.64554256E+005  0.11709750E+004
  0.64597305E+005  0.11681348E+004
  0.64640383E+005  0.11653013E+004
  0.64683489E+005  0.11624744E+004
  0.64726625E+005  0.11596543E+004
  0.64769789E+005  0.11568407E+004
  0.64812982E+005  0.11540338E+004
  0.64856203E+005  0.11512335E+004
  0.64899454E+005  0.11484398E+004
  0.64942733E+005  0.11456526E+004
  0.64986041E+005  0.11428721E+004
  0.65029378E+005  0.11400981E+004
  0.65072744E+005  0.11373306E+004
  0.65116139E+005  0.11345697E+004
  0.65159563E+005  0.11318152E+004
  0.65203015E+005  0.11290673E+004
  0.65246497E+005  0.11263258E+004
  0.65290008E+005  0.11235908E+004
  0.65333548E+005  0.11208622E+004
  0.65377116E+005  0.11181401E+004
  0.65420714E+005  0.11154244E+004
  0.65464341E+005  0.11127151E+004
  0.65507997E+005  0.11100122E+004
  0.65551682E+005  0.11073156E+004
  0.65595396E+005  0.11046255E+004
  0.65639140E+005  0.11019417E+004
  0.65682912E+005  0.10992642E+004
  0.65726714E+005  0.10965930E+004
  0.65770545E+005  0.10939281E+004
  0.65814405E+005  0.10912695E+004
  0.65858295E+005  0.10886172E+004
  0.65902213E+005  0.10859712E+004
  0.65946161E+005  0.10833314E+004
  0.65990139E+005  0.10806979E+004
  0.66034145E+005  0.10780705E+004
  0.66078181E+005  0.10754494E+004
  0.66122247E+005  0.10728344E+004
  0.66166341E+005  0.10702257E+004
  0.66210465E+005  0.10676231E+004
  0.66254619E+005  0.10650266E+004
  0.66298802E+005  0.10624363E+004
  0.66343014E+005  0.10598521E+004
  0.66387256E+005  0.10572740E+004
  0.66431528E+005  0.10547020E+004
  0.66475829E+005  0.10521361E+004
  0.66520159E+005  0.10495763E+004
  0.66564519E+005  0.10470225E+004
  0.66608909E+005  0.10444747E+004
  0.66653328E+005  0.10419330E+004
  0.66697777E+005  0.10393973E+004
  0.66742256E+005  0.10368675E+004
  0.66786764E+005  0.10343438E+004
  0.66831302E+005  0.10318260E+004
  0.66875869E+005  0.10293142E+004
  0.66920467E+005  0.10268083E+004
  0.66965094E+005  0.10243084E+004
  0.67009750E+005  0.10218144E+004
  0.67054437E+005  0.10193263E+004
  0.67099153E+005  0.10168440E+004
  0.67143900E+005  0.10143677E+004
  0.67188676E+005  0.10118972E+004
  0.67233482E+005  0.10094325E+004
  0.67278317E+005  0.10069737E+004
  0.67323183E+005  0.10045207E+004
  0.67368079E+005  0.10020736E+004
  0.67413004E+005  0.99963219E+003
  0.67457960E+005  0.99719659E+003
  0.67502945E+005  0.99476676E+003
  0.67547960E+005  0.99234269E+003
  0.67593006E+005  0.98992437E+003
  0.67638082E+005  0.98751177E+003
  0.67683187E+005  0.98510490E+003
  0.67728323E+005  0.98270372E+003
  0.67773489E+005  0.98030824E+003
  0.67818684E+005  0.97791844E+003
  0.67863910E+005  0.97553430E+003
  0.67909167E+005  0.97315582E+003
  0.67954453E+005  0.97078298E+003
  0.67999770E+005  0.96841576E+003
  0.68045116E+005  0.96605416E+003
  0.68090493E+005  0.96369815E+003
  0.68135901E+005  0.96134774E+003
  0.68181338E+005  0.95900290E+003
  0.68226806E+005  0.95666363E+003
  0.68272304E+005  0.95432991E+003
  0.68317833E+005  0.95200172E+003
  0.68363392E+005  0.94967906E+003
  0.68408981E+005  0.94736192E+003
  0.68454601E+005  0.94505027E+003
  0.68500251E+005  0.94274411E+003
  0.68545931E+005  0.94044342E+003
  0.68591642E+005  0.93814820E+003
  0.68637384E+005  0.93585843E+003
  0.68683156E+005  0.93357409E+003
  0.68728958E+005  0.93129519E+003
  0.68774791E+005  0.92902169E+003
  0.68820655E+005  0.92675359E+003
  0.68866549E+005  0.92449088E+003
  0.68912474E+005  0.92223355E+003
  0.68958429E+005  0.91998158E+003
  0.69004415E+005  0.91773496E+003
  0.69050432E+005  0.91549368E+003
  0.69096480E+005  0.91325773E+003
  0.69142558E+005  0.91102710E+003
  0.69188667E+005  0.90880176E+003
  0.69234806E+005  0.90658172E+003
  0.69280977E+005  0.90436695E+003
  0.69327178E+005  0.90215745E+003
  0.69373410E+005  0.89995320E+003
  0.69419673E+005  0.89775420E+003
  0.69465966E+005  0.89556042E+003
  0.69512291E+005  0.89337187E+003
  0.69558646E+005  0.89118852E+003
  0.69605033E+005  0.88901036E+003
  0.69651450E+005  0.88683739E+003
  0.69697898E+005  0.88466958E+003
  0.69744377E+005  0.88250694E+003
  0.69790887E+005  0.88034944E+003
  0.69837429E+005  0.87819708E+003
  0.69884001E+005  0.87604984E+003
  0.69930604E+005  0.87390771E+003
  0.69977239E+005  0.87177069E+003
  0.70023904E+005  0.86963875E+003
  0.70070601E+005  0.86751188E+003
  0.70117329E+005  0.86539009E+003
  0.70164087E+005  0.86327334E+003
  0.70210878E+005  0.86116164E+003
  0.70257699E+005  0.85905496E+003
  0.70304551E+005  0.85695331E+003
  0.70351435E+005  0.85485666E+003
  0.70398350E+005  0.85276501E+003
  0.70445296E+005  0.85067834E+003
  0.70492274E+005  0.84859664E+003
  0.70539283E+005  0.84651991E+003
  0.70586323E+005  0.84444813E+003
  0.70633395E+005  0.84238128E+003
  0.70680498E+005  0.84031936E+003
  0.70727633E+005  0.83826236E+003
  0.70774798E+005  0.83621026E+003
  0.70821996E+005  0.83416305E+003
  0.70869225E+005  0.83212073E+003
  0.70916485E+005  0.83008328E+003
  0.70963777E+005  0.82805069E+003
  0.71011100E+005  0.82602294E+003
  0.71058455E+005  0.82400003E+003
  0.71105842E+005  0.82198195E+003
  0.71153260E+005  0.81996869E+003
  0.71200709E+005  0.81796023E+003
  0.71248191E+005  0.81595656E+003
  0.71295704E+005  0.81395767E+003
  0.71343249E+005  0.81196355E+003
  0.71390825E+005  0.80997420E+003
  0.71438433E+005  0.80798959E+003
  0.71486073E+005  0.80600972E+003
  0.71533745E+005  0.80403458E+003
  0.71581448E+005  0.80206416E+003
  0.71629184E+005  0.80009844E+003
  0.71676951E+005  0.79813741E+003
  0.71724750E+005  0.79618107E+003
  0.71772581E+005  0.79422940E+003
  0.71820443E+005  0.79228240E+003
  0.71868338E+005  0.79034004E+003
  0.71916265E+005  0.78840233E+003
  0.71964223E+005  0.78646925E+003
  0.72012214E+005  0.78454078E+003
  0.72060236E+005  0.78261693E+003
  0.72108291E+005  0.78069767E+003
  0.72156377E+005  0.77878300E+003
  0.72204496E+005  0.77687291E+003
  0.72252647E+005  0.77496738E+003
  0.72300830E+005  0.77306641E+003
  0.72349045E+005  0.77116999E+003
  0.72397292E+005  0.76927810E+003
  0.72445571E+005  0.76739074E+003
  0.72493883E+005  0.76550788E+003
  0.72542227E+005  0.76362954E+003
  0.72590603E+005  0.76175568E+003
  0.72639011E+005  0.75988631E+003
  0.72687451E+005  0.75802141E+003
  0.72735924E+005  0.75616098E+003
  0.72784429E+005  0.75430499E+003
  0.72832967E+005  0.75245345E+003
  0.72881537E+005  0.75060634E+003
  0.72930139E+005  0.74876365E+003
  0.72978774E+005  0.74692537E+003
  0.73027441E+005  0.74509149E+003
  0.73076140E+005  0.74326201E+003
  0.73124872E+005  0.74143690E+003
  0.73173637E+005  0.73961616E+003
  0.73222434E+005  0.73779979E+003
  0.73271264E+005  0.73598776E+003
  0.73320126E+005  0.73418007E+003
  0.73369021E+005  0.73237672E+003
  0.73417948E+005  0.73057768E+003
  0.73466908E+005  0.72878295E+003
  0.73515900E+005  0.72699253E+003
  0.73564926E+005  0.72520639E+003
  0.73613984E+005  0.72342454E+003
  0.73663075E+005  0.72164695E+003
  0.73712198E+005  0.71987363E+003
  0.73761354E+005  0.71810455E+003
  0.73810543E+005  0.71633972E+003
  0.73859765E+005  0.71457911E+003
  0.73909020E+005  0.71282273E+003
  0.73958307E+005  0.71107056E+003
  0.74007627E+005  0.70932259E+003
  0.74056981E+005  0.70757882E+003
  0.74106367E+005  0.70583922E+003
  0.74155786E+005  0.70410380E+003
  0.74205238E+005  0.70237254E+003
  0.74254723E+005  0.70064544E+003
  0.74304241E+005  0.69892247E+003
  0.74353792E+005  0.69720365E+003
  0.74403376E+005  0.69548894E+003
  0.74452993E+005  0.69377835E+003
  0.74502643E+005  0.69207187E+003
  0.74552327E+005  0.69036948E+003
  0.74602043E+005  0.68867118E+003
  0.74651793E+005  0.68697695E+003
  0.74701575E+005  0.68528680E+003
  0.74751391E+005  0.68360070E+003
  0.74801241E+005  0.68191864E+003
  0.74851123E+005  0.68024063E+003
  0.74901039E+005  0.67856665E+003
  0.74950988E+005  0.67689669E+003
  0.75000970E+005  0.67523074E+003
  0.75050986E+005  0.67356879E+003
  0.75101035E+005  0.67191083E+003
  0.75151117E+005  0.67025686E+003
  0.75201233E+005  0.66860686E+003
  0.75251382E+005  0.66696082E+003
  0.75301565E+005  0.66531874E+003
  0.75351781E+005  0.66368061E+003
  0.75402031E+005  0.66204641E+003
  0.75452314E+005  0.66041615E+003
  0.75502630E+005  0.65878980E+003
  0.75552980E+005  0.65716736E+003
  0.75603364E+005  0.65554882E+003
  0.75653782E+005  0.65393417E+003
  0.75704233E+005  0.65232341E+003
  0.75754717E+005  0.65071652E+003
  0.75805236E+005  0.64911349E+003
  0.75855788E+005  0.64751432E+003
  0.75906373E+005  0.64591899E+003
  0.75956993E+005  0.64432751E+003
  0.76007646E+005  0.64273985E+003
  0.76058333E+005  0.64115601E+003
  0.76109054E+005  0.63957598E+003
  0.76159808E+005  0.63799976E+003
  0.76210597E+005  0.63642733E+003
  0.76261419E+005  0.63485868E+003
  0.76312275E+005  0.63329381E+003
  0.76363165E+005  0.63173270E+003
  0.76414089E+005  0.63017535E+003
  0.76465047E+005  0.62862176E+003
  0.76516039E+005  0.62707190E+003
  0.76567065E+005  0.62552577E+003
  0.76618125E+005  0.62398337E+003
  0.76669219E+005  0.62244468E+003
  0.76720348E+005  0.62090970E+003
  0.76771510E+005  0.61937841E+003
  0.76822706E+005  0.61785082E+003
  0.76873937E+005  0.61632690E+003
  0.76925201E+005  0.61480666E+003
  0.76976500E+005  0.61329007E+003
  0.77027833E+005  0.61177715E+003
  0.77079201E+005  0.61026786E+003
  0.77130602E+005  0.60876222E+003
  0.77182038E+005  0.60726020E+003
  0.77233508E+005  0.60576181E+003
  0.77285013E+005  0.60426702E+003
  0.77336551E+005  0.60277584E+003
  0.77388124E+005  0.60128826E+003
  0.77439732E+005  0.59980426E+003
  0.77491374E+005  0.59832384E+003
  0.77543050E+005  0.59684699E+003
  0.77594761E+005  0.59537370E+003
  0.77646507E+005  0.59390396E+003
  0.77698287E+005  0.59243777E+003
  0.77750101E+005  0.59097512E+003
  0.77801950E+005  0.58951599E+003
  0.77853833E+005  0.58806038E+003
  0.77905752E+005  0.58660829E+003
  0.77957704E+005  0.58515970E+003
  0.78009692E+005  0.58371461E+003
  0.78061714E+005  0.58227300E+003
  0.78113771E+005  0.58083487E+003
  0.78165862E+005  0.57940022E+003
  0.78217988E+005  0.57796902E+003
  0.78270149E+005  0.57654128E+003
  0.78322345E+005  0.57511699E+003
  0.78374576E+005  0.57369614E+003
  0.78426841E+005  0.57227872E+003
  0.78479141E+005  0.57086472E+003
  0.78531476E+005  0.56945414E+003
  0.78583846E+005  0.56804696E+003
  0.78636251E+005  0.56664318E+003
  0.78688691E+005  0.56524279E+003
  0.78741166E+005  0.56384579E+003
  0.78793676E+005  0.56245216E+003
  0.78846221E+005  0.56106189E+003
  0.78898801E+005  0.55967499E+003
  0.78951416E+005  0.55829144E+003
  0.79004066E+005  0.55691123E+003
  0.79056751E+005  0.55553436E+003
  0.79109471E+005  0.55416081E+003
  0.79162227E+005  0.55279059E+003
  0.79215017E+005  0.55142367E+003
  0.79267843E+005  0.55006006E+003
  0.79320704E+005  0.54869975E+003
  0.79373601E+005  0.54734273E+003
  0.79426532E+005  0.54598899E+003
  0.79479499E+005  0.54463852E+003
  0.79532501E+005  0.54329132E+003
  0.79585539E+005  0.54194738E+003
  0.79638612E+005  0.54060668E+003
  0.79691720E+005  0.53926924E+003
  0.79744864E+005  0.53793502E+003
  0.79798043E+005  0.53660404E+003
  0.79851258E+005  0.53527627E+003
  0.79904508E+005  0.53395172E+003
  0.79957794E+005  0.53263037E+003
  0.80011115E+005  0.53131222E+003
  0.80064472E+005  0.52999726E+003
  0.80117864E+005  0.52868548E+003
  0.80171292E+005  0.52737688E+003
  0.80224755E+005  0.52607145E+003
  0.80278255E+005  0.52476918E+003
  0.80331790E+005  0.52347006E+003
  0.80385360E+005  0.52217408E+003
  0.80438966E+005  0.52088125E+003
  0.80492609E+005  0.51959154E+003
  0.80546286E+005  0.51830496E+003
  0.80600000E+005  0.51702149E+003
  0.80653749E+005  0.51574114E+003
  0.80707535E+005  0.51446388E+003
  0.80761356E+005  0.51318972E+003
  0.80815213E+005  0.51191864E+003
  0.80869106E+005  0.51065065E+003
  0.80923035E+005  0.50938573E+003
  0.80977000E+005  0.50812387E+003
  0.81031001E+005  0.50686507E+003
  0.81085037E+005  0.50560932E+003
  0.81139110E+005  0.50435662E+003
  0.81193219E+005  0.50310695E+003
  0.81247364E+005  0.50186031E+003
  0.81301546E+005  0.50061670E+003
  0.81355763E+005  0.49937610E+003
  0.81410016E+005  0.49813850E+003
  0.81464306E+005  0.49690391E+003
  0.81518632E+005  0.49567231E+003
  0.81572994E+005  0.49444370E+003
  0.81627392E+005  0.49321807E+003
  0.81681827E+005  0.49199541E+003
  0.81736298E+005  0.49077572E+003
  0.81790805E+005  0.48955899E+003
  0.81845348E+005  0.48834521E+003
  0.81899928E+005  0.48713437E+003
  0.81954545E+005  0.48592647E+003
  0.82009197E+005  0.48472150E+003
  0.82063887E+005  0.48351946E+003
  0.82118612E+005  0.48232033E+003
  0.82173375E+005  0.48112412E+003
  0.82228173E+005  0.47993081E+003
  0.82283008E+005  0.47874039E+003
  0.82337880E+005  0.47755287E+003
  0.82392789E+005  0.47636822E+003
  0.82447734E+005  0.47518646E+003
  0.82502715E+005  0.47400756E+003
  0.82557734E+005  0.47283153E+003
  0.82612789E+005  0.47165835E+003
  0.82667880E+005  0.47048802E+003
  0.82723009E+005  0.46932054E+003
  0.82778174E+005  0.46815589E+003
  0.82833376E+005  0.46699407E+003
  0.82888615E+005  0.46583507E+003
  0.82943890E+005  0.46467889E+003
  0.82999203E+005  0.46352552E+003
  0.83054552E+005  0.46237495E+003
  0.83109939E+005  0.46122717E+003
  0.83165362E+005  0.46008219E+003
  0.83220822E+005  0.45893999E+003
  0.83276319E+005  0.45780056E+003
  0.83331854E+005  0.45666390E+003
  0.83387425E+005  0.45553001E+003
  0.83443033E+005  0.45439887E+003
  0.83498678E+005  0.45327049E+003
  0.83554361E+005  0.45214485E+003
  0.83610081E+005  0.45102194E+003
  0.83665837E+005  0.44990177E+003
  0.83721631E+005  0.44878432E+003
  0.83777462E+005  0.44766958E+003
  0.83833331E+005  0.44655756E+003
  0.83889237E+005  0.44544825E+003
  0.83945179E+005  0.44434163E+003
  0.84001160E+005  0.44323770E+003
  0.84057177E+005  0.44213647E+003
  0.84113232E+005  0.44103791E+003
  0.84169325E+005  0.43994202E+003
  0.84225454E+005  0.43884880E+003
  0.84281621E+005  0.43775824E+003
  0.84337826E+005  0.43667033E+003
  0.84394068E+005  0.43558508E+003
  0.84450348E+005  0.43450246E+003
  0.84506665E+005  0.43342248E+003
  0.84563020E+005  0.43234513E+003
  0.84619412E+005  0.43127040E+003
  0.84675842E+005  0.43019829E+003
  0.84732309E+005  0.42912879E+003
  0.84788814E+005  0.42806190E+003
  0.84845357E+005  0.42699760E+003
  0.84901938E+005  0.42593589E+003
  0.84958556E+005  0.42487677E+003
  0.85015212E+005  0.42382024E+003
  0.85071906E+005  0.42276627E+003
  0.85128637E+005  0.42171487E+003
  0.85185407E+005  0.42066604E+003
  0.85242214E+005  0.41961975E+003
  0.85299059E+005  0.41857602E+003
  0.85355942E+005  0.41753483E+003
  0.85412864E+005  0.41649618E+003
  0.85469823E+005  0.41546007E+003
  0.85526820E+005  0.41442647E+003
  0.85583854E+005  0.41339540E+003
  0.85640928E+005  0.41236684E+003
  0.85698039E+005  0.41134078E+003
  0.85755188E+005  0.41031723E+003
  0.85812375E+005  0.40929617E+003
  0.85869600E+005  0.40827761E+003
  0.85926864E+005  0.40726153E+003
  0.85984166E+005  0.40624792E+003
  0.86041506E+005  0.40523679E+003
  0.86098884E+005  0.40422812E+003
  0.86156300E+005  0.40322191E+003
  0.86213755E+005  0.40221816E+003
  0.86271248E+005  0.40121686E+003
  0.86328780E+005  0.40021800E+003
  0.86386350E+005  0.39922158E+003
  0.86443958E+005  0.39822758E+003
  0.86501604E+005  0.39723602E+003
  0.86559289E+005  0.39624687E+003
  0.86617013E+005  0.39526014E+003
  0.86674775E+005  0.39427582E+003
  0.86732575E+005  0.39329389E+003
  0.86790414E+005  0.39231437E+003
  0.86848292E+005  0.39133724E+003
  0.86906208E+005  0.39036249E+003
  0.86964163E+005  0.38939012E+003
  0.87022157E+005  0.38842012E+003
  0.87080189E+005  0.38745250E+003
  0.87138260E+005  0.38648724E+003
  0.87196369E+005  0.38552433E+003
  0.87254518E+005  0.38456378E+003
  0.87312705E+005  0.38360557E+003
  0.87370931E+005  0.38264970E+003
  0.87429196E+005  0.38169617E+003
  0.87487499E+005  0.38074497E+003
  0.87545842E+005  0.37979609E+003
  0.87604223E+005  0.37884953E+003
  0.87662643E+005  0.37790528E+003
  0.87721103E+005  0.37696334E+003
  0.87779601E+005  0.37602370E+003
  0.87838138E+005  0.37508636E+003
  0.87896715E+005  0.37415131E+003
  0.87955330E+005  0.37321854E+003
  0.88013984E+005  0.37228806E+003
  0.88072678E+005  0.37135985E+003
  0.88131411E+005  0.37043391E+003
  0.88190183E+005  0.36951023E+003
  0.88248994E+005  0.36858881E+003
  0.88307844E+005  0.36766964E+003
  0.88366734E+005  0.36675272E+003
  0.88425663E+005  0.36583805E+003
  0.88484631E+005  0.36492561E+003
  0.88543638E+005  0.36401540E+003
  0.88602685E+005  0.36310742E+003
  0.88661771E+005  0.36220166E+003
  0.88720897E+005  0.36129812E+003
  0.88780062E+005  0.36039678E+003
  0.88839266E+005  0.35949765E+003
  0.88898510E+005  0.35860073E+003
  0.88957794E+005  0.35770599E+003
  0.89017117E+005  0.35681345E+003
  0.89076479E+005  0.35592309E+003
  0.89135881E+005  0.35503491E+003
  0.89195323E+005  0.35414890E+003
  0.89254804E+005  0.35326506E+003
  0.89314325E+005  0.35238339E+003
  0.89373886E+005  0.35150387E+003
  0.89433487E+005  0.35062651E+003
  0.89493127E+005  0.34975129E+003
  0.89552807E+005  0.34887822E+003
  0.89612527E+005  0.34800728E+003
  0.89672286E+005  0.34713848E+003
  0.89732086E+005  0.34627181E+003
  0.89791925E+005  0.34540726E+003
  0.89851804E+005  0.34454483E+003
  0.89911723E+005  0.34368450E+003
  0.89971683E+005  0.34282629E+003
  0.90031682E+005  0.34197018E+003
  0.90091721E+005  0.34111617E+003
  0.90151800E+005  0.34026424E+003
  0.90211919E+005  0.33941441E+003
  0.90272079E+005  0.33856666E+003
  0.90332278E+005  0.33772099E+003
  0.90392518E+005  0.33687738E+003
  0.90452797E+005  0.33603585E+003
  0.90513117E+005  0.33519638E+003
  0.90573478E+005  0.33435897E+003
  0.90633878E+005  0.33352361E+003
  0.90694319E+005  0.33269029E+003
  0.90754800E+005  0.33185902E+003
  0.90815321E+005  0.33102979E+003
  0.90875883E+005  0.33020259E+003
  0.90936485E+005  0.32937742E+003
  0.90997127E+005  0.32855428E+003
  0.91057810E+005  0.32773315E+003
  0.91118534E+005  0.32691403E+003
  0.91179298E+005  0.32609693E+003
  0.91240102E+005  0.32528183E+003
  0.91300947E+005  0.32446873E+003
  0.91361833E+005  0.32365762E+003
  0.91422759E+005  0.32284851E+003
  0.91483726E+005  0.32204137E+003
  0.91544733E+005  0.32123622E+003
  0.91605781E+005  0.32043305E+003
  0.91666870E+005  0.31963184E+003
  0.91728000E+005  0.31883261E+003
  0.91789170E+005  0.31803533E+003
  0.91850381E+005  0.31724001E+003
  0.91911633E+005  0.31644664E+003
  0.91972926E+005  0.31565522E+003
  0.92034260E+005  0.31486575E+003
  0.92095634E+005  0.31407821E+003
  0.92157050E+005  0.31329260E+003
  0.92218506E+005  0.31250893E+003
  0.92280004E+005  0.31172717E+003
  0.92341542E+005  0.31094734E+003
  0.92403122E+005  0.31016942E+003
  0.92464742E+005  0.30939342E+003
  0.92526404E+005  0.30861932E+003
  0.92588107E+005  0.30784712E+003
  0.92649850E+005  0.30707681E+003
  0.92711636E+005  0.30630840E+003
  0.92773462E+005  0.30554188E+003
  0.92835329E+005  0.30477724E+003
  0.92897238E+005  0.30401448E+003
  0.92959188E+005  0.30325360E+003
  0.93021180E+005  0.30249458E+003
  0.93083212E+005  0.30173743E+003
  0.93145286E+005  0.30098214E+003
  0.93207402E+005  0.30022870E+003
  0.93269559E+005  0.29947712E+003
  0.93331757E+005  0.29872739E+003
  0.93393997E+005  0.29797949E+003
  0.93456278E+005  0.29723344E+003
  0.93518601E+005  0.29648922E+003
  0.93580966E+005  0.29574683E+003
  0.93643372E+005  0.29500627E+003
  0.93705819E+005  0.29426752E+003
  0.93768309E+005  0.29353060E+003
  0.93830840E+005  0.29279548E+003
  0.93893412E+005  0.29206218E+003
  0.93956027E+005  0.29133068E+003
  0.94018683E+005  0.29060097E+003
  0.94081381E+005  0.28987306E+003
  0.94144121E+005  0.28914695E+003
  0.94206902E+005  0.28842261E+003
  0.94269726E+005  0.28770007E+003
  0.94332591E+005  0.28697929E+003
  0.94395498E+005  0.28626030E+003
  0.94458447E+005  0.28554307E+003
  0.94521439E+005  0.28482760E+003
  0.94584472E+005  0.28411390E+003
  0.94647547E+005  0.28340196E+003
  0.94710664E+005  0.28269176E+003
  0.94773824E+005  0.28198332E+003
  0.94837025E+005  0.28127661E+003
  0.94900269E+005  0.28057165E+003
  0.94963555E+005  0.27986842E+003
  0.95026883E+005  0.27916693E+003
  0.95090253E+005  0.27846716E+003
  0.95153666E+005  0.27776912E+003
  0.95217120E+005  0.27707279E+003
  0.95280617E+005  0.27637818E+003
  0.95344157E+005  0.27568528E+003
  0.95407739E+005  0.27499408E+003
  0.95471363E+005  0.27430459E+003
  0.95535030E+005  0.27361680E+003
  0.95598739E+005  0.27293070E+003
  0.95662490E+005  0.27224629E+003
  0.95726285E+005  0.27156357E+003
  0.95790121E+005  0.27088253E+003
  0.95854000E+005  0.27020317E+003
  0.95917922E+005  0.26952548E+003
  0.95981887E+005  0.26884946E+003
  0.96045894E+005  0.26817511E+003
  0.96109944E+005  0.26750242E+003
  0.96174036E+005  0.26683139E+003
  0.96238171E+005  0.26616201E+003
  0.96302350E+005  0.26549428E+003
  0.96366570E+005  0.26482820E+003
  0.96430834E+005  0.26416376E+003
  0.96495141E+005  0.26350095E+003
  0.96559490E+005  0.26283979E+003
  0.96623882E+005  0.26218025E+003
  0.96688317E+005  0.26152234E+003
  0.96752796E+005  0.26086605E+003
  0.96817317E+005  0.26021138E+003
  0.96881881E+005  0.25955832E+003
  0.96946488E+005  0.25890688E+003
  0.97011139E+005  0.25825704E+003
  0.97075832E+005  0.25760880E+003
  0.97140569E+005  0.25696217E+003
  0.97205349E+005  0.25631713E+003
  0.97270172E+005  0.25567368E+003
  0.97335038E+005  0.25503181E+003
  0.97399948E+005  0.25439153E+003
  0.97464900E+005  0.25375284E+003
  0.97529896E+005  0.25311571E+003
  0.97594936E+005  0.25248016E+003
  0.97660019E+005  0.25184618E+003
  0.97725145E+005  0.25121377E+003
  0.97790315E+005  0.25058291E+003
  0.97855528E+005  0.24995361E+003
  0.97920784E+005  0.24932587E+003
  0.97986084E+005  0.24869967E+003
  0.98051428E+005  0.24807502E+003
  0.98116815E+005  0.24745191E+003
  0.98182246E+005  0.24683034E+003
  0.98247721E+005  0.24621031E+003
  0.98313239E+005  0.24559181E+003
  0.98378800E+005  0.24497483E+003
  0.98444406E+005  0.24435938E+003
  0.98510055E+005  0.24374545E+003
  0.98575748E+005  0.24313303E+003
  0.98641485E+005  0.24252213E+003
  0.98707266E+005  0.24191274E+003
  0.98773091E+005  0.24130485E+003
  0.98838959E+005  0.24069846E+003
  0.98904872E+005  0.24009358E+003
  0.98970828E+005  0.23949018E+003
  0.99036828E+005  0.23888828E+003
  0.99102873E+005  0.23828786E+003
  0.99168961E+005  0.23768893E+003
  0.99235093E+005  0.23709148E+003
  0.99301270E+005  0.23649551E+003
  0.99367491E+005  0.23590101E+003
  0.99433756E+005  0.23530797E+003
  0.99500065E+005  0.23471641E+003
  0.99566418E+005  0.23412630E+003
  0.99632815E+005  0.23353766E+003
  0.99699257E+005  0.23295047E+003
  0.99765743E+005  0.23236473E+003
  0.99832274E+005  0.23178044E+003
  0.99898849E+005  0.23119760E+003
  0.99965468E+005  0.23061619E+003
  0.10003213E+006  0.23003623E+003
  0.10009884E+006  0.22945770E+003
  0.10016559E+006  0.22888060E+003
  0.10023239E+006  0.22830492E+003
  0.10029923E+006  0.22773067E+003
  0.10036612E+006  0.22715785E+003
  0.10043305E+006  0.22658643E+003
  0.10050002E+006  0.22601644E+003
  0.10056704E+006  0.22544785E+003
  0.10063411E+006  0.22488067E+003
  0.10070122E+006  0.22431489E+003
  0.10076837E+006  0.22375051E+003
  0.10083557E+006  0.22318753E+003
  0.10090282E+006  0.22262595E+003
  0.10097010E+006  0.22206575E+003
  0.10103744E+006  0.22150694E+003
  0.10110482E+006  0.22094951E+003
  0.10117224E+006  0.22039346E+003
  0.10123971E+006  0.21983879E+003
  0.10130722E+006  0.21928549E+003
  0.10137478E+006  0.21873356E+003
  0.10144238E+006  0.21818300E+003
  0.10151003E+006  0.21763380E+003
  0.10157773E+006  0.21708597E+003
  0.10164546E+006  0.21653948E+003
  0.10171325E+006  0.21599435E+003
  0.10178108E+006  0.21545058E+003
  0.10184895E+006  0.21490814E+003
  0.10191687E+006  0.21436706E+003
  0.10198484E+006  0.21382731E+003
  0.10205285E+006  0.21328890E+003
  0.10212090E+006  0.21275182E+003
  0.10218900E+006  0.21221607E+003
  0.10225715E+006  0.21168165E+003
  0.10232534E+006  0.21114856E+003
  0.10239358E+006  0.21061678E+003
  0.10246186E+006  0.21008633E+003
  0.10253019E+006  0.20955718E+003
  0.10259856E+006  0.20902935E+003
  0.10266698E+006  0.20850283E+003
  0.10273545E+006  0.20797761E+003
  0.10280396E+006  0.20745370E+003
  0.10287252E+006  0.20693108E+003
  0.10294112E+006  0.20640976E+003
  0.10300977E+006  0.20588973E+003
  0.10307846E+006  0.20537099E+003
  0.10314720E+006  0.20485353E+003
  0.10321599E+006  0.20433736E+003
  0.10328482E+006  0.20382247E+003
  0.10335369E+006  0.20330886E+003
  0.10342262E+006  0.20279652E+003
  0.10349159E+006  0.20228545E+003
  0.10356060E+006  0.20177564E+003
  0.10362966E+006  0.20126710E+003
  0.10369877E+006  0.20075983E+003
  0.10376792E+006  0.20025381E+003
  0.10383712E+006  0.19974904E+003
  0.10390637E+006  0.19924553E+003
  0.10397566E+006  0.19874327E+003
  0.10404500E+006  0.19824225E+003
  0.10411438E+006  0.19774248E+003
  0.10418381E+006  0.19724395E+003
  0.10425329E+006  0.19674665E+003
  0.10432281E+006  0.19625059E+003
  0.10439238E+006  0.19575576E+003
  0.10446200E+006  0.19526216E+003
  0.10453166E+006  0.19476978E+003
  0.10460137E+006  0.19427862E+003
  0.10467112E+006  0.19378869E+003
  0.10474092E+006  0.19329997E+003
  0.10481077E+006  0.19281246E+003
  0.10488067E+006  0.19232616E+003
  0.10495061E+006  0.19184107E+003
  0.10502060E+006  0.19135719E+003
  0.10509063E+006  0.19087450E+003
  0.10516071E+006  0.19039302E+003
  0.10523084E+006  0.18991273E+003
  0.10530102E+006  0.18943363E+003
  0.10537124E+006  0.18895573E+003
  0.10544151E+006  0.18847901E+003
  0.10551182E+006  0.18800347E+003
  0.10558218E+006  0.18752912E+003
  0.10565259E+006  0.18705594E+003
  0.10572305E+006  0.18658394E+003
  0.10579355E+006  0.18611311E+003
  0.10586410E+006  0.18564345E+003
  0.10593470E+006  0.18517496E+003
  0.10600534E+006  0.18470763E+003
  0.10607604E+006  0.18424146E+003
  0.10614677E+006  0.18377646E+003
  0.10621756E+006  0.18331260E+003
  0.10628839E+006  0.18284990E+003
  0.10635927E+006  0.18238835E+003
  0.10643020E+006  0.18192795E+003
  0.10650118E+006  0.18146869E+003
  0.10657220E+006  0.18101058E+003
  0.10664327E+006  0.18055360E+003
  0.10671438E+006  0.18009775E+003
  0.10678555E+006  0.17964305E+003
  0.10685676E+006  0.17918947E+003
  0.10692802E+006  0.17873702E+003
  0.10699933E+006  0.17828569E+003
  0.10707068E+006  0.17783549E+003
  0.10714208E+006  0.17738640E+003
  0.10721353E+006  0.17693844E+003
  0.10728503E+006  0.17649158E+003
  0.10735657E+006  0.17604584E+003
  0.10742817E+006  0.17560121E+003
  0.10749981E+006  0.17515768E+003
  0.10757149E+006  0.17471526E+003
  0.10764323E+006  0.17427393E+003
  0.10771501E+006  0.17383371E+003
  0.10778685E+006  0.17339458E+003
  0.10785873E+006  0.17295654E+003
  0.10793065E+006  0.17251959E+003
  0.10800263E+006  0.17208373E+003
  0.10807465E+006  0.17164896E+003
  0.10814672E+006  0.17121526E+003
  0.10821884E+006  0.17078265E+003
  0.10829101E+006  0.17035111E+003
  0.10836323E+006  0.16992065E+003
  0.10843549E+006  0.16949125E+003
  0.10850780E+006  0.16906293E+003
  0.10858016E+006  0.16863567E+003
  0.10865257E+006  0.16820948E+003
  0.10872503E+006  0.16778435E+003
  0.10879753E+006  0.16736027E+003
  0.10887009E+006  0.16693725E+003
  0.10894269E+006  0.16651529E+003
  0.10901534E+006  0.16609437E+003
  0.10908804E+006  0.16567450E+003
  0.10916078E+006  0.16525568E+003
  0.10923358E+006  0.16483791E+003
  0.10930642E+006  0.16442117E+003
  0.10937932E+006  0.16400547E+003
  0.10945226E+006  0.16359080E+003
  0.10952525E+006  0.16317717E+003
  0.10959829E+006  0.16276457E+003
  0.10967137E+006  0.16235300E+003
  0.10974451E+006  0.16194245E+003
  0.10981769E+006  0.16153292E+003
  0.10989093E+006  0.16112442E+003
  0.10996421E+006  0.16071693E+003
  0.11003754E+006  0.16031046E+003
  0.11011092E+006  0.15990500E+003
  0.11018435E+006  0.15950055E+003
  0.11025783E+006  0.15909711E+003
  0.11033136E+006  0.15869468E+003
  0.11040493E+006  0.15829325E+003
  0.11047856E+006  0.15789281E+003
  0.11055223E+006  0.15749338E+003
  0.11062596E+006  0.15709494E+003
  0.11069973E+006  0.15669750E+003
  0.11077355E+006  0.15630104E+003
  0.11084742E+006  0.15590558E+003
  0.11092134E+006  0.15551110E+003
  0.11099531E+006  0.15511760E+003
  0.11106933E+006  0.15472509E+003
  0.11114340E+006  0.15433355E+003
  0.11121752E+006  0.15394299E+003
  0.11129169E+006  0.15355341E+003
  0.11136590E+006  0.15316480E+003
  0.11144017E+006  0.15277715E+003
  0.11151449E+006  0.15239047E+003
  0.11158885E+006  0.15200476E+003
  0.11166327E+006  0.15162001E+003
  0.11173773E+006  0.15123622E+003
  0.11181224E+006  0.15085338E+003
  0.11188681E+006  0.15047150E+003
  0.11196142E+006  0.15009058E+003
  0.11203608E+006  0.14971060E+003
  0.11211080E+006  0.14933157E+003
  0.11218556E+006  0.14895349E+003
  0.11226037E+006  0.14857635E+003
  0.11233524E+006  0.14820016E+003
  0.11241015E+006  0.14782490E+003
  0.11248511E+006  0.14745058E+003
  0.11256012E+006  0.14707719E+003
  0.11263519E+006  0.14670473E+003
  0.11271030E+006  0.14633321E+003
  0.11278546E+006  0.14596261E+003
  0.11286068E+006  0.14559294E+003
  0.11293594E+006  0.14522418E+003
  0.11301125E+006  0.14485635E+003
  0.11308661E+006  0.14448944E+003
  0.11316203E+006  0.14412345E+003
  0.11323749E+006  0.14375837E+003
  0.11331301E+006  0.14339420E+003
  0.11338857E+006  0.14303094E+003
  0.11346419E+006  0.14266858E+003
  0.11353985E+006  0.14230713E+003
  0.11361557E+006  0.14194659E+003
  0.11369133E+006  0.14158694E+003
  0.11376715E+006  0.14122820E+003
  0.11384302E+006  0.14087035E+003
  0.11391894E+006  0.14051339E+003
  0.11399491E+006  0.14015732E+003
  0.11407093E+006  0.13980215E+003
  0.11414700E+006  0.13944786E+003
  0.11422312E+006  0.13909446E+003
  0.11429929E+006  0.13874194E+003
  0.11437551E+006  0.13839030E+003
  0.11445178E+006  0.13803954E+003
  0.11452811E+006  0.13768965E+003
  0.11460448E+006  0.13734064E+003
  0.11468091E+006  0.13699251E+003
  0.11475739E+006  0.13664524E+003
  0.11483391E+006  0.13629884E+003
  0.11491049E+006  0.13595331E+003
  0.11498712E+006  0.13560864E+003
  0.11506380E+006  0.13526483E+003
  0.11514054E+006  0.13492188E+003
  0.11521732E+006  0.13457979E+003
  0.11529415E+006  0.13423856E+003
  0.11537104E+006  0.13389817E+003
  0.11544798E+006  0.13355864E+003
  0.11552496E+006  0.13321996E+003
  0.11560200E+006  0.13288212E+003
  0.11567910E+006  0.13254513E+003
  0.11575624E+006  0.13220898E+003
  0.11583343E+006  0.13187368E+003
  0.11591068E+006  0.13153921E+003
  0.11598797E+006  0.13120558E+003
  0.11606532E+006  0.13087278E+003
  0.11614272E+006  0.13054081E+003
  0.11622017E+006  0.13020968E+003
  0.11629768E+006  0.12987937E+003
  0.11637523E+006  0.12954989E+003
  0.11645284E+006  0.12922124E+003
  0.11653050E+006  0.12889340E+003
  0.11660821E+006  0.12856639E+003
  0.11668597E+006  0.12824019E+003
  0.11676378E+006  0.12791482E+003
  0.11684165E+006  0.12759025E+003
  0.11691957E+006  0.12726650E+003
  0.11699754E+006  0.12694356E+003
  0.11707556E+006  0.12662142E+003
  0.11715363E+006  0.12630010E+003
  0.11723176E+006  0.12597957E+003
  0.11730994E+006  0.12565985E+003
  0.11738817E+006  0.12534093E+003
  0.11746645E+006  0.12502281E+003
  0.11754478E+006  0.12470549E+003
  0.11762317E+006  0.12438895E+003
  0.11770161E+006  0.12407322E+003
  0.11778010E+006  0.12375827E+003
  0.11785865E+006  0.12344411E+003
  0.11793724E+006  0.12313074E+003
  0.11801589E+006  0.12281815E+003
  0.11809459E+006  0.12250634E+003
  0.11817334E+006  0.12219532E+003
  0.11825215E+006  0.12188507E+003
  0.11833101E+006  0.12157560E+003
  0.11840992E+006  0.12126691E+003
  0.11848888E+006  0.12095899E+003
  0.11856790E+006  0.12065184E+003
  0.11864697E+006  0.12034546E+003
  0.11872609E+006  0.12003985E+003
  0.11880526E+006  0.11973501E+003
  0.11888449E+006  0.11943092E+003
  0.11896377E+006  0.11912760E+003
  0.11904310E+006  0.11882504E+003
  0.11912249E+006  0.11852324E+003
  0.11920193E+006  0.11822220E+003
  0.11928142E+006  0.11792191E+003
  0.11936097E+006  0.11762237E+003
  0.11944056E+006  0.11732358E+003
  0.11952021E+006  0.11702554E+003
  0.11959992E+006  0.11672825E+003
  0.11967968E+006  0.11643170E+003
  0.11975949E+006  0.11613590E+003
  0.11983935E+006  0.11584083E+003
  0.11991927E+006  0.11554651E+003
  0.11999924E+006  0.11525293E+003
  0.12007926E+006  0.11496008E+003
  0.12015934E+006  0.11466796E+003
  0.12023947E+006  0.11437658E+003
  0.12031965E+006  0.11408593E+003
  0.12039989E+006  0.11379601E+003
  0.12048018E+006  0.11350681E+003
  0.12056052E+006  0.11321834E+003
  0.12064092E+006  0.11293060E+003
  0.12072137E+006  0.11264357E+003
  0.12080188E+006  0.11235727E+003
  0.12088244E+006  0.11207168E+003
  0.12096305E+006  0.11178681E+003
  0.12104371E+006  0.11150265E+003
  0.12112444E+006  0.11121921E+003
  0.12120521E+006  0.11093648E+003
  0.12128604E+006  0.11065446E+003
  0.12136692E+006  0.11037314E+003
  0.12144785E+006  0.11009253E+003
  0.12152884E+006  0.10981263E+003
  0.12160989E+006  0.10953342E+003
  0.12169098E+006  0.10925492E+003
  0.12177214E+006  0.10897712E+003
  0.12185334E+006  0.10870001E+003
  0.12193460E+006  0.10842360E+003
  0.12201592E+006  0.10814788E+003
  0.12209728E+006  0.10787286E+003
  0.12217871E+006  0.10759852E+003
  0.12226018E+006  0.10732488E+003
  0.12234172E+006  0.10705192E+003
  0.12242330E+006  0.10677964E+003
  0.12250494E+006  0.10650805E+003
  0.12258664E+006  0.10623714E+003
  0.12266838E+006  0.10596692E+003
  0.12275019E+006  0.10569737E+003
  0.12283205E+006  0.10542849E+003
  0.12291396E+006  0.10516029E+003
  0.12299593E+006  0.10489277E+003
  0.12307795E+006  0.10462592E+003
  0.12316002E+006  0.10435973E+003
  0.12324216E+006  0.10409422E+003
  0.12332434E+006  0.10382937E+003
  0.12340658E+006  0.10356519E+003
  0.12348888E+006  0.10330167E+003
  0.12357123E+006  0.10303882E+003
  0.12365363E+006  0.10277662E+003
  0.12373609E+006  0.10251508E+003
  0.12381861E+006  0.10225420E+003
  0.12390118E+006  0.10199398E+003
  0.12398381E+006  0.10173440E+003
  0.12406649E+006  0.10147548E+003
  0.12414922E+006  0.10121722E+003
  0.12423201E+006  0.10095960E+003
  0.12431486E+006  0.10070262E+003
  0.12439776E+006  0.10044630E+003
  0.12448072E+006  0.10019061E+003
  0.12456373E+006  0.99935575E+002
  0.12464680E+006  0.99681176E+002
  0.12472992E+006  0.99427416E+002
  0.12481310E+006  0.99174295E+002
  0.12489633E+006  0.98921809E+002
  0.12497962E+006  0.98669958E+002
  0.12506297E+006  0.98418741E+002
  0.12514637E+006  0.98168154E+002
  0.12522982E+006  0.97918198E+002
  0.12531333E+006  0.97668870E+002
  0.12539690E+006  0.97420169E+002
  0.12548052E+006  0.97172094E+002
  0.12556420E+006  0.96924642E+002
  0.12564794E+006  0.96677812E+002
  0.12573173E+006  0.96431604E+002
  0.12581557E+006  0.96186014E+002
  0.12589948E+006  0.95941042E+002
  0.12598343E+006  0.95696686E+002
  0.12606745E+006  0.95452944E+002
  0.12615152E+006  0.95209816E+002
  0.12623565E+006  0.94967299E+002
  0.12631983E+006  0.94725392E+002
  0.12640407E+006  0.94484094E+002
  0.12648836E+006  0.94243402E+002
  0.12657271E+006  0.94003316E+002
  0.12665712E+006  0.93763834E+002
  0.12674158E+006  0.93524955E+002
  0.12682610E+006  0.93286677E+002
  0.12691068E+006  0.93048998E+002
  0.12699531E+006  0.92811917E+002
  0.12708000E+006  0.92575433E+002
  0.12716474E+006  0.92339544E+002
  0.12724955E+006  0.92104249E+002
  0.12733441E+006  0.91869546E+002
  0.12741932E+006  0.91635433E+002
  0.12750429E+006  0.91401910E+002
  0.12758932E+006  0.91168974E+002
  0.12767441E+006  0.90936625E+002
  0.12775955E+006  0.90704860E+002
  0.12784475E+006  0.90473679E+002
  0.12793000E+006  0.90243080E+002
  0.12801531E+006  0.90013062E+002
  0.12810068E+006  0.89783623E+002
  0.12818611E+006  0.89554761E+002
  0.12827159E+006  0.89326475E+002
  0.12835713E+006  0.89098765E+002
  0.12844273E+006  0.88871627E+002
  0.12852838E+006  0.88645062E+002
  0.12861409E+006  0.88419067E+002
  0.12869986E+006  0.88193641E+002
  0.12878569E+006  0.87968783E+002
  0.12887157E+006  0.87744492E+002
  0.12895751E+006  0.87520765E+002
  0.12904351E+006  0.87297602E+002
  0.12912956E+006  0.87075000E+002
  0.12921568E+006  0.86852960E+002
  0.12930185E+006  0.86631479E+002
  0.12938807E+006  0.86410556E+002
  0.12947436E+006  0.86190189E+002
  0.12956070E+006  0.85970377E+002
  0.12964710E+006  0.85751120E+002
  0.12973356E+006  0.85532415E+002
  0.12982007E+006  0.85314260E+002
  0.12990664E+006  0.85096656E+002
  0.12999327E+006  0.84879600E+002
  0.13007996E+006  0.84663091E+002
  0.13016671E+006  0.84447127E+002
  0.13025351E+006  0.84231708E+002
  0.13034037E+006  0.84016831E+002
  0.13042729E+006  0.83802496E+002
  0.13051427E+006  0.83588702E+002
  0.13060131E+006  0.83375446E+002
  0.13068840E+006  0.83162728E+002
  0.13077555E+006  0.82950546E+002
  0.13086276E+006  0.82738899E+002
  0.13095003E+006  0.82527785E+002
  0.13103736E+006  0.82317204E+002
  0.13112474E+006  0.82107154E+002
  0.13121218E+006  0.81897633E+002
  0.13129969E+006  0.81688640E+002
  0.13138724E+006  0.81480175E+002
  0.13147486E+006  0.81272235E+002
  0.13156254E+006  0.81064820E+002
  0.13165027E+006  0.80857927E+002
  0.13173807E+006  0.80651556E+002
  0.13182592E+006  0.80445706E+002
  0.13191383E+006  0.80240375E+002
  0.13200180E+006  0.80035562E+002
  0.13208983E+006  0.79831265E+002
  0.13217791E+006  0.79627484E+002
  0.13226606E+006  0.79424217E+002
  0.13235426E+006  0.79221462E+002
  0.13244252E+006  0.79019219E+002
  0.13253084E+006  0.78817486E+002
  0.13261922E+006  0.78616263E+002
  0.13270766E+006  0.78415546E+002
  0.13279616E+006  0.78215337E+002
  0.13288472E+006  0.78015632E+002
  0.13297334E+006  0.77816431E+002
  0.13306201E+006  0.77617733E+002
  0.13315075E+006  0.77419537E+002
  0.13323954E+006  0.77221840E+002
  0.13332839E+006  0.77024643E+002
  0.13341731E+006  0.76827943E+002
  0.13350628E+006  0.76631740E+002
  0.13359531E+006  0.76436031E+002
  0.13368440E+006  0.76240817E+002
  0.13377355E+006  0.76046096E+002
  0.13386276E+006  0.75851866E+002
  0.13395203E+006  0.75658126E+002
  0.13404135E+006  0.75464876E+002
  0.13413074E+006  0.75272113E+002
  0.13422019E+006  0.75079837E+002
  0.13430970E+006  0.74888047E+002
  0.13439926E+006  0.74696740E+002
  0.13448889E+006  0.74505917E+002
  0.13457857E+006  0.74315576E+002
  0.13466832E+006  0.74125715E+002
  0.13475813E+006  0.73936334E+002
  0.13484799E+006  0.73747431E+002
  0.13493792E+006  0.73559005E+002
  0.13502790E+006  0.73371054E+002
  0.13511795E+006  0.73183579E+002
  0.13520805E+006  0.72996577E+002
  0.13529822E+006  0.72810048E+002
  0.13538845E+006  0.72623989E+002
  0.13547873E+006  0.72438401E+002
  0.13556908E+006  0.72253281E+002
  0.13565949E+006  0.72068629E+002
  0.13574995E+006  0.71884444E+002
  0.13584048E+006  0.71700724E+002
  0.13593107E+006  0.71517468E+002
  0.13602171E+006  0.71334675E+002
  0.13611242E+006  0.71152344E+002
  0.13620319E+006  0.70970473E+002
  0.13629402E+006  0.70789063E+002
  0.13638491E+006  0.70608110E+002
  0.13647586E+006  0.70427615E+002
  0.13656687E+006  0.70247576E+002
  0.13665794E+006  0.70067992E+002
  0.13674908E+006  0.69888862E+002
  0.13684027E+006  0.69710185E+002
  0.13693153E+006  0.69531959E+002
  0.13702284E+006  0.69354184E+002
  0.13711422E+006  0.69176858E+002
  0.13720565E+006  0.68999981E+002
  0.13729715E+006  0.68823551E+002
  0.13738871E+006  0.68647566E+002
  0.13748033E+006  0.68472027E+002
  0.13757201E+006  0.68296931E+002
  0.13766375E+006  0.68122278E+002
  0.13775556E+006  0.67948067E+002
  0.13784742E+006  0.67774296E+002
  0.13793935E+006  0.67600965E+002
  0.13803133E+006  0.67428072E+002
  0.13812338E+006  0.67255616E+002
  0.13821549E+006  0.67083596E+002
  0.13830766E+006  0.66912011E+002
  0.13839990E+006  0.66740860E+002
  0.13849219E+006  0.66570143E+002
  0.13858455E+006  0.66399856E+002
  0.13867696E+006  0.66230001E+002
  0.13876944E+006  0.66060575E+002
  0.13886198E+006  0.65891578E+002
  0.13895459E+006  0.65723009E+002
  0.13904725E+006  0.65554865E+002
  0.13913998E+006  0.65387148E+002
  0.13923276E+006  0.65219854E+002
  0.13932561E+006  0.65052984E+002
  0.13941853E+006  0.64886536E+002
  0.13951150E+006  0.64720509E+002
  0.13960453E+006  0.64554902E+002
  0.13969763E+006  0.64389715E+002
  0.13979079E+006  0.64224945E+002
  0.13988401E+006  0.64060592E+002
  0.13997730E+006  0.63896656E+002
  0.14007064E+006  0.63733134E+002
  0.14016405E+006  0.63570026E+002
  0.14025752E+006  0.63407330E+002
  0.14035106E+006  0.63245047E+002
  0.14044465E+006  0.63083174E+002
  0.14053831E+006  0.62921712E+002
  0.14063203E+006  0.62760657E+002
  0.14072581E+006  0.62600011E+002
  0.14081966E+006  0.62439771E+002
  0.14091357E+006  0.62279937E+002
  0.14100754E+006  0.62120508E+002
  0.14110157E+006  0.61961482E+002
  0.14119567E+006  0.61802859E+002
  0.14128982E+006  0.61644637E+002
  0.14138405E+006  0.61486817E+002
  0.14147833E+006  0.61329395E+002
  0.14157268E+006  0.61172373E+002
  0.14166709E+006  0.61015748E+002
  0.14176156E+006  0.60859520E+002
  0.14185610E+006  0.60703687E+002
  0.14195070E+006  0.60548249E+002
  0.14204536E+006  0.60393205E+002
  0.14214008E+006  0.60238553E+002
  0.14223487E+006  0.60084293E+002
  0.14232972E+006  0.59930424E+002
  0.14242464E+006  0.59776945E+002
  0.14251962E+006  0.59623855E+002
  0.14261466E+006  0.59471152E+002
  0.14270976E+006  0.59318836E+002
  0.14280493E+006  0.59166906E+002
  0.14290016E+006  0.59015361E+002
  0.14299546E+006  0.58864200E+002
  0.14309082E+006  0.58713422E+002
  0.14318624E+006  0.58563026E+002
  0.14328173E+006  0.58413011E+002
  0.14337728E+006  0.58263377E+002
  0.14347289E+006  0.58114121E+002
  0.14356857E+006  0.57965244E+002
  0.14366431E+006  0.57816744E+002
  0.14376011E+006  0.57668620E+002
  0.14385598E+006  0.57520872E+002
  0.14395191E+006  0.57373499E+002
  0.14404791E+006  0.57226498E+002
  0.14414397E+006  0.57079871E+002
  0.14424010E+006  0.56933615E+002
  0.14433629E+006  0.56787730E+002
  0.14443254E+006  0.56642215E+002
  0.14452886E+006  0.56497068E+002
  0.14462524E+006  0.56352290E+002
  0.14472168E+006  0.56207879E+002
  0.14481819E+006  0.56063834E+002
  0.14491477E+006  0.55920154E+002
  0.14501141E+006  0.55776838E+002
  0.14510811E+006  0.55633886E+002
  0.14520488E+006  0.55491296E+002
  0.14530171E+006  0.55349068E+002
  0.14539861E+006  0.55207201E+002
  0.14549557E+006  0.55065693E+002
  0.14559259E+006  0.54924544E+002
  0.14568969E+006  0.54783753E+002
  0.14578684E+006  0.54643320E+002
  0.14588406E+006  0.54503242E+002
  0.14598135E+006  0.54363520E+002
  0.14607870E+006  0.54224152E+002
  0.14617611E+006  0.54085138E+002
  0.14627359E+006  0.53946476E+002
  0.14637114E+006  0.53808167E+002
  0.14646875E+006  0.53670208E+002
  0.14656642E+006  0.53532599E+002
  0.14666416E+006  0.53395339E+002
  0.14676197E+006  0.53258427E+002
  0.14685984E+006  0.53121863E+002
  0.14695777E+006  0.52985646E+002
  0.14705578E+006  0.52849774E+002
  0.14715384E+006  0.52714246E+002
  0.14725197E+006  0.52579063E+002
  0.14735017E+006  0.52444223E+002
  0.14744843E+006  0.52309725E+002
  0.14754676E+006  0.52175568E+002
  0.14764516E+006  0.52041752E+002
  0.14774362E+006  0.51908276E+002
  0.14784214E+006  0.51775138E+002
  0.14794073E+006  0.51642338E+002
  0.14803939E+006  0.51509875E+002
  0.14813811E+006  0.51377749E+002
  0.14823690E+006  0.51245958E+002
  0.14833575E+006  0.51114502E+002
  0.14843467E+006  0.50983379E+002
  0.14853366E+006  0.50852589E+002
  0.14863271E+006  0.50722131E+002
  0.14873183E+006  0.50592005E+002
  0.14883102E+006  0.50462209E+002
  0.14893027E+006  0.50332742E+002
  0.14902958E+006  0.50203604E+002
  0.14912897E+006  0.50074794E+002
  0.14922841E+006  0.49946311E+002
  0.14932793E+006  0.49818155E+002
  0.14942751E+006  0.49690324E+002
  0.14952716E+006  0.49562818E+002
  0.14962687E+006  0.49435635E+002
  0.14972666E+006  0.49308776E+002
  0.14982650E+006  0.49182238E+002
  0.14992642E+006  0.49056022E+002
  0.15002640E+006  0.48930127E+002
  0.15012645E+006  0.48804552E+002
  0.15022656E+006  0.48679295E+002
  0.15032674E+006  0.48554357E+002
  0.15042699E+006  0.48429736E+002
  0.15052730E+006  0.48305432E+002
  0.15062769E+006  0.48181443E+002
  0.15072814E+006  0.48057770E+002
  0.15082865E+006  0.47934411E+002
  0.15092923E+006  0.47811365E+002
  0.15102988E+006  0.47688632E+002
  0.15113060E+006  0.47566210E+002
  0.15123138E+006  0.47444100E+002
  0.15133223E+006  0.47322300E+002
  0.15143315E+006  0.47200810E+002
  0.15153414E+006  0.47079629E+002
  0.15163519E+006  0.46958755E+002
  0.15173631E+006  0.46838189E+002
  0.15183750E+006  0.46717929E+002
  0.15193876E+006  0.46597975E+002
  0.15204008E+006  0.46478325E+002
  0.15214147E+006  0.46358980E+002
  0.15224293E+006  0.46239938E+002
  0.15234445E+006  0.46121199E+002
  0.15244605E+006  0.46002762E+002
  0.15254771E+006  0.45884626E+002
  0.15264944E+006  0.45766790E+002
  0.15275123E+006  0.45649253E+002
  0.15285310E+006  0.45532016E+002
  0.15295503E+006  0.45415077E+002
  0.15305703E+006  0.45298435E+002
  0.15315910E+006  0.45182089E+002
  0.15326124E+006  0.45066040E+002
  0.15336344E+006  0.44950285E+002
  0.15346571E+006  0.44834825E+002
  0.15356806E+006  0.44719659E+002
  0.15367047E+006  0.44604785E+002
  0.15377294E+006  0.44490204E+002
  0.15387549E+006  0.44375914E+002
  0.15397810E+006  0.44261915E+002
  0.15408079E+006  0.44148205E+002
  0.15418354E+006  0.44034785E+002
  0.15428636E+006  0.43921654E+002
  0.15438925E+006  0.43808810E+002
  0.15449220E+006  0.43696253E+002
  0.15459523E+006  0.43583983E+002
  0.15469832E+006  0.43471998E+002
  0.15480149E+006  0.43360298E+002
  0.15490472E+006  0.43248882E+002
  0.15500802E+006  0.43137750E+002
  0.15511139E+006  0.43026901E+002
  0.15521483E+006  0.42916333E+002
  0.15531833E+006  0.42806047E+002
  0.15542191E+006  0.42696042E+002
  0.15552556E+006  0.42586316E+002
  0.15562927E+006  0.42476870E+002
  0.15573306E+006  0.42367703E+002
  0.15583691E+006  0.42258813E+002
  0.15594083E+006  0.42150200E+002
  0.15604482E+006  0.42041864E+002
  0.15614888E+006  0.41933803E+002
  0.15625301E+006  0.41826018E+002
  0.15635721E+006  0.41718506E+002
  0.15646148E+006  0.41611269E+002
  0.15656582E+006  0.41504304E+002
  0.15667023E+006  0.41397612E+002
  0.15677471E+006  0.41291192E+002
  0.15687926E+006  0.41185042E+002
  0.15698388E+006  0.41079162E+002
  0.15708856E+006  0.40973553E+002
  0.15719332E+006  0.40868212E+002
  0.15729815E+006  0.40763139E+002
  0.15740304E+006  0.40658334E+002
  0.15750801E+006  0.40553795E+002
  0.15761305E+006  0.40449523E+002
  0.15771815E+006  0.40345517E+002
  0.15782333E+006  0.40241775E+002
  0.15792858E+006  0.40138297E+002
  0.15803390E+006  0.40035083E+002
  0.15813928E+006  0.39932132E+002
  0.15824474E+006  0.39829443E+002
  0.15835027E+006  0.39727015E+002
  0.15845587E+006  0.39624849E+002
  0.15856154E+006  0.39522943E+002
  0.15866728E+006  0.39421296E+002
  0.15877309E+006  0.39319908E+002
  0.15887897E+006  0.39218778E+002
  0.15898492E+006  0.39117906E+002
  0.15909094E+006  0.39017292E+002
  0.15919703E+006  0.38916933E+002
  0.15930319E+006  0.38816830E+002
  0.15940943E+006  0.38716982E+002
  0.15951573E+006  0.38617389E+002
  0.15962211E+006  0.38518049E+002
  0.15972856E+006  0.38418962E+002
  0.15983507E+006  0.38320128E+002
  0.15994166E+006  0.38221546E+002
  0.16004832E+006  0.38123215E+002
  0.16015505E+006  0.38025134E+002
  0.16026186E+006  0.37927304E+002
  0.16036873E+006  0.37829722E+002
  0.16047567E+006  0.37732390E+002
  0.16058269E+006  0.37635305E+002
  0.16068978E+006  0.37538468E+002
  0.16079693E+006  0.37441878E+002
  0.16090417E+006  0.37345534E+002
  0.16101147E+006  0.37249436E+002
  0.16111884E+006  0.37153582E+002
  0.16122628E+006  0.37057973E+002
  0.16133380E+006  0.36962608E+002
  0.16144139E+006  0.36867485E+002
  0.16154905E+006  0.36772606E+002
  0.16165678E+006  0.36677968E+002
  0.16176458E+006  0.36583571E+002
  0.16187246E+006  0.36489415E+002
  0.16198041E+006  0.36395499E+002
  0.16208843E+006  0.36301823E+002
  0.16219652E+006  0.36208386E+002
  0.16230468E+006  0.36115186E+002
  0.16241292E+006  0.36022225E+002
  0.16252122E+006  0.35929500E+002
  0.16262960E+006  0.35837012E+002
  0.16273806E+006  0.35744760E+002
  0.16284658E+006  0.35652743E+002
  0.16295518E+006  0.35560961E+002
  0.16306385E+006  0.35469413E+002
  0.16317259E+006  0.35378098E+002
  0.16328140E+006  0.35287016E+002
  0.16339029E+006  0.35196167E+002
  0.16349925E+006  0.35105549E+002
  0.16360828E+006  0.35015163E+002
  0.16371739E+006  0.34925007E+002
  0.16382657E+006  0.34835081E+002
  0.16393582E+006  0.34745384E+002
  0.16404514E+006  0.34655916E+002
  0.16415454E+006  0.34566677E+002
  0.16426400E+006  0.34477665E+002
  0.16437355E+006  0.34388881E+002
  0.16448316E+006  0.34300323E+002
  0.16459285E+006  0.34211990E+002
  0.16470261E+006  0.34123884E+002
  0.16481245E+006  0.34036002E+002
  0.16492235E+006  0.33948344E+002
  0.16503234E+006  0.33860910E+002
  0.16514239E+006  0.33773699E+002
  0.16525252E+006  0.33686711E+002
  0.16536272E+006  0.33599945E+002
  0.16547299E+006  0.33513400E+002
  0.16558334E+006  0.33427076E+002
  0.16569376E+006  0.33340972E+002
  0.16580426E+006  0.33255089E+002
  0.16591483E+006  0.33169424E+002
  0.16602547E+006  0.33083978E+002
  0.16613619E+006  0.32998750E+002
  0.16624698E+006  0.32913740E+002
  0.16635785E+006  0.32828947E+002
  0.16646878E+006  0.32744370E+002
  0.16657980E+006  0.32660009E+002
  0.16669088E+006  0.32575864E+002
  0.16680204E+006  0.32491933E+002
  0.16691328E+006  0.32408217E+002
  0.16702459E+006  0.32324714E+002
  0.16713597E+006  0.32241425E+002
  0.16724743E+006  0.32158348E+002
  0.16735896E+006  0.32075484E+002
  0.16747057E+006  0.31992831E+002
  0.16758225E+006  0.31910389E+002
  0.16769400E+006  0.31828158E+002
  0.16780583E+006  0.31746137E+002
  0.16791773E+006  0.31664325E+002
  0.16802971E+006  0.31582722E+002
  0.16814177E+006  0.31501328E+002
  0.16825389E+006  0.31420141E+002
  0.16836610E+006  0.31339162E+002
  0.16847838E+006  0.31258389E+002
  0.16859073E+006  0.31177823E+002
  0.16870316E+006  0.31097463E+002
  0.16881566E+006  0.31017308E+002
  0.16892824E+006  0.30937358E+002
  0.16904089E+006  0.30857612E+002
  0.16915362E+006  0.30778070E+002
  0.16926642E+006  0.30698731E+002
  0.16937930E+006  0.30619595E+002
  0.16949225E+006  0.30540661E+002
  0.16960528E+006  0.30461928E+002
  0.16971838E+006  0.30383397E+002
  0.16983156E+006  0.30305067E+002
  0.16994482E+006  0.30226936E+002
  0.17005815E+006  0.30149006E+002
  0.17017155E+006  0.30071274E+002
  0.17028504E+006  0.29993741E+002
  0.17039859E+006  0.29916406E+002
  0.17051223E+006  0.29839269E+002
  0.17062594E+006  0.29762329E+002
  0.17073972E+006  0.29685586E+002
  0.17085358E+006  0.29609039E+002
  0.17096752E+006  0.29532687E+002
  0.17108153E+006  0.29456531E+002
  0.17119562E+006  0.29380569E+002
  0.17130978E+006  0.29304801E+002
  0.17142402E+006  0.29229228E+002
  0.17153834E+006  0.29153847E+002
  0.17165273E+006  0.29078659E+002
  0.17176720E+006  0.29003663E+002
  0.17188175E+006  0.28928859E+002
  0.17199637E+006  0.28854246E+002
  0.17211107E+006  0.28779824E+002
  0.17222585E+006  0.28705593E+002
  0.17234070E+006  0.28631551E+002
  0.17245563E+006  0.28557698E+002
  0.17257063E+006  0.28484034E+002
  0.17268571E+006  0.28410559E+002
  0.17280087E+006  0.28337271E+002
  0.17291611E+006  0.28264171E+002
  0.17303142E+006  0.28191258E+002
  0.17314681E+006  0.28118532E+002
  0.17326227E+006  0.28045991E+002
  0.17337782E+006  0.27973636E+002
  0.17349344E+006  0.27901466E+002
  0.17360913E+006  0.27829480E+002
  0.17372491E+006  0.27757679E+002
  0.17384076E+006  0.27686061E+002
  0.17395669E+006  0.27614627E+002
  0.17407269E+006  0.27543375E+002
  0.17418878E+006  0.27472305E+002
  0.17430494E+006  0.27401418E+002
  0.17442117E+006  0.27330711E+002
  0.17453749E+006  0.27260186E+002
  0.17465388E+006  0.27189841E+002
  0.17477035E+006  0.27119676E+002
  0.17488690E+006  0.27049690E+002
  0.17500353E+006  0.26979883E+002
  0.17512023E+006  0.26910256E+002
  0.17523701E+006  0.26840806E+002
  0.17535387E+006  0.26771534E+002
  0.17547081E+006  0.26702439E+002
  0.17558783E+006  0.26633521E+002
  0.17570492E+006  0.26564779E+002
  0.17582209E+006  0.26496214E+002
  0.17593934E+006  0.26427824E+002
  0.17605667E+006  0.26359608E+002
  0.17617408E+006  0.26291568E+002
  0.17629156E+006  0.26223701E+002
  0.17640913E+006  0.26156009E+002
  0.17652677E+006  0.26088489E+002
  0.17664449E+006  0.26021142E+002
  0.17676228E+006  0.25953968E+002
  0.17688016E+006  0.25886966E+002
  0.17699812E+006  0.25820135E+002
  0.17711615E+006  0.25753475E+002
  0.17723426E+006  0.25686986E+002
  0.17735246E+006  0.25620667E+002
  0.17747073E+006  0.25554518E+002
  0.17758908E+006  0.25488538E+002
  0.17770750E+006  0.25422728E+002
  0.17782601E+006  0.25357085E+002
  0.17794460E+006  0.25291611E+002
  0.17806326E+006  0.25226304E+002
  0.17818201E+006  0.25161165E+002
  0.17830083E+006  0.25096193E+002
  0.17841973E+006  0.25031386E+002
  0.17853872E+006  0.24966746E+002
  0.17865778E+006  0.24902271E+002
  0.17877692E+006  0.24837962E+002
  0.17889614E+006  0.24773817E+002
  0.17901544E+006  0.24709836E+002
  0.17913482E+006  0.24646019E+002
  0.17925428E+006  0.24582366E+002
  0.17937382E+006  0.24518876E+002
  0.17949343E+006  0.24455548E+002
  0.17961313E+006  0.24392383E+002
  0.17973291E+006  0.24329379E+002
  0.17985277E+006  0.24266537E+002
  0.17997271E+006  0.24203855E+002
  0.18009272E+006  0.24141335E+002
  0.18021282E+006  0.24078974E+002
  0.18033300E+006  0.24016773E+002
  0.18045326E+006  0.23954732E+002
  0.18057360E+006  0.23892849E+002
  0.18069401E+006  0.23831125E+002
  0.18081451E+006  0.23769559E+002
  0.18093509E+006  0.23708151E+002
  0.18105575E+006  0.23646901E+002
  0.18117649E+006  0.23585807E+002
  0.18129731E+006  0.23524870E+002
  0.18141821E+006  0.23464088E+002
  0.18153920E+006  0.23403463E+002
  0.18166026E+006  0.23342993E+002
  0.18178140E+006  0.23282678E+002
  0.18190263E+006  0.23222518E+002
  0.18202393E+006  0.23162511E+002
  0.18214532E+006  0.23102659E+002
  0.18226678E+006  0.23042960E+002
  0.18238833E+006  0.22983414E+002
  0.18250996E+006  0.22924020E+002
  0.18263167E+006  0.22864779E+002
  0.18275346E+006  0.22805690E+002
  0.18287533E+006  0.22746752E+002
  0.18299729E+006  0.22687965E+002
  0.18311932E+006  0.22629329E+002
  0.18324144E+006  0.22570843E+002
  0.18336363E+006  0.22512507E+002
  0.18348591E+006  0.22454321E+002
  0.18360827E+006  0.22396284E+002
  0.18373072E+006  0.22338395E+002
  0.18385324E+006  0.22280655E+002
  0.18397585E+006  0.22223064E+002
  0.18409853E+006  0.22165619E+002
  0.18422130E+006  0.22108322E+002
  0.18434415E+006  0.22051172E+002
  0.18446709E+006  0.21994169E+002
  0.18459010E+006  0.21937312E+002
  0.18471320E+006  0.21880600E+002
  0.18483638E+006  0.21824034E+002
  0.18495964E+006  0.21767613E+002
  0.18508298E+006  0.21711337E+002
  0.18520641E+006  0.21655205E+002
  0.18532992E+006  0.21599217E+002
  0.18545351E+006  0.21543372E+002
  0.18557718E+006  0.21487671E+002
  0.18570093E+006  0.21432113E+002
  0.18582477E+006  0.21376697E+002
  0.18594869E+006  0.21321423E+002
  0.18607269E+006  0.21266291E+002
  0.18619678E+006  0.21211301E+002
  0.18632095E+006  0.21156451E+002
  0.18644520E+006  0.21101743E+002
  0.18656953E+006  0.21047174E+002
  0.18669395E+006  0.20992746E+002
  0.18681845E+006  0.20938457E+002
  0.18694303E+006  0.20884308E+002
  0.18706770E+006  0.20830297E+002
  0.18719245E+006  0.20776425E+002
  0.18731728E+006  0.20722692E+002
  0.18744220E+006  0.20669096E+002
  0.18756720E+006  0.20615638E+002
  0.18769228E+006  0.20562316E+002
  0.18781744E+006  0.20509132E+002
  0.18794269E+006  0.20456084E+002
  0.18806803E+006  0.20403173E+002
  0.18819344E+006  0.20350397E+002
  0.18831894E+006  0.20297756E+002
  0.18844453E+006  0.20245251E+002
  0.18857019E+006  0.20192880E+002
  0.18869594E+006  0.20140644E+002
  0.18882178E+006  0.20088542E+002
  0.18894770E+006  0.20036573E+002
  0.18907370E+006  0.19984738E+002
  0.18919979E+006  0.19933036E+002
  0.18932596E+006  0.19881467E+002
  0.18945221E+006  0.19830030E+002
  0.18957855E+006  0.19778725E+002
  0.18970498E+006  0.19727552E+002
  0.18983149E+006  0.19676510E+002
  0.18995808E+006  0.19625600E+002
  0.19008475E+006  0.19574819E+002
  0.19021152E+006  0.19524170E+002
  0.19033836E+006  0.19473650E+002
  0.19046529E+006  0.19423260E+002
  0.19059231E+006  0.19373000E+002
  0.19071941E+006  0.19322868E+002
  0.19084659E+006  0.19272865E+002
  0.19097386E+006  0.19222991E+002
  0.19110121E+006  0.19173245E+002
  0.19122865E+006  0.19123626E+002
  0.19135618E+006  0.19074135E+002
  0.19148379E+006  0.19024771E+002
  0.19161148E+006  0.18975533E+002
  0.19173926E+006  0.18926423E+002
  0.19186712E+006  0.18877438E+002
  0.19199507E+006  0.18828579E+002
  0.19212311E+006  0.18779846E+002
  0.19225123E+006  0.18731237E+002
  0.19237944E+006  0.18682754E+002
  0.19250773E+006  0.18634395E+002
  0.19263610E+006  0.18586160E+002
  0.19276457E+006  0.18538049E+002
  0.19289312E+006  0.18490062E+002
  0.19302175E+006  0.18442198E+002
  0.19315047E+006  0.18394457E+002
  0.19327927E+006  0.18346839E+002
  0.19340817E+006  0.18299343E+002
  0.19353714E+006  0.18251969E+002
  0.19366621E+006  0.18204717E+002
  0.19379536E+006  0.18157586E+002
  0.19392459E+006  0.18110576E+002
  0.19405391E+006  0.18063687E+002
  0.19418332E+006  0.18016919E+002
  0.19431282E+006  0.17970270E+002
  0.19444240E+006  0.17923742E+002
  0.19457206E+006  0.17877333E+002
  0.19470182E+006  0.17831043E+002
  0.19483166E+006  0.17784873E+002
  0.19496159E+006  0.17738821E+002
  0.19509160E+006  0.17692887E+002
  0.19522170E+006  0.17647071E+002
  0.19535189E+006  0.17601373E+002
  0.19548216E+006  0.17555793E+002
  0.19561252E+006  0.17510329E+002
  0.19574297E+006  0.17464983E+002
  0.19587350E+006  0.17419753E+002
  0.19600412E+006  0.17374639E+002
  0.19613483E+006  0.17329642E+002
  0.19626563E+006  0.17284760E+002
  0.19639651E+006  0.17239993E+002
  0.19652748E+006  0.17195341E+002
  0.19665854E+006  0.17150804E+002
  0.19678968E+006  0.17106382E+002
  0.19692092E+006  0.17062074E+002
  0.19705224E+006  0.17017880E+002
  0.19718364E+006  0.16973799E+002
  0.19731514E+006  0.16929832E+002
  0.19744672E+006  0.16885977E+002
  0.19757839E+006  0.16842236E+002
  0.19771015E+006  0.16798607E+002
  0.19784200E+006  0.16755090E+002
  0.19797393E+006  0.16711685E+002
  0.19810595E+006  0.16668392E+002
  0.19823806E+006  0.16625210E+002
  0.19837026E+006  0.16582139E+002
  0.19850255E+006  0.16539179E+002
  0.19863492E+006  0.16496329E+002
  0.19876739E+006  0.16453589E+002
  0.19889994E+006  0.16410960E+002
  0.19903258E+006  0.16368440E+002
  0.19916531E+006  0.16326029E+002
  0.19929812E+006  0.16283727E+002
  0.19943103E+006  0.16241535E+002
  0.19956402E+006  0.16199450E+002
  0.19969710E+006  0.16157474E+002
  0.19983028E+006  0.16115606E+002
  0.19996354E+006  0.16073846E+002
  0.20009688E+006  0.16032193E+002
  0.20023032E+006  0.15990647E+002
  0.20036385E+006  0.15949208E+002
  0.20049747E+006  0.15907876E+002
  0.20063117E+006  0.15866650E+002
  0.20076496E+006  0.15825530E+002
  0.20089885E+006  0.15784516E+002
  0.20103282E+006  0.15743607E+002
  0.20116688E+006  0.15702804E+002
  0.20130103E+006  0.15662106E+002
  0.20143528E+006  0.15621512E+002
  0.20156961E+006  0.15581023E+002
  0.20170403E+006  0.15540638E+002
  0.20183854E+006  0.15500356E+002
  0.20197314E+006  0.15460179E+002
  0.20210782E+006  0.15420105E+002
  0.20224260E+006  0.15380134E+002
  0.20237747E+006  0.15340266E+002
  0.20251243E+006  0.15300500E+002
  0.20264748E+006  0.15260837E+002
  0.20278262E+006  0.15221276E+002
  0.20291785E+006  0.15181817E+002
  0.20305317E+006  0.15142459E+002
  0.20318858E+006  0.15103202E+002
  0.20332408E+006  0.15064047E+002
  0.20345967E+006  0.15024992E+002
  0.20359535E+006  0.14986038E+002
  0.20373112E+006  0.14947185E+002
  0.20386698E+006  0.14908431E+002
  0.20400293E+006  0.14869777E+002
  0.20413897E+006  0.14831222E+002
  0.20427511E+006  0.14792767E+002
  0.20441133E+006  0.14754410E+002
  0.20454765E+006  0.14716153E+002
  0.20468405E+006  0.14677994E+002
  0.20482055E+006  0.14639933E+002
  0.20495714E+006  0.14601970E+002
  0.20509382E+006  0.14564105E+002
  0.20523059E+006  0.14526337E+002
  0.20536745E+006  0.14488667E+002
  0.20550440E+006  0.14451093E+002
  0.20564145E+006  0.14413617E+002
  0.20577858E+006  0.14376237E+002
  0.20591581E+006  0.14338953E+002
  0.20605313E+006  0.14301765E+002
  0.20619054E+006  0.14264673E+002
  0.20632804E+006  0.14227676E+002
  0.20646563E+006  0.14190775E+002
  0.20660332E+006  0.14153968E+002
  0.20674109E+006  0.14117257E+002
  0.20687896E+006  0.14080640E+002
  0.20701692E+006  0.14044117E+002
  0.20715497E+006  0.14007689E+002
  0.20729312E+006  0.13971354E+002
  0.20743136E+006  0.13935113E+002
  0.20756969E+006  0.13898965E+002
  0.20770811E+006  0.13862910E+002
  0.20784662E+006  0.13826948E+002
  0.20798523E+006  0.13791079E+002
  0.20812392E+006  0.13755302E+002
  0.20826272E+006  0.13719617E+002
  0.20840160E+006  0.13684025E+002
  0.20854058E+006  0.13648524E+002
  0.20867964E+006  0.13613114E+002
  0.20881881E+006  0.13577796E+002
  0.20895806E+006  0.13542568E+002
  0.20909741E+006  0.13507432E+002
  0.20923685E+006  0.13472386E+002
  0.20937638E+006  0.13437430E+002
  0.20951601E+006  0.13402564E+002
  0.20965573E+006  0.13367788E+002
  0.20979554E+006  0.13333102E+002
  0.20993544E+006  0.13298505E+002
  0.21007544E+006  0.13263997E+002
  0.21021554E+006  0.13229578E+002
  0.21035572E+006  0.13195248E+002
  0.21049600E+006  0.13161006E+002
  0.21063637E+006  0.13126853E+002
  0.21077684E+006  0.13092787E+002
  0.21091740E+006  0.13058810E+002
  0.21105805E+006  0.13024920E+002
  0.21119880E+006  0.12991117E+002
  0.21133964E+006  0.12957401E+002
  0.21148058E+006  0.12923773E+002
  0.21162161E+006  0.12890231E+002
  0.21176273E+006  0.12856775E+002
  0.21190395E+006  0.12823406E+002
  0.21204526E+006  0.12790122E+002
  0.21218667E+006  0.12756925E+002
  0.21232817E+006  0.12723813E+002
  0.21246976E+006  0.12690786E+002
  0.21261145E+006  0.12657845E+002
  0.21275323E+006  0.12624988E+002
  0.21289511E+006  0.12592216E+002
  0.21303708E+006  0.12559529E+002
  0.21317915E+006  0.12526926E+002
  0.21332131E+006  0.12494407E+002
  0.21346357E+006  0.12461972E+002
  0.21360592E+006  0.12429620E+002
  0.21374837E+006  0.12397352E+002
  0.21389091E+006  0.12365167E+002
  0.21403355E+006  0.12333065E+002
  0.21417628E+006  0.12301046E+002
  0.21431911E+006  0.12269109E+002
  0.21446203E+006  0.12237255E+002
  0.21460505E+006  0.12205483E+002
  0.21474816E+006  0.12173792E+002
  0.21489137E+006  0.12142184E+002
  0.21503467E+006  0.12110657E+002
  0.21517807E+006  0.12079211E+002
  0.21532157E+006  0.12047847E+002
  0.21546516E+006  0.12016563E+002
  0.21560884E+006  0.11985360E+002
  0.21575262E+006  0.11954238E+002
  0.21589650E+006  0.11923195E+002
  0.21604048E+006  0.11892233E+002
  0.21618455E+006  0.11861351E+002
  0.21632871E+006  0.11830548E+002
  0.21647298E+006  0.11799825E+002
  0.21661733E+006  0.11769181E+002
  0.21676179E+006  0.11738616E+002
  0.21690634E+006  0.11708130E+002
  0.21705099E+006  0.11677723E+002
  0.21719573E+006  0.11647394E+002
  0.21734057E+006  0.11617143E+002
  0.21748551E+006  0.11586970E+002
  0.21763054E+006  0.11556875E+002
  0.21777567E+006  0.11526858E+002
  0.21792090E+006  0.11496918E+002
  0.21806623E+006  0.11467056E+002
  0.21821165E+006  0.11437270E+002
  0.21835717E+006  0.11407562E+002
  0.21850278E+006  0.11377930E+002
  0.21864849E+006  0.11348374E+002
  0.21879430E+006  0.11318895E+002
  0.21894021E+006  0.11289492E+002
  0.21908621E+006  0.11260165E+002
  0.21923231E+006  0.11230913E+002
  0.21937851E+006  0.11201737E+002
  0.21952481E+006  0.11172636E+002
  0.21967120E+006  0.11143610E+002
  0.21981769E+006  0.11114659E+002
  0.21996428E+006  0.11085783E+002
  0.22011097E+006  0.11056982E+002
  0.22025775E+006  0.11028255E+002
  0.22040464E+006  0.10999601E+002
  0.22055162E+006  0.10971022E+002
  0.22069870E+006  0.10942517E+002
  0.22084587E+006  0.10914085E+002
  0.22099315E+006  0.10885727E+002
  0.22114052E+006  0.10857442E+002
  0.22128799E+006  0.10829229E+002
  0.22143556E+006  0.10801090E+002
  0.22158323E+006  0.10773023E+002
  0.22173100E+006  0.10745029E+002
  0.22187886E+006  0.10717107E+002
  0.22202682E+006  0.10689257E+002
  0.22217489E+006  0.10661479E+002
  0.22232305E+006  0.10633773E+002
  0.22247131E+006  0.10606138E+002
  0.22261967E+006  0.10578574E+002
  0.22276812E+006  0.10551082E+002
  0.22291668E+006  0.10523661E+002
  0.22306534E+006  0.10496310E+002
  0.22321409E+006  0.10469031E+002
  0.22336295E+006  0.10441821E+002
  0.22351190E+006  0.10414682E+002
  0.22366095E+006  0.10387613E+002
  0.22381010E+006  0.10360614E+002
  0.22395935E+006  0.10333684E+002
  0.22410871E+006  0.10306824E+002
  0.22425816E+006  0.10280034E+002
  0.22440771E+006  0.10253313E+002
  0.22455736E+006  0.10226660E+002
  0.22470711E+006  0.10200077E+002
  0.22485696E+006  0.10173562E+002
  0.22500691E+006  0.10147115E+002
  0.22515696E+006  0.10120737E+002
  0.22530711E+006  0.10094427E+002
  0.22545736E+006  0.10068185E+002
  0.22560771E+006  0.10042011E+002
  0.22575816E+006  0.10015905E+002
  0.22590871E+006  0.99898654E+001
  0.22605936E+006  0.99638935E+001
  0.22621011E+006  0.99379887E+001
  0.22636096E+006  0.99121508E+001
  0.22651191E+006  0.98863797E+001
  0.22666297E+006  0.98606751E+001
  0.22681412E+006  0.98350370E+001
  0.22696538E+006  0.98094650E+001
  0.22711673E+006  0.97839592E+001
  0.22726819E+006  0.97585192E+001
  0.22741974E+006  0.97331450E+001
  0.22757140E+006  0.97078363E+001
  0.22772316E+006  0.96825930E+001
  0.22787502E+006  0.96574150E+001
  0.22802699E+006  0.96323019E+001
  0.22817905E+006  0.96072538E+001
  0.22833122E+006  0.95822704E+001
  0.22848348E+006  0.95573516E+001
  0.22863585E+006  0.95324972E+001
  0.22878832E+006  0.95077069E+001
  0.22894089E+006  0.94829808E+001
  0.22909356E+006  0.94583185E+001
  0.22924634E+006  0.94337200E+001
  0.22939922E+006  0.94091850E+001
  0.22955219E+006  0.93847135E+001
  0.22970527E+006  0.93603052E+001
  0.22985846E+006  0.93359600E+001
  0.23001174E+006  0.93116777E+001
  0.23016513E+006  0.92874582E+001
  0.23031862E+006  0.92633012E+001
  0.23047221E+006  0.92392067E+001
  0.23062591E+006  0.92151745E+001
  0.23077970E+006  0.91912044E+001
  0.23093360E+006  0.91672963E+001
  0.23108760E+006  0.91434499E+001
  0.23124171E+006  0.91196652E+001
  0.23139592E+006  0.90959420E+001
  0.23155023E+006  0.90722801E+001
  0.23170464E+006  0.90486794E+001
  0.23185915E+006  0.90251397E+001
  0.23201377E+006  0.90016609E+001
  0.23216850E+006  0.89782427E+001
  0.23232332E+006  0.89548851E+001
  0.23247825E+006  0.89315879E+001
  0.23263328E+006  0.89083510E+001
  0.23278842E+006  0.88851741E+001
  0.23294366E+006  0.88620571E+001
  0.23309900E+006  0.88389999E+001
  0.23325444E+006  0.88160023E+001
  0.23340999E+006  0.87930642E+001
  0.23356565E+006  0.87701854E+001
  0.23372140E+006  0.87473658E+001
  0.23387727E+006  0.87246051E+001
  0.23403323E+006  0.87019034E+001
  0.23418930E+006  0.86792603E+001
  0.23434547E+006  0.86566758E+001
  0.23450175E+006  0.86341497E+001
  0.23465813E+006  0.86116818E+001
  0.23481462E+006  0.85892721E+001
  0.23497121E+006  0.85669203E+001
  0.23512790E+006  0.85446264E+001
  0.23528470E+006  0.85223900E+001
  0.23544160E+006  0.85002112E+001
  0.23559861E+006  0.84780898E+001
  0.23575573E+006  0.84560256E+001
  0.23591294E+006  0.84340185E+001
  0.23607027E+006  0.84120682E+001
  0.23622769E+006  0.83901748E+001
  0.23638523E+006  0.83683380E+001
  0.23654286E+006  0.83465577E+001
  0.23670061E+006  0.83248337E+001
  0.23685845E+006  0.83031659E+001
  0.23701641E+006  0.82815542E+001
  0.23717446E+006  0.82599984E+001
  0.23733263E+006  0.82384983E+001
  0.23749090E+006  0.82170539E+001
  0.23764927E+006  0.81956650E+001
  0.23780775E+006  0.81743314E+001
  0.23796634E+006  0.81530529E+001
  0.23812503E+006  0.81318296E+001
  0.23828383E+006  0.81106612E+001
  0.23844273E+006  0.80895475E+001
  0.23860174E+006  0.80684884E+001
  0.23876086E+006  0.80474839E+001
  0.23892008E+006  0.80265337E+001
  0.23907941E+006  0.80056377E+001
  0.23923884E+006  0.79847958E+001
  0.23939838E+006  0.79640078E+001
  0.23955803E+006  0.79432736E+001
  0.23971778E+006  0.79225931E+001
  0.23987764E+006  0.79019661E+001
  0.24003761E+006  0.78813925E+001
  0.24019768E+006  0.78608721E+001
  0.24035786E+006  0.78404048E+001
  0.24051815E+006  0.78199905E+001
  0.24067854E+006  0.77996291E+001
  0.24083904E+006  0.77793203E+001
  0.24099965E+006  0.77590641E+001
  0.24116036E+006  0.77388603E+001
  0.24132118E+006  0.77187089E+001
  0.24148211E+006  0.76986095E+001
  0.24164315E+006  0.76785622E+001
  0.24180429E+006  0.76585669E+001
  0.24196555E+006  0.76386232E+001
  0.24212690E+006  0.76187312E+001
  0.24228837E+006  0.75988907E+001
  0.24244994E+006  0.75791015E+001
  0.24261163E+006  0.75593636E+001
  0.24277342E+006  0.75396768E+001
  0.24293531E+006  0.75200409E+001
  0.24309732E+006  0.75004559E+001
  0.24325943E+006  0.74809216E+001
  0.24342165E+006  0.74614379E+001
  0.24358398E+006  0.74420046E+001
  0.24374642E+006  0.74226216E+001
  0.24390897E+006  0.74032888E+001
  0.24407162E+006  0.73840061E+001
  0.24423439E+006  0.73647732E+001
  0.24439726E+006  0.73455902E+001
  0.24456024E+006  0.73264569E+001
  0.24472333E+006  0.73073731E+001
  0.24488653E+006  0.72883387E+001
  0.24504983E+006  0.72693537E+001
  0.24521325E+006  0.72504177E+001
  0.24537677E+006  0.72315309E+001
  0.24554041E+006  0.72126929E+001
  0.24570415E+006  0.71939037E+001
  0.24586800E+006  0.71751632E+001
  0.24603196E+006  0.71564712E+001
  0.24619603E+006  0.71378276E+001
  0.24636021E+006  0.71192323E+001
  0.24652450E+006  0.71006852E+001
  0.24668890E+006  0.70821861E+001
  0.24685341E+006  0.70637349E+001
  0.24701803E+006  0.70453316E+001
  0.24718276E+006  0.70269758E+001
  0.24734759E+006  0.70086677E+001
  0.24751254E+006  0.69904069E+001
  0.24767760E+006  0.69721935E+001
  0.24784277E+006  0.69540272E+001
  0.24800804E+006  0.69359080E+001
  0.24817343E+006  0.69178358E+001
  0.24833893E+006  0.68998103E+001
  0.24850454E+006  0.68818316E+001
  0.24867026E+006  0.68638994E+001
  0.24883609E+006  0.68460137E+001
  0.24900203E+006  0.68281743E+001
  0.24916808E+006  0.68103811E+001
  0.24933424E+006  0.67926341E+001
  0.24950052E+006  0.67749330E+001
  0.24966690E+006  0.67572778E+001
  0.24983339E+006  0.67396683E+001
  0.25000000E+006  0.67221044E+001
