   1249.78  1.0000E-99  4.0000E-99
   1250.62  1.0000E-99  4.0000E-99
   1251.45  1.0000E-99  4.0000E-99
   1252.29  1.0000E-99  4.0000E-99
   1253.12  1.0000E-99  4.0000E-99
   1253.96  1.0000E-99  4.0000E-99
   1254.79  1.0000E-99  4.0000E-99
   1255.63  1.0000E-99  4.0000E-99
   1256.47  1.0000E-99  4.0000E-99
   1257.31  1.0000E-99  4.0000E-99
   1258.14  1.0000E-99  4.0000E-99
   1258.98  1.0000E-99  4.0000E-99
   1259.82  1.0000E-99  4.0000E-99
   1260.66  1.0000E-99  4.0000E-99
   1261.50  1.0000E-99  4.0000E-99
   1262.34  1.0000E-99  4.0000E-99
   1263.19  1.0000E-99  4.0000E-99
   1264.03  1.0000E-99  4.0000E-99
   1264.87  1.0000E-99  4.0000E-99
   1265.71  1.0000E-99  4.0000E-99
   1266.56  1.0000E-99  4.0000E-99
   1267.40  1.0000E-99  4.0000E-99
   1268.25  1.0000E-99  4.0000E-99
   1269.09  1.0000E-99  4.0000E-99
   1269.94  1.0000E-99  4.0000E-99
   1270.79  1.0000E-99  4.0000E-99
   1271.64  1.0000E-99  4.0000E-99
   1272.48  1.0000E-99  4.0000E-99
   1273.33  1.0000E-99  4.0000E-99
   1274.18  1.0000E-99  4.0000E-99
   1275.03  1.0000E-99  4.0000E-99
   1275.88  1.0000E-99  4.0000E-99
   1276.73  1.0000E-99  4.0000E-99
   1277.58  1.0000E-99  4.0000E-99
   1278.44  1.0000E-99  4.0000E-99
   1279.29  1.0000E-99  4.0000E-99
   1280.14  1.0000E-99  4.0000E-99
   1280.99  1.0000E-99  4.0000E-99
   1281.85  1.0000E-99  4.0000E-99
   1282.70  1.0000E-99  4.0000E-99
   1283.56  1.0000E-99  4.0000E-99
   1284.41  1.0000E-99  4.0000E-99
   1285.27  1.0000E-99  4.0000E-99
   1286.13  1.0000E-99  4.0000E-99
   1286.99  1.0000E-99  4.0000E-99
   1287.84  1.0000E-99  4.0000E-99
   1288.70  1.0000E-99  4.0000E-99
   1289.56  1.0000E-99  4.0000E-99
   1290.42  1.0000E-99  4.0000E-99
   1291.28  1.0000E-99  4.0000E-99
   1292.14  1.0000E-99  4.0000E-99
   1293.01  1.0000E-99  4.0000E-99
   1293.87  1.0000E-99  4.0000E-99
   1294.73  1.0000E-99  4.0000E-99
   1295.59  1.0000E-99  4.0000E-99
   1296.46  1.0000E-99  4.0000E-99
   1297.32  1.0000E-99  4.0000E-99
   1298.19  1.0000E-99  4.0000E-99
   1299.05  1.0000E-99  4.0000E-99
   1299.92  1.0000E-99  4.0000E-99
   1300.79  1.0000E-99  4.0000E-99
   1301.65  1.0000E-99  4.0000E-99
   1302.52  1.0000E-99  4.0000E-99
   1303.39  1.0000E-99  4.0000E-99
   1304.26  1.0000E-99  4.0000E-99
   1305.13  1.0000E-99  4.0000E-99
   1306.00  1.0000E-99  4.0000E-99
   1306.87  1.0000E-99  4.0000E-99
   1307.74  1.0000E-99  4.0000E-99
   1308.62  1.0000E-99  4.0000E-99
   1309.49  1.0000E-99  4.0000E-99
   1310.36  1.0000E-99  4.0000E-99
   1311.23  1.0000E-99  4.0000E-99
   1312.11  1.0000E-99  4.0000E-99
   1312.98  1.0000E-99  4.0000E-99
   1313.86  1.0000E-99  4.0000E-99
   1314.74  1.0000E-99  4.0000E-99
   1315.61  1.0000E-99  4.0000E-99
   1316.49  1.0000E-99  4.0000E-99
   1317.37  1.0000E-99  4.0000E-99
   1318.25  1.0000E-99  4.0000E-99
   1319.13  1.0000E-99  4.0000E-99
   1320.01  1.0000E-99  4.0000E-99
   1320.89  1.0000E-99  4.0000E-99
   1321.77  1.0000E-99  4.0000E-99
   1322.65  1.0000E-99  4.0000E-99
   1323.53  1.0000E-99  4.0000E-99
   1324.41  1.0000E-99  4.0000E-99
   1325.30  1.0000E-99  4.0000E-99
   1326.18  1.0000E-99  4.0000E-99
   1327.06  1.0000E-99  4.0000E-99
   1327.95  1.0000E-99  4.0000E-99
   1328.83  1.0000E-99  4.0000E-99
   1329.72  1.0000E-99  4.0000E-99
   1330.61  1.0000E-99  4.0000E-99
   1331.49  1.0000E-99  4.0000E-99
   1332.38  1.0000E-99  4.0000E-99
   1333.27  1.0000E-99  4.0000E-99
   1334.16  1.0000E-99  4.0000E-99
   1335.05  1.0000E-99  4.0000E-99
   1335.94  1.0000E-99  4.0000E-99
   1336.83  1.0000E-99  4.0000E-99
   1337.72  1.0000E-99  4.0000E-99
   1338.61  1.0000E-99  4.0000E-99
   1339.51  1.0000E-99  4.0000E-99
   1340.40  1.0000E-99  4.0000E-99
   1341.29  1.0000E-99  4.0000E-99
   1342.19  1.0000E-99  4.0000E-99
   1343.08  1.0000E-99  4.0000E-99
   1343.98  1.0000E-99  4.0000E-99
   1344.88  1.0000E-99  4.0000E-99
   1345.77  1.0000E-99  4.0000E-99
   1346.67  1.0000E-99  4.0000E-99
   1347.57  1.0000E-99  4.0000E-99
   1348.47  1.0000E-99  4.0000E-99
   1349.37  1.0000E-99  4.0000E-99
   1350.27  1.0000E-99  4.0000E-99
   1351.17  1.0000E-99  4.0000E-99
   1352.07  1.0000E-99  4.0000E-99
   1352.97  1.0000E-99  4.0000E-99
   1353.87  1.0000E-99  4.0000E-99
   1354.77  1.0000E-99  4.0000E-99
   1355.68  1.0000E-99  4.0000E-99
   1356.58  1.0000E-99  4.0000E-99
   1357.49  1.0000E-99  4.0000E-99
   1358.39  1.0000E-99  4.0000E-99
   1359.30  1.0000E-99  4.0000E-99
   1360.20  1.0000E-99  4.0000E-99
   1361.11  1.0000E-99  4.0000E-99
   1362.02  1.0000E-99  4.0000E-99
   1362.93  1.0000E-99  4.0000E-99
   1363.84  1.0000E-99  4.0000E-99
   1364.75  1.0000E-99  4.0000E-99
   1365.66  1.0000E-99  4.0000E-99
   1366.57  1.0000E-99  4.0000E-99
   1367.48  1.0000E-99  4.0000E-99
   1368.39  1.0000E-99  4.0000E-99
   1369.30  1.0000E-99  4.0000E-99
   1370.22  1.0000E-99  4.0000E-99
   1371.13  1.0000E-99  4.0000E-99
   1372.04  1.0000E-99  4.0000E-99
   1372.96  1.0000E-99  4.0000E-99
   1373.87  1.0000E-99  4.0000E-99
   1374.79  1.0000E-99  4.0000E-99
   1375.71  1.0000E-99  4.0000E-99
   1376.62  1.0000E-99  4.0000E-99
   1377.54  1.0000E-99  4.0000E-99
   1378.46  1.0000E-99  4.0000E-99
   1379.38  1.0000E-99  4.0000E-99
   1380.30  1.0000E-99  4.0000E-99
   1381.22  1.0000E-99  4.0000E-99
   1382.14  1.0000E-99  4.0000E-99
   1383.06  1.0000E-99  4.0000E-99
   1383.99  1.0000E-99  4.0000E-99
   1384.91  1.0000E-99  4.0000E-99
   1385.83  1.0000E-99  4.0000E-99
   1386.76  1.0000E-99  4.0000E-99
   1387.68  1.0000E-99  4.0000E-99
   1388.61  1.0000E-99  4.0000E-99
   1389.53  1.0000E-99  4.0000E-99
   1390.46  1.0000E-99  4.0000E-99
   1391.39  1.0000E-99  4.0000E-99
   1392.31  1.0000E-99  4.0000E-99
   1393.24  1.0000E-99  4.0000E-99
   1394.17  1.0000E-99  4.0000E-99
   1395.10  1.0000E-99  4.0000E-99
   1396.03  1.0000E-99  4.0000E-99
   1396.96  1.0000E-99  4.0000E-99
   1397.89  1.0000E-99  4.0000E-99
   1398.83  1.0000E-99  4.0000E-99
   1399.76  1.0000E-99  4.0000E-99
   1400.69  1.0000E-99  4.0000E-99
   1401.63  1.0000E-99  4.0000E-99
   1402.56  1.0000E-99  4.0000E-99
   1403.50  1.0000E-99  4.0000E-99
   1404.43  1.0000E-99  4.0000E-99
   1405.37  1.0000E-99  4.0000E-99
   1406.31  1.0000E-99  4.0000E-99
   1407.24  1.0000E-99  4.0000E-99
   1408.18  1.0000E-99  4.0000E-99
   1409.12  1.0000E-99  4.0000E-99
   1410.06  1.0000E-99  4.0000E-99
   1411.00  1.0000E-99  4.0000E-99
   1411.94  1.0000E-99  4.0000E-99
   1412.88  1.0000E-99  4.0000E-99
   1413.83  1.0000E-99  4.0000E-99
   1414.77  1.0000E-99  4.0000E-99
   1415.71  1.0000E-99  4.0000E-99
   1416.66  1.0000E-99  4.0000E-99
   1417.60  1.0000E-99  4.0000E-99
   1418.55  1.0000E-99  4.0000E-99
   1419.49  1.0000E-99  4.0000E-99
   1420.44  1.0000E-99  4.0000E-99
   1421.39  1.0000E-99  4.0000E-99
   1422.34  1.0000E-99  4.0000E-99
   1423.28  1.0000E-99  4.0000E-99
   1424.23  1.0000E-99  4.0000E-99
   1425.18  1.0000E-99  4.0000E-99
   1426.13  1.0000E-99  4.0000E-99
   1427.08  1.0000E-99  4.0000E-99
   1428.04  1.0000E-99  4.0000E-99
   1428.99  1.0000E-99  4.0000E-99
   1429.94  1.0000E-99  4.0000E-99
   1430.89  1.0000E-99  4.0000E-99
   1431.85  1.0000E-99  4.0000E-99
   1432.80  1.0000E-99  4.0000E-99
   1433.76  1.0000E-99  4.0000E-99
   1434.72  1.0000E-99  4.0000E-99
   1435.67  1.0000E-99  4.0000E-99
   1436.63  1.0000E-99  4.0000E-99
   1437.59  1.0000E-99  4.0000E-99
   1438.55  1.0000E-99  4.0000E-99
   1439.51  1.0000E-99  4.0000E-99
   1440.47  1.0000E-99  4.0000E-99
   1441.43  1.0000E-99  4.0000E-99
   1442.39  1.0000E-99  4.0000E-99
   1443.35  1.0000E-99  4.0000E-99
   1444.31  1.0000E-99  4.0000E-99
   1445.27  1.0000E-99  4.0000E-99
   1446.24  1.0000E-99  4.0000E-99
   1447.20  1.0000E-99  4.0000E-99
   1448.17  1.0000E-99  4.0000E-99
   1449.13  1.0000E-99  4.0000E-99
   1450.10  1.0000E-99  4.0000E-99
   1451.07  1.0000E-99  4.0000E-99
   1452.03  1.0000E-99  4.0000E-99
   1453.00  1.0000E-99  4.0000E-99
   1453.97  1.0000E-99  4.0000E-99
   1454.94  1.0000E-99  4.0000E-99
   1455.91  1.0000E-99  4.0000E-99
   1456.88  1.0000E-99  4.0000E-99
   1457.85  1.0000E-99  4.0000E-99
   1458.83  1.0000E-99  4.0000E-99
   1459.80  1.0000E-99  4.0000E-99
   1460.77  1.0000E-99  4.0000E-99
   1461.75  1.0000E-99  4.0000E-99
   1462.72  1.0000E-99  4.0000E-99
   1463.70  1.0000E-99  4.0000E-99
   1464.67  1.0000E-99  4.0000E-99
   1465.65  1.0000E-99  4.0000E-99
   1466.63  1.0000E-99  4.0000E-99
   1467.61  1.0000E-99  4.0000E-99
   1468.58  1.0000E-99  4.0000E-99
   1469.56  1.0000E-99  4.0000E-99
   1470.54  1.0000E-99  4.0000E-99
   1471.52  1.0000E-99  4.0000E-99
   1472.51  1.0000E-99  4.0000E-99
   1473.49  1.0000E-99  4.0000E-99
   1474.47  1.0000E-99  4.0000E-99
   1475.45  1.0000E-99  4.0000E-99
   1476.44  1.0000E-99  4.0000E-99
   1477.42  1.0000E-99  4.0000E-99
   1478.41  1.0000E-99  4.0000E-99
   1479.39  1.0000E-99  4.0000E-99
   1480.38  1.0000E-99  4.0000E-99
   1481.37  1.0000E-99  4.0000E-99
   1482.35  1.0000E-99  4.0000E-99
   1483.34  1.0000E-99  4.0000E-99
   1484.33  1.0000E-99  4.0000E-99
   1485.32  1.0000E-99  4.0000E-99
   1486.31  1.0000E-99  4.0000E-99
   1487.30  1.0000E-99  4.0000E-99
   1488.30  1.0000E-99  4.0000E-99
   1489.29  1.0000E-99  4.0000E-99
   1490.28  1.0000E-99  4.0000E-99
   1491.28  1.0000E-99  4.0000E-99
   1492.27  1.0000E-99  4.0000E-99
   1493.26  1.0000E-99  4.0000E-99
   1494.26  1.0000E-99  4.0000E-99
   1495.26  1.0000E-99  4.0000E-99
   1496.25  1.0000E-99  4.0000E-99
   1497.25  1.0000E-99  4.0000E-99
   1498.25  1.0000E-99  4.0000E-99
   1499.25  1.0000E-99  4.0000E-99
   1500.25  1.0000E-99  4.0000E-99
   1501.25  1.0000E-99  4.0000E-99
   1502.25  1.0000E-99  4.0000E-99
   1503.25  1.0000E-99  4.0000E-99
   1504.26  1.0000E-99  4.0000E-99
   1505.26  1.0000E-99  4.0000E-99
   1506.26  1.0000E-99  4.0000E-99
   1507.27  1.0000E-99  4.0000E-99
   1508.27  1.0000E-99  4.0000E-99
   1509.28  1.0000E-99  4.0000E-99
   1510.28  1.0000E-99  4.0000E-99
   1511.29  1.0000E-99  4.0000E-99
   1512.30  1.0000E-99  4.0000E-99
   1513.31  1.0000E-99  4.0000E-99
   1514.32  1.0000E-99  4.0000E-99
   1515.33  1.0000E-99  4.0000E-99
   1516.34  1.0000E-99  4.0000E-99
   1517.35  1.0000E-99  4.0000E-99
   1518.36  1.0000E-99  4.0000E-99
   1519.37  1.0000E-99  4.0000E-99
   1520.39  1.0000E-99  4.0000E-99
   1521.40  1.0000E-99  4.0000E-99
   1522.41  1.0000E-99  4.0000E-99
   1523.43  1.0000E-99  4.0000E-99
   1524.45  1.0000E-99  4.0000E-99
   1525.46  1.0000E-99  4.0000E-99
   1526.48  1.0000E-99  4.0000E-99
   1527.50  1.0000E-99  4.0000E-99
   1528.52  1.0000E-99  4.0000E-99
   1529.54  1.0000E-99  4.0000E-99
   1530.56  1.0000E-99  4.0000E-99
   1531.58  1.0000E-99  4.0000E-99
   1532.60  1.0000E-99  4.0000E-99
   1533.62  1.0000E-99  4.0000E-99
   1534.64  1.0000E-99  4.0000E-99
   1535.67  1.0000E-99  4.0000E-99
   1536.69  1.0000E-99  4.0000E-99
   1537.71  1.0000E-99  4.0000E-99
   1538.74  1.0000E-99  4.0000E-99
   1539.77  1.0000E-99  4.0000E-99
   1540.79  1.0000E-99  4.0000E-99
   1541.82  1.0000E-99  4.0000E-99
   1542.85  1.0000E-99  4.0000E-99
   1543.88  1.0000E-99  4.0000E-99
   1544.91  1.0000E-99  4.0000E-99
   1545.94  1.0000E-99  4.0000E-99
   1546.97  1.0000E-99  4.0000E-99
   1548.00  1.0000E-99  4.0000E-99
   1549.03  1.0000E-99  4.0000E-99
   1550.07  1.0000E-99  4.0000E-99
   1551.10  1.0000E-99  4.0000E-99
   1552.13  1.0000E-99  4.0000E-99
   1553.17  1.0000E-99  4.0000E-99
   1554.20  1.0000E-99  4.0000E-99
   1555.24  1.0000E-99  4.0000E-99
   1556.28  1.0000E-99  4.0000E-99
   1557.32  1.0000E-99  4.0000E-99
   1558.35  1.0000E-99  4.0000E-99
   1559.39  1.0000E-99  4.0000E-99
   1560.43  1.0000E-99  4.0000E-99
   1561.47  1.0000E-99  4.0000E-99
   1562.52  1.0000E-99  4.0000E-99
   1563.56  1.0000E-99  4.0000E-99
   1564.60  1.0000E-99  4.0000E-99
   1565.64  1.0000E-99  4.0000E-99
   1566.69  1.0000E-99  4.0000E-99
   1567.73  1.0000E-99  4.0000E-99
   1568.78  1.0000E-99  4.0000E-99
   1569.82  1.0000E-99  4.0000E-99
   1570.87  1.0000E-99  4.0000E-99
   1571.92  1.0000E-99  4.0000E-99
   1572.97  1.0000E-99  4.0000E-99
   1574.02  1.0000E-99  4.0000E-99
   1575.06  1.0000E-99  4.0000E-99
   1576.12  1.0000E-99  4.0000E-99
   1577.17  1.0000E-99  4.0000E-99
   1578.22  1.0000E-99  4.0000E-99
   1579.27  1.0000E-99  4.0000E-99
   1580.32  1.0000E-99  4.0000E-99
   1581.38  1.0000E-99  4.0000E-99
   1582.43  1.0000E-99  4.0000E-99
   1583.49  1.0000E-99  4.0000E-99
   1584.54  1.0000E-99  4.0000E-99
   1585.60  1.0000E-99  4.0000E-99
   1586.66  1.0000E-99  4.0000E-99
   1587.72  1.0000E-99  4.0000E-99
   1588.77  1.0000E-99  4.0000E-99
   1589.83  1.0000E-99  4.0000E-99
   1590.89  1.0000E-99  4.0000E-99
   1591.95  1.0000E-99  4.0000E-99
   1593.02  1.0000E-99  4.0000E-99
   1594.08  1.0000E-99  4.0000E-99
   1595.14  1.0000E-99  4.0000E-99
   1596.21  1.0000E-99  4.0000E-99
   1597.27  1.0000E-99  4.0000E-99
   1598.34  1.0000E-99  4.0000E-99
   1599.40  1.0000E-99  4.0000E-99
   1600.47  1.0000E-99  4.0000E-99
   1601.54  1.0000E-99  4.0000E-99
   1602.60  1.0000E-99  4.0000E-99
   1603.67  1.0000E-99  4.0000E-99
   1604.74  1.0000E-99  4.0000E-99
   1605.81  1.0000E-99  4.0000E-99
   1606.88  1.0000E-99  4.0000E-99
   1607.95  1.0000E-99  4.0000E-99
   1609.03  1.0000E-99  4.0000E-99
   1610.10  1.0000E-99  4.0000E-99
   1611.17  1.0000E-99  4.0000E-99
   1612.25  1.0000E-99  4.0000E-99
   1613.32  1.0000E-99  4.0000E-99
   1614.40  1.0000E-99  4.0000E-99
   1615.47  1.0000E-99  4.0000E-99
   1616.55  1.0000E-99  4.0000E-99
   1617.63  1.0000E-99  4.0000E-99
   1618.71  1.0000E-99  4.0000E-99
   1619.79  1.0000E-99  4.0000E-99
   1620.87  1.0000E-99  4.0000E-99
   1621.95  1.0000E-99  4.0000E-99
   1623.03  1.0000E-99  4.0000E-99
   1624.11  1.0000E-99  4.0000E-99
   1625.20  1.0000E-99  4.0000E-99
   1626.28  1.0000E-99  4.0000E-99
   1627.36  1.0000E-99  4.0000E-99
   1628.45  1.0000E-99  4.0000E-99
   1629.54  1.0000E-99  4.0000E-99
   1630.62  1.0000E-99  4.0000E-99
   1631.71  1.0000E-99  4.0000E-99
   1632.80  1.0000E-99  4.0000E-99
   1633.89  1.0000E-99  4.0000E-99
   1634.98  1.0000E-99  4.0000E-99
   1636.07  1.0000E-99  4.0000E-99
   1637.16  1.0000E-99  4.0000E-99
   1638.25  1.0000E-99  4.0000E-99
   1639.34  1.0000E-99  4.0000E-99
   1640.44  1.0000E-99  4.0000E-99
   1641.53  1.0000E-99  4.0000E-99
   1642.62  1.0000E-99  4.0000E-99
   1643.72  1.0000E-99  4.0000E-99
   1644.82  1.0000E-99  4.0000E-99
   1645.91  1.0000E-99  4.0000E-99
   1647.01  1.0000E-99  4.0000E-99
   1648.11  1.0000E-99  4.0000E-99
   1649.21  1.0000E-99  4.0000E-99
   1650.31  1.0000E-99  4.0000E-99
   1651.41  1.0000E-99  4.0000E-99
   1652.51  1.0000E-99  4.0000E-99
   1653.61  1.0000E-99  4.0000E-99
   1654.71  1.0000E-99  4.0000E-99
   1655.82  1.0000E-99  4.0000E-99
   1656.92  1.0000E-99  4.0000E-99
   1658.03  1.0000E-99  4.0000E-99
   1659.13  1.0000E-99  4.0000E-99
   1660.24  1.0000E-99  4.0000E-99
   1661.35  1.0000E-99  4.0000E-99
   1662.45  1.0000E-99  4.0000E-99
   1663.56  1.0000E-99  4.0000E-99
   1664.67  1.0000E-99  4.0000E-99
   1665.78  1.0000E-99  4.0000E-99
   1666.89  1.0000E-99  4.0000E-99
   1668.00  1.0000E-99  4.0000E-99
   1669.12  1.0000E-99  4.0000E-99
   1670.23  1.0000E-99  4.0000E-99
   1671.34  1.0000E-99  4.0000E-99
   1672.46  1.0000E-99  4.0000E-99
   1673.57  1.0000E-99  4.0000E-99
   1674.69  1.0000E-99  4.0000E-99
   1675.81  1.0000E-99  4.0000E-99
   1676.92  1.0000E-99  4.0000E-99
   1678.04  1.0000E-99  4.0000E-99
   1679.16  1.0000E-99  4.0000E-99
   1680.28  1.0000E-99  4.0000E-99
   1681.40  1.0000E-99  4.0000E-99
   1682.52  1.0000E-99  4.0000E-99
   1683.64  1.0000E-99  4.0000E-99
   1684.77  1.0000E-99  4.0000E-99
   1685.89  1.0000E-99  4.0000E-99
   1687.02  1.0000E-99  4.0000E-99
   1688.14  1.0000E-99  4.0000E-99
   1689.27  1.0000E-99  4.0000E-99
   1690.39  1.0000E-99  4.0000E-99
   1691.52  1.0000E-99  4.0000E-99
   1692.65  1.0000E-99  4.0000E-99
   1693.78  1.0000E-99  4.0000E-99
   1694.91  1.0000E-99  4.0000E-99
   1696.04  1.0000E-99  4.0000E-99
   1697.17  1.0000E-99  4.0000E-99
   1698.30  1.0000E-99  4.0000E-99
   1699.43  1.0000E-99  4.0000E-99
   1700.57  1.0000E-99  4.0000E-99
   1701.70  1.0000E-99  4.0000E-99
   1702.83  1.0000E-99  4.0000E-99
   1703.97  1.0000E-99  4.0000E-99
   1705.11  1.0000E-99  4.0000E-99
   1706.24  1.0000E-99  4.0000E-99
   1707.38  1.0000E-99  4.0000E-99
   1708.52  1.0000E-99  4.0000E-99
   1709.66  1.0000E-99  4.0000E-99
   1710.80  1.0000E-99  4.0000E-99
   1711.94  1.0000E-99  4.0000E-99
   1713.08  1.0000E-99  4.0000E-99
   1714.22  1.0000E-99  4.0000E-99
   1715.37  1.0000E-99  4.0000E-99
   1716.51  1.0000E-99  4.0000E-99
   1717.66  1.0000E-99  4.0000E-99
   1718.80  1.0000E-99  4.0000E-99
   1719.95  1.0000E-99  4.0000E-99
   1721.09  1.0000E-99  4.0000E-99
   1722.24  1.0000E-99  4.0000E-99
   1723.39  1.0000E-99  4.0000E-99
   1724.54  1.0000E-99  4.0000E-99
   1725.69  1.0000E-99  4.0000E-99
   1726.84  1.0000E-99  4.0000E-99
   1727.99  1.0000E-99  4.0000E-99
   1729.14  1.0000E-99  4.0000E-99
   1730.30  1.0000E-99  4.0000E-99
   1731.45  1.0000E-99  4.0000E-99
   1732.61  1.0000E-99  4.0000E-99
   1733.76  1.0000E-99  4.0000E-99
   1734.92  1.0000E-99  4.0000E-99
   1736.07  1.0000E-99  4.0000E-99
   1737.23  1.0000E-99  4.0000E-99
   1738.39  1.0000E-99  4.0000E-99
   1739.55  1.0000E-99  4.0000E-99
   1740.71  1.0000E-99  4.0000E-99
   1741.87  1.0000E-99  4.0000E-99
   1743.03  1.0000E-99  4.0000E-99
   1744.19  1.0000E-99  4.0000E-99
   1745.36  1.0000E-99  4.0000E-99
   1746.52  1.0000E-99  4.0000E-99
   1747.69  1.0000E-99  4.0000E-99
   1748.85  1.0000E-99  4.0000E-99
   1750.02  1.0000E-99  4.0000E-99
   1751.19  1.0000E-99  4.0000E-99
   1752.35  1.0000E-99  4.0000E-99
   1753.52  1.0000E-99  4.0000E-99
   1754.69  1.0000E-99  4.0000E-99
   1755.86  1.0000E-99  4.0000E-99
   1757.03  1.0000E-99  4.0000E-99
   1758.20  1.0000E-99  4.0000E-99
   1759.38  1.0000E-99  4.0000E-99
   1760.55  1.0000E-99  4.0000E-99
   1761.72  1.0000E-99  4.0000E-99
   1762.90  1.0000E-99  4.0000E-99
   1764.07  1.0000E-99  4.0000E-99
   1765.25  1.0000E-99  4.0000E-99
   1766.43  1.0000E-99  4.0000E-99
   1767.61  1.0000E-99  4.0000E-99
   1768.78  1.0000E-99  4.0000E-99
   1769.96  1.0000E-99  4.0000E-99
   1771.14  1.0000E-99  4.0000E-99
   1772.33  1.0000E-99  4.0000E-99
   1773.51  1.0000E-99  4.0000E-99
   1774.69  1.0000E-99  4.0000E-99
   1775.87  1.0000E-99  4.0000E-99
   1777.06  1.0000E-99  4.0000E-99
   1778.24  1.0000E-99  4.0000E-99
   1779.43  1.0000E-99  4.0000E-99
   1780.62  1.0000E-99  4.0000E-99
   1781.80  1.0000E-99  4.0000E-99
   1782.99  1.0000E-99  4.0000E-99
   1784.18  1.0000E-99  4.0000E-99
   1785.37  1.0000E-99  4.0000E-99
   1786.56  1.0000E-99  4.0000E-99
   1787.75  1.0000E-99  4.0000E-99
   1788.94  1.0000E-99  4.0000E-99
   1790.14  1.0000E-99  4.0000E-99
   1791.33  1.0000E-99  4.0000E-99
   1792.53  1.0000E-99  4.0000E-99
   1793.72  1.0000E-99  4.0000E-99
   1794.92  1.0000E-99  4.0000E-99
   1796.11  1.0000E-99  4.0000E-99
   1797.31  1.0000E-99  4.0000E-99
   1798.51  1.0000E-99  4.0000E-99
   1799.71  1.0000E-99  4.0000E-99
   1800.91  1.0000E-99  4.0000E-99
   1802.11  1.0000E-99  4.0000E-99
   1803.31  1.0000E-99  4.0000E-99
   1804.52  1.0000E-99  4.0000E-99
   1805.72  1.0000E-99  4.0000E-99
   1806.92  1.0000E-99  4.0000E-99
   1808.13  1.0000E-99  4.0000E-99
   1809.33  1.0000E-99  4.0000E-99
   1810.54  1.0000E-99  4.0000E-99
   1811.75  1.0000E-99  4.0000E-99
   1812.96  1.0000E-99  4.0000E-99
   1814.16  1.0000E-99  4.0000E-99
   1815.37  1.0000E-99  4.0000E-99
   1816.59  1.0000E-99  4.0000E-99
   1817.80  1.0000E-99  4.0000E-99
   1819.01  1.0000E-99  4.0000E-99
   1820.22  1.0000E-99  4.0000E-99
   1821.44  1.0000E-99  4.0000E-99
   1822.65  1.0000E-99  4.0000E-99
   1823.87  1.0000E-99  4.0000E-99
   1825.08  1.0000E-99  4.0000E-99
   1826.30  1.0000E-99  4.0000E-99
   1827.52  1.0000E-99  4.0000E-99
   1828.74  1.0000E-99  4.0000E-99
   1829.96  1.0000E-99  4.0000E-99
   1831.18  1.0000E-99  4.0000E-99
   1832.40  1.0000E-99  4.0000E-99
   1833.62  1.0000E-99  4.0000E-99
   1834.84  1.0000E-99  4.0000E-99
   1836.07  1.0000E-99  4.0000E-99
   1837.29  1.0000E-99  4.0000E-99
   1838.51  1.0000E-99  4.0000E-99
   1839.74  1.0000E-99  4.0000E-99
   1840.97  1.0000E-99  4.0000E-99
   1842.20  1.0000E-99  4.0000E-99
   1843.42  1.0000E-99  4.0000E-99
   1844.65  1.0000E-99  4.0000E-99
   1845.88  1.0000E-99  4.0000E-99
   1847.11  1.0000E-99  4.0000E-99
   1848.35  1.0000E-99  4.0000E-99
   1849.58  1.0000E-99  4.0000E-99
   1850.81  1.0000E-99  4.0000E-99
   1852.05  1.0000E-99  4.0000E-99
   1853.28  1.0000E-99  4.0000E-99
   1854.52  1.0000E-99  4.0000E-99
   1855.75  1.0000E-99  4.0000E-99
   1856.99  1.0000E-99  4.0000E-99
   1858.23  1.0000E-99  4.0000E-99
   1859.47  1.0000E-99  4.0000E-99
   1860.71  1.0000E-99  4.0000E-99
   1861.95  1.0000E-99  4.0000E-99
   1863.19  1.0000E-99  4.0000E-99
   1864.43  1.0000E-99  4.0000E-99
   1865.68  1.0000E-99  4.0000E-99
   1866.92  1.0000E-99  4.0000E-99
   1868.17  1.0000E-99  4.0000E-99
   1869.41  1.0000E-99  4.0000E-99
   1870.66  1.0000E-99  4.0000E-99
   1871.91  1.0000E-99  4.0000E-99
   1873.15  1.0000E-99  4.0000E-99
   1874.40  1.0000E-99  4.0000E-99
   1875.65  1.0000E-99  4.0000E-99
   1876.90  1.0000E-99  4.0000E-99
   1878.16  1.0000E-99  4.0000E-99
   1879.41  1.0000E-99  4.0000E-99
   1880.66  1.0000E-99  4.0000E-99
   1881.92  1.0000E-99  4.0000E-99
   1883.17  1.0000E-99  4.0000E-99
   1884.43  1.0000E-99  4.0000E-99
   1885.68  1.0000E-99  4.0000E-99
   1886.94  1.0000E-99  4.0000E-99
   1888.20  1.0000E-99  4.0000E-99
   1889.46  1.0000E-99  4.0000E-99
   1890.72  1.0000E-99  4.0000E-99
   1891.98  1.0000E-99  4.0000E-99
   1893.24  1.0000E-99  4.0000E-99
   1894.50  1.0000E-99  4.0000E-99
   1895.77  1.0000E-99  4.0000E-99
   1897.03  1.0000E-99  4.0000E-99
   1898.30  1.0000E-99  4.0000E-99
   1899.56  1.0000E-99  4.0000E-99
   1900.83  1.0000E-99  4.0000E-99
   1902.10  1.0000E-99  4.0000E-99
   1903.37  1.0000E-99  4.0000E-99
   1904.63  1.0000E-99  4.0000E-99
   1905.90  1.0000E-99  4.0000E-99
   1907.18  1.0000E-99  4.0000E-99
   1908.45  1.0000E-99  4.0000E-99
   1909.72  1.0000E-99  4.0000E-99
   1910.99  1.0000E-99  4.0000E-99
   1912.27  1.0000E-99  4.0000E-99
   1913.54  1.0000E-99  4.0000E-99
   1914.82  1.0000E-99  4.0000E-99
   1916.10  1.0000E-99  4.0000E-99
   1917.37  1.0000E-99  4.0000E-99
   1918.65  1.0000E-99  4.0000E-99
   1919.93  1.0000E-99  4.0000E-99
   1921.21  1.0000E-99  4.0000E-99
   1922.49  1.0000E-99  4.0000E-99
   1923.78  1.0000E-99  4.0000E-99
   1925.06  1.0000E-99  4.0000E-99
   1926.34  1.0000E-99  4.0000E-99
   1927.63  1.0000E-99  4.0000E-99
   1928.91  1.0000E-99  4.0000E-99
   1930.20  1.0000E-99  4.0000E-99
   1931.49  1.0000E-99  4.0000E-99
   1932.77  4.0216E-96  1.6086E-95
   1934.06  1.0000E-99  4.0000E-99
   1935.35  1.0538E-97  4.2153E-97
   1936.64  6.0379E-96  2.4151E-95
   1937.93  1.0000E-99  4.0000E-99
   1939.23  1.0000E-99  4.0000E-99
   1940.52  1.0000E-99  4.0000E-99
   1941.81  1.0000E-99  4.0000E-99
   1943.11  1.0000E-99  4.0000E-99
   1944.41  1.0000E-99  4.0000E-99
   1945.70  1.0000E-99  4.0000E-99
   1947.00  1.0000E-99  4.0000E-99
   1948.30  1.0000E-99  4.0000E-99
   1949.60  1.0000E-99  4.0000E-99
   1950.90  1.0000E-99  4.0000E-99
   1952.20  1.0000E-99  4.0000E-99
   1953.50  7.0856E-94  2.8343E-93
   1954.80  1.0000E-99  4.0000E-99
   1956.11  1.0000E-99  4.0000E-99
   1957.41  1.0000E-99  4.0000E-99
   1958.72  1.0000E-99  4.0000E-99
   1960.02  1.0000E-99  4.0000E-99
   1961.33  1.0000E-99  4.0000E-99
   1962.64  2.6616E-93  1.0647E-92
   1963.95  1.0000E-99  4.0000E-99
   1965.26  1.0000E-99  4.0000E-99
   1966.57  1.0000E-99  4.0000E-99
   1967.88  1.0000E-99  4.0000E-99
   1969.19  1.0000E-99  4.0000E-99
   1970.50  1.0000E-99  4.0000E-99
   1971.82  1.0000E-99  4.0000E-99
   1973.13  1.0000E-99  4.0000E-99
   1974.45  1.8096E-95  7.2383E-95
   1975.76  1.0000E-99  4.0000E-99
   1977.08  1.0000E-99  4.0000E-99
   1978.40  1.0000E-99  4.0000E-99
   1979.72  1.0000E-99  4.0000E-99
   1981.04  1.0000E-99  4.0000E-99
   1982.36  1.0000E-99  4.0000E-99
   1983.68  1.0000E-99  4.0000E-99
   1985.01  1.0000E-99  4.0000E-99
   1986.33  1.0000E-99  4.0000E-99
   1987.65  1.0000E-99  4.0000E-99
   1988.98  1.0000E-99  4.0000E-99
   1990.31  1.0000E-99  4.0000E-99
   1991.63  1.0000E-99  4.0000E-99
   1992.96  1.0000E-99  4.0000E-99
   1994.29  1.0000E-99  4.0000E-99
   1995.62  1.0000E-99  4.0000E-99
   1996.95  1.0000E-99  4.0000E-99
   1998.28  1.0000E-99  4.0000E-99
   1999.62  1.0000E-99  4.0000E-99
   2000.95  1.0000E-99  4.0000E-99
   2002.28  1.0000E-99  4.0000E-99
   2003.62  1.0000E-99  4.0000E-99
   2004.96  1.0000E-99  4.0000E-99
   2006.29  1.0000E-99  4.0000E-99
   2007.63  1.0000E-99  4.0000E-99
   2008.97  1.0000E-99  4.0000E-99
   2010.31  1.0000E-99  4.0000E-99
   2011.65  1.8947E-94  7.5790E-94
   2012.99  1.0000E-99  4.0000E-99
   2014.33  1.0000E-99  4.0000E-99
   2015.68  1.0000E-99  4.0000E-99
   2017.02  1.0000E-99  4.0000E-99
   2018.37  1.0000E-99  4.0000E-99
   2019.71  1.0000E-99  4.0000E-99
   2021.06  1.0000E-99  4.0000E-99
   2022.41  1.0000E-99  4.0000E-99
   2023.76  1.0000E-99  4.0000E-99
   2025.10  1.0000E-99  4.0000E-99
   2026.46  1.0000E-99  4.0000E-99
   2027.81  3.7479E-92  1.4992E-91
   2029.16  1.0000E-99  4.0000E-99
   2030.51  1.0000E-99  4.0000E-99
   2031.87  1.0000E-99  4.0000E-99
   2033.22  1.0000E-99  4.0000E-99
   2034.58  1.0000E-99  4.0000E-99
   2035.93  1.0000E-99  4.0000E-99
   2037.29  1.0000E-99  4.0000E-99
   2038.65  1.0000E-99  4.0000E-99
   2040.01  1.0000E-99  4.0000E-99
   2041.37  1.0000E-99  4.0000E-99
   2042.73  1.0000E-99  4.0000E-99
   2044.09  1.0000E-99  4.0000E-99
   2045.46  1.0000E-99  4.0000E-99
   2046.82  1.0000E-99  4.0000E-99
   2048.19  1.0000E-99  4.0000E-99
   2049.55  1.0000E-99  4.0000E-99
   2050.92  1.0000E-99  4.0000E-99
   2052.29  1.0000E-99  4.0000E-99
   2053.65  1.0000E-99  4.0000E-99
   2055.02  1.0000E-99  4.0000E-99
   2056.39  1.0000E-99  4.0000E-99
   2057.77  1.0000E-99  4.0000E-99
   2059.14  1.0000E-99  4.0000E-99
   2060.51  1.0000E-99  4.0000E-99
   2061.89  1.0000E-99  4.0000E-99
   2063.26  1.0000E-99  4.0000E-99
   2064.64  1.0000E-99  4.0000E-99
   2066.01  1.0000E-99  4.0000E-99
   2067.39  1.0000E-99  4.0000E-99
   2068.77  1.0000E-99  4.0000E-99
   2070.15  1.0000E-99  4.0000E-99
   2071.53  1.0000E-99  4.0000E-99
   2072.91  1.0000E-99  4.0000E-99
   2074.29  1.0000E-99  4.0000E-99
   2075.68  1.0000E-99  4.0000E-99
   2077.06  1.0000E-99  4.0000E-99
   2078.45  1.0000E-99  4.0000E-99
   2079.83  1.0000E-99  4.0000E-99
   2081.22  1.0000E-99  4.0000E-99
   2082.61  1.0000E-99  4.0000E-99
   2084.00  1.0000E-99  4.0000E-99
   2085.39  1.0000E-99  4.0000E-99
   2086.78  1.0000E-99  4.0000E-99
   2088.17  1.0000E-99  4.0000E-99
   2089.56  1.0000E-99  4.0000E-99
   2090.95  1.0000E-99  4.0000E-99
   2092.35  1.0000E-99  4.0000E-99
   2093.74  1.0000E-99  4.0000E-99
   2095.14  1.0000E-99  4.0000E-99
   2096.54  1.0000E-99  4.0000E-99
   2097.94  1.0000E-99  4.0000E-99
   2099.33  1.0000E-99  4.0000E-99
   2100.73  1.0000E-99  4.0000E-99
   2102.14  1.0000E-99  4.0000E-99
   2103.54  1.0000E-99  4.0000E-99
   2104.94  1.0000E-99  4.0000E-99
   2106.34  1.0000E-99  4.0000E-99
   2107.75  1.0000E-99  4.0000E-99
   2109.15  1.0000E-99  4.0000E-99
   2110.56  1.0000E-99  4.0000E-99
   2111.97  1.0000E-99  4.0000E-99
   2113.38  1.0000E-99  4.0000E-99
   2114.79  1.0000E-99  4.0000E-99
   2116.20  1.0000E-99  4.0000E-99
   2117.61  1.0000E-99  4.0000E-99
   2119.02  1.0000E-99  4.0000E-99
   2120.43  1.0000E-99  4.0000E-99
   2121.85  1.0000E-99  4.0000E-99
   2123.26  1.0000E-99  4.0000E-99
   2124.68  1.0000E-99  4.0000E-99
   2126.09  1.0000E-99  4.0000E-99
   2127.51  1.0000E-99  4.0000E-99
   2128.93  1.0000E-99  4.0000E-99
   2130.35  1.0000E-99  4.0000E-99
   2131.77  1.0000E-99  4.0000E-99
   2133.19  1.0000E-99  4.0000E-99
   2134.62  1.0000E-99  4.0000E-99
   2136.04  1.0000E-99  4.0000E-99
   2137.46  1.0000E-99  4.0000E-99
   2138.89  1.0000E-99  4.0000E-99
   2140.31  1.0000E-99  4.0000E-99
   2141.74  4.8204E-23  1.9282E-22
   2143.17  8.0285E-21  3.2114E-20
   2144.60  1.1812E-18  4.7247E-18
   2146.03  4.0402E-17  1.6161E-16
   2147.46  1.9746E-16  7.8983E-16
   2148.89  2.2955E-16  9.1822E-16
   2150.33  9.3001E-17  3.7200E-16
   2151.76  4.1790E-17  1.6716E-16
   2153.19  6.7957E-18  2.7183E-17
   2154.63  5.0284E-19  2.0114E-18
   2156.07  7.4148E-21  2.9659E-20
   2157.51  6.6965E-25  2.6786E-24
   2158.94  1.0000E-99  4.0000E-99
   2160.38  1.0000E-99  4.0000E-99
   2161.82  1.0000E-99  4.0000E-99
   2163.27  1.0000E-99  4.0000E-99
   2164.71  1.0000E-99  4.0000E-99
   2166.15  1.0000E-99  4.0000E-99
   2167.60  1.0000E-99  4.0000E-99
   2169.04  1.0000E-99  4.0000E-99
   2170.49  1.0000E-99  4.0000E-99
   2171.94  1.0000E-99  4.0000E-99
   2173.38  1.0000E-99  4.0000E-99
   2174.83  1.0000E-99  4.0000E-99
   2176.28  1.0000E-99  4.0000E-99
   2177.74  2.4085E-25  9.6339E-25
   2179.19  5.3679E-20  2.1472E-19
   2180.64  2.4123E-16  9.6494E-16
   2182.10  1.9483E-13  7.7930E-13
   2183.55  1.8581E-11  7.4322E-11
   2185.01  7.4502E-10  2.9801E-09
   2186.46  6.7045E-08  2.6818E-07
   2187.92  1.5238E-07  6.0950E-07
   2189.38  4.1056E-07  1.6422E-06
   2190.84  1.2390E-06  4.9558E-06
   2192.30  9.2800E-10  3.7120E-09
   2193.76  1.8153E-06  7.2614E-06
   2195.23  1.5187E-06  6.0750E-06
   2196.69  1.1553E-06  4.6211E-06
   2198.16  7.7520E-07  3.1008E-06
   2199.62  3.4298E-07  1.3719E-06
   2201.09  3.9602E-08  1.5841E-07
   2202.56  1.7773E-09  7.1093E-09
   2204.03  1.9109E-13  7.6436E-13
   2205.49  1.7603E-17  7.0412E-17
   2206.97  1.6074E-20  6.4298E-20
   2208.44  1.1017E-21  4.4068E-21
   2209.91  7.7659E-18  3.1064E-17
   2211.38  8.4846E-23  3.3939E-22
   2212.86  7.6867E-25  3.0747E-24
   2214.33  2.2301E-21  8.9205E-21
   2215.81  1.0781E-18  4.3123E-18
   2217.29  1.0631E-19  4.2523E-19
   2218.77  3.9509E-16  1.5804E-15
   2220.25  2.7874E-11  1.1150E-10
   2221.73  3.5770E-09  1.4308E-08
   2223.21  2.3170E-07  9.2679E-07
   2224.69  1.7754E-06  7.1017E-06
   2226.18  7.1256E-06  2.8503E-05
   2227.66  2.0928E-05  8.3710E-05
   2229.15  7.6863E-05  3.0745E-04
   2230.63  1.1579E-04  4.6315E-04
   2232.12  1.6459E-06  6.5837E-06
   2233.61  1.2277E-04  4.9108E-04
   2235.10  8.7749E-05  3.5100E-04
   2236.59  1.9582E-05  7.8328E-05
   2238.08  6.2954E-06  2.5182E-05
   2239.57  1.3408E-06  5.3632E-06
   2241.07  1.8295E-06  7.3182E-06
   2242.56  9.5956E-06  3.8382E-05
   2244.06  7.8566E-06  3.1427E-05
   2245.55  3.8836E-07  1.5534E-06
   2247.05  1.7198E-06  6.8793E-06
   2248.55  6.9423E-06  2.7769E-05
   2250.05  1.7658E-05  7.0630E-05
   2251.55  2.7545E-06  1.1018E-05
   2253.05  8.2169E-05  3.2868E-04
   2254.55  1.2876E-04  5.1504E-04
   2256.06  1.6915E-04  6.7660E-04
   2257.56  4.0067E-06  1.6027E-05
   2259.07  9.3475E-06  3.7390E-05
   2260.57  1.6814E-07  6.7255E-07
   2262.08  3.0966E-04  1.2386E-03
   2263.59  5.9539E-04  2.3815E-03
   2265.10  5.4499E-07  2.1800E-06
   2266.61  1.0413E-03  4.1652E-03
   2268.12  7.7055E-04  3.0822E-03
   2269.63  8.2650E-04  3.3060E-03
   2271.15  1.2958E-05  5.1831E-05
   2272.66  9.4932E-04  3.7973E-03
   2274.18  8.5404E-04  3.4162E-03
   2275.69  8.0458E-04  3.2183E-03
   2277.21  9.2818E-04  3.7127E-03
   2278.73  9.1145E-04  3.6458E-03
   2280.25  8.8684E-04  3.5473E-03
   2281.77  9.4262E-04  3.7705E-03
   2283.29  9.7289E-04  3.8915E-03
   2284.81  8.9273E-04  3.5709E-03
   2286.34  6.2045E-04  2.4818E-03
   2287.86  6.7315E-06  2.6926E-05
   2289.39  1.0001E-03  4.0005E-03
   2290.91  6.9142E-04  2.7657E-03
   2292.44  8.8882E-04  3.5553E-03
   2293.97  5.3826E-04  2.1531E-03
   2295.50  8.0900E-07  3.2360E-06
   2297.03  1.0536E-03  4.2145E-03
   2298.56  1.4731E-03  5.8923E-03
   2300.10  7.1410E-06  2.8564E-05
   2301.63  2.5336E-04  1.0134E-03
   2303.16  2.0641E-07  8.2563E-07
   2304.70  1.1746E-04  4.6982E-04
   2306.24  5.1329E-04  2.0532E-03
   2307.77  1.0093E-05  4.0372E-05
   2309.31  8.3890E-04  3.3556E-03
   2310.85  3.5706E-06  1.4282E-05
   2312.39  4.9876E-04  1.9950E-03
   2313.94  7.7267E-04  3.0907E-03
   2315.48  1.5690E-03  6.2761E-03
   2317.02  1.5395E-03  6.1579E-03
   2318.57  1.1577E-03  4.6309E-03
   2320.12  1.1173E-03  4.4692E-03
   2321.66  1.0894E-03  4.3575E-03
   2323.21  6.3601E-04  2.5440E-03
   2324.76  5.3193E-04  2.1277E-03
   2326.31  6.2340E-04  2.4936E-03
   2327.86  1.1420E-03  4.5679E-03
   2329.41  1.1918E-03  4.7674E-03
   2330.97  6.2610E-04  2.5044E-03
   2332.52  1.3268E-03  5.3073E-03
   2334.08  8.5109E-04  3.4044E-03
   2335.63  4.7281E-04  1.8912E-03
   2337.19  6.6500E-04  2.6600E-03
   2338.75  1.1409E-03  4.5637E-03
   2340.31  1.2901E-03  5.1603E-03
   2341.87  1.0482E-06  4.1927E-06
   2343.43  1.7174E-03  6.8696E-03
   2344.99  2.5843E-05  1.0337E-04
   2346.56  5.7950E-04  2.3180E-03
   2348.12  1.5909E-04  6.3635E-04
   2349.69  3.3718E-05  1.3487E-04
   2351.26  9.4278E-04  3.7711E-03
   2352.82  1.7294E-03  6.9174E-03
   2354.39  8.5165E-04  3.4066E-03
   2355.96  2.5045E-04  1.0018E-03
   2357.53  1.1290E-03  4.5160E-03
   2359.11  1.0382E-03  4.1530E-03
   2360.68  1.1949E-04  4.7797E-04
   2362.25  2.5705E-04  1.0282E-03
   2363.83  4.5177E-04  1.8071E-03
   2365.41  7.7235E-06  3.0894E-05
   2366.98  3.4708E-04  1.3883E-03
   2368.56  1.1386E-06  4.5542E-06
   2370.14  8.0335E-04  3.2134E-03
   2371.72  3.6344E-04  1.4537E-03
   2373.30  7.9958E-04  3.1983E-03
   2374.89  1.9885E-03  7.9538E-03
   2376.47  6.9234E-04  2.7693E-03
   2378.05  2.3540E-04  9.4161E-04
   2379.64  7.4411E-04  2.9764E-03
   2381.23  7.4312E-04  2.9725E-03
   2382.82  1.0038E-03  4.0152E-03
   2384.40  1.1867E-03  4.7467E-03
   2385.99  2.1620E-03  8.6481E-03
   2387.59  5.9618E-04  2.3847E-03
   2389.18  6.1209E-05  2.4483E-04
   2390.77  1.2046E-03  4.8183E-03
   2392.37  1.3910E-03  5.5640E-03
   2393.96  4.0343E-04  1.6137E-03
   2395.56  1.8194E-03  7.2777E-03
   2397.15  4.5932E-05  1.8373E-04
   2398.75  7.7332E-04  3.0933E-03
   2400.35  6.3941E-05  2.5577E-04
   2401.95  2.9365E-04  1.1746E-03
   2403.56  2.4924E-04  9.9697E-04
   2405.16  1.5844E-05  6.3375E-05
   2406.76  6.4552E-05  2.5821E-04
   2408.37  1.0652E-03  4.2607E-03
   2409.97  1.0000E-99  4.0000E-99
   2411.58  1.0000E-99  4.0000E-99
   2413.19  1.5522E-04  6.2088E-04
   2414.80  4.0463E-05  1.6185E-04
   2416.41  3.8888E-08  1.5555E-07
   2418.02  7.4245E-08  2.9698E-07
   2419.63  5.5119E-08  2.2047E-07
   2421.25  5.1167E-15  2.0467E-14
   2422.86  1.0000E-99  4.0000E-99
   2424.48  1.0000E-99  4.0000E-99
   2426.09  1.0000E-99  4.0000E-99
   2427.71  1.0000E-99  4.0000E-99
   2429.33  1.0000E-99  4.0000E-99
   2430.95  1.0000E-99  4.0000E-99
   2432.57  1.0000E-99  4.0000E-99
   2434.19  9.7309E-25  3.8924E-24
   2435.82  1.0000E-99  4.0000E-99
   2437.44  2.6884E-20  1.0754E-19
   2439.07  1.0000E-99  4.0000E-99
   2440.69  1.0000E-99  4.0000E-99
   2442.32  1.0000E-99  4.0000E-99
   2443.95  1.0000E-99  4.0000E-99
   2445.58  1.0000E-99  4.0000E-99
   2447.21  1.0000E-99  4.0000E-99
   2448.84  1.0000E-99  4.0000E-99
   2450.47  1.3294E-25  5.3175E-25
   2452.11  1.0000E-99  4.0000E-99
   2453.74  1.0000E-99  4.0000E-99
   2455.38  1.0000E-99  4.0000E-99
   2457.02  1.0000E-99  4.0000E-99
   2458.66  1.0000E-99  4.0000E-99
   2460.30  1.0000E-99  4.0000E-99
   2461.94  1.0000E-99  4.0000E-99
   2463.58  1.0000E-99  4.0000E-99
   2465.22  1.0000E-99  4.0000E-99
   2466.87  1.0000E-99  4.0000E-99
   2468.51  1.0000E-99  4.0000E-99
   2470.16  1.0000E-99  4.0000E-99
   2471.80  1.0000E-99  4.0000E-99
   2473.45  1.0000E-99  4.0000E-99
   2475.10  1.0000E-99  4.0000E-99
   2476.75  1.0000E-99  4.0000E-99
   2478.40  1.0000E-99  4.0000E-99
   2480.06  1.0000E-99  4.0000E-99
   2481.71  1.0000E-99  4.0000E-99
   2483.37  1.0000E-99  4.0000E-99
   2485.02  1.0000E-99  4.0000E-99
   2486.68  1.0000E-99  4.0000E-99
   2488.34  1.0000E-99  4.0000E-99
   2490.00  1.0000E-99  4.0000E-99
   2491.66  1.0000E-99  4.0000E-99
   2493.32  1.0000E-99  4.0000E-99
   2494.98  1.0000E-99  4.0000E-99
   2496.64  1.0000E-99  4.0000E-99
   2498.31  1.0000E-99  4.0000E-99
   2499.98  1.0000E-99  4.0000E-99
   2501.64  1.0000E-99  4.0000E-99
   2503.31  1.0000E-99  4.0000E-99
   2504.98  1.0000E-99  4.0000E-99
   2506.65  1.0000E-99  4.0000E-99
   2508.32  1.0000E-99  4.0000E-99
   2510.00  1.0000E-99  4.0000E-99
   2511.67  1.0000E-99  4.0000E-99
   2513.34  1.0000E-99  4.0000E-99
   2515.02  1.0000E-99  4.0000E-99
   2516.70  1.0000E-99  4.0000E-99
   2518.38  1.0000E-99  4.0000E-99
   2520.06  1.0000E-99  4.0000E-99
   2521.74  1.0000E-99  4.0000E-99
   2523.42  1.0000E-99  4.0000E-99
   2525.10  1.0000E-99  4.0000E-99
   2526.78  1.0000E-99  4.0000E-99
   2528.47  1.0000E-99  4.0000E-99
   2530.16  1.0000E-99  4.0000E-99
   2531.84  1.0000E-99  4.0000E-99
   2533.53  1.0000E-99  4.0000E-99
   2535.22  1.0000E-99  4.0000E-99
   2536.91  1.0000E-99  4.0000E-99
   2538.60  1.0000E-99  4.0000E-99
   2540.30  1.0000E-99  4.0000E-99
   2541.99  1.0000E-99  4.0000E-99
   2543.69  1.0000E-99  4.0000E-99
   2545.38  1.0000E-99  4.0000E-99
   2547.08  1.0000E-99  4.0000E-99
   2548.78  1.0000E-99  4.0000E-99
   2550.48  1.0000E-99  4.0000E-99
   2552.18  1.0000E-99  4.0000E-99
   2553.88  1.0000E-99  4.0000E-99
   2555.58  1.0000E-99  4.0000E-99
   2557.29  1.0000E-99  4.0000E-99
   2558.99  1.0000E-99  4.0000E-99
   2560.70  1.0000E-99  4.0000E-99
   2562.41  1.0000E-99  4.0000E-99
   2564.12  1.0000E-99  4.0000E-99
   2565.83  1.0000E-99  4.0000E-99
   2567.54  1.0000E-99  4.0000E-99
   2569.25  1.0000E-99  4.0000E-99
   2570.96  1.0000E-99  4.0000E-99
   2572.68  1.0000E-99  4.0000E-99
   2574.39  1.0000E-99  4.0000E-99
   2576.11  2.9527E-81  1.1811E-80
   2577.83  1.0000E-99  4.0000E-99
   2579.55  1.0000E-99  4.0000E-99
   2581.27  1.0000E-99  4.0000E-99
   2582.99  1.0000E-99  4.0000E-99
   2584.71  1.0000E-99  4.0000E-99
   2586.43  1.0000E-99  4.0000E-99
   2588.16  1.0000E-99  4.0000E-99
   2589.88  1.0000E-99  4.0000E-99
   2591.61  1.0000E-99  4.0000E-99
   2593.34  1.0000E-99  4.0000E-99
   2595.07  1.0000E-99  4.0000E-99
   2596.80  1.0000E-99  4.0000E-99
   2598.53  2.0763E-81  8.3051E-81
   2600.26  1.0000E-99  4.0000E-99
   2602.00  1.0000E-99  4.0000E-99
   2603.73  1.0000E-99  4.0000E-99
   2605.47  1.0000E-99  4.0000E-99
   2607.21  1.0000E-99  4.0000E-99
   2608.95  1.0000E-99  4.0000E-99
   2610.69  1.0000E-99  4.0000E-99
   2612.43  1.0000E-99  4.0000E-99
   2614.17  1.0000E-99  4.0000E-99
   2615.91  8.8847E-80  3.5539E-79
   2617.66  9.7043E-80  3.8817E-79
   2619.40  1.0000E-99  4.0000E-99
   2621.15  1.0000E-99  4.0000E-99
   2622.90  1.5807E-79  6.3229E-79
   2624.65  1.0000E-99  4.0000E-99
   2626.40  1.0000E-99  4.0000E-99
   2628.15  1.0000E-99  4.0000E-99
   2629.90  1.0000E-99  4.0000E-99
   2631.65  1.0000E-99  4.0000E-99
   2633.41  1.0000E-99  4.0000E-99
   2635.17  1.0000E-99  4.0000E-99
   2636.92  1.0000E-99  4.0000E-99
   2638.68  4.9341E-79  1.9737E-78
   2640.44  5.9744E-79  2.3898E-78
   2642.20  4.7452E-79  1.8981E-78
   2643.96  3.9593E-82  1.5837E-81
   2645.73  1.0000E-99  4.0000E-99
   2647.49  1.0000E-99  4.0000E-99
   2649.26  1.0000E-99  4.0000E-99
   2651.02  1.0000E-99  4.0000E-99
   2652.79  1.0000E-99  4.0000E-99
   2654.56  1.0000E-99  4.0000E-99
   2656.33  1.0000E-99  4.0000E-99
   2658.10  1.0000E-99  4.0000E-99
   2659.87  1.0000E-99  4.0000E-99
   2661.65  1.0000E-99  4.0000E-99
   2663.42  3.2039E-78  1.2816E-77
   2665.20  3.7076E-78  1.4830E-77
   2666.98  4.0371E-78  1.6148E-77
   2668.76  3.7455E-78  1.4982E-77
   2670.54  1.7871E-78  7.1483E-78
   2672.32  1.0000E-99  4.0000E-99
   2674.10  7.0632E-78  2.8253E-77
   2675.88  1.0000E-99  4.0000E-99
   2677.67  1.0000E-99  4.0000E-99
   2679.45  1.0000E-99  4.0000E-99
   2681.24  1.0000E-99  4.0000E-99
   2683.03  1.0000E-99  4.0000E-99
   2684.82  1.0000E-99  4.0000E-99
   2686.61  1.0000E-99  4.0000E-99
   2688.40  1.9954E-77  7.9816E-77
   2690.19  2.2669E-77  9.0676E-77
   2691.98  2.5614E-77  1.0246E-76
   2693.78  2.8512E-77  1.1405E-76
   2695.58  3.0005E-77  1.2002E-76
   2697.37  3.6634E-77  1.4654E-76
   2699.17  1.0000E-99  4.0000E-99
   2700.97  1.0000E-99  4.0000E-99
   2702.77  5.3500E-77  2.1400E-76
   2704.58  6.2804E-77  2.5121E-76
   2706.38  1.0000E-99  4.0000E-99
   2708.18  1.0000E-99  4.0000E-99
   2709.99  1.0000E-99  4.0000E-99
   2711.80  1.0000E-99  4.0000E-99
   2713.61  1.1993E-76  4.7973E-76
   2715.42  1.3638E-76  5.4551E-76
   2717.23  1.5493E-76  6.1973E-76
   2719.04  1.7549E-76  7.0195E-76
   2720.85  1.9979E-76  7.9916E-76
   2722.67  2.1804E-76  8.7217E-76
   2724.48  2.5574E-76  1.0229E-75
   2726.30  2.9093E-76  1.1637E-75
   2728.12  1.0000E-99  4.0000E-99
   2729.94  1.0000E-99  4.0000E-99
   2731.76  1.0000E-99  4.0000E-99
   2733.58  4.0162E-76  1.6065E-75
   2735.40  1.0000E-99  4.0000E-99
   2737.23  1.0000E-99  4.0000E-99
   2739.05  1.0000E-99  4.0000E-99
   2740.88  8.0072E-76  3.2029E-75
   2742.71  9.1317E-76  3.6527E-75
   2744.53  1.0359E-75  4.1434E-75
   2746.36  1.1741E-75  4.6965E-75
   2748.20  1.3295E-75  5.3180E-75
   2750.03  1.4964E-75  5.9857E-75
   2751.86  1.7135E-75  6.8540E-75
   2753.70  1.6773E-75  6.7091E-75
   2755.53  1.2931E-75  5.1723E-75
   2757.37  1.0000E-99  4.0000E-99
   2759.21  1.0000E-99  4.0000E-99
   2761.05  1.0000E-99  4.0000E-99
   2762.89  1.0000E-99  4.0000E-99
   2764.73  1.0000E-99  4.0000E-99
   2766.58  1.0000E-99  4.0000E-99
   2768.42  5.2411E-75  2.0965E-74
   2770.27  5.9954E-75  2.3982E-74
   2772.12  6.7923E-75  2.7169E-74
   2773.96  7.6943E-75  3.0777E-74
   2775.81  8.7108E-75  3.4843E-74
   2777.67  9.8664E-75  3.9466E-74
   2779.52  1.1174E-74  4.4697E-74
   2781.37  1.2185E-74  4.8739E-74
   2783.23  1.4284E-74  5.7135E-74
   2785.08  1.5981E-74  6.3923E-74
   2786.94  1.0000E-99  4.0000E-99
   2788.80  1.0000E-99  4.0000E-99
   2790.66  1.0000E-99  4.0000E-99
   2792.52  1.0000E-99  4.0000E-99
   2794.38  1.0000E-99  4.0000E-99
   2796.24  1.0000E-99  4.0000E-99
   2798.11  3.8578E-74  1.5431E-73
   2799.98  4.3691E-74  1.7477E-73
   2801.84  4.9431E-74  1.9772E-73
   2803.71  5.5918E-74  2.2367E-73
   2805.58  6.3191E-74  2.5276E-73
   2807.45  7.1384E-74  2.8554E-73
   2809.32  8.0913E-74  3.2365E-73
   2811.20  5.7676E-74  2.3070E-73
   2813.07  1.0059E-73  4.0235E-73
   2814.95  1.1692E-73  4.6769E-73
   2816.83  2.1231E-74  8.4924E-74
   2818.70  1.0000E-99  4.0000E-99
   2820.58  1.0000E-99  4.0000E-99
   2822.46  1.0000E-99  4.0000E-99
   2824.35  1.0000E-99  4.0000E-99
   2826.23  3.7611E-74  1.5045E-73
   2828.11  1.0000E-99  4.0000E-99
   2830.00  3.1157E-73  1.2463E-72
   2831.89  3.5203E-73  1.4081E-72
   2833.78  3.9770E-73  1.5908E-72
   2835.67  4.0147E-73  1.6059E-72
   2837.56  5.0740E-73  2.0296E-72
   2839.45  5.7294E-73  2.2918E-72
   2841.34  6.4648E-73  2.5859E-72
   2843.24  4.3051E-73  1.7220E-72
   2845.13  7.2258E-21  2.8903E-20
   2847.03  1.5864E-24  6.3455E-24
   2848.93  1.0000E-99  4.0000E-99
   2850.83  2.8759E-14  1.1504E-13
   2852.73  6.8533E-73  2.7413E-72
   2854.63  7.6705E-26  3.0682E-25
   2856.54  1.6922E-72  6.7688E-72
   2858.44  1.9273E-72  7.7092E-72
   2860.35  2.1538E-72  8.6152E-72
   2862.26  2.4536E-72  9.8146E-72
   2864.16  2.7687E-72  1.1075E-71
   2866.07  3.0564E-72  1.2226E-71
   2867.99  3.5233E-72  1.4093E-71
   2869.90  3.9742E-72  1.5897E-71
   2871.81  4.4823E-72  1.7929E-71
   2873.73  5.0549E-72  2.0219E-71
   2875.64  9.6099E-15  3.8440E-14
   2877.56  6.4221E-72  2.5688E-71
   2879.48  1.3654E-17  5.4615E-17
   2881.40  8.1622E-72  3.2649E-71
   2883.32  1.4087E-16  5.6347E-16
   2885.24  3.3023E-20  1.3209E-19
   2887.17  1.1670E-71  4.6681E-71
   2889.09  1.2574E-71  5.0298E-71
   2891.02  1.4863E-71  5.9453E-71
   2892.95  1.6748E-71  6.6992E-71
   2894.88  1.8871E-71  7.5482E-71
   2896.81  2.1261E-71  8.5045E-71
   2898.74  2.3953E-71  9.5810E-71
   2900.67  2.6982E-71  1.0793E-70
   2902.61  3.0392E-71  1.2157E-70
   2904.54  3.3507E-71  1.3403E-70
   2906.48  2.5317E-12  1.0127E-11
   2908.42  1.4005E-21  5.6021E-21
   2910.36  4.8784E-71  1.9514E-70
   2912.30  2.9236E-16  1.1695E-15
   2914.24  8.6201E-09  3.4481E-08
   2916.18  9.8271E-13  3.9308E-12
   2918.13  7.8229E-71  3.1292E-70
   2920.07  8.8372E-71  3.5349E-70
   2922.02  9.9456E-71  3.9782E-70
   2923.97  1.1194E-70  4.4776E-70
   2925.92  2.0915E-08  8.3662E-08
   2927.87  1.4173E-70  5.6693E-70
   2929.82  1.5945E-70  6.3778E-70
   2931.78  1.2191E-18  4.8764E-18
   2933.73  3.5907E-27  1.4363E-26
   2935.69  2.2700E-70  9.0801E-70
   2937.65  3.3773E-17  1.3509E-16
   2939.61  2.8709E-70  1.1484E-69
   2941.57  3.2286E-70  1.2914E-69
   2943.53  5.1540E-08  2.0616E-07
   2945.49  1.7991E-16  7.1964E-16
   2947.46  5.3680E-19  2.1472E-18
   2949.42  4.8713E-09  1.9485E-08
   2951.39  5.9511E-06  2.3804E-05
   2953.36  2.1433E-17  8.5732E-17
   2955.33  1.2571E-27  5.0286E-27
   2957.30  8.2355E-70  3.2942E-69
   2959.27  1.8369E-08  7.3475E-08
   2961.24  1.0399E-69  4.1596E-69
   2963.22  1.1681E-69  4.6723E-69
   2965.19  5.1193E-06  2.0477E-05
   2967.17  1.4745E-69  5.8978E-69
   2969.15  9.3759E-24  3.7504E-23
   2971.13  9.1713E-25  3.6685E-24
   2973.11  2.0895E-69  8.3578E-69
   2975.09  2.7062E-04  1.0825E-03
   2977.08  3.6774E-06  1.4709E-05
   2979.06  2.9588E-69  1.1835E-68
   2981.05  1.6407E-15  6.5627E-15
   2983.04  1.3876E-05  5.5505E-05
   2985.03  1.2097E-05  4.8389E-05
   2987.02  4.5300E-07  1.8120E-06
   2989.01  2.0342E-16  8.1368E-16
   2991.00  5.9205E-69  2.3682E-68
   2993.00  6.6440E-69  2.6576E-68
   2994.99  7.4557E-69  2.9823E-68
   2996.99  8.3656E-69  3.3463E-68
   2998.99  1.9066E-18  7.6266E-18
   3000.99  1.0530E-68  4.2119E-68
   3002.99  1.1812E-68  4.7249E-68
   3004.99  3.4935E-10  1.3974E-09
   3007.00  1.9241E-02  7.6966E-02
   3009.00  1.6667E-68  6.6668E-68
   3011.01  1.0931E-10  4.3725E-10
   3013.02  1.2499E-06  4.9994E-06
   3015.03  8.7545E-08  3.5018E-07
   3017.04  3.0850E-08  1.2340E-07
   3019.05  5.7782E-04  2.3113E-03
   3021.06  6.6935E-10  2.6774E-09
   3023.08  1.9152E-07  7.6607E-07
   3025.09  5.6705E-07  2.2682E-06
   3027.11  4.6622E-68  1.8649E-67
   3029.13  1.8427E-14  7.3708E-14
   3031.15  1.8785E-13  7.5141E-13
   3033.17  1.0650E-06  4.2600E-06
   3035.19  7.3495E-68  2.9398E-67
   3037.22  8.2336E-68  3.2935E-67
   3039.24  9.2234E-68  3.6893E-67
   3041.27  2.0698E-03  8.2792E-03
   3043.30  1.6455E-04  6.5819E-04
   3045.33  4.9929E-07  1.9972E-06
   3047.36  1.4686E-11  5.8746E-11
   3049.39  1.1657E-02  4.6626E-02
   3051.42  2.0249E-11  8.0998E-11
   3053.46  2.6271E-05  1.0508E-04
   3055.49  3.9996E-20  1.5998E-19
   3057.53  1.0853E-03  4.3412E-03
   3059.57  4.8670E-04  1.9468E-03
   3061.61  2.7688E-05  1.1075E-04
   3063.65  7.6756E-06  3.0702E-05
   3065.69  1.9173E-25  7.6693E-25
   3067.74  1.1199E-06  4.4795E-06
   3069.79  3.0276E-10  1.2111E-09
   3071.83  1.1152E-20  4.4607E-20
   3073.88  3.0583E-09  1.2233E-08
   3075.93  5.8049E-19  2.3220E-18
   3077.98  7.8550E-67  3.1420E-66
   3080.03  9.2275E-08  3.6910E-07
   3082.09  5.1269E-21  2.0507E-20
   3084.14  7.1208E-10  2.8483E-09
   3086.20  7.5479E-05  3.0192E-04
   3088.26  1.4651E-02  5.8603E-02
   3090.32  8.9699E-05  3.5880E-04
   3092.38  3.0810E-20  1.2324E-19
   3094.44  3.0028E-05  1.2011E-04
   3096.50  1.2983E-02  5.1931E-02
   3098.57  2.3435E-06  9.3738E-06
   3100.64  4.6020E-05  1.8408E-04
   3102.70  8.3675E-14  3.3470E-13
   3104.77  1.6583E-02  6.6334E-02
   3106.84  5.7221E-11  2.2889E-10
   3108.92  2.1083E-11  8.4334E-11
   3110.99  7.5540E-05  3.0216E-04
   3113.06  1.7452E-03  6.9810E-03
   3115.14  1.1021E-07  4.4084E-07
   3117.22  1.4399E-04  5.7596E-04
   3119.30  3.4325E-03  1.3730E-02
   3121.38  7.8341E-03  3.1337E-02
   3123.46  4.1040E-06  1.6416E-05
   3125.54  4.2929E-12  1.7171E-11
   3127.62  8.5024E-04  3.4010E-03
   3129.71  4.3577E-04  1.7431E-03
   3131.80  1.7227E-02  6.8908E-02
   3133.89  3.6576E-04  1.4630E-03
   3135.98  1.1410E-15  4.5640E-15
   3138.07  2.9547E-03  1.1819E-02
   3140.16  8.5616E-06  3.4246E-05
   3142.25  1.3503E-05  5.4012E-05
   3144.35  1.7377E-17  6.9508E-17
   3146.45  1.1067E-06  4.4267E-06
   3148.54  3.3871E-65  1.3548E-64
   3150.64  1.5991E-06  6.3965E-06
   3152.74  5.6533E-04  2.2613E-03
   3154.85  1.3692E-04  5.4768E-04
   3156.95  2.9071E-03  1.1628E-02
   3159.06  2.3388E-16  9.3551E-16
   3161.16  1.4146E-02  5.6585E-02
   3163.27  3.0792E-04  1.2317E-03
   3165.38  1.8454E-02  7.3816E-02
   3167.49  4.3767E-07  1.7507E-06
   3169.60  1.9398E-22  7.7590E-22
   3171.72  1.0339E-05  4.1355E-05
   3173.83  9.2692E-06  3.7077E-05
   3175.95  6.9709E-02  2.7884E-01
   3178.07  7.4464E-03  2.9786E-02
   3180.19  7.6823E-04  3.0729E-03
   3182.31  2.0556E-04  8.2225E-04
   3184.43  5.8673E-04  2.3469E-03
   3186.55  2.4990E-03  9.9961E-03
   3188.68  2.1936E-04  8.7746E-04
   3190.80  1.4852E-03  5.9407E-03
   3192.93  2.9797E-02  1.1919E-01
   3195.06  1.3327E-03  5.3309E-03
   3197.19  3.8629E-04  1.5451E-03
   3199.32  7.0808E-03  2.8323E-02
   3201.46  2.3119E-04  9.2478E-04
   3203.59  3.0673E-04  1.2269E-03
   3205.73  1.8198E-04  7.2792E-04
   3207.87  3.5074E-04  1.4030E-03
   3210.01  1.8128E-03  7.2513E-03
   3212.15  2.2813E-03  9.1254E-03
   3214.29  3.4427E-02  1.3771E-01
   3216.43  1.5434E-04  6.1737E-04
   3218.58  6.6973E-02  2.6789E-01
   3220.72  4.8530E-02  1.9412E-01
   3222.87  2.9801E-03  1.1921E-02
   3225.02  8.9490E-04  3.5796E-03
   3227.17  3.7461E-04  1.4984E-03
   3229.32  1.7470E-05  6.9881E-05
   3231.48  2.2829E-63  9.1316E-63
   3233.63  4.5342E-02  1.8137E-01
   3235.79  2.8246E-63  1.1298E-62
   3237.95  2.5783E-04  1.0313E-03
   3240.11  2.1797E-04  8.7187E-04
   3242.27  2.8271E-04  1.1308E-03
   3244.43  2.5386E-04  1.0154E-03
   3246.59  8.8591E-02  3.5436E-01
   3248.76  8.6102E-02  3.4441E-01
   3250.92  1.5361E-03  6.1446E-03
   3253.09  3.6963E-04  1.4785E-03
   3255.26  2.9875E-04  1.1950E-03
   3257.43  7.3329E-02  2.9332E-01
   3259.60  1.2859E-02  5.1435E-02
   3261.78  3.3497E-03  1.3399E-02
   3263.95  3.9788E-02  1.5915E-01
   3266.13  9.8509E-02  3.9404E-01
   3268.31  3.1941E-04  1.2777E-03
   3270.49  9.7422E-02  3.8969E-01
   3272.67  3.1718E-21  1.2687E-20
   3274.85  1.9734E-02  7.8937E-02
   3277.03  9.7670E-02  3.9068E-01
   3279.22  1.0206E-01  4.0823E-01
   3281.41  6.0204E-02  2.4081E-01
   3283.59  5.7296E-04  2.2918E-03
   3285.78  9.2184E-03  3.6874E-02
   3287.98  3.7922E-04  1.5169E-03
   3290.17  1.1098E-03  4.4392E-03
   3292.36  6.1669E-04  2.4667E-03
   3294.56  2.3595E-04  9.4379E-04
   3296.75  6.6836E-04  2.6734E-03
   3298.95  3.7071E-04  1.4829E-03
   3301.15  1.6871E-03  6.7483E-03
   3303.35  1.3333E-03  5.3332E-03
   3305.56  3.5811E-04  1.4324E-03
   3307.76  6.4019E-03  2.5608E-02
   3309.97  3.6816E-07  1.4726E-06
   3312.17  1.3803E-05  5.5213E-05
   3314.38  3.8987E-04  1.5595E-03
   3316.59  1.1170E-01  4.4681E-01
   3318.81  2.1406E-04  8.5623E-04
   3321.02  1.7581E-03  7.0324E-03
   3323.23  1.5465E-03  6.1859E-03
   3325.45  4.9896E-04  1.9958E-03
   3327.67  2.4261E-03  9.7045E-03
   3329.89  1.1038E-01  4.4152E-01
   3332.11  1.1663E-01  4.6651E-01
   3334.33  6.5416E-04  2.6167E-03
   3336.55  2.1090E-03  8.4361E-03
   3338.78  8.3708E-02  3.3483E-01
   3341.00  5.4767E-04  2.1907E-03
   3343.23  6.9509E-04  2.7804E-03
   3345.46  7.6336E-04  3.0534E-03
   3347.69  2.5338E-02  1.0135E-01
   3349.93  1.3768E-03  5.5074E-03
   3352.16  4.3961E-02  1.7584E-01
   3354.39  1.7654E-03  7.0614E-03
   3356.63  1.1976E-01  4.7904E-01
   3358.87  1.0296E-01  4.1185E-01
   3361.11  1.6387E-03  6.5547E-03
   3363.35  4.5566E-02  1.8226E-01
   3365.59  4.7905E-03  1.9162E-02
   3367.84  1.7801E-02  7.1206E-02
   3370.08  1.8567E-03  7.4268E-03
   3372.33  2.9115E-03  1.1646E-02
   3374.58  1.2950E-02  5.1799E-02
   3376.83  7.8420E-03  3.1368E-02
   3379.08  3.4597E-02  1.3839E-01
   3381.34  2.2511E-03  9.0043E-03
   3383.59  2.8522E-03  1.1409E-02
   3385.85  2.4516E-03  9.8063E-03
   3388.11  8.0475E-04  3.2190E-03
   3390.37  2.6525E-03  1.0610E-02
   3392.63  1.7780E-03  7.1120E-03
   3394.89  3.7586E-02  1.5034E-01
   3397.15  5.0351E-03  2.0140E-02
   3399.42  8.1111E-04  3.2444E-03
   3401.68  3.0843E-02  1.2337E-01
   3403.95  1.0130E-03  4.0521E-03
   3406.22  1.9518E-03  7.8071E-03
   3408.49  2.1542E-03  8.6167E-03
   3410.77  3.0132E-02  1.2053E-01
   3413.04  1.5548E-01  6.2194E-01
   3415.32  2.9991E-02  1.1996E-01
   3417.60  5.9054E-03  2.3622E-02
   3419.87  1.3375E-01  5.3501E-01
   3422.16  3.3326E-02  1.3330E-01
   3424.44  6.9888E-03  2.7955E-02
   3426.72  2.3794E-02  9.5178E-02
   3429.01  1.6357E-02  6.5428E-02
   3431.29  1.0623E-02  4.2491E-02
   3433.58  1.1030E-01  4.4120E-01
   3435.87  1.3291E-03  5.3163E-03
   3438.16  7.4649E-02  2.9860E-01
   3440.46  8.5148E-03  3.4059E-02
   3442.75  1.9070E-02  7.6281E-02
   3445.05  8.5478E-02  3.4191E-01
   3447.34  1.3954E-01  5.5817E-01
   3449.64  2.0073E-02  8.0292E-02
   3451.94  3.8070E-02  1.5228E-01
   3454.24  3.2448E-02  1.2979E-01
   3456.55  1.1754E-03  4.7017E-03
   3458.85  1.7388E-01  6.9552E-01
   3461.16  8.0154E-02  3.2062E-01
   3463.47  1.4548E-01  5.8192E-01
   3465.78  1.5995E-03  6.3979E-03
   3468.09  3.6737E-03  1.4695E-02
   3470.40  5.7095E-02  2.2838E-01
   3472.72  5.2147E-02  2.0859E-01
   3475.03  1.6025E-01  6.4102E-01
   3477.35  1.4278E-01  5.7110E-01
   3479.67  1.5405E-02  6.1619E-02
   3481.99  1.3840E-01  5.5362E-01
   3484.31  1.7740E-01  7.0960E-01
   3486.63  1.4663E-02  5.8651E-02
   3488.96  1.2863E-01  5.1450E-01
   3491.29  1.3909E-01  5.5636E-01
   3493.61  1.7483E-01  6.9933E-01
   3495.94  4.3088E-02  1.7235E-01
   3498.27  1.1120E-01  4.4479E-01
   3500.61  1.0509E-01  4.2038E-01
   3502.94  1.6864E-01  6.7457E-01
   3505.28  6.7828E-03  2.7131E-02
   3507.62  9.6901E-02  3.8761E-01
   3509.95  1.6976E-01  6.7904E-01
   3512.30  2.1865E-02  8.7460E-02
   3514.64  1.8924E-01  7.5697E-01
   3516.98  1.7463E-01  6.9851E-01
   3519.33  2.3926E-02  9.5702E-02
   3521.67  1.5821E-01  6.3285E-01
   3524.02  5.1983E-02  2.0793E-01
   3526.37  1.8418E-01  7.3672E-01
   3528.72  8.8612E-03  3.5445E-02
   3531.08  1.9412E-01  7.7647E-01
   3533.43  7.5371E-02  3.0148E-01
   3535.79  1.1870E-02  4.7482E-02
   3538.15  1.8372E-01  7.3490E-01
   3540.51  1.8198E-02  7.2794E-02
   3542.87  8.1994E-02  3.2798E-01
   3545.23  4.5928E-03  1.8371E-02
   3547.59  1.9271E-01  7.7085E-01
   3549.96  9.8931E-02  3.9572E-01
   3552.33  1.2888E-01  5.1551E-01
   3554.70  2.0502E-01  8.2009E-01
   3557.07  2.0982E-01  8.3927E-01
   3559.44  2.7211E-02  1.0884E-01
   3561.81  5.3929E-02  2.1572E-01
   3564.19  1.7729E-01  7.0917E-01
   3566.56  1.4970E-02  5.9881E-02
   3568.94  2.9265E-03  1.1706E-02
   3571.32  1.5499E-01  6.1997E-01
   3573.70  1.5539E-03  6.2156E-03
   3576.09  3.7930E-02  1.5172E-01
   3578.47  2.3112E-03  9.2448E-03
   3580.86  2.9242E-03  1.1697E-02
   3583.25  4.1391E-02  1.6556E-01
   3585.64  4.9941E-03  1.9977E-02
   3588.03  1.0784E-01  4.3138E-01
   3590.42  4.9834E-02  1.9934E-01
   3592.81  6.5302E-03  2.6121E-02
   3595.21  2.0467E-03  8.1866E-03
   3597.61  2.8055E-02  1.1222E-01
   3600.01  1.0162E-01  4.0648E-01
   3602.41  4.7329E-03  1.8931E-02
   3604.81  3.2070E-03  1.2828E-02
   3607.21  2.8854E-03  1.1542E-02
   3609.62  9.8032E-03  3.9213E-02
   3612.03  1.5303E-01  6.1213E-01
   3614.43  8.6954E-02  3.4781E-01
   3616.85  1.7829E-01  7.1317E-01
   3619.26  6.1116E-02  2.4446E-01
   3621.67  6.8368E-02  2.7347E-01
   3624.09  8.4767E-02  3.3907E-01
   3626.50  2.1329E-01  8.5315E-01
   3628.92  1.7479E-03  6.9917E-03
   3631.34  2.7026E-01  1.0810E+00
   3633.76  1.0921E-01  4.3682E-01
   3636.19  1.6087E-02  6.4347E-02
   3638.61  1.4006E-01  5.6026E-01
   3641.04  8.2197E-02  3.2879E-01
   3643.47  2.6262E-01  1.0505E+00
   3645.89  2.0505E-01  8.2021E-01
   3648.33  9.9562E-03  3.9825E-02
   3650.76  2.6505E-01  1.0602E+00
   3653.19  4.6089E-02  1.8436E-01
   3655.63  5.8423E-02  2.3369E-01
   3658.07  7.2960E-02  2.9184E-01
   3660.51  5.9842E-03  2.3937E-02
   3662.95  6.6025E-02  2.6410E-01
   3665.39  2.8086E-02  1.1234E-01
   3667.84  3.3183E-02  1.3273E-01
   3670.28  7.6726E-03  3.0691E-02
   3672.73  5.3356E-02  2.1342E-01
   3675.18  9.8772E-02  3.9509E-01
   3677.63  2.4391E-01  9.7562E-01
   3680.08  8.2026E-03  3.2810E-02
   3682.54  1.3508E-02  5.4030E-02
   3684.99  4.3876E-02  1.7550E-01
   3687.45  2.1514E-01  8.6055E-01
   3689.91  1.1976E-01  4.7904E-01
   3692.37  8.9260E-03  3.5704E-02
   3694.83  2.5547E-01  1.0219E+00
   3697.29  1.9798E-01  7.9191E-01
   3699.76  8.0329E-02  3.2132E-01
   3702.23  2.4037E-02  9.6149E-02
   3704.70  4.7030E-02  1.8812E-01
   3707.17  1.9438E-01  7.7751E-01
   3709.64  1.6203E-01  6.4810E-01
   3712.11  1.1886E-01  4.7544E-01
   3714.59  7.4319E-02  2.9728E-01
   3717.07  1.9556E-01  7.8224E-01
   3719.54  1.0342E-02  4.1367E-02
   3722.02  2.9328E-01  1.1731E+00
   3724.51  2.1152E-01  8.4609E-01
   3726.99  3.7202E-02  1.4881E-01
   3729.48  2.0933E-01  8.3733E-01
   3731.96  4.6625E-02  1.8650E-01
   3734.45  2.1085E-02  8.4339E-02
   3736.94  6.4323E-02  2.5729E-01
   3739.43  2.0139E-02  8.0556E-02
   3741.93  1.5640E-01  6.2561E-01
   3744.42  1.6653E-02  6.6611E-02
   3746.92  5.6262E-02  2.2505E-01
   3749.42  2.6428E-02  1.0571E-01
   3751.92  3.2430E-02  1.2972E-01
   3754.42  3.6267E-02  1.4507E-01
   3756.93  3.4172E-01  1.3669E+00
   3759.43  5.5378E-02  2.2151E-01
   3761.94  2.1378E-02  8.5512E-02
   3764.45  6.0029E-03  2.4012E-02
   3766.96  8.7933E-02  3.5173E-01
   3769.47  3.2697E-01  1.3079E+00
   3771.98  2.5872E-02  1.0349E-01
   3774.50  5.8875E-03  2.3550E-02
   3777.01  6.8074E-02  2.7229E-01
   3779.53  1.5288E-01  6.1154E-01
   3782.05  2.9810E-01  1.1924E+00
   3784.58  1.4045E-02  5.6180E-02
   3787.10  1.9743E-02  7.8970E-02
   3789.63  1.8793E-01  7.5172E-01
   3792.15  3.3913E-02  1.3565E-01
   3794.68  1.7843E-02  7.1374E-02
   3797.21  1.1572E-01  4.6287E-01
   3799.74  1.9045E-02  7.6179E-02
   3802.28  2.1356E-01  8.5425E-01
   3804.81  4.5758E-03  1.8303E-02
   3807.35  3.3743E-01  1.3497E+00
   3809.89  1.9982E-01  7.9927E-01
   3812.43  3.0513E-01  1.2205E+00
   3814.97  2.8153E-02  1.1261E-01
   3817.52  6.1425E-03  2.4570E-02
   3820.06  1.3510E-02  5.4041E-02
   3822.61  8.5175E-03  3.4070E-02
   3825.16  4.3061E-03  1.7224E-02
   3827.71  2.4597E-01  9.8386E-01
   3830.26  1.3947E-02  5.5786E-02
   3832.82  1.2565E-02  5.0262E-02
   3835.37  2.6223E-01  1.0489E+00
   3837.93  8.0926E-03  3.2370E-02
   3840.49  2.2223E-02  8.8890E-02
   3843.05  1.6562E-02  6.6248E-02
   3845.61  2.3156E-01  9.2624E-01
   3848.18  2.1820E-02  8.7282E-02
   3850.75  2.6218E-01  1.0487E+00
   3853.31  1.8965E-01  7.5862E-01
   3855.88  5.0139E-03  2.0056E-02
   3858.45  1.8307E-01  7.3227E-01
   3861.03  1.0077E-02  4.0308E-02
   3863.60  4.5694E-03  1.8278E-02
   3866.18  2.6469E-01  1.0588E+00
   3868.76  2.3238E-01  9.2954E-01
   3871.34  3.3490E-03  1.3396E-02
   3873.92  2.8356E-04  1.1342E-03
   3876.50  2.9575E-03  1.1830E-02
   3879.09  3.7430E-03  1.4972E-02
   3881.67  4.6992E-03  1.8797E-02
   3884.26  9.3573E-03  3.7429E-02
   3886.85  9.2289E-03  3.6915E-02
   3889.44  4.3457E-03  1.7383E-02
   3892.04  3.5656E-03  1.4263E-02
   3894.63  3.4750E-03  1.3900E-02
   3897.23  4.8830E-03  1.9532E-02
   3899.83  7.7164E-03  3.0866E-02
   3902.43  8.0062E-03  3.2025E-02
   3905.03  1.4806E-01  5.9224E-01
   3907.64  5.8587E-03  2.3435E-02
   3910.24  8.5651E-03  3.4260E-02
   3912.85  4.2335E-03  1.6934E-02
   3915.46  9.2770E-03  3.7108E-02
   3918.07  7.2805E-03  2.9122E-02
   3920.68  5.5483E-02  2.2193E-01
   3923.30  1.2398E-02  4.9593E-02
   3925.91  6.7937E-03  2.7175E-02
   3928.53  7.0107E-03  2.8043E-02
   3931.15  1.3715E-01  5.4859E-01
   3933.77  9.4272E-02  3.7709E-01
   3936.40  5.9846E-03  2.3938E-02
   3939.02  2.8815E-01  1.1526E+00
   3941.65  8.2908E-03  3.3163E-02
   3944.28  1.1789E-02  4.7155E-02
   3946.91  5.9775E-03  2.3910E-02
   3949.54  1.9357E-01  7.7429E-01
   3952.17  5.5252E-03  2.2101E-02
   3954.81  6.6413E-03  2.6565E-02
   3957.45  7.6051E-03  3.0420E-02
   3960.09  4.0731E-02  1.6292E-01
   3962.73  7.9668E-03  3.1867E-02
   3965.37  2.4355E-02  9.7419E-02
   3968.01  3.7159E-01  1.4864E+00
   3970.66  3.7635E-01  1.5054E+00
   3973.31  5.8102E-02  2.3241E-01
   3975.96  2.3914E-02  9.5657E-02
   3978.61  4.1760E-01  1.6704E+00
   3981.26  3.6334E-01  1.4534E+00
   3983.92  5.5437E-03  2.2175E-02
   3986.57  5.1764E-03  2.0706E-02
   3989.23  3.2043E-01  1.2817E+00
   3991.89  7.5199E-03  3.0079E-02
   3994.55  2.8726E-01  1.1490E+00
   3997.22  3.3753E-01  1.3501E+00
   3999.88  3.0392E-01  1.2157E+00
   4002.55  6.8977E-02  2.7591E-01
   4005.22  9.4514E-03  3.7806E-02
   4007.89  2.6930E-03  1.0772E-02
   4010.56  1.4785E-01  5.9141E-01
   4013.24  2.9996E-01  1.1998E+00
   4015.92  3.0348E-01  1.2139E+00
   4018.59  1.4735E-01  5.8939E-01
   4021.27  1.7049E-01  6.8194E-01
   4023.95  3.9085E-01  1.5634E+00
   4026.64  1.8850E-01  7.5399E-01
   4029.32  2.0678E-01  8.2713E-01
   4032.01  2.9549E-02  1.1820E-01
   4034.70  7.6074E-03  3.0430E-02
   4037.39  3.7352E-01  1.4941E+00
   4040.08  5.7555E-03  2.3022E-02
   4042.78  3.2910E-02  1.3164E-01
   4045.47  2.5467E-01  1.0187E+00
   4048.17  1.1652E-02  4.6610E-02
   4050.87  8.3953E-03  3.3581E-02
   4053.57  3.0752E-01  1.2301E+00
   4056.27  1.0617E-02  4.2468E-02
   4058.98  5.4023E-03  2.1609E-02
   4061.69  1.0389E-02  4.1557E-02
   4064.39  9.8752E-03  3.9501E-02
   4067.11  7.0359E-03  2.8144E-02
   4069.82  9.8844E-03  3.9538E-02
   4072.53  4.5153E-03  1.8061E-02
   4075.25  7.0966E-03  2.8387E-02
   4077.97  5.6453E-03  2.2581E-02
   4080.68  9.0191E-03  3.6076E-02
   4083.41  1.6394E-02  6.5577E-02
   4086.13  1.2541E-02  5.0166E-02
   4088.85  7.2128E-03  2.8851E-02
   4091.58  7.4808E-03  2.9923E-02
   4094.31  8.0315E-02  3.2126E-01
   4097.04  6.3431E-03  2.5372E-02
   4099.77  1.1460E-02  4.5840E-02
   4102.51  7.5658E-03  3.0263E-02
   4105.24  7.1297E-03  2.8519E-02
   4107.98  5.1450E-02  2.0580E-01
   4110.72  5.7764E-03  2.3106E-02
   4113.46  7.3840E-03  2.9536E-02
   4116.20  3.3540E-02  1.3416E-01
   4118.95  7.6525E-03  3.0610E-02
   4121.69  6.5745E-03  2.6298E-02
   4124.44  3.5296E-02  1.4119E-01
   4127.19  9.7942E-03  3.9177E-02
   4129.95  7.8067E-03  3.1227E-02
   4132.70  1.2104E-01  4.8415E-01
   4135.46  7.3389E-03  2.9356E-02
   4138.21  3.1643E-01  1.2657E+00
   4140.97  9.9828E-03  3.9931E-02
   4143.74  9.2383E-03  3.6953E-02
   4146.50  2.7885E-01  1.1154E+00
   4149.26  9.1823E-03  3.6729E-02
   4152.03  1.0550E-02  4.2199E-02
   4154.80  1.1222E-02  4.4887E-02
   4157.57  7.5345E-01  3.0138E+00
   4160.34  1.3985E-02  5.5939E-02
   4163.12  7.2134E-03  2.8853E-02
   4165.89  8.3402E-03  3.3361E-02
   4168.67  8.6705E-03  3.4682E-02
   4171.45  2.7447E-02  1.0979E-01
   4174.23  8.8317E-03  3.5327E-02
   4177.02  4.9185E-02  1.9674E-01
   4179.80  1.6232E-02  6.4927E-02
   4182.59  1.0129E-02  4.0516E-02
   4185.38  9.2475E-03  3.6990E-02
   4188.17  1.0947E-02  4.3788E-02
   4190.96  9.5756E-03  3.8303E-02
   4193.76  5.4333E-02  2.1733E-01
   4196.55  1.1633E-02  4.6531E-02
   4199.35  1.1088E-02  4.4350E-02
   4202.15  1.0858E-02  4.3433E-02
   4204.96  4.5411E-01  1.8165E+00
   4207.76  1.2746E-02  5.0986E-02
   4210.57  1.4086E-02  5.6343E-02
   4213.37  2.8478E-01  1.1391E+00
   4216.18  2.1452E-02  8.5809E-02
   4219.00  6.1643E-03  2.4657E-02
   4221.81  7.1663E-03  2.8665E-02
   4224.62  7.8117E-03  3.1247E-02
   4227.44  1.5582E-02  6.2326E-02
   4230.26  6.2171E-02  2.4868E-01
   4233.08  3.0265E-01  1.2106E+00
   4235.90  8.7215E-03  3.4886E-02
   4238.73  7.1511E-03  2.8605E-02
   4241.56  1.5463E-02  6.1852E-02
   4244.38  8.0453E-04  3.2181E-03
   4247.21  1.2758E-02  5.1031E-02
   4250.05  4.6452E-02  1.8581E-01
   4252.88  6.8681E-03  2.7473E-02
   4255.72  7.1006E-03  2.8403E-02
   4258.56  1.6676E-01  6.6703E-01
   4261.40  8.4225E-03  3.3690E-02
   4264.24  1.4566E-02  5.8266E-02
   4267.08  9.7337E-03  3.8935E-02
   4269.93  1.0117E-02  4.0468E-02
   4272.77  9.1739E-02  3.6695E-01
   4275.62  9.3478E-03  3.7391E-02
   4278.47  8.2672E-03  3.3069E-02
   4281.33  5.9821E-03  2.3929E-02
   4284.18  9.0347E-03  3.6139E-02
   4287.04  2.1696E-03  8.6786E-03
   4289.90  5.6038E-03  2.2415E-02
   4292.76  3.6880E-01  1.4752E+00
   4295.62  2.3438E-02  9.3754E-02
   4298.49  7.4311E-02  2.9724E-01
   4301.35  5.7152E-13  2.2861E-12
   4304.22  8.0977E-02  3.2391E-01
   4307.09  1.9052E-06  7.6207E-06
   4309.96  3.6064E-07  1.4426E-06
   4312.84  1.7560E-09  7.0239E-09
   4315.71  1.7211E-01  6.8842E-01
   4318.59  1.8781E-02  7.5124E-02
   4321.47  9.0109E-01  3.6044E+00
   4324.35  7.1092E-01  2.8437E+00
   4327.24  2.8228E-02  1.1291E-01
   4330.12  3.9658E-02  1.5863E-01
   4333.01  9.2112E-01  3.6845E+00
   4335.90  1.3913E-01  5.5652E-01
   4338.79  3.2982E-02  1.3193E-01
   4341.69  2.9024E-02  1.1610E-01
   4344.58  1.3440E-03  5.3759E-03
   4347.48  7.6188E-02  3.0475E-01
   4350.38  9.6936E-01  3.8774E+00
   4353.28  2.1602E-03  8.6409E-03
   4356.18  6.8103E-01  2.7241E+00
   4359.09  1.3839E-01  5.5355E-01
   4361.99  4.0366E-02  1.6147E-01
   4364.90  5.4750E-02  2.1900E-01
   4367.81  6.3252E-03  2.5301E-02
   4370.73  3.1448E-02  1.2579E-01
   4373.64  4.6698E-02  1.8679E-01
   4376.56  2.6586E-02  1.0635E-01
   4379.48  8.3071E-01  3.3228E+00
   4382.40  2.6810E-01  1.0724E+00
   4385.32  1.6144E-02  6.4576E-02
   4388.24  2.1937E-02  8.7750E-02
   4391.17  1.3260E-02  5.3039E-02
   4394.10  2.2493E-02  8.9971E-02
   4397.03  2.4688E-02  9.8753E-02
   4399.96  4.5365E-02  1.8146E-01
   4402.89  5.0944E-02  2.0378E-01
   4405.83  1.0477E+00  4.1908E+00
   4408.77  1.3052E-02  5.2208E-02
   4411.71  6.1305E-01  2.4522E+00
   4414.65  8.6923E-02  3.4769E-01
   4417.60  1.1360E-02  4.5439E-02
   4420.54  9.9320E-01  3.9728E+00
   4423.49  5.3718E-01  2.1487E+00
   4426.44  4.7165E-02  1.8866E-01
   4429.39  3.6340E-01  1.4536E+00
   4432.34  3.2364E-02  1.2946E-01
   4435.30  5.4339E-01  2.1736E+00
   4438.26  7.2233E-01  2.8893E+00
   4441.22  5.6092E-01  2.2437E+00
   4444.18  4.5173E-01  1.8069E+00
   4447.14  5.2447E-02  2.0979E-01
   4450.11  1.5473E-02  6.1892E-02
   4453.08  4.9188E-01  1.9675E+00
   4456.05  4.0042E-01  1.6017E+00
   4459.02  4.0423E-01  1.6169E+00
   4461.99  4.7070E-01  1.8828E+00
   4464.97  4.6129E-01  1.8452E+00
   4467.94  4.7096E-01  1.8838E+00
   4470.92  1.5066E-01  6.0263E-01
   4473.91  5.4007E-01  2.1603E+00
   4476.89  1.1462E-01  4.5847E-01
   4479.87  4.5939E-01  1.8376E+00
   4482.86  8.1644E-02  3.2657E-01
   4485.85  3.4935E-01  1.3974E+00
   4488.84  4.8068E-02  1.9227E-01
   4491.84  2.2381E-01  8.9522E-01
   4494.83  8.3168E-01  3.3267E+00
   4497.83  2.8769E-01  1.1508E+00
   4500.83  2.5130E-01  1.0052E+00
   4503.83  4.9946E-01  1.9979E+00
   4506.83  1.5160E-01  6.0639E-01
   4509.84  7.0227E-01  2.8091E+00
   4512.85  2.6765E-01  1.0706E+00
   4515.86  3.0063E-01  1.2025E+00
   4518.87  3.8224E-02  1.5290E-01
   4521.88  9.4657E-02  3.7863E-01
   4524.90  3.7952E-01  1.5181E+00
   4527.91  3.1580E-01  1.2632E+00
   4530.93  6.2927E-01  2.5171E+00
   4533.95  7.4868E-02  2.9947E-01
   4536.98  2.8878E-01  1.1551E+00
   4540.00  9.2696E-01  3.7078E+00
   4543.03  6.6414E-01  2.6566E+00
   4546.06  2.3897E-01  9.5586E-01
   4549.09  8.4718E-02  3.3887E-01
   4552.13  9.5498E-01  3.8199E+00
   4555.16  2.7863E-01  1.1145E+00
   4558.20  4.2964E-01  1.7186E+00
   4561.24  1.1060E+00  4.4239E+00
   4564.28  8.0208E-01  3.2083E+00
   4567.32  1.0570E+00  4.2282E+00
   4570.37  2.1702E-01  8.6810E-01
   4573.42  5.1666E-01  2.0666E+00
   4576.47  7.4503E-01  2.9801E+00
   4579.52  3.3447E-01  1.3379E+00
   4582.57  9.1227E-01  3.6491E+00
   4585.63  3.4790E-01  1.3916E+00
   4588.69  1.2036E+00  4.8143E+00
   4591.75  2.9667E-02  1.1867E-01
   4594.81  4.7269E-01  1.8908E+00
   4597.87  1.2070E+00  4.8278E+00
   4600.94  9.7561E-01  3.9024E+00
   4604.01  1.0616E+00  4.2465E+00
   4607.08  5.3288E-01  2.1315E+00
   4610.15  6.9163E-01  2.7665E+00
   4613.23  7.8318E-01  3.1327E+00
   4616.30  1.3004E-01  5.2016E-01
   4619.38  6.0928E-01  2.4371E+00
   4622.46  1.0978E-01  4.3914E-01
   4625.54  1.1356E+00  4.5425E+00
   4628.63  5.1872E-01  2.0749E+00
   4631.71  7.5996E-01  3.0398E+00
   4634.80  3.7610E-01  1.5044E+00
   4637.89  1.2647E+00  5.0587E+00
   4640.99  5.9391E-01  2.3756E+00
   4644.08  9.2311E-01  3.6925E+00
   4647.18  2.7970E-02  1.1188E-01
   4650.28  1.8597E-01  7.4387E-01
   4653.38  1.2381E-02  4.9524E-02
   4656.48  6.7986E-01  2.7194E+00
   4659.59  1.2191E+00  4.8764E+00
   4662.70  8.8944E-01  3.5578E+00
   4665.80  1.0950E+00  4.3799E+00
   4668.92  4.7679E-01  1.9072E+00
   4672.03  5.2745E-01  2.1098E+00
   4675.15  6.3287E-02  2.5315E-01
   4678.26  6.4109E-01  2.5644E+00
   4681.38  1.1996E+00  4.7985E+00
   4684.50  7.8563E-01  3.1425E+00
   4687.63  5.2238E-01  2.0895E+00
   4690.75  7.7431E-01  3.0972E+00
   4693.88  6.1462E-01  2.4585E+00
   4697.01  6.2333E-01  2.4933E+00
   4700.15  3.3568E-01  1.3427E+00
   4703.28  5.9166E-01  2.3666E+00
   4706.42  2.4283E-01  9.7132E-01
   4709.55  5.9070E-01  2.3628E+00
   4712.70  5.1089E-01  2.0435E+00
   4715.84  7.7333E-01  3.0933E+00
   4718.98  6.8080E-01  2.7232E+00
   4722.13  6.3291E-01  2.5317E+00
   4725.28  3.6435E-01  1.4574E+00
   4728.43  5.9052E-01  2.3621E+00
   4731.58  9.2916E-01  3.7166E+00
   4734.74  3.4756E-01  1.3902E+00
   4737.90  4.8320E-01  1.9328E+00
   4741.06  9.2377E-01  3.6951E+00
   4744.22  9.5715E-01  3.8286E+00
   4747.38  5.3414E-01  2.1365E+00
   4750.55  9.1253E-01  3.6501E+00
   4753.71  1.0727E+00  4.2909E+00
   4756.88  3.0618E-01  1.2247E+00
   4760.06  2.7825E-01  1.1130E+00
   4763.23  4.0801E-01  1.6320E+00
   4766.41  4.3785E-01  1.7514E+00
   4769.59  1.0408E+00  4.1634E+00
   4772.77  6.9618E-01  2.7847E+00
   4775.95  7.8060E-01  3.1224E+00
   4779.13  8.8095E-01  3.5238E+00
   4782.32  1.1078E+00  4.4313E+00
   4785.51  9.0238E-01  3.6095E+00
   4788.70  8.1506E-01  3.2603E+00
   4791.90  1.2841E+00  5.1364E+00
   4795.09  9.6141E-01  3.8457E+00
   4798.29  9.5213E-01  3.8085E+00
   4801.49  9.2811E-01  3.7124E+00
   4804.69  1.3162E+00  5.2647E+00
   4807.89  4.6075E-01  1.8430E+00
   4811.10  1.7599E-01  7.0395E-01
   4814.31  1.0786E+00  4.3144E+00
   4817.52  1.3915E+00  5.5660E+00
   4820.73  1.0394E+00  4.1577E+00
   4823.95  1.2808E+00  5.1230E+00
   4827.16  1.0774E+00  4.3095E+00
   4830.38  1.0487E+00  4.1947E+00
   4833.60  1.2145E+00  4.8579E+00
   4836.83  9.1422E-01  3.6569E+00
   4840.05  2.0632E-01  8.2529E-01
   4843.28  8.0125E-01  3.2050E+00
   4846.51  9.8111E-01  3.9244E+00
   4849.74  1.0055E+00  4.0220E+00
   4852.98  1.0013E+00  4.0051E+00
   4856.21  8.8375E-01  3.5350E+00
   4859.45  7.3502E-01  2.9401E+00
   4862.69  1.3083E+00  5.2330E+00
   4865.94  2.8397E-01  1.1359E+00
   4869.18  7.3102E-01  2.9241E+00
   4872.43  1.1771E+00  4.7084E+00
   4875.68  5.8404E-01  2.3362E+00
   4878.93  7.4678E-01  2.9871E+00
   4882.18  5.3439E-01  2.1376E+00
   4885.44  6.1774E-01  2.4710E+00
   4888.70  9.4392E-01  3.7757E+00
   4891.96  7.3377E-01  2.9351E+00
   4895.22  8.0983E-01  3.2393E+00
   4898.48  1.0439E+00  4.1758E+00
   4901.75  7.8277E-01  3.1311E+00
   4905.02  4.3114E-01  1.7246E+00
   4908.29  5.9314E-01  2.3726E+00
   4911.56  2.8868E-01  1.1547E+00
   4914.84  8.1665E-01  3.2666E+00
   4918.11  9.1246E-01  3.6498E+00
   4921.39  1.0552E+00  4.2207E+00
   4924.68  1.2250E+00  4.9002E+00
   4927.96  4.4340E-01  1.7736E+00
   4931.25  4.2309E-01  1.6924E+00
   4934.53  5.5639E-01  2.2255E+00
   4937.83  1.0878E+00  4.3511E+00
   4941.12  1.2758E+00  5.1034E+00
   4944.41  7.4494E-01  2.9798E+00
   4947.71  1.3058E+00  5.2231E+00
   4951.01  1.0139E+00  4.0555E+00
   4954.31  9.8262E-01  3.9305E+00
   4957.62  6.0593E-01  2.4237E+00
   4960.92  5.5603E-01  2.2241E+00
   4964.23  3.8999E-01  1.5599E+00
   4967.54  6.7726E-01  2.7090E+00
   4970.85  4.6789E-01  1.8716E+00
   4974.17  7.1142E-01  2.8457E+00
   4977.49  3.2931E-01  1.3172E+00
   4980.80  9.0283E-01  3.6113E+00
   4984.13  1.2169E+00  4.8676E+00
   4987.45  7.7646E-01  3.1058E+00
   4990.78  7.7734E-01  3.1093E+00
   4994.10  8.3078E-01  3.3231E+00
   4997.43  8.7020E-01  3.4808E+00
   5000.77  5.7572E-01  2.3029E+00
   5004.10  9.6928E-01  3.8771E+00
   5007.44  8.5544E-01  3.4218E+00
   5010.78  4.4534E-01  1.7814E+00
   5014.12  1.5068E-01  6.0273E-01
   5017.46  1.6448E-01  6.5793E-01
   5020.81  5.7103E-01  2.2841E+00
   5024.16  2.1170E-01  8.4678E-01
   5027.51  6.9428E-01  2.7771E+00
   5030.86  6.7020E-01  2.6808E+00
   5034.22  6.3042E-01  2.5217E+00
   5037.57  3.1692E-01  1.2677E+00
   5040.93  7.4158E-01  2.9663E+00
   5044.29  6.9633E-01  2.7853E+00
   5047.66  9.6056E-01  3.8423E+00
   5051.02  8.3860E-01  3.3544E+00
   5054.39  3.8429E-01  1.5372E+00
   5057.76  7.9217E-01  3.1687E+00
   5061.14  8.4070E-01  3.3628E+00
   5064.51  8.8250E-01  3.5300E+00
   5067.89  9.4725E-01  3.7890E+00
   5071.27  2.3335E-01  9.3340E-01
   5074.65  7.9625E-01  3.1850E+00
   5078.03  1.0571E+00  4.2286E+00
   5081.42  9.2975E-01  3.7190E+00
   5084.81  8.3482E-01  3.3393E+00
   5088.20  4.7134E-01  1.8854E+00
   5091.59  9.8276E-01  3.9311E+00
   5094.99  8.6041E-01  3.4416E+00
   5098.39  4.6465E-01  1.8586E+00
   5101.79  1.1220E+00  4.4878E+00
   5105.19  8.1639E-01  3.2656E+00
   5108.59  4.6979E-01  1.8792E+00
   5112.00  1.0191E+00  4.0765E+00
   5115.41  1.1108E+00  4.4432E+00
   5118.82  1.0240E+00  4.0962E+00
   5122.23  9.5744E-01  3.8298E+00
   5125.65  9.4122E-01  3.7649E+00
   5129.07  1.2550E+00  5.0201E+00
   5132.49  6.5671E-01  2.6269E+00
   5135.91  9.4378E-01  3.7751E+00
   5139.34  8.9644E-01  3.5858E+00
   5142.76  1.0184E+00  4.0735E+00
   5146.19  1.3328E+00  5.3313E+00
   5149.62  5.8311E-01  2.3324E+00
   5153.06  5.1676E-01  2.0670E+00
   5156.49  1.2256E+00  4.9023E+00
   5159.93  1.1065E+00  4.4258E+00
   5163.37  1.3036E+00  5.2143E+00
   5166.82  1.1601E+00  4.6403E+00
   5170.26  1.3892E+00  5.5566E+00
   5173.71  9.5877E-01  3.8351E+00
   5177.16  1.3422E+00  5.3688E+00
   5180.61  8.2699E-01  3.3079E+00
   5184.07  1.0489E+00  4.1957E+00
   5187.53  1.2162E+00  4.8649E+00
   5190.98  1.3595E+00  5.4381E+00
   5194.45  1.2821E+00  5.1282E+00
   5197.91  5.4798E-01  2.1919E+00
   5201.38  5.9028E-01  2.3611E+00
   5204.85  4.7475E-01  1.8990E+00
   5208.32  6.2983E-01  2.5193E+00
   5211.79  9.2337E-01  3.6935E+00
   5215.27  1.3314E+00  5.3256E+00
   5218.74  1.3531E+00  5.4123E+00
   5222.22  3.1965E-01  1.2786E+00
   5225.71  1.5265E+00  6.1060E+00
   5229.19  1.3404E+00  5.3618E+00
   5232.68  1.3514E+00  5.4057E+00
   5236.17  1.2990E+00  5.1961E+00
   5239.66  1.0799E+00  4.3196E+00
   5243.15  1.5401E+00  6.1604E+00
   5246.65  1.3748E+00  5.4991E+00
   5250.15  1.4592E+00  5.8367E+00
   5253.65  1.0999E+00  4.3995E+00
   5257.15  1.3869E+00  5.5475E+00
   5260.66  1.2283E+00  4.9132E+00
   5264.17  1.4243E+00  5.6971E+00
   5267.68  9.7687E-01  3.9075E+00
   5271.19  9.9630E-01  3.9852E+00
   5274.71  1.5062E+00  6.0248E+00
   5278.22  1.1386E+00  4.5544E+00
   5281.74  1.4308E+00  5.7231E+00
   5285.27  1.2235E+00  4.8940E+00
   5288.79  8.7153E-01  3.4861E+00
   5292.32  1.3675E+00  5.4700E+00
   5295.85  1.5203E+00  6.0813E+00
   5299.38  4.3016E-02  1.7206E-01
   5302.91  9.5733E-01  3.8293E+00
   5306.45  1.0347E+00  4.1386E+00
   5309.99  9.8093E-01  3.9237E+00
   5313.53  1.2882E+00  5.1527E+00
   5317.07  1.4855E+00  5.9419E+00
   5320.62  1.0278E+00  4.1112E+00
   5324.16  1.1104E+00  4.4417E+00
   5327.72  9.6578E-01  3.8631E+00
   5331.27  1.1567E+00  4.6269E+00
   5334.82  1.4506E+00  5.8026E+00
   5338.38  1.4941E+00  5.9766E+00
   5341.94  1.0777E+00  4.3107E+00
   5345.50  1.3085E+00  5.2342E+00
   5349.07  1.1226E+00  4.4905E+00
   5352.64  1.4144E+00  5.6575E+00
   5356.20  1.4093E+00  5.6371E+00
   5359.78  1.2837E+00  5.1349E+00
   5363.35  1.2110E+00  4.8439E+00
   5366.93  1.0460E+00  4.1841E+00
   5370.51  1.2675E+00  5.0702E+00
   5374.09  1.5068E+00  6.0274E+00
   5377.67  1.0190E+00  4.0759E+00
   5381.26  1.4036E+00  5.6144E+00
   5384.85  8.0923E-01  3.2369E+00
   5388.44  1.1462E+00  4.5848E+00
   5392.03  9.2622E-01  3.7049E+00
   5395.63  9.2241E-01  3.6896E+00
   5399.22  1.0835E+00  4.3342E+00
   5402.83  9.6935E-01  3.8774E+00
   5406.43  9.1483E-01  3.6593E+00
   5410.03  1.1588E+00  4.6354E+00
   5413.64  9.7405E-01  3.8962E+00
   5417.25  1.1920E+00  4.7681E+00
   5420.86  9.2641E-01  3.7056E+00
   5424.48  9.9232E-01  3.9693E+00
   5428.10  1.1387E+00  4.5546E+00
   5431.72  9.3690E-01  3.7476E+00
   5435.34  9.3690E-01  3.7476E+00
   5438.96  1.1033E+00  4.4132E+00
   5442.59  9.5308E-01  3.8123E+00
   5446.22  1.0670E+00  4.2678E+00
   5449.85  1.0146E+00  4.0584E+00
   5453.49  9.6089E-01  3.8436E+00
   5457.12  9.5708E-01  3.8283E+00
   5460.76  9.4986E-01  3.7995E+00
   5464.40  9.5784E-01  3.8313E+00
   5468.05  9.6256E-01  3.8503E+00
   5471.69  9.5107E-01  3.8043E+00
   5475.34  9.8719E-01  3.9488E+00
   5478.99  9.5962E-01  3.8385E+00
   5482.65  9.2436E-01  3.6974E+00
   5486.30  1.0626E+00  4.2502E+00
   5489.96  1.0064E+00  4.0257E+00
   5493.62  1.2740E+00  5.0959E+00
   5497.29  1.0525E+00  4.2098E+00
   5500.95  9.9580E-01  3.9832E+00
   5504.62  9.9797E-01  3.9919E+00
   5508.29  1.0040E+00  4.0159E+00
   5511.97  1.2015E+00  4.8061E+00
   5515.64  1.2676E+00  5.0705E+00
   5519.32  1.2327E+00  4.9310E+00
   5523.00  1.4811E+00  5.9244E+00
   5526.68  1.2951E+00  5.1806E+00
   5530.37  1.4810E+00  5.9241E+00
   5534.06  1.1778E+00  4.7111E+00
   5537.75  1.2430E+00  4.9721E+00
   5541.44  1.1584E+00  4.6336E+00
   5545.14  1.4996E+00  5.9983E+00
   5548.83  1.2405E+00  4.9619E+00
   5552.53  1.3010E+00  5.2041E+00
   5556.24  1.4370E+00  5.7482E+00
   5559.94  1.5374E+00  6.1495E+00
   5563.65  1.5345E+00  6.1379E+00
   5567.36  3.3552E-01  1.3421E+00
   5571.07  1.2777E+00  5.1109E+00
   5574.79  1.4136E+00  5.6543E+00
   5578.51  1.3443E+00  5.3774E+00
   5582.23  1.4801E+00  5.9204E+00
   5585.95  7.9140E-02  3.1656E-01
   5589.67  1.4480E+00  5.7918E+00
   5593.40  1.2780E+00  5.1120E+00
   5597.13  1.5745E+00  6.2980E+00
   5600.86  1.1003E+00  4.4011E+00
   5604.60  1.4851E+00  5.9404E+00
   5608.34  1.0898E+00  4.3592E+00
   5612.08  1.2726E+00  5.0905E+00
   5615.82  1.4566E+00  5.8262E+00
   5619.56  1.0272E+00  4.1089E+00
   5623.31  1.1809E+00  4.7236E+00
   5627.06  1.5079E+00  6.0317E+00
   5630.81  1.5589E+00  6.2354E+00
   5634.57  1.5925E+00  6.3701E+00
   5638.33  1.3914E+00  5.5657E+00
   5642.09  1.0506E+00  4.2024E+00
   5645.85  1.6177E+00  6.4708E+00
   5649.61  1.4293E+00  5.7170E+00
   5653.38  1.4124E+00  5.6497E+00
   5657.15  1.0518E+00  4.2072E+00
   5660.92  1.2812E+00  5.1247E+00
   5664.70  1.2089E+00  4.8357E+00
   5668.48  1.3496E+00  5.3985E+00
   5672.26  5.8243E-02  2.3297E-01
   5676.04  1.0439E+00  4.1757E+00
   5679.82  1.5185E+00  6.0739E+00
   5683.61  1.1632E+00  4.6527E+00
   5687.40  1.0398E+00  4.1593E+00
   5691.20  1.0553E+00  4.2211E+00
   5694.99  1.0374E+00  4.1496E+00
   5698.79  1.0542E+00  4.2168E+00
   5702.59  1.3622E+00  5.4486E+00
   5706.39  1.2711E+00  5.0845E+00
   5710.20  1.2045E+00  4.8178E+00
   5714.01  1.0560E+00  4.2240E+00
   5717.82  1.4534E+00  5.8137E+00
   5721.63  1.1369E+00  4.5477E+00
   5725.44  1.0731E+00  4.2924E+00
   5729.26  1.4708E+00  5.8832E+00
   5733.08  1.1990E+00  4.7959E+00
   5736.91  1.0487E+00  4.1948E+00
   5740.73  1.0983E+00  4.3932E+00
   5744.56  1.5144E+00  6.0576E+00
   5748.39  1.2904E+00  5.1617E+00
   5752.22  8.5621E-01  3.4248E+00
   5756.06  1.1538E+00  4.6152E+00
   5759.90  1.0720E+00  4.2881E+00
   5763.74  1.4563E+00  5.8251E+00
   5767.58  1.1922E+00  4.7687E+00
   5771.43  1.2605E+00  5.0419E+00
   5775.28  1.1042E+00  4.4170E+00
   5779.13  1.5026E+00  6.0103E+00
   5782.98  1.1936E+00  4.7743E+00
   5786.84  1.1826E+00  4.7305E+00
   5790.70  1.1849E+00  4.7396E+00
   5794.56  1.1432E+00  4.5728E+00
   5798.43  1.1156E+00  4.4626E+00
   5802.29  1.2340E+00  4.9359E+00
   5806.16  1.1987E+00  4.7947E+00
   5810.03  1.2217E+00  4.8867E+00
   5813.91  1.3111E+00  5.2444E+00
   5817.78  1.1941E+00  4.7763E+00
   5821.66  1.1166E+00  4.4663E+00
   5825.55  1.2464E+00  4.9855E+00
   5829.43  1.1118E+00  4.4472E+00
   5833.32  1.1049E+00  4.4198E+00
   5837.21  1.0976E+00  4.3906E+00
   5841.10  1.1404E+00  4.5618E+00
   5845.00  1.1325E+00  4.5299E+00
   5848.90  1.5930E+00  6.3719E+00
   5852.80  1.0873E+00  4.3493E+00
   5856.70  1.2033E+00  4.8134E+00
   5860.60  1.0951E+00  4.3804E+00
   5864.51  1.1053E+00  4.4211E+00
   5868.42  1.2679E+00  5.0716E+00
   5872.34  1.0958E+00  4.3833E+00
   5876.25  1.1196E+00  4.4786E+00
   5880.17  1.0972E+00  4.3889E+00
   5884.09  1.0847E+00  4.3386E+00
   5888.02  1.0791E+00  4.3163E+00
   5891.94  4.0898E-01  1.6359E+00
   5895.87  1.0800E+00  4.3200E+00
   5899.80  1.0742E+00  4.2970E+00
   5903.74  1.0922E+00  4.3688E+00
   5907.68  1.1040E+00  4.4158E+00
   5911.62  1.0797E+00  4.3186E+00
   5915.56  1.1265E+00  4.5060E+00
   5919.50  8.3811E-01  3.3524E+00
   5923.45  1.1024E+00  4.4097E+00
   5927.40  1.3814E+00  5.5256E+00
   5931.35  1.2792E+00  5.1168E+00
   5935.31  1.1110E+00  4.4441E+00
   5939.27  1.1981E+00  4.7926E+00
   5943.23  9.9017E-01  3.9607E+00
   5947.19  1.1173E+00  4.4690E+00
   5951.16  1.1097E+00  4.4389E+00
   5955.12  1.1125E+00  4.4499E+00
   5959.10  1.5510E+00  6.2040E+00
   5963.07  1.1297E+00  4.5190E+00
   5967.05  1.1333E+00  4.5332E+00
   5971.03  1.2817E+00  5.1268E+00
   5975.01  1.1509E+00  4.6037E+00
   5978.99  1.1248E+00  4.4991E+00
   5982.98  1.1937E+00  4.7749E+00
   5986.97  1.1718E+00  4.6873E+00
   5990.96  9.8337E-01  3.9335E+00
   5994.96  1.1806E+00  4.7222E+00
   5998.95  1.1314E+00  4.5254E+00
   6002.96  1.1415E+00  4.5661E+00
   6006.96  1.1388E+00  4.5553E+00
   6010.96  1.1380E+00  4.5521E+00
   6014.97  1.5430E+00  6.1720E+00
   6018.98  1.1522E+00  4.6088E+00
   6023.00  1.1549E+00  4.6195E+00
   6027.01  1.3797E+00  5.5190E+00
   6031.03  1.2147E+00  4.8589E+00
   6035.06  1.4464E+00  5.7858E+00
   6039.08  1.1546E+00  4.6184E+00
   6043.11  1.4327E+00  5.7307E+00
   6047.14  1.2182E+00  4.8726E+00
   6051.17  1.1953E+00  4.7813E+00
   6055.21  1.1881E+00  4.7522E+00
   6059.24  1.2333E+00  4.9331E+00
   6063.28  1.3381E+00  5.3526E+00
   6067.33  1.3868E+00  5.5473E+00
   6071.37  1.2788E+00  5.1150E+00
   6075.42  1.3506E+00  5.4025E+00
   6079.47  1.2889E+00  5.1557E+00
   6083.53  1.4685E+00  5.8740E+00
   6087.58  1.4120E+00  5.6482E+00
   6091.64  1.2133E+00  4.8534E+00
   6095.71  1.4467E+00  5.7866E+00
   6099.77  1.4990E+00  5.9959E+00
   6103.84  1.4528E+00  5.8113E+00
   6107.91  1.2915E+00  5.1659E+00
   6111.98  1.4618E+00  5.8473E+00
   6116.06  1.3871E+00  5.5482E+00
   6120.14  1.6162E+00  6.4646E+00
   6124.22  1.5346E+00  6.1383E+00
   6128.30  1.5642E+00  6.2566E+00
   6132.39  1.4995E+00  5.9980E+00
   6136.48  1.6206E+00  6.4824E+00
   6140.57  1.5557E+00  6.2228E+00
   6144.67  1.5734E+00  6.2936E+00
   6148.76  1.5249E+00  6.0995E+00
   6152.86  1.7289E+00  6.9156E+00
   6156.97  1.7357E+00  6.9428E+00
   6161.07  1.5955E+00  6.3819E+00
   6165.18  1.6818E+00  6.7271E+00
   6169.29  1.6068E+00  6.4273E+00
   6173.41  1.7635E+00  7.0542E+00
   6177.52  1.3854E+00  5.5417E+00
   6181.64  1.5689E+00  6.2755E+00
   6185.77  1.7093E+00  6.8372E+00
   6189.89  1.5162E+00  6.0647E+00
   6194.02  1.6320E+00  6.5280E+00
   6198.15  1.5212E+00  6.0848E+00
   6202.28  1.0366E+00  4.1464E+00
   6206.42  1.6087E+00  6.4348E+00
   6210.56  1.4592E+00  5.8368E+00
   6214.70  1.5127E+00  6.0508E+00
   6218.84  1.7050E+00  6.8200E+00
   6222.99  1.1703E+00  4.6813E+00
   6227.14  1.6030E+00  6.4121E+00
   6231.29  1.5850E+00  6.3401E+00
   6235.45  1.6163E+00  6.4651E+00
   6239.61  1.2907E+00  5.1629E+00
   6243.77  1.5059E+00  6.0235E+00
   6247.93  1.4806E+00  5.9224E+00
   6252.10  1.2735E+00  5.0941E+00
   6256.27  1.4123E+00  5.6493E+00
   6260.44  9.4226E-02  3.7690E-01
   6264.62  1.2991E+00  5.1965E+00
   6268.79  1.4044E+00  5.6176E+00
   6272.97  1.5024E+00  6.0096E+00
   6277.16  1.4301E+00  5.7203E+00
   6281.34  1.3548E+00  5.4191E+00
   6285.53  1.4339E+00  5.7355E+00
   6289.72  1.5741E+00  6.2966E+00
   6293.92  1.5195E+00  6.0781E+00
   6298.11  9.5620E-02  3.8248E-01
   6302.31  1.4699E+00  5.8797E+00
   6306.52  1.3784E+00  5.5138E+00
   6310.72  1.3080E+00  5.2321E+00
   6314.93  1.5122E+00  6.0488E+00
   6319.14  1.2245E+00  4.8980E+00
   6323.36  1.3943E+00  5.5774E+00
   6327.57  1.2668E+00  5.0673E+00
   6331.79  1.4285E+00  5.7142E+00
   6336.02  1.4224E+00  5.6895E+00
   6340.24  1.2825E+00  5.1299E+00
   6344.47  1.2496E+00  4.9984E+00
   6348.70  1.1967E+00  4.7870E+00
   6352.93  1.4242E+00  5.6970E+00
   6357.17  7.1105E-01  2.8442E+00
   6361.41  1.4192E+00  5.6770E+00
   6365.65  1.2008E+00  4.8034E+00
   6369.90  1.2569E+00  5.0277E+00
   6374.14  1.5276E+00  6.1105E+00
   6378.40  1.4237E+00  5.6947E+00
   6382.65  1.2507E+00  5.0028E+00
   6386.91  1.2584E+00  5.0338E+00
   6391.16  1.2308E+00  4.9234E+00
   6395.43  1.3322E+00  5.3289E+00
   6399.69  1.3407E+00  5.3629E+00
   6403.96  1.2435E+00  4.9741E+00
   6408.23  1.2861E+00  5.1444E+00
   6412.50  1.3585E+00  5.4341E+00
   6416.78  1.2466E+00  4.9864E+00
   6421.06  1.2248E+00  4.8991E+00
   6425.34  1.3603E+00  5.4411E+00
   6429.63  1.3296E+00  5.3183E+00
   6433.91  1.2397E+00  4.9588E+00
   6438.20  1.3308E+00  5.3231E+00
   6442.50  1.3235E+00  5.2939E+00
   6446.79  9.7206E-01  3.8882E+00
   6451.09  1.2779E+00  5.1117E+00
   6455.39  1.2545E+00  5.0179E+00
   6459.70  1.3490E+00  5.3960E+00
   6464.01  1.4916E+00  5.9665E+00
   6468.32  1.2382E+00  4.9529E+00
   6472.63  1.2599E+00  5.0394E+00
   6476.95  1.1916E+00  4.7663E+00
   6481.27  1.3691E+00  5.4766E+00
   6485.59  1.2109E+00  4.8436E+00
   6489.91  1.2679E+00  5.0717E+00
   6494.24  1.3498E+00  5.3991E+00
   6498.57  1.3027E+00  5.2109E+00
   6502.91  1.3059E+00  5.2234E+00
   6507.24  1.3329E+00  5.3315E+00
   6511.58  1.2639E+00  5.0557E+00
   6515.92  1.2492E+00  4.9969E+00
   6520.27  1.2380E+00  4.9521E+00
   6524.62  1.2464E+00  4.9855E+00
   6528.97  1.2478E+00  4.9912E+00
   6533.32  1.2675E+00  5.0701E+00
   6537.68  1.2694E+00  5.0776E+00
   6542.04  1.5069E+00  6.0275E+00
   6546.40  1.3625E+00  5.4501E+00
   6550.77  1.2713E+00  5.0853E+00
   6555.14  1.3341E+00  5.3365E+00
   6559.51  1.2681E+00  5.0723E+00
   6563.88  1.2857E+00  5.1427E+00
   6568.26  1.2793E+00  5.1174E+00
   6572.64  1.2899E+00  5.1597E+00
   6577.02  1.4593E+00  5.8372E+00
   6581.41  1.3721E+00  5.4883E+00
   6585.80  1.3326E+00  5.3303E+00
   6590.19  1.2817E+00  5.1268E+00
   6594.58  1.3778E+00  5.5110E+00
   6598.98  1.2899E+00  5.1595E+00
   6603.38  1.3327E+00  5.3307E+00
   6607.79  1.4344E+00  5.7378E+00
   6612.19  1.3843E+00  5.5370E+00
   6616.60  1.1734E+00  4.6935E+00
   6621.01  1.4766E+00  5.9063E+00
   6625.43  1.3218E+00  5.2871E+00
   6629.85  1.2920E+00  5.1681E+00
   6634.27  1.3477E+00  5.3906E+00
   6638.69  1.3274E+00  5.3098E+00
   6643.12  1.3668E+00  5.4670E+00
   6647.55  1.3088E+00  5.2352E+00
   6651.98  1.4219E+00  5.6877E+00
   6656.42  1.5223E+00  6.0891E+00
   6660.86  1.4121E+00  5.6483E+00
   6665.30  1.4455E+00  5.7819E+00
   6669.75  1.4032E+00  5.6126E+00
   6674.19  1.3161E+00  5.2644E+00
   6678.64  1.5621E+00  6.2484E+00
   6683.10  1.4516E+00  5.8062E+00
   6687.55  1.6072E+00  6.4288E+00
   6692.01  1.5082E+00  6.0329E+00
   6696.48  1.6738E+00  6.6951E+00
   6700.94  1.5190E+00  6.0760E+00
   6705.41  1.5455E+00  6.1819E+00
   6709.88  3.9284E-01  1.5714E+00
   6714.36  1.5732E+00  6.2927E+00
   6718.84  1.5108E+00  6.0431E+00
   6723.32  1.6324E+00  6.5295E+00
   6727.80  1.6991E+00  6.7965E+00
   6732.29  1.4248E+00  5.6991E+00
   6736.78  1.5636E+00  6.2545E+00
   6741.27  1.6074E+00  6.4298E+00
   6745.76  1.6367E+00  6.5470E+00
   6750.26  1.7021E+00  6.8085E+00
   6754.76  2.1104E-01  8.4415E-01
   6759.27  1.5264E+00  6.1054E+00
   6763.78  1.3752E+00  5.5007E+00
   6768.29  3.1763E-01  1.2705E+00
   6772.80  1.5757E+00  6.3027E+00
   6777.32  1.6161E+00  6.4645E+00
   6781.84  1.3257E+00  5.3029E+00
   6786.36  1.4864E+00  5.9456E+00
   6790.88  1.1778E+00  4.7112E+00
   6795.41  1.5188E+00  6.0753E+00
   6799.94  1.4243E+00  5.6972E+00
   6804.48  1.7444E+00  6.9777E+00
   6809.02  1.4119E+00  5.6474E+00
   6813.56  1.6026E+00  6.4102E+00
   6818.10  1.3391E+00  5.3563E+00
   6822.65  1.3260E+00  5.3040E+00
   6827.20  1.3358E+00  5.3431E+00
   6831.75  1.0286E+00  4.1143E+00
   6836.31  1.3374E+00  5.3495E+00
   6840.87  1.3163E+00  5.2650E+00
   6845.43  1.3425E+00  5.3699E+00
   6849.99  1.4175E+00  5.6700E+00
   6854.56  1.6731E+00  6.6923E+00
   6859.13  1.3358E+00  5.3434E+00
   6863.71  1.4084E+00  5.6338E+00
   6868.28  1.3529E+00  5.4115E+00
   6872.86  1.3508E+00  5.4031E+00
   6877.45  1.6828E+00  6.7310E+00
   6882.03  1.6399E+00  6.5596E+00
   6886.62  1.5029E+00  6.0116E+00
   6891.21  1.3847E+00  5.5388E+00
   6895.81  1.3147E+00  5.2590E+00
   6900.41  1.3689E+00  5.4756E+00
   6905.01  1.3325E+00  5.3300E+00
   6909.61  1.5509E+00  6.2038E+00
   6914.22  1.4600E+00  5.8400E+00
   6918.83  1.5100E+00  6.0402E+00
   6923.45  1.3184E+00  5.2735E+00
   6928.06  1.3671E+00  5.4684E+00
   6932.68  1.2782E+00  5.1130E+00
   6937.31  1.2314E+00  4.9256E+00
   6941.93  1.1039E+00  4.4156E+00
   6946.56  1.3448E+00  5.3792E+00
   6951.20  1.3876E+00  5.5504E+00
   6955.83  1.6242E+00  6.4966E+00
   6960.47  1.3532E+00  5.4126E+00
   6965.11  1.4967E+00  5.9869E+00
   6969.76  1.3549E+00  5.4198E+00
   6974.40  1.3455E+00  5.3820E+00
   6979.06  1.3068E+00  5.2273E+00
   6983.71  1.3325E+00  5.3302E+00
   6988.37  1.3297E+00  5.3189E+00
   6993.03  1.3606E+00  5.4425E+00
   6997.69  1.3520E+00  5.4081E+00
   7002.36  1.3587E+00  5.4350E+00
   7007.03  1.3293E+00  5.3170E+00
   7011.70  1.3045E+00  5.2180E+00
   7016.37  1.3854E+00  5.5418E+00
   7021.05  1.3091E+00  5.2363E+00
   7025.74  1.3991E+00  5.5963E+00
   7030.42  1.4164E+00  5.6654E+00
   7035.11  1.3759E+00  5.5036E+00
   7039.80  1.3963E+00  5.5852E+00
   7044.50  1.3864E+00  5.5455E+00
   7049.19  1.3698E+00  5.4794E+00
   7053.89  1.4736E+00  5.8943E+00
   7058.60  1.3587E+00  5.4346E+00
   7063.31  1.3519E+00  5.4077E+00
   7068.02  1.3578E+00  5.4313E+00
   7072.73  1.6741E+00  6.6966E+00
   7077.45  1.3871E+00  5.5482E+00
   7082.17  1.5219E+00  6.0877E+00
   7086.89  1.3564E+00  5.4258E+00
   7091.61  1.4173E+00  5.6693E+00
   7096.34  1.3961E+00  5.5843E+00
   7101.08  1.4009E+00  5.6037E+00
   7105.81  1.3782E+00  5.5129E+00
   7110.55  1.3859E+00  5.5436E+00
   7115.29  1.0918E+00  4.3670E+00
   7120.04  1.3291E+00  5.3164E+00
   7124.78  1.3875E+00  5.5499E+00
   7129.54  1.3861E+00  5.5442E+00
   7134.29  1.5138E+00  6.0552E+00
   7139.05  1.3598E+00  5.4393E+00
   7143.81  1.3781E+00  5.5123E+00
   7148.57  1.4736E+00  5.8944E+00
   7153.34  1.4500E+00  5.7999E+00
   7158.11  1.3963E+00  5.5854E+00
   7162.88  1.3742E+00  5.4970E+00
   7167.66  1.3721E+00  5.4883E+00
   7172.44  1.2696E+00  5.0786E+00
   7177.22  1.3655E+00  5.4619E+00
   7182.01  1.3619E+00  5.4478E+00
   7186.80  1.3610E+00  5.4439E+00
   7191.59  1.3864E+00  5.5454E+00
   7196.39  1.3316E+00  5.3263E+00
   7201.19  1.4071E+00  5.6283E+00
   7205.99  5.9355E-01  2.3742E+00
   7210.79  1.3872E+00  5.5488E+00
   7215.60  1.3854E+00  5.5414E+00
   7220.41  1.2751E+00  5.1005E+00
   7225.23  1.3795E+00  5.5180E+00
   7230.05  1.3790E+00  5.5160E+00
   7234.87  1.3944E+00  5.5777E+00
   7239.69  1.3627E+00  5.4508E+00
   7244.52  1.4001E+00  5.6002E+00
   7249.35  1.3935E+00  5.5740E+00
   7254.19  7.2115E-01  2.8846E+00
   7259.03  1.2931E+00  5.1726E+00
   7263.87  1.3653E+00  5.4612E+00
   7268.71  1.4710E+00  5.8840E+00
   7273.56  1.3809E+00  5.5234E+00
   7278.41  1.3741E+00  5.4963E+00
   7283.26  1.3902E+00  5.5607E+00
   7288.12  1.4011E+00  5.6045E+00
   7292.98  1.3821E+00  5.5284E+00
   7297.84  1.4271E+00  5.7084E+00
   7302.71  1.3835E+00  5.5341E+00
   7307.58  1.3650E+00  5.4600E+00
   7312.45  1.3740E+00  5.4958E+00
   7317.33  1.3714E+00  5.4856E+00
   7322.21  1.4199E+00  5.6796E+00
   7327.09  1.4366E+00  5.7464E+00
   7331.98  1.4036E+00  5.6143E+00
   7336.87  1.3942E+00  5.5768E+00
   7341.76  1.4148E+00  5.6592E+00
   7346.66  1.3880E+00  5.5518E+00
   7351.55  1.4228E+00  5.6914E+00
   7356.46  1.3594E+00  5.4376E+00
   7361.36  1.4012E+00  5.6047E+00
   7366.27  1.3992E+00  5.5968E+00
   7371.18  1.3703E+00  5.4811E+00
   7376.10  1.4108E+00  5.6431E+00
   7381.02  1.4195E+00  5.6781E+00
   7385.94  1.4276E+00  5.7103E+00
   7390.87  1.5036E+00  6.0143E+00
   7395.80  1.4735E+00  5.8940E+00
   7400.73  1.5213E+00  6.0852E+00
   7405.66  1.4405E+00  5.7621E+00
   7410.60  1.4388E+00  5.7552E+00
   7415.54  1.4303E+00  5.7211E+00
   7420.49  1.4471E+00  5.7883E+00
   7425.44  1.4085E+00  5.6340E+00
   7430.39  1.6033E+00  6.4134E+00
   7435.34  1.4379E+00  5.7518E+00
   7440.30  1.4034E+00  5.6134E+00
   7445.26  1.4743E+00  5.8974E+00
   7450.23  1.4865E+00  5.9460E+00
   7455.20  1.4172E+00  5.6689E+00
   7460.17  1.4123E+00  5.6492E+00
   7465.14  1.4941E+00  5.9763E+00
   7470.12  1.3931E+00  5.5725E+00
   7475.10  1.5628E+00  6.2512E+00
   7480.09  1.5269E+00  6.1075E+00
   7485.08  1.4571E+00  5.8283E+00
   7490.07  1.4702E+00  5.8807E+00
   7495.06  1.4293E+00  5.7173E+00
   7500.06  1.4843E+00  5.9372E+00
   7505.06  1.4216E+00  5.6863E+00
   7510.07  1.4203E+00  5.6813E+00
   7515.08  1.4548E+00  5.8192E+00
   7520.09  1.5406E+00  6.1623E+00
   7525.10  1.4490E+00  5.7961E+00
   7530.12  1.4497E+00  5.7989E+00
   7535.14  1.5641E+00  6.2564E+00
   7540.17  1.4301E+00  5.7205E+00
   7545.19  1.4800E+00  5.9200E+00
   7550.23  1.4392E+00  5.7570E+00
   7555.26  1.4410E+00  5.7640E+00
   7560.30  1.5443E+00  6.1773E+00
   7565.34  1.5883E+00  6.3531E+00
   7570.39  1.4937E+00  5.9748E+00
   7575.44  1.5508E+00  6.2033E+00
   7580.49  1.5285E+00  6.1139E+00
   7585.54  1.7583E+00  7.0331E+00
   7590.60  1.5688E+00  6.2753E+00
   7595.66  1.4259E+00  5.7034E+00
   7600.73  1.4955E+00  5.9819E+00
   7605.80  1.5451E+00  6.1802E+00
   7610.87  1.3952E+00  5.5807E+00
   7615.94  1.5832E+00  6.3327E+00
   7621.02  1.5531E+00  6.2123E+00
   7626.11  1.6422E+00  6.5686E+00
   7631.19  1.6021E+00  6.4086E+00
   7636.28  1.7119E+00  6.8476E+00
   7641.37  1.5967E+00  6.3870E+00
   7646.47  8.3342E-01  3.3337E+00
   7651.57  1.5421E+00  6.1684E+00
   7656.67  8.7552E-01  3.5021E+00
   7661.78  1.0134E+00  4.0535E+00
   7666.88  3.5738E-01  1.4295E+00
   7672.00  1.5320E+00  6.1282E+00
   7677.11  1.6689E+00  6.6754E+00
   7682.23  1.5537E+00  6.2147E+00
   7687.36  6.9405E-01  2.7762E+00
   7692.48  1.5994E+00  6.3976E+00
   7697.61  1.4586E+00  5.8344E+00
   7702.75  1.5327E+00  6.1307E+00
   7707.88  8.5538E-01  3.4215E+00
   7713.02  1.6426E+00  6.5702E+00
   7718.17  1.2717E+00  5.0866E+00
   7723.31  1.6286E+00  6.5145E+00
   7728.46  8.4756E-01  3.3903E+00
   7733.62  1.6582E+00  6.6328E+00
   7738.78  1.5574E+00  6.2297E+00
   7743.94  1.2463E+00  4.9852E+00
   7749.10  1.3900E+00  5.5602E+00
   7754.27  1.1180E+00  4.4719E+00
   7759.44  1.3266E+00  5.3063E+00
   7764.61  7.5564E-01  3.0226E+00
   7769.79  1.5545E+00  6.2182E+00
   7774.97  1.0258E+00  4.1034E+00
   7780.16  1.5712E+00  6.2846E+00
   7785.35  8.1817E-01  3.2727E+00
   7790.54  1.4651E+00  5.8603E+00
   7795.73  9.7808E-01  3.9123E+00
   7800.93  1.5330E+00  6.1319E+00
   7806.13  1.5380E+00  6.1521E+00
   7811.34  1.6096E+00  6.4384E+00
   7816.55  1.5227E+00  6.0907E+00
   7821.76  1.5385E+00  6.1539E+00
   7826.98  1.4363E+00  5.7452E+00
   7832.20  1.4823E+00  5.9294E+00
   7837.42  1.2241E+00  4.8966E+00
   7842.65  8.5473E-01  3.4189E+00
   7847.88  9.8048E-01  3.9219E+00
   7853.11  1.6496E+00  6.5983E+00
   7858.35  9.3473E-01  3.7389E+00
   7863.59  1.0261E+00  4.1043E+00
   7868.83  1.4315E+00  5.7259E+00
   7874.08  1.5430E+00  6.1720E+00
   7879.33  1.1682E+00  4.6728E+00
   7884.58  1.6250E+00  6.5000E+00
   7889.84  1.5235E+00  6.0940E+00
   7895.10  1.5144E+00  6.0576E+00
   7900.37  1.3885E+00  5.5538E+00
   7905.64  1.4420E+00  5.7680E+00
   7910.91  1.0408E+00  4.1633E+00
   7916.18  1.5776E+00  6.3105E+00
   7921.46  1.4475E+00  5.7899E+00
   7926.75  9.2087E-01  3.6835E+00
   7932.03  1.5076E+00  6.0306E+00
   7937.32  1.4730E+00  5.8921E+00
   7942.61  1.4302E+00  5.7209E+00
   7947.91  1.4606E+00  5.8422E+00
   7953.21  1.3283E+00  5.3131E+00
   7958.52  9.0795E-01  3.6318E+00
   7963.82  8.6381E-01  3.4552E+00
   7969.13  1.3120E+00  5.2479E+00
   7974.45  1.0723E+00  4.2892E+00
   7979.77  8.6889E-01  3.4756E+00
   7985.09  1.4380E+00  5.7519E+00
   7990.41  1.4132E+00  5.6526E+00
   7995.74  1.4204E+00  5.6817E+00
   8001.07  8.1599E-01  3.2640E+00
   8006.41  1.1108E+00  4.4434E+00
   8011.75  1.5364E+00  6.1456E+00
   8017.09  8.5179E-01  3.4071E+00
   8022.44  1.4345E+00  5.7382E+00
   8027.79  1.4266E+00  5.7064E+00
   8033.14  1.4375E+00  5.7500E+00
   8038.50  1.4173E+00  5.6690E+00
   8043.86  1.4314E+00  5.7255E+00
   8049.22  1.2018E+00  4.8074E+00
   8054.59  1.4083E+00  5.6333E+00
   8059.96  1.5384E+00  6.1534E+00
   8065.34  1.3891E+00  5.5563E+00
   8070.71  1.4361E+00  5.7444E+00
   8076.10  1.4595E+00  5.8378E+00
   8081.48  1.4481E+00  5.7926E+00
   8086.87  1.4150E+00  5.6599E+00
   8092.26  1.4330E+00  5.7318E+00
   8097.66  1.4813E+00  5.9253E+00
   8103.06  1.4479E+00  5.7915E+00
   8108.46  1.3938E+00  5.5750E+00
   8113.87  1.4420E+00  5.7682E+00
   8119.28  1.4797E+00  5.9188E+00
   8124.70  1.4109E+00  5.6437E+00
   8130.12  1.4387E+00  5.7547E+00
   8135.54  1.4374E+00  5.7497E+00
   8140.96  1.3675E+00  5.4701E+00
   8146.39  1.4039E+00  5.6158E+00
   8151.82  1.2020E+00  4.8082E+00
   8157.26  1.4307E+00  5.7228E+00
   8162.70  1.4556E+00  5.8222E+00
   8168.14  1.4938E+00  5.9751E+00
   8173.59  1.4171E+00  5.6685E+00
   8179.04  2.5182E-01  1.0073E+00
   8184.50  1.4199E+00  5.6795E+00
   8189.95  1.4434E+00  5.7738E+00
   8195.41  1.4463E+00  5.7854E+00
   8200.88  7.2287E-01  2.8915E+00
   8206.35  1.4467E+00  5.7868E+00
   8211.82  1.4448E+00  5.7793E+00
   8217.30  1.4334E+00  5.7337E+00
   8222.78  1.4481E+00  5.7925E+00
   8228.26  1.4584E+00  5.8334E+00
   8233.75  1.3752E+00  5.5010E+00
   8239.24  1.1928E+00  4.7712E+00
   8244.73  1.4493E+00  5.7974E+00
   8250.23  1.3921E+00  5.5685E+00
   8255.73  4.0730E-01  1.6292E+00
   8261.24  9.2905E-01  3.7162E+00
   8266.75  1.4411E+00  5.7646E+00
   8272.26  1.4407E+00  5.7629E+00
   8277.78  1.4454E+00  5.7814E+00
   8283.30  1.4406E+00  5.7624E+00
   8288.82  1.4422E+00  5.7689E+00
   8294.35  1.4506E+00  5.8024E+00
   8299.88  1.0341E+00  4.1366E+00
   8305.42  1.4568E+00  5.8274E+00
   8310.95  1.4476E+00  5.7904E+00
   8316.50  1.5016E+00  6.0065E+00
   8322.04  1.5451E+00  6.1802E+00
   8327.59  1.1512E+00  4.6050E+00
   8333.15  1.4476E+00  5.7903E+00
   8338.70  1.4394E+00  5.7575E+00
   8344.26  1.1279E+00  4.5116E+00
   8349.83  1.4454E+00  5.7817E+00
   8355.40  1.4336E+00  5.7343E+00
   8360.97  1.4451E+00  5.7806E+00
   8366.54  1.4475E+00  5.7901E+00
   8372.12  1.4496E+00  5.7985E+00
   8377.71  1.1434E+00  4.5737E+00
   8383.29  1.0489E+00  4.1955E+00
   8388.88  1.0144E+00  4.0578E+00
   8394.48  1.0794E+00  4.3177E+00
   8400.08  1.4305E+00  5.7219E+00
   8405.68  1.4475E+00  5.7899E+00
   8411.28  1.4455E+00  5.7819E+00
   8416.89  1.4453E+00  5.7811E+00
   8422.50  1.4407E+00  5.7629E+00
   8428.12  1.4459E+00  5.7838E+00
   8433.74  1.4408E+00  5.7634E+00
   8439.37  1.4422E+00  5.7690E+00
   8444.99  1.4428E+00  5.7710E+00
   8450.63  1.4364E+00  5.7456E+00
   8456.26  1.4458E+00  5.7833E+00
   8461.90  1.4439E+00  5.7755E+00
   8467.54  1.4440E+00  5.7761E+00
   8473.19  1.4477E+00  5.7906E+00
   8478.84  1.4456E+00  5.7826E+00
   8484.49  1.4446E+00  5.7782E+00
   8490.15  1.4463E+00  5.7854E+00
   8495.81  1.4386E+00  5.7545E+00
   8501.48  1.2613E+00  5.0454E+00
   8507.15  1.4300E+00  5.7201E+00
   8512.82  1.4439E+00  5.7755E+00
   8518.50  1.4460E+00  5.7841E+00
   8524.18  1.4450E+00  5.7801E+00
   8529.86  1.3956E+00  5.5823E+00
   8535.55  1.4464E+00  5.7856E+00
   8541.25  1.4467E+00  5.7866E+00
   8546.94  1.4444E+00  5.7776E+00
   8552.64  1.4385E+00  5.7542E+00
   8558.34  1.4285E+00  5.7141E+00
   8564.05  1.4439E+00  5.7755E+00
   8569.76  1.4447E+00  5.7789E+00
   8575.48  1.4386E+00  5.7542E+00
   8581.20  1.4428E+00  5.7712E+00
   8586.92  1.4426E+00  5.7705E+00
   8592.64  1.4416E+00  5.7665E+00
   8598.38  1.4442E+00  5.7768E+00
   8604.11  1.4428E+00  5.7713E+00
   8609.85  1.4420E+00  5.7681E+00
   8615.59  1.4394E+00  5.7577E+00
   8621.33  9.7183E-01  3.8873E+00
   8627.08  1.1889E+00  4.7555E+00
   8632.84  1.4412E+00  5.7650E+00
   8638.59  1.4413E+00  5.7651E+00
   8644.35  2.9511E-01  1.1805E+00
   8650.12  4.9922E-01  1.9969E+00
   8655.89  1.1684E+00  4.6734E+00
   8661.66  3.6067E-01  1.4427E+00
   8667.44  6.9151E-01  2.7660E+00
   8673.22  1.4316E+00  5.7266E+00
   8679.00  1.4363E+00  5.7451E+00
   8684.79  1.4397E+00  5.7586E+00
   8690.58  1.4395E+00  5.7580E+00
   8696.37  3.2461E-01  1.2984E+00
   8702.17  6.7269E-01  2.6908E+00
   8707.98  5.4822E-01  2.1929E+00
   8713.78  3.2640E-01  1.3056E+00
   8719.59  9.8839E-01  3.9536E+00
   8725.41  5.1215E-01  2.0486E+00
   8731.23  1.3468E+00  5.3872E+00
   8737.05  5.0672E-01  2.0269E+00
   8742.88  1.4335E+00  5.7340E+00
   8748.71  1.4328E+00  5.7313E+00
   8754.54  1.4366E+00  5.7465E+00
   8760.38  1.3326E+00  5.3302E+00
   8766.22  1.4379E+00  5.7518E+00
   8772.07  6.5271E-01  2.6108E+00
   8777.92  1.0203E+00  4.0810E+00
   8783.77  4.6616E-01  1.8646E+00
   8789.63  7.4931E-01  2.9972E+00
   8795.49  1.4270E+00  5.7081E+00
   8801.36  3.3782E-01  1.3513E+00
   8807.23  9.0051E-01  3.6021E+00
   8813.10  4.2646E-01  1.7059E+00
   8818.98  9.5865E-01  3.8346E+00
   8824.86  9.8176E-01  3.9270E+00
   8830.74  8.6347E-01  3.4539E+00
   8836.63  9.9225E-01  3.9690E+00
   8842.52  1.4287E+00  5.7147E+00
   8848.42  1.2869E+00  5.1478E+00
   8854.32  8.3981E-01  3.3592E+00
   8860.23  9.5380E-01  3.8152E+00
   8866.13  1.4103E+00  5.6411E+00
   8872.05  6.2865E-01  2.5146E+00
   8877.96  1.4214E+00  5.6857E+00
   8883.88  1.0713E+00  4.2850E+00
   8889.81  1.3699E+00  5.4797E+00
   8895.74  1.3419E+00  5.3678E+00
   8901.67  1.2899E+00  5.1596E+00
   8907.60  1.1759E+00  4.7037E+00
   8913.55  1.3692E+00  5.4767E+00
   8919.49  8.5398E-01  3.4159E+00
   8925.44  3.1248E-01  1.2499E+00
   8931.39  4.1687E-01  1.6675E+00
   8937.35  1.3779E+00  5.5118E+00
   8943.31  6.0239E-01  2.4096E+00
   8949.27  4.1896E-01  1.6759E+00
   8955.24  1.0960E+00  4.3840E+00
   8961.21  1.3638E+00  5.4553E+00
   8967.19  1.4107E+00  5.6429E+00
   8973.17  1.2904E+00  5.1616E+00
   8979.15  1.3801E+00  5.5206E+00
   8985.14  1.3482E+00  5.3929E+00
   8991.13  1.3884E+00  5.5536E+00
   8997.12  9.0672E-01  3.6269E+00
   9003.12  3.5399E-01  1.4160E+00
   9009.13  1.2033E+00  4.8134E+00
   9015.14  1.1552E+00  4.6209E+00
   9021.15  1.3774E+00  5.5095E+00
   9027.16  1.3386E+00  5.3544E+00
   9033.18  1.1504E+00  4.6015E+00
   9039.21  1.4088E+00  5.6352E+00
   9045.24  7.3396E-01  2.9358E+00
   9051.27  5.7135E-01  2.2854E+00
   9057.30  8.9565E-01  3.5826E+00
   9063.34  1.3843E+00  5.5373E+00
   9069.39  1.4110E+00  5.6438E+00
   9075.44  1.2582E+00  5.0327E+00
   9081.49  1.0857E+00  4.3427E+00
   9087.54  5.1414E-01  2.0565E+00
   9093.60  1.4209E+00  5.6835E+00
   9099.67  1.3813E+00  5.5254E+00
   9105.74  1.3147E+00  5.2587E+00
   9111.81  1.4179E+00  5.6715E+00
   9117.89  1.4165E+00  5.6659E+00
   9123.97  1.1657E+00  4.6630E+00
   9130.05  1.1637E+00  4.6549E+00
   9136.14  1.4199E+00  5.6794E+00
   9142.23  1.3686E+00  5.4746E+00
   9148.33  1.4050E+00  5.6200E+00
   9154.43  1.2510E+00  5.0039E+00
   9160.53  1.3997E+00  5.5987E+00
   9166.64  1.4061E+00  5.6243E+00
   9172.76  1.4204E+00  5.6816E+00
   9178.87  1.3296E+00  5.3182E+00
   9184.99  1.4182E+00  5.6730E+00
   9191.12  1.4163E+00  5.6654E+00
   9197.25  1.4171E+00  5.6684E+00
   9203.38  1.4082E+00  5.6330E+00
   9209.52  1.3923E+00  5.5693E+00
   9215.66  1.4129E+00  5.6514E+00
   9221.81  1.4002E+00  5.6009E+00
   9227.96  7.5819E-01  3.0328E+00
   9234.11  1.2851E+00  5.1405E+00
   9240.27  1.3661E+00  5.4646E+00
   9246.43  1.4143E+00  5.6570E+00
   9252.60  1.4119E+00  5.6476E+00
   9258.77  1.4104E+00  5.6415E+00
   9264.94  1.3951E+00  5.5805E+00
   9271.12  1.3343E+00  5.3373E+00
   9277.30  1.3288E+00  5.3150E+00
   9283.49  1.3988E+00  5.5951E+00
   9289.68  4.8679E-01  1.9472E+00
   9295.87  7.5870E-01  3.0348E+00
   9302.07  1.4129E+00  5.6516E+00
   9308.28  1.3918E+00  5.5670E+00
   9314.48  1.3863E+00  5.5453E+00
   9320.70  9.2757E-01  3.7103E+00
   9326.91  1.2281E+00  4.9124E+00
   9333.13  1.3967E+00  5.5870E+00
   9339.35  9.3919E-01  3.7568E+00
   9345.58  4.7514E-01  1.9006E+00
   9351.82  1.4052E+00  5.6206E+00
   9358.05  1.4081E+00  5.6325E+00
   9364.29  1.2836E+00  5.1344E+00
   9370.54  1.3670E+00  5.4681E+00
   9376.79  1.2000E+00  4.8000E+00
   9383.04  1.0336E+00  4.1346E+00
   9389.30  1.5462E-01  6.1849E-01
   9395.56  1.3899E+00  5.5594E+00
   9401.82  1.1764E+00  4.7055E+00
   9408.09  6.5356E-01  2.6143E+00
   9414.37  6.0270E-01  2.4108E+00
   9420.64  1.3931E+00  5.5724E+00
   9426.93  1.3815E+00  5.5259E+00
   9433.21  1.0311E-02  4.1244E-02
   9439.50  1.3781E+00  5.5124E+00
   9445.80  1.9924E-01  7.9696E-01
   9452.10  1.3901E+00  5.5604E+00
   9458.40  4.7803E-04  1.9121E-03
   9464.71  1.4034E+00  5.6137E+00
   9471.02  4.8370E-01  1.9348E+00
   9477.34  1.1371E+00  4.5485E+00
   9483.66  1.3409E+00  5.3637E+00
   9489.98  9.1567E-01  3.6627E+00
   9496.31  8.8982E-01  3.5593E+00
   9502.64  1.3675E+00  5.4701E+00
   9508.98  1.4017E+00  5.6070E+00
   9515.32  1.4013E+00  5.6051E+00
   9521.67  7.3298E-02  2.9319E-01
   9528.02  1.3621E+00  5.4484E+00
   9534.37  1.3115E+00  5.2459E+00
   9540.73  6.1986E-01  2.4794E+00
   9547.09  1.3468E+00  5.3871E+00
   9553.46  1.3951E+00  5.5803E+00
   9559.83  3.8854E-01  1.5541E+00
   9566.20  1.3764E+00  5.5057E+00
   9572.58  9.7580E-01  3.9032E+00
   9578.97  1.3963E+00  5.5851E+00
   9585.35  1.3842E+00  5.5369E+00
   9591.75  9.4864E-01  3.7945E+00
   9598.14  1.3904E+00  5.5617E+00
   9604.54  1.3945E+00  5.5781E+00
   9610.95  1.3345E+00  5.3380E+00
   9617.36  6.0770E-01  2.4308E+00
   9623.77  1.0221E-01  4.0883E-01
   9630.19  1.3742E+00  5.4970E+00
   9636.61  1.3932E+00  5.5728E+00
   9643.04  4.5623E-01  1.8249E+00
   9649.47  1.3893E+00  5.5573E+00
   9655.90  1.3213E+00  5.2850E+00
   9662.34  8.7885E-01  3.5154E+00
   9668.79  1.2603E+00  5.0412E+00
   9675.23  1.3726E+00  5.4902E+00
   9681.69  5.8656E-01  2.3462E+00
   9688.14  1.3578E+00  5.4314E+00
   9694.60  1.3632E+00  5.4530E+00
   9701.07  1.3271E+00  5.3085E+00
   9707.54  1.2997E+00  5.1989E+00
   9714.01  1.3613E+00  5.4450E+00
   9720.49  1.3709E+00  5.4834E+00
   9726.97  1.1124E+00  4.4497E+00
   9733.46  1.3803E+00  5.5210E+00
   9739.95  1.2365E+00  4.9462E+00
   9746.44  1.3650E+00  5.4601E+00
   9752.94  1.3808E+00  5.5232E+00
   9759.45  1.3731E+00  5.4924E+00
   9765.95  1.3803E+00  5.5212E+00
   9772.47  1.2955E+00  5.1819E+00
   9778.98  1.3678E+00  5.4713E+00
   9785.51  1.3428E+00  5.3712E+00
   9792.03  1.3724E+00  5.4898E+00
   9798.56  1.3735E+00  5.4939E+00
   9805.10  1.3693E+00  5.4771E+00
   9811.63  1.3455E+00  5.3819E+00
   9818.18  1.2820E+00  5.1280E+00
   9824.72  1.3673E+00  5.4692E+00
   9831.28  1.3684E+00  5.4735E+00
   9837.83  1.3718E+00  5.4874E+00
   9844.39  1.3541E+00  5.4162E+00
   9850.96  1.3689E+00  5.4757E+00
   9857.53  1.3640E+00  5.4559E+00
   9864.10  1.3657E+00  5.4626E+00
   9870.68  7.3852E-01  2.9541E+00
   9877.26  1.3416E+00  5.3665E+00
   9883.85  1.3576E+00  5.4302E+00
   9890.44  1.3322E+00  5.3289E+00
   9897.04  1.3258E+00  5.3034E+00
   9903.64  1.3606E+00  5.4422E+00
   9910.24  1.3498E+00  5.3994E+00
   9916.85  1.3193E+00  5.2772E+00
   9923.46  1.3354E+00  5.3417E+00
   9930.08  1.3423E+00  5.3692E+00
   9936.70  1.3428E+00  5.3714E+00
   9943.33  1.3448E+00  5.3793E+00
   9949.96  1.3162E+00  5.2649E+00
   9956.59  1.3453E+00  5.3810E+00
   9963.23  1.3494E+00  5.3977E+00
   9969.88  1.3244E+00  5.2976E+00
   9976.53  1.3576E+00  5.4303E+00
   9983.18  1.3441E+00  5.3765E+00
   9989.84  1.3237E+00  5.2947E+00
   9996.50  4.6129E-01  1.8451E+00
  10003.16  1.3365E+00  5.3459E+00
  10009.84  9.1529E-01  3.6612E+00
  10016.51  4.4872E-01  1.7949E+00
  10023.19  1.3197E+00  5.2787E+00
  10029.87  1.1242E+00  4.4969E+00
  10036.56  1.2921E+00  5.1683E+00
  10043.26  1.2949E+00  5.1795E+00
  10049.95  1.1817E+00  4.7267E+00
  10056.66  1.3282E+00  5.3127E+00
  10063.36  1.1415E+00  4.5658E+00
  10070.07  9.1594E-01  3.6637E+00
  10076.79  7.7237E-01  3.0895E+00
  10083.51  1.3213E+00  5.2853E+00
  10090.23  4.2653E-01  1.7061E+00
  10096.96  8.9964E-01  3.5986E+00
  10103.70  4.9428E-01  1.9771E+00
  10110.43  1.1657E+00  4.6630E+00
  10117.18  6.0949E-01  2.4380E+00
  10123.92  6.8006E-01  2.7202E+00
  10130.67  1.2820E+00  5.1281E+00
  10137.43  6.6334E-01  2.6534E+00
  10144.19  1.1625E+00  4.6501E+00
  10150.95  8.5901E-01  3.4361E+00
  10157.72  6.5021E-01  2.6008E+00
  10164.50  1.1908E+00  4.7632E+00
  10171.28  1.3247E+00  5.2987E+00
  10178.06  9.4443E-01  3.7777E+00
  10184.85  8.2200E-01  3.2880E+00
  10191.64  7.3201E-01  2.9281E+00
  10198.43  7.7170E-01  3.0868E+00
  10205.24  1.2563E+00  5.0251E+00
  10212.04  1.2015E+00  4.8062E+00
  10218.85  6.7811E-01  2.7124E+00
  10225.67  6.8265E-01  2.7306E+00
  10232.48  1.2991E+00  5.1964E+00
  10239.31  1.1650E+00  4.6601E+00
  10246.14  7.9880E-01  3.1952E+00
  10252.97  5.1297E-01  2.0519E+00
  10259.81  1.2757E+00  5.1028E+00
  10266.65  8.3185E-01  3.3274E+00
  10273.50  6.2421E-01  2.4969E+00
  10280.35  1.2619E+00  5.0475E+00
  10287.20  1.1740E+00  4.6960E+00
  10294.06  8.5954E-01  3.4382E+00
  10300.93  1.3096E+00  5.2384E+00
  10307.80  1.2228E+00  4.8912E+00
  10314.67  1.1733E+00  4.6934E+00
  10321.55  1.2830E+00  5.1318E+00
  10328.43  9.0745E-01  3.6298E+00
  10335.32  1.2896E+00  5.1586E+00
  10342.21  1.1221E+00  4.4882E+00
  10349.11  1.2983E+00  5.1931E+00
  10356.01  1.3137E+00  5.2550E+00
  10362.92  1.3116E+00  5.2465E+00
  10369.83  1.2576E+00  5.0306E+00
  10376.74  1.3206E+00  5.2823E+00
  10383.66  1.2897E+00  5.1588E+00
  10390.59  1.2737E+00  5.0948E+00
  10397.52  1.2148E+00  4.8593E+00
  10404.45  7.8215E-01  3.1286E+00
  10411.39  1.2217E+00  4.8868E+00
  10418.33  1.2520E+00  5.0080E+00
  10425.28  6.7156E-01  2.6862E+00
  10432.23  1.3094E+00  5.2376E+00
  10439.19  1.2270E+00  4.9081E+00
  10446.15  9.9279E-01  3.9712E+00
  10453.12  1.3153E+00  5.2613E+00
  10460.09  1.2805E+00  5.1220E+00
  10467.06  1.3080E+00  5.2320E+00
  10474.04  1.3002E+00  5.2006E+00
  10481.03  1.3103E+00  5.2412E+00
  10488.02  9.8365E-01  3.9346E+00
  10495.01  8.4805E-01  3.3922E+00
  10502.01  1.0462E+00  4.1849E+00
  10509.01  1.3078E+00  5.2313E+00
  10516.02  1.3049E+00  5.2196E+00
  10523.03  1.3009E+00  5.2036E+00
  10530.05  8.4783E-01  3.3913E+00
  10537.07  1.3060E+00  5.2239E+00
  10544.10  1.3048E+00  5.2194E+00
  10551.13  6.9425E-01  2.7770E+00
  10558.17  1.3076E+00  5.2306E+00
  10565.21  7.5872E-01  3.0349E+00
  10572.25  1.3058E+00  5.2233E+00
  10579.30  1.2637E+00  5.0547E+00
  10586.36  1.3062E+00  5.2247E+00
  10593.42  1.3053E+00  5.2213E+00
  10600.48  7.4157E-01  2.9663E+00
  10607.55  1.2555E+00  5.0221E+00
  10614.63  1.3035E+00  5.2138E+00
  10621.70  1.3031E+00  5.2124E+00
  10628.79  1.3030E+00  5.2120E+00
  10635.88  1.2834E+00  5.1338E+00
  10642.97  1.2925E+00  5.1699E+00
  10650.07  1.3010E+00  5.2039E+00
  10657.17  7.4041E-01  2.9616E+00
  10664.28  1.2758E+00  5.1033E+00
  10671.39  1.2986E+00  5.1945E+00
  10678.50  7.4703E-01  2.9881E+00
  10685.62  1.2884E+00  5.1536E+00
  10692.75  1.2965E+00  5.1859E+00
  10699.88  1.2935E+00  5.1740E+00
  10707.02  1.2595E+00  5.0379E+00
  10714.16  1.2964E+00  5.1856E+00
  10721.30  1.0281E+00  4.1122E+00
  10728.45  1.2916E+00  5.1666E+00
  10735.61  1.2507E+00  5.0028E+00
  10742.76  1.2762E+00  5.1050E+00
  10749.93  1.2889E+00  5.1556E+00
  10757.10  1.2911E+00  5.1642E+00
  10764.27  1.2603E+00  5.0412E+00
  10771.45  1.2783E+00  5.1131E+00
  10778.63  1.2905E+00  5.1619E+00
  10785.82  7.8339E-01  3.1336E+00
  10793.01  1.2852E+00  5.1410E+00
  10800.21  1.2873E+00  5.1492E+00
  10807.41  1.2812E+00  5.1250E+00
  10814.62  1.2492E+00  4.9968E+00
  10821.83  1.2759E+00  5.1035E+00
  10829.05  1.2802E+00  5.1209E+00
  10836.27  6.3115E-01  2.5246E+00
  10843.50  1.2035E+00  4.8141E+00
  10850.73  1.0570E+00  4.2282E+00
  10857.96  9.7051E-01  3.8821E+00
  10865.20  1.2643E+00  5.0573E+00
  10872.45  9.4349E-01  3.7740E+00
  10879.70  1.2716E+00  5.0865E+00
  10886.96  1.2762E+00  5.1047E+00
  10894.22  9.7891E-01  3.9156E+00
  10901.48  1.2533E+00  5.0134E+00
  10908.75  1.2683E+00  5.0731E+00
  10916.03  1.2719E+00  5.0878E+00
  10923.31  1.2669E+00  5.0676E+00
  10930.59  9.1338E-01  3.6535E+00
  10937.88  1.2566E+00  5.0266E+00
  10945.17  1.0218E+00  4.0871E+00
  10952.47  1.2702E+00  5.0806E+00
  10959.78  6.6445E-01  2.6578E+00
  10967.08  1.2689E+00  5.0756E+00
  10974.40  1.2670E+00  5.0681E+00
  10981.72  1.1406E+00  4.5626E+00
  10989.04  1.2652E+00  5.0609E+00
  10996.37  1.2331E+00  4.9325E+00
  11003.70  9.9097E-01  3.9639E+00
  11011.04  1.2622E+00  5.0489E+00
  11018.38  1.2466E+00  4.9863E+00
  11025.73  5.8480E-01  2.3392E+00
  11033.08  1.2586E+00  5.0343E+00
  11040.44  1.2386E+00  4.9544E+00
  11047.80  1.2644E+00  5.0575E+00
  11055.17  8.6360E-01  3.4544E+00
  11062.54  1.1053E+00  4.4211E+00
  11069.92  9.4559E-01  3.7824E+00
  11077.30  1.0607E+00  4.2429E+00
  11084.69  7.2612E-01  2.9045E+00
  11092.08  1.2148E+00  4.8591E+00
  11099.48  1.2572E+00  5.0289E+00
  11106.88  1.2487E+00  4.9950E+00
  11114.29  1.2434E+00  4.9737E+00
  11121.70  9.4532E-01  3.7813E+00
  11129.11  1.1124E+00  4.4496E+00
  11136.54  1.1236E+00  4.4944E+00
  11143.96  1.2514E+00  5.0058E+00
  11151.39  1.2457E-02  4.9826E-02
  11158.83  1.2500E+00  4.9999E+00
  11166.27  5.6806E-01  2.2722E+00
  11173.72  1.2214E+00  4.8854E+00
  11181.17  1.2234E+00  4.8934E+00
  11188.63  3.8552E-04  1.5421E-03
  11196.09  1.2256E+00  4.9023E+00
  11203.55  7.0500E-01  2.8200E+00
  11211.03  1.2415E+00  4.9660E+00
  11218.50  1.2369E+00  4.9475E+00
  11225.98  7.0573E-02  2.8229E-01
  11233.47  1.1883E+00  4.7533E+00
  11240.96  1.2270E+00  4.9080E+00
  11248.46  1.2020E+00  4.8079E+00
  11255.96  1.0482E+00  4.1929E+00
  11263.46  1.1167E+00  4.4668E+00
  11270.98  1.0529E+00  4.2114E+00
  11278.49  8.2841E-09  3.3136E-08
  11286.01  1.2187E+00  4.8749E+00
  11293.54  1.2366E+00  4.9466E+00
  11301.07  1.2357E+00  4.9428E+00
  11308.61  1.1447E+00  4.5790E+00
  11316.15  1.2223E+00  4.8892E+00
  11323.69  1.2333E+00  4.9331E+00
  11331.25  1.2307E+00  4.9227E+00
  11338.80  1.2331E+00  4.9324E+00
  11346.36  8.6235E-14  3.4494E-13
  11353.93  8.5865E-01  3.4346E+00
  11361.50  1.2024E+00  4.8096E+00
  11369.08  1.2126E+00  4.8505E+00
  11376.66  1.3718E-01  5.4872E-01
  11384.25  1.1936E+00  4.7744E+00
  11391.84  1.2189E+00  4.8757E+00
  11399.44  5.9243E-01  2.3697E+00
  11407.04  1.2143E+00  4.8571E+00
  11414.64  7.5665E-01  3.0266E+00
  11422.26  1.2200E+00  4.8800E+00
  11429.87  1.1279E+00  4.5115E+00
  11437.50  5.7790E-02  2.3116E-01
  11445.12  1.2226E+00  4.8904E+00
  11452.76  1.2108E+00  4.8431E+00
  11460.39  1.2057E+00  4.8227E+00
  11468.04  1.2192E+00  4.8767E+00
  11475.68  1.0541E+00  4.2164E+00
  11483.34  1.2105E+00  4.8421E+00
  11490.99  1.2119E+00  4.8474E+00
  11498.66  1.2082E+00  4.8328E+00
  11506.32  1.2115E+00  4.8460E+00
  11514.00  1.2093E+00  4.8371E+00
  11521.68  1.1051E+00  4.4203E+00
  11529.36  1.2073E+00  4.8294E+00
  11537.05  8.6737E-01  3.4695E+00
  11544.74  5.2433E-01  2.0973E+00
  11552.44  1.2033E+00  4.8133E+00
  11560.14  1.1735E+00  4.6940E+00
  11567.85  1.1569E+00  4.6278E+00
  11575.57  1.1656E+00  4.6624E+00
  11583.29  1.0245E+00  4.0982E+00
  11591.01  1.1546E+00  4.6182E+00
  11598.74  1.0994E+00  4.3975E+00
  11606.48  1.1196E+00  4.4785E+00
  11614.22  1.1813E+00  4.7252E+00
  11621.96  7.2989E-01  2.9195E+00
  11629.71  7.1302E-01  2.8521E+00
  11637.47  1.1788E+00  4.7151E+00
  11645.23  1.1412E+00  4.5648E+00
  11652.99  1.1562E+00  4.6249E+00
  11660.76  9.2432E-01  3.6973E+00
  11668.54  1.0812E+00  4.3249E+00
  11676.32  1.1835E+00  4.7340E+00
  11684.11  8.0435E-01  3.2174E+00
  11691.90  1.1683E+00  4.6731E+00
  11699.70  1.1385E+00  4.5539E+00
  11707.50  9.1792E-01  3.6717E+00
  11715.31  1.0616E+00  4.2464E+00
  11723.12  7.9486E-01  3.1794E+00
  11730.94  8.7630E-01  3.5052E+00
  11738.76  1.8448E-01  7.3791E-01
  11746.59  1.1371E+00  4.5482E+00
  11754.42  6.4837E-01  2.5935E+00
  11762.26  6.4279E-01  2.5712E+00
  11770.10  1.1788E+00  4.7153E+00
  11777.95  1.0932E+00  4.3729E+00
  11785.81  8.7109E-01  3.4843E+00
  11793.67  1.1761E+00  4.7045E+00
  11801.53  1.1312E+00  4.5247E+00
  11809.40  7.0436E-01  2.8174E+00
  11817.28  1.1083E+00  4.4332E+00
  11825.16  1.1442E+00  4.5769E+00
  11833.04  5.0424E-01  2.0169E+00
  11840.93  5.0630E-01  2.0252E+00
  11848.83  5.9356E-01  2.3742E+00
  11856.73  9.7391E-01  3.8956E+00
  11864.64  8.8377E-01  3.5351E+00
  11872.55  1.1509E+00  4.6037E+00
  11880.47  9.8350E-01  3.9340E+00
  11888.39  9.5977E-01  3.8391E+00
  11896.32  1.1379E+00  4.5517E+00
  11904.25  1.1377E+00  4.5508E+00
  11912.19  9.8818E-01  3.9527E+00
  11920.14  1.0980E+00  4.3918E+00
  11928.08  5.6624E-01  2.2650E+00
  11936.04  1.0951E+00  4.3802E+00
  11944.00  1.0656E+00  4.2626E+00
  11951.96  1.1353E+00  4.5410E+00
  11959.93  9.6584E-01  3.8633E+00
  11967.91  1.1474E+00  4.5895E+00
  11975.89  9.0499E-01  3.6199E+00
  11983.88  1.1333E+00  4.5331E+00
  11991.87  5.4261E-01  2.1705E+00
  11999.87  7.0918E-01  2.8367E+00
  12007.87  1.1172E+00  4.4687E+00
  12015.88  1.0333E+00  4.1331E+00
  12023.89  9.9837E-01  3.9935E+00
  12031.91  9.5853E-01  3.8341E+00
  12039.93  7.8457E-01  3.1383E+00
  12047.96  7.0188E-01  2.8075E+00
  12055.99  1.0522E+00  4.2089E+00
  12064.03  1.0264E+00  4.1055E+00
  12072.08  1.0275E+00  4.1100E+00
  12080.13  1.1190E+00  4.4760E+00
  12088.19  1.1089E+00  4.4356E+00
  12096.25  1.0897E+00  4.3589E+00
  12104.31  9.5099E-01  3.8040E+00
  12112.39  1.1219E+00  4.4878E+00
  12120.46  1.1028E+00  4.4111E+00
  12128.55  1.0884E+00  4.3537E+00
  12136.63  1.1392E+00  4.5568E+00
  12144.73  4.4664E-01  1.7866E+00
  12152.83  5.6905E-01  2.2762E+00
  12160.93  9.1978E-01  3.6791E+00
  12169.04  1.1352E+00  4.5407E+00
  12177.15  1.0308E+00  4.1231E+00
  12185.28  9.4139E-01  3.7656E+00
  12193.40  1.0404E+00  4.1617E+00
  12201.53  1.1113E+00  4.4451E+00
  12209.67  1.0762E+00  4.3048E+00
  12217.81  9.1090E-01  3.6436E+00
  12225.96  9.0010E-01  3.6004E+00
  12234.11  1.1208E+00  4.4833E+00
  12242.27  8.6094E-01  3.4438E+00
  12250.44  1.1308E+00  4.5232E+00
  12258.60  1.0837E+00  4.3348E+00
  12266.78  1.0603E+00  4.2412E+00
  12274.96  1.0891E+00  4.3566E+00
  12283.15  1.1308E+00  4.5230E+00
  12291.34  1.1308E+00  4.5232E+00
  12299.53  1.1133E+00  4.4531E+00
  12307.74  1.1348E+00  4.5392E+00
  12315.94  1.1274E+00  4.5095E+00
  12324.16  1.1328E+00  4.5313E+00
  12332.37  6.0182E-01  2.4073E+00
  12340.60  1.0979E+00  4.3915E+00
  12348.83  1.0892E+00  4.3570E+00
  12357.06  1.1265E+00  4.5060E+00
  12365.30  1.1221E+00  4.4882E+00
  12373.55  1.1237E+00  4.4948E+00
  12381.80  1.1097E+00  4.4390E+00
  12390.06  1.0891E+00  4.3563E+00
  12398.32  1.0901E+00  4.3605E+00
  12406.59  1.0768E+00  4.3072E+00
  12414.86  6.2462E-01  2.4985E+00
  12423.14  9.6642E-01  3.8657E+00
  12431.43  6.8192E-01  2.7277E+00
  12439.72  1.1254E+00  4.5017E+00
  12448.01  1.1203E+00  4.4814E+00
  12456.31  1.1212E+00  4.4849E+00
  12464.62  1.1054E+00  4.4216E+00
  12472.93  9.5038E-01  3.8015E+00
  12481.25  1.1179E+00  4.4714E+00
  12489.57  1.1077E+00  4.4308E+00
  12497.90  1.1173E+00  4.4693E+00
  12506.24  1.1194E+00  4.4777E+00
  12514.58  9.9574E-01  3.9829E+00
  12522.92  1.1096E+00  4.4384E+00
  12531.27  1.1024E+00  4.4096E+00
  12539.63  1.0940E+00  4.3762E+00
  12547.99  7.3652E-01  2.9461E+00
  12556.36  1.1021E+00  4.4082E+00
  12564.73  9.9692E-01  3.9877E+00
  12573.11  1.1088E+00  4.4351E+00
  12581.50  1.1128E+00  4.4513E+00
  12589.89  1.1111E+00  4.4446E+00
  12598.28  1.1107E+00  4.4429E+00
  12606.68  1.0944E+00  4.3775E+00
  12615.09  1.0737E+00  4.2948E+00
  12623.50  9.1821E-01  3.6728E+00
  12631.92  1.1075E+00  4.4302E+00
  12640.35  1.1039E+00  4.4155E+00
  12648.78  1.1078E+00  4.4312E+00
  12657.21  1.1042E+00  4.4166E+00
  12665.65  1.1048E+00  4.4193E+00
  12674.10  1.0901E+00  4.3603E+00
  12682.55  7.0625E-01  2.8250E+00
  12691.01  1.1032E+00  4.4126E+00
  12699.47  1.0023E+00  4.0093E+00
  12707.94  1.0658E+00  4.2634E+00
  12716.41  1.0655E+00  4.2621E+00
  12724.89  1.0971E+00  4.3883E+00
  12733.38  1.0347E+00  4.1389E+00
  12741.87  1.0417E+00  4.1666E+00
  12750.37  1.0953E+00  4.3813E+00
  12758.87  1.0943E+00  4.3774E+00
  12767.38  1.0950E+00  4.3798E+00
  12775.89  1.0928E+00  4.3713E+00
  12784.41  9.8983E-01  3.9593E+00
  12792.94  1.0902E+00  4.3608E+00
  12801.47  1.0913E+00  4.3653E+00
  12810.01  1.0925E+00  4.3701E+00
  12818.55  1.0788E+00  4.3153E+00
  12827.10  1.0023E+00  4.0092E+00
  12835.65  1.0763E+00  4.3053E+00
  12844.21  1.0429E+00  4.1715E+00
  12852.78  1.0571E+00  4.2285E+00
  12861.35  1.0832E+00  4.3327E+00
  12869.92  1.0734E+00  4.2935E+00
  12878.51  1.0808E+00  4.3231E+00
  12887.10  1.0715E+00  4.2859E+00
  12895.69  9.2603E-01  3.7041E+00
  12904.29  9.6631E-01  3.8653E+00
  12912.89  1.0531E+00  4.2124E+00
  12921.51  8.3542E-01  3.3417E+00
  12930.12  1.0646E+00  4.2584E+00
  12938.74  1.0763E+00  4.3051E+00
  12947.37  9.7342E-01  3.8937E+00
  12956.01  8.7764E-01  3.5106E+00
  12964.65  1.0525E+00  4.2098E+00
  12973.29  1.0466E+00  4.1863E+00
  12981.94  1.0325E+00  4.1300E+00
  12990.60  1.0329E+00  4.1315E+00
  12999.26  1.0673E+00  4.2692E+00
  13007.93  1.0499E+00  4.1994E+00
  13016.61  1.0358E+00  4.1430E+00
  13025.29  1.0587E+00  4.2348E+00
  13033.97  1.0525E+00  4.2099E+00
  13042.67  5.0822E-01  2.0329E+00
  13051.36  1.0479E+00  4.1915E+00
  13060.07  1.0505E+00  4.2022E+00
  13068.78  7.9853E-01  3.1941E+00
  13077.49  1.0505E+00  4.2022E+00
  13086.21  8.1279E-01  3.2511E+00
  13094.94  1.0324E+00  4.1298E+00
  13103.67  9.9636E-01  3.9854E+00
  13112.41  1.0586E+00  4.2344E+00
  13121.16  9.3455E-01  3.7382E+00
  13129.91  1.0043E+00  4.0172E+00
  13138.66  1.0208E+00  4.0832E+00
  13147.42  1.0485E+00  4.1942E+00
  13156.19  8.7165E-01  3.4866E+00
  13164.96  9.4688E-01  3.7875E+00
  13173.74  1.0519E+00  4.2075E+00
  13182.53  5.7689E-01  2.3075E+00
  13191.32  1.0543E+00  4.2172E+00
  13200.12  1.0498E+00  4.1992E+00
  13208.92  8.5989E-01  3.4396E+00
  13217.73  9.9833E-01  3.9933E+00
  13226.54  8.8197E-01  3.5279E+00
  13235.36  7.6996E-01  3.0799E+00
  13244.19  1.0470E+00  4.1882E+00
  13253.02  1.0343E+00  4.1373E+00
  13261.86  1.0221E+00  4.0883E+00
  13270.70  8.7494E-01  3.4998E+00
  13279.55  1.0472E+00  4.1887E+00
  13288.41  9.5220E-01  3.8088E+00
  13297.27  1.0091E+00  4.0363E+00
  13306.14  8.5738E-01  3.4295E+00
  13315.01  9.7464E-01  3.8985E+00
  13323.89  7.4444E-01  2.9778E+00
  13332.78  1.0170E+00  4.0680E+00
  13341.67  1.0094E+00  4.0375E+00
  13350.56  1.0339E+00  4.1356E+00
  13359.47  7.1264E-01  2.8506E+00
  13368.38  9.8983E-01  3.9593E+00
  13377.29  6.7169E-01  2.6868E+00
  13386.21  1.0102E+00  4.0409E+00
  13395.14  9.9285E-01  3.9714E+00
  13404.07  9.1902E-01  3.6761E+00
  13413.01  9.9018E-01  3.9607E+00
  13421.95  9.9712E-01  3.9885E+00
  13430.90  9.9496E-01  3.9798E+00
  13439.86  8.5801E-01  3.4320E+00
  13448.82  9.9390E-01  3.9756E+00
  13457.79  9.8818E-01  3.9527E+00
  13466.77  1.0255E+00  4.1018E+00
  13475.75  1.0256E+00  4.1023E+00
  13484.73  2.1626E-11  8.6506E-11
  13493.73  1.0163E+00  4.0650E+00
  13502.73  1.0054E+00  4.0216E+00
  13511.73  9.8924E-01  3.9570E+00
  13520.74  1.0005E+00  4.0019E+00
  13529.76  3.8042E-01  1.5217E+00
  13538.78  7.9269E-01  3.1708E+00
  13547.81  8.7982E-01  3.5193E+00
  13556.84  9.2744E-01  3.7098E+00
  13565.88  6.9296E-01  2.7718E+00
  13574.93  6.5393E-10  2.6157E-09
  13583.98  3.1394E-01  1.2558E+00
  13593.04  8.4565E-01  3.3826E+00
  13602.11  9.8822E-01  3.9529E+00
  13611.18  1.0111E-01  4.0444E-01
  13620.25  6.6521E-12  2.6608E-11
  13629.34  9.8991E-01  3.9596E+00
  13638.43  9.7387E-01  3.8955E+00
  13647.52  1.0113E+00  4.0453E+00
  13656.62  1.0054E+00  4.0216E+00
  13665.73  9.1709E-01  3.6684E+00
  13674.84  8.9485E-01  3.5794E+00
  13683.96  9.6450E-01  3.8580E+00
  13693.09  2.6536E-01  1.0614E+00
  13702.22  6.0127E-01  2.4051E+00
  13711.36  9.3415E-01  3.7366E+00
  13720.50  8.5328E-12  3.4131E-11
  13729.65  9.5675E-01  3.8270E+00
  13738.80  9.4757E-01  3.7903E+00
  13747.97  7.6702E-01  3.0681E+00
  13757.13  3.3475E-01  1.3390E+00
  13766.31  9.9501E-01  3.9800E+00
  13775.49  9.5336E-01  3.8134E+00
  13784.68  1.9602E-03  7.8407E-03
  13793.87  8.9539E-01  3.5816E+00
  13803.07  7.9666E-01  3.1866E+00
  13812.27  6.9775E-01  2.7910E+00
  13821.48  9.3904E-01  3.7562E+00
  13830.70  4.0151E-11  1.6060E-10
  13839.92  9.3074E-01  3.7230E+00
  13849.15  1.3579E-01  5.4315E-01
  13858.39  1.1942E-11  4.7770E-11
  13867.63  8.2544E-01  3.3017E+00
  13876.88  9.9316E-01  3.9726E+00
  13886.13  8.6143E-01  3.4457E+00
  13895.39  9.8349E-01  3.9340E+00
  13904.66  9.2196E-01  3.6878E+00
  13913.93  9.6114E-01  3.8446E+00
  13923.21  1.1013E-01  4.4051E-01
  13932.49  9.3570E-01  3.7428E+00
  13941.79  9.8036E-01  3.9215E+00
  13951.08  9.3929E-01  3.7571E+00
  13960.39  8.8752E-01  3.5501E+00
  13969.70  8.7415E-01  3.4966E+00
  13979.01  9.4737E-01  3.7895E+00
  13988.33  8.5028E-01  3.4011E+00
  13997.66  9.3087E-01  3.7235E+00
  14007.00  1.7021E-11  6.8084E-11
  14016.34  9.4190E-01  3.7676E+00
  14025.68  9.1858E-01  3.6743E+00
  14035.04  9.5443E-01  3.8177E+00
  14044.40  8.4173E-02  3.3669E-01
  14053.76  2.8265E-01  1.1306E+00
  14063.14  8.2244E-01  3.2897E+00
  14072.51  2.1027E-04  8.4107E-04
  14081.90  8.0013E-01  3.2005E+00
  14091.29  8.7542E-01  3.5017E+00
  14100.69  3.3662E-01  1.3465E+00
  14110.09  6.4227E-03  2.5691E-02
  14119.50  8.2113E-02  3.2845E-01
  14128.91  7.0836E-01  2.8334E+00
  14138.34  9.4883E-01  3.7953E+00
  14147.76  9.5669E-01  3.8268E+00
  14157.20  9.5879E-01  3.8351E+00
  14166.64  8.4245E-01  3.3698E+00
  14176.09  1.8096E-01  7.2383E-01
  14185.54  6.4683E-01  2.5873E+00
  14195.00  9.5629E-01  3.8252E+00
  14204.47  8.8282E-01  3.5313E+00
  14213.94  9.2176E-01  3.6870E+00
  14223.42  7.9280E-01  3.1712E+00
  14232.90  9.3180E-01  3.7272E+00
  14242.40  9.1413E-01  3.6565E+00
  14251.89  9.0928E-01  3.6371E+00
  14261.40  9.1699E-01  3.6680E+00
  14270.91  9.0561E-01  3.6224E+00
  14280.42  9.5274E-01  3.8109E+00
  14289.95  1.1068E-02  4.4274E-02
  14299.48  1.1548E-06  4.6190E-06
  14309.01  5.9776E-01  2.3910E+00
  14318.55  1.2268E-01  4.9073E-01
  14328.10  9.2751E-01  3.7101E+00
  14337.66  7.1378E-01  2.8551E+00
  14347.22  9.0182E-01  3.6073E+00
  14356.79  8.0674E-01  3.2269E+00
  14366.36  7.5879E-01  3.0352E+00
  14375.94  9.4372E-01  3.7749E+00
  14385.53  8.8486E-01  3.5395E+00
  14395.12  1.7036E-01  6.8145E-01
  14404.72  1.3587E-02  5.4348E-02
  14414.33  4.5618E-01  1.8247E+00
  14423.94  2.9167E-01  1.1667E+00
  14433.56  7.7962E-01  3.1185E+00
  14443.18  5.9884E-01  2.3954E+00
  14452.82  8.3766E-01  3.3506E+00
  14462.45  9.3755E-01  3.7502E+00
  14472.10  9.5158E-01  3.8063E+00
  14481.75  4.4549E-01  1.7820E+00
  14491.41  9.3363E-01  3.7345E+00
  14501.07  2.4236E-01  9.6946E-01
  14510.74  5.8827E-08  2.3531E-07
  14520.42  7.8302E-01  3.1321E+00
  14530.10  8.3457E-01  3.3383E+00
  14539.79  9.4021E-01  3.7608E+00
  14549.49  7.1902E-01  2.8761E+00
  14559.19  9.2797E-01  3.7119E+00
  14568.90  1.8814E-01  7.5255E-01
  14578.61  8.7844E-01  3.5137E+00
  14588.34  9.0439E-01  3.6175E+00
  14598.06  9.3087E-01  3.7235E+00
  14607.80  9.3300E-01  3.7320E+00
  14617.54  6.3409E-01  2.5363E+00
  14627.29  9.0535E-01  3.6214E+00
  14637.04  7.6432E-01  3.0573E+00
  14646.80  8.5129E-01  3.4051E+00
  14656.57  9.2536E-01  3.7014E+00
  14666.35  3.5093E-02  1.4037E-01
  14676.13  8.5253E-01  3.4101E+00
  14685.91  7.2762E-01  2.9105E+00
  14695.71  1.0161E-01  4.0644E-01
  14705.51  9.1481E-01  3.6592E+00
  14715.31  8.2683E-01  3.3073E+00
  14725.13  8.8051E-02  3.5220E-01
  14734.95  5.1727E-01  2.0691E+00
  14744.77  4.8850E-01  1.9540E+00
  14754.61  6.0950E-01  2.4380E+00
  14764.44  8.8604E-01  3.5441E+00
  14774.29  6.1758E-01  2.4703E+00
  14784.14  8.3576E-01  3.3430E+00
  14794.00  7.7449E-01  3.0980E+00
  14803.87  8.7429E-01  3.4972E+00
  14813.74  6.1286E-01  2.4514E+00
  14823.62  8.0322E-01  3.2129E+00
  14833.50  5.7513E-01  2.3005E+00
  14843.40  1.8304E-03  7.3214E-03
  14853.29  3.7200E-01  1.4880E+00
  14863.20  7.9227E-01  3.1691E+00
  14873.11  2.7087E-01  1.0835E+00
  14883.03  9.0149E-02  3.6060E-01
  14892.95  9.0960E-01  3.6384E+00
  14902.89  5.1235E-01  2.0494E+00
  14912.82  8.7812E-01  3.5125E+00
  14922.77  3.0167E-01  1.2067E+00
  14932.72  1.5795E-01  6.3182E-01
  14942.68  6.0944E-01  2.4377E+00
  14952.64  5.9246E-03  2.3698E-02
  14962.62  5.3374E-01  2.1349E+00
  14972.59  5.3683E-01  2.1473E+00
  14982.58  4.7030E-01  1.8812E+00
  14992.57  5.4211E-01  2.1684E+00
  15002.57  5.6933E-01  2.2773E+00
  15012.57  8.7536E-01  3.5014E+00
  15022.58  7.5827E-01  3.0331E+00
  15032.60  7.1032E-01  2.8413E+00
  15042.63  7.7956E-01  3.1183E+00
  15052.66  3.1909E-01  1.2763E+00
  15062.70  8.7718E-01  3.5087E+00
  15072.74  4.8820E-01  1.9528E+00
  15082.79  7.5106E-01  3.0042E+00
  15092.85  8.5508E-01  3.4203E+00
  15102.92  3.2997E-01  1.3199E+00
  15112.99  8.4454E-01  3.3782E+00
  15123.07  3.0733E-03  1.2293E-02
  15133.15  7.3547E-01  2.9419E+00
  15143.24  6.3236E-01  2.5295E+00
  15153.34  2.8386E-01  1.1354E+00
  15163.45  1.9589E-01  7.8355E-01
  15173.56  6.8194E-01  2.7278E+00
  15183.68  7.1016E-01  2.8406E+00
  15193.80  3.9527E-01  1.5811E+00
  15203.93  6.7435E-01  2.6974E+00
  15214.07  4.2125E-01  1.6850E+00
  15224.22  7.8869E-08  3.1548E-07
  15234.37  8.4385E-01  3.3754E+00
  15244.53  8.7733E-01  3.5093E+00
  15254.70  8.6094E-01  3.4438E+00
  15264.87  7.8773E-01  3.1509E+00
  15275.05  8.2454E-01  3.2982E+00
  15285.24  2.4743E-01  9.8973E-01
  15295.43  6.8489E-01  2.7396E+00
  15305.63  7.3912E-01  2.9565E+00
  15315.84  8.0138E-01  3.2055E+00
  15326.05  5.6375E-01  2.2550E+00
  15336.27  8.9019E-01  3.5608E+00
  15346.50  4.7089E-01  1.8836E+00
  15356.73  8.9167E-01  3.5667E+00
  15366.97  1.1715E-01  4.6859E-01
  15377.22  6.5862E-01  2.6345E+00
  15387.47  4.7748E-01  1.9099E+00
  15397.74  8.4288E-01  3.3715E+00
  15408.00  8.1596E-01  3.2638E+00
  15418.28  7.9053E-01  3.1621E+00
  15428.56  7.4333E-01  2.9733E+00
  15438.85  5.6794E-01  2.2718E+00
  15449.15  9.0777E-01  3.6311E+00
  15459.45  5.0269E-01  2.0107E+00
  15469.76  7.1082E-01  2.8433E+00
  15480.07  7.1372E-01  2.8549E+00
  15490.40  7.3292E-01  2.9317E+00
  15500.73  5.1715E-01  2.0686E+00
  15511.06  8.7841E-01  3.5136E+00
  15521.41  8.2061E-01  3.2824E+00
  15531.76  8.5767E-01  3.4307E+00
  15542.12  8.4251E-01  3.3701E+00
  15552.48  7.7555E-01  3.1022E+00
  15562.85  8.7840E-01  3.5136E+00
  15573.23  7.4004E-01  2.9601E+00
  15583.62  6.3913E-01  2.5565E+00
  15594.01  7.3012E-01  2.9205E+00
  15604.41  8.8473E-01  3.5389E+00
  15614.81  8.2845E-01  3.3138E+00
  15625.23  7.7764E-01  3.1106E+00
  15635.65  8.9766E-01  3.5907E+00
  15646.07  8.9058E-01  3.5623E+00
  15656.51  8.9991E-01  3.5996E+00
  15666.95  8.8230E-01  3.5292E+00
  15677.40  8.9747E-01  3.5899E+00
  15687.85  8.8256E-01  3.5303E+00
  15698.31  8.8382E-01  3.5353E+00
  15708.78  8.6504E-01  3.4602E+00
  15719.26  8.8356E-01  3.5342E+00
  15729.74  8.5349E-01  3.4140E+00
  15740.23  9.0137E-01  3.6055E+00
  15750.73  8.9693E-01  3.5877E+00
  15761.23  8.9111E-01  3.5644E+00
  15771.74  8.8951E-01  3.5580E+00
  15782.26  8.8558E-01  3.5423E+00
  15792.78  8.0810E-01  3.2324E+00
  15803.31  8.2997E-01  3.3199E+00
  15813.85  8.9389E-01  3.5756E+00
  15824.40  8.9893E-01  3.5957E+00
  15834.95  6.9647E-01  2.7859E+00
  15845.51  8.6821E-01  3.4729E+00
  15856.08  8.9596E-01  3.5838E+00
  15866.65  8.9069E-01  3.5628E+00
  15877.23  8.8180E-01  3.5272E+00
  15887.82  8.3943E-01  3.3577E+00
  15898.42  8.6475E-01  3.4590E+00
  15909.02  8.9377E-01  3.5751E+00
  15919.63  8.6258E-01  3.4503E+00
  15930.24  8.5533E-01  3.4213E+00
  15940.87  8.7257E-01  3.4903E+00
  15951.50  8.8440E-01  3.5376E+00
  15962.13  8.4549E-01  3.3820E+00
  15972.78  8.9160E-01  3.5664E+00
  15983.43  8.4807E-01  3.3923E+00
  15994.09  8.7802E-01  3.5121E+00
  16004.76  8.8718E-01  3.5487E+00
  16015.43  8.8589E-01  3.5436E+00
  16026.11  8.4169E-01  3.3668E+00
  16036.80  8.7161E-01  3.4865E+00
  16047.49  8.8738E-01  3.5495E+00
  16058.19  8.8463E-01  3.5385E+00
  16068.90  8.8389E-01  3.5356E+00
  16079.62  8.8080E-01  3.5232E+00
  16090.34  8.8186E-01  3.5274E+00
  16101.07  8.8408E-01  3.5363E+00
  16111.81  8.7280E-01  3.4912E+00
  16122.55  8.7767E-01  3.5107E+00
  16133.30  8.4933E-01  3.3973E+00
  16144.06  8.7628E-01  3.5051E+00
  16154.83  8.7332E-01  3.4933E+00
  16165.60  8.6908E-01  3.4763E+00
  16176.38  8.7254E-01  3.4902E+00
  16187.17  8.2208E-01  3.2883E+00
  16197.96  8.3543E-01  3.3417E+00
  16208.76  8.4214E-01  3.3686E+00
  16219.57  8.3889E-01  3.3555E+00
  16230.39  8.7098E-01  3.4839E+00
  16241.21  8.6478E-01  3.4591E+00
  16252.04  7.9765E-01  3.1906E+00
  16262.88  7.7348E-01  3.0939E+00
  16273.73  8.3030E-01  3.3212E+00
  16284.58  7.1522E-01  2.8609E+00
  16295.44  7.5643E-01  3.0257E+00
  16306.31  4.7391E-01  1.8956E+00
  16317.18  7.5303E-01  3.0121E+00
  16328.06  8.2915E-01  3.3166E+00
  16338.95  8.3483E-01  3.3393E+00
  16349.85  8.5526E-01  3.4210E+00
  16360.75  8.1458E-01  3.2583E+00
  16371.66  8.6036E-01  3.4414E+00
  16382.58  2.6516E-01  1.0606E+00
  16393.50  8.5907E-01  3.4363E+00
  16404.43  6.5217E-03  2.6087E-02
  16415.37  8.2619E-01  3.3048E+00
  16426.32  8.4699E-01  3.3880E+00
  16437.28  8.4137E-01  3.3655E+00
  16448.24  8.4323E-01  3.3729E+00
  16459.21  7.0929E-01  2.8372E+00
  16470.18  8.2750E-01  3.3100E+00
  16481.17  1.6369E-01  6.5477E-01
  16492.16  7.2505E-01  2.9002E+00
  16503.15  6.7744E-01  2.7098E+00
  16514.16  6.1643E-01  2.4657E+00
  16525.17  7.8963E-01  3.1585E+00
  16536.19  7.8305E-01  3.1322E+00
  16547.22  6.1367E-01  2.4547E+00
  16558.25  7.4187E-01  2.9675E+00
  16569.30  4.8699E-01  1.9480E+00
  16580.35  8.0443E-01  3.2177E+00
  16591.40  6.3458E-01  2.5383E+00
  16602.47  6.0188E-01  2.4075E+00
  16613.54  7.4804E-01  2.9922E+00
  16624.62  7.7465E-01  3.0986E+00
  16635.70  7.9988E-01  3.1995E+00
  16646.80  6.8096E-01  2.7238E+00
  16657.90  5.4914E-01  2.1965E+00
  16669.01  2.0050E-01  8.0201E-01
  16680.12  7.7208E-01  3.0883E+00
  16691.25  6.7223E-01  2.6889E+00
  16702.38  4.9875E-01  1.9950E+00
  16713.52  7.9771E-01  3.1908E+00
  16724.66  6.4445E-01  2.5778E+00
  16735.82  7.0341E-01  2.8136E+00
  16746.98  7.8583E-01  3.1433E+00
  16758.14  7.8494E-01  3.1398E+00
  16769.32  7.9193E-01  3.1677E+00
  16780.50  7.2721E-01  2.9089E+00
  16791.69  7.9283E-01  3.1713E+00
  16802.89  7.8646E-01  3.1458E+00
  16814.10  5.7762E-01  2.3105E+00
  16825.31  2.8685E-01  1.1474E+00
  16836.53  7.1882E-01  2.8753E+00
  16847.76  7.6291E-01  3.0516E+00
  16858.99  5.2383E-01  2.0953E+00
  16870.23  4.4479E-01  1.7791E+00
  16881.48  7.3616E-01  2.9447E+00
  16892.74  3.8070E-01  1.5228E+00
  16904.01  6.4647E-01  2.5859E+00
  16915.28  3.7998E-01  1.5199E+00
  16926.56  7.4691E-01  2.9876E+00
  16937.85  6.1466E-01  2.4586E+00
  16949.14  6.4777E-01  2.5911E+00
  16960.45  5.7504E-01  2.3001E+00
  16971.76  6.2825E-01  2.5130E+00
  16983.07  6.6636E-01  2.6654E+00
  16994.40  6.9738E-01  2.7895E+00
  17005.73  3.4814E-01  1.3926E+00
  17017.07  6.7900E-01  2.7160E+00
  17028.42  6.1536E-01  2.4614E+00
  17039.78  6.2689E-01  2.5076E+00
  17051.14  5.8428E-01  2.3371E+00
  17062.51  6.0589E-01  2.4236E+00
  17073.89  7.1413E-01  2.8565E+00
  17085.28  6.2924E-01  2.5170E+00
  17096.67  4.5935E-01  1.8374E+00
  17108.07  7.3991E-01  2.9597E+00
  17119.48  3.6573E-01  1.4629E+00
  17130.90  6.1934E-01  2.4773E+00
  17142.32  6.1340E-01  2.4536E+00
  17153.75  6.3492E-01  2.5397E+00
  17165.19  5.5004E-01  2.2002E+00
  17176.64  6.0579E-01  2.4232E+00
  17188.09  6.0625E-01  2.4250E+00
  17199.55  4.7585E-01  1.9034E+00
  17211.02  5.8245E-01  2.3298E+00
  17222.50  6.7122E-01  2.6849E+00
  17233.99  5.6014E-01  2.2406E+00
  17245.48  6.4394E-01  2.5758E+00
  17256.98  6.5996E-01  2.6398E+00
  17268.49  5.9191E-01  2.3676E+00
  17280.00  5.2187E-01  2.0875E+00
  17291.53  6.2981E-01  2.5192E+00
  17303.06  3.0574E-01  1.2229E+00
  17314.60  5.4538E-01  2.1815E+00
  17326.14  5.1751E-01  2.0701E+00
  17337.70  6.7074E-01  2.6830E+00
  17349.26  6.6474E-01  2.6590E+00
  17360.83  3.6701E-01  1.4680E+00
  17372.41  6.7172E-01  2.6869E+00
  17383.99  6.7825E-01  2.7130E+00
  17395.58  6.7042E-01  2.6817E+00
  17407.19  6.4087E-01  2.5635E+00
  17418.79  6.9378E-01  2.7751E+00
  17430.41  7.1399E-01  2.8560E+00
  17442.03  6.4461E-01  2.5785E+00
  17453.66  4.7841E-01  1.9136E+00
  17465.30  6.7764E-01  2.7105E+00
  17476.95  7.1146E-01  2.8459E+00
  17488.61  6.7504E-01  2.7001E+00
  17500.27  7.1020E-01  2.8408E+00
  17511.94  5.8353E-01  2.3341E+00
  17523.62  6.1699E-01  2.4679E+00
  17535.30  6.4554E-01  2.5822E+00
  17547.00  6.7792E-01  2.7117E+00
  17558.70  6.3502E-01  2.5401E+00
  17570.41  6.9815E-01  2.7926E+00
  17582.12  6.4911E-01  2.5964E+00
  17593.85  6.9060E-01  2.7624E+00
  17605.58  6.4133E-01  2.5653E+00
  17617.32  6.9093E-01  2.7637E+00
  17629.07  6.5088E-01  2.6035E+00
  17640.83  6.7506E-01  2.7002E+00
  17652.59  5.2863E-01  2.1145E+00
  17664.36  6.2437E-01  2.4975E+00
  17676.14  6.3373E-01  2.5349E+00
  17687.93  5.7550E-01  2.3020E+00
  17699.73  6.2964E-01  2.5186E+00
  17711.53  6.7603E-01  2.7041E+00
  17723.34  6.7622E-01  2.7049E+00
  17735.16  6.8053E-01  2.7221E+00
  17746.99  6.3243E-01  2.5297E+00
  17758.82  5.9628E-01  2.3851E+00
  17770.66  6.7709E-01  2.7084E+00
  17782.52  6.6891E-01  2.6757E+00
  17794.37  6.8868E-01  2.7547E+00
  17806.24  6.7970E-01  2.7188E+00
  17818.11  5.1620E-01  2.0648E+00
  17830.00  6.7213E-01  2.6885E+00
  17841.89  5.9887E-01  2.3955E+00
  17853.79  6.7276E-01  2.6910E+00
  17865.69  6.6655E-01  2.6662E+00
  17877.61  6.3798E-01  2.5519E+00
  17889.53  6.5232E-01  2.6093E+00
  17901.46  4.6367E-01  1.8547E+00
  17913.40  3.6001E-01  1.4400E+00
  17925.34  4.9656E-01  1.9862E+00
  17937.30  6.5368E-01  2.6147E+00
  17949.26  6.7104E-01  2.6842E+00
  17961.23  5.7158E-01  2.2863E+00
  17973.20  6.3560E-01  2.5424E+00
  17985.19  6.4406E-01  2.5762E+00
  17997.18  3.1986E-01  1.2794E+00
  18009.19  2.3095E-05  9.2379E-05
  18021.20  5.6338E-01  2.2535E+00
  18033.21  6.4650E-01  2.5860E+00
  18045.24  6.5056E-01  2.6022E+00
  18057.27  6.3751E-01  2.5500E+00
  18069.31  5.3020E-01  2.1208E+00
  18081.36  6.5844E-01  2.6338E+00
  18093.42  6.4279E-01  2.5712E+00
  18105.49  2.5951E-08  1.0380E-07
  18117.56  6.2771E-01  2.5108E+00
  18129.64  5.8571E-01  2.3428E+00
  18141.73  6.4462E-01  2.5785E+00
  18153.83  6.3612E-01  2.5445E+00
  18165.94  6.4345E-01  2.5738E+00
  18178.05  4.9147E-01  1.9659E+00
  18190.17  6.4520E-01  2.5808E+00
  18202.31  5.4290E-01  2.1716E+00
  18214.44  5.8246E-01  2.3298E+00
  18226.59  3.0314E-08  1.2125E-07
  18238.75  6.2308E-01  2.4923E+00
  18250.91  6.3425E-01  2.5370E+00
  18263.08  3.1816E-08  1.2726E-07
  18275.26  4.5079E-01  1.8032E+00
  18287.44  8.3249E-02  3.3300E-01
  18299.64  6.2068E-01  2.4827E+00
  18311.84  1.9632E-02  7.8530E-02
  18324.06  6.0623E-01  2.4249E+00
  18336.27  5.6865E-01  2.2746E+00
  18348.50  3.5602E-08  1.4241E-07
  18360.74  6.0479E-01  2.4192E+00
  18372.98  5.9470E-01  2.3788E+00
  18385.24  7.0213E-07  2.8085E-06
  18397.50  6.0049E-01  2.4019E+00
  18409.76  5.8529E-01  2.3412E+00
  18422.04  5.7449E-01  2.2979E+00
  18434.33  5.6128E-01  2.2451E+00
  18446.62  5.8839E-01  2.3535E+00
  18458.92  5.1542E-01  2.0617E+00
  18471.23  1.2296E-01  4.9184E-01
  18483.55  5.7095E-01  2.2838E+00
  18495.87  3.7716E-01  1.5086E+00
  18508.21  5.6787E-01  2.2715E+00
  18520.55  4.6899E-01  1.8760E+00
  18532.90  5.4719E-01  2.1888E+00
  18545.26  5.9354E-01  2.3742E+00
  18557.63  5.6503E-01  2.2601E+00
  18570.00  5.9521E-01  2.3808E+00
  18582.39  5.7795E-01  2.3118E+00
  18594.78  4.7114E-01  1.8846E+00
  18607.18  2.1252E-05  8.5010E-05
  18619.59  5.3455E-01  2.1382E+00
  18632.01  5.7311E-01  2.2924E+00
  18644.43  4.5934E-01  1.8374E+00
  18656.86  5.8160E-01  2.3264E+00
  18669.31  5.7962E-01  2.3185E+00
  18681.76  5.4604E-08  2.1842E-07
  18694.21  5.8446E-01  2.3378E+00
  18706.68  5.6030E-01  2.2412E+00
  18719.15  5.7673E-01  2.3069E+00
  18731.64  1.1558E-03  4.6233E-03
  18744.13  5.3623E-01  2.1449E+00
  18756.63  5.6008E-01  2.2403E+00
  18769.14  5.7570E-01  2.3028E+00
  18781.65  5.4611E-01  2.1845E+00
  18794.18  6.2951E-08  2.5180E-07
  18806.71  5.3875E-01  2.1550E+00
  18819.25  5.7157E-01  2.2863E+00
  18831.80  5.6056E-01  2.2422E+00
  18844.36  5.2252E-01  2.0901E+00
  18856.93  5.6149E-01  2.2460E+00
  18869.50  5.6194E-01  2.2478E+00
  18882.09  4.7288E-01  1.8915E+00
  18894.68  5.6500E-01  2.2600E+00
  18907.28  1.4163E-01  5.6651E-01
  18919.89  5.6223E-01  2.2489E+00
  18932.50  3.7351E-01  1.4941E+00
  18945.13  5.4710E-01  2.1884E+00
  18957.76  5.1201E-01  2.0480E+00
  18970.41  5.1230E-01  2.0492E+00
  18983.06  4.8579E-01  1.9432E+00
  18995.72  5.4824E-01  2.1929E+00
  19008.38  5.5299E-01  2.2120E+00
  19021.06  5.3535E-01  2.1414E+00
  19033.74  4.8668E-01  1.9467E+00
  19046.44  5.3086E-01  2.1234E+00
  19059.14  4.9590E-01  1.9836E+00
  19071.85  4.2044E-01  1.6818E+00
  19084.57  5.3265E-01  2.1306E+00
  19097.29  5.3353E-01  2.1341E+00
  19110.03  3.7645E-01  1.5058E+00
  19122.77  4.1730E-01  1.6692E+00
  19135.53  5.3733E-07  2.1493E-06
  19148.29  9.6668E-08  3.8667E-07
  19161.06  9.8148E-08  3.9259E-07
  19173.83  2.9693E-01  1.1877E+00
  19186.62  2.2453E-01  8.9814E-01
  19199.41  2.6080E-01  1.0432E+00
  19212.22  5.2053E-01  2.0821E+00
  19225.03  5.2043E-01  2.0817E+00
  19237.85  2.5116E-03  1.0046E-02
  19250.68  4.1831E-01  1.6732E+00
  19263.52  5.2330E-01  2.0932E+00
  19276.36  3.6731E-01  1.4692E+00
  19289.22  4.8370E-01  1.9348E+00
  19302.08  1.6450E-02  6.5799E-02
  19314.95  1.6612E-01  6.6448E-01
  19327.83  3.5103E-02  1.4041E-01
  19340.72  4.4469E-01  1.7788E+00
  19353.62  1.3867E-01  5.5467E-01
  19366.53  4.5750E-01  1.8300E+00
  19379.44  1.9269E-01  7.7078E-01
  19392.37  2.5309E-02  1.0123E-01
  19405.30  3.9364E-01  1.5746E+00
  19418.24  4.8548E-01  1.9419E+00
  19431.19  2.7130E-01  1.0852E+00
  19444.15  1.4388E-02  5.7552E-02
  19457.11  4.7610E-01  1.9044E+00
  19470.09  1.9440E-01  7.7761E-01
  19483.07  5.0670E-01  2.0268E+00
  19496.06  4.2702E-01  1.7081E+00
  19509.07  2.9922E-01  1.1969E+00
  19522.08  3.4265E-01  1.3706E+00
  19535.09  4.7577E-01  1.9031E+00
  19548.12  1.1594E-01  4.6375E-01
  19561.16  1.5437E-01  6.1749E-01
  19574.20  4.3369E-01  1.7348E+00
  19587.26  4.0386E-01  1.6155E+00
  19600.32  4.6117E-01  1.8447E+00
  19613.39  4.3014E-01  1.7206E+00
  19626.47  3.2944E-01  1.3178E+00
  19639.56  4.3771E-01  1.7508E+00
  19652.65  3.3564E-01  1.3426E+00
  19665.76  4.2201E-02  1.6880E-01
  19678.87  4.0470E-02  1.6188E-01
  19692.00  3.4260E-01  1.3704E+00
  19705.13  4.3856E-01  1.7542E+00
  19718.27  2.7814E-01  1.1126E+00
  19731.42  1.1793E-01  4.7173E-01
  19744.58  4.5767E-01  1.8307E+00
  19757.74  4.0045E-01  1.6018E+00
  19770.92  4.3023E-01  1.7209E+00
  19784.10  3.9703E-01  1.5881E+00
  19797.30  1.6239E-01  6.4954E-01
  19810.50  4.8001E-01  1.9200E+00
  19823.71  4.7873E-01  1.9149E+00
  19836.93  2.1722E-02  8.6888E-02
  19850.16  4.6025E-01  1.8410E+00
  19863.40  4.7811E-01  1.9124E+00
  19876.64  2.3879E-01  9.5516E-01
  19889.90  4.7032E-01  1.8813E+00
  19903.16  1.9802E-01  7.9207E-01
  19916.43  9.0459E-02  3.6184E-01
  19929.72  4.6976E-01  1.8790E+00
  19943.01  4.6252E-01  1.8501E+00
  19956.31  2.6737E-01  1.0695E+00
  19969.61  4.1971E-01  1.6789E+00
  19982.93  4.3273E-01  1.7309E+00
  19996.26  4.6877E-01  1.8751E+00
  20009.59  1.6532E-02  6.6129E-02
  20022.94  4.0221E-01  1.6088E+00
  20036.29  2.2216E-01  8.8862E-01
  20049.65  2.9790E-03  1.1916E-02
  20063.02  3.9435E-01  1.5774E+00
  20076.40  4.6774E-01  1.8709E+00
  20089.79  2.4651E-02  9.8603E-02
  20103.19  3.6042E-01  1.4417E+00
  20116.59  3.8854E-01  1.5541E+00
  20130.01  1.9304E-04  7.7216E-04
  20143.43  4.4744E-01  1.7898E+00
  20156.86  4.5427E-01  1.8171E+00
  20170.31  1.2201E-02  4.8802E-02
  20183.76  3.6915E-01  1.4766E+00
  20197.22  2.7271E-01  1.0909E+00
  20210.69  2.1308E-01  8.5232E-01
  20224.16  4.5911E-01  1.8364E+00
  20237.65  2.0550E-01  8.2199E-01
  20251.15  2.6670E-02  1.0668E-01
  20264.65  3.0137E-01  1.2055E+00
  20278.16  4.4678E-01  1.7871E+00
  20291.69  5.0372E-03  2.0149E-02
  20305.22  4.0865E-01  1.6346E+00
  20318.76  4.2533E-01  1.7013E+00
  20332.31  3.1499E-01  1.2599E+00
  20345.87  4.2106E-01  1.6843E+00
  20359.44  4.3488E-01  1.7395E+00
  20373.01  1.0630E-01  4.2520E-01
  20386.60  3.5176E-01  1.4070E+00
  20400.19  3.1239E-01  1.2496E+00
  20413.80  1.7360E-01  6.9440E-01
  20427.41  4.0393E-01  1.6157E+00
  20441.03  4.1125E-01  1.6450E+00
  20454.67  3.9248E-01  1.5699E+00
  20468.31  4.3724E-01  1.7490E+00
  20481.96  4.3991E-01  1.7596E+00
  20495.61  3.9203E-01  1.5681E+00
  20509.28  4.1436E-01  1.6575E+00
  20522.96  4.2869E-01  1.7148E+00
  20536.65  3.9528E-01  1.5811E+00
  20550.34  4.2031E-01  1.6812E+00
  20564.05  3.8868E-01  1.5547E+00
  20577.76  4.0191E-01  1.6077E+00
  20591.48  4.1730E-01  1.6692E+00
  20605.21  4.2619E-01  1.7048E+00
  20618.95  4.1897E-01  1.6759E+00
  20632.70  4.2489E-01  1.6996E+00
  20646.46  4.1712E-01  1.6685E+00
  20660.23  4.0900E-01  1.6360E+00
  20674.01  4.0473E-01  1.6189E+00
  20687.80  4.2376E-01  1.6950E+00
  20701.59  4.1076E-01  1.6430E+00
  20715.40  3.5263E-01  1.4105E+00
  20729.21  3.7092E-01  1.4837E+00
  20743.04  4.2012E-01  1.6805E+00
  20756.87  3.9727E-01  1.5891E+00
  20770.71  3.9999E-01  1.6000E+00
  20784.56  4.1647E-01  1.6659E+00
  20798.42  4.2285E-01  1.6914E+00
  20812.29  3.7914E-01  1.5166E+00
  20826.17  4.1739E-01  1.6696E+00
  20840.06  4.1540E-01  1.6616E+00
  20853.96  4.1229E-01  1.6491E+00
  20867.86  4.1795E-01  1.6718E+00
  20881.78  4.1263E-01  1.6505E+00
  20895.71  4.0378E-01  1.6151E+00
  20909.64  4.1605E-01  1.6642E+00
  20923.58  4.0920E-01  1.6368E+00
  20937.54  4.1149E-01  1.6459E+00
  20951.50  4.1756E-01  1.6702E+00
  20965.47  4.1038E-01  1.6415E+00
  20979.45  4.0057E-01  1.6023E+00
  20993.44  4.1256E-01  1.6502E+00
  21007.44  4.1102E-01  1.6441E+00
  21021.45  4.0608E-01  1.6243E+00
  21035.47  4.0734E-01  1.6294E+00
  21049.50  4.0577E-01  1.6231E+00
  21063.54  3.6468E-01  1.4587E+00
  21077.58  4.0514E-01  1.6206E+00
  21091.64  4.0207E-01  1.6083E+00
  21105.70  4.0617E-01  1.6247E+00
  21119.78  4.0248E-01  1.6099E+00
  21133.86  4.0526E-01  1.6211E+00
  21147.96  4.0200E-01  1.6080E+00
  21162.06  3.7548E-01  1.5019E+00
  21176.17  3.8661E-01  1.5464E+00
  21190.29  3.4253E-01  1.3701E+00
  21204.42  3.8226E-01  1.5291E+00
  21218.56  3.8419E-01  1.5368E+00
  21232.71  4.0029E-01  1.6011E+00
  21246.87  3.9441E-01  1.5777E+00
  21261.04  3.9697E-01  1.5879E+00
  21275.22  3.7816E-01  1.5126E+00
  21289.41  3.9643E-01  1.5857E+00
  21303.61  3.9614E-01  1.5846E+00
  21317.81  3.9733E-01  1.5893E+00
  21332.03  3.9316E-01  1.5726E+00
  21346.25  3.8985E-01  1.5594E+00
  21360.49  3.7807E-01  1.5123E+00
  21374.73  3.8481E-01  1.5393E+00
  21388.99  3.7456E-01  1.4982E+00
  21403.25  3.9007E-01  1.5603E+00
  21417.52  3.4363E-01  1.3745E+00
  21431.81  3.8854E-01  1.5541E+00
  21446.10  3.8069E-01  1.5228E+00
  21460.40  3.7577E-01  1.5031E+00
  21474.71  3.8338E-01  1.5335E+00
  21489.03  3.7803E-01  1.5121E+00
  21503.36  3.7715E-01  1.5086E+00
  21517.70  2.4037E-01  9.6147E-01
  21532.05  3.8073E-01  1.5229E+00
  21546.41  3.3903E-01  1.3561E+00
  21560.78  3.7054E-01  1.4821E+00
  21575.16  3.7471E-01  1.4989E+00
  21589.55  3.6728E-01  1.4691E+00
  21603.94  3.6420E-01  1.4568E+00
  21618.35  3.3372E-01  1.3349E+00
  21632.77  3.7604E-01  1.5041E+00
  21647.19  3.0690E-01  1.2276E+00
  21661.63  3.4912E-01  1.3965E+00
  21676.07  3.4629E-01  1.3852E+00
  21690.53  3.6199E-01  1.4480E+00
  21704.99  3.4431E-01  1.3773E+00
  21719.47  2.8049E-01  1.1220E+00
  21733.95  3.5077E-01  1.4031E+00
  21748.45  3.6559E-01  1.4624E+00
  21762.95  2.6723E-01  1.0689E+00
  21777.46  2.9051E-01  1.1620E+00
  21791.99  2.5773E-01  1.0309E+00
  21806.52  3.6386E-01  1.4554E+00
  21821.06  2.5012E-01  1.0005E+00
  21835.61  3.5711E-01  1.4285E+00
  21850.17  2.2142E-01  8.8566E-01
  21864.74  3.3892E-01  1.3557E+00
  21879.32  3.5309E-01  1.4124E+00
  21893.92  2.9844E-01  1.1937E+00
  21908.52  3.3732E-01  1.3493E+00
  21923.13  3.4523E-01  1.3809E+00
  21937.75  2.9911E-01  1.1964E+00
  21952.38  7.2169E-04  2.8868E-03
  21967.01  3.1136E-01  1.2454E+00
  21981.66  2.8751E-01  1.1500E+00
  21996.32  2.8029E-02  1.1212E-01
  22010.99  2.7780E-01  1.1112E+00
  22025.67  6.5411E-02  2.6164E-01
  22040.36  3.0076E-01  1.2031E+00
  22055.06  3.3031E-01  1.3212E+00
  22069.76  5.7192E-03  2.2877E-02
  22084.48  2.6590E-01  1.0636E+00
  22099.21  1.3528E-05  5.4114E-05
  22113.95  2.8562E-01  1.1425E+00
  22128.69  3.0468E-01  1.2187E+00
  22143.45  3.3273E-01  1.3309E+00
  22158.22  1.9159E-02  7.6637E-02
  22172.99  1.0708E-01  4.2833E-01
  22187.78  3.3224E-01  1.3289E+00
  22202.58  3.3805E-01  1.3522E+00
  22217.38  2.8262E-01  1.1305E+00
  22232.20  5.6575E-06  2.2630E-05
  22247.02  2.2534E-01  9.0137E-01
  22261.86  2.5369E-01  1.0148E+00
  22276.71  2.9394E-01  1.1757E+00
  22291.56  2.7944E-01  1.1178E+00
  22306.43  2.7357E-01  1.0943E+00
  22321.30  8.2302E-02  3.2921E-01
  22336.19  2.0910E-01  8.3641E-01
  22351.08  3.2599E-01  1.3040E+00
  22365.99  6.0930E-02  2.4372E-01
  22380.90  2.2760E-01  9.1040E-01
  22395.83  1.6512E-02  6.6050E-02
  22410.76  8.4933E-02  3.3973E-01
  22425.71  2.9075E-01  1.1630E+00
  22440.66  1.9102E-01  7.6409E-01
  22455.63  6.6897E-02  2.6759E-01
  22470.60  3.5873E-02  1.4349E-01
  22485.59  1.5998E-01  6.3992E-01
  22500.58  2.2352E-01  8.9410E-01
  22515.59  1.6731E-01  6.6924E-01
  22530.60  9.3673E-02  3.7469E-01
  22545.63  1.2751E-01  5.1005E-01
  22560.66  9.3291E-02  3.7316E-01
  22575.71  2.6963E-01  1.0785E+00
  22590.76  2.5655E-01  1.0262E+00
  22605.83  2.4440E-01  9.7761E-01
  22620.90  3.1806E-06  1.2723E-05
  22635.99  1.4278E-03  5.7113E-03
  22651.08  1.3374E-01  5.3495E-01
  22666.19  2.6807E-01  1.0723E+00
  22681.30  1.9407E-01  7.7629E-01
  22696.43  1.6989E-01  6.7955E-01
  22711.56  1.1702E-01  4.6810E-01
  22726.71  7.9225E-02  3.1690E-01
  22741.86  2.2893E-01  9.1574E-01
  22757.03  2.5716E-01  1.0286E+00
  22772.21  1.3758E-03  5.5033E-03
  22787.39  2.7106E-01  1.0842E+00
  22802.59  3.4815E-06  1.3926E-05
  22817.80  6.0784E-02  2.4314E-01
  22833.01  1.6982E-01  6.7927E-01
  22848.24  1.8964E-01  7.5857E-01
  22863.47  1.5166E-01  6.0663E-01
  22878.72  2.9954E-01  1.1981E+00
  22893.98  2.7202E-02  1.0881E-01
  22909.25  6.3020E-02  2.5208E-01
  22924.52  4.2304E-02  1.6922E-01
  22939.81  3.0276E-05  1.2110E-04
  22955.11  9.8243E-02  3.9297E-01
  22970.42  2.5562E-01  1.0225E+00
  22985.73  8.7519E-04  3.5008E-03
  23001.06  2.1330E-03  8.5321E-03
  23016.40  9.9796E-02  3.9918E-01
  23031.75  1.9082E-01  7.6326E-01
  23047.11  1.1681E-01  4.6726E-01
  23062.48  1.7454E-01  6.9817E-01
  23077.86  4.3972E-06  1.7589E-05
  23093.25  2.8443E-01  1.1377E+00
  23108.65  2.6816E-01  1.0726E+00
  23124.06  2.1950E-01  8.7802E-01
  23139.48  2.7661E-01  1.1064E+00
  23154.91  2.8771E-01  1.1508E+00
  23170.35  1.9701E-02  7.8802E-02
  23185.80  5.5246E-03  2.2098E-02
  23201.27  1.9233E-01  7.6931E-01
  23216.74  8.9861E-02  3.5944E-01
  23232.22  1.8134E-01  7.2535E-01
  23247.71  1.6981E-01  6.7923E-01
  23263.22  2.5568E-01  1.0227E+00
  23278.73  1.9643E-01  7.8573E-01
  23294.25  1.1925E-03  4.7701E-03
  23309.79  1.8102E-01  7.2409E-01
  23325.33  6.2474E-02  2.4990E-01
  23340.89  2.4953E-01  9.9812E-01
  23356.45  1.2760E-01  5.1039E-01
  23372.03  2.3315E-01  9.3261E-01
  23387.61  1.2366E-01  4.9462E-01
  23403.21  2.3543E-04  9.4173E-04
  23418.82  4.5776E-03  1.8310E-02
  23434.43  2.4092E-01  9.6369E-01
  23450.06  8.9970E-02  3.5988E-01
  23465.70  1.0448E-01  4.1793E-01
  23481.35  5.1454E-02  2.0582E-01
  23497.01  6.5639E-02  2.6256E-01
  23512.68  2.0577E-01  8.2310E-01
  23528.36  2.0644E-01  8.2576E-01
  23544.05  1.6873E-01  6.7490E-01
  23559.75  3.7344E-03  1.4938E-02
  23575.46  2.7487E-01  1.0995E+00
  23591.18  1.7573E-01  7.0292E-01
  23606.91  1.1984E-01  4.7937E-01
  23622.66  2.6387E-01  1.0555E+00
  23638.41  1.2846E-02  5.1383E-02
  23654.17  2.6643E-01  1.0657E+00
  23669.95  2.7526E-01  1.1010E+00
  23685.73  5.4973E-02  2.1989E-01
  23701.53  1.7820E-05  7.1281E-05
  23717.33  8.7154E-03  3.4862E-02
  23733.15  4.5075E-04  1.8030E-03
  23748.98  2.5447E-01  1.0179E+00
  23764.81  2.5516E-01  1.0207E+00
  23780.66  6.4953E-02  2.5981E-01
  23796.52  1.6343E-01  6.5370E-01
  23812.39  2.7348E-01  1.0939E+00
  23828.27  5.4742E-02  2.1897E-01
  23844.16  2.5437E-01  1.0175E+00
  23860.06  1.8629E-01  7.4516E-01
  23875.97  1.9341E-01  7.7365E-01
  23891.89  9.8847E-02  3.9539E-01
  23907.83  2.4763E-01  9.9052E-01
  23923.77  1.7896E-01  7.1584E-01
  23939.72  2.3770E-01  9.5079E-01
  23955.69  7.6708E-02  3.0683E-01
  23971.66  2.4499E-01  9.7996E-01
  23987.65  1.1049E-01  4.4196E-01
  24003.64  1.0311E-01  4.1243E-01
  24019.65  2.3424E-01  9.3695E-01
  24035.67  2.4793E-01  9.9174E-01
  24051.70  2.6426E-01  1.0571E+00
  24067.74  2.3726E-01  9.4906E-01
  24083.79  2.6283E-01  1.0513E+00
  24099.85  2.4137E-01  9.6548E-01
  24115.92  2.5617E-01  1.0247E+00
  24132.00  1.5617E-01  6.2467E-01
  24148.09  2.6022E-01  1.0409E+00
  24164.20  2.5882E-01  1.0353E+00
  24180.31  1.0908E-01  4.3632E-01
  24196.44  2.3009E-01  9.2035E-01
  24212.57  1.4754E-01  5.9015E-01
  24228.72  2.3603E-01  9.4412E-01
  24244.88  1.0681E-01  4.2724E-01
  24261.05  1.5342E-01  6.1367E-01
  24277.22  8.4396E-02  3.3758E-01
  24293.41  2.2872E-01  9.1490E-01
  24309.61  2.3630E-01  9.4520E-01
  24325.83  2.2792E-01  9.1167E-01
  24342.05  1.2668E-01  5.0671E-01
  24358.28  2.3244E-01  9.2977E-01
  24374.52  1.2201E-01  4.8803E-01
  24390.78  2.2958E-01  9.1833E-01
  24407.04  2.3264E-01  9.3057E-01
  24423.32  2.1920E-01  8.7679E-01
  24439.61  1.3451E-01  5.3804E-01
  24455.91  1.8416E-01  7.3665E-01
  24472.21  1.3956E-04  5.5826E-04
  24488.53  2.4555E-01  9.8218E-01
  24504.87  2.4405E-01  9.7620E-01
  24521.21  1.9770E-01  7.9079E-01
  24537.56  3.4148E-03  1.3659E-02
  24553.92  2.3150E-01  9.2599E-01
  24570.30  2.4172E-01  9.6688E-01
  24586.68  1.8656E-01  7.4623E-01
  24603.08  2.4118E-01  9.6471E-01
  24619.48  1.5834E-01  6.3336E-01
  24635.90  2.3758E-01  9.5033E-01
  24652.33  2.1082E-01  8.4327E-01
  24668.77  2.4073E-01  9.6292E-01
  24685.22  2.2977E-01  9.1907E-01
  24701.68  2.4203E-01  9.6814E-01
  24718.16  2.2985E-01  9.1939E-01
  24734.64  2.3737E-01  9.4948E-01
  24751.13  7.2268E-02  2.8907E-01
  24767.64  2.3476E-01  9.3903E-01
  24784.16  1.8400E-01  7.3599E-01
  24800.68  2.3635E-01  9.4539E-01
  24817.22  2.4394E-01  9.7575E-01
  24833.77  2.0504E-01  8.2018E-01
  24850.33  2.3615E-01  9.4461E-01
  24866.91  2.3142E-01  9.2569E-01
  24883.49  2.3249E-01  9.2995E-01
  24900.08  1.5034E-01  6.0136E-01
  24916.69  2.0833E-01  8.3331E-01
  24933.30  2.1203E-01  8.4812E-01
  24949.93  2.3970E-01  9.5880E-01
  24966.57  2.3887E-01  9.5547E-01
  24983.22  1.8724E-01  7.4895E-01
  24999.88  1.8292E-01  7.3168E-01
  25016.55  1.9279E-01  7.7115E-01
  25033.23  2.1417E-01  8.5669E-01
  25049.93  2.2996E-01  9.1984E-01
  25066.63  2.2533E-01  9.0133E-01
  25083.35  1.8505E-01  7.4022E-01
  25100.08  2.2165E-01  8.8658E-01
  25116.81  1.9228E-01  7.6914E-01
  25133.56  1.0875E-01  4.3499E-01
  25150.32  1.5505E-01  6.2022E-01
  25167.10  2.0459E-01  8.1835E-01
  25183.88  1.3197E-01  5.2789E-01
  25200.67  1.8613E-01  7.4454E-01
  25217.48  1.0609E-01  4.2435E-01
  25234.30  2.2223E-01  8.8893E-01
  25251.12  2.1968E-01  8.7872E-01
  25267.96  2.0091E-01  8.0366E-01
  25284.81  2.1217E-01  8.4867E-01
  25301.68  2.0249E-01  8.0994E-01
  25318.55  1.2976E-02  5.1904E-02
  25335.43  2.1041E-01  8.4164E-01
  25352.33  2.1298E-01  8.5191E-01
  25369.23  1.8301E-01  7.3205E-01
  25386.15  2.1914E-05  8.7657E-05
  25403.08  2.1053E-01  8.4212E-01
  25420.02  2.0602E-01  8.2409E-01
  25436.97  1.6098E-01  6.4391E-01
  25453.94  2.1895E-01  8.7580E-01
  25470.91  1.6667E-01  6.6670E-01
  25487.90  2.2822E-02  9.1288E-02
  25504.89  1.8728E-01  7.4910E-01
  25521.90  1.9750E-01  7.8999E-01
  25538.92  2.0871E-01  8.3483E-01
  25555.95  1.0855E-01  4.3420E-01
  25573.00  1.5166E-01  6.0666E-01
  25590.05  1.1688E-01  4.6754E-01
  25607.11  4.4086E-02  1.7635E-01
  25624.19  2.5415E-05  1.0166E-04
  25641.28  2.1147E-01  8.4588E-01
  25658.38  2.0974E-01  8.3898E-01
  25675.49  1.0039E-01  4.0157E-01
  25692.61  1.6692E-01  6.6767E-01
  25709.74  1.6123E-01  6.4493E-01
  25726.89  1.5654E-01  6.2616E-01
  25744.05  1.9287E-01  7.7149E-01
  25761.21  1.2732E-01  5.0927E-01
  25778.39  1.8673E-01  7.4690E-01
  25795.58  2.8222E-05  1.1289E-04
  25812.79  3.0599E-05  1.2239E-04
  25830.00  1.6827E-01  6.7307E-01
  25847.22  2.1431E-01  8.5723E-01
  25864.46  2.9421E-05  1.1769E-04
  25881.71  1.7911E-01  7.1644E-01
  25898.97  2.1134E-01  8.4537E-01
  25916.24  2.0752E-01  8.3008E-01
  25933.52  2.0767E-01  8.3070E-01
  25950.82  1.0469E-01  4.1875E-01
  25968.12  2.0455E-01  8.1821E-01
  25985.44  2.0481E-01  8.1925E-01
  26002.77  1.0261E-01  4.1044E-01
  26020.11  2.0348E-01  8.1392E-01
  26037.46  2.0814E-01  8.3254E-01
  26054.82  7.0182E-02  2.8073E-01
  26072.20  1.0023E-01  4.0094E-01
  26089.59  1.0037E-01  4.0147E-01
  26106.98  3.3172E-02  1.3269E-01
  26124.39  1.6200E-01  6.4800E-01
  26141.82  1.8417E-01  7.3670E-01
  26159.25  1.8952E-01  7.5807E-01
  26176.69  7.3090E-02  2.9236E-01
  26194.15  1.2944E-01  5.1777E-01
  26211.62  1.2209E-01  4.8837E-01
  26229.10  1.7024E-01  6.8094E-01
  26246.59  2.0011E-01  8.0042E-01
  26264.09  1.8013E-01  7.2051E-01
  26281.61  1.8287E-01  7.3150E-01
  26299.13  1.9838E-01  7.9351E-01
  26316.67  4.0480E-03  1.6192E-02
  26334.22  1.5143E-01  6.0570E-01
  26351.78  1.2081E-01  4.8326E-01
  26369.36  1.5341E-01  6.1363E-01
  26386.94  5.9848E-03  2.3939E-02
  26404.54  2.0057E-03  8.0226E-03
  26422.15  4.0839E-05  1.6335E-04
  26439.77  4.7224E-05  1.8890E-04
  26457.40  4.1671E-05  1.6669E-04
  26475.04  5.7162E-03  2.2865E-02
  26492.70  1.8146E-01  7.2585E-01
  26510.36  1.9681E-01  7.8722E-01
  26528.04  1.0532E-01  4.2126E-01
  26545.73  1.8594E-01  7.4374E-01
  26563.44  1.6648E-01  6.6592E-01
  26581.15  1.9700E-01  7.8801E-01
  26598.88  1.1772E-01  4.7087E-01
  26616.61  1.9506E-01  7.8024E-01
  26634.36  1.9219E-01  7.6876E-01
  26652.12  1.8128E-01  7.2511E-01
  26669.90  4.7002E-05  1.8801E-04
  26687.68  1.9052E-01  7.6207E-01
  26705.48  1.1024E-01  4.4098E-01
  26723.29  1.8653E-01  7.4611E-01
  26741.11  1.8811E-01  7.5243E-01
  26758.94  1.8959E-01  7.5835E-01
  26776.79  1.8655E-01  7.4619E-01
  26794.64  5.1322E-05  2.0529E-04
  26812.51  1.8816E-01  7.5264E-01
  26830.39  8.7780E-05  3.5112E-04
  26848.29  1.7932E-01  7.1727E-01
  26866.19  1.3598E-01  5.4393E-01
  26884.11  1.8731E-01  7.4923E-01
  26902.03  1.8701E-01  7.4806E-01
  26919.97  1.8347E-01  7.3387E-01
  26937.93  5.4536E-05  2.1814E-04
  26955.89  1.6724E-01  6.6896E-01
  26973.87  1.7661E-01  7.0645E-01
  26991.85  1.7529E-01  7.0115E-01
  27009.85  1.8591E-01  7.4363E-01
  27027.87  1.7756E-01  7.1026E-01
  27045.89  1.7049E-01  6.8197E-01
  27063.93  1.7543E-01  7.0173E-01
  27081.97  9.4172E-02  3.7669E-01
  27100.03  2.4289E-02  9.7157E-02
  27118.11  5.7998E-02  2.3199E-01
  27136.19  1.8299E-01  7.3197E-01
  27154.29  4.4013E-02  1.7605E-01
  27172.39  1.7937E-01  7.1746E-01
  27190.52  1.6339E-01  6.5357E-01
  27208.65  1.8009E-01  7.2034E-01
  27226.79  1.7493E-01  6.9970E-01
  27244.95  1.7795E-01  7.1179E-01
  27263.12  1.7845E-01  7.1379E-01
  27281.30  3.4980E-03  1.3992E-02
  27299.49  1.0293E-01  4.1173E-01
  27317.70  1.7581E-01  7.0324E-01
  27335.91  1.7313E-01  6.9251E-01
  27354.14  1.0078E-01  4.0313E-01
  27372.38  1.7666E-01  7.0663E-01
  27390.64  1.4002E-01  5.6009E-01
  27408.90  1.0222E-01  4.0890E-01
  27427.18  7.0916E-05  2.8367E-04
  27445.47  9.2280E-02  3.6912E-01
  27463.78  1.7434E-01  6.9735E-01
  27482.09  1.7264E-01  6.9056E-01
  27500.42  2.7521E-02  1.1009E-01
  27518.76  1.3505E-01  5.4018E-01
  27537.11  1.7389E-01  6.9554E-01
  27555.47  1.7326E-01  6.9306E-01
  27573.85  1.4199E-01  5.6796E-01
  27592.23  6.1950E-04  2.4780E-03
  27610.64  1.7352E-01  6.9407E-01
  27629.05  1.7204E-01  6.8816E-01
  27647.47  1.1323E-01  4.5291E-01
  27665.91  8.0295E-05  3.2118E-04
  27684.36  8.1061E-05  3.2424E-04
  27702.82  1.4046E-01  5.6184E-01
  27721.30  8.2613E-05  3.3045E-04
  27739.78  1.6340E-01  6.5359E-01
  27758.28  1.0102E-02  4.0407E-02
  27776.79  5.5279E-03  2.2111E-02
  27795.31  1.5499E-01  6.1994E-01
  27813.85  6.8319E-02  2.7327E-01
  27832.40  1.6685E-01  6.6738E-01
  27850.96  1.4770E-01  5.9081E-01
  27869.53  9.4977E-03  3.7991E-02
  27888.12  9.5964E-02  3.8386E-01
  27906.71  1.1626E-01  4.6504E-01
  27925.32  1.6198E-01  6.4793E-01
  27943.95  1.2794E-01  5.1176E-01
  27962.58  1.6496E-01  6.5984E-01
  27981.23  3.5808E-04  1.4323E-03
  27999.89  1.5164E-01  6.0656E-01
  28018.56  9.9752E-02  3.9901E-01
  28037.25  9.6929E-05  3.8771E-04
  28055.94  1.5944E-01  6.3777E-01
  28074.65  8.6010E-03  3.4404E-02
  28093.37  1.5742E-01  6.2968E-01
  28112.11  1.0061E-04  4.0243E-04
  28130.86  9.9833E-02  3.9933E-01
  28149.62  1.4122E-02  5.6490E-02
  28168.39  1.5966E-01  6.3866E-01
  28187.17  6.4868E-02  2.5947E-01
  28205.97  1.0538E-04  4.2153E-04
  28224.78  1.0636E-04  4.2544E-04
  28243.60  1.7986E-02  7.1944E-02
  28262.44  1.5063E-01  6.0252E-01
  28281.28  1.3689E-02  5.4754E-02
  28300.14  8.8342E-02  3.5337E-01
  28319.02  1.2015E-01  4.8060E-01
  28337.90  1.4534E-01  5.8135E-01
  28356.80  1.9146E-02  7.6585E-02
  28375.71  1.2769E-04  5.1077E-04
  28394.63  9.0948E-02  3.6379E-01
  28413.57  7.7070E-02  3.0828E-01
  28432.51  1.1769E-04  4.7077E-04
  28451.48  1.5696E-01  6.2785E-01
  28470.45  1.4088E-01  5.6353E-01
  28489.43  2.6373E-03  1.0549E-02
  28508.43  8.9147E-02  3.5659E-01
  28527.44  1.4220E-02  5.6880E-02
  28546.47  3.7262E-02  1.4905E-01
  28565.51  1.3993E-01  5.5971E-01
  28584.55  1.0698E-01  4.2792E-01
  28603.62  1.5203E-01  6.0814E-01
  28622.69  1.2891E-04  5.1565E-04
  28641.78  1.1654E-01  4.6615E-01
  28660.88  1.1799E-01  4.7198E-01
  28679.99  7.7638E-02  3.1055E-01
  28699.12  1.4317E-01  5.7268E-01
  28718.26  1.3488E-04  5.3952E-04
  28737.41  1.4634E-01  5.8537E-01
  28756.57  1.4150E-01  5.6599E-01
  28775.75  1.3858E-04  5.5431E-04
  28794.94  1.4661E-01  5.8642E-01
  28814.14  1.4109E-04  5.6437E-04
  28833.36  1.4101E-01  5.6405E-01
  28852.58  1.4915E-01  5.9659E-01
  28871.82  1.4802E-01  5.9207E-01
  28891.08  1.1209E-01  4.4834E-01
  28910.35  7.4555E-02  2.9822E-01
  28929.62  1.3630E-01  5.4518E-01
  28948.92  2.0862E-02  8.3447E-02
  28968.22  3.9998E-03  1.5999E-02
  28987.54  3.3416E-04  1.3367E-03
  29006.87  5.9587E-02  2.3835E-01
  29026.21  3.3251E-04  1.3300E-03
  29045.57  2.8769E-02  1.1507E-01
  29064.94  1.1344E-01  4.5374E-01
  29084.32  2.0179E-03  8.0718E-03
  29103.72  1.4288E-01  5.7154E-01
  29123.13  8.9252E-02  3.5701E-01
  29142.55  1.4013E-01  5.6051E-01
  29161.98  1.3509E-01  5.4038E-01
  29181.43  8.0874E-04  3.2349E-03
  29200.89  9.4064E-02  3.7626E-01
  29220.36  1.6641E-02  6.6564E-02
  29239.85  5.1286E-02  2.0514E-01
  29259.35  4.6028E-02  1.8411E-01
  29278.86  1.9311E-04  7.7243E-04
  29298.38  1.7640E-04  7.0562E-04
  29317.92  2.0745E-03  8.2979E-03
  29337.47  1.4005E-01  5.6019E-01
  29357.04  1.2799E-01  5.1194E-01
  29376.62  1.3023E-01  5.2094E-01
  29396.21  2.4731E-02  9.8926E-02
  29415.81  5.7429E-02  2.2972E-01
  29435.43  1.8732E-04  7.4929E-04
  29455.05  1.0834E-01  4.3338E-01
  29474.70  1.1733E-01  4.6933E-01
  29494.35  1.3011E-01  5.2045E-01
  29514.02  1.2528E-01  5.0111E-01
  29533.70  1.3333E-01  5.3331E-01
  29553.40  5.4135E-02  2.1654E-01
  29573.11  5.4789E-02  2.1916E-01
  29592.83  1.3081E-02  5.2324E-02
  29612.56  1.1733E-01  4.6931E-01
  29632.31  6.4578E-02  2.5831E-01
  29652.07  7.6057E-02  3.0423E-01
  29671.85  6.9870E-02  2.7948E-01
  29691.63  4.5019E-02  1.8008E-01
  29711.43  6.5629E-03  2.6251E-02
  29731.25  8.8314E-02  3.5325E-01
  29751.07  4.9981E-02  1.9992E-01
  29770.91  9.4675E-02  3.7870E-01
  29790.77  1.0165E-01  4.0660E-01
  29810.63  7.5385E-02  3.0154E-01
  29830.51  7.9514E-02  3.1806E-01
  29850.41  6.5956E-02  2.6382E-01
  29870.31  1.2819E-01  5.1276E-01
  29890.23  1.3115E-01  5.2460E-01
  29910.16  9.6924E-02  3.8770E-01
  29930.11  9.6753E-02  3.8701E-01
  29950.07  1.3048E-01  5.2193E-01
  29970.04  3.2635E-04  1.3054E-03
  29990.03  2.3843E-04  9.5371E-04
  30010.03  2.4046E-04  9.6185E-04
  30030.04  2.6842E-03  1.0737E-02
  30050.07  6.1367E-04  2.4547E-03
  30070.11  2.9159E-02  1.1663E-01
  30090.16  7.3620E-04  2.9448E-03
  30110.22  1.0138E-01  4.0552E-01
  30130.30  6.2574E-02  2.5030E-01
  30150.40  1.2375E-01  4.9498E-01
  30170.50  4.3094E-04  1.7238E-03
  30190.62  5.0434E-02  2.0174E-01
  30210.76  6.0314E-02  2.4125E-01
  30230.90  1.1919E-02  4.7677E-02
  30251.06  1.2186E-01  4.8744E-01
  30271.24  1.3141E-02  5.2565E-02
  30291.42  1.1529E-01  4.6115E-01
  30311.62  8.1324E-02  3.2529E-01
  30331.84  6.6185E-02  2.6474E-01
  30352.06  7.9975E-02  3.1990E-01
  30372.31  1.2242E-01  4.8970E-01
  30392.56  9.6229E-02  3.8492E-01
  30412.83  7.7939E-02  3.1175E-01
  30433.11  8.6477E-02  3.4591E-01
  30453.40  7.8748E-02  3.1499E-01
  30473.71  8.3182E-02  3.3273E-01
  30494.03  3.6775E-02  1.4710E-01
  30514.37  2.9802E-04  1.1921E-03
  30534.72  2.5986E-02  1.0394E-01
  30555.08  1.1997E-01  4.7988E-01
  30575.46  7.6584E-02  3.0633E-01
  30595.85  8.5049E-02  3.4020E-01
  30616.25  2.6420E-02  1.0568E-01
  30636.67  4.9683E-02  1.9873E-01
  30657.10  7.5352E-02  3.0141E-01
  30677.54  8.7072E-02  3.4829E-01
  30698.00  3.5699E-02  1.4280E-01
  30718.47  6.6884E-02  2.6754E-01
  30738.96  1.1874E-01  4.7497E-01
  30759.45  7.4031E-02  2.9612E-01
  30779.97  7.7632E-04  3.1053E-03
  30800.49  7.5880E-02  3.0352E-01
  30821.03  1.0571E-01  4.2283E-01
  30841.59  4.5903E-03  1.8361E-02
  30862.15  3.4122E-04  1.3649E-03
  30882.74  7.2463E-02  2.8985E-01
  30903.33  2.4517E-02  9.8069E-02
  30923.94  7.0258E-02  2.8103E-01
  30944.56  1.1506E-02  4.6022E-02
  30965.20  4.0217E-02  1.6087E-01
  30985.85  1.0853E-01  4.3413E-01
  31006.51  1.0640E-01  4.2560E-01
  31027.19  1.6931E-03  6.7726E-03
  31047.88  5.1023E-02  2.0409E-01
  31068.58  1.2043E-02  4.8172E-02
  31089.30  3.4558E-02  1.3823E-01
  31110.03  1.1355E-01  4.5421E-01
  31130.78  5.6799E-04  2.2720E-03
  31151.54  4.9764E-03  1.9906E-02
  31172.31  1.1027E-01  4.4109E-01
  31193.10  1.1020E-01  4.4079E-01
  31213.90  8.1481E-02  3.2593E-01
  31234.72  8.8398E-02  3.5359E-01
  31255.55  5.3802E-02  2.1521E-01
  31276.39  1.1045E-01  4.4181E-01
  31297.25  1.0269E-01  4.1078E-01
  31318.12  7.2395E-02  2.8958E-01
  31339.00  6.0260E-02  2.4104E-01
  31359.90  1.0965E-01  4.3858E-01
  31380.82  1.0108E-01  4.0433E-01
  31401.74  1.0183E-01  4.0734E-01
  31422.68  5.6282E-02  2.2513E-01
  31443.64  9.5963E-02  3.8385E-01
  31464.61  1.4795E-02  5.9179E-02
  31485.59  7.3198E-02  2.9279E-01
  31506.59  7.5065E-04  3.0026E-03
  31527.60  3.4333E-02  1.3733E-01
  31548.62  7.8434E-02  3.1373E-01
  31569.66  9.6342E-02  3.8537E-01
  31590.71  4.2505E-02  1.7002E-01
  31611.78  4.8547E-02  1.9419E-01
  31632.86  7.0778E-04  2.8311E-03
  31653.96  8.4818E-02  3.3927E-01
  31675.07  2.5193E-02  1.0077E-01
  31696.19  3.5338E-02  1.4135E-01
  31717.33  9.0993E-02  3.6397E-01
  31738.48  3.0327E-02  1.2131E-01
  31759.64  1.0088E-01  4.0351E-01
  31780.82  4.2787E-02  1.7115E-01
  31802.01  7.7456E-02  3.0982E-01
  31823.22  1.0180E-01  4.0720E-01
  31844.44  9.6830E-02  3.8732E-01
  31865.68  4.3029E-02  1.7211E-01
  31886.93  6.8072E-03  2.7229E-02
  31908.19  6.0605E-02  2.4242E-01
  31929.47  5.1250E-04  2.0500E-03
  31950.77  1.0583E-01  4.2330E-01
  31972.07  7.8747E-02  3.1499E-01
  31993.39  1.1546E-02  4.6183E-02
  32014.73  8.8443E-02  3.5377E-01
  32036.08  1.0035E-01  4.0140E-01
  32057.44  9.5484E-02  3.8194E-01
  32078.82  9.7850E-02  3.9140E-01
  32100.21  5.8883E-02  2.3553E-01
  32121.62  8.2105E-02  3.2842E-01
  32143.04  5.3196E-02  2.1278E-01
  32164.48  8.2393E-03  3.2957E-02
  32185.93  7.8917E-02  3.1567E-01
  32207.39  1.5867E-02  6.3469E-02
  32228.87  9.0582E-02  3.6233E-01
  32250.36  8.4856E-02  3.3942E-01
  32271.87  4.9004E-02  1.9602E-01
  32293.39  9.1843E-02  3.6737E-01
  32314.92  4.9119E-02  1.9648E-01
  32336.47  1.6968E-02  6.7871E-02
  32358.04  8.4411E-02  3.3764E-01
  32379.61  6.8090E-02  2.7236E-01
  32401.21  1.4552E-02  5.8209E-02
  32422.81  5.1734E-02  2.0693E-01
  32444.44  4.4835E-02  1.7934E-01
  32466.07  1.1073E-02  4.4291E-02
  32487.72  6.2592E-04  2.5037E-03
  32509.39  4.5842E-02  1.8337E-01
  32531.07  3.7444E-02  1.4977E-01
  32552.76  6.6911E-02  2.6764E-01
  32574.47  8.3673E-02  3.3469E-01
  32596.19  7.5021E-02  3.0009E-01
  32617.93  1.5713E-02  6.2852E-02
  32639.68  9.5294E-02  3.8118E-01
  32661.45  6.4303E-02  2.5721E-01
  32683.23  9.7889E-02  3.9156E-01
  32705.02  7.0704E-04  2.8282E-03
  32726.83  6.7486E-02  2.6994E-01
  32748.66  3.4713E-02  1.3885E-01
  32770.50  9.2130E-02  3.6852E-01
  32792.35  7.1990E-02  2.8796E-01
  32814.22  9.4229E-02  3.7691E-01
  32836.10  5.8771E-02  2.3509E-01
  32858.00  6.7224E-02  2.6890E-01
  32879.91  9.6593E-02  3.8637E-01
  32901.84  4.1042E-02  1.6417E-01
  32923.78  9.4098E-02  3.7639E-01
  32945.73  9.2629E-02  3.7052E-01
  32967.71  9.1660E-02  3.6664E-01
  32989.69  8.9182E-02  3.5673E-01
  33011.69  8.4538E-02  3.3815E-01
  33033.70  7.8574E-02  3.1430E-01
  33055.73  9.3214E-02  3.7286E-01
  33077.78  9.2137E-02  3.6855E-01
  33099.84  7.7242E-04  3.0897E-03
  33121.91  7.6765E-02  3.0706E-01
  33144.00  6.2073E-02  2.4829E-01
  33166.10  7.8932E-04  3.1573E-03
  33188.22  7.9515E-04  3.1806E-03
  33210.35  7.9738E-02  3.1895E-01
  33232.50  8.0694E-04  3.2278E-03
  33254.66  2.1527E-02  8.6108E-02
  33276.83  4.4617E-02  1.7847E-01
  33299.02  7.2226E-02  2.8890E-01
  33321.23  2.5216E-02  1.0086E-01
  33343.45  8.3707E-04  3.3483E-03
  33365.69  1.4475E-03  5.7898E-03
  33387.94  4.5817E-02  1.8327E-01
  33410.20  1.0535E-02  4.2141E-02
  33432.48  4.3155E-02  1.7262E-01
  33454.78  8.6817E-04  3.4727E-03
  33477.09  6.1036E-02  2.4414E-01
  33499.41  6.3729E-03  2.5492E-02
  33521.75  5.0250E-02  2.0100E-01
  33544.11  5.4121E-03  2.1648E-02
  33566.48  9.3706E-04  3.7482E-03
  33588.86  7.6419E-03  3.0568E-02
  33611.26  4.1155E-03  1.6462E-02
  33633.67  3.7370E-02  1.4948E-01
  33656.10  2.7323E-02  1.0929E-01
  33678.55  5.7563E-02  2.3025E-01
  33701.01  2.3892E-02  9.5568E-02
  33723.48  5.5351E-02  2.2141E-01
  33745.97  3.5824E-02  1.4330E-01
  33768.47  8.1850E-02  3.2740E-01
  33790.99  2.9473E-03  1.1789E-02
  33813.53  2.9171E-02  1.1669E-01
  33836.08  9.8616E-04  3.9447E-03
  33858.64  2.7732E-03  1.1093E-02
  33881.22  1.1601E-02  4.6406E-02
  33903.81  5.4508E-02  2.1803E-01
  33926.42  6.7298E-02  2.6919E-01
  33949.05  1.4321E-03  5.7283E-03
  33971.69  2.4014E-02  9.6057E-02
  33994.34  2.4070E-02  9.6279E-02
  34017.01  5.1942E-02  2.0777E-01
  34039.70  1.2314E-03  4.9256E-03
  34062.40  3.7779E-02  1.5112E-01
  34085.11  4.9710E-02  1.9884E-01
  34107.84  4.8790E-02  1.9516E-01
  34130.59  5.1872E-02  2.0749E-01
  34153.35  2.1968E-02  8.7873E-02
  34176.12  5.9799E-02  2.3919E-01
  34198.91  3.2882E-03  1.3153E-02
  34221.72  3.0506E-02  1.2202E-01
  34244.54  4.3049E-02  1.7220E-01
  34267.38  6.5291E-02  2.6116E-01
  34290.23  6.9176E-02  2.7671E-01
  34313.10  5.6650E-02  2.2660E-01
  34335.98  7.1580E-02  2.8632E-01
  34358.88  2.9103E-02  1.1641E-01
  34381.79  1.1860E-02  4.7441E-02
  34404.72  1.1713E-03  4.6853E-03
  34427.66  1.1530E-02  4.6121E-02
  34450.62  5.6561E-03  2.2624E-02
  34473.59  6.9215E-02  2.7686E-01
  34496.58  1.2053E-03  4.8213E-03
  34519.59  6.3727E-02  2.5491E-01
  34542.61  9.1200E-03  3.6480E-02
  34565.64  4.0690E-03  1.6276E-02
  34588.69  5.9942E-02  2.3977E-01
  34611.76  4.5759E-02  1.8304E-01
  34634.84  1.5191E-02  6.0765E-02
  34657.94  1.7198E-03  6.8794E-03
  34681.05  6.5263E-02  2.6105E-01
  34704.18  7.0619E-02  2.8248E-01
  34727.32  1.6491E-02  6.5964E-02
  34750.48  4.2134E-02  1.6854E-01
  34773.65  1.3130E-03  5.2520E-03
  34796.84  2.8430E-02  1.1372E-01
  34820.05  5.7447E-02  2.2979E-01
  34843.27  5.7589E-02  2.3036E-01
  34866.50  4.0339E-02  1.6135E-01
  34889.75  5.4450E-03  2.1780E-02
  34913.02  1.3672E-03  5.4689E-03
  34936.30  6.4534E-02  2.5814E-01
  34959.60  5.5465E-02  2.2186E-01
  34982.92  3.3617E-02  1.3447E-01
  35006.24  5.8562E-03  2.3425E-02
  35029.59  1.4555E-03  5.8219E-03
  35052.95  6.9936E-02  2.7974E-01
  35076.32  6.5334E-02  2.6133E-01
  35099.72  5.9946E-02  2.3978E-01
  35123.12  2.7386E-02  1.0955E-01
  35146.54  4.5263E-02  1.8105E-01
  35169.98  2.5268E-02  1.0107E-01
  35193.44  2.7108E-02  1.0843E-01
  35216.91  4.9589E-02  1.9836E-01
  35240.39  5.7874E-02  2.3150E-01
  35263.89  3.1009E-02  1.2404E-01
  35287.41  5.7136E-02  2.2854E-01
  35310.94  6.7495E-02  2.6998E-01
  35334.49  5.4614E-02  2.1845E-01
  35358.05  3.1241E-02  1.2496E-01
  35381.63  7.3666E-02  2.9466E-01
  35405.22  7.5123E-02  3.0049E-01
  35428.84  5.6944E-02  2.2777E-01
  35452.46  1.8655E-03  7.4621E-03
  35476.10  3.1094E-02  1.2438E-01
  35499.76  3.5117E-03  1.4047E-02
  35523.44  7.0795E-02  2.8318E-01
  35547.12  6.2876E-02  2.5150E-01
  35570.83  7.1828E-02  2.8731E-01
  35594.55  7.4717E-02  2.9887E-01
  35618.29  7.5254E-02  3.0101E-01
  35642.04  3.8179E-02  1.5272E-01
  35665.81  6.9280E-02  2.7712E-01
  35689.59  6.9064E-02  2.7626E-01
  35713.39  6.9435E-02  2.7774E-01
  35737.21  7.4067E-02  2.9627E-01
  35761.04  7.4273E-02  2.9709E-01
  35784.89  7.4069E-02  2.9627E-01
  35808.75  4.4661E-02  1.7864E-01
  35832.63  7.3304E-02  2.9322E-01
  35856.53  7.8691E-03  3.1476E-02
  35880.44  7.1081E-02  2.8432E-01
  35904.37  6.4623E-02  2.5849E-01
  35928.31  3.6413E-02  1.4565E-01
  35952.27  3.2099E-02  1.2840E-01
  35976.25  7.0739E-02  2.8296E-01
  36000.24  3.6897E-02  1.4759E-01
  36024.24  3.5088E-02  1.4035E-01
  36048.27  5.2157E-02  2.0863E-01
  36072.31  5.9292E-02  2.3717E-01
  36096.36  7.0458E-02  2.8183E-01
  36120.43  5.7507E-02  2.3003E-01
  36144.52  6.8278E-02  2.7311E-01
  36168.62  7.1129E-02  2.8451E-01
  36192.74  5.9507E-02  2.3803E-01
  36216.88  7.0418E-02  2.8167E-01
  36241.03  4.8945E-02  1.9578E-01
  36265.20  7.0819E-02  2.8328E-01
  36289.38  5.6971E-02  2.2788E-01
  36313.58  7.0620E-02  2.8248E-01
  36337.80  4.6577E-02  1.8631E-01
  36362.03  6.2256E-02  2.4903E-01
  36386.28  6.7794E-02  2.7118E-01
  36410.55  6.9816E-02  2.7926E-01
  36434.83  4.3398E-02  1.7359E-01
  36459.12  4.0095E-02  1.6038E-01
  36483.44  4.2370E-02  1.6948E-01
  36507.77  5.6004E-02  2.2402E-01
  36532.11  2.5601E-02  1.0240E-01
  36556.48  6.9300E-02  2.7720E-01
  36580.85  4.6716E-02  1.8686E-01
  36605.25  3.1747E-02  1.2699E-01
  36629.66  6.7120E-02  2.6848E-01
  36654.09  3.2145E-02  1.2858E-01
  36678.53  3.3824E-02  1.3530E-01
  36702.99  6.8175E-02  2.7270E-01
  36727.47  6.2614E-02  2.5046E-01
  36751.96  6.2575E-02  2.5030E-01
  36776.47  6.7732E-02  2.7093E-01
  36800.99  5.4913E-02  2.1965E-01
  36825.53  6.7006E-02  2.6803E-01
  36850.09  4.2223E-02  1.6889E-01
  36874.66  6.7431E-02  2.6972E-01
  36899.25  3.6636E-02  1.4654E-01
  36923.86  6.4653E-02  2.5861E-01
  36948.49  5.6947E-02  2.2779E-01
  36973.12  2.2700E-02  9.0798E-02
  36997.78  6.6715E-02  2.6686E-01
  37022.45  6.5199E-02  2.6079E-01
  37047.14  6.6379E-02  2.6552E-01
  37071.85  4.7969E-02  1.9187E-01
  37096.57  6.4526E-02  2.5810E-01
  37121.31  2.6034E-02  1.0414E-01
  37146.06  5.5346E-02  2.2138E-01
  37170.83  6.5779E-02  2.6312E-01
  37195.62  3.6063E-02  1.4425E-01
  37220.43  6.3681E-02  2.5472E-01
  37245.25  3.9334E-02  1.5734E-01
  37270.09  6.4985E-02  2.5994E-01
  37294.94  6.4716E-02  2.5886E-01
  37319.81  6.5396E-02  2.6159E-01
  37344.70  6.4697E-02  2.5879E-01
  37369.60  6.5013E-02  2.6005E-01
  37394.52  1.5019E-02  6.0077E-02
  37419.46  6.2006E-02  2.4803E-01
  37444.41  4.1688E-02  1.6675E-01
  37469.38  2.7029E-02  1.0812E-01
  37494.37  5.5978E-02  2.2391E-01
  37519.38  5.8711E-02  2.3484E-01
  37544.40  6.3448E-02  2.5379E-01
  37569.43  6.3981E-02  2.5592E-01
  37594.49  3.3512E-02  1.3405E-01
  37619.56  6.2431E-02  2.4972E-01
  37644.64  4.5086E-02  1.8034E-01
  37669.75  4.3922E-02  1.7569E-01
  37694.87  5.8285E-02  2.3314E-01
  37720.01  1.7069E-02  6.8276E-02
  37745.16  5.2838E-02  2.1135E-01
  37770.33  6.0463E-02  2.4185E-01
  37795.52  2.4871E-02  9.9483E-02
  37820.72  4.4163E-02  1.7665E-01
  37845.95  5.9248E-02  2.3699E-01
  37871.18  4.7667E-02  1.9067E-01
  37896.44  4.5698E-02  1.8279E-01
  37921.71  5.0109E-02  2.0044E-01
  37947.00  5.4672E-02  2.1869E-01
  37972.30  3.6152E-02  1.4461E-01
  37997.63  4.9917E-02  1.9967E-01
  38022.97  6.0728E-02  2.4291E-01
  38048.32  3.4208E-02  1.3683E-01
  38073.70  4.0678E-02  1.6271E-01
  38099.09  6.1321E-02  2.4528E-01
  38124.49  6.0884E-02  2.4354E-01
  38149.92  6.0988E-02  2.4395E-01
  38175.36  6.0887E-02  2.4355E-01
  38200.82  6.0818E-02  2.4327E-01
  38226.29  5.9975E-02  2.3990E-01
  38251.78  5.5277E-02  2.2111E-01
  38277.29  5.9446E-02  2.3778E-01
  38302.82  6.0701E-02  2.4280E-01
  38328.36  5.9779E-02  2.3912E-01
  38353.92  4.9668E-02  1.9867E-01
  38379.50  5.7216E-02  2.2886E-01
  38405.09  6.0250E-02  2.4100E-01
  38430.70  4.6960E-02  1.8784E-01
  38456.33  5.7477E-02  2.2991E-01
  38481.98  3.7410E-02  1.4964E-01
  38507.64  3.8229E-02  1.5291E-01
  38533.32  5.9471E-02  2.3788E-01
  38559.01  5.7686E-02  2.3075E-01
  38584.73  4.7111E-02  1.8844E-01
  38610.46  5.8312E-02  2.3325E-01
  38636.21  5.3833E-02  2.1533E-01
  38661.97  5.1540E-02  2.0616E-01
  38687.75  3.9035E-02  1.5614E-01
  38713.55  5.8869E-02  2.3548E-01
  38739.37  5.8635E-02  2.3454E-01
  38765.20  5.7825E-02  2.3130E-01
  38791.06  5.6646E-02  2.2658E-01
  38816.92  4.3853E-02  1.7541E-01
  38842.81  5.8155E-02  2.3262E-01
  38868.71  5.7622E-02  2.3049E-01
  38894.63  5.5783E-02  2.2313E-01
  38920.57  3.6075E-02  1.4430E-01
  38946.53  3.7277E-02  1.4911E-01
  38972.50  5.4789E-02  2.1915E-01
  38998.49  4.1541E-02  1.6616E-01
  39024.49  5.0199E-02  2.0080E-01
  39050.52  5.3534E-02  2.1413E-01
  39076.56  5.7097E-02  2.2839E-01
  39102.62  5.5745E-02  2.2298E-01
  39128.69  5.4061E-02  2.1625E-01
  39154.79  5.7387E-02  2.2955E-01
  39180.90  5.6655E-02  2.2662E-01
  39207.03  5.5569E-02  2.2228E-01
  39233.17  5.2565E-02  2.1026E-01
  39259.34  4.0029E-02  1.6011E-01
  39285.52  6.5001E-03  2.6000E-02
  39311.72  5.5139E-02  2.2056E-01
  39337.93  5.1652E-02  2.0661E-01
  39364.16  5.4109E-02  2.1644E-01
  39390.42  5.6000E-02  2.2400E-01
  39416.68  5.4467E-02  2.1787E-01
  39442.97  5.4911E-02  2.1964E-01
  39469.27  5.5641E-02  2.2256E-01
  39495.59  5.4222E-02  2.1689E-01
  39521.93  5.0536E-02  2.0214E-01
  39548.29  4.7568E-02  1.9027E-01
  39574.66  5.5272E-02  2.2109E-01
  39601.05  4.3113E-02  1.7245E-01
  39627.46  4.5722E-02  1.8289E-01
  39653.89  5.5547E-02  2.2219E-01
  39680.33  4.4225E-02  1.7690E-01
  39706.79  3.5848E-02  1.4339E-01
  39733.27  4.4614E-02  1.7846E-01
  39759.77  2.6252E-02  1.0501E-01
  39786.28  5.4912E-02  2.1965E-01
  39812.81  5.3879E-02  2.1552E-01
  39839.36  4.9738E-02  1.9895E-01
  39865.93  3.8380E-02  1.5352E-01
  39892.52  5.2174E-02  2.0870E-01
  39919.12  5.1725E-02  2.0690E-01
  39945.74  5.4367E-02  2.1747E-01
  39972.38  5.4030E-02  2.1612E-01
  39999.04  3.6581E-02  1.4632E-01
  40025.71  5.1897E-02  2.0759E-01
  40052.40  5.3478E-02  2.1391E-01
  40079.11  4.9356E-02  1.9742E-01
  40105.84  5.0506E-02  2.0202E-01
  40132.58  5.3843E-02  2.1537E-01
  40159.35  4.9621E-02  1.9848E-01
  40186.13  5.2718E-02  2.1087E-01
  40212.93  5.0557E-02  2.0223E-01
  40239.74  5.3251E-02  2.1300E-01
  40266.58  4.6790E-02  1.8716E-01
  40293.43  4.0419E-02  1.6167E-01
  40320.30  5.1579E-02  2.0631E-01
  40347.19  5.0411E-02  2.0164E-01
  40374.09  5.4330E-02  2.1732E-01
  40401.02  5.2323E-02  2.0929E-01
  40427.96  2.9135E-02  1.1654E-01
  40454.92  5.2501E-02  2.1000E-01
  40481.90  5.1921E-02  2.0769E-01
  40508.90  5.1208E-02  2.0483E-01
  40535.91  5.2221E-02  2.0889E-01
  40562.94  5.1423E-02  2.0569E-01
  40589.99  4.8506E-02  1.9402E-01
  40617.06  4.8771E-02  1.9508E-01
  40644.15  5.2562E-02  2.1025E-01
  40671.25  5.2237E-02  2.0895E-01
  40698.37  4.6391E-02  1.8557E-01
  40725.51  5.0840E-02  2.0336E-01
  40752.67  3.6669E-02  1.4668E-01
  40779.85  4.8734E-02  1.9493E-01
  40807.04  3.9855E-02  1.5942E-01
  40834.26  5.2021E-02  2.0808E-01
  40861.49  5.1884E-02  2.0753E-01
  40888.74  5.0214E-02  2.0085E-01
  40916.00  4.5634E-02  1.8253E-01
  40943.29  5.1905E-02  2.0762E-01
  40970.59  4.5246E-02  1.8098E-01
  40997.91  5.2099E-02  2.0840E-01
  41025.25  5.1556E-02  2.0622E-01
  41052.61  5.1463E-02  2.0585E-01
  41079.99  5.0042E-02  2.0017E-01
  41107.38  5.2048E-02  2.0819E-01
  41134.80  2.4384E-02  9.7535E-02
  41162.23  5.1283E-02  2.0513E-01
  41189.68  4.8937E-02  1.9575E-01
  41217.15  4.7948E-02  1.9179E-01
  41244.63  5.1503E-02  2.0601E-01
  41272.14  4.9848E-02  1.9939E-01
  41299.66  5.0228E-02  2.0091E-01
  41327.20  4.3768E-02  1.7507E-01
  41354.76  5.0410E-02  2.0164E-01
  41382.34  4.4306E-02  1.7722E-01
  41409.94  5.0306E-02  2.0122E-01
  41437.55  4.8738E-02  1.9495E-01
  41465.18  4.7345E-02  1.8938E-01
  41492.84  4.3638E-02  1.7455E-01
  41520.51  4.4840E-02  1.7936E-01
  41548.19  3.7323E-02  1.4929E-01
  41575.90  4.9622E-02  1.9849E-01
  41603.63  4.8513E-02  1.9405E-01
  41631.37  4.7064E-02  1.8825E-01
  41659.13  4.7741E-02  1.9096E-01
  41686.92  5.8128E-02  2.3251E-01
  41714.71  4.8810E-02  1.9524E-01
  41742.53  4.6145E-02  1.8458E-01
  41770.37  4.7771E-02  1.9108E-01
  41798.22  4.8724E-02  1.9489E-01
  41826.10  4.7956E-02  1.9182E-01
  41853.99  4.9902E-02  1.9961E-01
  41881.90  4.7223E-02  1.8889E-01
  41909.83  4.9168E-02  1.9667E-01
  41937.78  4.5684E-02  1.8273E-01
  41965.75  2.7874E-02  1.1150E-01
  41993.73  4.9610E-02  1.9844E-01
  42021.74  4.5394E-02  1.8158E-01
  42049.76  4.9391E-02  1.9757E-01
  42077.80  3.9442E-02  1.5777E-01
  42105.86  1.6051E-02  6.4203E-02
  42133.94  4.7939E-02  1.9175E-01
  42162.04  4.3604E-02  1.7441E-01
  42190.15  3.9373E-02  1.5749E-01
  42218.29  4.8856E-02  1.9542E-01
  42246.44  4.6486E-02  1.8594E-01
  42274.62  5.0958E-02  2.0383E-01
  42302.81  4.8978E-02  1.9591E-01
  42331.02  4.5222E-02  1.8089E-01
  42359.25  4.8278E-02  1.9311E-01
  42387.50  4.9513E-02  1.9805E-01
  42415.76  5.4935E-02  2.1974E-01
  42444.05  4.8933E-02  1.9573E-01
  42472.35  4.8951E-02  1.9581E-01
  42500.68  1.1086E-01  4.4345E-01
  42529.02  4.6764E-02  1.8706E-01
  42557.38  4.4138E-02  1.7655E-01
  42585.76  4.7756E-02  1.9102E-01
  42614.16  4.5761E-02  1.8304E-01
  42642.58  6.3658E-02  2.5463E-01
  42671.01  4.0457E-02  1.6183E-01
  42699.47  4.8434E-02  1.9374E-01
  42727.94  3.9381E-02  1.5753E-01
  42756.44  4.6260E-02  1.8504E-01
  42784.95  9.8225E-02  3.9290E-01
  42813.48  4.6373E-02  1.8549E-01
  42842.03  4.5209E-02  1.8083E-01
  42870.60  4.7743E-02  1.9097E-01
  42899.19  4.2462E-02  1.6985E-01
  42927.80  4.6561E-02  1.8625E-01
  42956.43  4.6834E-02  1.8734E-01
  42985.07  4.1930E-02  1.6772E-01
  43013.74  5.3082E-02  2.1233E-01
  43042.42  2.2371E-01  8.9486E-01
  43071.13  4.6272E-02  1.8509E-01
  43099.85  4.5425E-02  1.8170E-01
  43128.59  4.6958E-02  1.8783E-01
  43157.35  4.1414E-02  1.6566E-01
  43186.13  4.4060E-02  1.7624E-01
  43214.93  9.3723E-02  3.7489E-01
  43243.75  4.7422E-02  1.8969E-01
  43272.59  4.5732E-02  1.8293E-01
  43301.45  1.6446E-01  6.5782E-01
  43330.32  4.7789E-02  1.9116E-01
  43359.22  9.1314E-02  3.6526E-01
  43388.13  6.1228E-02  2.4491E-01
  43417.07  5.5517E-02  2.2207E-01
  43446.02  5.3914E-02  2.1566E-01
  43474.99  5.2809E-02  2.1124E-01
  43503.98  4.4279E-02  1.7712E-01
  43533.00  2.1200E-01  8.4800E-01
  43562.03  4.5053E-02  1.8021E-01
  43591.08  4.4402E-02  1.7761E-01
  43620.15  9.9592E-02  3.9837E-01
  43649.24  4.7364E-02  1.8946E-01
  43678.34  4.4794E-02  1.7918E-01
  43707.47  1.0609E-01  4.2434E-01
  43736.62  4.3011E-02  1.7204E-01
  43765.78  4.5742E-02  1.8297E-01
  43794.97  6.0026E-02  2.4010E-01
  43824.18  4.1716E-02  1.6686E-01
  43853.40  6.6008E-02  2.6403E-01
  43882.65  4.7265E-02  1.8906E-01
  43911.91  3.7945E-02  1.5178E-01
  43941.19  5.5923E-02  2.2369E-01
  43970.50  4.3945E-02  1.7578E-01
  43999.82  6.4207E-02  2.5683E-01
  44029.16  9.6374E-02  3.8549E-01
  44058.52  1.2054E-01  4.8216E-01
  44087.90  1.4179E-01  5.6718E-01
  44117.30  1.9058E-01  7.6230E-01
  44146.72  4.2501E-02  1.7000E-01
  44176.16  4.2849E-02  1.7139E-01
  44205.62  1.9739E-01  7.8958E-01
  44235.10  4.5366E-02  1.8146E-01
  44264.60  4.5936E-02  1.8374E-01
  44294.12  4.6810E-02  1.8724E-01
  44323.66  4.1193E-02  1.6477E-01
  44353.22  4.2759E-02  1.7103E-01
  44382.79  1.6948E-01  6.7792E-01
  44412.39  2.1161E-01  8.4643E-01
  44442.01  3.9331E-02  1.5732E-01
  44471.65  4.5575E-02  1.8230E-01
  44501.30  4.6484E-02  1.8593E-01
  44530.98  5.9822E-02  2.3929E-01
  44560.67  4.5504E-02  1.8201E-01
  44590.39  4.1614E-02  1.6646E-01
  44620.13  4.2803E-02  1.7121E-01
  44649.88  7.3625E-02  2.9450E-01
  44679.66  4.4606E-02  1.7843E-01
  44709.45  4.4806E-02  1.7922E-01
  44739.27  4.3392E-02  1.7357E-01
  44769.10  4.6960E-02  1.8784E-01
  44798.96  4.5298E-02  1.8119E-01
  44828.83  4.3087E-02  1.7235E-01
  44858.73  6.3923E-02  2.5569E-01
  44888.64  4.5177E-02  1.8071E-01
  44918.58  4.2974E-02  1.7190E-01
  44948.53  4.6111E-02  1.8444E-01
  44978.51  4.2484E-02  1.6994E-01
  45008.50  4.0652E-02  1.6261E-01
  45038.52  4.2183E-02  1.6873E-01
  45068.55  4.0208E-02  1.6083E-01
  45098.61  4.3783E-02  1.7513E-01
  45128.68  3.6676E-02  1.4671E-01
  45158.78  3.3259E-02  1.3303E-01
  45188.89  2.7711E-01  1.1084E+00
  45219.03  4.9837E-02  1.9935E-01
  45249.18  4.1591E-02  1.6637E-01
  45279.36  4.2932E-02  1.7173E-01
  45309.55  4.6583E-02  1.8633E-01
  45339.77  3.7991E-02  1.5197E-01
  45370.00  4.3912E-02  1.7565E-01
  45400.26  7.5399E-02  3.0160E-01
  45430.53  4.5480E-02  1.8192E-01
  45460.83  8.0438E-02  3.2175E-01
  45491.15  1.2670E-01  5.0682E-01
  45521.48  1.8919E-02  7.5676E-02
  45551.84  4.2715E-02  1.7086E-01
  45582.22  5.2364E-02  2.0946E-01
  45612.61  8.8720E-02  3.5488E-01
  45643.03  4.5864E-02  1.8346E-01
  45673.47  3.8125E-02  1.5250E-01
  45703.93  4.5540E-02  1.8216E-01
  45734.41  4.5903E-02  1.8361E-01
  45764.90  4.4500E-02  1.7800E-01
  45795.42  4.6150E-02  1.8460E-01
  45825.96  4.1994E-02  1.6798E-01
  45856.52  5.8310E-02  2.3324E-01
  45887.10  5.9695E-02  2.3878E-01
  45917.70  4.5842E-02  1.8337E-01
  45948.32  3.1366E-02  1.2546E-01
  45978.97  2.7384E-02  1.0954E-01
  46009.63  4.5867E-02  1.8347E-01
  46040.31  4.5276E-02  1.8111E-01
  46071.01  4.5913E-02  1.8365E-01
  46101.74  4.6738E-02  1.8695E-01
  46132.48  4.3234E-02  1.7293E-01
  46163.24  4.6591E-02  1.8636E-01
  46194.03  4.7601E-02  1.9041E-01
  46224.83  9.9994E-02  3.9997E-01
  46255.66  1.5343E-01  6.1373E-01
  46286.51  4.2744E-02  1.7098E-01
  46317.37  4.3028E-02  1.7211E-01
  46348.26  4.5801E-02  1.8321E-01
  46379.17  4.4548E-02  1.7819E-01
  46410.10  3.3674E-02  1.3470E-01
  46441.05  4.4077E-02  1.7631E-01
  46472.02  6.4528E-02  2.5811E-01
  46503.01  4.5820E-02  1.8328E-01
  46534.02  3.3180E-02  1.3272E-01
  46565.05  3.7975E-02  1.5190E-01
  46596.10  4.6583E-02  1.8633E-01
  46627.18  4.6010E-02  1.8404E-01
  46658.27  4.5836E-02  1.8334E-01
  46689.39  4.6820E-02  1.8728E-01
  46720.52  4.4155E-02  1.7662E-01
  46751.68  1.6520E-01  6.6079E-01
  46782.85  4.4723E-02  1.7889E-01
  46814.05  3.9378E-02  1.5751E-01
  46845.27  4.4580E-02  1.7832E-01
  46876.51  4.4145E-02  1.7658E-01
  46907.77  4.5542E-02  1.8217E-01
  46939.05  4.0486E-02  1.6194E-01
  46970.35  3.9856E-02  1.5942E-01
  47001.68  4.3409E-02  1.7364E-01
  47033.02  4.6590E-02  1.8636E-01
  47064.39  4.2742E-02  1.7097E-01
  47095.77  4.3912E-02  1.7565E-01
  47127.18  4.4948E-02  1.7979E-01
  47158.61  4.1485E-02  1.6594E-01
  47190.05  4.6450E-02  1.8580E-01
  47221.52  4.1903E-02  1.6761E-01
  47253.01  4.3729E-02  1.7491E-01
  47284.53  4.7343E-02  1.8937E-01
  47316.06  1.4666E-01  5.8662E-01
  47347.61  3.9504E-02  1.5802E-01
  47379.19  4.4150E-02  1.7660E-01
  47410.78  4.7102E-02  1.8841E-01
  47442.40  4.4131E-02  1.7652E-01
  47474.04  2.7810E-02  1.1124E-01
  47505.70  4.4415E-02  1.7766E-01
  47537.38  4.2962E-02  1.7185E-01
  47569.08  4.4334E-02  1.7734E-01
  47600.80  4.5767E-02  1.8307E-01
  47632.54  4.3230E-02  1.7292E-01
  47664.31  4.6393E-02  1.8557E-01
  47696.09  3.5422E-02  1.4169E-01
  47727.90  4.4738E-02  1.7895E-01
  47759.73  4.3803E-02  1.7521E-01
  47791.58  3.7599E-02  1.5039E-01
  47823.45  4.5126E-02  1.8050E-01
  47855.34  4.7755E-02  1.9102E-01
  47887.25  4.4966E-02  1.7986E-01
  47919.19  4.7794E-02  1.9118E-01
  47951.14  4.5448E-02  1.8179E-01
  47983.12  4.6304E-02  1.8522E-01
  48015.12  4.5033E-02  1.8013E-01
  48047.14  3.9362E-02  1.5745E-01
  48079.18  3.9863E-02  1.5945E-01
  48111.24  3.8542E-02  1.5417E-01
  48143.32  4.2081E-02  1.6832E-01
  48175.43  2.8100E-02  1.1240E-01
  48207.56  4.7362E-02  1.8945E-01
  48239.70  4.8124E-02  1.9250E-01
  48271.87  3.6697E-02  1.4679E-01
  48304.06  4.3956E-02  1.7583E-01
  48336.28  4.7216E-02  1.8886E-01
  48368.51  4.4205E-02  1.7682E-01
  48400.77  4.7763E-02  1.9105E-01
  48433.04  4.5178E-02  1.8071E-01
  48465.34  4.6699E-02  1.8679E-01
  48497.66  4.7948E-02  1.9179E-01
  48530.00  4.6510E-02  1.8604E-01
  48562.37  3.8173E-02  1.5269E-01
  48594.75  4.1183E-02  1.6473E-01
  48627.16  4.7294E-02  1.8918E-01
  48659.58  4.8287E-02  1.9315E-01
  48692.03  4.7773E-02  1.9109E-01
  48724.51  3.7324E-02  1.4929E-01
  48757.00  4.2548E-02  1.7019E-01
  48789.51  4.8260E-02  1.9304E-01
  48822.05  4.2340E-02  1.6936E-01
  48854.61  4.6607E-02  1.8643E-01
  48887.19  6.1769E-02  2.4708E-01
  48919.79  4.8535E-02  1.9414E-01
  48952.41  4.4876E-02  1.7950E-01
  48985.05  4.8025E-02  1.9210E-01
  49017.72  4.8175E-02  1.9270E-01
  49050.41  4.8095E-02  1.9238E-01
  49083.12  3.7988E-02  1.5195E-01
  49115.85  4.0482E-02  1.6193E-01
  49148.61  4.8968E-02  1.9587E-01
  49181.38  4.6317E-02  1.8527E-01
  49214.18  3.8132E-02  1.5253E-01
  49247.00  3.3945E-02  1.3578E-01
  49279.84  4.4960E-02  1.7984E-01
  49312.70  4.7860E-02  1.9144E-01
  49345.59  3.1912E-02  1.2765E-01
  49378.49  3.6996E-02  1.4799E-01
  49411.42  1.0837E-01  4.3349E-01
  49444.37  4.2776E-02  1.7111E-01
  49477.35  4.9987E-02  1.9995E-01
  49510.34  4.8982E-02  1.9593E-01
  49543.36  4.6243E-02  1.8497E-01
  49576.40  4.0427E-02  1.6171E-01
  49609.46  3.9147E-02  1.5659E-01
  49642.54  4.6952E-02  1.8781E-01
  49675.65  3.8769E-02  1.5508E-01
  49708.77  4.7351E-02  1.8941E-01
  49741.92  4.7242E-02  1.8897E-01
  49775.09  4.9745E-02  1.9898E-01
  49808.29  2.6518E-02  1.0607E-01
  49841.50  3.7713E-02  1.5085E-01
  49874.74  3.8069E-02  1.5228E-01
  49908.00  4.1325E-02  1.6530E-01
  49941.28  4.0618E-02  1.6247E-01
  49974.59  3.2166E-02  1.2866E-01
  50007.91  2.6512E-01  1.0605E+00
  50041.26  1.9955E-01  7.9818E-01
  50074.63  1.2199E-01  4.8797E-01
  50108.02  1.1088E-01  4.4353E-01
  50141.44  4.8506E-02  1.9403E-01
  50174.88  4.8020E-02  1.9208E-01
  50208.34  4.2973E-02  1.7189E-01
  50241.82  1.8891E-01  7.5565E-01
  50275.32  7.5206E-02  3.0082E-01
  50308.85  3.1602E-01  1.2641E+00
  50342.40  2.9805E-01  1.1922E+00
  50375.97  3.2264E-01  1.2906E+00
  50409.57  5.6673E-02  2.2669E-01
  50443.18  2.8856E-01  1.1542E+00
  50476.82  5.0565E-02  2.0226E-01
  50510.48  4.3841E-02  1.7536E-01
  50544.17  4.2539E-02  1.7016E-01
  50577.87  6.4763E-02  2.5905E-01
  50611.60  5.1038E-02  2.0415E-01
  50645.35  5.5578E-02  2.2231E-01
  50679.13  4.9235E-02  1.9694E-01
  50712.92  4.8390E-02  1.9356E-01
  50746.74  9.0406E-02  3.6162E-01
  50780.58  5.3688E-02  2.1475E-01
  50814.45  4.1939E-02  1.6775E-01
  50848.33  2.3560E-01  9.4239E-01
  50882.24  5.4122E-02  2.1649E-01
  50916.17  4.0157E-02  1.6063E-01
  50950.13  4.1478E-02  1.6591E-01
  50984.10  1.7725E-01  7.0900E-01
  51018.10  1.1158E-01  4.4632E-01
  51052.13  8.5904E-02  3.4362E-01
  51086.17  1.2028E-01  4.8110E-01
  51120.24  6.9507E-02  2.7803E-01
  51154.33  6.0642E-02  2.4257E-01
  51188.44  4.8051E-02  1.9220E-01
  51222.58  4.0583E-02  1.6233E-01
  51256.74  4.2069E-02  1.6828E-01
  51290.92  4.7352E-02  1.8941E-01
  51325.12  5.6722E-02  2.2689E-01
  51359.35  4.5708E-02  1.8283E-01
  51393.60  5.2965E-02  2.1186E-01
  51427.87  4.4739E-02  1.7896E-01
  51462.17  4.0021E-02  1.6008E-01
  51496.49  3.6435E-02  1.4574E-01
  51530.83  4.4073E-02  1.7629E-01
  51565.19  5.0623E-02  2.0249E-01
  51599.58  3.0958E-02  1.2383E-01
  51633.99  5.2012E-02  2.0805E-01
  51668.42  7.5446E-02  3.0178E-01
  51702.88  4.1680E-02  1.6672E-01
  51737.36  4.6711E-02  1.8685E-01
  51771.86  7.4514E-02  2.9806E-01
  51806.38  8.9253E-02  3.5701E-01
  51840.93  5.1875E-02  2.0750E-01
  51875.50  5.3981E-02  2.1593E-01
  51910.10  4.6691E-02  1.8676E-01
  51944.71  3.4139E-02  1.3656E-01
  51979.35  4.4200E-02  1.7680E-01
  52014.02  4.9015E-02  1.9606E-01
  52048.70  4.3896E-02  1.7559E-01
  52083.41  6.8432E-02  2.7373E-01
  52118.15  4.9904E-02  1.9962E-01
  52152.90  5.4414E-02  2.1766E-01
  52187.68  5.2100E-02  2.0840E-01
  52222.48  4.1696E-02  1.6678E-01
  52257.31  4.3950E-02  1.7580E-01
  52292.16  4.1142E-02  1.6457E-01
  52327.03  4.1329E-02  1.6532E-01
  52361.92  4.3164E-02  1.7265E-01
  52396.84  7.7954E-02  3.1182E-01
  52431.78  5.4604E-02  2.1842E-01
  52466.75  8.6578E-02  3.4631E-01
  52501.74  5.1752E-02  2.0701E-01
  52536.75  4.2018E-02  1.6807E-01
  52571.78  1.2211E-01  4.8843E-01
  52606.84  5.3097E-02  2.1239E-01
  52641.92  4.6871E-02  1.8748E-01
  52677.03  5.3809E-02  2.1524E-01
  52712.16  5.0190E-02  2.0076E-01
  52747.31  3.8086E-02  1.5234E-01
  52782.49  4.8321E-02  1.9328E-01
  52817.68  1.2833E-01  5.1331E-01
  52852.91  5.5976E-02  2.2390E-01
  52888.15  4.4910E-02  1.7964E-01
  52923.42  3.4074E-02  1.3630E-01
  52958.72  5.3627E-02  2.1451E-01
  52994.03  5.6733E-02  2.2693E-01
  53029.37  5.6390E-02  2.2556E-01
  53064.73  1.2671E-01  5.0684E-01
  53100.12  7.5821E-02  3.0329E-01
  53135.53  2.3758E-01  9.5032E-01
  53170.97  1.5365E-01  6.1458E-01
  53206.43  4.8737E-02  1.9495E-01
  53241.91  5.5301E-02  2.2120E-01
  53277.41  2.8451E-01  1.1381E+00
  53312.94  4.5272E-02  1.8109E-01
  53348.49  5.0516E-02  2.0206E-01
  53384.07  5.7023E-02  2.2809E-01
  53419.67  5.7702E-02  2.3081E-01
  53455.29  5.7529E-02  2.3012E-01
  53490.94  4.5016E-02  1.8006E-01
  53526.61  5.6050E-02  2.2420E-01
  53562.31  5.6057E-02  2.2423E-01
  53598.03  5.2729E-02  2.1092E-01
  53633.77  5.4884E-02  2.1953E-01
  53669.54  5.1779E-02  2.0712E-01
  53705.33  4.3820E-02  1.7528E-01
  53741.14  5.3395E-02  2.1358E-01
  53776.98  5.5670E-02  2.2268E-01
  53812.84  2.2125E-01  8.8499E-01
  53848.73  4.8250E-02  1.9300E-01
  53884.64  5.7420E-02  2.2968E-01
  53920.57  5.0310E-02  2.0124E-01
  53956.53  3.4460E-02  1.3784E-01
  53992.51  4.2620E-02  1.7048E-01
  54028.52  5.0933E-02  2.0373E-01
  54064.55  5.9158E-02  2.3663E-01
  54100.60  5.1813E-02  2.0725E-01
  54136.68  8.2767E-02  3.3107E-01
  54172.78  5.7787E-02  2.3115E-01
  54208.91  5.1519E-02  2.0608E-01
  54245.06  3.4563E-02  1.3825E-01
  54281.23  5.9239E-02  2.3696E-01
  54317.43  4.5526E-02  1.8210E-01
  54353.65  5.9056E-02  2.3622E-01
  54389.90  5.4504E-02  2.1802E-01
  54426.17  3.5121E-02  1.4048E-01
  54462.46  6.0746E-02  2.4298E-01
  54498.78  5.9346E-02  2.3738E-01
  54535.13  4.5927E-02  1.8371E-01
  54571.49  5.0945E-02  2.0378E-01
  54607.89  5.0521E-02  2.0208E-01
  54644.30  5.6675E-02  2.2670E-01
  54680.74  5.6911E-02  2.2764E-01
  54717.21  2.8501E-01  1.1401E+00
  54753.70  4.7789E-02  1.9115E-01
  54790.21  6.0381E-02  2.4152E-01
  54826.75  4.6519E-02  1.8608E-01
  54863.31  6.1470E-02  2.4588E-01
  54899.90  5.0632E-02  2.0253E-01
  54936.51  1.3407E-01  5.3628E-01
  54973.14  3.9333E-02  1.5733E-01
  55009.80  5.2990E-02  2.1196E-01
  55046.49  5.0026E-02  2.0010E-01
  55083.19  6.1842E-02  2.4737E-01
  55119.93  1.0830E-01  4.3318E-01
  55156.69  5.4123E-02  2.1649E-01
  55193.47  6.0565E-02  2.4226E-01
  55230.27  5.7836E-02  2.3134E-01
  55267.11  4.2285E-02  1.6914E-01
  55303.96  4.8736E-02  1.9494E-01
  55340.84  5.0236E-02  2.0094E-01
  55377.75  6.1656E-02  2.4662E-01
  55414.68  5.9961E-02  2.3984E-01
  55451.63  3.8352E-02  1.5341E-01
  55488.61  8.5368E-02  3.4147E-01
  55525.61  5.6674E-02  2.2670E-01
  55562.64  6.0691E-02  2.4276E-01
  55599.69  4.6948E-02  1.8779E-01
  55636.77  8.0541E-02  3.2217E-01
  55673.87  3.9047E-02  1.5619E-01
  55711.00  5.5924E-02  2.2369E-01
  55748.15  4.7314E-02  1.8926E-01
  55785.33  4.8247E-02  1.9299E-01
  55822.53  6.3586E-02  2.5435E-01
  55859.76  1.3375E-01  5.3501E-01
  55897.01  1.3836E-01  5.5344E-01
  55934.28  6.1869E-02  2.4748E-01
  55971.58  6.3751E-02  2.5500E-01
  56008.91  5.5012E-02  2.2005E-01
  56046.26  6.6268E-02  2.6507E-01
  56083.64  5.5125E-02  2.2050E-01
  56121.04  6.4674E-02  2.5869E-01
  56158.46  4.0608E-02  1.6243E-01
  56195.91  4.8876E-02  1.9551E-01
  56233.39  5.4797E-02  2.1919E-01
  56270.89  4.8616E-02  1.9446E-01
  56308.41  6.4511E-02  2.5805E-01
  56345.96  6.1236E-02  2.4494E-01
  56383.54  6.6168E-02  2.6467E-01
  56421.14  4.9125E-02  1.9650E-01
  56458.76  5.5976E-02  2.2390E-01
  56496.41  4.9179E-02  1.9671E-01
  56534.09  5.8222E-02  2.3289E-01
  56571.79  4.9372E-02  1.9749E-01
  56609.52  5.7801E-02  2.3120E-01
  56647.27  6.6873E-02  2.6749E-01
  56685.04  6.2186E-02  2.4874E-01
  56722.84  6.2006E-02  2.4802E-01
  56760.67  4.3953E-02  1.7581E-01
  56798.52  4.5733E-02  1.8293E-01
  56836.40  6.4288E-02  2.5715E-01
  56874.30  6.8453E-02  2.7381E-01
  56912.23  4.3271E-02  1.7309E-01
  56950.18  5.9106E-02  2.3643E-01
  56988.16  6.1252E-02  2.4501E-01
  57026.16  6.5742E-02  2.6297E-01
  57064.19  6.7985E-02  2.7194E-01
  57102.25  4.8983E-02  1.9593E-01
  57140.33  9.4516E-02  3.7806E-01
  57178.43  5.2053E-02  2.0821E-01
  57216.56  4.4080E-02  1.7632E-01
  57254.72  5.2764E-02  2.1106E-01
  57292.90  5.0459E-02  2.0183E-01
  57331.11  5.3348E-02  2.1339E-01
  57369.34  4.4588E-02  1.7835E-01
  57407.60  6.8619E-02  2.7448E-01
  57445.88  6.0884E-02  2.4353E-01
  57484.19  6.7194E-02  2.6878E-01
  57522.52  6.0790E-02  2.4316E-01
  57560.88  6.7108E-02  2.6843E-01
  57599.27  5.9768E-02  2.3907E-01
  57637.68  6.1375E-02  2.4550E-01
  57676.12  6.9081E-02  2.7632E-01
  57714.58  5.9897E-02  2.3959E-01
  57753.07  5.0091E-02  2.0036E-01
  57791.58  4.5999E-02  1.8400E-01
  57830.12  6.0131E-02  2.4052E-01
  57868.68  6.1304E-02  2.4521E-01
  57907.27  6.6111E-02  2.6444E-01
  57945.89  6.3220E-02  2.5288E-01
  57984.53  4.6648E-02  1.8659E-01
  58023.20  4.8557E-02  1.9423E-01
  58061.89  5.9167E-02  2.3667E-01
  58100.61  4.8271E-02  1.9308E-01
  58139.36  7.0876E-02  2.8350E-01
  58178.13  4.7301E-02  1.8920E-01
  58216.93  6.8313E-02  2.7325E-01
  58255.75  7.2643E-02  2.9057E-01
  58294.60  4.7695E-02  1.9078E-01
  58333.47  6.7535E-02  2.7014E-01
  58372.37  6.5462E-02  2.6185E-01
  58411.30  4.8110E-02  1.9244E-01
  58450.25  6.2866E-02  2.5146E-01
  58489.23  7.2830E-02  2.9132E-01
  58528.24  6.2594E-02  2.5038E-01
  58567.27  6.2766E-02  2.5106E-01
  58606.32  5.2310E-02  2.0924E-01
  58645.41  1.5895E-01  6.3581E-01
  58684.52  6.6828E-02  2.6731E-01
  58723.65  7.3056E-02  2.9222E-01
  58762.81  5.7758E-02  2.3103E-01
  58802.00  7.1380E-02  2.8552E-01
  58841.21  5.4165E-02  2.1666E-01
  58880.45  5.9171E-02  2.3668E-01
  58919.72  6.7657E-02  2.7063E-01
  58959.01  6.7162E-02  2.6865E-01
  58998.32  1.5288E-01  6.1153E-01
  59037.67  7.3211E-02  2.9284E-01
  59077.04  5.1831E-02  2.0732E-01
  59116.44  7.5058E-02  3.0023E-01
  59155.86  7.0815E-02  2.8326E-01
  59195.31  5.4209E-02  2.1683E-01
  59234.78  6.6572E-02  2.6629E-01
  59274.28  7.3910E-02  2.9564E-01
  59313.81  1.9599E-01  7.8395E-01
  59353.37  7.1933E-02  2.8773E-01
  59392.95  7.3357E-02  2.9343E-01
  59432.55  7.5677E-02  3.0271E-01
  59472.19  7.5820E-02  3.0328E-01
  59511.85  5.2301E-02  2.0920E-01
  59551.53  7.7572E-02  3.1029E-01
  59591.25  7.6757E-02  3.0703E-01
  59630.99  6.9327E-02  2.7731E-01
  59670.75  7.5051E-02  3.0020E-01
  59710.55  7.1646E-02  2.8658E-01
  59750.36  1.0487E-01  4.1946E-01
  59790.21  5.2813E-02  2.1125E-01
  59830.08  7.6501E-02  3.0600E-01
  59869.98  5.5154E-02  2.2062E-01
  59909.91  5.3223E-02  2.1289E-01
  59949.86  7.8046E-02  3.1218E-01
  59989.84  7.0290E-02  2.8116E-01
  60029.84  5.3794E-02  2.1518E-01
  60069.87  7.7773E-02  3.1109E-01
  60109.93  5.6913E-02  2.2765E-01
  60150.02  7.4917E-02  2.9967E-01
  60190.13  5.4193E-02  2.1677E-01
  60230.27  6.2873E-02  2.5149E-01
  60270.43  6.8400E-02  2.7360E-01
  60310.63  5.4610E-02  2.1844E-01
  60350.85  7.8958E-02  3.1583E-01
  60391.09  6.5488E-02  2.6195E-01
  60431.36  5.5648E-02  2.2259E-01
  60471.66  7.8977E-02  3.1591E-01
  60511.99  6.1217E-02  2.4487E-01
  60552.34  5.5450E-02  2.2180E-01
  60592.72  7.1220E-02  2.8488E-01
  60633.13  6.9239E-02  2.7695E-01
  60673.57  5.5871E-02  2.2348E-01
  60714.03  8.0273E-02  3.2109E-01
  60754.52  5.6153E-02  2.2461E-01
  60795.03  7.6081E-02  3.0432E-01
  60835.57  7.9457E-02  3.1783E-01
  60876.14  6.3389E-02  2.5355E-01
  60916.74  6.7447E-02  2.6979E-01
  60957.36  5.7882E-02  2.3153E-01
  60998.01  6.7680E-02  2.7072E-01
  61038.69  5.7149E-02  2.2860E-01
  61079.39  5.8885E-02  2.3554E-01
  61120.13  7.7329E-02  3.0932E-01
  61160.88  5.7569E-02  2.3028E-01
  61201.67  6.2508E-02  2.5003E-01
  61242.48  8.2886E-02  3.3155E-01
  61283.32  5.7998E-02  2.3199E-01
  61324.19  8.3386E-02  3.3354E-01
  61365.09  7.6067E-02  3.0427E-01
  61406.01  6.4646E-02  2.5858E-01
  61446.96  7.8204E-02  3.1282E-01
  61487.94  5.8712E-02  2.3485E-01
  61528.94  7.9905E-02  3.1962E-01
  61569.97  5.7060E-02  2.2824E-01
  61611.03  6.3781E-02  2.5512E-01
  61652.12  6.3355E-02  2.5342E-01
  61693.23  7.2725E-02  2.9090E-01
  61734.37  5.9574E-02  2.3830E-01
  61775.54  6.0448E-02  2.4179E-01
  61816.74  8.3860E-02  3.3544E-01
  61857.96  7.5735E-02  3.0294E-01
  61899.21  7.4451E-02  2.9780E-01
  61940.49  8.2004E-02  3.2802E-01
  61981.80  8.2266E-02  3.2906E-01
  62023.13  6.0586E-02  2.4234E-01
  62064.49  7.2074E-02  2.8830E-01
  62105.88  6.0876E-02  2.4350E-01
  62147.30  6.1021E-02  2.4408E-01
  62188.74  6.2111E-02  2.4845E-01
  62230.21  7.4510E-02  2.9804E-01
  62271.71  6.3379E-02  2.5352E-01
  62313.24  7.9049E-02  3.1620E-01
  62354.79  7.1699E-02  2.8680E-01
  62396.38  6.1894E-02  2.4758E-01
  62437.99  6.2040E-02  2.4816E-01
  62479.62  6.5569E-02  2.6227E-01
  62521.29  7.5321E-02  3.0128E-01
  62562.98  6.7166E-02  2.6866E-01
  62604.70  8.1293E-02  3.2517E-01
  62646.45  7.9735E-02  3.1894E-01
  62688.23  8.6567E-02  3.4627E-01
  62730.03  8.4077E-02  3.3631E-01
  62771.87  6.9707E-02  2.7883E-01
  62813.73  6.8113E-02  2.7245E-01
  62855.62  8.6499E-02  3.4600E-01
  62897.53  8.2392E-02  3.2957E-01
  62939.48  6.9704E-02  2.7882E-01
  62981.45  6.3948E-02  2.5579E-01
  63023.45  8.6007E-02  3.4403E-01
  63065.48  8.8402E-02  3.5361E-01
  63107.53  8.9884E-02  3.5954E-01
  63149.62  6.7466E-02  2.6986E-01
  63191.73  6.4687E-02  2.5875E-01
  63233.87  8.8267E-02  3.5307E-01
  63276.04  8.6662E-02  3.4665E-01
  63318.23  8.3129E-02  3.3252E-01
  63360.46  6.6363E-02  2.6545E-01
  63402.71  6.9031E-02  2.7613E-01
  63444.99  6.6785E-02  2.6714E-01
  63487.30  8.5033E-02  3.4013E-01
  63529.64  8.3537E-02  3.3415E-01
  63572.01  6.6020E-02  2.6408E-01
  63614.40  8.9581E-02  3.5832E-01
  63656.82  7.2025E-02  2.8810E-01
  63699.27  8.1816E-02  3.2726E-01
  63741.75  8.0799E-02  3.2319E-01
  63784.26  8.4384E-02  3.3754E-01
  63826.80  7.7474E-02  3.0989E-01
  63869.36  9.0592E-02  3.6237E-01
  63911.95  8.8725E-02  3.5490E-01
  63954.57  8.2701E-02  3.3080E-01
  63997.22  9.1723E-02  3.6689E-01
  64039.90  7.6652E-02  3.0661E-01
  64082.61  9.0196E-02  3.6078E-01
  64125.34  7.3215E-02  2.9286E-01
  64168.10  7.1619E-02  2.8647E-01
  64210.89  8.0814E-02  3.2326E-01
  64253.71  6.8501E-02  2.7400E-01
  64296.56  6.9445E-02  2.7778E-01
  64339.44  9.3308E-02  3.7323E-01
  64382.35  8.5407E-02  3.4163E-01
  64425.28  6.9011E-02  2.7604E-01
  64468.24  7.2991E-02  2.9196E-01
  64511.24  9.0765E-02  3.6306E-01
  64554.26  7.6058E-02  3.0423E-01
  64597.31  7.1076E-02  2.8431E-01
  64640.38  6.9766E-02  2.7906E-01
  64683.49  6.9914E-02  2.7966E-01
  64726.62  9.4673E-02  3.7869E-01
  64769.79  7.0737E-02  2.8295E-01
  64812.98  7.8195E-02  3.1278E-01
  64856.20  7.5208E-02  3.0083E-01
  64899.45  7.8410E-02  3.1364E-01
  64942.73  7.2623E-02  2.9049E-01
  64986.04  9.2727E-02  3.7091E-01
  65029.38  7.1246E-02  2.8498E-01
  65072.74  7.6915E-02  3.0766E-01
  65116.14  7.3856E-02  2.9542E-01
  65159.56  7.6805E-02  3.0722E-01
  65203.02  8.5298E-02  3.4119E-01
  65246.50  7.1880E-02  2.8752E-01
  65290.01  7.2032E-02  2.8813E-01
  65333.55  7.2183E-02  2.8873E-01
  65377.12  9.2464E-02  3.6985E-01
  65420.71  7.2487E-02  2.8995E-01
  65464.34  8.6628E-02  3.4651E-01
  65508.00  7.9003E-02  3.1601E-01
  65551.68  7.2943E-02  2.9177E-01
  65595.40  8.3868E-02  3.3547E-01
  65639.14  8.5018E-02  3.4007E-01
  65682.91  7.3399E-02  2.9360E-01
  65726.71  9.2232E-02  3.6893E-01
  65770.54  7.4488E-02  2.9795E-01
  65814.41  9.5957E-02  3.8383E-01
  65858.29  8.9809E-02  3.5923E-01
  65902.21  9.3567E-02  3.7427E-01
  65946.16  9.4798E-02  3.7919E-01
  65990.14  7.4588E-02  2.9835E-01
  66034.15  8.5410E-02  3.4164E-01
  66078.18  9.6789E-02  3.8716E-01
  66122.25  7.4923E-02  2.9969E-01
  66166.34  9.3024E-02  3.7210E-01
  66210.47  7.7783E-02  3.1113E-01
  66254.62  9.8524E-02  3.9410E-01
  66298.80  7.5534E-02  3.0214E-01
  66343.01  8.3033E-02  3.3213E-01
  66387.26  9.5651E-02  3.8260E-01
  66431.53  9.8521E-02  3.9408E-01
  66475.83  9.0544E-02  3.6218E-01
  66520.16  9.5570E-02  3.8228E-01
  66564.52  9.9406E-02  3.9762E-01
  66608.91  9.6099E-02  3.8440E-01
  66653.33  1.0006E-01  4.0024E-01
  66697.78  9.7240E-02  3.8896E-01
  66742.26  9.4275E-02  3.7710E-01
  66786.76  8.0611E-02  3.2244E-01
  66831.30  7.7371E-02  3.0948E-01
  66875.87  7.7530E-02  3.1012E-01
  66920.47  7.7677E-02  3.1071E-01
  66965.09  9.4283E-02  3.7713E-01
  67009.75  9.9303E-02  3.9721E-01
  67054.44  7.8137E-02  3.1255E-01
  67099.15  1.0145E-01  4.0582E-01
  67143.90  7.8444E-02  3.1378E-01
  67188.68  1.0322E-01  4.1289E-01
  67233.48  7.8751E-02  3.1500E-01
  67278.32  9.9885E-02  3.9954E-01
  67323.18  8.2957E-02  3.3183E-01
  67368.08  8.7074E-02  3.4830E-01
  67413.00  9.3001E-02  3.7201E-01
  67457.96  8.4789E-02  3.3916E-01
  67502.95  9.5560E-02  3.8224E-01
  67547.96  1.0405E-01  4.1621E-01
  67593.01  9.5005E-02  3.8002E-01
  67638.08  9.1145E-02  3.6458E-01
  67683.19  1.0473E-01  4.1893E-01
  67728.32  8.0440E-02  3.2176E-01
  67773.49  9.4240E-02  3.7696E-01
  67818.68  9.3502E-02  3.7401E-01
  67863.91  8.0901E-02  3.2361E-01
  67909.17  1.0366E-01  4.1466E-01
  67954.45  1.0492E-01  4.1968E-01
  67999.77  8.6392E-02  3.4557E-01
  68045.12  8.1516E-02  3.2607E-01
  68090.49  1.0713E-01  4.2852E-01
  68135.90  1.0490E-01  4.1959E-01
  68181.34  9.6219E-02  3.8488E-01
  68226.81  8.3377E-02  3.3351E-01
  68272.30  1.0545E-01  4.2181E-01
  68317.83  9.4190E-02  3.7676E-01
  68363.39  1.0273E-01  4.1091E-01
  68408.98  9.9431E-02  3.9772E-01
  68454.60  1.0763E-01  4.3052E-01
  68500.25  1.0776E-01  4.3103E-01
  68545.93  1.0670E-01  4.2679E-01
  68591.64  1.0237E-01  4.0950E-01
  68637.38  8.3515E-02  3.3406E-01
  68683.16  1.0175E-01  4.0699E-01
  68728.96  1.0392E-01  4.1567E-01
  68774.79  9.6481E-02  3.8592E-01
  68820.65  8.6805E-02  3.4722E-01
  68866.55  8.4284E-02  3.3714E-01
  68912.47  8.4474E-02  3.3790E-01
  68958.43  1.0953E-01  4.3813E-01
  69004.42  1.0356E-01  4.1425E-01
  69050.43  1.0142E-01  4.0569E-01
  69096.48  9.6340E-02  3.8536E-01
  69142.56  1.0955E-01  4.3821E-01
  69188.67  1.0720E-01  4.2881E-01
  69234.81  1.0446E-01  4.1785E-01
  69280.98  1.0891E-01  4.3566E-01
  69327.18  9.3672E-02  3.7469E-01
  69373.41  1.0894E-01  4.3577E-01
  69419.67  9.0595E-02  3.6238E-01
  69465.97  9.1998E-02  3.6799E-01
  69512.29  8.6444E-02  3.4578E-01
  69558.65  9.8633E-02  3.9453E-01
  69605.03  8.6742E-02  3.4697E-01
  69651.45  8.6895E-02  3.4758E-01
  69697.90  9.5333E-02  3.8133E-01
  69744.38  1.1088E-01  4.4351E-01
  69790.89  9.2187E-02  3.6875E-01
  69837.43  1.1181E-01  4.4723E-01
  69884.00  1.0296E-01  4.1185E-01
  69930.60  8.7816E-02  3.5126E-01
  69977.24  1.0228E-01  4.0913E-01
  70023.90  1.0035E-01  4.0140E-01
  70070.60  1.0888E-01  4.3554E-01
  70117.33  9.7579E-02  3.9031E-01
  70164.09  9.0583E-02  3.6233E-01
  70210.88  1.0426E-01  4.1702E-01
  70257.70  1.0639E-01  4.2558E-01
  70304.55  9.9754E-02  3.9902E-01
  70351.44  1.0877E-01  4.3509E-01
  70398.35  1.0213E-01  4.0853E-01
  70445.30  8.9500E-02  3.5800E-01
  70492.27  1.0789E-01  4.3156E-01
  70539.28  1.0919E-01  4.3675E-01
  70586.32  1.0171E-01  4.0685E-01
  70633.39  9.7094E-02  3.8838E-01
  70680.50  1.1116E-01  4.4463E-01
  70727.63  1.1623E-01  4.6493E-01
  70774.80  9.5388E-02  3.8155E-01
  70822.00  9.0722E-02  3.6289E-01
  70869.22  1.0557E-01  4.2226E-01
  70916.48  1.1207E-01  4.4830E-01
  70963.78  1.1599E-01  4.6397E-01
  71011.10  9.4960E-02  3.7984E-01
  71058.46  1.0671E-01  4.2686E-01
  71105.84  1.1699E-01  4.6795E-01
  71153.26  1.0795E-01  4.3181E-01
  71200.71  1.1348E-01  4.5393E-01
  71248.19  1.1767E-01  4.7067E-01
  71295.70  1.1412E-01  4.5646E-01
  71343.25  1.1189E-01  4.4757E-01
  71390.83  1.0107E-01  4.0428E-01
  71438.43  1.0564E-01  4.2255E-01
  71486.07  1.1244E-01  4.4976E-01
  71533.74  1.1403E-01  4.5614E-01
  71581.45  1.1694E-01  4.6776E-01
  71629.18  1.1443E-01  4.5770E-01
  71676.95  1.1327E-01  4.5309E-01
  71724.75  1.1902E-01  4.7607E-01
  71772.58  1.1840E-01  4.7361E-01
  71820.44  1.1614E-01  4.6456E-01
  71868.34  1.1990E-01  4.7961E-01
  71916.26  1.1577E-01  4.6309E-01
  71964.22  1.1634E-01  4.6537E-01
  72012.21  1.0418E-01  4.1672E-01
  72060.24  1.0426E-01  4.1703E-01
  72108.29  1.2119E-01  4.8475E-01
  72156.38  1.1967E-01  4.7867E-01
  72204.50  1.1624E-01  4.6497E-01
  72252.65  1.2025E-01  4.8100E-01
  72300.83  1.2059E-01  4.8238E-01
  72349.04  9.7168E-02  3.8867E-01
  72397.29  1.1671E-01  4.6683E-01
  72445.57  1.1967E-01  4.7867E-01
  72493.88  1.2351E-01  4.9402E-01
  72542.23  9.6180E-02  3.8472E-01
  72590.60  1.2227E-01  4.8910E-01
  72639.01  1.2079E-01  4.8317E-01
  72687.45  1.0507E-01  4.2029E-01
  72735.92  1.2136E-01  4.8545E-01
  72784.43  1.2109E-01  4.8436E-01
  72832.97  1.1920E-01  4.7681E-01
  72881.54  1.2179E-01  4.8717E-01
  72930.14  1.2393E-01  4.9573E-01
  72978.77  1.2521E-01  5.0085E-01
  73027.44  1.1169E-01  4.4677E-01
  73076.14  1.2292E-01  4.9169E-01
  73124.87  1.2309E-01  4.9238E-01
  73173.64  1.2330E-01  4.9319E-01
  73222.43  1.2522E-01  5.0088E-01
  73271.26  1.2261E-01  4.9045E-01
  73320.13  1.2628E-01  5.0511E-01
  73369.02  1.1333E-01  4.5331E-01
  73417.95  1.1270E-01  4.5079E-01
  73466.91  1.2275E-01  4.9101E-01
  73515.90  9.9177E-02  3.9671E-01
  73564.93  1.0075E-01  4.0302E-01
  73613.98  1.2453E-01  4.9813E-01
  73663.07  1.2631E-01  5.0525E-01
  73712.20  9.9765E-02  3.9906E-01
  73761.35  9.9913E-02  3.9965E-01
  73810.54  1.2070E-01  4.8279E-01
  73859.76  1.2735E-01  5.0939E-01
  73909.02  1.2778E-01  5.1111E-01
  73958.31  1.1573E-01  4.6293E-01
  74007.63  1.1091E-01  4.4362E-01
  74056.98  1.2894E-01  5.1578E-01
  74106.37  1.0095E-01  4.0379E-01
  74155.79  1.2001E-01  4.8004E-01
  74205.24  1.1992E-01  4.7969E-01
  74254.72  1.2861E-01  5.1445E-01
  74304.24  1.2483E-01  4.9930E-01
  74353.79  1.2869E-01  5.1477E-01
  74403.38  1.2480E-01  4.9920E-01
  74452.99  1.1964E-01  4.7858E-01
  74502.64  1.2600E-01  5.0401E-01
  74552.33  1.2641E-01  5.0563E-01
  74602.04  1.2004E-01  4.8017E-01
  74651.79  1.0256E-01  4.1026E-01
  74701.58  1.2070E-01  4.8281E-01
  74751.39  1.2951E-01  5.1806E-01
  74801.24  1.2875E-01  5.1500E-01
  74851.12  1.2998E-01  5.1993E-01
  74901.04  1.2334E-01  4.9336E-01
  74950.99  1.2254E-01  4.9014E-01
  75000.97  1.2954E-01  5.1814E-01
  75050.99  1.2637E-01  5.0548E-01
  75101.03  1.2180E-01  4.8720E-01
  75151.12  1.1675E-01  4.6702E-01
  75201.23  1.1461E-01  4.5842E-01
  75251.38  1.3108E-01  5.2432E-01
  75301.56  1.0890E-01  4.3561E-01
  75351.78  1.0460E-01  4.1840E-01
  75402.03  1.2853E-01  5.1410E-01
  75452.31  1.3045E-01  5.2179E-01
  75502.63  1.2106E-01  4.8426E-01
  75552.98  1.3136E-01  5.2542E-01
  75603.36  1.3029E-01  5.2115E-01
  75653.78  1.3103E-01  5.2410E-01
  75704.23  1.0023E-01  4.0094E-01
  75754.72  1.3301E-01  5.3203E-01
  75805.24  1.2167E-01  4.8668E-01
  75855.79  1.2308E-01  4.9232E-01
  75906.37  1.3109E-01  5.2436E-01
  75956.99  1.1979E-01  4.7915E-01
  76007.65  1.2167E-01  4.8667E-01
  76058.33  1.0661E-01  4.2644E-01
  76109.05  1.3274E-01  5.3096E-01
  76159.81  1.0690E-01  4.2759E-01
  76210.60  1.2589E-01  5.0355E-01
  76261.42  1.1979E-01  4.7915E-01
  76312.28  1.0816E-01  4.3263E-01
  76363.17  1.1021E-01  4.4086E-01
  76414.09  1.0990E-01  4.3962E-01
  76465.05  1.0775E-01  4.3099E-01
  76516.04  1.2853E-01  5.1411E-01
  76567.07  1.1118E-01  4.4472E-01
  76618.13  1.2811E-01  5.1244E-01
  76669.22  1.0840E-01  4.3360E-01
  76720.35  1.3274E-01  5.3097E-01
  76771.51  1.0859E-01  4.3438E-01
  76822.71  1.2496E-01  4.9985E-01
  76873.94  1.3569E-01  5.4275E-01
  76925.20  1.3306E-01  5.3225E-01
  76976.50  1.3379E-01  5.3518E-01
  77027.83  1.1598E-01  4.6392E-01
  77079.20  1.1108E-01  4.4433E-01
  77130.60  1.1539E-01  4.6156E-01
  77182.04  1.0985E-01  4.3940E-01
  77233.51  1.1635E-01  4.6539E-01
  77285.01  1.2400E-01  4.9599E-01
  77336.55  1.2978E-01  5.1911E-01
  77388.12  1.2824E-01  5.1297E-01
  77439.73  1.2735E-01  5.0942E-01
  77491.37  1.3124E-01  5.2497E-01
  77543.05  1.3687E-01  5.4749E-01
  77594.76  1.3541E-01  5.4166E-01
  77646.51  1.1096E-01  4.4386E-01
  77698.29  1.3486E-01  5.3945E-01
  77750.10  1.3632E-01  5.4530E-01
  77801.95  1.2553E-01  5.0213E-01
  77853.83  1.3148E-01  5.2591E-01
  77905.75  1.2976E-01  5.1905E-01
  77957.70  1.1006E-01  4.4023E-01
  78009.69  1.3708E-01  5.4833E-01
  78061.71  1.2069E-01  4.8274E-01
  78113.77  1.1221E-01  4.4884E-01
  78165.86  1.0857E-01  4.3427E-01
  78217.99  1.3812E-01  5.5247E-01
  78270.15  1.2512E-01  5.0050E-01
  78322.34  1.2916E-01  5.1665E-01
  78374.58  1.1411E-01  4.5642E-01
  78426.84  1.3706E-01  5.4824E-01
  78479.14  1.4054E-01  5.6214E-01
  78531.48  1.3915E-01  5.5661E-01
  78583.85  1.3875E-01  5.5501E-01
  78636.25  1.0804E-01  4.3215E-01
  78688.69  1.3133E-01  5.2533E-01
  78741.17  1.1382E-01  4.5530E-01
  78793.68  1.1021E-01  4.4085E-01
  78846.22  1.3229E-01  5.2915E-01
  78898.80  1.3807E-01  5.5226E-01
  78951.42  1.1976E-01  4.7905E-01
  79004.07  1.1269E-01  4.5075E-01
  79056.75  1.2619E-01  5.0477E-01
  79109.47  1.2069E-01  4.8275E-01
  79162.23  1.1489E-01  4.5957E-01
  79215.02  1.1005E-01  4.4021E-01
  79267.84  1.0690E-01  4.2758E-01
  79320.70  1.4207E-01  5.6827E-01
  79373.60  1.4030E-01  5.6122E-01
  79426.53  1.2949E-01  5.1796E-01
  79479.50  1.0785E-01  4.3142E-01
  79532.50  1.2140E-01  4.8558E-01
  79585.54  1.1595E-01  4.6380E-01
  79638.61  1.1043E-01  4.4171E-01
  79691.72  1.2656E-01  5.0626E-01
  79744.86  1.2844E-01  5.1375E-01
  79798.04  1.2878E-01  5.1513E-01
  79851.26  1.4281E-01  5.7125E-01
  79904.51  1.3695E-01  5.4780E-01
  79957.79  1.1325E-01  4.5299E-01
  80011.11  1.1700E-01  4.6798E-01
  80064.47  1.0525E-01  4.2098E-01
  80117.86  1.3155E-01  5.2619E-01
  80171.29  1.2551E-01  5.0204E-01
  80224.76  1.4368E-01  5.7473E-01
  80278.25  1.4502E-01  5.8006E-01
  80331.79  1.1906E-01  4.7624E-01
  80385.36  1.1543E-01  4.6173E-01
  80438.97  1.1803E-01  4.7211E-01
  80492.61  1.4485E-01  5.7942E-01
  80546.29  1.4497E-01  5.7986E-01
  80600.00  1.1314E-01  4.5256E-01
  80653.75  1.0934E-01  4.3737E-01
  80707.53  1.3831E-01  5.5322E-01
  80761.36  1.1165E-01  4.4662E-01
  80815.21  1.4645E-01  5.8581E-01
  80869.11  1.4593E-01  5.8371E-01
  80923.03  1.3768E-01  5.5074E-01
  80977.00  1.2763E-01  5.1051E-01
  81031.00  1.4600E-01  5.8399E-01
  81085.04  1.1955E-01  4.7820E-01
  81139.11  1.4527E-01  5.8110E-01
  81193.22  1.4663E-01  5.8651E-01
  81247.36  1.2695E-01  5.0781E-01
  81301.55  1.2204E-01  4.8814E-01
  81355.76  1.4308E-01  5.7234E-01
  81410.02  1.4748E-01  5.8990E-01
  81464.31  1.4797E-01  5.9189E-01
  81518.63  1.1907E-01  4.7627E-01
  81572.99  1.2068E-01  4.8273E-01
  81627.39  1.4486E-01  5.7943E-01
  81681.83  1.1850E-01  4.7399E-01
  81736.30  1.4426E-01  5.7705E-01
  81790.80  1.4653E-01  5.8613E-01
  81845.35  1.3614E-01  5.4455E-01
  81899.93  1.4473E-01  5.7892E-01
  81954.54  1.3663E-01  5.4653E-01
  82009.20  1.1660E-01  4.6639E-01
  82063.89  1.2178E-01  4.8711E-01
  82118.61  1.4255E-01  5.7018E-01
  82173.37  1.3007E-01  5.2029E-01
  82228.17  1.2283E-01  4.9132E-01
  82283.01  1.4312E-01  5.7249E-01
  82337.88  1.3789E-01  5.5155E-01
  82392.79  1.4469E-01  5.7877E-01
  82447.73  1.2839E-01  5.1357E-01
  82502.72  1.4694E-01  5.8775E-01
  82557.73  1.4400E-01  5.7600E-01
  82612.79  1.3809E-01  5.5236E-01
  82667.88  1.2589E-01  5.0356E-01
  82723.01  1.5074E-01  6.0295E-01
  82778.17  1.3341E-01  5.3365E-01
  82833.38  1.2718E-01  5.0872E-01
  82888.61  1.2102E-01  4.8408E-01
  82943.89  1.1485E-01  4.5941E-01
  82999.20  1.4692E-01  5.8767E-01
  83054.55  1.5165E-01  6.0661E-01
  83109.94  1.4785E-01  5.9141E-01
  83165.36  1.2530E-01  5.0119E-01
  83220.82  1.4747E-01  5.8988E-01
  83276.32  1.4800E-01  5.9202E-01
  83331.85  1.4913E-01  5.9652E-01
  83387.42  1.3957E-01  5.5827E-01
  83443.03  1.2476E-01  4.9905E-01
  83498.68  1.4058E-01  5.6231E-01
  83554.36  1.5176E-01  6.0705E-01
  83610.08  1.4729E-01  5.8917E-01
  83665.84  1.2555E-01  5.0219E-01
  83721.63  1.4329E-01  5.7316E-01
  83777.46  1.1956E-01  4.7823E-01
  83833.33  1.2051E-01  4.8204E-01
  83889.24  1.2696E-01  5.0782E-01
  83945.18  1.2798E-01  5.1192E-01
  84001.16  1.4668E-01  5.8672E-01
  84057.18  1.2393E-01  4.9572E-01
  84113.23  1.4980E-01  5.9918E-01
  84169.32  1.2745E-01  5.0978E-01
  84225.45  1.5178E-01  6.0714E-01
  84281.62  1.2646E-01  5.0583E-01
  84337.83  1.5133E-01  6.0530E-01
  84394.07  1.4780E-01  5.9118E-01
  84450.35  1.4192E-01  5.6769E-01
  84506.66  1.4010E-01  5.6039E-01
  84563.02  1.4701E-01  5.8805E-01
  84619.41  1.5067E-01  6.0267E-01
  84675.84  1.4613E-01  5.8451E-01
  84732.31  1.5331E-01  6.1325E-01
  84788.81  1.5242E-01  6.0968E-01
  84845.36  1.3532E-01  5.4128E-01
  84901.94  1.4186E-01  5.6746E-01
  84958.56  1.2778E-01  5.1113E-01
  85015.21  1.5400E-01  6.1600E-01
  85071.91  1.2960E-01  5.1841E-01
  85128.64  1.4552E-01  5.8206E-01
  85185.41  1.5227E-01  6.0908E-01
  85242.21  1.5381E-01  6.1524E-01
  85299.06  1.5280E-01  6.1121E-01
  85355.94  1.3188E-01  5.2751E-01
  85412.86  1.4561E-01  5.8244E-01
  85469.82  1.5640E-01  6.2558E-01
  85526.82  1.5478E-01  6.1914E-01
  85583.85  1.5559E-01  6.2237E-01
  85640.93  1.4408E-01  5.7630E-01
  85698.04  1.5757E-01  6.3026E-01
  85755.19  1.5690E-01  6.2759E-01
  85812.38  1.2976E-01  5.1905E-01
  85869.60  1.4983E-01  5.9930E-01
  85926.86  1.5608E-01  6.2432E-01
  85984.17  1.5840E-01  6.3359E-01
  86041.51  1.2206E-01  4.8825E-01
  86098.88  1.2976E-01  5.1905E-01
  86156.30  1.5492E-01  6.1966E-01
  86213.76  1.5689E-01  6.2755E-01
  86271.25  1.5678E-01  6.2713E-01
  86328.78  1.5615E-01  6.2460E-01
  86386.35  1.3089E-01  5.2358E-01
  86443.96  1.3923E-01  5.5693E-01
  86501.60  1.2588E-01  5.0351E-01
  86559.29  1.5532E-01  6.2126E-01
  86617.01  1.4673E-01  5.8690E-01
  86674.77  1.4151E-01  5.6606E-01
  86732.58  1.4612E-01  5.8448E-01
  86790.41  1.5209E-01  6.0834E-01
  86848.29  1.4934E-01  5.9738E-01
  86906.21  1.3163E-01  5.2652E-01
  86964.16  1.4232E-01  5.6927E-01
  87022.16  1.3202E-01  5.2808E-01
  87080.19  1.3816E-01  5.5264E-01
  87138.26  1.5052E-01  6.0207E-01
  87196.37  1.5924E-01  6.3694E-01
  87254.52  1.5800E-01  6.3201E-01
  87312.70  1.5867E-01  6.3466E-01
  87370.93  1.4204E-01  5.6815E-01
  87429.20  1.4417E-01  5.7667E-01
  87487.50  1.5598E-01  6.2394E-01
  87545.84  1.2829E-01  5.1315E-01
  87604.22  1.5662E-01  6.2646E-01
  87662.64  1.3421E-01  5.3683E-01
  87721.10  1.5827E-01  6.3308E-01
  87779.60  1.4152E-01  5.6609E-01
  87838.14  1.4733E-01  5.8931E-01
  87896.71  1.6053E-01  6.4213E-01
  87955.33  1.4956E-01  5.9823E-01
  88013.98  1.6012E-01  6.4049E-01
  88072.68  1.5617E-01  6.2466E-01
  88131.41  1.5629E-01  6.2518E-01
  88190.18  1.6029E-01  6.4116E-01
  88248.99  1.5770E-01  6.3079E-01
  88307.84  1.5843E-01  6.3372E-01
  88366.73  1.3375E-01  5.3498E-01
  88425.66  1.4961E-01  5.9844E-01
  88484.63  1.3769E-01  5.5076E-01
  88543.64  1.5871E-01  6.3485E-01
  88602.68  1.5776E-01  6.3106E-01
  88661.77  1.6028E-01  6.4112E-01
  88720.90  1.5987E-01  6.3948E-01
  88780.06  1.5949E-01  6.3796E-01
  88839.27  1.6035E-01  6.4140E-01
  88898.51  1.5343E-01  6.1373E-01
  88957.79  1.2685E-01  5.0741E-01
  89017.12  1.6002E-01  6.4009E-01
  89076.48  1.3687E-01  5.4746E-01
  89135.88  1.3539E-01  5.4157E-01
  89195.32  1.6068E-01  6.4274E-01
  89254.80  1.4519E-01  5.8077E-01
  89314.33  1.6130E-01  6.4519E-01
  89373.89  1.5960E-01  6.3840E-01
  89433.49  1.6067E-01  6.4268E-01
  89493.13  1.4650E-01  5.8601E-01
  89552.81  1.4992E-01  5.9969E-01
  89612.53  1.4616E-01  5.8464E-01
  89672.29  1.5960E-01  6.3839E-01
  89732.09  1.3644E-01  5.4578E-01
  89791.93  1.5577E-01  6.2308E-01
  89851.80  1.5410E-01  6.1640E-01
  89911.72  1.5516E-01  6.2066E-01
  89971.68  1.6279E-01  6.5116E-01
  90031.68  1.3022E-01  5.2086E-01
  90091.72  1.4013E-01  5.6051E-01
  90151.80  1.6209E-01  6.4836E-01
  90211.92  1.6226E-01  6.4906E-01
  90272.08  1.3417E-01  5.3666E-01
  90332.28  1.6237E-01  6.4950E-01
  90392.52  1.6276E-01  6.5105E-01
  90452.80  1.6057E-01  6.4229E-01
  90513.12  1.5901E-01  6.3602E-01
  90573.48  1.5785E-01  6.3141E-01
  90633.88  1.5802E-01  6.3209E-01
  90694.32  1.4397E-01  5.7588E-01
  90754.80  1.4426E-01  5.7703E-01
  90815.32  1.5875E-01  6.3500E-01
  90875.88  1.5481E-01  6.1926E-01
  90936.48  1.5875E-01  6.3500E-01
  90997.13  1.3575E-01  5.4299E-01
  91057.81  1.6302E-01  6.5207E-01
  91118.53  1.5434E-01  6.1734E-01
  91179.30  1.6374E-01  6.5497E-01
  91240.10  1.6256E-01  6.5025E-01
  91300.95  1.4034E-01  5.6136E-01
  91361.83  1.3802E-01  5.5206E-01
  91422.76  1.3866E-01  5.5462E-01
  91483.73  1.6229E-01  6.4915E-01
  91544.73  1.4384E-01  5.7537E-01
  91605.78  1.4904E-01  5.9617E-01
  91666.87  1.6428E-01  6.5713E-01
  91728.00  1.6430E-01  6.5719E-01
  91789.17  1.6425E-01  6.5701E-01
  91850.38  1.3863E-01  5.5451E-01
  91911.63  1.5622E-01  6.2488E-01
  91972.93  1.3886E-01  5.5542E-01
  92034.26  1.6270E-01  6.5081E-01
  92095.63  1.3895E-01  5.5580E-01
  92157.05  1.4043E-01  5.6173E-01
  92218.51  1.6433E-01  6.5731E-01
  92280.00  1.4412E-01  5.7647E-01
  92341.54  1.6547E-01  6.6187E-01
  92403.12  1.5756E-01  6.3023E-01
  92464.74  1.4195E-01  5.6780E-01
  92526.40  1.3944E-01  5.5777E-01
  92588.11  1.6079E-01  6.4315E-01
  92649.85  1.6160E-01  6.4640E-01
  92711.64  1.4300E-01  5.7201E-01
  92773.46  1.6376E-01  6.5503E-01
  92835.33  1.5899E-01  6.3597E-01
  92897.24  1.4015E-01  5.6061E-01
  92959.19  1.3993E-01  5.5974E-01
  93021.18  1.4567E-01  5.8270E-01
  93083.21  1.5603E-01  6.2412E-01
  93145.29  1.4234E-01  5.6936E-01
  93207.40  1.4787E-01  5.9148E-01
  93269.56  1.6324E-01  6.5295E-01
  93331.76  1.4733E-01  5.8931E-01
  93394.00  1.5687E-01  6.2746E-01
  93456.28  1.4171E-01  5.6683E-01
  93518.60  1.4064E-01  5.6256E-01
  93580.97  1.4092E-01  5.6366E-01
  93643.37  1.4068E-01  5.6273E-01
  93705.82  1.4345E-01  5.7379E-01
  93768.31  1.4100E-01  5.6398E-01
  93830.84  1.4239E-01  5.6955E-01
  93893.41  1.5436E-01  6.1744E-01
  93956.03  1.5626E-01  6.2504E-01
  94018.68  1.4921E-01  5.9682E-01
  94081.38  1.5218E-01  6.0872E-01
  94144.12  1.4396E-01  5.7583E-01
  94206.90  1.4189E-01  5.6755E-01
  94269.73  1.4652E-01  5.8607E-01
  94332.59  1.5305E-01  6.1221E-01
  94395.50  1.4581E-01  5.8323E-01
  94458.45  1.4158E-01  5.6632E-01
  94521.44  1.4486E-01  5.7943E-01
  94584.47  1.4482E-01  5.7927E-01
  94647.55  1.4641E-01  5.8563E-01
  94710.66  1.4694E-01  5.8777E-01
  94773.82  1.4182E-01  5.6729E-01
  94837.03  1.6697E-01  6.6787E-01
  94900.27  1.4441E-01  5.7764E-01
  94963.55  1.4200E-01  5.6801E-01
  95026.88  1.4587E-01  5.8348E-01
  95090.25  1.6135E-01  6.4541E-01
  95153.67  1.4218E-01  5.6872E-01
  95217.12  1.4640E-01  5.8559E-01
  95280.62  1.4401E-01  5.7605E-01
  95344.16  1.4979E-01  5.9918E-01
  95407.74  1.4327E-01  5.7309E-01
  95471.36  1.4249E-01  5.6996E-01
  95535.03  1.4282E-01  5.7128E-01
  95598.74  1.4451E-01  5.7805E-01
  95662.49  1.4687E-01  5.8748E-01
  95726.28  1.4289E-01  5.7156E-01
  95790.12  1.4793E-01  5.9173E-01
  95854.00  1.4766E-01  5.9062E-01
  95917.92  1.4291E-01  5.7162E-01
  95981.89  1.4292E-01  5.7168E-01
  96045.89  1.4297E-01  5.7187E-01
  96109.94  1.4302E-01  5.7208E-01
  96174.04  1.5755E-01  6.3020E-01
  96238.17  1.4910E-01  5.9641E-01
  96302.35  1.5370E-01  6.1479E-01
  96366.57  1.4629E-01  5.8516E-01
  96430.83  1.6043E-01  6.4171E-01
  96495.14  1.4334E-01  5.7335E-01
  96559.49  1.6273E-01  6.5090E-01
  96623.88  1.4899E-01  5.9594E-01
  96688.32  1.4939E-01  5.9755E-01
  96752.80  1.4509E-01  5.8037E-01
  96817.32  1.4385E-01  5.7540E-01
  96881.88  1.4457E-01  5.7829E-01
  96946.49  1.4712E-01  5.8849E-01
  97011.14  1.4686E-01  5.8746E-01
  97075.83  1.4524E-01  5.8094E-01
  97140.57  1.4534E-01  5.8138E-01
  97205.35  1.5082E-01  6.0330E-01
  97270.17  1.5258E-01  6.1031E-01
  97335.04  1.4878E-01  5.9511E-01
  97399.95  1.6603E-01  6.6410E-01
  97464.90  1.4666E-01  5.8666E-01
  97529.90  1.4929E-01  5.9715E-01
  97594.94  1.4611E-01  5.8445E-01
  97660.02  1.4671E-01  5.8683E-01
  97725.14  1.5320E-01  6.1281E-01
  97790.31  1.4677E-01  5.8707E-01
  97855.53  1.4489E-01  5.7958E-01
  97920.78  1.5582E-01  6.2327E-01
  97986.08  1.4533E-01  5.8134E-01
  98051.43  1.5819E-01  6.3275E-01
  98116.82  1.4872E-01  5.9487E-01
  98182.25  1.4912E-01  5.9646E-01
  98247.72  1.4461E-01  5.7845E-01
  98313.24  1.4465E-01  5.7862E-01
  98378.80  1.4660E-01  5.8641E-01
  98444.41  1.5035E-01  6.0139E-01
  98510.06  1.5626E-01  6.2506E-01
  98575.75  1.4484E-01  5.7936E-01
  98641.49  1.4520E-01  5.8079E-01
  98707.27  1.4575E-01  5.8300E-01
  98773.09  1.4494E-01  5.7977E-01
  98838.96  1.4519E-01  5.8074E-01
  98904.87  1.6594E-01  6.6377E-01
  98970.83  1.4525E-01  5.8099E-01
  99036.83  1.4887E-01  5.9547E-01
  99102.87  1.4668E-01  5.8671E-01
  99168.96  1.4538E-01  5.8153E-01
  99235.09  1.5204E-01  6.0817E-01
  99301.27  1.4923E-01  5.9692E-01
  99367.49  1.4529E-01  5.8117E-01
  99433.76  1.4716E-01  5.8864E-01
  99500.06  1.6475E-01  6.5900E-01
  99566.42  1.6011E-01  6.4046E-01
  99632.82  1.4654E-01  5.8614E-01
  99699.26  1.4845E-01  5.9379E-01
  99765.74  1.5132E-01  6.0527E-01
  99832.27  1.4616E-01  5.8464E-01
  99898.85  1.6050E-01  6.4199E-01
  99965.47  1.4597E-01  5.8390E-01
 100032.13  1.4565E-01  5.8261E-01
 100098.84  1.4835E-01  5.9340E-01
 100165.59  1.5028E-01  6.0111E-01
 100232.39  1.4575E-01  5.8299E-01
 100299.23  1.5217E-01  6.0869E-01
 100366.12  1.5689E-01  6.2755E-01
 100433.05  1.5887E-01  6.3547E-01
 100500.02  1.6286E-01  6.5144E-01
 100567.04  1.5383E-01  6.1531E-01
 100634.11  1.5000E-01  5.9998E-01
 100701.22  1.6088E-01  6.4352E-01
 100768.37  1.5546E-01  6.2183E-01
 100835.57  1.5451E-01  6.1802E-01
 100902.82  1.5306E-01  6.1225E-01
 100970.10  1.5931E-01  6.3722E-01
 101037.44  1.4612E-01  5.8448E-01
 101104.82  1.4618E-01  5.8472E-01
 101172.24  1.4898E-01  5.9591E-01
 101239.71  1.4621E-01  5.8482E-01
 101307.22  1.7004E-01  6.8015E-01
 101374.78  1.5543E-01  6.2171E-01
 101442.38  1.5428E-01  6.1711E-01
 101510.03  1.5093E-01  6.0372E-01
 101577.73  1.5393E-01  6.1572E-01
 101645.46  1.5769E-01  6.3076E-01
 101713.25  1.7034E-01  6.8135E-01
 101781.08  1.5219E-01  6.0877E-01
 101848.95  1.4991E-01  5.9963E-01
 101916.87  1.5790E-01  6.3162E-01
 101984.84  1.6477E-01  6.5909E-01
 102052.85  1.4747E-01  5.8990E-01
 102120.90  1.5039E-01  6.0156E-01
 102189.00  1.4664E-01  5.8655E-01
 102257.15  1.4743E-01  5.8972E-01
 102325.34  1.6066E-01  6.4265E-01
 102393.58  1.6033E-01  6.4130E-01
 102461.86  1.5111E-01  6.0446E-01
 102530.19  1.6240E-01  6.4958E-01
 102598.56  1.4747E-01  5.8987E-01
 102666.98  1.4675E-01  5.8699E-01
 102735.45  1.5599E-01  6.2395E-01
 102803.96  1.5639E-01  6.2557E-01
 102872.52  1.5132E-01  6.0528E-01
 102941.12  1.5967E-01  6.3867E-01
 103009.77  1.6265E-01  6.5061E-01
 103078.46  1.6692E-01  6.6768E-01
 103147.20  1.6880E-01  6.7520E-01
 103215.99  1.4688E-01  5.8753E-01
 103284.82  1.6429E-01  6.5716E-01
 103353.69  1.5197E-01  6.0786E-01
 103422.62  1.4693E-01  5.8774E-01
 103491.59  1.4710E-01  5.8838E-01
 103560.60  1.4697E-01  5.8788E-01
 103629.66  1.6987E-01  6.7947E-01
 103698.77  1.4987E-01  5.9947E-01
 103767.92  1.5614E-01  6.2454E-01
 103837.12  1.5486E-01  6.1943E-01
 103906.37  1.6411E-01  6.5644E-01
 103975.66  1.6253E-01  6.5011E-01
 104045.00  1.4928E-01  5.9710E-01
 104114.38  1.6500E-01  6.6002E-01
 104183.81  1.4744E-01  5.8975E-01
 104253.29  1.4712E-01  5.8849E-01
 104322.81  1.6973E-01  6.7892E-01
 104392.38  1.4715E-01  5.8859E-01
 104462.00  1.4838E-01  5.9351E-01
 104531.66  1.4792E-01  5.9167E-01
 104601.37  1.6762E-01  6.7047E-01
 104671.12  1.6989E-01  6.7956E-01
 104740.92  1.6801E-01  6.7204E-01
 104810.77  1.5169E-01  6.0677E-01
 104880.67  1.6511E-01  6.6045E-01
 104950.61  1.5599E-01  6.2396E-01
 105020.60  1.4725E-01  5.8901E-01
 105090.63  1.6954E-01  6.7816E-01
 105160.71  1.4356E-01  5.7423E-01
 105230.84  1.4731E-01  5.8925E-01
 105301.02  1.5666E-01  6.2665E-01
 105371.24  1.7012E-01  6.8047E-01
 105441.51  1.4731E-01  5.8925E-01
 105511.82  1.5142E-01  6.0569E-01
 105582.18  1.5264E-01  6.1054E-01
 105652.59  1.6685E-01  6.6740E-01
 105723.05  1.6174E-01  6.4696E-01
 105793.55  1.6926E-01  6.7702E-01
 105864.10  1.6983E-01  6.7933E-01
 105934.70  1.4736E-01  5.8944E-01
 106005.34  1.5841E-01  6.3365E-01
 106076.04  1.6292E-01  6.5168E-01
 106146.77  1.4953E-01  5.9812E-01
 106217.56  1.5201E-01  6.0803E-01
 106288.39  1.4801E-01  5.9202E-01
 106359.27  1.4999E-01  5.9997E-01
 106430.20  1.6768E-01  6.7071E-01
 106501.18  1.6280E-01  6.5118E-01
 106572.20  1.6977E-01  6.7907E-01
 106643.27  1.6559E-01  6.6238E-01
 106714.38  1.4768E-01  5.9072E-01
 106785.55  1.6984E-01  6.7937E-01
 106856.76  1.5888E-01  6.3553E-01
 106928.02  1.5787E-01  6.3148E-01
 106999.33  1.6927E-01  6.7708E-01
 107070.68  1.6999E-01  6.7994E-01
 107142.08  1.6803E-01  6.7214E-01
 107213.53  1.5310E-01  6.1241E-01
 107285.03  1.4741E-01  5.8964E-01
 107356.57  1.5715E-01  6.2860E-01
 107428.17  1.6919E-01  6.7676E-01
 107499.81  1.4741E-01  5.8963E-01
 107571.49  1.6447E-01  6.5787E-01
 107643.23  1.6422E-01  6.5687E-01
 107715.01  1.5025E-01  6.0099E-01
 107786.85  1.5358E-01  6.1433E-01
 107858.73  1.5249E-01  6.0996E-01
 107930.65  1.6068E-01  6.4271E-01
 108002.63  1.4739E-01  5.8957E-01
 108074.65  1.6710E-01  6.6839E-01
 108146.72  1.4739E-01  5.8954E-01
 108218.84  1.6378E-01  6.5512E-01
 108291.01  1.6681E-01  6.6726E-01
 108363.23  1.6713E-01  6.6852E-01
 108435.49  1.6740E-01  6.6960E-01
 108507.80  1.4736E-01  5.8945E-01
 108580.16  1.6965E-01  6.7861E-01
 108652.57  1.6248E-01  6.4992E-01
 108725.03  1.4830E-01  5.9318E-01
 108797.53  1.6786E-01  6.7144E-01
 108870.09  1.6752E-01  6.7009E-01
 108942.69  1.5407E-01  6.1628E-01
 109015.34  1.6941E-01  6.7763E-01
 109088.04  1.5549E-01  6.2197E-01
 109160.78  1.6215E-01  6.4860E-01
 109233.58  1.4729E-01  5.8917E-01
 109306.42  1.6940E-01  6.7762E-01
 109379.32  1.6570E-01  6.6282E-01
 109452.26  1.5275E-01  6.1100E-01
 109525.25  1.4620E-01  5.8480E-01
 109598.29  1.5123E-01  6.0494E-01
 109671.37  1.5661E-01  6.2643E-01
 109744.51  1.5181E-01  6.0724E-01
 109817.69  1.6378E-01  6.5511E-01
 109890.93  1.6883E-01  6.7533E-01
 109964.21  1.6782E-01  6.7127E-01
 110037.54  1.4724E-01  5.8895E-01
 110110.92  1.4717E-01  5.8867E-01
 110184.35  1.6652E-01  6.6609E-01
 110257.83  1.6865E-01  6.7458E-01
 110331.36  1.6764E-01  6.7054E-01
 110404.93  1.6567E-01  6.6269E-01
 110478.56  1.5540E-01  6.2162E-01
 110552.23  1.6290E-01  6.5161E-01
 110625.96  1.6818E-01  6.7274E-01
 110699.73  1.6405E-01  6.5620E-01
 110773.55  1.6868E-01  6.7474E-01
 110847.42  1.4916E-01  5.9665E-01
 110921.34  1.5669E-01  6.2677E-01
 110995.31  1.6835E-01  6.7342E-01
 111069.33  1.6437E-01  6.5750E-01
 111143.40  1.5381E-01  6.1523E-01
 111217.52  1.6580E-01  6.6322E-01
 111291.69  1.5731E-01  6.2923E-01
 111365.90  1.5298E-01  6.1191E-01
 111440.17  1.5250E-01  6.1002E-01
 111514.49  1.4743E-01  5.8971E-01
 111588.85  1.5688E-01  6.2752E-01
 111663.27  1.3132E-01  5.2529E-01
 111737.73  1.3615E-01  5.4462E-01
 111812.24  1.5226E-01  6.0903E-01
 111886.81  1.5449E-01  6.1795E-01
 111961.42  1.6503E-01  6.6013E-01
 112036.08  1.5715E-01  6.2862E-01
 112110.80  1.5625E-01  6.2501E-01
 112185.56  1.6288E-01  6.5153E-01
 112260.37  1.5746E-01  6.2985E-01
 112335.24  1.4727E-01  5.8906E-01
 112410.15  1.4515E-01  5.8062E-01
 112485.11  1.4674E-01  5.8697E-01
 112560.12  1.6772E-01  6.7090E-01
 112635.19  1.6775E-01  6.7102E-01
 112710.30  1.4655E-01  5.8621E-01
 112785.46  1.6400E-01  6.5599E-01
 112860.68  1.5845E-01  6.3380E-01
 112935.94  1.6349E-01  6.5395E-01
 113011.25  1.5786E-01  6.3143E-01
 113086.61  1.6581E-01  6.6324E-01
 113162.03  1.6020E-01  6.4079E-01
 113237.49  1.6237E-01  6.4947E-01
 113313.01  1.3202E-01  5.2809E-01
 113388.57  1.6441E-01  6.5765E-01
 113464.19  1.3726E-01  5.4905E-01
 113539.85  1.6593E-01  6.6371E-01
 113615.57  1.5966E-01  6.3864E-01
 113691.33  1.3419E-01  5.3674E-01
 113767.15  1.3093E-01  5.2373E-01
 113843.02  1.4830E-01  5.9319E-01
 113918.94  1.6595E-01  6.6381E-01
 113994.91  1.5665E-01  6.2659E-01
 114070.93  1.6410E-01  6.5640E-01
 114147.00  1.5862E-01  6.3447E-01
 114223.12  1.3581E-01  5.4323E-01
 114299.29  1.5388E-01  6.1553E-01
 114375.51  1.3395E-01  5.3581E-01
 114451.78  1.6604E-01  6.6415E-01
 114528.11  1.4579E-01  5.8316E-01
 114604.48  1.4589E-01  5.8357E-01
 114680.91  1.6584E-01  6.6336E-01
 114757.39  1.6598E-01  6.6392E-01
 114833.91  1.3549E-01  5.4198E-01
 114910.49  1.4837E-01  5.9348E-01
 114987.12  1.4947E-01  5.9788E-01
 115063.80  1.6090E-01  6.4361E-01
 115140.54  1.4570E-01  5.8281E-01
 115217.32  1.5607E-01  6.2426E-01
 115294.15  1.5771E-01  6.3086E-01
 115371.04  1.4734E-01  5.8936E-01
 115447.98  1.3076E-01  5.2304E-01
 115524.96  1.6434E-01  6.5737E-01
 115602.00  1.3108E-01  5.2433E-01
 115679.10  1.6600E-01  6.6399E-01
 115756.24  1.6165E-01  6.4661E-01
 115833.43  1.3036E-01  5.2143E-01
 115910.68  1.5451E-01  6.1803E-01
 115987.97  1.6028E-01  6.4114E-01
 116065.32  1.3225E-01  5.2900E-01
 116142.72  1.5708E-01  6.2833E-01
 116220.17  1.6499E-01  6.5994E-01
 116297.68  1.3278E-01  5.3114E-01
 116375.23  1.3266E-01  5.3063E-01
 116452.84  1.5300E-01  6.1199E-01
 116530.50  1.2961E-01  5.1843E-01
 116608.21  1.6510E-01  6.6039E-01
 116685.97  1.3964E-01  5.5854E-01
 116763.78  1.5070E-01  6.0281E-01
 116841.65  1.3927E-01  5.5709E-01
 116919.57  1.5679E-01  6.2715E-01
 116997.54  1.5200E-01  6.0799E-01
 117075.56  1.4490E-01  5.7960E-01
 117153.63  1.2941E-01  5.1763E-01
 117231.76  1.4324E-01  5.7297E-01
 117309.94  1.4581E-01  5.8324E-01
 117388.17  1.4947E-01  5.9788E-01
 117466.45  1.5441E-01  6.1765E-01
 117544.78  1.6068E-01  6.4273E-01
 117623.17  1.5350E-01  6.1400E-01
 117701.61  1.4459E-01  5.7836E-01
 117780.10  1.4559E-01  5.8238E-01
 117858.65  1.3296E-01  5.3184E-01
 117937.24  1.2695E-01  5.0781E-01
 118015.89  1.6035E-01  6.4138E-01
 118094.59  1.3012E-01  5.2046E-01
 118173.34  1.3375E-01  5.3499E-01
 118252.15  1.3552E-01  5.4207E-01
 118331.01  1.6071E-01  6.4284E-01
 118409.92  1.2831E-01  5.1323E-01
 118488.88  1.6097E-01  6.4386E-01
 118567.90  1.3794E-01  5.5174E-01
 118646.97  1.2748E-01  5.0992E-01
 118726.09  1.4642E-01  5.8568E-01
 118805.26  1.3169E-01  5.2675E-01
 118884.49  1.2935E-01  5.1740E-01
 118963.77  1.5861E-01  6.3443E-01
 119043.10  1.6170E-01  6.4679E-01
 119122.49  1.6317E-01  6.5270E-01
 119201.93  1.6262E-01  6.5046E-01
 119281.42  1.3112E-01  5.2446E-01
 119360.97  1.4261E-01  5.7044E-01
 119440.56  1.5471E-01  6.1885E-01
 119520.21  1.5526E-01  6.2103E-01
 119599.92  1.5702E-01  6.2807E-01
 119679.68  1.4911E-01  5.9642E-01
 119759.49  1.6174E-01  6.4697E-01
 119839.35  1.5854E-01  6.3417E-01
 119919.27  1.6185E-01  6.4739E-01
 119999.24  1.5904E-01  6.3615E-01
 120079.26  1.4804E-01  5.9214E-01
 120159.34  1.5594E-01  6.2376E-01
 120239.47  1.5516E-01  6.2063E-01
 120319.65  1.2985E-01  5.1938E-01
 120399.89  1.3195E-01  5.2781E-01
 120480.18  1.5573E-01  6.2291E-01
 120560.52  1.2740E-01  5.0960E-01
 120640.92  1.5125E-01  6.0502E-01
 120721.37  1.4842E-01  5.9370E-01
 120801.88  1.4267E-01  5.7068E-01
 120882.44  1.3616E-01  5.4464E-01
 120963.05  1.3128E-01  5.2510E-01
 121043.71  1.2679E-01  5.0716E-01
 121124.44  1.5710E-01  6.2839E-01
 121205.21  1.3011E-01  5.2044E-01
 121286.04  1.3353E-01  5.3411E-01
 121366.92  1.6065E-01  6.4260E-01
 121447.85  1.2674E-01  5.0697E-01
 121528.84  1.4859E-01  5.9436E-01
 121609.89  1.4408E-01  5.7630E-01
 121690.98  1.3573E-01  5.4294E-01
 121772.14  1.2646E-01  5.0584E-01
 121853.34  1.2542E-01  5.0169E-01
 121934.60  1.2568E-01  5.0272E-01
 122015.92  1.5345E-01  6.1379E-01
 122097.28  1.3031E-01  5.2124E-01
 122178.71  1.2599E-01  5.0397E-01
 122260.18  1.2762E-01  5.1049E-01
 122341.72  1.5908E-01  6.3633E-01
 122423.30  1.2772E-01  5.1088E-01
 122504.94  1.5088E-01  6.0350E-01
 122586.64  1.2894E-01  5.1574E-01
 122668.38  1.2573E-01  5.0291E-01
 122750.19  1.2582E-01  5.0326E-01
 122832.05  1.3768E-01  5.5071E-01
 122913.96  1.2373E-01  4.9490E-01
 122995.93  1.4576E-01  5.8303E-01
 123077.95  1.5136E-01  6.0543E-01
 123160.02  1.2414E-01  4.9655E-01
 123242.16  1.2756E-01  5.1026E-01
 123324.34  1.2430E-01  4.9721E-01
 123406.58  1.5243E-01  6.0972E-01
 123488.88  1.5110E-01  6.0441E-01
 123571.23  1.3260E-01  5.3040E-01
 123653.63  1.4426E-01  5.7704E-01
 123736.09  1.4883E-01  5.9531E-01
 123818.61  1.4061E-01  5.6246E-01
 123901.18  1.2722E-01  5.0887E-01
 123983.81  1.4878E-01  5.9513E-01
 124066.49  1.4062E-01  5.6250E-01
 124149.22  1.4194E-01  5.6775E-01
 124232.01  1.2903E-01  5.1613E-01
 124314.86  1.3990E-01  5.5962E-01
 124397.76  1.4423E-01  5.7692E-01
 124480.72  1.4415E-01  5.7661E-01
 124563.73  1.2445E-01  4.9781E-01
 124646.80  1.4703E-01  5.8814E-01
 124729.92  1.3258E-01  5.3032E-01
 124813.10  1.2429E-01  4.9718E-01
 124896.33  1.2602E-01  5.0410E-01
 124979.62  1.4705E-01  5.8821E-01
 125062.97  1.5700E-01  6.2801E-01
 125146.37  1.2822E-01  5.1287E-01
 125229.82  1.2553E-01  5.0213E-01
 125313.33  1.5706E-01  6.2824E-01
 125396.90  1.5710E-01  6.2839E-01
 125480.52  1.5409E-01  6.1637E-01
 125564.20  1.2537E-01  5.0148E-01
 125647.94  1.3187E-01  5.2749E-01
 125731.73  1.2197E-01  4.8788E-01
 125815.57  1.2195E-01  4.8780E-01
 125899.48  1.4132E-01  5.6526E-01
 125983.43  1.2197E-01  4.8788E-01
 126067.45  1.5554E-01  6.2215E-01
 126151.52  1.5013E-01  6.0053E-01
 126235.65  1.4430E-01  5.7720E-01
 126319.83  1.4801E-01  5.9204E-01
 126404.07  1.2412E-01  4.9648E-01
 126488.36  1.5225E-01  6.0901E-01
 126572.71  1.5017E-01  6.0068E-01
 126657.12  1.3569E-01  5.4275E-01
 126741.58  1.2200E-01  4.8801E-01
 126826.10  1.3849E-01  5.5395E-01
 126910.68  1.3824E-01  5.5296E-01
 126995.31  1.4173E-01  5.6693E-01
 127080.00  1.3063E-01  5.2253E-01
 127164.74  1.2619E-01  5.0476E-01
 127249.55  1.2037E-01  4.8149E-01
 127334.41  1.4959E-01  5.9835E-01
 127419.32  1.2805E-01  5.1219E-01
 127504.29  1.5396E-01  6.1586E-01
 127589.32  1.5389E-01  6.1555E-01
 127674.41  1.5022E-01  6.0090E-01
 127759.55  1.1957E-01  4.7828E-01
 127844.75  1.2312E-01  4.9246E-01
 127930.00  1.2788E-01  5.1152E-01
 128015.31  1.2254E-01  4.9015E-01
 128100.68  1.5205E-01  6.0818E-01
 128186.11  1.3323E-01  5.3293E-01
 128271.59  1.2176E-01  4.8705E-01
 128357.13  1.1911E-01  4.7642E-01
 128442.73  1.2793E-01  5.1171E-01
 128528.38  1.3911E-01  5.5642E-01
 128614.09  1.2457E-01  4.9827E-01
 128699.86  1.5253E-01  6.1011E-01
 128785.69  1.2252E-01  4.9006E-01
 128871.57  1.1957E-01  4.7829E-01
 128957.51  1.1914E-01  4.7654E-01
 129043.51  1.4783E-01  5.9133E-01
 129129.56  1.3330E-01  5.3320E-01
 129215.68  1.3632E-01  5.4529E-01
 129301.85  1.2015E-01  4.8060E-01
 129388.07  1.4322E-01  5.7289E-01
 129474.36  1.3946E-01  5.5786E-01
 129560.70  1.1863E-01  4.7451E-01
 129647.10  1.3517E-01  5.4069E-01
 129733.56  1.3588E-01  5.4351E-01
 129820.07  1.2615E-01  5.0462E-01
 129906.64  1.4719E-01  5.8876E-01
 129993.27  1.1851E-01  4.7403E-01
 130079.96  1.2351E-01  4.9404E-01
 130166.71  1.5007E-01  6.0029E-01
 130253.51  1.1846E-01  4.7386E-01
 130340.37  1.3563E-01  5.4251E-01
 130427.29  1.1935E-01  4.7740E-01
 130514.27  1.1708E-01  4.6831E-01
 130601.31  1.1880E-01  4.7522E-01
 130688.40  1.1741E-01  4.6965E-01
 130775.55  1.1678E-01  4.6714E-01
 130862.76  1.4492E-01  5.7968E-01
 130950.03  1.1736E-01  4.6944E-01
 131037.36  1.1665E-01  4.6658E-01
 131124.74  1.1731E-01  4.6925E-01
 131212.18  1.3615E-01  5.4459E-01
 131299.69  1.3281E-01  5.3126E-01
 131387.24  1.4999E-01  5.9997E-01
 131474.86  1.3510E-01  5.4038E-01
 131562.54  1.1663E-01  4.6654E-01
 131650.27  1.1882E-01  4.7530E-01
 131738.07  1.3782E-01  5.5127E-01
 131825.92  1.3406E-01  5.3624E-01
 131913.83  1.4915E-01  5.9658E-01
 132001.80  1.3387E-01  5.3548E-01
 132089.83  1.3793E-01  5.5173E-01
 132177.91  1.3057E-01  5.2228E-01
 132266.06  1.3846E-01  5.5383E-01
 132354.26  1.1582E-01  4.6327E-01
 132442.52  1.4255E-01  5.7022E-01
 132530.84  1.2368E-01  4.9472E-01
 132619.22  1.1887E-01  4.7547E-01
 132707.66  1.1491E-01  4.5966E-01
 132796.16  1.1713E-01  4.6854E-01
 132884.72  1.4046E-01  5.6186E-01
 132973.34  1.4079E-01  5.6316E-01
 133062.01  1.3292E-01  5.3169E-01
 133150.75  1.3436E-01  5.3745E-01
 133239.54  1.1782E-01  4.7126E-01
 133328.39  1.1704E-01  4.6815E-01
 133417.31  1.2263E-01  4.9050E-01
 133506.28  1.2569E-01  5.0278E-01
 133595.31  1.2279E-01  4.9118E-01
 133684.40  1.4764E-01  5.9055E-01
 133773.55  1.1532E-01  4.6127E-01
 133862.76  1.3216E-01  5.2862E-01
 133952.03  1.1402E-01  4.5607E-01
 134041.35  1.1327E-01  4.5308E-01
 134130.74  1.3528E-01  5.4111E-01
 134220.19  1.2070E-01  4.8281E-01
 134309.70  1.2340E-01  4.9360E-01
 134399.26  1.1713E-01  4.6852E-01
 134488.89  1.1511E-01  4.6044E-01
 134578.57  1.2038E-01  4.8151E-01
 134668.32  1.4508E-01  5.8033E-01
 134758.13  1.1332E-01  4.5329E-01
 134847.99  1.3923E-01  5.5690E-01
 134937.92  1.3743E-01  5.4972E-01
 135027.90  1.3368E-01  5.3472E-01
 135117.95  1.3567E-01  5.4269E-01
 135208.05  1.4586E-01  5.8345E-01
 135298.22  1.2181E-01  4.8726E-01
 135388.45  1.4304E-01  5.7218E-01
 135478.73  1.1298E-01  4.5192E-01
 135569.08  1.1458E-01  4.5834E-01
 135659.49  1.1182E-01  4.4727E-01
 135749.95  1.2950E-01  5.1800E-01
 135840.48  1.1696E-01  4.6783E-01
 135931.07  1.2121E-01  4.8486E-01
 136021.71  1.2958E-01  5.1831E-01
 136112.42  1.3674E-01  5.4696E-01
 136203.19  1.2287E-01  4.9148E-01
 136294.02  1.1813E-01  4.7252E-01
 136384.91  1.1159E-01  4.4636E-01
 136475.86  1.1348E-01  4.5392E-01
 136566.87  1.2051E-01  4.8203E-01
 136657.94  1.1642E-01  4.6566E-01
 136749.08  1.3917E-01  5.5669E-01
 136840.27  1.1245E-01  4.4980E-01
 136931.53  1.3205E-01  5.2818E-01
 137022.84  1.2925E-01  5.1699E-01
 137114.22  1.3397E-01  5.3587E-01
 137205.65  1.1556E-01  4.6224E-01
 137297.15  1.1170E-01  4.4679E-01
 137388.71  1.1020E-01  4.4079E-01
 137480.33  1.4106E-01  5.6425E-01
 137572.01  1.2906E-01  5.1625E-01
 137663.75  1.2983E-01  5.1933E-01
 137755.56  1.1104E-01  4.4418E-01
 137847.42  1.2191E-01  4.8763E-01
 137939.35  1.1103E-01  4.4411E-01
 138031.33  1.4170E-01  5.6680E-01
 138123.38  1.0962E-01  4.3850E-01
 138215.49  1.3387E-01  5.3548E-01
 138307.66  1.1734E-01  4.6936E-01
 138399.90  1.1221E-01  4.4884E-01
 138492.19  1.2979E-01  5.1918E-01
 138584.55  1.3134E-01  5.2536E-01
 138676.96  1.0880E-01  4.3522E-01
 138769.44  1.2772E-01  5.1089E-01
 138861.98  1.2821E-01  5.1285E-01
 138954.59  1.4041E-01  5.6166E-01
 139047.25  1.1066E-01  4.4264E-01
 139139.98  1.2752E-01  5.1010E-01
 139232.76  1.2960E-01  5.1841E-01
 139325.61  1.2711E-01  5.0843E-01
 139418.53  1.0998E-01  4.3991E-01
 139511.50  1.2953E-01  5.1811E-01
 139604.53  1.3116E-01  5.2466E-01
 139697.63  1.2650E-01  5.0601E-01
 139790.79  1.2198E-01  4.8791E-01
 139884.01  1.2632E-01  5.0527E-01
 139977.30  1.3112E-01  5.2450E-01
 140070.64  1.3053E-01  5.2214E-01
 140164.05  1.1447E-01  4.5787E-01
 140257.52  1.2734E-01  5.0935E-01
 140351.06  1.2585E-01  5.0340E-01
 140444.65  1.2576E-01  5.0302E-01
 140538.31  1.1715E-01  4.6861E-01
 140632.03  1.0979E-01  4.3917E-01
 140725.81  1.1979E-01  4.7915E-01
 140819.66  1.0733E-01  4.2932E-01
 140913.57  1.1067E-01  4.4266E-01
 141007.54  1.1142E-01  4.4568E-01
 141101.57  1.1572E-01  4.6287E-01
 141195.67  1.0648E-01  4.2594E-01
 141289.82  1.2567E-01  5.0269E-01
 141384.05  1.2725E-01  5.0901E-01
 141478.33  1.2971E-01  5.1885E-01
 141572.68  1.0790E-01  4.3159E-01
 141667.09  1.3690E-01  5.4761E-01
 141761.56  1.3397E-01  5.3588E-01
 141856.10  1.2469E-01  4.9876E-01
 141950.70  1.1048E-01  4.4193E-01
 142045.36  1.0925E-01  4.3698E-01
 142140.08  1.0639E-01  4.2556E-01
 142234.87  1.0601E-01  4.2405E-01
 142329.72  1.0547E-01  4.2188E-01
 142424.64  1.2357E-01  4.9430E-01
 142519.62  1.3494E-01  5.3976E-01
 142614.66  1.1597E-01  4.6387E-01
 142709.76  1.0795E-01  4.3180E-01
 142804.93  1.0609E-01  4.2435E-01
 142900.16  1.2226E-01  4.8905E-01
 142995.46  1.2318E-01  4.9272E-01
 143090.82  1.0518E-01  4.2073E-01
 143186.24  1.0607E-01  4.2428E-01
 143281.73  1.2288E-01  4.9152E-01
 143377.28  1.2426E-01  4.9703E-01
 143472.89  1.3385E-01  5.3540E-01
 143568.57  1.1352E-01  4.5409E-01
 143664.31  1.1064E-01  4.4255E-01
 143760.11  1.1074E-01  4.4294E-01
 143855.98  1.1863E-01  4.7451E-01
 143951.91  1.2730E-01  5.0920E-01
 144047.91  1.0475E-01  4.1901E-01
 144143.97  1.1341E-01  4.5366E-01
 144240.10  1.2977E-01  5.1906E-01
 144336.29  1.2769E-01  5.1078E-01
 144432.54  1.0534E-01  4.2137E-01
 144528.86  1.2217E-01  4.8867E-01
 144625.24  1.0447E-01  4.1790E-01
 144721.68  1.0400E-01  4.1599E-01
 144818.19  1.2365E-01  4.9458E-01
 144914.77  1.0514E-01  4.2055E-01
 145011.41  1.0335E-01  4.1339E-01
 145108.11  1.2932E-01  5.1729E-01
 145204.88  1.0308E-01  4.1232E-01
 145301.71  1.2970E-01  5.1880E-01
 145398.61  1.0258E-01  4.1033E-01
 145495.57  1.0428E-01  4.1713E-01
 145592.59  1.1898E-01  4.7590E-01
 145689.69  1.3186E-01  5.2745E-01
 145786.84  1.0298E-01  4.1194E-01
 145884.06  1.0564E-01  4.2257E-01
 145981.35  1.1494E-01  4.5977E-01
 146078.70  1.3243E-01  5.2972E-01
 146176.11  1.2191E-01  4.8763E-01
 146273.59  1.0202E-01  4.0809E-01
 146371.14  1.3152E-01  5.2610E-01
 146468.75  1.1692E-01  4.6768E-01
 146566.42  1.3067E-01  5.2267E-01
 146664.16  1.1941E-01  4.7765E-01
 146761.97  1.0263E-01  4.1053E-01
 146859.84  1.0129E-01  4.0515E-01
 146957.77  1.0154E-01  4.0617E-01
 147055.78  1.0108E-01  4.0431E-01
 147153.84  1.2608E-01  5.0432E-01
 147251.97  1.0336E-01  4.1344E-01
 147350.17  1.1664E-01  4.6657E-01
 147448.43  1.3067E-01  5.2267E-01
 147546.76  1.1902E-01  4.7607E-01
 147645.16  1.0334E-01  4.1334E-01
 147743.62  1.2654E-01  5.0615E-01
 147842.14  1.1013E-01  4.4053E-01
 147940.73  1.0913E-01  4.3652E-01
 148039.39  1.0664E-01  4.2654E-01
 148138.11  1.1871E-01  4.7482E-01
 148236.90  1.0697E-01  4.2787E-01
 148335.75  1.0434E-01  4.1735E-01
 148434.67  1.0208E-01  4.0833E-01
 148533.66  1.0043E-01  4.0173E-01
 148632.71  1.0040E-01  4.0160E-01
 148731.83  1.1978E-01  4.7910E-01
 148831.02  1.1721E-01  4.6883E-01
 148930.27  1.0272E-01  4.1089E-01
 149029.58  1.1229E-01  4.4915E-01
 149128.97  1.1344E-01  4.5377E-01
 149228.41  1.2025E-01  4.8100E-01
 149327.93  1.0057E-01  4.0229E-01
 149427.51  1.1700E-01  4.6800E-01
 149527.16  1.2477E-01  4.9909E-01
 149626.87  1.0435E-01  4.1740E-01
 149726.66  1.2264E-01  4.9057E-01
 149826.50  1.2932E-01  5.1727E-01
 149926.42  9.8545E-02  3.9418E-01
 150026.40  1.1612E-01  4.6449E-01
 150126.45  1.0081E-01  4.0322E-01
 150226.56  9.8637E-02  3.9455E-01
 150326.74  9.9798E-02  3.9919E-01
 150426.99  1.2536E-01  5.0144E-01
 150527.30  1.0354E-01  4.1414E-01
 150627.69  1.1078E-01  4.4312E-01
 150728.14  1.0599E-01  4.2396E-01
 150828.65  1.2664E-01  5.0655E-01
 150929.23  1.2051E-01  4.8205E-01
 151029.88  9.7321E-02  3.8928E-01
 151130.60  1.0858E-01  4.3431E-01
 151231.38  9.6952E-02  3.8781E-01
 151332.23  1.0460E-01  4.1841E-01
 151433.15  1.0415E-01  4.1659E-01
 151534.14  9.7712E-02  3.9085E-01
 151635.19  1.1424E-01  4.5697E-01
 151736.31  9.7836E-02  3.9134E-01
 151837.50  1.0839E-01  4.3356E-01
 151938.76  1.0143E-01  4.0574E-01
 152040.08  1.0204E-01  4.0815E-01
 152141.47  9.7971E-02  3.9188E-01
 152242.93  1.1468E-01  4.5872E-01
 152344.45  9.6023E-02  3.8409E-01
 152446.05  1.1083E-01  4.4332E-01
 152547.71  1.0538E-01  4.2150E-01
 152649.44  9.7620E-02  3.9048E-01
 152751.23  9.6084E-02  3.8433E-01
 152853.10  1.1277E-01  4.5107E-01
 152955.03  1.0294E-01  4.1174E-01
 153057.03  1.0499E-01  4.1996E-01
 153159.10  1.1759E-01  4.7036E-01
 153261.24  1.1330E-01  4.5319E-01
 153363.44  1.2046E-01  4.8184E-01
 153465.71  1.1234E-01  4.4936E-01
 153568.06  9.5610E-02  3.8244E-01
 153670.47  1.1081E-01  4.4324E-01
 153772.94  9.5295E-02  3.8118E-01
 153875.49  1.1037E-01  4.4150E-01
 153978.10  1.0377E-01  4.1508E-01
 154080.79  9.5213E-02  3.8085E-01
 154183.54  1.2153E-01  4.8610E-01
 154286.36  9.5008E-02  3.8003E-01
 154389.25  1.0330E-01  4.1321E-01
 154492.20  1.0675E-01  4.2701E-01
 154595.23  1.2073E-01  4.8294E-01
 154698.32  1.0376E-01  4.1504E-01
 154801.49  9.8831E-02  3.9532E-01
 154904.72  1.0858E-01  4.3431E-01
 155008.02  9.4034E-02  3.7614E-01
 155111.39  1.1188E-01  4.4750E-01
 155214.83  9.3646E-02  3.7458E-01
 155318.33  9.3176E-02  3.7270E-01
 155421.91  1.2119E-01  4.8475E-01
 155525.56  9.5687E-02  3.8275E-01
 155629.27  9.4748E-02  3.7899E-01
 155733.06  9.6390E-02  3.8556E-01
 155836.91  1.1607E-01  4.6429E-01
 155940.83  9.5700E-02  3.8280E-01
 156044.82  9.3206E-02  3.7282E-01
 156148.88  9.2563E-02  3.7025E-01
 156253.01  1.0977E-01  4.3909E-01
 156357.21  9.3927E-02  3.7571E-01
 156461.48  9.2274E-02  3.6910E-01
 156565.82  9.2141E-02  3.6856E-01
 156670.23  1.1588E-01  4.6353E-01
 156774.71  9.2167E-02  3.6867E-01
 156879.26  9.1849E-02  3.6739E-01
 156983.88  1.0881E-01  4.3522E-01
 157088.56  9.1647E-02  3.6659E-01
 157193.32  9.1794E-02  3.6717E-01
 157298.15  1.0021E-01  4.0084E-01
 157403.04  1.0002E-01  4.0006E-01
 157508.01  9.2194E-02  3.6878E-01
 157613.05  9.6933E-02  3.8773E-01
 157718.15  1.1845E-01  4.7381E-01
 157823.33  9.6083E-02  3.8433E-01
 157928.58  1.1779E-01  4.7116E-01
 158033.90  1.0762E-01  4.3046E-01
 158139.28  9.0831E-02  3.6332E-01
 158244.74  9.1677E-02  3.6671E-01
 158350.27  9.3237E-02  3.7295E-01
 158455.87  9.0738E-02  3.6295E-01
 158561.54  9.1095E-02  3.6438E-01
 158667.28  9.7320E-02  3.8928E-01
 158773.09  9.8621E-02  3.9448E-01
 158878.97  1.1621E-01  4.6484E-01
 158984.92  9.1031E-02  3.6412E-01
 159090.94  9.1945E-02  3.6778E-01
 159197.03  9.8717E-02  3.9487E-01
 159303.19  9.8167E-02  3.9267E-01
 159409.43  9.1961E-02  3.6784E-01
 159515.73  9.4074E-02  3.7630E-01
 159622.11  9.3022E-02  3.7209E-01
 159728.56  9.2274E-02  3.6910E-01
 159835.07  1.1204E-01  4.4816E-01
 159941.66  9.5851E-02  3.8340E-01
 160048.32  9.6071E-02  3.8429E-01
 160155.05  1.0555E-01  4.2219E-01
 160261.86  9.4796E-02  3.7918E-01
 160368.73  1.0588E-01  4.2352E-01
 160475.67  8.9092E-02  3.5637E-01
 160582.69  9.0852E-02  3.6341E-01
 160689.78  1.0040E-01  4.0161E-01
 160796.93  8.8774E-02  3.5510E-01
 160904.17  8.8746E-02  3.5498E-01
 161011.47  8.8827E-02  3.5531E-01
 161118.84  1.0983E-01  4.3933E-01
 161226.28  9.9652E-02  3.9861E-01
 161333.80  1.0385E-01  4.1541E-01
 161441.39  8.8752E-02  3.5501E-01
 161549.05  8.8475E-02  3.5390E-01
 161656.78  9.2160E-02  3.6864E-01
 161764.58  1.1379E-01  4.5518E-01
 161872.46  9.1705E-02  3.6682E-01
 161980.41  9.5104E-02  3.8042E-01
 162088.43  1.0348E-01  4.1392E-01
 162196.52  8.7919E-02  3.5168E-01
 162304.68  8.9421E-02  3.5768E-01
 162412.92  9.1482E-02  3.6593E-01
 162521.22  9.0402E-02  3.6161E-01
 162629.60  9.0090E-02  3.6036E-01
 162738.06  9.4301E-02  3.7721E-01
 162846.58  9.1351E-02  3.6540E-01
 162955.18  8.7382E-02  3.4953E-01
 163063.85  1.1008E-01  4.4030E-01
 163172.59  1.1087E-01  4.4347E-01
 163281.40  1.0964E-01  4.3857E-01
 163390.29  9.2634E-02  3.7054E-01
 163499.25  1.0046E-01  4.0185E-01
 163608.28  9.7760E-02  3.9104E-01
 163717.39  9.6993E-02  3.8797E-01
 163826.57  8.7311E-02  3.4925E-01
 163935.82  1.0508E-01  4.2032E-01
 164045.14  9.7919E-02  3.9167E-01
 164154.54  8.6242E-02  3.4497E-01
 164264.00  1.0203E-01  4.0813E-01
 164373.55  1.0282E-01  4.1128E-01
 164483.16  1.1058E-01  4.4232E-01
 164592.85  8.7457E-02  3.4983E-01
 164702.61  1.0287E-01  4.1146E-01
 164812.45  8.5849E-02  3.4340E-01
 164922.35  8.6690E-02  3.4676E-01
 165032.34  8.6601E-02  3.4640E-01
 165142.39  1.0817E-01  4.3268E-01
 165252.52  8.5500E-02  3.4200E-01
 165362.72  1.0613E-01  4.2450E-01
 165472.99  1.0559E-01  4.2236E-01
 165583.34  8.7560E-02  3.5024E-01
 165693.76  8.5563E-02  3.4225E-01
 165804.26  1.0724E-01  4.2895E-01
 165914.83  1.0263E-01  4.1053E-01
 166025.47  9.9996E-02  3.9998E-01
 166136.19  8.5782E-02  3.4313E-01
 166246.98  8.5204E-02  3.4082E-01
 166357.85  8.4792E-02  3.3917E-01
 166468.78  8.9109E-02  3.5643E-01
 166579.80  8.6661E-02  3.4665E-01
 166690.88  8.4312E-02  3.3725E-01
 166802.04  8.9013E-02  3.5605E-01
 166913.28  9.1601E-02  3.6641E-01
 167024.59  8.4926E-02  3.3970E-01
 167135.97  8.4629E-02  3.3852E-01
 167247.43  1.0451E-01  4.1803E-01
 167358.96  1.0317E-01  4.1267E-01
 167470.57  8.3924E-02  3.3570E-01
 167582.25  8.3579E-02  3.3431E-01
 167694.00  9.9972E-02  3.9989E-01
 167805.83  8.3471E-02  3.3388E-01
 167917.73  8.3351E-02  3.3340E-01
 168029.71  8.7455E-02  3.4982E-01
 168141.77  8.3574E-02  3.3430E-01
 168253.89  8.6749E-02  3.4699E-01
 168366.10  9.1855E-02  3.6742E-01
 168478.38  8.3093E-02  3.3237E-01
 168590.73  9.5675E-02  3.8270E-01
 168703.16  8.2726E-02  3.3090E-01
 168815.66  9.0404E-02  3.6162E-01
 168928.24  8.3717E-02  3.3487E-01
 169040.89  8.4995E-02  3.3998E-01
 169153.62  8.2685E-02  3.3074E-01
 169266.42  9.9147E-02  3.9659E-01
 169379.30  9.7524E-02  3.9009E-01
 169492.25  9.9719E-02  3.9888E-01
 169605.28  9.3862E-02  3.7545E-01
 169718.38  8.4063E-02  3.3625E-01
 169831.56  9.7970E-02  3.9188E-01
 169944.82  8.4311E-02  3.3724E-01
 170058.15  9.9129E-02  3.9652E-01
 170171.55  8.6499E-02  3.4600E-01
 170285.04  8.3220E-02  3.3288E-01
 170398.59  9.8034E-02  3.9214E-01
 170512.23  9.9216E-02  3.9686E-01
 170625.94  8.5507E-02  3.4203E-01
 170739.72  8.7777E-02  3.5111E-01
 170853.58  8.4357E-02  3.3743E-01
 170967.52  1.0044E-01  4.0175E-01
 171081.53  8.1845E-02  3.2738E-01
 171195.62  9.0926E-02  3.6370E-01
 171309.78  8.1170E-02  3.2468E-01
 171424.02  9.1505E-02  3.6602E-01
 171538.34  9.9003E-02  3.9601E-01
 171652.73  9.8792E-02  3.9517E-01
 171767.20  8.0952E-02  3.2381E-01
 171881.75  8.1207E-02  3.2483E-01
 171996.37  1.0294E-01  4.1175E-01
 172111.07  8.4461E-02  3.3784E-01
 172225.85  8.9184E-02  3.5673E-01
 172340.70  9.7651E-02  3.9060E-01
 172455.63  9.4064E-02  3.7626E-01
 172570.63  1.0145E-01  4.0578E-01
 172685.71  9.9619E-02  3.9848E-01
 172800.87  8.3420E-02  3.3368E-01
 172916.11  7.9713E-02  3.1885E-01
 173031.42  7.9696E-02  3.1878E-01
 173146.81  9.2821E-02  3.7128E-01
 173262.27  9.7857E-02  3.9143E-01
 173377.82  9.7552E-02  3.9021E-01
 173493.44  9.9189E-02  3.9676E-01
 173609.13  7.9783E-02  3.1913E-01
 173724.91  8.2249E-02  3.2900E-01
 173840.76  8.1341E-02  3.2537E-01
 173956.69  9.4102E-02  3.7641E-01
 174072.69  8.3705E-02  3.3482E-01
 174188.78  8.1573E-02  3.2629E-01
 174304.94  8.0510E-02  3.2204E-01
 174421.17  7.9368E-02  3.1747E-01
 174537.49  7.9518E-02  3.1807E-01
 174653.88  7.8535E-02  3.1414E-01
 174770.35  9.4125E-02  3.7650E-01
 174886.90  8.5621E-02  3.4248E-01
 175003.53  9.8281E-02  3.9312E-01
 175120.23  8.0516E-02  3.2206E-01
 175237.01  9.0043E-02  3.6017E-01
 175353.87  8.6571E-02  3.4628E-01
 175470.81  8.0182E-02  3.2073E-01
 175587.83  7.9531E-02  3.1812E-01
 175704.92  9.8090E-02  3.9236E-01
 175822.09  8.9292E-02  3.5717E-01
 175939.34  8.1300E-02  3.2520E-01
 176056.67  7.7829E-02  3.1132E-01
 176174.08  7.7283E-02  3.0913E-01
 176291.56  8.9648E-02  3.5859E-01
 176409.13  8.7744E-02  3.5098E-01
 176526.77  9.7303E-02  3.8921E-01
 176644.49  8.8082E-02  3.5233E-01
 176762.28  7.7979E-02  3.1192E-01
 176880.16  7.9843E-02  3.1937E-01
 176998.12  7.7149E-02  3.0860E-01
 177116.15  7.8253E-02  3.1301E-01
 177234.26  7.8979E-02  3.1592E-01
 177352.46  7.6870E-02  3.0748E-01
 177470.73  8.6585E-02  3.4634E-01
 177589.08  8.1396E-02  3.2558E-01
 177707.50  8.8280E-02  3.5312E-01
 177826.01  8.2057E-02  3.2823E-01
 177944.60  9.4648E-02  3.7859E-01
 178063.26  8.6292E-02  3.4517E-01
 178182.01  8.1527E-02  3.2611E-01
 178300.83  9.5417E-02  3.8167E-01
 178419.73  9.1785E-02  3.6714E-01
 178538.72  9.6035E-02  3.8414E-01
 178657.78  7.9870E-02  3.1948E-01
 178776.92  7.9037E-02  3.1615E-01
 178896.14  7.5222E-02  3.0089E-01
 179015.44  7.9134E-02  3.1654E-01
 179134.82  8.5387E-02  3.4155E-01
 179254.28  9.4866E-02  3.7946E-01
 179373.82  8.3821E-02  3.3528E-01
 179493.43  8.0783E-02  3.2313E-01
 179613.13  9.0716E-02  3.6286E-01
 179732.91  9.2126E-02  3.6851E-01
 179852.77  8.0699E-02  3.2280E-01
 179972.71  9.3106E-02  3.7243E-01
 180092.72  8.3908E-02  3.3563E-01
 180212.82  7.6507E-02  3.0603E-01
 180333.00  8.9637E-02  3.5855E-01
 180453.26  8.4063E-02  3.3625E-01
 180573.60  9.2969E-02  3.7188E-01
 180694.01  9.0149E-02  3.6060E-01
 180814.51  7.7422E-02  3.0969E-01
 180935.09  7.4265E-02  2.9706E-01
 181055.75  8.5312E-02  3.4125E-01
 181176.49  7.3883E-02  2.9553E-01
 181297.31  7.4741E-02  2.9897E-01
 181418.21  7.3559E-02  2.9423E-01
 181539.20  7.6718E-02  3.0687E-01
 181660.26  7.5990E-02  3.0396E-01
 181781.40  7.6031E-02  3.0413E-01
 181902.63  9.2711E-02  3.7084E-01
 182023.93  9.1208E-02  3.6483E-01
 182145.32  8.9512E-02  3.5805E-01
 182266.78  9.0808E-02  3.6323E-01
 182388.33  9.2260E-02  3.6904E-01
 182509.96  7.2934E-02  2.9173E-01
 182631.67  8.3930E-02  3.3572E-01
 182753.46  7.2776E-02  2.9110E-01
 182875.33  9.1806E-02  3.6722E-01
 182997.29  7.9919E-02  3.1967E-01
 183119.32  8.1941E-02  3.2776E-01
 183241.44  9.0323E-02  3.6129E-01
 183363.63  7.2864E-02  2.9146E-01
 183485.91  8.2320E-02  3.2928E-01
 183608.27  8.2974E-02  3.3190E-01
 183730.72  8.8547E-02  3.5419E-01
 183853.24  7.9532E-02  3.1813E-01
 183975.85  7.2392E-02  2.8957E-01
 184098.53  8.7007E-02  3.4803E-01
 184221.30  7.9842E-02  3.1937E-01
 184344.15  8.9867E-02  3.5947E-01
 184467.09  7.9544E-02  3.1818E-01
 184590.10  8.9921E-02  3.5968E-01
 184713.20  7.4318E-02  2.9727E-01
 184836.38  8.5009E-02  3.4004E-01
 184959.64  8.9743E-02  3.5897E-01
 185082.98  8.9646E-02  3.5858E-01
 185206.41  8.8193E-02  3.5277E-01
 185329.92  8.8523E-02  3.5409E-01
 185453.51  8.0750E-02  3.2300E-01
 185577.18  7.2099E-02  2.8840E-01
 185700.93  7.1629E-02  2.8652E-01
 185824.77  8.5114E-02  3.4046E-01
 185948.69  8.1802E-02  3.2721E-01
 186072.69  8.8382E-02  3.5353E-01
 186196.78  8.1274E-02  3.2509E-01
 186320.95  7.2838E-02  2.9135E-01
 186445.20  8.8031E-02  3.5213E-01
 186569.53  7.5789E-02  3.0315E-01
 186693.95  8.6962E-02  3.4785E-01
 186818.45  8.7176E-02  3.4870E-01
 186943.03  8.4051E-02  3.3620E-01
 187067.70  7.9231E-02  3.1692E-01
 187192.45  8.7587E-02  3.5035E-01
 187317.28  8.7445E-02  3.4978E-01
 187442.20  6.9880E-02  2.7952E-01
 187567.20  8.2648E-02  3.3059E-01
 187692.28  7.0243E-02  2.8097E-01
 187817.44  6.9312E-02  2.7725E-01
 187942.69  6.9647E-02  2.7859E-01
 188068.03  6.9848E-02  2.7939E-01
 188193.44  8.3036E-02  3.3214E-01
 188318.94  8.4153E-02  3.3661E-01
 188444.53  7.4279E-02  2.9712E-01
 188570.19  8.5769E-02  3.4307E-01
 188695.94  8.1159E-02  3.2464E-01
 188821.78  8.0068E-02  3.2027E-01
 188947.70  7.0234E-02  2.8093E-01
 189073.70  6.9214E-02  2.7686E-01
 189199.79  7.1217E-02  2.8487E-01
 189325.96  7.1528E-02  2.8611E-01
 189452.21  7.2354E-02  2.8941E-01
 189578.55  7.0605E-02  2.8242E-01
 189704.98  8.3083E-02  3.3233E-01
 189831.49  8.3667E-02  3.3467E-01
 189958.08  8.4108E-02  3.3643E-01
 190084.75  8.1690E-02  3.2676E-01
 190211.52  8.1930E-02  3.2772E-01
 190338.36  7.6090E-02  3.0436E-01
 190465.29  8.0776E-02  3.2310E-01
 190592.31  8.3711E-02  3.3484E-01
 190719.41  7.2988E-02  2.9195E-01
 190846.59  6.9160E-02  2.7664E-01
 190973.86  8.3449E-02  3.3380E-01
 191101.21  7.8809E-02  3.1524E-01
 191228.65  7.1573E-02  2.8629E-01
 191356.18  8.0551E-02  3.2220E-01
 191483.79  8.3004E-02  3.3202E-01
 191611.48  8.1373E-02  3.2549E-01
 191739.26  8.0346E-02  3.2139E-01
 191867.12  7.0276E-02  2.8110E-01
 191995.07  7.6958E-02  3.0783E-01
 192123.11  6.7966E-02  2.7186E-01
 192251.23  8.2028E-02  3.2811E-01
 192379.44  7.3075E-02  2.9230E-01
 192507.73  6.7843E-02  2.7137E-01
 192636.10  7.6083E-02  3.0433E-01
 192764.57  7.7499E-02  3.1000E-01
 192893.12  7.6666E-02  3.0667E-01
 193021.75  7.1563E-02  2.8625E-01
 193150.47  6.9518E-02  2.7807E-01
 193279.27  7.1473E-02  2.8589E-01
 193408.17  7.5103E-02  3.0041E-01
 193537.14  6.8123E-02  2.7249E-01
 193666.21  6.8409E-02  2.7364E-01
 193795.36  6.6800E-02  2.6720E-01
 193924.59  6.7742E-02  2.7097E-01
 194053.91  7.9635E-02  3.1854E-01
 194183.32  7.3960E-02  2.9584E-01
 194312.82  7.1332E-02  2.8533E-01
 194442.40  6.6937E-02  2.6775E-01
 194572.06  7.0734E-02  2.8294E-01
 194701.82  6.8698E-02  2.7479E-01
 194831.66  7.7635E-02  3.1054E-01
 194961.59  6.5026E-02  2.6010E-01
 195091.60  6.4741E-02  2.5896E-01
 195221.70  6.4910E-02  2.5964E-01
 195351.89  7.1732E-02  2.8693E-01
 195482.16  6.7496E-02  2.6998E-01
 195612.52  7.2971E-02  2.9189E-01
 195742.97  7.9525E-02  3.1810E-01
 195873.50  7.7082E-02  3.0833E-01
 196004.12  7.7944E-02  3.1178E-01
 196134.83  6.9597E-02  2.7839E-01
 196265.63  7.5878E-02  3.0351E-01
 196396.51  7.7285E-02  3.0914E-01
 196527.48  7.8563E-02  3.1425E-01
 196658.54  7.8268E-02  3.1307E-01
 196789.68  6.8657E-02  2.7463E-01
 196920.92  7.1295E-02  2.8518E-01
 197052.24  6.4712E-02  2.5885E-01
 197183.64  7.5982E-02  3.0393E-01
 197315.14  6.3872E-02  2.5549E-01
 197446.72  7.3208E-02  2.9283E-01
 197578.39  6.8949E-02  2.7580E-01
 197710.15  7.1426E-02  2.8570E-01
 197842.00  6.4158E-02  2.5663E-01
 197973.93  6.9096E-02  2.7638E-01
 198105.95  6.3818E-02  2.5527E-01
 198238.06  7.6336E-02  3.0534E-01
 198370.26  6.7226E-02  2.6891E-01
 198502.55  7.2617E-02  2.9047E-01
 198634.92  6.3924E-02  2.5569E-01
 198767.39  7.3819E-02  2.9528E-01
 198899.94  7.6224E-02  3.0490E-01
 199032.58  7.0481E-02  2.8193E-01
 199165.31  7.6307E-02  3.0523E-01
 199298.12  7.5485E-02  3.0194E-01
 199431.03  6.6309E-02  2.6524E-01
 199564.02  6.2549E-02  2.5020E-01
 199697.10  6.2466E-02  2.4987E-01
 199830.28  7.1864E-02  2.8746E-01
 199963.54  6.9927E-02  2.7971E-01
 200096.88  7.5844E-02  3.0338E-01
 200230.32  6.5559E-02  2.6224E-01
 200363.85  7.4348E-02  2.9739E-01
 200497.47  6.2167E-02  2.4867E-01
 200631.17  6.5685E-02  2.6274E-01
 200764.96  6.8863E-02  2.7545E-01
 200898.85  7.4049E-02  2.9620E-01
 201032.82  7.5160E-02  3.0064E-01
 201166.88  7.0036E-02  2.8014E-01
 201301.03  7.4973E-02  2.9989E-01
 201435.28  7.3679E-02  2.9471E-01
 201569.61  7.4051E-02  2.9620E-01
 201704.03  6.5906E-02  2.6363E-01
 201838.54  7.3317E-02  2.9327E-01
 201973.14  6.9578E-02  2.7831E-01
 202107.82  7.0251E-02  2.8100E-01
 202242.60  7.3409E-02  2.9364E-01
 202377.47  6.0924E-02  2.4369E-01
 202512.43  6.6088E-02  2.6435E-01
 202647.48  6.1166E-02  2.4466E-01
 202782.62  7.3376E-02  2.9350E-01
 202917.85  6.6166E-02  2.6466E-01
 203053.17  6.0842E-02  2.4337E-01
 203188.58  6.5181E-02  2.6072E-01
 203324.08  6.9742E-02  2.7897E-01
 203459.67  6.9843E-02  2.7937E-01
 203595.35  7.2982E-02  2.9193E-01
 203731.12  7.2567E-02  2.9027E-01
 203866.98  7.1983E-02  2.8793E-01
 204002.93  6.1925E-02  2.4770E-01
 204138.97  6.2337E-02  2.4935E-01
 204275.11  6.8367E-02  2.7347E-01
 204411.33  6.7118E-02  2.6847E-01
 204547.65  6.1178E-02  2.4471E-01
 204684.05  7.1547E-02  2.8619E-01
 204820.55  6.7382E-02  2.6953E-01
 204957.14  7.1985E-02  2.8794E-01
 205093.82  6.9465E-02  2.7786E-01
 205230.59  6.2915E-02  2.5166E-01
 205367.45  6.1925E-02  2.4770E-01
 205504.40  7.1565E-02  2.8626E-01
 205641.45  6.9831E-02  2.7932E-01
 205778.58  6.1468E-02  2.4587E-01
 205915.81  5.9297E-02  2.3719E-01
 206053.13  6.9588E-02  2.7835E-01
 206190.54  7.0505E-02  2.8202E-01
 206328.04  6.7023E-02  2.6809E-01
 206465.63  6.8799E-02  2.7519E-01
 206603.32  5.9341E-02  2.3736E-01
 206741.09  7.0355E-02  2.8142E-01
 206878.96  5.8890E-02  2.3556E-01
 207016.92  6.4880E-02  2.5952E-01
 207154.97  6.0567E-02  2.4227E-01
 207293.12  6.3356E-02  2.5342E-01
 207431.36  6.2465E-02  2.4986E-01
 207569.69  5.9808E-02  2.3923E-01
 207708.11  5.9898E-02  2.3959E-01
 207846.62  6.8318E-02  2.7327E-01
 207985.23  6.8906E-02  2.7563E-01
 208123.92  5.7965E-02  2.3186E-01
 208262.72  5.9735E-02  2.3894E-01
 208401.60  6.3509E-02  2.5404E-01
 208540.58  6.0303E-02  2.4121E-01
 208679.64  6.3285E-02  2.5314E-01
 208818.81  6.8441E-02  2.7376E-01
 208958.06  6.6318E-02  2.6527E-01
 209097.41  6.8682E-02  2.7473E-01
 209236.85  5.7565E-02  2.3026E-01
 209376.38  6.8331E-02  2.7332E-01
 209516.01  5.9358E-02  2.3743E-01
 209655.73  5.7390E-02  2.2956E-01
 209795.54  6.3934E-02  2.5574E-01
 209935.44  6.6833E-02  2.6733E-01
 210075.44  6.4502E-02  2.5801E-01
 210215.54  6.0925E-02  2.4370E-01
 210355.72  6.7274E-02  2.6910E-01
 210496.00  5.8800E-02  2.3520E-01
 210636.37  6.7632E-02  2.7053E-01
 210776.84  6.2749E-02  2.5100E-01
 210917.40  6.3478E-02  2.5391E-01
 211058.05  5.6951E-02  2.2780E-01
 211198.80  6.4980E-02  2.5992E-01
 211339.64  5.7106E-02  2.2842E-01
 211480.58  6.4443E-02  2.5777E-01
 211621.61  5.6783E-02  2.2713E-01
 211762.73  6.4350E-02  2.5740E-01
 211903.95  6.3768E-02  2.5507E-01
 212045.26  5.6505E-02  2.2602E-01
 212186.67  5.6119E-02  2.2448E-01
 212328.17  6.3725E-02  2.5490E-01
 212469.76  6.3974E-02  2.5590E-01
 212611.45  5.8794E-02  2.3518E-01
 212753.23  6.0421E-02  2.4168E-01
 212895.11  6.3491E-02  2.5396E-01
 213037.08  5.5812E-02  2.2325E-01
 213179.15  6.5619E-02  2.6248E-01
 213321.31  6.4834E-02  2.5933E-01
 213463.57  6.0371E-02  2.4148E-01
 213605.92  5.5729E-02  2.2292E-01
 213748.37  5.6253E-02  2.2501E-01
 213890.91  6.4731E-02  2.5893E-01
 214033.55  5.9461E-02  2.3785E-01
 214176.28  5.7654E-02  2.3061E-01
 214319.11  5.7804E-02  2.3122E-01
 214462.03  5.7922E-02  2.3169E-01
 214605.05  5.5710E-02  2.2284E-01
 214748.16  5.5787E-02  2.2315E-01
 214891.37  5.5113E-02  2.2045E-01
 215034.67  6.3295E-02  2.5318E-01
 215178.07  5.5702E-02  2.2281E-01
 215321.57  5.5348E-02  2.2139E-01
 215465.16  5.5197E-02  2.2079E-01
 215608.84  5.6790E-02  2.2716E-01
 215752.62  6.3221E-02  2.5288E-01
 215896.50  6.2902E-02  2.5161E-01
 216040.48  5.4958E-02  2.1983E-01
 216184.55  5.5027E-02  2.2011E-01
 216328.71  6.2895E-02  2.5158E-01
 216472.98  5.4404E-02  2.1762E-01
 216617.33  5.9429E-02  2.3771E-01
 216761.79  5.4915E-02  2.1966E-01
 216906.34  5.4052E-02  2.1621E-01
 217050.99  5.3998E-02  2.1599E-01
 217195.73  5.8976E-02  2.3590E-01
 217340.57  5.4248E-02  2.1699E-01
 217485.51  6.1811E-02  2.4724E-01
 217630.54  5.4301E-02  2.1720E-01
 217775.67  5.6574E-02  2.2629E-01
 217920.90  5.3887E-02  2.1555E-01
 218066.23  5.3341E-02  2.1336E-01
 218211.65  5.6401E-02  2.2560E-01
 218357.17  5.4911E-02  2.1964E-01
 218502.78  5.7260E-02  2.2904E-01
 218648.49  5.8058E-02  2.3223E-01
 218794.30  5.6872E-02  2.2749E-01
 218940.21  5.3563E-02  2.1425E-01
 219086.21  6.0355E-02  2.4142E-01
 219232.31  5.4023E-02  2.1609E-01
 219378.51  5.2662E-02  2.1065E-01
 219524.81  5.6640E-02  2.2656E-01
 219671.20  5.2889E-02  2.1155E-01
 219817.69  5.2974E-02  2.1190E-01
 219964.28  5.6420E-02  2.2568E-01
 220110.97  5.2706E-02  2.1082E-01
 220257.75  5.2467E-02  2.0987E-01
 220404.64  5.7158E-02  2.2863E-01
 220551.62  5.3153E-02  2.1261E-01
 220698.70  6.0037E-02  2.4015E-01
 220845.87  5.2603E-02  2.1041E-01
 220993.15  5.4022E-02  2.1609E-01
 221140.52  5.2140E-02  2.0856E-01
 221287.99  5.2138E-02  2.0855E-01
 221435.56  5.1676E-02  2.0670E-01
 221583.23  5.1767E-02  2.0707E-01
 221731.00  5.1723E-02  2.0689E-01
 221878.86  5.1796E-02  2.0718E-01
 222026.82  5.6576E-02  2.2630E-01
 222174.89  5.1623E-02  2.0649E-01
 222323.05  5.6171E-02  2.2468E-01
 222471.31  5.2069E-02  2.0827E-01
 222619.67  5.1333E-02  2.0533E-01
 222768.12  5.8714E-02  2.3485E-01
 222916.68  5.2759E-02  2.1104E-01
 223065.34  5.1218E-02  2.0487E-01
 223214.09  5.1075E-02  2.0430E-01
 223362.95  5.0879E-02  2.0352E-01
 223511.90  5.0832E-02  2.0333E-01
 223660.95  5.7148E-02  2.2859E-01
 223810.10  5.5196E-02  2.2078E-01
 223959.35  5.1349E-02  2.0539E-01
 224108.71  5.8112E-02  2.3245E-01
 224258.16  5.0544E-02  2.0217E-01
 224407.71  5.0007E-02  2.0003E-01
 224557.36  5.1077E-02  2.0431E-01
 224707.11  5.0281E-02  2.0113E-01
 224856.96  5.0209E-02  2.0083E-01
 225006.91  5.0551E-02  2.0220E-01
 225156.96  5.5808E-02  2.2323E-01
 225307.11  5.2405E-02  2.0962E-01
 225457.36  5.0285E-02  2.0114E-01
 225607.71  4.9912E-02  1.9965E-01
 225758.16  5.3709E-02  2.1484E-01
 225908.71  5.0247E-02  2.0099E-01
 226059.36  4.9541E-02  1.9816E-01
 226210.11  5.3743E-02  2.1497E-01
 226360.96  4.9300E-02  1.9720E-01
 226511.91  4.9370E-02  1.9748E-01
 226662.97  5.0625E-02  2.0250E-01
 226814.12  4.9227E-02  1.9691E-01
 226965.38  4.9008E-02  1.9603E-01
 227116.73  4.9195E-02  1.9678E-01
 227268.19  4.8992E-02  1.9597E-01
 227419.74  4.8270E-02  1.9308E-01
 227571.40  4.8791E-02  1.9516E-01
 227723.16  5.5148E-02  2.2059E-01
 227875.02  4.7992E-02  1.9197E-01
 228026.99  4.9792E-02  1.9917E-01
 228179.05  4.8173E-02  1.9269E-01
 228331.22  4.8692E-02  1.9477E-01
 228483.48  4.7392E-02  1.8957E-01
 228635.85  4.8320E-02  1.9328E-01
 228788.32  4.8031E-02  1.9213E-01
 228940.89  4.8112E-02  1.9245E-01
 229093.56  4.8000E-02  1.9200E-01
 229246.34  4.8264E-02  1.9306E-01
 229399.22  4.7828E-02  1.9131E-01
 229552.19  4.7967E-02  1.9187E-01
 229705.27  5.2397E-02  2.0959E-01
 229858.46  4.7665E-02  1.9066E-01
 230011.74  4.7603E-02  1.9041E-01
 230165.13  4.8034E-02  1.9214E-01
 230318.62  4.7476E-02  1.8990E-01
 230472.21  4.7856E-02  1.9143E-01
 230625.91  4.7319E-02  1.8928E-01
 230779.70  4.7057E-02  1.8823E-01
 230933.60  4.6629E-02  1.8652E-01
 231087.60  4.6741E-02  1.8696E-01
 231241.71  4.6969E-02  1.8787E-01
 231395.92  4.8491E-02  1.9396E-01
 231550.23  4.6760E-02  1.8704E-01
 231704.64  5.3077E-02  2.1231E-01
 231859.15  4.6804E-02  1.8722E-01
 232013.77  5.0200E-02  2.0080E-01
 232168.50  5.2572E-02  2.1029E-01
 232323.32  4.8111E-02  1.9244E-01
 232478.25  4.6347E-02  1.8539E-01
 232633.28  4.6330E-02  1.8532E-01
 232788.42  4.6248E-02  1.8499E-01
 232943.66  4.6557E-02  1.8623E-01
 233099.00  4.5981E-02  1.8393E-01
 233254.44  4.5693E-02  1.8277E-01
 233409.99  4.5660E-02  1.8264E-01
 233565.65  5.2118E-02  2.0847E-01
 233721.40  4.5754E-02  1.8301E-01
 233877.27  4.5622E-02  1.8249E-01
 234033.23  4.5687E-02  1.8275E-01
 234189.30  4.5555E-02  1.8222E-01
 234345.47  4.5491E-02  1.8196E-01
 234501.75  4.5426E-02  1.8170E-01
 234658.13  4.5117E-02  1.8047E-01
 234814.62  4.6157E-02  1.8463E-01
 234971.21  4.5186E-02  1.8074E-01
 235127.90  4.5413E-02  1.8165E-01
 235284.70  4.9607E-02  1.9843E-01
 235441.60  4.4889E-02  1.7956E-01
 235598.61  5.0877E-02  2.0351E-01
 235755.73  4.4835E-02  1.7934E-01
 235912.94  4.4652E-02  1.7861E-01
 236070.27  4.8828E-02  1.9531E-01
 236227.69  4.4704E-02  1.7882E-01
 236385.23  4.4655E-02  1.7862E-01
 236542.86  4.4507E-02  1.7803E-01
 236700.61  4.4104E-02  1.7642E-01
 236858.45  4.8594E-02  1.9438E-01
 237016.41  4.8586E-02  1.9434E-01
 237174.46  4.4177E-02  1.7671E-01
 237332.63  4.4007E-02  1.7603E-01
 237490.90  4.9427E-02  1.9771E-01
 237649.27  4.8029E-02  1.9212E-01
 237807.75  4.4009E-02  1.7604E-01
 237966.34  4.6308E-02  1.8523E-01
 238125.03  4.4082E-02  1.7633E-01
 238283.83  4.3821E-02  1.7528E-01
 238442.73  4.3558E-02  1.7423E-01
 238601.74  4.6604E-02  1.8642E-01
 238760.86  4.3146E-02  1.7258E-01
 238920.08  4.4581E-02  1.7832E-01
 239079.41  4.6094E-02  1.8438E-01
 239238.84  4.3280E-02  1.7312E-01
 239398.38  4.4262E-02  1.7705E-01
 239558.03  4.2396E-02  1.6958E-01
 239717.78  4.3065E-02  1.7226E-01
 239877.64  4.3060E-02  1.7224E-01
 240037.61  4.2867E-02  1.7147E-01
 240197.68  4.2502E-02  1.7001E-01
 240357.86  4.2876E-02  1.7150E-01
 240518.15  4.4720E-02  1.7888E-01
 240678.54  4.2612E-02  1.7045E-01
 240839.04  4.2553E-02  1.7021E-01
 240999.65  4.5230E-02  1.8092E-01
 241160.36  4.6457E-02  1.8583E-01
 241321.18  4.2118E-02  1.6847E-01
 241482.11  4.2798E-02  1.7119E-01
 241643.15  4.4816E-02  1.7926E-01
 241804.29  4.2232E-02  1.6893E-01
 241965.55  4.2061E-02  1.6824E-01
 242126.90  4.6975E-02  1.8790E-01
 242288.37  4.2600E-02  1.7040E-01
 242449.94  4.1298E-02  1.6519E-01
 242611.63  4.4953E-02  1.7981E-01
 242773.42  4.6944E-02  1.8778E-01
 242935.31  4.1601E-02  1.6640E-01
 243097.32  4.6149E-02  1.8460E-01
 243259.43  4.2137E-02  1.6855E-01
 243421.65  4.4854E-02  1.7942E-01
 243583.98  4.1889E-02  1.6756E-01
 243746.42  4.5412E-02  1.8165E-01
 243908.97  4.4561E-02  1.7824E-01
 244071.62  4.1596E-02  1.6638E-01
 244234.39  4.1711E-02  1.6685E-01
 244397.26  4.1271E-02  1.6508E-01
 244560.24  4.1054E-02  1.6422E-01
 244723.33  4.1054E-02  1.6421E-01
 244886.53  4.0906E-02  1.6363E-01
 245049.83  4.0993E-02  1.6397E-01
 245213.25  4.4858E-02  1.7943E-01
 245376.77  4.4751E-02  1.7900E-01
 245540.41  4.0408E-02  1.6163E-01
 245704.15  4.4608E-02  1.7843E-01
 245868.00  4.5318E-02  1.8127E-01
 246031.96  4.5238E-02  1.8095E-01
 246196.03  4.5304E-02  1.8122E-01
 246360.21  4.4282E-02  1.7713E-01
 246524.50  4.5157E-02  1.8063E-01
 246688.90  4.3283E-02  1.7313E-01
 246853.41  4.4847E-02  1.7939E-01
 247018.03  4.3167E-02  1.7267E-01
 247182.76  4.2423E-02  1.6969E-01
 247347.59  4.4466E-02  1.7787E-01
 247512.54  4.0706E-02  1.6282E-01
 247677.60  4.4761E-02  1.7904E-01
 247842.77  4.4836E-02  1.7935E-01
 248008.04  4.4228E-02  1.7691E-01
 248173.43  4.1857E-02  1.6743E-01
 248338.93  3.9357E-02  1.5743E-01
 248504.54  4.3582E-02  1.7433E-01
 248670.26  3.9267E-02  1.5707E-01
 248836.09  3.9204E-02  1.5682E-01
 249002.03  3.9258E-02  1.5703E-01
 249168.08  4.2829E-02  1.7132E-01
 249334.24  4.1882E-02  1.6753E-01
 249500.52  3.9864E-02  1.5945E-01
 249666.90  4.3259E-02  1.7304E-01
 249833.39  3.8909E-02  1.5564E-01
 250000.00  3.9271E-02  1.5708E-01
