  0.12497842E+004  0.71314004E-045
  0.12506176E+004  0.77542369E-045
  0.12514516E+004  0.84309809E-045
  0.12522861E+004  0.91662557E-045
  0.12531213E+004  0.99650772E-045
  0.12539569E+004  0.10832887E-044
  0.12547931E+004  0.11775589E-044
  0.12556299E+004  0.12799586E-044
  0.12564673E+004  0.13911826E-044
  0.12573052E+004  0.15119842E-044
  0.12581436E+004  0.16431807E-044
  0.12589826E+004  0.17856582E-044
  0.12598222E+004  0.19403778E-044
  0.12606623E+004  0.21083819E-044
  0.12615030E+004  0.22908003E-044
  0.12623443E+004  0.24888586E-044
  0.12631861E+004  0.27038852E-044
  0.12640285E+004  0.29373204E-044
  0.12648714E+004  0.31907256E-044
  0.12657149E+004  0.34657935E-044
  0.12665590E+004  0.37643588E-044
  0.12674036E+004  0.40884102E-044
  0.12682488E+004  0.44401030E-044
  0.12690945E+004  0.48217731E-044
  0.12699409E+004  0.52359522E-044
  0.12707877E+004  0.56853835E-044
  0.12716352E+004  0.61730394E-044
  0.12724832E+004  0.67021409E-044
  0.12733318E+004  0.72761777E-044
  0.12741809E+004  0.78989304E-044
  0.12750306E+004  0.85744949E-044
  0.12758809E+004  0.93073081E-044
  0.12767317E+004  0.10102176E-043
  0.12775832E+004  0.10964305E-043
  0.12784351E+004  0.11899332E-043
  0.12792877E+004  0.12913365E-043
  0.12801408E+004  0.14013016E-043
  0.12809945E+004  0.15205448E-043
  0.12818487E+004  0.16498415E-043
  0.12827036E+004  0.17900313E-043
  0.12835589E+004  0.19420234E-043
  0.12844149E+004  0.21068021E-043
  0.12852714E+004  0.22854330E-043
  0.12861285E+004  0.24790696E-043
  0.12869862E+004  0.26889606E-043
  0.12878445E+004  0.29164577E-043
  0.12887033E+004  0.31630238E-043
  0.12895627E+004  0.34302421E-043
  0.12904226E+004  0.37198262E-043
  0.12912832E+004  0.40336304E-043
  0.12921443E+004  0.43736614E-043
  0.12930060E+004  0.47420903E-043
  0.12938683E+004  0.51412665E-043
  0.12947311E+004  0.55737315E-043
  0.12955945E+004  0.60422354E-043
  0.12964585E+004  0.65497528E-043
  0.12973231E+004  0.70995018E-043
  0.12981882E+004  0.76949632E-043
  0.12990539E+004  0.83399019E-043
  0.12999202E+004  0.90383900E-043
  0.13007871E+004  0.97948315E-043
  0.13016545E+004  0.10613989E-042
  0.13025226E+004  0.11501013E-042
  0.13033912E+004  0.12461472E-042
  0.13042604E+004  0.13501389E-042
  0.13051301E+004  0.14627273E-042
  0.13060005E+004  0.15846164E-042
  0.13068714E+004  0.17165671E-042
  0.13077429E+004  0.18594021E-042
  0.13086150E+004  0.20140106E-042
  0.13094877E+004  0.21813537E-042
  0.13103609E+004  0.23624704E-042
  0.13112348E+004  0.25584835E-042
  0.13121092E+004  0.27706063E-042
  0.13129842E+004  0.30001502E-042
  0.13138598E+004  0.32485323E-042
  0.13147359E+004  0.35172836E-042
  0.13156127E+004  0.38080585E-042
  0.13164900E+004  0.41226445E-042
  0.13173680E+004  0.44629726E-042
  0.13182465E+004  0.48311290E-042
  0.13191256E+004  0.52293672E-042
  0.13200052E+004  0.56601216E-042
  0.13208855E+004  0.61260213E-042
  0.13217664E+004  0.66299063E-042
  0.13226478E+004  0.71748435E-042
  0.13235298E+004  0.77641452E-042
  0.13244125E+004  0.84013882E-042
  0.13252957E+004  0.90904350E-042
  0.13261795E+004  0.98354560E-042
  0.13270638E+004  0.10640954E-041
  0.13279488E+004  0.11511791E-041
  0.13288344E+004  0.12453215E-041
  0.13297205E+004  0.13470892E-041
  0.13306073E+004  0.14570939E-041
  0.13314946E+004  0.15759957E-041
  0.13323826E+004  0.17045073E-041
  0.13332711E+004  0.18433976E-041
  0.13341602E+004  0.19934969E-041
  0.13350499E+004  0.21557008E-041
  0.13359402E+004  0.23309759E-041
  0.13368311E+004  0.25203654E-041
  0.13377226E+004  0.27249947E-041
  0.13386147E+004  0.29460781E-041
  0.13395073E+004  0.31849256E-041
  0.13404006E+004  0.34429508E-041
  0.13412945E+004  0.37216783E-041
  0.13421889E+004  0.40227528E-041
  0.13430840E+004  0.43479484E-041
  0.13439797E+004  0.46991786E-041
  0.13448759E+004  0.50785072E-041
  0.13457728E+004  0.54881600E-041
  0.13466702E+004  0.59305373E-041
  0.13475683E+004  0.64082274E-041
  0.13484669E+004  0.69240214E-041
  0.13493662E+004  0.74809287E-041
  0.13502660E+004  0.80821941E-041
  0.13511665E+004  0.87313159E-041
  0.13520675E+004  0.94320653E-041
  0.13529692E+004  0.10188508E-040
  0.13538714E+004  0.11005026E-040
  0.13547743E+004  0.11886345E-040
  0.13556777E+004  0.12837554E-040
  0.13565818E+004  0.13864142E-040
  0.13574864E+004  0.14972023E-040
  0.13583917E+004  0.16167570E-040
  0.13592976E+004  0.17457651E-040
  0.13602040E+004  0.18849668E-040
  0.13611111E+004  0.20351594E-040
  0.13620188E+004  0.21972020E-040
  0.13629271E+004  0.23720204E-040
  0.13638360E+004  0.25606117E-040
  0.13647455E+004  0.27640502E-040
  0.13656556E+004  0.29834930E-040
  0.13665663E+004  0.32201868E-040
  0.13674776E+004  0.34754739E-040
  0.13683895E+004  0.37508004E-040
  0.13693020E+004  0.40477236E-040
  0.13702152E+004  0.43679206E-040
  0.13711289E+004  0.47131972E-040
  0.13720433E+004  0.50854983E-040
  0.13729583E+004  0.54869176E-040
  0.13738738E+004  0.59197098E-040
  0.13747900E+004  0.63863020E-040
  0.13757068E+004  0.68893075E-040
  0.13766243E+004  0.74315393E-040
  0.13775423E+004  0.80160256E-040
  0.13784609E+004  0.86460259E-040
  0.13793802E+004  0.93250487E-040
  0.13803000E+004  0.10056870E-039
  0.13812205E+004  0.10845554E-039
  0.13821416E+004  0.11695474E-039
  0.13830633E+004  0.12611336E-039
  0.13839856E+004  0.13598206E-039
  0.13849086E+004  0.14661531E-039
  0.13858321E+004  0.15807176E-039
  0.13867563E+004  0.17041450E-039
  0.13876810E+004  0.18371137E-039
  0.13886064E+004  0.19803540E-039
  0.13895325E+004  0.21346513E-039
  0.13904591E+004  0.23008503E-039
  0.13913863E+004  0.24798598E-039
  0.13923142E+004  0.26726570E-039
  0.13932427E+004  0.28802932E-039
  0.13941718E+004  0.31038989E-039
  0.13951015E+004  0.33446896E-039
  0.13960319E+004  0.36039726E-039
  0.13969629E+004  0.38831536E-039
  0.13978944E+004  0.41837439E-039
  0.13988266E+004  0.45073687E-039
  0.13997595E+004  0.48557749E-039
  0.14006929E+004  0.52308406E-039
  0.14016270E+004  0.56345849E-039
  0.14025617E+004  0.60691782E-039
  0.14034970E+004  0.65369533E-039
  0.14044330E+004  0.70404177E-039
  0.14053695E+004  0.75822661E-039
  0.14063067E+004  0.81653950E-039
  0.14072446E+004  0.87929169E-039
  0.14081830E+004  0.94681764E-039
  0.14091221E+004  0.10194768E-038
  0.14100618E+004  0.10976553E-038
  0.14110021E+004  0.11817680E-038
  0.14119430E+004  0.12722609E-038
  0.14128846E+004  0.13696128E-038
  0.14138268E+004  0.14743383E-038
  0.14147697E+004  0.15869899E-038
  0.14157131E+004  0.17081615E-038
  0.14166572E+004  0.18384906E-038
  0.14176019E+004  0.19786623E-038
  0.14185473E+004  0.21294120E-038
  0.14194933E+004  0.22915298E-038
  0.14204399E+004  0.24658639E-038
  0.14213871E+004  0.26533255E-038
  0.14223350E+004  0.28548926E-038
  0.14232835E+004  0.30716156E-038
  0.14242326E+004  0.33046222E-038
  0.14251824E+004  0.35551231E-038
  0.14261328E+004  0.38244180E-038
  0.14270839E+004  0.41139022E-038
  0.14280355E+004  0.44250735E-038
  0.14289879E+004  0.47595397E-038
  0.14299408E+004  0.51190263E-038
  0.14308944E+004  0.55053855E-038
  0.14318486E+004  0.59206049E-038
  0.14328034E+004  0.63668178E-038
  0.14337589E+004  0.68463132E-038
  0.14347151E+004  0.73615476E-038
  0.14356718E+004  0.79151568E-038
  0.14366292E+004  0.85099689E-038
  0.14375873E+004  0.91490180E-038
  0.14385459E+004  0.98355595E-038
  0.14395053E+004  0.10573086E-037
  0.14404652E+004  0.11365343E-037
  0.14414258E+004  0.12216350E-037
  0.14423871E+004  0.13130417E-037
  0.14433489E+004  0.14112167E-037
  0.14443115E+004  0.15166560E-037
  0.14452746E+004  0.16298912E-037
  0.14462384E+004  0.17514929E-037
  0.14472029E+004  0.18820724E-037
  0.14481680E+004  0.20222857E-037
  0.14491337E+004  0.21728359E-037
  0.14501001E+004  0.23344769E-037
  0.14510671E+004  0.25080173E-037
  0.14520348E+004  0.26943236E-037
  0.14530031E+004  0.28943248E-037
  0.14539720E+004  0.31090170E-037
  0.14549417E+004  0.33394677E-037
  0.14559119E+004  0.35868213E-037
  0.14568828E+004  0.38523043E-037
  0.14578544E+004  0.41372313E-037
  0.14588265E+004  0.44430112E-037
  0.14597994E+004  0.47711537E-037
  0.14607729E+004  0.51232767E-037
  0.14617470E+004  0.55011141E-037
  0.14627218E+004  0.59065234E-037
  0.14636973E+004  0.63414952E-037
  0.14646733E+004  0.68081618E-037
  0.14656501E+004  0.73088080E-037
  0.14666275E+004  0.78458814E-037
  0.14676055E+004  0.84220039E-037
  0.14685842E+004  0.90399841E-037
  0.14695636E+004  0.97028302E-037
  0.14705436E+004  0.10413765E-036
  0.14715242E+004  0.11176238E-036
  0.14725055E+004  0.11993947E-036
  0.14734875E+004  0.12870849E-036
  0.14744701E+004  0.13811183E-036
  0.14754534E+004  0.14819488E-036
  0.14764373E+004  0.15900623E-036
  0.14774219E+004  0.17059793E-036
  0.14784072E+004  0.18302569E-036
  0.14793931E+004  0.19634914E-036
  0.14803796E+004  0.21063216E-036
  0.14813668E+004  0.22594308E-036
  0.14823547E+004  0.24235509E-036
  0.14833432E+004  0.25994651E-036
  0.14843324E+004  0.27880117E-036
  0.14853223E+004  0.29900879E-036
  0.14863128E+004  0.32066540E-036
  0.14873040E+004  0.34387377E-036
  0.14882958E+004  0.36874387E-036
  0.14892883E+004  0.39539338E-036
  0.14902815E+004  0.42394822E-036
  0.14912753E+004  0.45454313E-036
  0.14922698E+004  0.48732225E-036
  0.14932649E+004  0.52243981E-036
  0.14942607E+004  0.56006081E-036
  0.14952572E+004  0.60036176E-036
  0.14962543E+004  0.64353145E-036
  0.14972521E+004  0.68977186E-036
  0.14982506E+004  0.73929900E-036
  0.14992497E+004  0.79234392E-036
  0.15002495E+004  0.84915374E-036
  0.15012500E+004  0.90999271E-036
  0.15022511E+004  0.97514345E-036
  0.15032529E+004  0.10449082E-035
  0.15042554E+004  0.11196100E-035
  0.15052585E+004  0.11995946E-035
  0.15062623E+004  0.12852312E-035
  0.15072668E+004  0.13769149E-035
  0.15082720E+004  0.14750680E-035
  0.15092778E+004  0.15801419E-035
  0.15102843E+004  0.16926192E-035
  0.15112914E+004  0.18130156E-035
  0.15122993E+004  0.19418827E-035
  0.15133078E+004  0.20798097E-035
  0.15143169E+004  0.22274265E-035
  0.15153268E+004  0.23854063E-035
  0.15163373E+004  0.25544684E-035
  0.15173485E+004  0.27353816E-035
  0.15183604E+004  0.29289675E-035
  0.15193729E+004  0.31361037E-035
  0.15203861E+004  0.33577283E-035
  0.15214000E+004  0.35948432E-035
  0.15224146E+004  0.38485190E-035
  0.15234298E+004  0.41198995E-035
  0.15244458E+004  0.44102065E-035
  0.15254624E+004  0.47207451E-035
  0.15264796E+004  0.50529095E-035
  0.15274976E+004  0.54081888E-035
  0.15285162E+004  0.57881734E-035
  0.15295356E+004  0.61945621E-035
  0.15305556E+004  0.66291689E-035
  0.15315762E+004  0.70939311E-035
  0.15325976E+004  0.75909175E-035
  0.15336196E+004  0.81223372E-035
  0.15346423E+004  0.86905490E-035
  0.15356657E+004  0.92980713E-035
  0.15366898E+004  0.99475931E-035
  0.15377146E+004  0.10641985E-034
  0.15387401E+004  0.11384312E-034
  0.15397662E+004  0.12177845E-034
  0.15407930E+004  0.13026077E-034
  0.15418205E+004  0.13932735E-034
  0.15428487E+004  0.14901798E-034
  0.15438776E+004  0.15937512E-034
  0.15449071E+004  0.17044411E-034
  0.15459374E+004  0.18227330E-034
  0.15469683E+004  0.19491431E-034
  0.15479999E+004  0.20842223E-034
  0.15490322E+004  0.22285582E-034
  0.15500652E+004  0.23827781E-034
  0.15510989E+004  0.25475509E-034
  0.15521333E+004  0.27235906E-034
  0.15531684E+004  0.29116587E-034
  0.15542041E+004  0.31125679E-034
  0.15552406E+004  0.33271848E-034
  0.15562777E+004  0.35564339E-034
  0.15573155E+004  0.38013015E-034
  0.15583541E+004  0.40628393E-034
  0.15593933E+004  0.43421694E-034
  0.15604332E+004  0.46404882E-034
  0.15614738E+004  0.49590716E-034
  0.15625151E+004  0.52992805E-034
  0.15635571E+004  0.56625658E-034
  0.15645998E+004  0.60504750E-034
  0.15656431E+004  0.64646576E-034
  0.15666872E+004  0.69068729E-034
  0.15677320E+004  0.73789961E-034
  0.15687774E+004  0.78830267E-034
  0.15698236E+004  0.84210961E-034
  0.15708705E+004  0.89954766E-034
  0.15719180E+004  0.96085902E-034
  0.15729663E+004  0.10263019E-033
  0.15740153E+004  0.10961514E-033
  0.15750649E+004  0.11707008E-033
  0.15761153E+004  0.12502628E-033
  0.15771663E+004  0.13351703E-033
  0.15782181E+004  0.14257786E-033
  0.15792706E+004  0.15224657E-033
  0.15803237E+004  0.16256348E-033
  0.15813776E+004  0.17357155E-033
  0.15824322E+004  0.18531653E-033
  0.15834874E+004  0.19784717E-033
  0.15845434E+004  0.21121543E-033
  0.15856001E+004  0.22547664E-033
  0.15866575E+004  0.24068974E-033
  0.15877155E+004  0.25691754E-033
  0.15887743E+004  0.27422691E-033
  0.15898338E+004  0.29268911E-033
  0.15908941E+004  0.31238000E-033
  0.15919550E+004  0.33338041E-033
  0.15930166E+004  0.35577641E-033
  0.15940789E+004  0.37965963E-033
  0.15951420E+004  0.40512769E-033
  0.15962057E+004  0.43228452E-033
  0.15972702E+004  0.46124077E-033
  0.15983353E+004  0.49211428E-033
  0.15994012E+004  0.52503050E-033
  0.16004678E+004  0.56012298E-033
  0.16015351E+004  0.59753391E-033
  0.16026031E+004  0.63741466E-033
  0.16036718E+004  0.67992635E-033
  0.16047413E+004  0.72524050E-033
  0.16058114E+004  0.77353966E-033
  0.16068823E+004  0.82501814E-033
  0.16079538E+004  0.87988274E-033
  0.16090261E+004  0.93835355E-033
  0.16100991E+004  0.10006648E-032
  0.16111729E+004  0.10670657E-032
  0.16122473E+004  0.11378215E-032
  0.16133225E+004  0.12132145E-032
  0.16143983E+004  0.12935448E-032
  0.16154749E+004  0.13791321E-032
  0.16165522E+004  0.14703162E-032
  0.16176302E+004  0.15674588E-032
  0.16187090E+004  0.16709445E-032
  0.16197885E+004  0.17811827E-032
  0.16208686E+004  0.18986086E-032
  0.16219495E+004  0.20236853E-032
  0.16230312E+004  0.21569053E-032
  0.16241135E+004  0.22987925E-032
  0.16251966E+004  0.24499039E-032
  0.16262804E+004  0.26108321E-032
  0.16273649E+004  0.27822071E-032
  0.16284501E+004  0.29646990E-032
  0.16295361E+004  0.31590202E-032
  0.16306228E+004  0.33659283E-032
  0.16317102E+004  0.35862288E-032
  0.16327983E+004  0.38207781E-032
  0.16338872E+004  0.40704866E-032
  0.16349767E+004  0.43363224E-032
  0.16360671E+004  0.46193143E-032
  0.16371581E+004  0.49205564E-032
  0.16382499E+004  0.52412111E-032
  0.16393423E+004  0.55825145E-032
  0.16404356E+004  0.59457802E-032
  0.16415295E+004  0.63324041E-032
  0.16426242E+004  0.67438701E-032
  0.16437196E+004  0.71817551E-032
  0.16448158E+004  0.76477346E-032
  0.16459126E+004  0.81435894E-032
  0.16470102E+004  0.86712115E-032
  0.16481086E+004  0.92326115E-032
  0.16492076E+004  0.98299253E-032
  0.16503074E+004  0.10465423E-031
  0.16514080E+004  0.11141514E-031
  0.16525092E+004  0.11860762E-031
  0.16536112E+004  0.12625887E-031
  0.16547140E+004  0.13439779E-031
  0.16558175E+004  0.14305509E-031
  0.16569217E+004  0.15226339E-031
  0.16580266E+004  0.16205732E-031
  0.16591323E+004  0.17247366E-031
  0.16602387E+004  0.18355149E-031
  0.16613459E+004  0.19533231E-031
  0.16624538E+004  0.20786017E-031
  0.16635624E+004  0.22118187E-031
  0.16646718E+004  0.23534708E-031
  0.16657819E+004  0.25040856E-031
  0.16668928E+004  0.26642233E-031
  0.16680043E+004  0.28344785E-031
  0.16691167E+004  0.30154825E-031
  0.16702298E+004  0.32079055E-031
  0.16713436E+004  0.34124592E-031
  0.16724581E+004  0.36298987E-031
  0.16735735E+004  0.38610259E-031
  0.16746895E+004  0.41066915E-031
  0.16758063E+004  0.43677988E-031
  0.16769238E+004  0.46453065E-031
  0.16780421E+004  0.49402318E-031
  0.16791612E+004  0.52536544E-031
  0.16802809E+004  0.55867200E-031
  0.16814015E+004  0.59406444E-031
  0.16825227E+004  0.63167177E-031
  0.16836447E+004  0.67163086E-031
  0.16847675E+004  0.71408696E-031
  0.16858910E+004  0.75919416E-031
  0.16870153E+004  0.80711593E-031
  0.16881403E+004  0.85802571E-031
  0.16892661E+004  0.91210747E-031
  0.16903926E+004  0.96955639E-031
  0.16915198E+004  0.10305795E-030
  0.16926479E+004  0.10953963E-030
  0.16937766E+004  0.11642398E-030
  0.16949062E+004  0.12373570E-030
  0.16960364E+004  0.13150097E-030
  0.16971675E+004  0.13974760E-030
  0.16982993E+004  0.14850503E-030
  0.16994318E+004  0.15780452E-030
  0.17005651E+004  0.16767919E-030
  0.17016991E+004  0.17816416E-030
  0.17028339E+004  0.18929669E-030
  0.17039695E+004  0.20111626E-030
  0.17051058E+004  0.21366473E-030
  0.17062429E+004  0.22698650E-030
  0.17073807E+004  0.24112861E-030
  0.17085193E+004  0.25614094E-030
  0.17096587E+004  0.27207636E-030
  0.17107988E+004  0.28899092E-030
  0.17119397E+004  0.30694400E-030
  0.17130813E+004  0.32599858E-030
  0.17142237E+004  0.34622136E-030
  0.17153669E+004  0.36768307E-030
  0.17165108E+004  0.39045863E-030
  0.17176555E+004  0.41462747E-030
  0.17188009E+004  0.44027372E-030
  0.17199471E+004  0.46748655E-030
  0.17210941E+004  0.49636044E-030
  0.17222419E+004  0.52699547E-030
  0.17233904E+004  0.55949771E-030
  0.17245396E+004  0.59397949E-030
  0.17256897E+004  0.63055986E-030
  0.17268405E+004  0.66936488E-030
  0.17279920E+004  0.71052814E-030
  0.17291444E+004  0.75419110E-030
  0.17302975E+004  0.80050361E-030
  0.17314514E+004  0.84962440E-030
  0.17326060E+004  0.90172157E-030
  0.17337614E+004  0.95697314E-030
  0.17349176E+004  0.10155677E-029
  0.17360746E+004  0.10777048E-029
  0.17372323E+004  0.11435960E-029
  0.17383908E+004  0.12134650E-029
  0.17395501E+004  0.12875491E-029
  0.17407101E+004  0.13660991E-029
  0.17418710E+004  0.14493809E-029
  0.17430326E+004  0.15376757E-029
  0.17441949E+004  0.16312814E-029
  0.17453581E+004  0.17305133E-029
  0.17465220E+004  0.18357053E-029
  0.17476867E+004  0.19472106E-029
  0.17488522E+004  0.20654033E-029
  0.17500184E+004  0.21906792E-029
  0.17511854E+004  0.23234573E-029
  0.17523533E+004  0.24641811E-029
  0.17535218E+004  0.26133197E-029
  0.17546912E+004  0.27713700E-029
  0.17558613E+004  0.29388574E-029
  0.17570323E+004  0.31163380E-029
  0.17582040E+004  0.33044005E-029
  0.17593765E+004  0.35036674E-029
  0.17605497E+004  0.37147975E-029
  0.17617238E+004  0.39384880E-029
  0.17628986E+004  0.41754763E-029
  0.17640742E+004  0.44265425E-029
  0.17652506E+004  0.46925120E-029
  0.17664278E+004  0.49742578E-029
  0.17676058E+004  0.52727035E-029
  0.17687846E+004  0.55888259E-029
  0.17699641E+004  0.59236582E-029
  0.17711444E+004  0.62782933E-029
  0.17723256E+004  0.66538869E-029
  0.17735075E+004  0.70516614E-029
  0.17746901E+004  0.74729094E-029
  0.17758736E+004  0.79189979E-029
  0.17770579E+004  0.83913723E-029
  0.17782430E+004  0.88915611E-029
  0.17794288E+004  0.94211805E-029
  0.17806155E+004  0.99819392E-029
  0.17818029E+004  0.10575644E-028
  0.17829911E+004  0.11204205E-028
  0.17841801E+004  0.11869641E-028
  0.17853699E+004  0.12574086E-028
  0.17865605E+004  0.13319799E-028
  0.17877519E+004  0.14109163E-028
  0.17889441E+004  0.14944700E-028
  0.17901371E+004  0.15829075E-028
  0.17913309E+004  0.16765105E-028
  0.17925255E+004  0.17755767E-028
  0.17937209E+004  0.18804206E-028
  0.17949170E+004  0.19913747E-028
  0.17961140E+004  0.21087904E-028
  0.17973118E+004  0.22330390E-028
  0.17985103E+004  0.23645128E-028
  0.17997097E+004  0.25036263E-028
  0.18009099E+004  0.26508175E-028
  0.18021108E+004  0.28065492E-028
  0.18033126E+004  0.29713102E-028
  0.18045152E+004  0.31456171E-028
  0.18057185E+004  0.33300155E-028
  0.18069227E+004  0.35250818E-028
  0.18081277E+004  0.37314249E-028
  0.18093335E+004  0.39496879E-028
  0.18105401E+004  0.41805502E-028
  0.18117475E+004  0.44247292E-028
  0.18129556E+004  0.46829827E-028
  0.18141646E+004  0.49561111E-028
  0.18153745E+004  0.52449595E-028
  0.18165851E+004  0.55504205E-028
  0.18177965E+004  0.58734366E-028
  0.18190087E+004  0.62150031E-028
  0.18202217E+004  0.65761708E-028
  0.18214356E+004  0.69580494E-028
  0.18226502E+004  0.73618105E-028
  0.18238657E+004  0.77886908E-028
  0.18250820E+004  0.82399963E-028
  0.18262991E+004  0.87171056E-028
  0.18275170E+004  0.92214738E-028
  0.18287357E+004  0.97546372E-028
  0.18299552E+004  0.10318217E-027
  0.18311755E+004  0.10913926E-027
  0.18323967E+004  0.11543570E-027
  0.18336187E+004  0.12209055E-027
  0.18348414E+004  0.12912395E-027
  0.18360650E+004  0.13655712E-027
  0.18372894E+004  0.14441249E-027
  0.18385147E+004  0.15271370E-027
  0.18397407E+004  0.16148572E-027
  0.18409676E+004  0.17075487E-027
  0.18421953E+004  0.18054894E-027
  0.18434238E+004  0.19089726E-027
  0.18446531E+004  0.20183076E-027
  0.18458832E+004  0.21338208E-027
  0.18471142E+004  0.22558563E-027
  0.18483459E+004  0.23847776E-027
  0.18495785E+004  0.25209676E-027
  0.18508120E+004  0.26648307E-027
  0.18520462E+004  0.28167930E-027
  0.18532813E+004  0.29773045E-027
  0.18545172E+004  0.31468392E-027
  0.18557539E+004  0.33258975E-027
  0.18569914E+004  0.35150070E-027
  0.18582298E+004  0.37147240E-027
  0.18594690E+004  0.39256353E-027
  0.18607090E+004  0.41483597E-027
  0.18619498E+004  0.43835495E-027
  0.18631915E+004  0.46318929E-027
  0.18644340E+004  0.48941152E-027
  0.18656773E+004  0.51709812E-027
  0.18669215E+004  0.54632974E-027
  0.18681665E+004  0.57719139E-027
  0.18694123E+004  0.60977270E-027
  0.18706590E+004  0.64416816E-027
  0.18719064E+004  0.68047736E-027
  0.18731548E+004  0.71880531E-027
  0.18744039E+004  0.75926267E-027
  0.18756539E+004  0.80196609E-027
  0.18769047E+004  0.84703852E-027
  0.18781563E+004  0.89460954E-027
  0.18794088E+004  0.94481572E-027
  0.18806621E+004  0.99780099E-027
  0.18819163E+004  0.10537170E-026
  0.18831713E+004  0.11127236E-026
  0.18844271E+004  0.11749892E-026
  0.18856838E+004  0.12406913E-026
  0.18869413E+004  0.13100169E-026
  0.18881996E+004  0.13831629E-026
  0.18894588E+004  0.14603370E-026
  0.18907188E+004  0.15417578E-026
  0.18919796E+004  0.16276558E-026
  0.18932413E+004  0.17182736E-026
  0.18945039E+004  0.18138670E-026
  0.18957673E+004  0.19147052E-026
  0.18970315E+004  0.20210719E-026
  0.18982966E+004  0.21332659E-026
  0.18995625E+004  0.22516020E-026
  0.19008292E+004  0.23764117E-026
  0.19020968E+004  0.25080439E-026
  0.19033653E+004  0.26468665E-026
  0.19046346E+004  0.27932665E-026
  0.19059047E+004  0.29476518E-026
  0.19071757E+004  0.31104515E-026
  0.19084475E+004  0.32821179E-026
  0.19097202E+004  0.34631268E-026
  0.19109937E+004  0.36539796E-026
  0.19122681E+004  0.38552039E-026
  0.19135433E+004  0.40673552E-026
  0.19148194E+004  0.42910185E-026
  0.19160963E+004  0.45268094E-026
  0.19173741E+004  0.47753762E-026
  0.19186527E+004  0.50374011E-026
  0.19199322E+004  0.53136023E-026
  0.19212126E+004  0.56047359E-026
  0.19224938E+004  0.59115974E-026
  0.19237758E+004  0.62350244E-026
  0.19250587E+004  0.65758982E-026
  0.19263425E+004  0.69351465E-026
  0.19276271E+004  0.73137454E-026
  0.19289126E+004  0.77127221E-026
  0.19301989E+004  0.81331577E-026
  0.19314861E+004  0.85761897E-026
  0.19327741E+004  0.90430149E-026
  0.19340630E+004  0.95348927E-026
  0.19353528E+004  0.10053148E-025
  0.19366434E+004  0.10599175E-025
  0.19379349E+004  0.11174440E-025
  0.19392272E+004  0.11780486E-025
  0.19405204E+004  0.12418937E-025
  0.19418145E+004  0.13091499E-025
  0.19431094E+004  0.13799969E-025
  0.19444052E+004  0.14546236E-025
  0.19457019E+004  0.15332287E-025
  0.19469994E+004  0.16160212E-025
  0.19482978E+004  0.17032209E-025
  0.19495971E+004  0.17950590E-025
  0.19508972E+004  0.18917786E-025
  0.19521982E+004  0.19936354E-025
  0.19535000E+004  0.21008983E-025
  0.19548027E+004  0.22138499E-025
  0.19561063E+004  0.23327877E-025
  0.19574108E+004  0.24580241E-025
  0.19587161E+004  0.25898878E-025
  0.19600223E+004  0.27287245E-025
  0.19613294E+004  0.28748974E-025
  0.19626373E+004  0.30287884E-025
  0.19639462E+004  0.31907992E-025
  0.19652559E+004  0.33613517E-025
  0.19665664E+004  0.35408898E-025
  0.19678779E+004  0.37298798E-025
  0.19691902E+004  0.39288120E-025
  0.19705034E+004  0.41382017E-025
  0.19718174E+004  0.43585905E-025
  0.19731324E+004  0.45905477E-025
  0.19744482E+004  0.48346714E-025
  0.19757649E+004  0.50915904E-025
  0.19770824E+004  0.53619655E-025
  0.19784009E+004  0.56464908E-025
  0.19797202E+004  0.59458960E-025
  0.19810404E+004  0.62609476E-025
  0.19823615E+004  0.65924512E-025
  0.19836835E+004  0.69412532E-025
  0.19850063E+004  0.73082426E-025
  0.19863301E+004  0.76943538E-025
  0.19876547E+004  0.81005682E-025
  0.19889802E+004  0.85279169E-025
  0.19903066E+004  0.89774830E-025
  0.19916339E+004  0.94504043E-025
  0.19929620E+004  0.99478760E-025
  0.19942910E+004  0.10471153E-024
  0.19956210E+004  0.11021555E-024
  0.19969518E+004  0.11600467E-024
  0.19982835E+004  0.12209342E-024
  0.19996161E+004  0.12849708E-024
  0.20009496E+004  0.13523170E-024
  0.20022839E+004  0.14231413E-024
  0.20036192E+004  0.14976206E-024
  0.20049553E+004  0.15759406E-024
  0.20062924E+004  0.16582964E-024
  0.20076303E+004  0.17448929E-024
  0.20089691E+004  0.18359451E-024
  0.20103088E+004  0.19316788E-024
  0.20116494E+004  0.20323312E-024
  0.20129909E+004  0.21381510E-024
  0.20143333E+004  0.22493995E-024
  0.20156766E+004  0.23663511E-024
  0.20170208E+004  0.24892937E-024
  0.20183659E+004  0.26185295E-024
  0.20197119E+004  0.27543758E-024
  0.20210588E+004  0.28971655E-024
  0.20224065E+004  0.30472482E-024
  0.20237552E+004  0.32049907E-024
  0.20251048E+004  0.33707779E-024
  0.20264553E+004  0.35450139E-024
  0.20278066E+004  0.37281227E-024
  0.20291589E+004  0.39205492E-024
  0.20305121E+004  0.41227604E-024
  0.20318662E+004  0.43352461E-024
  0.20332212E+004  0.45585204E-024
  0.20345770E+004  0.47931228E-024
  0.20359338E+004  0.50396192E-024
  0.20372915E+004  0.52986034E-024
  0.20386501E+004  0.55706982E-024
  0.20400096E+004  0.58565572E-024
  0.20413701E+004  0.61568659E-024
  0.20427314E+004  0.64723437E-024
  0.20440936E+004  0.68037448E-024
  0.20454567E+004  0.71518607E-024
  0.20468208E+004  0.75175213E-024
  0.20481857E+004  0.79015973E-024
  0.20495516E+004  0.83050018E-024
  0.20509184E+004  0.87286925E-024
  0.20522861E+004  0.91736738E-024
  0.20536547E+004  0.96409989E-024
  0.20550242E+004  0.10131773E-023
  0.20563946E+004  0.10647153E-023
  0.20577660E+004  0.11188355E-023
  0.20591382E+004  0.11756652E-023
  0.20605114E+004  0.12353379E-023
  0.20618855E+004  0.12979937E-023
  0.20632605E+004  0.13637794E-023
  0.20646364E+004  0.14328489E-023
  0.20660132E+004  0.15053636E-023
  0.20673910E+004  0.15814926E-023
  0.20687697E+004  0.16614132E-023
  0.20701493E+004  0.17453114E-023
  0.20715298E+004  0.18333821E-023
  0.20729112E+004  0.19258294E-023
  0.20742936E+004  0.20228676E-023
  0.20756768E+004  0.21247209E-023
  0.20770610E+004  0.22316246E-023
  0.20784462E+004  0.23438253E-023
  0.20798322E+004  0.24615812E-023
  0.20812192E+004  0.25851630E-023
  0.20826071E+004  0.27148545E-023
  0.20839959E+004  0.28509530E-023
  0.20853856E+004  0.29937700E-023
  0.20867763E+004  0.31436320E-023
  0.20881679E+004  0.33008810E-023
  0.20895605E+004  0.34658753E-023
  0.20909539E+004  0.36389905E-023
  0.20923483E+004  0.38206200E-023
  0.20937436E+004  0.40111758E-023
  0.20951399E+004  0.42110898E-023
  0.20965370E+004  0.44208142E-023
  0.20979352E+004  0.46408229E-023
  0.20993342E+004  0.48716122E-023
  0.21007342E+004  0.51137019E-023
  0.21021351E+004  0.53676366E-023
  0.21035369E+004  0.56339867E-023
  0.21049397E+004  0.59133494E-023
  0.21063434E+004  0.62063504E-023
  0.21077481E+004  0.65136450E-023
  0.21091537E+004  0.68359193E-023
  0.21105602E+004  0.71738919E-023
  0.21119676E+004  0.75283152E-023
  0.21133760E+004  0.78999773E-023
  0.21147854E+004  0.82897031E-023
  0.21161957E+004  0.86983566E-023
  0.21176069E+004  0.91268424E-023
  0.21190190E+004  0.95761075E-023
  0.21204321E+004  0.10047143E-022
  0.21218462E+004  0.10540988E-022
  0.21232612E+004  0.11058729E-022
  0.21246771E+004  0.11601502E-022
  0.21260940E+004  0.12170500E-022
  0.21275118E+004  0.12766969E-022
  0.21289306E+004  0.13392214E-022
  0.21303503E+004  0.14047600E-022
  0.21317710E+004  0.14734558E-022
  0.21331926E+004  0.15454583E-022
  0.21346151E+004  0.16209242E-022
  0.21360386E+004  0.17000173E-022
  0.21374631E+004  0.17829093E-022
  0.21388885E+004  0.18697795E-022
  0.21403148E+004  0.19608159E-022
  0.21417421E+004  0.20562149E-022
  0.21431704E+004  0.21561824E-022
  0.21445996E+004  0.22609334E-022
  0.21460298E+004  0.23706932E-022
  0.21474609E+004  0.24856973E-022
  0.21488929E+004  0.26061923E-022
  0.21503260E+004  0.27324361E-022
  0.21517599E+004  0.28646985E-022
  0.21531949E+004  0.30032617E-022
  0.21546308E+004  0.31484210E-022
  0.21560676E+004  0.33004852E-022
  0.21575054E+004  0.34597775E-022
  0.21589442E+004  0.36266358E-022
  0.21603839E+004  0.38014135E-022
  0.21618246E+004  0.39844804E-022
  0.21632663E+004  0.41762233E-022
  0.21647089E+004  0.43770464E-022
  0.21661525E+004  0.45873728E-022
  0.21675970E+004  0.48076447E-022
  0.21690425E+004  0.50383248E-022
  0.21704890E+004  0.52798968E-022
  0.21719364E+004  0.55328664E-022
  0.21733848E+004  0.57977625E-022
  0.21748341E+004  0.60751382E-022
  0.21762845E+004  0.63655716E-022
  0.21777357E+004  0.66696674E-022
  0.21791880E+004  0.69880575E-022
  0.21806412E+004  0.73214029E-022
  0.21820954E+004  0.76703943E-022
  0.21835506E+004  0.80357540E-022
  0.21850067E+004  0.84182369E-022
  0.21864638E+004  0.88186322E-022
  0.21879219E+004  0.92377649E-022
  0.21893810E+004  0.96764972E-022
  0.21908410E+004  0.10135730E-021
  0.21923020E+004  0.10616407E-021
  0.21937640E+004  0.11119510E-021
  0.21952269E+004  0.11646070E-021
  0.21966908E+004  0.12197162E-021
  0.21981557E+004  0.12773910E-021
  0.21996216E+004  0.13377488E-021
  0.22010885E+004  0.14009123E-021
  0.22025563E+004  0.14670098E-021
  0.22040251E+004  0.15361753E-021
  0.22054949E+004  0.16085488E-021
  0.22069657E+004  0.16842766E-021
  0.22084374E+004  0.17635116E-021
  0.22099102E+004  0.18464134E-021
  0.22113839E+004  0.19331489E-021
  0.22128586E+004  0.20238924E-021
  0.22143343E+004  0.21188260E-021
  0.22158109E+004  0.22181399E-021
  0.22172886E+004  0.23220328E-021
  0.22187672E+004  0.24307123E-021
  0.22202468E+004  0.25443952E-021
  0.22217274E+004  0.26633079E-021
  0.22232090E+004  0.27876869E-021
  0.22246916E+004  0.29177794E-021
  0.22261752E+004  0.30538432E-021
  0.22276598E+004  0.31961478E-021
  0.22291453E+004  0.33449747E-021
  0.22306319E+004  0.35006177E-021
  0.22321194E+004  0.36633836E-021
  0.22336079E+004  0.38335930E-021
  0.22350974E+004  0.40115803E-021
  0.22365879E+004  0.41976950E-021
  0.22380795E+004  0.43923018E-021
  0.22395720E+004  0.45957817E-021
  0.22410654E+004  0.48085324E-021
  0.22425599E+004  0.50309688E-021
  0.22440554E+004  0.52635246E-021
  0.22455519E+004  0.55066522E-021
  0.22470494E+004  0.57608240E-021
  0.22485479E+004  0.60265330E-021
  0.22500474E+004  0.63042939E-021
  0.22515478E+004  0.65946441E-021
  0.22530493E+004  0.68981443E-021
  0.22545518E+004  0.72153799E-021
  0.22560553E+004  0.75469617E-021
  0.22575598E+004  0.78935275E-021
  0.22590653E+004  0.82557427E-021
  0.22605718E+004  0.86343017E-021
  0.22620793E+004  0.90299292E-021
  0.22635878E+004  0.94433817E-021
  0.22650973E+004  0.98754483E-021
  0.22666078E+004  0.10326953E-020
  0.22681193E+004  0.10798754E-020
  0.22696319E+004  0.11291749E-020
  0.22711454E+004  0.11806873E-020
  0.22726600E+004  0.12345102E-020
  0.22741755E+004  0.12907455E-020
  0.22756921E+004  0.13494995E-020
  0.22772097E+004  0.14108828E-020
  0.22787283E+004  0.14750113E-020
  0.22802479E+004  0.15420054E-020
  0.22817685E+004  0.16119911E-020
  0.22832901E+004  0.16850996E-020
  0.22848128E+004  0.17614678E-020
  0.22863365E+004  0.18412385E-020
  0.22878611E+004  0.19245607E-020
  0.22893868E+004  0.20115896E-020
  0.22909135E+004  0.21024874E-020
  0.22924413E+004  0.21974230E-020
  0.22939700E+004  0.22965726E-020
  0.22954998E+004  0.24001199E-020
  0.22970306E+004  0.25082568E-020
  0.22985624E+004  0.26211828E-020
  0.23000952E+004  0.27391066E-020
  0.23016291E+004  0.28622453E-020
  0.23031640E+004  0.29908255E-020
  0.23046999E+004  0.31250834E-020
  0.23062368E+004  0.32652653E-020
  0.23077748E+004  0.34116281E-020
  0.23093137E+004  0.35644393E-020
  0.23108537E+004  0.37239782E-020
  0.23123948E+004  0.38905356E-020
  0.23139368E+004  0.40644148E-020
  0.23154799E+004  0.42459320E-020
  0.23170240E+004  0.44354169E-020
  0.23185692E+004  0.46332128E-020
  0.23201154E+004  0.48396779E-020
  0.23216626E+004  0.50551854E-020
  0.23232108E+004  0.52801243E-020
  0.23247601E+004  0.55148999E-020
  0.23263104E+004  0.57599348E-020
  0.23278617E+004  0.60156693E-020
  0.23294141E+004  0.62825623E-020
  0.23309675E+004  0.65610920E-020
  0.23325220E+004  0.68517567E-020
  0.23340774E+004  0.71550755E-020
  0.23356340E+004  0.74715897E-020
  0.23371915E+004  0.78018628E-020
  0.23387501E+004  0.81464824E-020
  0.23403097E+004  0.85060604E-020
  0.23418704E+004  0.88812344E-020
  0.23434321E+004  0.92726689E-020
  0.23449949E+004  0.96810557E-020
  0.23465587E+004  0.10107116E-019
  0.23481235E+004  0.10551601E-019
  0.23496894E+004  0.11015292E-019
  0.23512563E+004  0.11499006E-019
  0.23528243E+004  0.12003590E-019
  0.23543933E+004  0.12529930E-019
  0.23559634E+004  0.13078945E-019
  0.23575345E+004  0.13651596E-019
  0.23591067E+004  0.14248881E-019
  0.23606799E+004  0.14871841E-019
  0.23622541E+004  0.15521560E-019
  0.23638295E+004  0.16199167E-019
  0.23654058E+004  0.16905835E-019
  0.23669832E+004  0.17642790E-019
  0.23685617E+004  0.18411306E-019
  0.23701412E+004  0.19212710E-019
  0.23717218E+004  0.20048383E-019
  0.23733034E+004  0.20919764E-019
  0.23748861E+004  0.21828351E-019
  0.23764698E+004  0.22775705E-019
  0.23780546E+004  0.23763448E-019
  0.23796404E+004  0.24793271E-019
  0.23812273E+004  0.25866934E-019
  0.23828153E+004  0.26986270E-019
  0.23844043E+004  0.28153184E-019
  0.23859944E+004  0.29369664E-019
  0.23875855E+004  0.30637775E-019
  0.23891777E+004  0.31959669E-019
  0.23907710E+004  0.33337585E-019
  0.23923653E+004  0.34773853E-019
  0.23939607E+004  0.36270899E-019
  0.23955572E+004  0.37831247E-019
  0.23971547E+004  0.39457525E-019
  0.23987533E+004  0.41152467E-019
  0.24003529E+004  0.42918920E-019
  0.24019536E+004  0.44759843E-019
  0.24035554E+004  0.46678319E-019
  0.24051583E+004  0.48677554E-019
  0.24067622E+004  0.50760885E-019
  0.24083672E+004  0.52931784E-019
  0.24099732E+004  0.55193863E-019
  0.24115804E+004  0.57550880E-019
  0.24131886E+004  0.60006747E-019
  0.24147979E+004  0.62565532E-019
  0.24164082E+004  0.65231467E-019
  0.24180196E+004  0.68008956E-019
  0.24196321E+004  0.70902581E-019
  0.24212457E+004  0.73917105E-019
  0.24228603E+004  0.77057487E-019
  0.24244761E+004  0.80328882E-019
  0.24260929E+004  0.83736655E-019
  0.24277107E+004  0.87286385E-019
  0.24293297E+004  0.90983874E-019
  0.24309497E+004  0.94835157E-019
  0.24325709E+004  0.98846511E-019
  0.24341931E+004  0.10302447E-018
  0.24358163E+004  0.10737581E-018
  0.24374407E+004  0.11190760E-018
  0.24390662E+004  0.11662719E-018
  0.24406927E+004  0.12154220E-018
  0.24423203E+004  0.12666058E-018
  0.24439490E+004  0.13199058E-018
  0.24455788E+004  0.13754079E-018
  0.24472097E+004  0.14332014E-018
  0.24488416E+004  0.14933790E-018
  0.24504747E+004  0.15560373E-018
  0.24521088E+004  0.16212765E-018
  0.24537441E+004  0.16892009E-018
  0.24553804E+004  0.17599191E-018
  0.24570178E+004  0.18335437E-018
  0.24586563E+004  0.19101919E-018
  0.24602959E+004  0.19899855E-018
  0.24619366E+004  0.20730512E-018
  0.24635784E+004  0.21595205E-018
  0.24652212E+004  0.22495303E-018
  0.24668652E+004  0.23432228E-018
  0.24685103E+004  0.24407457E-018
  0.24701565E+004  0.25422527E-018
  0.24718037E+004  0.26479035E-018
  0.24734521E+004  0.27578639E-018
  0.24751015E+004  0.28723065E-018
  0.24767521E+004  0.29914103E-018
  0.24784038E+004  0.31153617E-018
  0.24800565E+004  0.32443540E-018
  0.24817104E+004  0.33785885E-018
  0.24833654E+004  0.35182741E-018
  0.24850214E+004  0.36636278E-018
  0.24866786E+004  0.38148752E-018
  0.24883369E+004  0.39722508E-018
  0.24899963E+004  0.41359979E-018
  0.24916568E+004  0.43063697E-018
  0.24933184E+004  0.44836289E-018
  0.24949811E+004  0.46680487E-018
  0.24966449E+004  0.48599126E-018
  0.24983099E+004  0.50595153E-018
  0.24999759E+004  0.52671630E-018
  0.25016430E+004  0.54831736E-018
  0.25033113E+004  0.57078774E-018
  0.25049807E+004  0.59416175E-018
  0.25066512E+004  0.61847502E-018
  0.25083228E+004  0.64376456E-018
  0.25099955E+004  0.67006881E-018
  0.25116693E+004  0.69742768E-018
  0.25133443E+004  0.72588265E-018
  0.25150203E+004  0.75547676E-018
  0.25166975E+004  0.78625474E-018
  0.25183758E+004  0.81826301E-018
  0.25200552E+004  0.85154980E-018
  0.25217358E+004  0.88616516E-018
  0.25234174E+004  0.92216111E-018
  0.25251002E+004  0.95959160E-018
  0.25267841E+004  0.99851271E-018
  0.25284692E+004  0.10389826E-017
  0.25301553E+004  0.10810618E-017
  0.25318426E+004  0.11248129E-017
  0.25335310E+004  0.11703011E-017
  0.25352205E+004  0.12175939E-017
  0.25369112E+004  0.12667617E-017
  0.25386030E+004  0.13178772E-017
  0.25402959E+004  0.13710162E-017
  0.25419899E+004  0.14262570E-017
  0.25436851E+004  0.14836812E-017
  0.25453814E+004  0.15433734E-017
  0.25470788E+004  0.16054215E-017
  0.25487774E+004  0.16699164E-017
  0.25504771E+004  0.17369529E-017
  0.25521779E+004  0.18066291E-017
  0.25538798E+004  0.18790468E-017
  0.25555829E+004  0.19543118E-017
  0.25572872E+004  0.20325338E-017
  0.25589925E+004  0.21138268E-017
  0.25606991E+004  0.21983087E-017
  0.25624067E+004  0.22861024E-017
  0.25641155E+004  0.23773349E-017
  0.25658254E+004  0.24721383E-017
  0.25675365E+004  0.25706495E-017
  0.25692487E+004  0.26730108E-017
  0.25709620E+004  0.27793695E-017
  0.25726765E+004  0.28898787E-017
  0.25743921E+004  0.30046970E-017
  0.25761089E+004  0.31239891E-017
  0.25778268E+004  0.32479258E-017
  0.25795459E+004  0.33766844E-017
  0.25812661E+004  0.35104486E-017
  0.25829875E+004  0.36494092E-017
  0.25847100E+004  0.37937639E-017
  0.25864336E+004  0.39437180E-017
  0.25881585E+004  0.40994842E-017
  0.25898844E+004  0.42612833E-017
  0.25916115E+004  0.44293442E-017
  0.25933398E+004  0.46039044E-017
  0.25950692E+004  0.47852100E-017
  0.25967998E+004  0.49735166E-017
  0.25985315E+004  0.51690889E-017
  0.26002643E+004  0.53722016E-017
  0.26019984E+004  0.55831396E-017
  0.26037336E+004  0.58021982E-017
  0.26054699E+004  0.60296837E-017
  0.26072074E+004  0.62659136E-017
  0.26089461E+004  0.65112173E-017
  0.26106859E+004  0.67659362E-017
  0.26124269E+004  0.70304242E-017
  0.26141690E+004  0.73050485E-017
  0.26159123E+004  0.75901896E-017
  0.26176568E+004  0.78862419E-017
  0.26194024E+004  0.81936145E-017
  0.26211492E+004  0.85127313E-017
  0.26228971E+004  0.88440320E-017
  0.26246463E+004  0.91879721E-017
  0.26263966E+004  0.95450240E-017
  0.26281480E+004  0.99156773E-017
  0.26299006E+004  0.10300439E-016
  0.26316544E+004  0.10699836E-016
  0.26334094E+004  0.11114413E-016
  0.26351655E+004  0.11544735E-016
  0.26369228E+004  0.11991388E-016
  0.26386813E+004  0.12454979E-016
  0.26404410E+004  0.12936136E-016
  0.26422018E+004  0.13435513E-016
  0.26439638E+004  0.13953783E-016
  0.26457269E+004  0.14491648E-016
  0.26474913E+004  0.15049833E-016
  0.26492568E+004  0.15629089E-016
  0.26510235E+004  0.16230196E-016
  0.26527914E+004  0.16853960E-016
  0.26545605E+004  0.17501219E-016
  0.26563307E+004  0.18172838E-016
  0.26581021E+004  0.18869716E-016
  0.26598747E+004  0.19592781E-016
  0.26616485E+004  0.20342999E-016
  0.26634235E+004  0.21121368E-016
  0.26651996E+004  0.21928921E-016
  0.26669769E+004  0.22766730E-016
  0.26687555E+004  0.23635905E-016
  0.26705352E+004  0.24537595E-016
  0.26723161E+004  0.25472993E-016
  0.26740981E+004  0.26443330E-016
  0.26758814E+004  0.27449886E-016
  0.26776659E+004  0.28493983E-016
  0.26794515E+004  0.29576992E-016
  0.26812383E+004  0.30700333E-016
  0.26830264E+004  0.31865476E-016
  0.26848156E+004  0.33073945E-016
  0.26866060E+004  0.34327316E-016
  0.26883976E+004  0.35627223E-016
  0.26901904E+004  0.36975356E-016
  0.26919844E+004  0.38373467E-016
  0.26937796E+004  0.39823371E-016
  0.26955760E+004  0.41326944E-016
  0.26973736E+004  0.42886132E-016
  0.26991724E+004  0.44502948E-016
  0.27009724E+004  0.46179477E-016
  0.27027736E+004  0.47917877E-016
  0.27045759E+004  0.49720383E-016
  0.27063795E+004  0.51589309E-016
  0.27081843E+004  0.53527051E-016
  0.27099903E+004  0.55536088E-016
  0.27117975E+004  0.57618987E-016
  0.27136059E+004  0.59778407E-016
  0.27154156E+004  0.62017098E-016
  0.27172264E+004  0.64337908E-016
  0.27190384E+004  0.66743785E-016
  0.27208516E+004  0.69237781E-016
  0.27226661E+004  0.71823055E-016
  0.27244817E+004  0.74502874E-016
  0.27262986E+004  0.77280622E-016
  0.27281167E+004  0.80159802E-016
  0.27299360E+004  0.83144038E-016
  0.27317565E+004  0.86237080E-016
  0.27335782E+004  0.89442810E-016
  0.27354011E+004  0.92765246E-016
  0.27372253E+004  0.96208545E-016
  0.27390506E+004  0.99777009E-016
  0.27408772E+004  0.10347509E-015
  0.27427050E+004  0.10730739E-015
  0.27445340E+004  0.11127868E-015
  0.27463643E+004  0.11539390E-015
  0.27481957E+004  0.11965813E-015
  0.27500284E+004  0.12407667E-015
  0.27518623E+004  0.12865498E-015
  0.27536974E+004  0.13339870E-015
  0.27555338E+004  0.13831368E-015
  0.27573714E+004  0.14340598E-015
  0.27592102E+004  0.14868185E-015
  0.27610502E+004  0.15414777E-015
  0.27628914E+004  0.15981042E-015
  0.27647339E+004  0.16567674E-015
  0.27665776E+004  0.17175390E-015
  0.27684226E+004  0.17804930E-015
  0.27702687E+004  0.18457061E-015
  0.27721161E+004  0.19132576E-015
  0.27739648E+004  0.19832296E-015
  0.27758146E+004  0.20557068E-015
  0.27776657E+004  0.21307769E-015
  0.27795181E+004  0.22085308E-015
  0.27813716E+004  0.22890623E-015
  0.27832264E+004  0.23724683E-015
  0.27850825E+004  0.24588492E-015
  0.27869398E+004  0.25483089E-015
  0.27887983E+004  0.26409546E-015
  0.27906580E+004  0.27368973E-015
  0.27925190E+004  0.28362517E-015
  0.27943813E+004  0.29391365E-015
  0.27962447E+004  0.30456743E-015
  0.27981095E+004  0.31559920E-015
  0.27999754E+004  0.32702208E-015
  0.28018426E+004  0.33884961E-015
  0.28037111E+004  0.35109583E-015
  0.28055808E+004  0.36377521E-015
  0.28074518E+004  0.37690274E-015
  0.28093239E+004  0.39049392E-015
  0.28111974E+004  0.40456474E-015
  0.28130721E+004  0.41913177E-015
  0.28149480E+004  0.43421210E-015
  0.28168252E+004  0.44982343E-015
  0.28187037E+004  0.46598403E-015
  0.28205834E+004  0.48271280E-015
  0.28224643E+004  0.50002926E-015
  0.28243465E+004  0.51795361E-015
  0.28262300E+004  0.53650670E-015
  0.28281147E+004  0.55571009E-015
  0.28300007E+004  0.57558607E-015
  0.28318879E+004  0.59615766E-015
  0.28337764E+004  0.61744867E-015
  0.28356662E+004  0.63948368E-015
  0.28375572E+004  0.66228811E-015
  0.28394495E+004  0.68588822E-015
  0.28413430E+004  0.71031116E-015
  0.28432378E+004  0.73558495E-015
  0.28451338E+004  0.76173857E-015
  0.28470312E+004  0.78880197E-015
  0.28489298E+004  0.81680606E-015
  0.28508296E+004  0.84578282E-015
  0.28527307E+004  0.87576526E-015
  0.28546331E+004  0.90678748E-015
  0.28565368E+004  0.93888475E-015
  0.28584417E+004  0.97209345E-015
  0.28603479E+004  0.10064512E-014
  0.28622554E+004  0.10419969E-014
  0.28641641E+004  0.10787706E-014
  0.28660741E+004  0.11168138E-014
  0.28679854E+004  0.11561694E-014
  0.28698980E+004  0.11968815E-014
  0.28718118E+004  0.12389959E-014
  0.28737270E+004  0.12825598E-014
  0.28756433E+004  0.13276218E-014
  0.28775610E+004  0.13742324E-014
  0.28794800E+004  0.14224436E-014
  0.28814002E+004  0.14723090E-014
  0.28833217E+004  0.15238842E-014
  0.28852445E+004  0.15772263E-014
  0.28871686E+004  0.16323946E-014
  0.28890939E+004  0.16894501E-014
  0.28910206E+004  0.17484558E-014
  0.28929485E+004  0.18094770E-014
  0.28948777E+004  0.18725809E-014
  0.28968082E+004  0.19378369E-014
  0.28987400E+004  0.20053167E-014
  0.29006731E+004  0.20750943E-014
  0.29026074E+004  0.21472463E-014
  0.29045431E+004  0.22218514E-014
  0.29064800E+004  0.22989912E-014
  0.29084183E+004  0.23787499E-014
  0.29103578E+004  0.24612142E-014
  0.29122986E+004  0.25464738E-014
  0.29142407E+004  0.26346212E-014
  0.29161841E+004  0.27257521E-014
  0.29181288E+004  0.28199649E-014
  0.29200748E+004  0.29173616E-014
  0.29220221E+004  0.30180472E-014
  0.29239707E+004  0.31221302E-014
  0.29259206E+004  0.32297226E-014
  0.29278718E+004  0.33409398E-014
  0.29298243E+004  0.34559012E-014
  0.29317781E+004  0.35747299E-014
  0.29337332E+004  0.36975529E-014
  0.29356897E+004  0.38245014E-014
  0.29376474E+004  0.39557106E-014
  0.29396064E+004  0.40913202E-014
  0.29415667E+004  0.42314743E-014
  0.29435283E+004  0.43763217E-014
  0.29454913E+004  0.45260157E-014
  0.29474555E+004  0.46807148E-014
  0.29494211E+004  0.48405823E-014
  0.29513880E+004  0.50057868E-014
  0.29533561E+004  0.51765024E-014
  0.29553256E+004  0.53529084E-014
  0.29572964E+004  0.55351902E-014
  0.29592686E+004  0.57235387E-014
  0.29612420E+004  0.59181511E-014
  0.29632168E+004  0.61192308E-014
  0.29651928E+004  0.63269877E-014
  0.29671702E+004  0.65416380E-014
  0.29691489E+004  0.67634053E-014
  0.29711290E+004  0.69925197E-014
  0.29731103E+004  0.72292190E-014
  0.29750930E+004  0.74737482E-014
  0.29770770E+004  0.77263602E-014
  0.29790623E+004  0.79873158E-014
  0.29810489E+004  0.82568839E-014
  0.29830369E+004  0.85353421E-014
  0.29850262E+004  0.88229765E-014
  0.29870168E+004  0.91200822E-014
  0.29890087E+004  0.94269637E-014
  0.29910020E+004  0.97439349E-014
  0.29929966E+004  0.10071320E-013
  0.29949925E+004  0.10409452E-013
  0.29969898E+004  0.10758675E-013
  0.29989884E+004  0.11119346E-013
  0.30009883E+004  0.11491829E-013
  0.30029896E+004  0.11876503E-013
  0.30049922E+004  0.12273757E-013
  0.30069961E+004  0.12683992E-013
  0.30090013E+004  0.13107623E-013
  0.30110079E+004  0.13545075E-013
  0.30130159E+004  0.13996790E-013
  0.30150252E+004  0.14463221E-013
  0.30170358E+004  0.14944835E-013
  0.30190477E+004  0.15442115E-013
  0.30210611E+004  0.15955559E-013
  0.30230757E+004  0.16485678E-013
  0.30250917E+004  0.17033002E-013
  0.30271090E+004  0.17598075E-013
  0.30291277E+004  0.18181458E-013
  0.30311477E+004  0.18783730E-013
  0.30331691E+004  0.19405489E-013
  0.30351918E+004  0.20047349E-013
  0.30372159E+004  0.20709944E-013
  0.30392413E+004  0.21393927E-013
  0.30412681E+004  0.22099973E-013
  0.30432962E+004  0.22828775E-013
  0.30453257E+004  0.23581049E-013
  0.30473565E+004  0.24357532E-013
  0.30493887E+004  0.25158984E-013
  0.30514222E+004  0.25986189E-013
  0.30534571E+004  0.26839953E-013
  0.30554933E+004  0.27721108E-013
  0.30575310E+004  0.28630512E-013
  0.30595699E+004  0.29569047E-013
  0.30616102E+004  0.30537625E-013
  0.30636519E+004  0.31537181E-013
  0.30656950E+004  0.32568684E-013
  0.30677394E+004  0.33633129E-013
  0.30697852E+004  0.34731542E-013
  0.30718323E+004  0.35864979E-013
  0.30738808E+004  0.37034530E-013
  0.30759307E+004  0.38241318E-013
  0.30779819E+004  0.39486498E-013
  0.30800345E+004  0.40771261E-013
  0.30820885E+004  0.42096834E-013
  0.30841438E+004  0.43464481E-013
  0.30862005E+004  0.44875505E-013
  0.30882586E+004  0.46331247E-013
  0.30903181E+004  0.47833089E-013
  0.30923789E+004  0.49382453E-013
  0.30944411E+004  0.50980807E-013
  0.30965047E+004  0.52629661E-013
  0.30985696E+004  0.54330570E-013
  0.31006360E+004  0.56085135E-013
  0.31027037E+004  0.57895009E-013
  0.31047728E+004  0.59761889E-013
  0.31068432E+004  0.61687527E-013
  0.31089151E+004  0.63673726E-013
  0.31109883E+004  0.65722341E-013
  0.31130629E+004  0.67835286E-013
  0.31151389E+004  0.70014529E-013
  0.31172163E+004  0.72262098E-013
  0.31192951E+004  0.74580081E-013
  0.31213752E+004  0.76970629E-013
  0.31234568E+004  0.79435955E-013
  0.31255397E+004  0.81978339E-013
  0.31276240E+004  0.84600130E-013
  0.31297097E+004  0.87303744E-013
  0.31317968E+004  0.90091670E-013
  0.31338853E+004  0.92966471E-013
  0.31359752E+004  0.95930784E-013
  0.31380665E+004  0.98987327E-013
  0.31401592E+004  0.10213889E-012
  0.31422532E+004  0.10538837E-012
  0.31443487E+004  0.10873871E-012
  0.31464456E+004  0.11219297E-012
  0.31485438E+004  0.11575429E-012
  0.31506435E+004  0.11942591E-012
  0.31527445E+004  0.12321114E-012
  0.31548470E+004  0.12711343E-012
  0.31569509E+004  0.13113629E-012
  0.31590561E+004  0.13528336E-012
  0.31611628E+004  0.13955837E-012
  0.31632709E+004  0.14396516E-012
  0.31653804E+004  0.14850770E-012
  0.31674912E+004  0.15319006E-012
  0.31696035E+004  0.15801643E-012
  0.31717172E+004  0.16299113E-012
  0.31738323E+004  0.16811860E-012
  0.31759489E+004  0.17340341E-012
  0.31780668E+004  0.17885025E-012
  0.31801862E+004  0.18446398E-012
  0.31823069E+004  0.19024957E-012
  0.31844291E+004  0.19621215E-012
  0.31865527E+004  0.20235699E-012
  0.31886777E+004  0.20868951E-012
  0.31908041E+004  0.21521531E-012
  0.31929319E+004  0.22194012E-012
  0.31950612E+004  0.22886986E-012
  0.31971919E+004  0.23601062E-012
  0.31993240E+004  0.24336864E-012
  0.32014575E+004  0.25095037E-012
  0.32035925E+004  0.25876242E-012
  0.32057288E+004  0.26681163E-012
  0.32078666E+004  0.27510499E-012
  0.32100058E+004  0.28364971E-012
  0.32121465E+004  0.29245322E-012
  0.32142886E+004  0.30152316E-012
  0.32164321E+004  0.31086736E-012
  0.32185770E+004  0.32049391E-012
  0.32207234E+004  0.33041111E-012
  0.32228711E+004  0.34062751E-012
  0.32250204E+004  0.35115190E-012
  0.32271710E+004  0.36199332E-012
  0.32293231E+004  0.37316106E-012
  0.32314767E+004  0.38466469E-012
  0.32336316E+004  0.39651405E-012
  0.32357880E+004  0.40871924E-012
  0.32379459E+004  0.42129068E-012
  0.32401051E+004  0.43423907E-012
  0.32422659E+004  0.44757539E-012
  0.32444280E+004  0.46131098E-012
  0.32465916E+004  0.47545746E-012
  0.32487567E+004  0.49002681E-012
  0.32509231E+004  0.50503132E-012
  0.32530911E+004  0.52048364E-012
  0.32552605E+004  0.53639679E-012
  0.32574313E+004  0.55278415E-012
  0.32596036E+004  0.56965946E-012
  0.32617773E+004  0.58703687E-012
  0.32639524E+004  0.60493092E-012
  0.32661291E+004  0.62335656E-012
  0.32683071E+004  0.64232915E-012
  0.32704867E+004  0.66186450E-012
  0.32726676E+004  0.68197886E-012
  0.32748501E+004  0.70268892E-012
  0.32770340E+004  0.72401185E-012
  0.32792193E+004  0.74596530E-012
  0.32814061E+004  0.76856742E-012
  0.32835944E+004  0.79183685E-012
  0.32857841E+004  0.81579276E-012
  0.32879753E+004  0.84045487E-012
  0.32901679E+004  0.86584343E-012
  0.32923620E+004  0.89197925E-012
  0.32945576E+004  0.91888375E-012
  0.32967546E+004  0.94657890E-012
  0.32989531E+004  0.97508733E-012
  0.33011531E+004  0.10044323E-011
  0.33033545E+004  0.10346376E-011
  0.33055574E+004  0.10657278E-011
  0.33077618E+004  0.10977282E-011
  0.33099676E+004  0.11306646E-011
  0.33121749E+004  0.11645638E-011
  0.33143837E+004  0.11994530E-011
  0.33165939E+004  0.12353604E-011
  0.33188057E+004  0.12723149E-011
  0.33210189E+004  0.13103463E-011
  0.33232335E+004  0.13494849E-011
  0.33254497E+004  0.13897623E-011
  0.33276673E+004  0.14312105E-011
  0.33298864E+004  0.14738628E-011
  0.33321070E+004  0.15177531E-011
  0.33343291E+004  0.15629163E-011
  0.33365527E+004  0.16093885E-011
  0.33387777E+004  0.16572064E-011
  0.33410042E+004  0.17064080E-011
  0.33432322E+004  0.17570322E-011
  0.33454617E+004  0.18091190E-011
  0.33476927E+004  0.18627095E-011
  0.33499251E+004  0.19178459E-011
  0.33521591E+004  0.19745716E-011
  0.33543945E+004  0.20329311E-011
  0.33566315E+004  0.20929702E-011
  0.33588699E+004  0.21547358E-011
  0.33611098E+004  0.22182763E-011
  0.33633512E+004  0.22836412E-011
  0.33655941E+004  0.23508815E-011
  0.33678385E+004  0.24200494E-011
  0.33700844E+004  0.24911987E-011
  0.33723318E+004  0.25643846E-011
  0.33745807E+004  0.26396638E-011
  0.33768311E+004  0.27170944E-011
  0.33790830E+004  0.27967362E-011
  0.33813364E+004  0.28786505E-011
  0.33835913E+004  0.29629005E-011
  0.33858477E+004  0.30495509E-011
  0.33881056E+004  0.31386681E-011
  0.33903651E+004  0.32303204E-011
  0.33926260E+004  0.33245779E-011
  0.33948884E+004  0.34215125E-011
  0.33971523E+004  0.35211982E-011
  0.33994178E+004  0.36237109E-011
  0.34016847E+004  0.37291284E-011
  0.34039532E+004  0.38375307E-011
  0.34062232E+004  0.39490000E-011
  0.34084947E+004  0.40636206E-011
  0.34107677E+004  0.41814790E-011
  0.34130422E+004  0.43026642E-011
  0.34153183E+004  0.44272674E-011
  0.34175958E+004  0.45553823E-011
  0.34198749E+004  0.46871050E-011
  0.34221555E+004  0.48225342E-011
  0.34244376E+004  0.49617713E-011
  0.34267213E+004  0.51049204E-011
  0.34290065E+004  0.52520881E-011
  0.34312931E+004  0.54033841E-011
  0.34335814E+004  0.55589209E-011
  0.34358711E+004  0.57188140E-011
  0.34381624E+004  0.58831818E-011
  0.34404552E+004  0.60521462E-011
  0.34427495E+004  0.62258319E-011
  0.34450453E+004  0.64043670E-011
  0.34473427E+004  0.65878832E-011
  0.34496416E+004  0.67765153E-011
  0.34519421E+004  0.69704020E-011
  0.34542441E+004  0.71696854E-011
  0.34565476E+004  0.73745113E-011
  0.34588527E+004  0.75850295E-011
  0.34611593E+004  0.78013937E-011
  0.34634674E+004  0.80237614E-011
  0.34657771E+004  0.82522946E-011
  0.34680883E+004  0.84871592E-011
  0.34704010E+004  0.87285254E-011
  0.34727153E+004  0.89765682E-011
  0.34750312E+004  0.92314669E-011
  0.34773485E+004  0.94934054E-011
  0.34796675E+004  0.97625726E-011
  0.34819879E+004  0.10039162E-010
  0.34843100E+004  0.10323373E-010
  0.34866335E+004  0.10615408E-010
  0.34889587E+004  0.10915478E-010
  0.34912853E+004  0.11223797E-010
  0.34936135E+004  0.11540584E-010
  0.34959433E+004  0.11866066E-010
  0.34982746E+004  0.12200475E-010
  0.35006075E+004  0.12544048E-010
  0.35029420E+004  0.12897028E-010
  0.35052780E+004  0.13259667E-010
  0.35076155E+004  0.13632220E-010
  0.35099546E+004  0.14014950E-010
  0.35122953E+004  0.14408128E-010
  0.35146375E+004  0.14812030E-010
  0.35169813E+004  0.15226941E-010
  0.35193267E+004  0.15653151E-010
  0.35216736E+004  0.16090959E-010
  0.35240221E+004  0.16540671E-010
  0.35263721E+004  0.17002602E-010
  0.35287238E+004  0.17477073E-010
  0.35310770E+004  0.17964416E-010
  0.35334317E+004  0.18464968E-010
  0.35357880E+004  0.18979078E-010
  0.35381459E+004  0.19507102E-010
  0.35405054E+004  0.20049404E-010
  0.35428665E+004  0.20606361E-010
  0.35452291E+004  0.21178356E-010
  0.35475933E+004  0.21765782E-010
  0.35499590E+004  0.22369045E-010
  0.35523264E+004  0.22988558E-010
  0.35546953E+004  0.23624745E-010
  0.35570658E+004  0.24278043E-010
  0.35594379E+004  0.24948898E-010
  0.35618116E+004  0.25637767E-010
  0.35641868E+004  0.26345121E-010
  0.35665637E+004  0.27071439E-010
  0.35689421E+004  0.27817215E-010
  0.35713221E+004  0.28582955E-010
  0.35737037E+004  0.29369177E-010
  0.35760869E+004  0.30176413E-010
  0.35784717E+004  0.31005207E-010
  0.35808580E+004  0.31856118E-010
  0.35832460E+004  0.32729718E-010
  0.35856355E+004  0.33626595E-010
  0.35880267E+004  0.34547348E-010
  0.35904194E+004  0.35492596E-010
  0.35928137E+004  0.36462970E-010
  0.35952097E+004  0.37459118E-010
  0.35976072E+004  0.38481703E-010
  0.36000063E+004  0.39531405E-010
  0.36024070E+004  0.40608923E-010
  0.36048094E+004  0.41714971E-010
  0.36072133E+004  0.42850282E-010
  0.36096188E+004  0.44015605E-010
  0.36120260E+004  0.45211711E-010
  0.36144347E+004  0.46439387E-010
  0.36168450E+004  0.47699442E-010
  0.36192570E+004  0.48992704E-010
  0.36216706E+004  0.50320021E-010
  0.36240857E+004  0.51682262E-010
  0.36265025E+004  0.53080318E-010
  0.36289209E+004  0.54515102E-010
  0.36313409E+004  0.55987549E-010
  0.36337625E+004  0.57498618E-010
  0.36361858E+004  0.59049291E-010
  0.36386106E+004  0.60640573E-010
  0.36410371E+004  0.62273496E-010
  0.36434652E+004  0.63949116E-010
  0.36458949E+004  0.65668515E-010
  0.36483262E+004  0.67432800E-010
  0.36507592E+004  0.69243109E-010
  0.36531937E+004  0.71100605E-010
  0.36556299E+004  0.73006478E-010
  0.36580677E+004  0.74961952E-010
  0.36605072E+004  0.76968276E-010
  0.36629483E+004  0.79026731E-010
  0.36653909E+004  0.81138631E-010
  0.36678353E+004  0.83305320E-010
  0.36702812E+004  0.85528175E-010
  0.36727288E+004  0.87808607E-010
  0.36751780E+004  0.90148061E-010
  0.36776289E+004  0.92548017E-010
  0.36800814E+004  0.95009991E-010
  0.36825355E+004  0.97535535E-010
  0.36849913E+004  0.10012624E-009
  0.36874487E+004  0.10278373E-009
  0.36899077E+004  0.10550969E-009
  0.36923684E+004  0.10830580E-009
  0.36948307E+004  0.11117384E-009
  0.36972947E+004  0.11411558E-009
  0.36997603E+004  0.11713286E-009
  0.37022275E+004  0.12022756E-009
  0.37046964E+004  0.12340161E-009
  0.37071669E+004  0.12665697E-009
  0.37096391E+004  0.12999566E-009
  0.37121130E+004  0.13341975E-009
  0.37145884E+004  0.13693136E-009
  0.37170656E+004  0.14053265E-009
  0.37195444E+004  0.14422583E-009
  0.37220248E+004  0.14801319E-009
  0.37245069E+004  0.15189704E-009
  0.37269906E+004  0.15587976E-009
  0.37294761E+004  0.15996379E-009
  0.37319631E+004  0.16415164E-009
  0.37344518E+004  0.16844584E-009
  0.37369422E+004  0.17284902E-009
  0.37394343E+004  0.17736386E-009
  0.37419280E+004  0.18199310E-009
  0.37444233E+004  0.18673953E-009
  0.37469204E+004  0.19160605E-009
  0.37494191E+004  0.19659557E-009
  0.37519194E+004  0.20171113E-009
  0.37544215E+004  0.20695579E-009
  0.37569252E+004  0.21233272E-009
  0.37594305E+004  0.21784513E-009
  0.37619376E+004  0.22349634E-009
  0.37644463E+004  0.22928973E-009
  0.37669567E+004  0.23522875E-009
  0.37694687E+004  0.24131697E-009
  0.37719824E+004  0.24755799E-009
  0.37744979E+004  0.25395553E-009
  0.37770149E+004  0.26051339E-009
  0.37795337E+004  0.26723546E-009
  0.37820542E+004  0.27412572E-009
  0.37845763E+004  0.28118824E-009
  0.37871001E+004  0.28842719E-009
  0.37896256E+004  0.29584683E-009
  0.37921528E+004  0.30345152E-009
  0.37946816E+004  0.31124573E-009
  0.37972122E+004  0.31923404E-009
  0.37997444E+004  0.32742112E-009
  0.38022783E+004  0.33581174E-009
  0.38048139E+004  0.34441082E-009
  0.38073512E+004  0.35322335E-009
  0.38098902E+004  0.36225447E-009
  0.38124309E+004  0.37150942E-009
  0.38149733E+004  0.38099357E-009
  0.38175174E+004  0.39071240E-009
  0.38200632E+004  0.40067153E-009
  0.38226106E+004  0.41087671E-009
  0.38251598E+004  0.42133383E-009
  0.38277107E+004  0.43204889E-009
  0.38302632E+004  0.44302804E-009
  0.38328175E+004  0.45427759E-009
  0.38353735E+004  0.46580398E-009
  0.38379312E+004  0.47761379E-009
  0.38404906E+004  0.48971376E-009
  0.38430517E+004  0.50211079E-009
  0.38456145E+004  0.51481193E-009
  0.38481790E+004  0.52782438E-009
  0.38507452E+004  0.54115554E-009
  0.38533131E+004  0.55481295E-009
  0.38558828E+004  0.56880432E-009
  0.38584541E+004  0.58313755E-009
  0.38610272E+004  0.59782073E-009
  0.38636020E+004  0.61286210E-009
  0.38661785E+004  0.62827012E-009
  0.38687567E+004  0.64405342E-009
  0.38713367E+004  0.66022085E-009
  0.38739184E+004  0.67678144E-009
  0.38765017E+004  0.69374442E-009
  0.38790869E+004  0.71111926E-009
  0.38816737E+004  0.72891562E-009
  0.38842622E+004  0.74714338E-009
  0.38868525E+004  0.76581265E-009
  0.38894445E+004  0.78493376E-009
  0.38920383E+004  0.80451729E-009
  0.38946338E+004  0.82457403E-009
  0.38972310E+004  0.84511505E-009
  0.38998299E+004  0.86615164E-009
  0.39024306E+004  0.88769536E-009
  0.39050330E+004  0.90975802E-009
  0.39076371E+004  0.93235169E-009
  0.39102430E+004  0.95548873E-009
  0.39128506E+004  0.97918176E-009
  0.39154599E+004  0.10034437E-008
  0.39180710E+004  0.10282877E-008
  0.39206838E+004  0.10537273E-008
  0.39232984E+004  0.10797764E-008
  0.39259147E+004  0.11064489E-008
  0.39285328E+004  0.11337593E-008
  0.39311526E+004  0.11617223E-008
  0.39337742E+004  0.11903531E-008
  0.39363975E+004  0.12196669E-008
  0.39390225E+004  0.12496796E-008
  0.39416493E+004  0.12804073E-008
  0.39442779E+004  0.13118664E-008
  0.39469082E+004  0.13440736E-008
  0.39495402E+004  0.13770463E-008
  0.39521741E+004  0.14108019E-008
  0.39548096E+004  0.14453584E-008
  0.39574470E+004  0.14807342E-008
  0.39600861E+004  0.15169481E-008
  0.39627269E+004  0.15540191E-008
  0.39653695E+004  0.15919669E-008
  0.39680139E+004  0.16308115E-008
  0.39706600E+004  0.16705734E-008
  0.39733079E+004  0.17112735E-008
  0.39759576E+004  0.17529331E-008
  0.39786090E+004  0.17955742E-008
  0.39812622E+004  0.18392189E-008
  0.39839172E+004  0.18838902E-008
  0.39865739E+004  0.19296113E-008
  0.39892325E+004  0.19764061E-008
  0.39918927E+004  0.20242989E-008
  0.39945548E+004  0.20733145E-008
  0.39972186E+004  0.21234785E-008
  0.39998842E+004  0.21748166E-008
  0.40025516E+004  0.22273555E-008
  0.40052208E+004  0.22811223E-008
  0.40078918E+004  0.23361447E-008
  0.40105645E+004  0.23924509E-008
  0.40132390E+004  0.24500699E-008
  0.40159153E+004  0.25090312E-008
  0.40185934E+004  0.25693650E-008
  0.40212732E+004  0.26311021E-008
  0.40239549E+004  0.26942740E-008
  0.40266383E+004  0.27589129E-008
  0.40293236E+004  0.28250516E-008
  0.40320106E+004  0.28927238E-008
  0.40346994E+004  0.29619638E-008
  0.40373900E+004  0.30328064E-008
  0.40400824E+004  0.31052877E-008
  0.40427766E+004  0.31794441E-008
  0.40454726E+004  0.32553130E-008
  0.40481704E+004  0.33329325E-008
  0.40508700E+004  0.34123416E-008
  0.40535714E+004  0.34935800E-008
  0.40562746E+004  0.35766885E-008
  0.40589796E+004  0.36617086E-008
  0.40616864E+004  0.37486826E-008
  0.40643950E+004  0.38376539E-008
  0.40671054E+004  0.39286667E-008
  0.40698176E+004  0.40217662E-008
  0.40725316E+004  0.41169985E-008
  0.40752474E+004  0.42144107E-008
  0.40779651E+004  0.43140510E-008
  0.40806846E+004  0.44159685E-008
  0.40834058E+004  0.45202133E-008
  0.40861289E+004  0.46268368E-008
  0.40888538E+004  0.47358912E-008
  0.40915805E+004  0.48474300E-008
  0.40943091E+004  0.49615078E-008
  0.40970394E+004  0.50781802E-008
  0.40997716E+004  0.51975042E-008
  0.41025056E+004  0.53195378E-008
  0.41052414E+004  0.54443404E-008
  0.41079791E+004  0.55719725E-008
  0.41107186E+004  0.57024960E-008
  0.41134599E+004  0.58359739E-008
  0.41162030E+004  0.59724708E-008
  0.41189479E+004  0.61120525E-008
  0.41216947E+004  0.62547861E-008
  0.41244434E+004  0.64007403E-008
  0.41271938E+004  0.65499851E-008
  0.41299461E+004  0.67025919E-008
  0.41327002E+004  0.68586337E-008
  0.41354562E+004  0.70181851E-008
  0.41382140E+004  0.71813222E-008
  0.41409736E+004  0.73481224E-008
  0.41437351E+004  0.75186652E-008
  0.41464984E+004  0.76930314E-008
  0.41492636E+004  0.78713036E-008
  0.41520306E+004  0.80535661E-008
  0.41547994E+004  0.82399050E-008
  0.41575701E+004  0.84304080E-008
  0.41603427E+004  0.86251648E-008
  0.41631171E+004  0.88242669E-008
  0.41658933E+004  0.90278077E-008
  0.41686714E+004  0.92358825E-008
  0.41714514E+004  0.94485885E-008
  0.41742332E+004  0.96660252E-008
  0.41770168E+004  0.98882937E-008
  0.41798023E+004  0.10115498E-007
  0.41825897E+004  0.10347742E-007
  0.41853789E+004  0.10585135E-007
  0.41881700E+004  0.10827787E-007
  0.41909630E+004  0.11075809E-007
  0.41937578E+004  0.11329316E-007
  0.41965545E+004  0.11588426E-007
  0.41993530E+004  0.11853256E-007
  0.42021534E+004  0.12123929E-007
  0.42049557E+004  0.12400568E-007
  0.42077598E+004  0.12683301E-007
  0.42105659E+004  0.12972257E-007
  0.42133737E+004  0.13267567E-007
  0.42161835E+004  0.13569366E-007
  0.42189951E+004  0.13877791E-007
  0.42218086E+004  0.14192983E-007
  0.42246240E+004  0.14515083E-007
  0.42274413E+004  0.14844239E-007
  0.42302604E+004  0.15180598E-007
  0.42330814E+004  0.15524312E-007
  0.42359043E+004  0.15875537E-007
  0.42387291E+004  0.16234429E-007
  0.42415558E+004  0.16601151E-007
  0.42443843E+004  0.16975867E-007
  0.42472148E+004  0.17358743E-007
  0.42500471E+004  0.17749952E-007
  0.42528813E+004  0.18149667E-007
  0.42557174E+004  0.18558067E-007
  0.42585554E+004  0.18975333E-007
  0.42613953E+004  0.19401651E-007
  0.42642371E+004  0.19837208E-007
  0.42670808E+004  0.20282199E-007
  0.42699263E+004  0.20736819E-007
  0.42727738E+004  0.21201269E-007
  0.42756232E+004  0.21675754E-007
  0.42784745E+004  0.22160481E-007
  0.42813276E+004  0.22655664E-007
  0.42841827E+004  0.23161519E-007
  0.42870397E+004  0.23678268E-007
  0.42898986E+004  0.24206136E-007
  0.42927594E+004  0.24745354E-007
  0.42956221E+004  0.25296155E-007
  0.42984867E+004  0.25858780E-007
  0.43013532E+004  0.26433473E-007
  0.43042216E+004  0.27020481E-007
  0.43070920E+004  0.27620060E-007
  0.43099642E+004  0.28232468E-007
  0.43128384E+004  0.28857968E-007
  0.43157145E+004  0.29496830E-007
  0.43185925E+004  0.30149329E-007
  0.43214724E+004  0.30815744E-007
  0.43243543E+004  0.31496360E-007
  0.43272380E+004  0.32191468E-007
  0.43301237E+004  0.32901366E-007
  0.43330113E+004  0.33626354E-007
  0.43359009E+004  0.34366743E-007
  0.43387923E+004  0.35122846E-007
  0.43416857E+004  0.35894983E-007
  0.43445811E+004  0.36683482E-007
  0.43474783E+004  0.37488676E-007
  0.43503775E+004  0.38310904E-007
  0.43532786E+004  0.39150512E-007
  0.43561817E+004  0.40007855E-007
  0.43590867E+004  0.40883291E-007
  0.43619936E+004  0.41777187E-007
  0.43649025E+004  0.42689918E-007
  0.43678133E+004  0.43621864E-007
  0.43707260E+004  0.44573416E-007
  0.43736407E+004  0.45544967E-007
  0.43765574E+004  0.46536924E-007
  0.43794759E+004  0.47549696E-007
  0.43823965E+004  0.48583704E-007
  0.43853189E+004  0.49639376E-007
  0.43882434E+004  0.50717147E-007
  0.43911697E+004  0.51817461E-007
  0.43940981E+004  0.52940773E-007
  0.43970283E+004  0.54087542E-007
  0.43999606E+004  0.55258240E-007
  0.44028948E+004  0.56453347E-007
  0.44058309E+004  0.57673350E-007
  0.44087690E+004  0.58918748E-007
  0.44117091E+004  0.60190049E-007
  0.44146511E+004  0.61487769E-007
  0.44175951E+004  0.62812436E-007
  0.44205410E+004  0.64164587E-007
  0.44234889E+004  0.65544770E-007
  0.44264388E+004  0.66953542E-007
  0.44293906E+004  0.68391472E-007
  0.44323445E+004  0.69859140E-007
  0.44353002E+004  0.71357135E-007
  0.44382580E+004  0.72886060E-007
  0.44412177E+004  0.74446526E-007
  0.44441794E+004  0.76039159E-007
  0.44471431E+004  0.77664596E-007
  0.44501088E+004  0.79323483E-007
  0.44530764E+004  0.81016483E-007
  0.44560460E+004  0.82744269E-007
  0.44590176E+004  0.84507525E-007
  0.44619911E+004  0.86306951E-007
  0.44649667E+004  0.88143260E-007
  0.44679442E+004  0.90017175E-007
  0.44709238E+004  0.91929437E-007
  0.44739053E+004  0.93880798E-007
  0.44768888E+004  0.95872025E-007
  0.44798743E+004  0.97903899E-007
  0.44828617E+004  0.99977216E-007
  0.44858512E+004  0.10209279E-006
  0.44888427E+004  0.10425144E-006
  0.44918361E+004  0.10645401E-006
  0.44948316E+004  0.10870137E-006
  0.44978290E+004  0.11099437E-006
  0.45008285E+004  0.11333392E-006
  0.45038299E+004  0.11572091E-006
  0.45068334E+004  0.11815627E-006
  0.45098389E+004  0.12064095E-006
  0.45128463E+004  0.12317589E-006
  0.45158558E+004  0.12576207E-006
  0.45188673E+004  0.12840049E-006
  0.45218807E+004  0.13109216E-006
  0.45248962E+004  0.13383811E-006
  0.45279137E+004  0.13663938E-006
  0.45309333E+004  0.13949705E-006
  0.45339548E+004  0.14241220E-006
  0.45369783E+004  0.14538595E-006
  0.45400039E+004  0.14841941E-006
  0.45430315E+004  0.15151375E-006
  0.45460611E+004  0.15467013E-006
  0.45490927E+004  0.15788975E-006
  0.45521263E+004  0.16117381E-006
  0.45551620E+004  0.16452356E-006
  0.45581997E+004  0.16794026E-006
  0.45612394E+004  0.17142517E-006
  0.45642811E+004  0.17497963E-006
  0.45673249E+004  0.17860494E-006
  0.45703707E+004  0.18230246E-006
  0.45734185E+004  0.18607358E-006
  0.45764684E+004  0.18991970E-006
  0.45795203E+004  0.19384224E-006
  0.45825742E+004  0.19784266E-006
  0.45856302E+004  0.20192244E-006
  0.45886882E+004  0.20608310E-006
  0.45917482E+004  0.21032615E-006
  0.45948103E+004  0.21465318E-006
  0.45978744E+004  0.21906576E-006
  0.46009406E+004  0.22356553E-006
  0.46040088E+004  0.22815412E-006
  0.46070791E+004  0.23283323E-006
  0.46101514E+004  0.23760455E-006
  0.46132257E+004  0.24246984E-006
  0.46163021E+004  0.24743085E-006
  0.46193806E+004  0.25248940E-006
  0.46224611E+004  0.25764733E-006
  0.46255437E+004  0.26290649E-006
  0.46286283E+004  0.26826879E-006
  0.46317150E+004  0.27373618E-006
  0.46348037E+004  0.27931061E-006
  0.46378945E+004  0.28499410E-006
  0.46409873E+004  0.29078870E-006
  0.46440823E+004  0.29669647E-006
  0.46471793E+004  0.30271953E-006
  0.46502783E+004  0.30886004E-006
  0.46533794E+004  0.31512020E-006
  0.46564826E+004  0.32150222E-006
  0.46595879E+004  0.32800839E-006
  0.46626952E+004  0.33464100E-006
  0.46658046E+004  0.34140243E-006
  0.46689160E+004  0.34829505E-006
  0.46720296E+004  0.35532130E-006
  0.46751452E+004  0.36248367E-006
  0.46782629E+004  0.36978467E-006
  0.46813827E+004  0.37722687E-006
  0.46845045E+004  0.38481289E-006
  0.46876285E+004  0.39254538E-006
  0.46907545E+004  0.40042706E-006
  0.46938826E+004  0.40846066E-006
  0.46970128E+004  0.41664900E-006
  0.47001451E+004  0.42499493E-006
  0.47032795E+004  0.43350134E-006
  0.47064159E+004  0.44217118E-006
  0.47095545E+004  0.45100747E-006
  0.47126951E+004  0.46001325E-006
  0.47158379E+004  0.46919163E-006
  0.47189827E+004  0.47854578E-006
  0.47221296E+004  0.48807892E-006
  0.47252787E+004  0.49779432E-006
  0.47284298E+004  0.50769531E-006
  0.47315830E+004  0.51778529E-006
  0.47347384E+004  0.52806769E-006
  0.47378958E+004  0.53854603E-006
  0.47410553E+004  0.54922388E-006
  0.47442170E+004  0.56010487E-006
  0.47473808E+004  0.57119269E-006
  0.47505466E+004  0.58249111E-006
  0.47537146E+004  0.59400393E-006
  0.47568847E+004  0.60573506E-006
  0.47600569E+004  0.61768845E-006
  0.47632312E+004  0.62986812E-006
  0.47664077E+004  0.64227817E-006
  0.47695862E+004  0.65492275E-006
  0.47727669E+004  0.66780611E-006
  0.47759497E+004  0.68093256E-006
  0.47791346E+004  0.69430647E-006
  0.47823217E+004  0.70793230E-006
  0.47855108E+004  0.72181459E-006
  0.47887021E+004  0.73595794E-006
  0.47918956E+004  0.75036705E-006
  0.47950911E+004  0.76504669E-006
  0.47982888E+004  0.78000171E-006
  0.48014886E+004  0.79523704E-006
  0.48046906E+004  0.81075770E-006
  0.48078947E+004  0.82656879E-006
  0.48111009E+004  0.84267551E-006
  0.48143093E+004  0.85908312E-006
  0.48175198E+004  0.87579701E-006
  0.48207324E+004  0.89282263E-006
  0.48239472E+004  0.91016553E-006
  0.48271641E+004  0.92783135E-006
  0.48303832E+004  0.94582584E-006
  0.48336044E+004  0.96415483E-006
  0.48368278E+004  0.98282426E-006
  0.48400533E+004  0.10018402E-005
  0.48432810E+004  0.10212087E-005
  0.48465108E+004  0.10409361E-005
  0.48497428E+004  0.10610286E-005
  0.48529769E+004  0.10814929E-005
  0.48562132E+004  0.11023353E-005
  0.48594516E+004  0.11235627E-005
  0.48626922E+004  0.11451817E-005
  0.48659350E+004  0.11671992E-005
  0.48691799E+004  0.11896224E-005
  0.48724270E+004  0.12124582E-005
  0.48756763E+004  0.12357140E-005
  0.48789277E+004  0.12593971E-005
  0.48821813E+004  0.12835150E-005
  0.48854371E+004  0.13080754E-005
  0.48886950E+004  0.13330859E-005
  0.48919551E+004  0.13585544E-005
  0.48952174E+004  0.13844890E-005
  0.48984819E+004  0.14108978E-005
  0.49017485E+004  0.14377890E-005
  0.49050173E+004  0.14651710E-005
  0.49082883E+004  0.14930525E-005
  0.49115615E+004  0.15214420E-005
  0.49148368E+004  0.15503484E-005
  0.49181144E+004  0.15797807E-005
  0.49213941E+004  0.16097480E-005
  0.49246760E+004  0.16402596E-005
  0.49279601E+004  0.16713249E-005
  0.49312464E+004  0.17029534E-005
  0.49345349E+004  0.17351550E-005
  0.49378256E+004  0.17679394E-005
  0.49411184E+004  0.18013169E-005
  0.49444135E+004  0.18352975E-005
  0.49477108E+004  0.18698917E-005
  0.49510102E+004  0.19051101E-005
  0.49543119E+004  0.19409633E-005
  0.49576158E+004  0.19774623E-005
  0.49609218E+004  0.20146181E-005
  0.49642301E+004  0.20524421E-005
  0.49675406E+004  0.20909457E-005
  0.49708533E+004  0.21301404E-005
  0.49741682E+004  0.21700382E-005
  0.49774853E+004  0.22106510E-005
  0.49808046E+004  0.22519911E-005
  0.49841261E+004  0.22940708E-005
  0.49874499E+004  0.23369028E-005
  0.49907759E+004  0.23804999E-005
  0.49941040E+004  0.24248750E-005
  0.49974344E+004  0.24700415E-005
  0.50007671E+004  0.25160127E-005
  0.50041019E+004  0.25628023E-005
  0.50074390E+004  0.26104242E-005
  0.50107783E+004  0.26588925E-005
  0.50141198E+004  0.27082214E-005
  0.50174635E+004  0.27584257E-005
  0.50208095E+004  0.28095199E-005
  0.50241577E+004  0.28615193E-005
  0.50275082E+004  0.29144389E-005
  0.50308608E+004  0.29682944E-005
  0.50342158E+004  0.30231015E-005
  0.50375729E+004  0.30788761E-005
  0.50409323E+004  0.31356346E-005
  0.50442939E+004  0.31933935E-005
  0.50476578E+004  0.32521695E-005
  0.50510239E+004  0.33119797E-005
  0.50543923E+004  0.33728414E-005
  0.50577629E+004  0.34347722E-005
  0.50611357E+004  0.34977899E-005
  0.50645108E+004  0.35619128E-005
  0.50678882E+004  0.36271592E-005
  0.50712678E+004  0.36935480E-005
  0.50746497E+004  0.37610980E-005
  0.50780338E+004  0.38298287E-005
  0.50814201E+004  0.38997596E-005
  0.50848088E+004  0.39709107E-005
  0.50881997E+004  0.40433023E-005
  0.50915928E+004  0.41169549E-005
  0.50949882E+004  0.41918894E-005
  0.50983859E+004  0.42681271E-005
  0.51017859E+004  0.43456894E-005
  0.51051881E+004  0.44245983E-005
  0.51085925E+004  0.45048760E-005
  0.51119993E+004  0.45865451E-005
  0.51154083E+004  0.46696284E-005
  0.51188196E+004  0.47541493E-005
  0.51222332E+004  0.48401315E-005
  0.51256490E+004  0.49275989E-005
  0.51290672E+004  0.50165759E-005
  0.51324876E+004  0.51070874E-005
  0.51359102E+004  0.51991583E-005
  0.51393352E+004  0.52928144E-005
  0.51427625E+004  0.53880814E-005
  0.51461920E+004  0.54849859E-005
  0.51496238E+004  0.55835544E-005
  0.51530579E+004  0.56838141E-005
  0.51564943E+004  0.57857927E-005
  0.51599330E+004  0.58895181E-005
  0.51633740E+004  0.59950187E-005
  0.51668173E+004  0.61023234E-005
  0.51702629E+004  0.62114615E-005
  0.51737108E+004  0.63224628E-005
  0.51771609E+004  0.64353575E-005
  0.51806134E+004  0.65501762E-005
  0.51840682E+004  0.66669502E-005
  0.51875253E+004  0.67857109E-005
  0.51909847E+004  0.69064906E-005
  0.51944464E+004  0.70293217E-005
  0.51979104E+004  0.71542375E-005
  0.52013767E+004  0.72812715E-005
  0.52048453E+004  0.74104577E-005
  0.52083162E+004  0.75418309E-005
  0.52117895E+004  0.76754261E-005
  0.52152651E+004  0.78112790E-005
  0.52187429E+004  0.79494259E-005
  0.52222231E+004  0.80899036E-005
  0.52257057E+004  0.82327492E-005
  0.52291905E+004  0.83780008E-005
  0.52326777E+004  0.85256968E-005
  0.52361672E+004  0.86758762E-005
  0.52396590E+004  0.88285787E-005
  0.52431532E+004  0.89838444E-005
  0.52466497E+004  0.91417142E-005
  0.52501485E+004  0.93022296E-005
  0.52536496E+004  0.94654325E-005
  0.52571531E+004  0.96313658E-005
  0.52606589E+004  0.98000726E-005
  0.52641671E+004  0.99715971E-005
  0.52676776E+004  0.10145984E-004
  0.52711904E+004  0.10323278E-004
  0.52747056E+004  0.10503526E-004
  0.52782231E+004  0.10686773E-004
  0.52817430E+004  0.10873069E-004
  0.52852652E+004  0.11062460E-004
  0.52887898E+004  0.11254995E-004
  0.52923167E+004  0.11450724E-004
  0.52958460E+004  0.11649698E-004
  0.52993776E+004  0.11851966E-004
  0.53029116E+004  0.12057581E-004
  0.53064479E+004  0.12266595E-004
  0.53099866E+004  0.12479062E-004
  0.53135277E+004  0.12695036E-004
  0.53170711E+004  0.12914571E-004
  0.53206168E+004  0.13137723E-004
  0.53241650E+004  0.13364549E-004
  0.53277155E+004  0.13595105E-004
  0.53312684E+004  0.13829451E-004
  0.53348236E+004  0.14067645E-004
  0.53383812E+004  0.14309746E-004
  0.53419412E+004  0.14555817E-004
  0.53455036E+004  0.14805917E-004
  0.53490683E+004  0.15060111E-004
  0.53526354E+004  0.15318460E-004
  0.53562049E+004  0.15581031E-004
  0.53597768E+004  0.15847887E-004
  0.53633511E+004  0.16119096E-004
  0.53669277E+004  0.16394724E-004
  0.53705067E+004  0.16674840E-004
  0.53740881E+004  0.16959512E-004
  0.53776719E+004  0.17248812E-004
  0.53812581E+004  0.17542809E-004
  0.53848467E+004  0.17841578E-004
  0.53884377E+004  0.18145189E-004
  0.53920311E+004  0.18453720E-004
  0.53956268E+004  0.18767243E-004
  0.53992250E+004  0.19085837E-004
  0.54028256E+004  0.19409578E-004
  0.54064285E+004  0.19738545E-004
  0.54100339E+004  0.20072819E-004
  0.54136417E+004  0.20412480E-004
  0.54172518E+004  0.20757610E-004
  0.54208644E+004  0.21108292E-004
  0.54244794E+004  0.21464612E-004
  0.54280968E+004  0.21826655E-004
  0.54317166E+004  0.22194508E-004
  0.54353389E+004  0.22568259E-004
  0.54389635E+004  0.22947997E-004
  0.54425906E+004  0.23333813E-004
  0.54462201E+004  0.23725800E-004
  0.54498520E+004  0.24124051E-004
  0.54534863E+004  0.24528659E-004
  0.54571230E+004  0.24939722E-004
  0.54607622E+004  0.25357337E-004
  0.54644038E+004  0.25781601E-004
  0.54680478E+004  0.26212617E-004
  0.54716943E+004  0.26650484E-004
  0.54753432E+004  0.27095306E-004
  0.54789945E+004  0.27547188E-004
  0.54826483E+004  0.28006235E-004
  0.54863045E+004  0.28472555E-004
  0.54899631E+004  0.28946256E-004
  0.54936242E+004  0.29427450E-004
  0.54972877E+004  0.29916248E-004
  0.55009536E+004  0.30412763E-004
  0.55046221E+004  0.30917111E-004
  0.55082929E+004  0.31429408E-004
  0.55119662E+004  0.31949774E-004
  0.55156419E+004  0.32478327E-004
  0.55193201E+004  0.33015190E-004
  0.55230008E+004  0.33560486E-004
  0.55266839E+004  0.34114340E-004
  0.55303695E+004  0.34676879E-004
  0.55340575E+004  0.35248232E-004
  0.55377480E+004  0.35828529E-004
  0.55414409E+004  0.36417902E-004
  0.55451363E+004  0.37016486E-004
  0.55488342E+004  0.37624416E-004
  0.55525345E+004  0.38241830E-004
  0.55562373E+004  0.38868868E-004
  0.55599426E+004  0.39505671E-004
  0.55636503E+004  0.40152383E-004
  0.55673605E+004  0.40809150E-004
  0.55710732E+004  0.41476118E-004
  0.55747884E+004  0.42153438E-004
  0.55785060E+004  0.42841262E-004
  0.55822261E+004  0.43539742E-004
  0.55859487E+004  0.44249036E-004
  0.55896738E+004  0.44969300E-004
  0.55934014E+004  0.45700694E-004
  0.55971314E+004  0.46443382E-004
  0.56008640E+004  0.47197528E-004
  0.56045990E+004  0.47963298E-004
  0.56083365E+004  0.48740861E-004
  0.56120765E+004  0.49530389E-004
  0.56158190E+004  0.50332055E-004
  0.56195641E+004  0.51146036E-004
  0.56233116E+004  0.51972510E-004
  0.56270616E+004  0.52811657E-004
  0.56308141E+004  0.53663661E-004
  0.56345691E+004  0.54528707E-004
  0.56383266E+004  0.55406984E-004
  0.56420866E+004  0.56298683E-004
  0.56458491E+004  0.57203997E-004
  0.56496141E+004  0.58123122E-004
  0.56533817E+004  0.59056256E-004
  0.56571517E+004  0.60003601E-004
  0.56609243E+004  0.60965361E-004
  0.56646994E+004  0.61941742E-004
  0.56684770E+004  0.62932954E-004
  0.56722571E+004  0.63939210E-004
  0.56760397E+004  0.64960723E-004
  0.56798249E+004  0.65997713E-004
  0.56836126E+004  0.67050400E-004
  0.56874028E+004  0.68119009E-004
  0.56911955E+004  0.69203765E-004
  0.56949908E+004  0.70304898E-004
  0.56987886E+004  0.71422643E-004
  0.57025889E+004  0.72557234E-004
  0.57063918E+004  0.73708911E-004
  0.57101972E+004  0.74877915E-004
  0.57140051E+004  0.76064494E-004
  0.57178156E+004  0.77268894E-004
  0.57216286E+004  0.78491369E-004
  0.57254442E+004  0.79732173E-004
  0.57292623E+004  0.80991566E-004
  0.57330830E+004  0.82269810E-004
  0.57369062E+004  0.83567169E-004
  0.57407319E+004  0.84883913E-004
  0.57445602E+004  0.86220316E-004
  0.57483911E+004  0.87576652E-004
  0.57522245E+004  0.88953202E-004
  0.57560604E+004  0.90350249E-004
  0.57598990E+004  0.91768080E-004
  0.57637401E+004  0.93206986E-004
  0.57675837E+004  0.94667263E-004
  0.57714299E+004  0.96149208E-004
  0.57752787E+004  0.97653124E-004
  0.57791300E+004  0.99179317E-004
  0.57829839E+004  0.10072810E-003
  0.57868404E+004  0.10229978E-003
  0.57906995E+004  0.10389469E-003
  0.57945611E+004  0.10551313E-003
  0.57984253E+004  0.10715545E-003
  0.58022921E+004  0.10882197E-003
  0.58061614E+004  0.11051302E-003
  0.58100334E+004  0.11222895E-003
  0.58139079E+004  0.11397010E-003
  0.58177850E+004  0.11573682E-003
  0.58216647E+004  0.11752945E-003
  0.58255469E+004  0.11934837E-003
  0.58294318E+004  0.12119393E-003
  0.58333193E+004  0.12306649E-003
  0.58372093E+004  0.12496643E-003
  0.58411019E+004  0.12689413E-003
  0.58449972E+004  0.12884996E-003
  0.58488950E+004  0.13083432E-003
  0.58527954E+004  0.13284758E-003
  0.58566985E+004  0.13489016E-003
  0.58606041E+004  0.13696244E-003
  0.58645124E+004  0.13906483E-003
  0.58684232E+004  0.14119775E-003
  0.58723367E+004  0.14336162E-003
  0.58762527E+004  0.14555684E-003
  0.58801714E+004  0.14778385E-003
  0.58840927E+004  0.15004309E-003
  0.58880166E+004  0.15233498E-003
  0.58919431E+004  0.15465998E-003
  0.58958723E+004  0.15701853E-003
  0.58998040E+004  0.15941108E-003
  0.59037384E+004  0.16183810E-003
  0.59076754E+004  0.16430005E-003
  0.59116150E+004  0.16679741E-003
  0.59155573E+004  0.16933065E-003
  0.59195022E+004  0.17190025E-003
  0.59234497E+004  0.17450670E-003
  0.59273999E+004  0.17715051E-003
  0.59313527E+004  0.17983217E-003
  0.59353081E+004  0.18255219E-003
  0.59392661E+004  0.18531108E-003
  0.59432268E+004  0.18810938E-003
  0.59471902E+004  0.19094759E-003
  0.59511562E+004  0.19382627E-003
  0.59551248E+004  0.19674594E-003
  0.59590961E+004  0.19970716E-003
  0.59630700E+004  0.20271048E-003
  0.59670466E+004  0.20575647E-003
  0.59710258E+004  0.20884568E-003
  0.59750077E+004  0.21197870E-003
  0.59789922E+004  0.21515610E-003
  0.59829794E+004  0.21837849E-003
  0.59869692E+004  0.22164644E-003
  0.59909617E+004  0.22496058E-003
  0.59949569E+004  0.22832150E-003
  0.59989547E+004  0.23172983E-003
  0.60029553E+004  0.23518619E-003
  0.60069584E+004  0.23869122E-003
  0.60109643E+004  0.24224556E-003
  0.60149728E+004  0.24584986E-003
  0.60189840E+004  0.24950478E-003
  0.60229978E+004  0.25321098E-003
  0.60270144E+004  0.25696914E-003
  0.60310336E+004  0.26077994E-003
  0.60350555E+004  0.26464406E-003
  0.60390800E+004  0.26856222E-003
  0.60431073E+004  0.27253510E-003
  0.60471373E+004  0.27656344E-003
  0.60511699E+004  0.28064796E-003
  0.60552052E+004  0.28478938E-003
  0.60592432E+004  0.28898845E-003
  0.60632839E+004  0.29324593E-003
  0.60673273E+004  0.29756257E-003
  0.60713734E+004  0.30193913E-003
  0.60754222E+004  0.30637641E-003
  0.60794737E+004  0.31087518E-003
  0.60835279E+004  0.31543625E-003
  0.60875848E+004  0.32006041E-003
  0.60916444E+004  0.32474850E-003
  0.60957068E+004  0.32950133E-003
  0.60997718E+004  0.33431974E-003
  0.61038395E+004  0.33920457E-003
  0.61079100E+004  0.34415669E-003
  0.61119831E+004  0.34917695E-003
  0.61160590E+004  0.35426624E-003
  0.61201376E+004  0.35942545E-003
  0.61242189E+004  0.36465546E-003
  0.61283029E+004  0.36995719E-003
  0.61323897E+004  0.37533156E-003
  0.61364792E+004  0.38077950E-003
  0.61405714E+004  0.38630195E-003
  0.61446664E+004  0.39189985E-003
  0.61487640E+004  0.39757419E-003
  0.61528644E+004  0.40332592E-003
  0.61569676E+004  0.40915603E-003
  0.61610734E+004  0.41506553E-003
  0.61651821E+004  0.42105542E-003
  0.61692934E+004  0.42712673E-003
  0.61734075E+004  0.43328048E-003
  0.61775244E+004  0.43951773E-003
  0.61816439E+004  0.44583953E-003
  0.61857663E+004  0.45224694E-003
  0.61898914E+004  0.45874107E-003
  0.61940192E+004  0.46532299E-003
  0.61981498E+004  0.47199381E-003
  0.62022831E+004  0.47875466E-003
  0.62064192E+004  0.48560668E-003
  0.62105581E+004  0.49255100E-003
  0.62146997E+004  0.49958879E-003
  0.62188441E+004  0.50672123E-003
  0.62229912E+004  0.51394949E-003
  0.62271411E+004  0.52127479E-003
  0.62312938E+004  0.52869833E-003
  0.62354492E+004  0.53622135E-003
  0.62396074E+004  0.54384508E-003
  0.62437684E+004  0.55157080E-003
  0.62479322E+004  0.55939975E-003
  0.62520987E+004  0.56733325E-003
  0.62562680E+004  0.57537258E-003
  0.62604401E+004  0.58351906E-003
  0.62646150E+004  0.59177403E-003
  0.62687927E+004  0.60013883E-003
  0.62729731E+004  0.60861482E-003
  0.62771564E+004  0.61720338E-003
  0.62813424E+004  0.62590590E-003
  0.62855312E+004  0.63472380E-003
  0.62897228E+004  0.64365849E-003
  0.62939172E+004  0.65271142E-003
  0.62981144E+004  0.66188405E-003
  0.63023144E+004  0.67117785E-003
  0.63065172E+004  0.68059431E-003
  0.63107228E+004  0.69013494E-003
  0.63149312E+004  0.69980127E-003
  0.63191425E+004  0.70959483E-003
  0.63233565E+004  0.71951719E-003
  0.63275733E+004  0.72956993E-003
  0.63317930E+004  0.73975463E-003
  0.63360154E+004  0.75007291E-003
  0.63402407E+004  0.76052641E-003
  0.63444688E+004  0.77111676E-003
  0.63486997E+004  0.78184565E-003
  0.63529335E+004  0.79271475E-003
  0.63571700E+004  0.80372577E-003
  0.63614094E+004  0.81488043E-003
  0.63656516E+004  0.82618048E-003
  0.63698967E+004  0.83762769E-003
  0.63741445E+004  0.84922383E-003
  0.63783952E+004  0.86097070E-003
  0.63826488E+004  0.87287013E-003
  0.63869051E+004  0.88492396E-003
  0.63911644E+004  0.89713406E-003
  0.63954264E+004  0.90950230E-003
  0.63996913E+004  0.92203060E-003
  0.64039591E+004  0.93472087E-003
  0.64082296E+004  0.94757507E-003
  0.64125031E+004  0.96059516E-003
  0.64167794E+004  0.97378313E-003
  0.64210585E+004  0.98714099E-003
  0.64253405E+004  0.10006708E-002
  0.64296253E+004  0.10143746E-002
  0.64339130E+004  0.10282544E-002
  0.64382036E+004  0.10423124E-002
  0.64424970E+004  0.10565507E-002
  0.64467933E+004  0.10709714E-002
  0.64510925E+004  0.10855768E-002
  0.64553945E+004  0.11003689E-002
  0.64596994E+004  0.11153501E-002
  0.64640071E+004  0.11305225E-002
  0.64683178E+004  0.11458885E-002
  0.64726313E+004  0.11614502E-002
  0.64769476E+004  0.11772102E-002
  0.64812669E+004  0.11931706E-002
  0.64855890E+004  0.12093338E-002
  0.64899141E+004  0.12257023E-002
  0.64942420E+004  0.12422785E-002
  0.64985728E+004  0.12590647E-002
  0.65029065E+004  0.12760636E-002
  0.65072430E+004  0.12932775E-002
  0.65115825E+004  0.13107090E-002
  0.65159248E+004  0.13283606E-002
  0.65202701E+004  0.13462350E-002
  0.65246183E+004  0.13643347E-002
  0.65289693E+004  0.13826624E-002
  0.65333233E+004  0.14012207E-002
  0.65376801E+004  0.14200123E-002
  0.65420399E+004  0.14390400E-002
  0.65464025E+004  0.14583064E-002
  0.65507681E+004  0.14778145E-002
  0.65551366E+004  0.14975669E-002
  0.65595080E+004  0.15175665E-002
  0.65638823E+004  0.15378161E-002
  0.65682596E+004  0.15583188E-002
  0.65726397E+004  0.15790774E-002
  0.65770228E+004  0.16000948E-002
  0.65814088E+004  0.16213741E-002
  0.65857977E+004  0.16429182E-002
  0.65901896E+004  0.16647303E-002
  0.65945843E+004  0.16868134E-002
  0.65989820E+004  0.17091706E-002
  0.66033827E+004  0.17318051E-002
  0.66077863E+004  0.17547201E-002
  0.66121928E+004  0.17779187E-002
  0.66166022E+004  0.18014043E-002
  0.66210146E+004  0.18251801E-002
  0.66254300E+004  0.18492495E-002
  0.66298482E+004  0.18736157E-002
  0.66342695E+004  0.18982822E-002
  0.66386936E+004  0.19232525E-002
  0.66431208E+004  0.19485298E-002
  0.66475508E+004  0.19741179E-002
  0.66519839E+004  0.20000201E-002
  0.66564198E+004  0.20262401E-002
  0.66608588E+004  0.20527814E-002
  0.66653007E+004  0.20796478E-002
  0.66697456E+004  0.21068428E-002
  0.66741934E+004  0.21343703E-002
  0.66786442E+004  0.21622339E-002
  0.66830980E+004  0.21904374E-002
  0.66875547E+004  0.22189847E-002
  0.66920144E+004  0.22478797E-002
  0.66964771E+004  0.22771263E-002
  0.67009427E+004  0.23067284E-002
  0.67054114E+004  0.23366900E-002
  0.67098830E+004  0.23670151E-002
  0.67143576E+004  0.23977079E-002
  0.67188352E+004  0.24287724E-002
  0.67233157E+004  0.24602128E-002
  0.67277993E+004  0.24920334E-002
  0.67322858E+004  0.25242382E-002
  0.67367754E+004  0.25568317E-002
  0.67412679E+004  0.25898181E-002
  0.67457634E+004  0.26232019E-002
  0.67502620E+004  0.26569874E-002
  0.67547635E+004  0.26911792E-002
  0.67592680E+004  0.27257816E-002
  0.67637755E+004  0.27607994E-002
  0.67682861E+004  0.27962370E-002
  0.67727996E+004  0.28320991E-002
  0.67773162E+004  0.28683904E-002
  0.67818357E+004  0.29051156E-002
  0.67863583E+004  0.29422796E-002
  0.67908839E+004  0.29798872E-002
  0.67954125E+004  0.30179431E-002
  0.67999442E+004  0.30564525E-002
  0.68044788E+004  0.30954202E-002
  0.68090165E+004  0.31348513E-002
  0.68135572E+004  0.31747509E-002
  0.68181009E+004  0.32151240E-002
  0.68226477E+004  0.32559759E-002
  0.68271975E+004  0.32973118E-002
  0.68317503E+004  0.33391370E-002
  0.68363062E+004  0.33814569E-002
  0.68408651E+004  0.34242767E-002
  0.68454271E+004  0.34676020E-002
  0.68499920E+004  0.35114382E-002
  0.68545601E+004  0.35557909E-002
  0.68591312E+004  0.36006657E-002
  0.68637053E+004  0.36460683E-002
  0.68682825E+004  0.36920044E-002
  0.68728627E+004  0.37384797E-002
  0.68774460E+004  0.37855000E-002
  0.68820323E+004  0.38330714E-002
  0.68866217E+004  0.38811996E-002
  0.68912142E+004  0.39298907E-002
  0.68958097E+004  0.39791507E-002
  0.69004083E+004  0.40289858E-002
  0.69050099E+004  0.40794021E-002
  0.69096146E+004  0.41304060E-002
  0.69142224E+004  0.41820036E-002
  0.69188333E+004  0.42342013E-002
  0.69234472E+004  0.42870055E-002
  0.69280643E+004  0.43404228E-002
  0.69326844E+004  0.43944597E-002
  0.69373075E+004  0.44491227E-002
  0.69419338E+004  0.45044186E-002
  0.69465631E+004  0.45603540E-002
  0.69511956E+004  0.46169358E-002
  0.69558311E+004  0.46741709E-002
  0.69604697E+004  0.47320661E-002
  0.69651114E+004  0.47906285E-002
  0.69697562E+004  0.48498651E-002
  0.69744041E+004  0.49097830E-002
  0.69790551E+004  0.49703895E-002
  0.69837092E+004  0.50316918E-002
  0.69883664E+004  0.50936973E-002
  0.69930267E+004  0.51564133E-002
  0.69976901E+004  0.52198473E-002
  0.70023567E+004  0.52840069E-002
  0.70070263E+004  0.53488997E-002
  0.70116990E+004  0.54145333E-002
  0.70163749E+004  0.54809156E-002
  0.70210539E+004  0.55480544E-002
  0.70257360E+004  0.56159575E-002
  0.70304212E+004  0.56846330E-002
  0.70351096E+004  0.57540890E-002
  0.70398011E+004  0.58243334E-002
  0.70444957E+004  0.58953746E-002
  0.70491934E+004  0.59672209E-002
  0.70538943E+004  0.60398806E-002
  0.70585983E+004  0.61133621E-002
  0.70633054E+004  0.61876740E-002
  0.70680157E+004  0.62628249E-002
  0.70727291E+004  0.63388234E-002
  0.70774457E+004  0.64156783E-002
  0.70821654E+004  0.64933985E-002
  0.70868883E+004  0.65719929E-002
  0.70916143E+004  0.66514704E-002
  0.70963435E+004  0.67318402E-002
  0.71010758E+004  0.68131115E-002
  0.71058112E+004  0.68952934E-002
  0.71105499E+004  0.69783954E-002
  0.71152917E+004  0.70624268E-002
  0.71200366E+004  0.71473973E-002
  0.71247847E+004  0.72333163E-002
  0.71295360E+004  0.73201936E-002
  0.71342905E+004  0.74080390E-002
  0.71390481E+004  0.74968623E-002
  0.71438089E+004  0.75866735E-002
  0.71485728E+004  0.76774826E-002
  0.71533400E+004  0.77692998E-002
  0.71581103E+004  0.78621353E-002
  0.71628838E+004  0.79559995E-002
  0.71676605E+004  0.80509027E-002
  0.71724404E+004  0.81468555E-002
  0.71772234E+004  0.82438685E-002
  0.71820097E+004  0.83419524E-002
  0.71867991E+004  0.84411180E-002
  0.71915918E+004  0.85413762E-002
  0.71963876E+004  0.86427380E-002
  0.72011866E+004  0.87452144E-002
  0.72059889E+004  0.88488168E-002
  0.72107943E+004  0.89535564E-002
  0.72156029E+004  0.90594445E-002
  0.72204148E+004  0.91664927E-002
  0.72252298E+004  0.92747127E-002
  0.72300481E+004  0.93841160E-002
  0.72348696E+004  0.94947145E-002
  0.72396943E+004  0.96065202E-002
  0.72445222E+004  0.97195451E-002
  0.72493533E+004  0.98338012E-002
  0.72541877E+004  0.99493008E-002
  0.72590253E+004  0.10066056E-001
  0.72638661E+004  0.10184080E-001
  0.72687101E+004  0.10303385E-001
  0.72735573E+004  0.10423983E-001
  0.72784078E+004  0.10545888E-001
  0.72832616E+004  0.10669112E-001
  0.72881185E+004  0.10793668E-001
  0.72929787E+004  0.10919570E-001
  0.72978422E+004  0.11046830E-001
  0.73027089E+004  0.11175462E-001
  0.73075788E+004  0.11305480E-001
  0.73124520E+004  0.11436897E-001
  0.73173284E+004  0.11569727E-001
  0.73222081E+004  0.11703983E-001
  0.73270910E+004  0.11839680E-001
  0.73319772E+004  0.11976831E-001
  0.73368667E+004  0.12115452E-001
  0.73417594E+004  0.12255555E-001
  0.73466554E+004  0.12397157E-001
  0.73515546E+004  0.12540270E-001
  0.73564571E+004  0.12684910E-001
  0.73613629E+004  0.12831093E-001
  0.73662719E+004  0.12978831E-001
  0.73711843E+004  0.13128142E-001
  0.73760999E+004  0.13279039E-001
  0.73810187E+004  0.13431539E-001
  0.73859409E+004  0.13585657E-001
  0.73908663E+004  0.13741408E-001
  0.73957950E+004  0.13898808E-001
  0.74007271E+004  0.14057873E-001
  0.74056624E+004  0.14218619E-001
  0.74106009E+004  0.14381062E-001
  0.74155428E+004  0.14545219E-001
  0.74204880E+004  0.14711106E-001
  0.74254365E+004  0.14878739E-001
  0.74303883E+004  0.15048135E-001
  0.74353433E+004  0.15219311E-001
  0.74403017E+004  0.15392284E-001
  0.74452634E+004  0.15567071E-001
  0.74502284E+004  0.15743689E-001
  0.74551967E+004  0.15922157E-001
  0.74601683E+004  0.16102490E-001
  0.74651433E+004  0.16284708E-001
  0.74701215E+004  0.16468827E-001
  0.74751031E+004  0.16654867E-001
  0.74800880E+004  0.16842844E-001
  0.74850762E+004  0.17032778E-001
  0.74900678E+004  0.17224687E-001
  0.74950627E+004  0.17418589E-001
  0.75000609E+004  0.17614504E-001
  0.75050624E+004  0.17812450E-001
  0.75100673E+004  0.18012446E-001
  0.75150755E+004  0.18214512E-001
  0.75200870E+004  0.18418666E-001
  0.75251019E+004  0.18624929E-001
  0.75301202E+004  0.18833321E-001
  0.75351418E+004  0.19043860E-001
  0.75401667E+004  0.19256568E-001
  0.75451950E+004  0.19471464E-001
  0.75502266E+004  0.19688569E-001
  0.75552616E+004  0.19907903E-001
  0.75603000E+004  0.20129487E-001
  0.75653417E+004  0.20353343E-001
  0.75703868E+004  0.20579490E-001
  0.75754352E+004  0.20807951E-001
  0.75804870E+004  0.21038746E-001
  0.75855422E+004  0.21271898E-001
  0.75906007E+004  0.21507427E-001
  0.75956626E+004  0.21745357E-001
  0.76007279E+004  0.21985709E-001
  0.76057966E+004  0.22228505E-001
  0.76108687E+004  0.22473768E-001
  0.76159441E+004  0.22721521E-001
  0.76210229E+004  0.22971786E-001
  0.76261051E+004  0.23224586E-001
  0.76311907E+004  0.23479945E-001
  0.76362797E+004  0.23737886E-001
  0.76413721E+004  0.23998433E-001
  0.76464679E+004  0.24261609E-001
  0.76515670E+004  0.24527438E-001
  0.76566696E+004  0.24795945E-001
  0.76617756E+004  0.25067154E-001
  0.76668850E+004  0.25341089E-001
  0.76719978E+004  0.25617775E-001
  0.76771140E+004  0.25897237E-001
  0.76822336E+004  0.26179500E-001
  0.76873566E+004  0.26464590E-001
  0.76924830E+004  0.26752532E-001
  0.76976129E+004  0.27043351E-001
  0.77027462E+004  0.27337075E-001
  0.77078829E+004  0.27633728E-001
  0.77130230E+004  0.27933337E-001
  0.77181666E+004  0.28235930E-001
  0.77233136E+004  0.28541531E-001
  0.77284640E+004  0.28850170E-001
  0.77336178E+004  0.29161872E-001
  0.77387751E+004  0.29476665E-001
  0.77439359E+004  0.29794577E-001
  0.77491000E+004  0.30115635E-001
  0.77542677E+004  0.30439868E-001
  0.77594387E+004  0.30767304E-001
  0.77646132E+004  0.31097971E-001
  0.77697912E+004  0.31431898E-001
  0.77749726E+004  0.31769114E-001
  0.77801575E+004  0.32109649E-001
  0.77853458E+004  0.32453531E-001
  0.77905376E+004  0.32800790E-001
  0.77957328E+004  0.33151455E-001
  0.78009316E+004  0.33505558E-001
  0.78061337E+004  0.33863129E-001
  0.78113394E+004  0.34224197E-001
  0.78165485E+004  0.34588793E-001
  0.78217611E+004  0.34956950E-001
  0.78269772E+004  0.35328697E-001
  0.78321967E+004  0.35704066E-001
  0.78374198E+004  0.36083090E-001
  0.78426463E+004  0.36465799E-001
  0.78478763E+004  0.36852227E-001
  0.78531098E+004  0.37242405E-001
  0.78583467E+004  0.37636366E-001
  0.78635872E+004  0.38034144E-001
  0.78688312E+004  0.38435771E-001
  0.78740786E+004  0.38841281E-001
  0.78793296E+004  0.39250708E-001
  0.78845841E+004  0.39664085E-001
  0.78898420E+004  0.40081447E-001
  0.78951035E+004  0.40502828E-001
  0.79003685E+004  0.40928262E-001
  0.79056370E+004  0.41357786E-001
  0.79109090E+004  0.41791434E-001
  0.79161845E+004  0.42229241E-001
  0.79214635E+004  0.42671243E-001
  0.79267461E+004  0.43117477E-001
  0.79320322E+004  0.43567979E-001
  0.79373218E+004  0.44022784E-001
  0.79426149E+004  0.44481931E-001
  0.79479116E+004  0.44945456E-001
  0.79532118E+004  0.45413397E-001
  0.79585155E+004  0.45885791E-001
  0.79638228E+004  0.46362675E-001
  0.79691336E+004  0.46844090E-001
  0.79744480E+004  0.47330072E-001
  0.79797658E+004  0.47820661E-001
  0.79850873E+004  0.48315895E-001
  0.79904123E+004  0.48815815E-001
  0.79957408E+004  0.49320459E-001
  0.80010729E+004  0.49829868E-001
  0.80064086E+004  0.50344082E-001
  0.80117478E+004  0.50863141E-001
  0.80170905E+004  0.51387087E-001
  0.80224369E+004  0.51915959E-001
  0.80277868E+004  0.52449801E-001
  0.80331402E+004  0.52988653E-001
  0.80384973E+004  0.53532557E-001
  0.80438579E+004  0.54081556E-001
  0.80492220E+004  0.54635692E-001
  0.80545898E+004  0.55195009E-001
  0.80599611E+004  0.55759549E-001
  0.80653361E+004  0.56329356E-001
  0.80707146E+004  0.56904474E-001
  0.80760967E+004  0.57484948E-001
  0.80814823E+004  0.58070820E-001
  0.80868716E+004  0.58662137E-001
  0.80922645E+004  0.59258944E-001
  0.80976609E+004  0.59861285E-001
  0.81030610E+004  0.60469207E-001
  0.81084647E+004  0.61082756E-001
  0.81138719E+004  0.61701978E-001
  0.81192828E+004  0.62326920E-001
  0.81246973E+004  0.62957629E-001
  0.81301154E+004  0.63594152E-001
  0.81355371E+004  0.64236538E-001
  0.81409624E+004  0.64884833E-001
  0.81463913E+004  0.65539088E-001
  0.81518239E+004  0.66199349E-001
  0.81572601E+004  0.66865668E-001
  0.81626999E+004  0.67538092E-001
  0.81681433E+004  0.68216671E-001
  0.81735904E+004  0.68901457E-001
  0.81790411E+004  0.69592499E-001
  0.81844954E+004  0.70289848E-001
  0.81899533E+004  0.70993556E-001
  0.81954150E+004  0.71703673E-001
  0.82008802E+004  0.72420252E-001
  0.82063491E+004  0.73143345E-001
  0.82118216E+004  0.73873005E-001
  0.82172978E+004  0.74609284E-001
  0.82227777E+004  0.75352236E-001
  0.82282612E+004  0.76101915E-001
  0.82337483E+004  0.76858375E-001
  0.82392391E+004  0.77621670E-001
  0.82447336E+004  0.78391855E-001
  0.82502317E+004  0.79168985E-001
  0.82557336E+004  0.79953116E-001
  0.82612390E+004  0.80744304E-001
  0.82667482E+004  0.81542605E-001
  0.82722610E+004  0.82348075E-001
  0.82777775E+004  0.83160773E-001
  0.82832977E+004  0.83980754E-001
  0.82888215E+004  0.84808078E-001
  0.82943491E+004  0.85642803E-001
  0.82998803E+004  0.86484987E-001
  0.83054152E+004  0.87334689E-001
  0.83109538E+004  0.88191968E-001
  0.83164961E+004  0.89056886E-001
  0.83220421E+004  0.89929500E-001
  0.83275918E+004  0.90809874E-001
  0.83331452E+004  0.91698067E-001
  0.83387023E+004  0.92594140E-001
  0.83442631E+004  0.93498157E-001
  0.83498276E+004  0.94410178E-001
  0.83553958E+004  0.95330268E-001
  0.83609677E+004  0.96258488E-001
  0.83665434E+004  0.97194903E-001
  0.83721228E+004  0.98139576E-001
  0.83777059E+004  0.99092572E-001
  0.83832927E+004  0.10005396E+000
  0.83888832E+004  0.10102379E+000
  0.83944775E+004  0.10200215E+000
  0.84000755E+004  0.10298909E+000
  0.84056772E+004  0.10398468E+000
  0.84112827E+004  0.10498898E+000
  0.84168919E+004  0.10600208E+000
  0.84225048E+004  0.10702402E+000
  0.84281215E+004  0.10805489E+000
  0.84337419E+004  0.10909475E+000
  0.84393661E+004  0.11014367E+000
  0.84449941E+004  0.11120172E+000
  0.84506257E+004  0.11226896E+000
  0.84562612E+004  0.11334548E+000
  0.84619004E+004  0.11443133E+000
  0.84675433E+004  0.11552660E+000
  0.84731901E+004  0.11663135E+000
  0.84788405E+004  0.11774566E+000
  0.84844948E+004  0.11886959E+000
  0.84901528E+004  0.12000323E+000
  0.84958146E+004  0.12114665E+000
  0.85014802E+004  0.12229991E+000
  0.85071496E+004  0.12346310E+000
  0.85128227E+004  0.12463629E+000
  0.85184996E+004  0.12581955E+000
  0.85241803E+004  0.12701297E+000
  0.85298648E+004  0.12821662E+000
  0.85355531E+004  0.12943057E+000
  0.85412452E+004  0.13065490E+000
  0.85469410E+004  0.13188969E+000
  0.85526407E+004  0.13313502E+000
  0.85583442E+004  0.13439098E+000
  0.85640515E+004  0.13565763E+000
  0.85697625E+004  0.13693505E+000
  0.85754774E+004  0.13822334E+000
  0.85811961E+004  0.13952257E+000
  0.85869186E+004  0.14083281E+000
  0.85926450E+004  0.14215416E+000
  0.85983751E+004  0.14348670E+000
  0.86041091E+004  0.14483050E+000
  0.86098469E+004  0.14618566E+000
  0.86155885E+004  0.14755226E+000
  0.86213340E+004  0.14893037E+000
  0.86270832E+004  0.15032009E+000
  0.86328364E+004  0.15172150E+000
  0.86385933E+004  0.15313469E+000
  0.86443541E+004  0.15455975E+000
  0.86501187E+004  0.15599676E+000
  0.86558872E+004  0.15744580E+000
  0.86616595E+004  0.15890698E+000
  0.86674357E+004  0.16038037E+000
  0.86732157E+004  0.16186607E+000
  0.86789996E+004  0.16336416E+000
  0.86847873E+004  0.16487474E+000
  0.86905789E+004  0.16639790E+000
  0.86963744E+004  0.16793373E+000
  0.87021737E+004  0.16948232E+000
  0.87079769E+004  0.17104376E+000
  0.87137840E+004  0.17261815E+000
  0.87195949E+004  0.17420558E+000
  0.87254097E+004  0.17580614E+000
  0.87312284E+004  0.17741994E+000
  0.87370510E+004  0.17904706E+000
  0.87428774E+004  0.18068761E+000
  0.87487077E+004  0.18234167E+000
  0.87545420E+004  0.18400934E+000
  0.87603801E+004  0.18569073E+000
  0.87662221E+004  0.18738594E+000
  0.87720680E+004  0.18909505E+000
  0.87779178E+004  0.19081817E+000
  0.87837715E+004  0.19255541E+000
  0.87896291E+004  0.19430685E+000
  0.87954906E+004  0.19607260E+000
  0.88013560E+004  0.19785277E+000
  0.88072253E+004  0.19964746E+000
  0.88130986E+004  0.20145677E+000
  0.88189757E+004  0.20328079E+000
  0.88248568E+004  0.20511965E+000
  0.88307418E+004  0.20697344E+000
  0.88366308E+004  0.20884226E+000
  0.88425236E+004  0.21072623E+000
  0.88484204E+004  0.21262545E+000
  0.88543211E+004  0.21454003E+000
  0.88602258E+004  0.21647007E+000
  0.88661344E+004  0.21841569E+000
  0.88720469E+004  0.22037699E+000
  0.88779634E+004  0.22235409E+000
  0.88838838E+004  0.22434709E+000
  0.88898081E+004  0.22635610E+000
  0.88957365E+004  0.22838124E+000
  0.89016687E+004  0.23042262E+000
  0.89076050E+004  0.23248035E+000
  0.89135451E+004  0.23455454E+000
  0.89194893E+004  0.23664531E+000
  0.89254374E+004  0.23875278E+000
  0.89313895E+004  0.24087706E+000
  0.89373455E+004  0.24301827E+000
  0.89433055E+004  0.24517652E+000
  0.89492695E+004  0.24735192E+000
  0.89552375E+004  0.24954461E+000
  0.89612095E+004  0.25175470E+000
  0.89671854E+004  0.25398230E+000
  0.89731653E+004  0.25622753E+000
  0.89791492E+004  0.25849053E+000
  0.89851371E+004  0.26077141E+000
  0.89911290E+004  0.26307028E+000
  0.89971249E+004  0.26538729E+000
  0.90031248E+004  0.26772253E+000
  0.90091286E+004  0.27007616E+000
  0.90151365E+004  0.27244827E+000
  0.90211484E+004  0.27483901E+000
  0.90271643E+004  0.27724850E+000
  0.90331842E+004  0.27967687E+000
  0.90392082E+004  0.28212424E+000
  0.90452361E+004  0.28459074E+000
  0.90512681E+004  0.28707650E+000
  0.90573041E+004  0.28958165E+000
  0.90633441E+004  0.29210632E+000
  0.90693881E+004  0.29465064E+000
  0.90754362E+004  0.29721475E+000
  0.90814883E+004  0.29979877E+000
  0.90875445E+004  0.30240285E+000
  0.90936046E+004  0.30502710E+000
  0.90996689E+004  0.30767168E+000
  0.91057371E+004  0.31033671E+000
  0.91118094E+004  0.31302232E+000
  0.91178858E+004  0.31572867E+000
  0.91239662E+004  0.31845588E+000
  0.91300507E+004  0.32120409E+000
  0.91361392E+004  0.32397344E+000
  0.91422318E+004  0.32676408E+000
  0.91483285E+004  0.32957614E+000
  0.91544292E+004  0.33240976E+000
  0.91605340E+004  0.33526508E+000
  0.91666428E+004  0.33814225E+000
  0.91727557E+004  0.34104142E+000
  0.91788727E+004  0.34396272E+000
  0.91849938E+004  0.34690630E+000
  0.91911190E+004  0.34987231E+000
  0.91972482E+004  0.35286089E+000
  0.92033816E+004  0.35587219E+000
  0.92095190E+004  0.35890637E+000
  0.92156605E+004  0.36196355E+000
  0.92218061E+004  0.36504391E+000
  0.92279559E+004  0.36814758E+000
  0.92341097E+004  0.37127472E+000
  0.92402676E+004  0.37442548E+000
  0.92464296E+004  0.37760002E+000
  0.92525958E+004  0.38079848E+000
  0.92587660E+004  0.38402102E+000
  0.92649404E+004  0.38726780E+000
  0.92711189E+004  0.39053897E+000
  0.92773015E+004  0.39383469E+000
  0.92834882E+004  0.39715511E+000
  0.92896790E+004  0.40050040E+000
  0.92958740E+004  0.40387071E+000
  0.93020731E+004  0.40726620E+000
  0.93082764E+004  0.41068704E+000
  0.93144837E+004  0.41413338E+000
  0.93206953E+004  0.41760539E+000
  0.93269109E+004  0.42110323E+000
  0.93331307E+004  0.42462707E+000
  0.93393547E+004  0.42817706E+000
  0.93455828E+004  0.43175338E+000
  0.93518150E+004  0.43535618E+000
  0.93580515E+004  0.43898565E+000
  0.93642920E+004  0.44264194E+000
  0.93705368E+004  0.44632523E+000
  0.93767857E+004  0.45003568E+000
  0.93830387E+004  0.45377346E+000
  0.93892960E+004  0.45753875E+000
  0.93955574E+004  0.46133172E+000
  0.94018230E+004  0.46515254E+000
  0.94080927E+004  0.46900138E+000
  0.94143667E+004  0.47287843E+000
  0.94206448E+004  0.47678385E+000
  0.94269271E+004  0.48071782E+000
  0.94332136E+004  0.48468051E+000
  0.94395043E+004  0.48867212E+000
  0.94457992E+004  0.49269281E+000
  0.94520983E+004  0.49674277E+000
  0.94584016E+004  0.50082217E+000
  0.94647091E+004  0.50493120E+000
  0.94710208E+004  0.50907004E+000
  0.94773367E+004  0.51323887E+000
  0.94836568E+004  0.51743788E+000
  0.94899811E+004  0.52166725E+000
  0.94963097E+004  0.52592717E+000
  0.95026425E+004  0.53021783E+000
  0.95089795E+004  0.53453941E+000
  0.95153207E+004  0.53889210E+000
  0.95216661E+004  0.54327608E+000
  0.95280158E+004  0.54769156E+000
  0.95343697E+004  0.55213873E+000
  0.95407279E+004  0.55661776E+000
  0.95470903E+004  0.56112886E+000
  0.95534569E+004  0.56567223E+000
  0.95598278E+004  0.57024805E+000
  0.95662029E+004  0.57485652E+000
  0.95725823E+004  0.57949783E+000
  0.95789659E+004  0.58417220E+000
  0.95853538E+004  0.58887980E+000
  0.95917460E+004  0.59362085E+000
  0.95981424E+004  0.59839554E+000
  0.96045431E+004  0.60320408E+000
  0.96109480E+004  0.60804666E+000
  0.96173573E+004  0.61292349E+000
  0.96237707E+004  0.61783478E+000
  0.96301885E+004  0.62278072E+000
  0.96366106E+004  0.62776153E+000
  0.96430369E+004  0.63277740E+000
  0.96494675E+004  0.63782856E+000
  0.96559024E+004  0.64291520E+000
  0.96623416E+004  0.64803753E+000
  0.96687851E+004  0.65319577E+000
  0.96752329E+004  0.65839013E+000
  0.96816850E+004  0.66362082E+000
  0.96881414E+004  0.66888805E+000
  0.96946021E+004  0.67419204E+000
  0.97010671E+004  0.67953300E+000
  0.97075364E+004  0.68491115E+000
  0.97140101E+004  0.69032670E+000
  0.97204880E+004  0.69577988E+000
  0.97269703E+004  0.70127089E+000
  0.97334569E+004  0.70679997E+000
  0.97399478E+004  0.71236734E+000
  0.97464430E+004  0.71797320E+000
  0.97529426E+004  0.72361780E+000
  0.97594465E+004  0.72930134E+000
  0.97659548E+004  0.73502406E+000
  0.97724674E+004  0.74078618E+000
  0.97789843E+004  0.74658793E+000
  0.97855056E+004  0.75242953E+000
  0.97920312E+004  0.75831122E+000
  0.97985612E+004  0.76423322E+000
  0.98050955E+004  0.77019577E+000
  0.98116342E+004  0.77619909E+000
  0.98181773E+004  0.78224342E+000
  0.98247247E+004  0.78832899E+000
  0.98312765E+004  0.79445604E+000
  0.98378326E+004  0.80062479E+000
  0.98443931E+004  0.80683550E+000
  0.98509580E+004  0.81308839E+000
  0.98575273E+004  0.81938370E+000
  0.98641010E+004  0.82572168E+000
  0.98706790E+004  0.83210256E+000
  0.98772614E+004  0.83852658E+000
  0.98838483E+004  0.84499399E+000
  0.98904395E+004  0.85150504E+000
  0.98970351E+004  0.85805995E+000
  0.99036351E+004  0.86465899E+000
  0.99102395E+004  0.87130240E+000
  0.99168483E+004  0.87799041E+000
  0.99234615E+004  0.88472330E+000
  0.99300791E+004  0.89150129E+000
  0.99367012E+004  0.89832465E+000
  0.99433276E+004  0.90519362E+000
  0.99499585E+004  0.91210846E+000
  0.99565938E+004  0.91906941E+000
  0.99632335E+004  0.92607675E+000
  0.99698777E+004  0.93313071E+000
  0.99765262E+004  0.94023156E+000
  0.99831793E+004  0.94737956E+000
  0.99898367E+004  0.95457495E+000
  0.99964986E+004  0.96181802E+000
  0.10003165E+005  0.96910900E+000
  0.10009836E+005  0.97644817E+000
  0.10016511E+005  0.98383579E+000
  0.10023191E+005  0.99127212E+000
  0.10029875E+005  0.99875743E+000
  0.10036563E+005  0.10062920E+001
  0.10043256E+005  0.10138760E+001
  0.10049954E+005  0.10215099E+001
  0.10056656E+005  0.10291938E+001
  0.10063362E+005  0.10369280E+001
  0.10070073E+005  0.10447128E+001
  0.10076789E+005  0.10525484E+001
  0.10083509E+005  0.10604352E+001
  0.10090233E+005  0.10683734E+001
  0.10096962E+005  0.10763633E+001
  0.10103695E+005  0.10844051E+001
  0.10110433E+005  0.10924992E+001
  0.10117175E+005  0.11006458E+001
  0.10123922E+005  0.11088451E+001
  0.10130673E+005  0.11170976E+001
  0.10137429E+005  0.11254034E+001
  0.10144189E+005  0.11337629E+001
  0.10150954E+005  0.11421762E+001
  0.10157724E+005  0.11506438E+001
  0.10164497E+005  0.11591659E+001
  0.10171276E+005  0.11677428E+001
  0.10178059E+005  0.11763747E+001
  0.10184846E+005  0.11850620E+001
  0.10191638E+005  0.11938049E+001
  0.10198434E+005  0.12026038E+001
  0.10205235E+005  0.12114589E+001
  0.10212041E+005  0.12203705E+001
  0.10218851E+005  0.12293390E+001
  0.10225666E+005  0.12383645E+001
  0.10232485E+005  0.12474475E+001
  0.10239309E+005  0.12565882E+001
  0.10246137E+005  0.12657869E+001
  0.10252970E+005  0.12750439E+001
  0.10259807E+005  0.12843595E+001
  0.10266649E+005  0.12937341E+001
  0.10273495E+005  0.13031678E+001
  0.10280346E+005  0.13126611E+001
  0.10287202E+005  0.13222141E+001
  0.10294062E+005  0.13318273E+001
  0.10300927E+005  0.13415010E+001
  0.10307796E+005  0.13512354E+001
  0.10314670E+005  0.13610308E+001
  0.10321549E+005  0.13708876E+001
  0.10328432E+005  0.13808061E+001
  0.10335320E+005  0.13907866E+001
  0.10342212E+005  0.14008294E+001
  0.10349109E+005  0.14109348E+001
  0.10356010E+005  0.14211031E+001
  0.10362916E+005  0.14313347E+001
  0.10369827E+005  0.14416299E+001
  0.10376742E+005  0.14519889E+001
  0.10383662E+005  0.14624122E+001
  0.10390587E+005  0.14729000E+001
  0.10397516E+005  0.14834526E+001
  0.10404450E+005  0.14940704E+001
  0.10411388E+005  0.15047538E+001
  0.10418331E+005  0.15155029E+001
  0.10425279E+005  0.15263182E+001
  0.10432231E+005  0.15372000E+001
  0.10439188E+005  0.15481486E+001
  0.10446149E+005  0.15591644E+001
  0.10453116E+005  0.15702476E+001
  0.10460086E+005  0.15813986E+001
  0.10467062E+005  0.15926178E+001
  0.10474042E+005  0.16039054E+001
  0.10481027E+005  0.16152619E+001
  0.10488016E+005  0.16266875E+001
  0.10495010E+005  0.16381826E+001
  0.10502009E+005  0.16497475E+001
  0.10509013E+005  0.16613826E+001
  0.10516021E+005  0.16730882E+001
  0.10523033E+005  0.16848646E+001
  0.10530051E+005  0.16967122E+001
  0.10537073E+005  0.17086314E+001
  0.10544100E+005  0.17206224E+001
  0.10551131E+005  0.17326857E+001
  0.10558168E+005  0.17448215E+001
  0.10565208E+005  0.17570303E+001
  0.10572254E+005  0.17693123E+001
  0.10579304E+005  0.17816680E+001
  0.10586359E+005  0.17940976E+001
  0.10593419E+005  0.18066016E+001
  0.10600483E+005  0.18191802E+001
  0.10607552E+005  0.18318339E+001
  0.10614626E+005  0.18445630E+001
  0.10621705E+005  0.18573679E+001
  0.10628788E+005  0.18702489E+001
  0.10635876E+005  0.18832063E+001
  0.10642969E+005  0.18962406E+001
  0.10650066E+005  0.19093520E+001
  0.10657168E+005  0.19225411E+001
  0.10664275E+005  0.19358080E+001
  0.10671387E+005  0.19491533E+001
  0.10678503E+005  0.19625772E+001
  0.10685625E+005  0.19760801E+001
  0.10692750E+005  0.19896624E+001
  0.10699881E+005  0.20033245E+001
  0.10707016E+005  0.20170667E+001
  0.10714157E+005  0.20308894E+001
  0.10721302E+005  0.20447930E+001
  0.10728451E+005  0.20587778E+001
  0.10735606E+005  0.20728443E+001
  0.10742765E+005  0.20869928E+001
  0.10749929E+005  0.21012236E+001
  0.10757098E+005  0.21155372E+001
  0.10764271E+005  0.21299339E+001
  0.10771449E+005  0.21444142E+001
  0.10778633E+005  0.21589783E+001
  0.10785821E+005  0.21736268E+001
  0.10793013E+005  0.21883599E+001
  0.10800211E+005  0.22031780E+001
  0.10807413E+005  0.22180816E+001
  0.10814620E+005  0.22330710E+001
  0.10821832E+005  0.22481467E+001
  0.10829049E+005  0.22633089E+001
  0.10836270E+005  0.22785581E+001
  0.10843497E+005  0.22938947E+001
  0.10850728E+005  0.23093191E+001
  0.10857964E+005  0.23248316E+001
  0.10865205E+005  0.23404327E+001
  0.10872450E+005  0.23561228E+001
  0.10879701E+005  0.23719022E+001
  0.10886956E+005  0.23877714E+001
  0.10894216E+005  0.24037307E+001
  0.10901481E+005  0.24197805E+001
  0.10908751E+005  0.24359214E+001
  0.10916026E+005  0.24521535E+001
  0.10923305E+005  0.24684775E+001
  0.10930590E+005  0.24848936E+001
  0.10937879E+005  0.25014022E+001
  0.10945173E+005  0.25180039E+001
  0.10952472E+005  0.25346989E+001
  0.10959776E+005  0.25514877E+001
  0.10967085E+005  0.25683707E+001
  0.10974398E+005  0.25853483E+001
  0.10981717E+005  0.26024209E+001
  0.10989040E+005  0.26195889E+001
  0.10996368E+005  0.26368528E+001
  0.11003701E+005  0.26542130E+001
  0.11011039E+005  0.26716698E+001
  0.11018382E+005  0.26892237E+001
  0.11025730E+005  0.27068752E+001
  0.11033083E+005  0.27246245E+001
  0.11040440E+005  0.27424723E+001
  0.11047803E+005  0.27604187E+001
  0.11055170E+005  0.27784644E+001
  0.11062542E+005  0.27966097E+001
  0.11069920E+005  0.28148550E+001
  0.11077302E+005  0.28332008E+001
  0.11084689E+005  0.28516475E+001
  0.11092081E+005  0.28701955E+001
  0.11099478E+005  0.28888452E+001
  0.11106880E+005  0.29075971E+001
  0.11114287E+005  0.29264516E+001
  0.11121698E+005  0.29454092E+001
  0.11129115E+005  0.29644702E+001
  0.11136537E+005  0.29836351E+001
  0.11143963E+005  0.30029043E+001
  0.11151395E+005  0.30222783E+001
  0.11158831E+005  0.30417575E+001
  0.11166273E+005  0.30613424E+001
  0.11173719E+005  0.30810333E+001
  0.11181170E+005  0.31008307E+001
  0.11188627E+005  0.31207351E+001
  0.11196088E+005  0.31407469E+001
  0.11203554E+005  0.31608666E+001
  0.11211026E+005  0.31810945E+001
  0.11218502E+005  0.32014311E+001
  0.11225983E+005  0.32218769E+001
  0.11233469E+005  0.32424324E+001
  0.11240961E+005  0.32630979E+001
  0.11248457E+005  0.32838739E+001
  0.11255958E+005  0.33047609E+001
  0.11263464E+005  0.33257593E+001
  0.11270976E+005  0.33468695E+001
  0.11278492E+005  0.33680921E+001
  0.11286013E+005  0.33894274E+001
  0.11293539E+005  0.34108760E+001
  0.11301071E+005  0.34324382E+001
  0.11308607E+005  0.34541145E+001
  0.11316148E+005  0.34759055E+001
  0.11323695E+005  0.34978114E+001
  0.11331246E+005  0.35198329E+001
  0.11338802E+005  0.35419704E+001
  0.11346364E+005  0.35642242E+001
  0.11353930E+005  0.35865950E+001
  0.11361502E+005  0.36090831E+001
  0.11369079E+005  0.36316890E+001
  0.11376660E+005  0.36544131E+001
  0.11384247E+005  0.36772560E+001
  0.11391839E+005  0.37002181E+001
  0.11399436E+005  0.37232999E+001
  0.11407038E+005  0.37465018E+001
  0.11414644E+005  0.37698243E+001
  0.11422257E+005  0.37932679E+001
  0.11429874E+005  0.38168330E+001
  0.11437496E+005  0.38405201E+001
  0.11445123E+005  0.38643297E+001
  0.11452756E+005  0.38882623E+001
  0.11460393E+005  0.39123183E+001
  0.11468036E+005  0.39364982E+001
  0.11475683E+005  0.39608025E+001
  0.11483336E+005  0.39852317E+001
  0.11490994E+005  0.40097862E+001
  0.11498657E+005  0.40344665E+001
  0.11506325E+005  0.40592731E+001
  0.11513998E+005  0.40842064E+001
  0.11521676E+005  0.41092670E+001
  0.11529360E+005  0.41344554E+001
  0.11537048E+005  0.41597719E+001
  0.11544742E+005  0.41852172E+001
  0.11552441E+005  0.42107916E+001
  0.11560145E+005  0.42364957E+001
  0.11567854E+005  0.42623300E+001
  0.11575568E+005  0.42882949E+001
  0.11583287E+005  0.43143909E+001
  0.11591012E+005  0.43406185E+001
  0.11598742E+005  0.43669783E+001
  0.11606476E+005  0.43934706E+001
  0.11614216E+005  0.44200960E+001
  0.11621961E+005  0.44468550E+001
  0.11629712E+005  0.44737481E+001
  0.11637467E+005  0.45007757E+001
  0.11645228E+005  0.45279383E+001
  0.11652994E+005  0.45552365E+001
  0.11660765E+005  0.45826708E+001
  0.11668541E+005  0.46102415E+001
  0.11676322E+005  0.46379494E+001
  0.11684109E+005  0.46657947E+001
  0.11691900E+005  0.46937781E+001
  0.11699697E+005  0.47219000E+001
  0.11707500E+005  0.47501609E+001
  0.11715307E+005  0.47785613E+001
  0.11723119E+005  0.48071018E+001
  0.11730937E+005  0.48357828E+001
  0.11738760E+005  0.48646048E+001
  0.11746588E+005  0.48935684E+001
  0.11754422E+005  0.49226740E+001
  0.11762260E+005  0.49519222E+001
  0.11770104E+005  0.49813134E+001
  0.11777953E+005  0.50108481E+001
  0.11785808E+005  0.50405269E+001
  0.11793667E+005  0.50703503E+001
  0.11801532E+005  0.51003188E+001
  0.11809402E+005  0.51304328E+001
  0.11817277E+005  0.51606930E+001
  0.11825158E+005  0.51910997E+001
  0.11833044E+005  0.52216536E+001
  0.11840935E+005  0.52523550E+001
  0.11848831E+005  0.52832047E+001
  0.11856733E+005  0.53142029E+001
  0.11864640E+005  0.53453504E+001
  0.11872552E+005  0.53766475E+001
  0.11880469E+005  0.54080948E+001
  0.11888392E+005  0.54396928E+001
  0.11896320E+005  0.54714420E+001
  0.11904253E+005  0.55033430E+001
  0.11912192E+005  0.55353962E+001
  0.11920135E+005  0.55676022E+001
  0.11928085E+005  0.55999615E+001
  0.11936039E+005  0.56324746E+001
  0.11943999E+005  0.56651420E+001
  0.11951964E+005  0.56979643E+001
  0.11959934E+005  0.57309420E+001
  0.11967910E+005  0.57640755E+001
  0.11975891E+005  0.57973655E+001
  0.11983877E+005  0.58308123E+001
  0.11991869E+005  0.58644167E+001
  0.11999866E+005  0.58981790E+001
  0.12007868E+005  0.59320998E+001
  0.12015876E+005  0.59661797E+001
  0.12023889E+005  0.60004191E+001
  0.12031907E+005  0.60348186E+001
  0.12039931E+005  0.60693787E+001
  0.12047960E+005  0.61040999E+001
  0.12055994E+005  0.61389828E+001
  0.12064034E+005  0.61740278E+001
  0.12072079E+005  0.62092356E+001
  0.12080130E+005  0.62446066E+001
  0.12088185E+005  0.62801414E+001
  0.12096247E+005  0.63158405E+001
  0.12104313E+005  0.63517044E+001
  0.12112385E+005  0.63877336E+001
  0.12120462E+005  0.64239288E+001
  0.12128545E+005  0.64602903E+001
  0.12136633E+005  0.64968189E+001
  0.12144727E+005  0.65335148E+001
  0.12152826E+005  0.65703789E+001
  0.12160930E+005  0.66074114E+001
  0.12169040E+005  0.66446130E+001
  0.12177155E+005  0.66819843E+001
  0.12185275E+005  0.67195257E+001
  0.12193401E+005  0.67572378E+001
  0.12201533E+005  0.67951210E+001
  0.12209670E+005  0.68331761E+001
  0.12217812E+005  0.68714034E+001
  0.12225959E+005  0.69098035E+001
  0.12234113E+005  0.69483770E+001
  0.12242271E+005  0.69871244E+001
  0.12250435E+005  0.70260463E+001
  0.12258604E+005  0.70651430E+001
  0.12266779E+005  0.71044153E+001
  0.12274960E+005  0.71438637E+001
  0.12283145E+005  0.71834886E+001
  0.12291337E+005  0.72232906E+001
  0.12299533E+005  0.72632703E+001
  0.12307735E+005  0.73034281E+001
  0.12315943E+005  0.73437647E+001
  0.12324156E+005  0.73842806E+001
  0.12332375E+005  0.74249763E+001
  0.12340599E+005  0.74658523E+001
  0.12348828E+005  0.75069093E+001
  0.12357063E+005  0.75481476E+001
  0.12365304E+005  0.75895679E+001
  0.12373550E+005  0.76311708E+001
  0.12381801E+005  0.76729567E+001
  0.12390058E+005  0.77149262E+001
  0.12398321E+005  0.77570798E+001
  0.12406589E+005  0.77994181E+001
  0.12414862E+005  0.78419416E+001
  0.12423141E+005  0.78846509E+001
  0.12431426E+005  0.79275465E+001
  0.12439716E+005  0.79706289E+001
  0.12448012E+005  0.80138987E+001
  0.12456313E+005  0.80573565E+001
  0.12464620E+005  0.81010027E+001
  0.12472932E+005  0.81448379E+001
  0.12481250E+005  0.81888627E+001
  0.12489573E+005  0.82330776E+001
  0.12497902E+005  0.82774831E+001
  0.12506236E+005  0.83220798E+001
  0.12514576E+005  0.83668683E+001
  0.12522922E+005  0.84118490E+001
  0.12531273E+005  0.84570225E+001
  0.12539630E+005  0.85023894E+001
  0.12547992E+005  0.85479502E+001
  0.12556360E+005  0.85937055E+001
  0.12564733E+005  0.86396557E+001
  0.12573112E+005  0.86858015E+001
  0.12581497E+005  0.87321433E+001
  0.12589887E+005  0.87786818E+001
  0.12598283E+005  0.88254174E+001
  0.12606684E+005  0.88723507E+001
  0.12615091E+005  0.89194823E+001
  0.12623504E+005  0.89668127E+001
  0.12631922E+005  0.90143424E+001
  0.12640346E+005  0.90620720E+001
  0.12648775E+005  0.91100021E+001
  0.12657210E+005  0.91581331E+001
  0.12665651E+005  0.92064656E+001
  0.12674097E+005  0.92550002E+001
  0.12682549E+005  0.93037373E+001
  0.12691007E+005  0.93526776E+001
  0.12699470E+005  0.94018216E+001
  0.12707939E+005  0.94511698E+001
  0.12716413E+005  0.95007228E+001
  0.12724893E+005  0.95504811E+001
  0.12733379E+005  0.96004453E+001
  0.12741871E+005  0.96506158E+001
  0.12750368E+005  0.97009933E+001
  0.12758871E+005  0.97515783E+001
  0.12767379E+005  0.98023713E+001
  0.12775893E+005  0.98533729E+001
  0.12784413E+005  0.99045835E+001
  0.12792938E+005  0.99560039E+001
  0.12801470E+005  0.10007634E+002
  0.12810007E+005  0.10059476E+002
  0.12818549E+005  0.10111528E+002
  0.12827097E+005  0.10163792E+002
  0.12835651E+005  0.10216269E+002
  0.12844211E+005  0.10268959E+002
  0.12852776E+005  0.10321862E+002
  0.12861347E+005  0.10374979E+002
  0.12869924E+005  0.10428310E+002
  0.12878507E+005  0.10481857E+002
  0.12887095E+005  0.10535619E+002
  0.12895689E+005  0.10589597E+002
  0.12904289E+005  0.10643792E+002
  0.12912894E+005  0.10698204E+002
  0.12921505E+005  0.10752834E+002
  0.12930122E+005  0.10807682E+002
  0.12938745E+005  0.10862749E+002
  0.12947373E+005  0.10918035E+002
  0.12956007E+005  0.10973541E+002
  0.12964647E+005  0.11029268E+002
  0.12973293E+005  0.11085215E+002
  0.12981945E+005  0.11141384E+002
  0.12990602E+005  0.11197775E+002
  0.12999265E+005  0.11254389E+002
  0.13007934E+005  0.11311226E+002
  0.13016608E+005  0.11368286E+002
  0.13025288E+005  0.11425570E+002
  0.13033975E+005  0.11483079E+002
  0.13042667E+005  0.11540814E+002
  0.13051364E+005  0.11598774E+002
  0.13060068E+005  0.11656960E+002
  0.13068777E+005  0.11715373E+002
  0.13077492E+005  0.11774014E+002
  0.13086213E+005  0.11832882E+002
  0.13094940E+005  0.11891979E+002
  0.13103673E+005  0.11951305E+002
  0.13112411E+005  0.12010860E+002
  0.13121155E+005  0.12070645E+002
  0.13129905E+005  0.12130661E+002
  0.13138661E+005  0.12190907E+002
  0.13147423E+005  0.12251385E+002
  0.13156190E+005  0.12312096E+002
  0.13164964E+005  0.12373039E+002
  0.13173743E+005  0.12434215E+002
  0.13182528E+005  0.12495624E+002
  0.13191319E+005  0.12557268E+002
  0.13200116E+005  0.12619147E+002
  0.13208919E+005  0.12681260E+002
  0.13217727E+005  0.12743610E+002
  0.13226542E+005  0.12806195E+002
  0.13235362E+005  0.12869018E+002
  0.13244188E+005  0.12932078E+002
  0.13253021E+005  0.12995375E+002
  0.13261859E+005  0.13058911E+002
  0.13270702E+005  0.13122686E+002
  0.13279552E+005  0.13186700E+002
  0.13288408E+005  0.13250954E+002
  0.13297270E+005  0.13315448E+002
  0.13306137E+005  0.13380183E+002
  0.13315010E+005  0.13445160E+002
  0.13323890E+005  0.13510379E+002
  0.13332775E+005  0.13575840E+002
  0.13341666E+005  0.13641543E+002
  0.13350563E+005  0.13707491E+002
  0.13359466E+005  0.13773682E+002
  0.13368375E+005  0.13840118E+002
  0.13377290E+005  0.13906798E+002
  0.13386211E+005  0.13973725E+002
  0.13395138E+005  0.14040897E+002
  0.13404071E+005  0.14108315E+002
  0.13413009E+005  0.14175981E+002
  0.13421954E+005  0.14243894E+002
  0.13430905E+005  0.14312055E+002
  0.13439861E+005  0.14380465E+002
  0.13448824E+005  0.14449123E+002
  0.13457793E+005  0.14518031E+002
  0.13466767E+005  0.14587189E+002
  0.13475748E+005  0.14656597E+002
  0.13484734E+005  0.14726257E+002
  0.13493727E+005  0.14796168E+002
  0.13502725E+005  0.14866331E+002
  0.13511730E+005  0.14936746E+002
  0.13520740E+005  0.15007414E+002
  0.13529757E+005  0.15078336E+002
  0.13538779E+005  0.15149511E+002
  0.13547808E+005  0.15220941E+002
  0.13556843E+005  0.15292626E+002
  0.13565883E+005  0.15364566E+002
  0.13574930E+005  0.15436762E+002
  0.13583982E+005  0.15509214E+002
  0.13593041E+005  0.15581924E+002
  0.13602106E+005  0.15654890E+002
  0.13611177E+005  0.15728115E+002
  0.13620254E+005  0.15801597E+002
  0.13629336E+005  0.15875338E+002
  0.13638425E+005  0.15949339E+002
  0.13647520E+005  0.16023599E+002
  0.13656621E+005  0.16098120E+002
  0.13665729E+005  0.16172901E+002
  0.13674842E+005  0.16247943E+002
  0.13683961E+005  0.16323247E+002
  0.13693086E+005  0.16398812E+002
  0.13702218E+005  0.16474641E+002
  0.13711355E+005  0.16550732E+002
  0.13720499E+005  0.16627087E+002
  0.13729649E+005  0.16703705E+002
  0.13738805E+005  0.16780588E+002
  0.13747967E+005  0.16857736E+002
  0.13757135E+005  0.16935149E+002
  0.13766309E+005  0.17012828E+002
  0.13775489E+005  0.17090774E+002
  0.13784676E+005  0.17168986E+002
  0.13793868E+005  0.17247465E+002
  0.13803067E+005  0.17326211E+002
  0.13812272E+005  0.17405226E+002
  0.13821483E+005  0.17484509E+002
  0.13830700E+005  0.17564061E+002
  0.13839923E+005  0.17643882E+002
  0.13849152E+005  0.17723974E+002
  0.13858388E+005  0.17804335E+002
  0.13867630E+005  0.17884967E+002
  0.13876877E+005  0.17965871E+002
  0.13886131E+005  0.18047046E+002
  0.13895392E+005  0.18128493E+002
  0.13904658E+005  0.18210213E+002
  0.13913931E+005  0.18292205E+002
  0.13923209E+005  0.18374471E+002
  0.13932494E+005  0.18457011E+002
  0.13941785E+005  0.18539825E+002
  0.13951083E+005  0.18622913E+002
  0.13960386E+005  0.18706277E+002
  0.13969696E+005  0.18789916E+002
  0.13979012E+005  0.18873831E+002
  0.13988334E+005  0.18958023E+002
  0.13997662E+005  0.19042491E+002
  0.14006997E+005  0.19127236E+002
  0.14016338E+005  0.19212259E+002
  0.14025685E+005  0.19297560E+002
  0.14035038E+005  0.19383140E+002
  0.14044397E+005  0.19468998E+002
  0.14053763E+005  0.19555136E+002
  0.14063135E+005  0.19641553E+002
  0.14072513E+005  0.19728251E+002
  0.14081898E+005  0.19815229E+002
  0.14091289E+005  0.19902488E+002
  0.14100686E+005  0.19990028E+002
  0.14110089E+005  0.20077850E+002
  0.14119498E+005  0.20165954E+002
  0.14128914E+005  0.20254341E+002
  0.14138336E+005  0.20343011E+002
  0.14147765E+005  0.20431964E+002
  0.14157199E+005  0.20521200E+002
  0.14166640E+005  0.20610721E+002
  0.14176088E+005  0.20700526E+002
  0.14185541E+005  0.20790617E+002
  0.14195001E+005  0.20880992E+002
  0.14204467E+005  0.20971653E+002
  0.14213940E+005  0.21062600E+002
  0.14223419E+005  0.21153834E+002
  0.14232904E+005  0.21245354E+002
  0.14242395E+005  0.21337162E+002
  0.14251893E+005  0.21429257E+002
  0.14261397E+005  0.21521640E+002
  0.14270908E+005  0.21614311E+002
  0.14280424E+005  0.21707271E+002
  0.14289947E+005  0.21800520E+002
  0.14299477E+005  0.21894059E+002
  0.14309013E+005  0.21987887E+002
  0.14318555E+005  0.22082006E+002
  0.14328104E+005  0.22176414E+002
  0.14337658E+005  0.22271114E+002
  0.14347220E+005  0.22366105E+002
  0.14356787E+005  0.22461388E+002
  0.14366362E+005  0.22556962E+002
  0.14375942E+005  0.22652829E+002
  0.14385529E+005  0.22748988E+002
  0.14395122E+005  0.22845441E+002
  0.14404722E+005  0.22942186E+002
  0.14414328E+005  0.23039225E+002
  0.14423940E+005  0.23136559E+002
  0.14433559E+005  0.23234186E+002
  0.14443184E+005  0.23332109E+002
  0.14452816E+005  0.23430326E+002
  0.14462454E+005  0.23528838E+002
  0.14472099E+005  0.23627647E+002
  0.14481750E+005  0.23726751E+002
  0.14491407E+005  0.23826151E+002
  0.14501071E+005  0.23925849E+002
  0.14510741E+005  0.24025843E+002
  0.14520418E+005  0.24126134E+002
  0.14530101E+005  0.24226723E+002
  0.14539791E+005  0.24327610E+002
  0.14549487E+005  0.24428795E+002
  0.14559189E+005  0.24530279E+002
  0.14568898E+005  0.24632062E+002
  0.14578614E+005  0.24734143E+002
  0.14588336E+005  0.24836524E+002
  0.14598064E+005  0.24939205E+002
  0.14607799E+005  0.25042186E+002
  0.14617541E+005  0.25145468E+002
  0.14627289E+005  0.25249049E+002
  0.14637043E+005  0.25352932E+002
  0.14646804E+005  0.25457116E+002
  0.14656572E+005  0.25561602E+002
  0.14666345E+005  0.25666389E+002
  0.14676126E+005  0.25771479E+002
  0.14685913E+005  0.25876871E+002
  0.14695707E+005  0.25982565E+002
  0.14705507E+005  0.26088562E+002
  0.14715313E+005  0.26194863E+002
  0.14725126E+005  0.26301467E+002
  0.14734946E+005  0.26408375E+002
  0.14744772E+005  0.26515586E+002
  0.14754605E+005  0.26623102E+002
  0.14764444E+005  0.26730923E+002
  0.14774290E+005  0.26839048E+002
  0.14784143E+005  0.26947478E+002
  0.14794002E+005  0.27056214E+002
  0.14803868E+005  0.27165255E+002
  0.14813740E+005  0.27274602E+002
  0.14823619E+005  0.27384255E+002
  0.14833504E+005  0.27494214E+002
  0.14843396E+005  0.27604480E+002
  0.14853294E+005  0.27715052E+002
  0.14863200E+005  0.27825932E+002
  0.14873111E+005  0.27937118E+002
  0.14883030E+005  0.28048612E+002
  0.14892955E+005  0.28160414E+002
  0.14902886E+005  0.28272524E+002
  0.14912825E+005  0.28384942E+002
  0.14922770E+005  0.28497668E+002
  0.14932721E+005  0.28610703E+002
  0.14942679E+005  0.28724047E+002
  0.14952644E+005  0.28837699E+002
  0.14962615E+005  0.28951661E+002
  0.14972593E+005  0.29065932E+002
  0.14982578E+005  0.29180513E+002
  0.14992570E+005  0.29295404E+002
  0.15002568E+005  0.29410605E+002
  0.15012572E+005  0.29526116E+002
  0.15022584E+005  0.29641937E+002
  0.15032602E+005  0.29758069E+002
  0.15042626E+005  0.29874512E+002
  0.15052658E+005  0.29991266E+002
  0.15062696E+005  0.30108331E+002
  0.15072741E+005  0.30225707E+002
  0.15082792E+005  0.30343395E+002
  0.15092851E+005  0.30461394E+002
  0.15102915E+005  0.30579706E+002
  0.15112987E+005  0.30698329E+002
  0.15123065E+005  0.30817265E+002
  0.15133151E+005  0.30936513E+002
  0.15143242E+005  0.31056074E+002
  0.15153341E+005  0.31175947E+002
  0.15163446E+005  0.31296134E+002
  0.15173558E+005  0.31416633E+002
  0.15183677E+005  0.31537446E+002
  0.15193802E+005  0.31658571E+002
  0.15203935E+005  0.31780011E+002
  0.15214074E+005  0.31901763E+002
  0.15224219E+005  0.32023830E+002
  0.15234372E+005  0.32146210E+002
  0.15244531E+005  0.32268905E+002
  0.15254697E+005  0.32391914E+002
  0.15264870E+005  0.32515236E+002
  0.15275050E+005  0.32638874E+002
  0.15285236E+005  0.32762826E+002
  0.15295429E+005  0.32887092E+002
  0.15305629E+005  0.33011673E+002
  0.15315836E+005  0.33136569E+002
  0.15326050E+005  0.33261780E+002
  0.15336270E+005  0.33387306E+002
  0.15346497E+005  0.33513148E+002
  0.15356732E+005  0.33639304E+002
  0.15366972E+005  0.33765776E+002
  0.15377220E+005  0.33892564E+002
  0.15387475E+005  0.34019667E+002
  0.15397736E+005  0.34147086E+002
  0.15408004E+005  0.34274820E+002
  0.15418279E+005  0.34402871E+002
  0.15428561E+005  0.34531237E+002
  0.15438850E+005  0.34659919E+002
  0.15449146E+005  0.34788917E+002
  0.15459448E+005  0.34918232E+002
  0.15469758E+005  0.35047863E+002
  0.15480074E+005  0.35177809E+002
  0.15490397E+005  0.35308073E+002
  0.15500727E+005  0.35438652E+002
  0.15511064E+005  0.35569549E+002
  0.15521408E+005  0.35700761E+002
  0.15531759E+005  0.35832290E+002
  0.15542116E+005  0.35964136E+002
  0.15552481E+005  0.36096299E+002
  0.15562852E+005  0.36228778E+002
  0.15573231E+005  0.36361574E+002
  0.15583616E+005  0.36494686E+002
  0.15594008E+005  0.36628116E+002
  0.15604407E+005  0.36761862E+002
  0.15614813E+005  0.36895925E+002
  0.15625226E+005  0.37030305E+002
  0.15635646E+005  0.37165002E+002
  0.15646073E+005  0.37300015E+002
  0.15656507E+005  0.37435346E+002
  0.15666948E+005  0.37570993E+002
  0.15677395E+005  0.37706958E+002
  0.15687850E+005  0.37843239E+002
  0.15698312E+005  0.37979838E+002
  0.15708781E+005  0.38116753E+002
  0.15719256E+005  0.38253985E+002
  0.15729739E+005  0.38391534E+002
  0.15740228E+005  0.38529400E+002
  0.15750725E+005  0.38667583E+002
  0.15761229E+005  0.38806083E+002
  0.15771739E+005  0.38944899E+002
  0.15782257E+005  0.39084032E+002
  0.15792782E+005  0.39223483E+002
  0.15803313E+005  0.39363249E+002
  0.15813852E+005  0.39503333E+002
  0.15824398E+005  0.39643733E+002
  0.15834951E+005  0.39784450E+002
  0.15845510E+005  0.39925483E+002
  0.15856077E+005  0.40066833E+002
  0.15866651E+005  0.40208500E+002
  0.15877232E+005  0.40350483E+002
  0.15887820E+005  0.40492782E+002
  0.15898415E+005  0.40635397E+002
  0.15909017E+005  0.40778329E+002
  0.15919626E+005  0.40921577E+002
  0.15930243E+005  0.41065141E+002
  0.15940866E+005  0.41209021E+002
  0.15951496E+005  0.41353217E+002
  0.15962134E+005  0.41497729E+002
  0.15972779E+005  0.41642556E+002
  0.15983430E+005  0.41787699E+002
  0.15994089E+005  0.41933158E+002
  0.16004755E+005  0.42078932E+002
  0.16015428E+005  0.42225022E+002
  0.16026108E+005  0.42371427E+002
  0.16036796E+005  0.42518147E+002
  0.16047490E+005  0.42665182E+002
  0.16058191E+005  0.42812532E+002
  0.16068900E+005  0.42960197E+002
  0.16079616E+005  0.43108177E+002
  0.16090339E+005  0.43256471E+002
  0.16101069E+005  0.43405080E+002
  0.16111806E+005  0.43554003E+002
  0.16122551E+005  0.43703240E+002
  0.16133302E+005  0.43852792E+002
  0.16144061E+005  0.44002657E+002
  0.16154827E+005  0.44152836E+002
  0.16165600E+005  0.44303329E+002
  0.16176380E+005  0.44454135E+002
  0.16187168E+005  0.44605254E+002
  0.16197963E+005  0.44756687E+002
  0.16208764E+005  0.44908432E+002
  0.16219574E+005  0.45060491E+002
  0.16230390E+005  0.45212862E+002
  0.16241213E+005  0.45365546E+002
  0.16252044E+005  0.45518542E+002
  0.16262882E+005  0.45671850E+002
  0.16273727E+005  0.45825470E+002
  0.16284580E+005  0.45979401E+002
  0.16295439E+005  0.46133645E+002
  0.16306306E+005  0.46288200E+002
  0.16317180E+005  0.46443066E+002
  0.16328062E+005  0.46598243E+002
  0.16338950E+005  0.46753730E+002
  0.16349846E+005  0.46909529E+002
  0.16360749E+005  0.47065637E+002
  0.16371660E+005  0.47222056E+002
  0.16382578E+005  0.47378785E+002
  0.16393503E+005  0.47535824E+002
  0.16404435E+005  0.47693172E+002
  0.16415374E+005  0.47850829E+002
  0.16426321E+005  0.48008795E+002
  0.16437275E+005  0.48167070E+002
  0.16448237E+005  0.48325654E+002
  0.16459206E+005  0.48484546E+002
  0.16470182E+005  0.48643746E+002
  0.16481165E+005  0.48803254E+002
  0.16492156E+005  0.48963069E+002
  0.16503154E+005  0.49123192E+002
  0.16514159E+005  0.49283622E+002
  0.16525172E+005  0.49444358E+002
  0.16536192E+005  0.49605401E+002
  0.16547220E+005  0.49766751E+002
  0.16558254E+005  0.49928406E+002
  0.16569297E+005  0.50090367E+002
  0.16580346E+005  0.50252633E+002
  0.16591403E+005  0.50415205E+002
  0.16602467E+005  0.50578081E+002
  0.16613539E+005  0.50741262E+002
  0.16624618E+005  0.50904747E+002
  0.16635704E+005  0.51068536E+002
  0.16646798E+005  0.51232629E+002
  0.16657899E+005  0.51397025E+002
  0.16669008E+005  0.51561724E+002
  0.16680124E+005  0.51726725E+002
  0.16691247E+005  0.51892029E+002
  0.16702378E+005  0.52057635E+002
  0.16713516E+005  0.52223543E+002
  0.16724662E+005  0.52389753E+002
  0.16735815E+005  0.52556263E+002
  0.16746976E+005  0.52723074E+002
  0.16758144E+005  0.52890186E+002
  0.16769319E+005  0.53057597E+002
  0.16780502E+005  0.53225308E+002
  0.16791692E+005  0.53393319E+002
  0.16802890E+005  0.53561629E+002
  0.16814096E+005  0.53730237E+002
  0.16825308E+005  0.53899144E+002
  0.16836529E+005  0.54068348E+002
  0.16847756E+005  0.54237850E+002
  0.16858992E+005  0.54407649E+002
  0.16870234E+005  0.54577745E+002
  0.16881484E+005  0.54748138E+002
  0.16892742E+005  0.54918826E+002
  0.16904007E+005  0.55089810E+002
  0.16915280E+005  0.55261089E+002
  0.16926560E+005  0.55432664E+002
  0.16937848E+005  0.55604532E+002
  0.16949143E+005  0.55776695E+002
  0.16960446E+005  0.55949151E+002
  0.16971757E+005  0.56121901E+002
  0.16983074E+005  0.56294943E+002
  0.16994400E+005  0.56468278E+002
  0.17005733E+005  0.56641905E+002
  0.17017073E+005  0.56815823E+002
  0.17028422E+005  0.56990033E+002
  0.17039777E+005  0.57164533E+002
  0.17051140E+005  0.57339324E+002
  0.17062511E+005  0.57514404E+002
  0.17073890E+005  0.57689774E+002
  0.17085276E+005  0.57865433E+002
  0.17096669E+005  0.58041380E+002
  0.17108071E+005  0.58217615E+002
  0.17119479E+005  0.58394138E+002
  0.17130896E+005  0.58570948E+002
  0.17142320E+005  0.58748045E+002
  0.17153751E+005  0.58925428E+002
  0.17165191E+005  0.59103096E+002
  0.17176638E+005  0.59281050E+002
  0.17188092E+005  0.59459289E+002
  0.17199554E+005  0.59637812E+002
  0.17211024E+005  0.59816618E+002
  0.17222502E+005  0.59995708E+002
  0.17233987E+005  0.60175081E+002
  0.17245479E+005  0.60354736E+002
  0.17256980E+005  0.60534673E+002
  0.17268488E+005  0.60714891E+002
  0.17280004E+005  0.60895391E+002
  0.17291527E+005  0.61076170E+002
  0.17303058E+005  0.61257229E+002
  0.17314597E+005  0.61438568E+002
  0.17326144E+005  0.61620185E+002
  0.17337698E+005  0.61802080E+002
  0.17349260E+005  0.61984253E+002
  0.17360830E+005  0.62166704E+002
  0.17372407E+005  0.62349431E+002
  0.17383992E+005  0.62532434E+002
  0.17395585E+005  0.62715712E+002
  0.17407185E+005  0.62899266E+002
  0.17418794E+005  0.63083093E+002
  0.17430410E+005  0.63267195E+002
  0.17442033E+005  0.63451570E+002
  0.17453665E+005  0.63636218E+002
  0.17465304E+005  0.63821138E+002
  0.17476951E+005  0.64006330E+002
  0.17488606E+005  0.64191793E+002
  0.17500269E+005  0.64377526E+002
  0.17511939E+005  0.64563529E+002
  0.17523617E+005  0.64749801E+002
  0.17535303E+005  0.64936343E+002
  0.17546997E+005  0.65123152E+002
  0.17558698E+005  0.65310229E+002
  0.17570407E+005  0.65497572E+002
  0.17582125E+005  0.65685182E+002
  0.17593849E+005  0.65873058E+002
  0.17605582E+005  0.66061199E+002
  0.17617323E+005  0.66249605E+002
  0.17629071E+005  0.66438274E+002
  0.17640827E+005  0.66627207E+002
  0.17652592E+005  0.66816402E+002
  0.17664363E+005  0.67005859E+002
  0.17676143E+005  0.67195578E+002
  0.17687931E+005  0.67385557E+002
  0.17699726E+005  0.67575797E+002
  0.17711530E+005  0.67766296E+002
  0.17723341E+005  0.67957054E+002
  0.17735160E+005  0.68148070E+002
  0.17746987E+005  0.68339343E+002
  0.17758822E+005  0.68530874E+002
  0.17770665E+005  0.68722660E+002
  0.17782515E+005  0.68914702E+002
  0.17794374E+005  0.69107000E+002
  0.17806240E+005  0.69299551E+002
  0.17818115E+005  0.69492356E+002
  0.17829997E+005  0.69685414E+002
  0.17841887E+005  0.69878723E+002
  0.17853785E+005  0.70072285E+002
  0.17865692E+005  0.70266097E+002
  0.17877606E+005  0.70460160E+002
  0.17889528E+005  0.70654471E+002
  0.17901458E+005  0.70849032E+002
  0.17913395E+005  0.71043841E+002
  0.17925341E+005  0.71238897E+002
  0.17937295E+005  0.71434199E+002
  0.17949257E+005  0.71629748E+002
  0.17961227E+005  0.71825541E+002
  0.17973204E+005  0.72021580E+002
  0.17985190E+005  0.72217862E+002
  0.17997184E+005  0.72414387E+002
  0.18009186E+005  0.72611154E+002
  0.18021195E+005  0.72808163E+002
  0.18033213E+005  0.73005412E+002
  0.18045239E+005  0.73202902E+002
  0.18057273E+005  0.73400631E+002
  0.18069314E+005  0.73598599E+002
  0.18081364E+005  0.73796805E+002
  0.18093422E+005  0.73995248E+002
  0.18105488E+005  0.74193927E+002
  0.18117562E+005  0.74392841E+002
  0.18129644E+005  0.74591991E+002
  0.18141734E+005  0.74791375E+002
  0.18153832E+005  0.74990991E+002
  0.18165938E+005  0.75190841E+002
  0.18178052E+005  0.75390922E+002
  0.18190175E+005  0.75591234E+002
  0.18202305E+005  0.75791777E+002
  0.18214444E+005  0.75992548E+002
  0.18226590E+005  0.76193549E+002
  0.18238745E+005  0.76394777E+002
  0.18250908E+005  0.76596232E+002
  0.18263079E+005  0.76797913E+002
  0.18275258E+005  0.76999820E+002
  0.18287445E+005  0.77201951E+002
  0.18299640E+005  0.77404307E+002
  0.18311844E+005  0.77606885E+002
  0.18324055E+005  0.77809685E+002
  0.18336275E+005  0.78012707E+002
  0.18348503E+005  0.78215949E+002
  0.18360739E+005  0.78419411E+002
  0.18372983E+005  0.78623092E+002
  0.18385235E+005  0.78826991E+002
  0.18397496E+005  0.79031107E+002
  0.18409764E+005  0.79235439E+002
  0.18422041E+005  0.79439987E+002
  0.18434326E+005  0.79644750E+002
  0.18446620E+005  0.79849726E+002
  0.18458921E+005  0.80054916E+002
  0.18471231E+005  0.80260317E+002
  0.18483549E+005  0.80465930E+002
  0.18495875E+005  0.80671753E+002
  0.18508209E+005  0.80877786E+002
  0.18520551E+005  0.81084028E+002
  0.18532902E+005  0.81290477E+002
  0.18545261E+005  0.81497133E+002
  0.18557628E+005  0.81703995E+002
  0.18570004E+005  0.81911062E+002
  0.18582388E+005  0.82118334E+002
  0.18594780E+005  0.82325809E+002
  0.18607180E+005  0.82533487E+002
  0.18619588E+005  0.82741366E+002
  0.18632005E+005  0.82949446E+002
  0.18644430E+005  0.83157725E+002
  0.18656863E+005  0.83366204E+002
  0.18669305E+005  0.83574880E+002
  0.18681755E+005  0.83783754E+002
  0.18694213E+005  0.83992824E+002
  0.18706680E+005  0.84202089E+002
  0.18719155E+005  0.84411549E+002
  0.18731638E+005  0.84621201E+002
  0.18744129E+005  0.84831047E+002
  0.18756629E+005  0.85041084E+002
  0.18769137E+005  0.85251312E+002
  0.18781654E+005  0.85461729E+002
  0.18794179E+005  0.85672335E+002
  0.18806712E+005  0.85883129E+002
  0.18819254E+005  0.86094110E+002
  0.18831803E+005  0.86305277E+002
  0.18844362E+005  0.86516629E+002
  0.18856928E+005  0.86728165E+002
  0.18869503E+005  0.86939884E+002
  0.18882087E+005  0.87151785E+002
  0.18894679E+005  0.87363867E+002
  0.18907279E+005  0.87576130E+002
  0.18919888E+005  0.87788572E+002
  0.18932505E+005  0.88001192E+002
  0.18945130E+005  0.88213989E+002
  0.18957764E+005  0.88426963E+002
  0.18970406E+005  0.88640112E+002
  0.18983057E+005  0.88853436E+002
  0.18995716E+005  0.89066933E+002
  0.19008384E+005  0.89280602E+002
  0.19021060E+005  0.89494443E+002
  0.19033744E+005  0.89708454E+002
  0.19046437E+005  0.89922635E+002
  0.19059139E+005  0.90136984E+002
  0.19071849E+005  0.90351500E+002
  0.19084567E+005  0.90566183E+002
  0.19097294E+005  0.90781032E+002
  0.19110029E+005  0.90996045E+002
  0.19122773E+005  0.91211221E+002
  0.19135525E+005  0.91426560E+002
  0.19148286E+005  0.91642060E+002
  0.19161056E+005  0.91857720E+002
  0.19173834E+005  0.92073540E+002
  0.19186620E+005  0.92289518E+002
  0.19199415E+005  0.92505654E+002
  0.19212218E+005  0.92721945E+002
  0.19225030E+005  0.92938392E+002
  0.19237851E+005  0.93154993E+002
  0.19250680E+005  0.93371748E+002
  0.19263518E+005  0.93588654E+002
  0.19276364E+005  0.93805712E+002
  0.19289219E+005  0.94022919E+002
  0.19302082E+005  0.94240276E+002
  0.19314954E+005  0.94457780E+002
  0.19327834E+005  0.94675432E+002
  0.19340723E+005  0.94893229E+002
  0.19353621E+005  0.95111171E+002
  0.19366527E+005  0.95329256E+002
  0.19379442E+005  0.95547484E+002
  0.19392366E+005  0.95765854E+002
  0.19405298E+005  0.95984365E+002
  0.19418239E+005  0.96203014E+002
  0.19431188E+005  0.96421803E+002
  0.19444146E+005  0.96640728E+002
  0.19457113E+005  0.96859790E+002
  0.19470088E+005  0.97078986E+002
  0.19483072E+005  0.97298317E+002
  0.19496065E+005  0.97517781E+002
  0.19509066E+005  0.97737376E+002
  0.19522076E+005  0.97957103E+002
  0.19535094E+005  0.98176959E+002
  0.19548122E+005  0.98396943E+002
  0.19561158E+005  0.98617055E+002
  0.19574202E+005  0.98837294E+002
  0.19587256E+005  0.99057658E+002
  0.19600318E+005  0.99278145E+002
  0.19613389E+005  0.99498756E+002
  0.19626468E+005  0.99719489E+002
  0.19639556E+005  0.99940343E+002
  0.19652653E+005  0.10016132E+003
  0.19665759E+005  0.10038241E+003
  0.19678873E+005  0.10060362E+003
  0.19691997E+005  0.10082494E+003
  0.19705129E+005  0.10104639E+003
  0.19718269E+005  0.10126794E+003
  0.19731419E+005  0.10148961E+003
  0.19744577E+005  0.10171139E+003
  0.19757744E+005  0.10193328E+003
  0.19770920E+005  0.10215528E+003
  0.19784104E+005  0.10237739E+003
  0.19797298E+005  0.10259961E+003
  0.19810500E+005  0.10282193E+003
  0.19823711E+005  0.10304436E+003
  0.19836931E+005  0.10326689E+003
  0.19850159E+005  0.10348952E+003
  0.19863397E+005  0.10371226E+003
  0.19876643E+005  0.10393509E+003
  0.19889898E+005  0.10415803E+003
  0.19903162E+005  0.10438106E+003
  0.19916435E+005  0.10460419E+003
  0.19929716E+005  0.10482742E+003
  0.19943007E+005  0.10505074E+003
  0.19956306E+005  0.10527415E+003
  0.19969614E+005  0.10549766E+003
  0.19982931E+005  0.10572126E+003
  0.19996257E+005  0.10594495E+003
  0.20009592E+005  0.10616872E+003
  0.20022936E+005  0.10639259E+003
  0.20036288E+005  0.10661654E+003
  0.20049650E+005  0.10684057E+003
  0.20063020E+005  0.10706469E+003
  0.20076400E+005  0.10728890E+003
  0.20089788E+005  0.10751318E+003
  0.20103185E+005  0.10773755E+003
  0.20116591E+005  0.10796199E+003
  0.20130006E+005  0.10818651E+003
  0.20143430E+005  0.10841111E+003
  0.20156863E+005  0.10863579E+003
  0.20170305E+005  0.10886054E+003
  0.20183756E+005  0.10908536E+003
  0.20197216E+005  0.10931026E+003
  0.20210685E+005  0.10953523E+003
  0.20224163E+005  0.10976026E+003
  0.20237650E+005  0.10998537E+003
  0.20251145E+005  0.11021054E+003
  0.20264650E+005  0.11043578E+003
  0.20278164E+005  0.11066108E+003
  0.20291687E+005  0.11088645E+003
  0.20305219E+005  0.11111188E+003
  0.20318760E+005  0.11133737E+003
  0.20332310E+005  0.11156292E+003
  0.20345869E+005  0.11178853E+003
  0.20359436E+005  0.11201420E+003
  0.20373014E+005  0.11223992E+003
  0.20386600E+005  0.11246570E+003
  0.20400195E+005  0.11269154E+003
  0.20413799E+005  0.11291742E+003
  0.20427412E+005  0.11314336E+003
  0.20441035E+005  0.11336935E+003
  0.20454666E+005  0.11359538E+003
  0.20468307E+005  0.11382147E+003
  0.20481956E+005  0.11404760E+003
  0.20495615E+005  0.11427378E+003
  0.20509283E+005  0.11450000E+003
  0.20522960E+005  0.11472626E+003
  0.20536646E+005  0.11495257E+003
  0.20550341E+005  0.11517891E+003
  0.20564045E+005  0.11540530E+003
  0.20577759E+005  0.11563172E+003
  0.20591481E+005  0.11585818E+003
  0.20605213E+005  0.11608468E+003
  0.20618954E+005  0.11631121E+003
  0.20632704E+005  0.11653777E+003
  0.20646464E+005  0.11676436E+003
  0.20660232E+005  0.11699099E+003
  0.20674010E+005  0.11721764E+003
  0.20687796E+005  0.11744433E+003
  0.20701592E+005  0.11767103E+003
  0.20715398E+005  0.11789777E+003
  0.20729212E+005  0.11812453E+003
  0.20743036E+005  0.11835131E+003
  0.20756868E+005  0.11857811E+003
  0.20770711E+005  0.11880493E+003
  0.20784562E+005  0.11903178E+003
  0.20798422E+005  0.11925864E+003
  0.20812292E+005  0.11948551E+003
  0.20826171E+005  0.11971240E+003
  0.20840059E+005  0.11993931E+003
  0.20853957E+005  0.12016623E+003
  0.20867864E+005  0.12039316E+003
  0.20881780E+005  0.12062010E+003
  0.20895705E+005  0.12084705E+003
  0.20909640E+005  0.12107401E+003
  0.20923584E+005  0.12130097E+003
  0.20937537E+005  0.12152794E+003
  0.20951500E+005  0.12175492E+003
  0.20965471E+005  0.12198189E+003
  0.20979453E+005  0.12220887E+003
  0.20993443E+005  0.12243585E+003
  0.21007443E+005  0.12266282E+003
  0.21021452E+005  0.12288979E+003
  0.21035471E+005  0.12311676E+003
  0.21049499E+005  0.12334373E+003
  0.21063536E+005  0.12357069E+003
  0.21077582E+005  0.12379764E+003
  0.21091638E+005  0.12402458E+003
  0.21105704E+005  0.12425151E+003
  0.21119778E+005  0.12447843E+003
  0.21133862E+005  0.12470534E+003
  0.21147956E+005  0.12493223E+003
  0.21162059E+005  0.12515911E+003
  0.21176171E+005  0.12538597E+003
  0.21190293E+005  0.12561281E+003
  0.21204424E+005  0.12583964E+003
  0.21218564E+005  0.12606644E+003
  0.21232714E+005  0.12629322E+003
  0.21246874E+005  0.12651998E+003
  0.21261042E+005  0.12674672E+003
  0.21275221E+005  0.12697342E+003
  0.21289408E+005  0.12720011E+003
  0.21303606E+005  0.12742676E+003
  0.21317812E+005  0.12765338E+003
  0.21332028E+005  0.12787997E+003
  0.21346254E+005  0.12810654E+003
  0.21360489E+005  0.12833306E+003
  0.21374734E+005  0.12855956E+003
  0.21388988E+005  0.12878601E+003
  0.21403251E+005  0.12901243E+003
  0.21417525E+005  0.12923881E+003
  0.21431807E+005  0.12946515E+003
  0.21446099E+005  0.12969145E+003
  0.21460401E+005  0.12991771E+003
  0.21474712E+005  0.13014392E+003
  0.21489033E+005  0.13037009E+003
  0.21503363E+005  0.13059621E+003
  0.21517703E+005  0.13082228E+003
  0.21532053E+005  0.13104830E+003
  0.21546412E+005  0.13127428E+003
  0.21560780E+005  0.13150020E+003
  0.21575158E+005  0.13172607E+003
  0.21589546E+005  0.13195188E+003
  0.21603944E+005  0.13217764E+003
  0.21618351E+005  0.13240334E+003
  0.21632767E+005  0.13262899E+003
  0.21647193E+005  0.13285457E+003
  0.21661629E+005  0.13308009E+003
  0.21676074E+005  0.13330555E+003
  0.21690529E+005  0.13353095E+003
  0.21704994E+005  0.13375628E+003
  0.21719469E+005  0.13398155E+003
  0.21733953E+005  0.13420675E+003
  0.21748446E+005  0.13443188E+003
  0.21762949E+005  0.13465694E+003
  0.21777462E+005  0.13488193E+003
  0.21791985E+005  0.13510685E+003
  0.21806517E+005  0.13533169E+003
  0.21821060E+005  0.13555646E+003
  0.21835611E+005  0.13578115E+003
  0.21850173E+005  0.13600576E+003
  0.21864744E+005  0.13623029E+003
  0.21879325E+005  0.13645475E+003
  0.21893915E+005  0.13667912E+003
  0.21908516E+005  0.13690341E+003
  0.21923126E+005  0.13712761E+003
  0.21937745E+005  0.13735173E+003
  0.21952375E+005  0.13757576E+003
  0.21967014E+005  0.13779970E+003
  0.21981663E+005  0.13802356E+003
  0.21996322E+005  0.13824732E+003
  0.22010991E+005  0.13847099E+003
  0.22025669E+005  0.13869456E+003
  0.22040357E+005  0.13891805E+003
  0.22055055E+005  0.13914143E+003
  0.22069763E+005  0.13936472E+003
  0.22084481E+005  0.13958791E+003
  0.22099208E+005  0.13981100E+003
  0.22113945E+005  0.14003398E+003
  0.22128693E+005  0.14025687E+003
  0.22143449E+005  0.14047965E+003
  0.22158216E+005  0.14070232E+003
  0.22172993E+005  0.14092489E+003
  0.22187779E+005  0.14114735E+003
  0.22202575E+005  0.14136970E+003
  0.22217382E+005  0.14159194E+003
  0.22232198E+005  0.14181407E+003
  0.22247024E+005  0.14203609E+003
  0.22261859E+005  0.14225799E+003
  0.22276705E+005  0.14247977E+003
  0.22291561E+005  0.14270144E+003
  0.22306426E+005  0.14292299E+003
  0.22321302E+005  0.14314442E+003
  0.22336187E+005  0.14336573E+003
  0.22351082E+005  0.14358691E+003
  0.22365987E+005  0.14380798E+003
  0.22380902E+005  0.14402891E+003
  0.22395828E+005  0.14424973E+003
  0.22410763E+005  0.14447041E+003
  0.22425708E+005  0.14469096E+003
  0.22440662E+005  0.14491139E+003
  0.22455627E+005  0.14513168E+003
  0.22470602E+005  0.14535184E+003
  0.22485587E+005  0.14557187E+003
  0.22500582E+005  0.14579176E+003
  0.22515587E+005  0.14601152E+003
  0.22530602E+005  0.14623113E+003
  0.22545627E+005  0.14645061E+003
  0.22560662E+005  0.14666995E+003
  0.22575707E+005  0.14688914E+003
  0.22590762E+005  0.14710819E+003
  0.22605827E+005  0.14732710E+003
  0.22620902E+005  0.14754586E+003
  0.22635987E+005  0.14776448E+003
  0.22651082E+005  0.14798294E+003
  0.22666187E+005  0.14820126E+003
  0.22681303E+005  0.14841943E+003
  0.22696428E+005  0.14863744E+003
  0.22711564E+005  0.14885530E+003
  0.22726709E+005  0.14907301E+003
  0.22741865E+005  0.14929056E+003
  0.22757031E+005  0.14950795E+003
  0.22772207E+005  0.14972518E+003
  0.22787393E+005  0.14994226E+003
  0.22802589E+005  0.15015917E+003
  0.22817795E+005  0.15037592E+003
  0.22833011E+005  0.15059251E+003
  0.22848238E+005  0.15080893E+003
  0.22863475E+005  0.15102518E+003
  0.22878722E+005  0.15124127E+003
  0.22893979E+005  0.15145719E+003
  0.22909246E+005  0.15167294E+003
  0.22924523E+005  0.15188852E+003
  0.22939811E+005  0.15210392E+003
  0.22955109E+005  0.15231915E+003
  0.22970417E+005  0.15253421E+003
  0.22985735E+005  0.15274909E+003
  0.23001063E+005  0.15296379E+003
  0.23016402E+005  0.15317831E+003
  0.23031751E+005  0.15339265E+003
  0.23047110E+005  0.15360681E+003
  0.23062479E+005  0.15382079E+003
  0.23077859E+005  0.15403458E+003
  0.23093249E+005  0.15424819E+003
  0.23108649E+005  0.15446161E+003
  0.23124059E+005  0.15467485E+003
  0.23139480E+005  0.15488789E+003
  0.23154911E+005  0.15510074E+003
  0.23170352E+005  0.15531341E+003
  0.23185804E+005  0.15552588E+003
  0.23201266E+005  0.15573815E+003
  0.23216738E+005  0.15595023E+003
  0.23232220E+005  0.15616211E+003
  0.23247713E+005  0.15637380E+003
  0.23263216E+005  0.15658529E+003
  0.23278730E+005  0.15679657E+003
  0.23294253E+005  0.15700766E+003
  0.23309787E+005  0.15721854E+003
  0.23325332E+005  0.15742921E+003
  0.23340887E+005  0.15763968E+003
  0.23356452E+005  0.15784995E+003
  0.23372028E+005  0.15806001E+003
  0.23387614E+005  0.15826985E+003
  0.23403210E+005  0.15847949E+003
  0.23418817E+005  0.15868892E+003
  0.23434434E+005  0.15889813E+003
  0.23450062E+005  0.15910713E+003
  0.23465700E+005  0.15931591E+003
  0.23481349E+005  0.15952448E+003
  0.23497007E+005  0.15973283E+003
  0.23512677E+005  0.15994096E+003
  0.23528357E+005  0.16014887E+003
  0.23544047E+005  0.16035656E+003
  0.23559748E+005  0.16056403E+003
  0.23575459E+005  0.16077127E+003
  0.23591181E+005  0.16097829E+003
  0.23606913E+005  0.16118508E+003
  0.23622655E+005  0.16139164E+003
  0.23638409E+005  0.16159797E+003
  0.23654172E+005  0.16180408E+003
  0.23669946E+005  0.16200995E+003
  0.23685731E+005  0.16221559E+003
  0.23701526E+005  0.16242100E+003
  0.23717332E+005  0.16262617E+003
  0.23733148E+005  0.16283111E+003
  0.23748975E+005  0.16303581E+003
  0.23764813E+005  0.16324027E+003
  0.23780661E+005  0.16344449E+003
  0.23796519E+005  0.16364847E+003
  0.23812388E+005  0.16385221E+003
  0.23828268E+005  0.16405571E+003
  0.23844158E+005  0.16425896E+003
  0.23860059E+005  0.16446196E+003
  0.23875971E+005  0.16466472E+003
  0.23891893E+005  0.16486723E+003
  0.23907825E+005  0.16506949E+003
  0.23923769E+005  0.16527151E+003
  0.23939723E+005  0.16547327E+003
  0.23955687E+005  0.16567477E+003
  0.23971662E+005  0.16587603E+003
  0.23987648E+005  0.16607702E+003
  0.24003645E+005  0.16627777E+003
  0.24019652E+005  0.16647825E+003
  0.24035670E+005  0.16667848E+003
  0.24051699E+005  0.16687844E+003
  0.24067738E+005  0.16707815E+003
  0.24083788E+005  0.16727759E+003
  0.24099849E+005  0.16747677E+003
  0.24115920E+005  0.16767569E+003
  0.24132002E+005  0.16787434E+003
  0.24148095E+005  0.16807272E+003
  0.24164198E+005  0.16827084E+003
  0.24180313E+005  0.16846869E+003
  0.24196438E+005  0.16866626E+003
  0.24212574E+005  0.16886357E+003
  0.24228720E+005  0.16906060E+003
  0.24244878E+005  0.16925736E+003
  0.24261046E+005  0.16945385E+003
  0.24277225E+005  0.16965006E+003
  0.24293414E+005  0.16984599E+003
  0.24309615E+005  0.17004164E+003
  0.24325826E+005  0.17023702E+003
  0.24342048E+005  0.17043211E+003
  0.24358281E+005  0.17062692E+003
  0.24374525E+005  0.17082146E+003
  0.24390779E+005  0.17101570E+003
  0.24407045E+005  0.17120966E+003
  0.24423321E+005  0.17140334E+003
  0.24439608E+005  0.17159673E+003
  0.24455906E+005  0.17178983E+003
  0.24472215E+005  0.17198264E+003
  0.24488534E+005  0.17217516E+003
  0.24504865E+005  0.17236739E+003
  0.24521206E+005  0.17255932E+003
  0.24537559E+005  0.17275097E+003
  0.24553922E+005  0.17294232E+003
  0.24570296E+005  0.17313337E+003
  0.24586681E+005  0.17332412E+003
  0.24603077E+005  0.17351458E+003
  0.24619484E+005  0.17370474E+003
  0.24635902E+005  0.17389459E+003
  0.24652331E+005  0.17408415E+003
  0.24668771E+005  0.17427340E+003
  0.24685222E+005  0.17446235E+003
  0.24701684E+005  0.17465100E+003
  0.24718156E+005  0.17483934E+003
  0.24734640E+005  0.17502737E+003
  0.24751135E+005  0.17521509E+003
  0.24767640E+005  0.17540251E+003
  0.24784157E+005  0.17558961E+003
  0.24800685E+005  0.17577641E+003
  0.24817224E+005  0.17596289E+003
  0.24833773E+005  0.17614906E+003
  0.24850334E+005  0.17633491E+003
  0.24866906E+005  0.17652045E+003
  0.24883489E+005  0.17670568E+003
  0.24900083E+005  0.17689058E+003
  0.24916688E+005  0.17707517E+003
  0.24933304E+005  0.17725944E+003
  0.24949931E+005  0.17744338E+003
  0.24966570E+005  0.17762701E+003
  0.24983219E+005  0.17781031E+003
  0.24999879E+005  0.17799329E+003
  0.25016551E+005  0.17817595E+003
  0.25033234E+005  0.17835828E+003
  0.25049928E+005  0.17854028E+003
  0.25066633E+005  0.17872195E+003
  0.25083349E+005  0.17890330E+003
  0.25100076E+005  0.17908431E+003
  0.25116814E+005  0.17926500E+003
  0.25133564E+005  0.17944535E+003
  0.25150325E+005  0.17962537E+003
  0.25167097E+005  0.17980506E+003
  0.25183880E+005  0.17998441E+003
  0.25200674E+005  0.18016343E+003
  0.25217479E+005  0.18034211E+003
  0.25234296E+005  0.18052045E+003
  0.25251124E+005  0.18069845E+003
  0.25267963E+005  0.18087611E+003
  0.25284814E+005  0.18105343E+003
  0.25301675E+005  0.18123041E+003
  0.25318548E+005  0.18140705E+003
  0.25335432E+005  0.18158334E+003
  0.25352327E+005  0.18175929E+003
  0.25369234E+005  0.18193490E+003
  0.25386152E+005  0.18211015E+003
  0.25403081E+005  0.18228506E+003
  0.25420022E+005  0.18245962E+003
  0.25436973E+005  0.18263383E+003
  0.25453936E+005  0.18280769E+003
  0.25470911E+005  0.18298120E+003
  0.25487896E+005  0.18315435E+003
  0.25504894E+005  0.18332716E+003
  0.25521902E+005  0.18349961E+003
  0.25538922E+005  0.18367170E+003
  0.25555953E+005  0.18384343E+003
  0.25572995E+005  0.18401481E+003
  0.25590049E+005  0.18418584E+003
  0.25607114E+005  0.18435650E+003
  0.25624191E+005  0.18452680E+003
  0.25641278E+005  0.18469674E+003
  0.25658378E+005  0.18486632E+003
  0.25675488E+005  0.18503554E+003
  0.25692611E+005  0.18520439E+003
  0.25709744E+005  0.18537288E+003
  0.25726889E+005  0.18554100E+003
  0.25744046E+005  0.18570876E+003
  0.25761213E+005  0.18587615E+003
  0.25778393E+005  0.18604317E+003
  0.25795583E+005  0.18620982E+003
  0.25812786E+005  0.18637611E+003
  0.25829999E+005  0.18654202E+003
  0.25847224E+005  0.18670756E+003
  0.25864461E+005  0.18687272E+003
  0.25881709E+005  0.18703752E+003
  0.25898969E+005  0.18720194E+003
  0.25916240E+005  0.18736598E+003
  0.25933523E+005  0.18752965E+003
  0.25950817E+005  0.18769294E+003
  0.25968123E+005  0.18785585E+003
  0.25985440E+005  0.18801838E+003
  0.26002769E+005  0.18818054E+003
  0.26020109E+005  0.18834231E+003
  0.26037461E+005  0.18850370E+003
  0.26054825E+005  0.18866471E+003
  0.26072200E+005  0.18882534E+003
  0.26089586E+005  0.18898558E+003
  0.26106985E+005  0.18914544E+003
  0.26124395E+005  0.18930491E+003
  0.26141816E+005  0.18946400E+003
  0.26159249E+005  0.18962270E+003
  0.26176694E+005  0.18978101E+003
  0.26194150E+005  0.18993893E+003
  0.26211618E+005  0.19009646E+003
  0.26229098E+005  0.19025360E+003
  0.26246589E+005  0.19041035E+003
  0.26264092E+005  0.19056671E+003
  0.26281607E+005  0.19072268E+003
  0.26299133E+005  0.19087825E+003
  0.26316671E+005  0.19103342E+003
  0.26334221E+005  0.19118820E+003
  0.26351782E+005  0.19134259E+003
  0.26369355E+005  0.19149658E+003
  0.26386940E+005  0.19165017E+003
  0.26404537E+005  0.19180336E+003
  0.26422145E+005  0.19195615E+003
  0.26439765E+005  0.19210854E+003
  0.26457397E+005  0.19226053E+003
  0.26475041E+005  0.19241212E+003
  0.26492696E+005  0.19256331E+003
  0.26510363E+005  0.19271409E+003
  0.26528042E+005  0.19286447E+003
  0.26545733E+005  0.19301444E+003
  0.26563435E+005  0.19316401E+003
  0.26581149E+005  0.19331317E+003
  0.26598875E+005  0.19346193E+003
  0.26616613E+005  0.19361027E+003
  0.26634363E+005  0.19375821E+003
  0.26652125E+005  0.19390574E+003
  0.26669898E+005  0.19405286E+003
  0.26687683E+005  0.19419957E+003
  0.26705480E+005  0.19434587E+003
  0.26723289E+005  0.19449175E+003
  0.26741110E+005  0.19463722E+003
  0.26758943E+005  0.19478228E+003
  0.26776788E+005  0.19492693E+003
  0.26794644E+005  0.19507115E+003
  0.26812513E+005  0.19521497E+003
  0.26830393E+005  0.19535836E+003
  0.26848285E+005  0.19550134E+003
  0.26866190E+005  0.19564390E+003
  0.26884106E+005  0.19578604E+003
  0.26902034E+005  0.19592777E+003
  0.26919974E+005  0.19606907E+003
  0.26937926E+005  0.19620995E+003
  0.26955890E+005  0.19635041E+003
  0.26973866E+005  0.19649045E+003
  0.26991854E+005  0.19663007E+003
  0.27009854E+005  0.19676926E+003
  0.27027866E+005  0.19690803E+003
  0.27045890E+005  0.19704637E+003
  0.27063926E+005  0.19718429E+003
  0.27081974E+005  0.19732178E+003
  0.27100034E+005  0.19745885E+003
  0.27118106E+005  0.19759549E+003
  0.27136190E+005  0.19773169E+003
  0.27154286E+005  0.19786748E+003
  0.27172395E+005  0.19800283E+003
  0.27190515E+005  0.19813775E+003
  0.27208648E+005  0.19827224E+003
  0.27226792E+005  0.19840630E+003
  0.27244949E+005  0.19853993E+003
  0.27263117E+005  0.19867312E+003
  0.27281298E+005  0.19880589E+003
  0.27299491E+005  0.19893821E+003
  0.27317696E+005  0.19907011E+003
  0.27335914E+005  0.19920157E+003
  0.27354143E+005  0.19933259E+003
  0.27372385E+005  0.19946318E+003
  0.27390638E+005  0.19959333E+003
  0.27408904E+005  0.19972304E+003
  0.27427182E+005  0.19985232E+003
  0.27445473E+005  0.19998115E+003
  0.27463775E+005  0.20010955E+003
  0.27482090E+005  0.20023751E+003
  0.27500417E+005  0.20036503E+003
  0.27518756E+005  0.20049210E+003
  0.27537107E+005  0.20061874E+003
  0.27555471E+005  0.20074493E+003
  0.27573847E+005  0.20087068E+003
  0.27592235E+005  0.20099599E+003
  0.27610635E+005  0.20112085E+003
  0.27629048E+005  0.20124527E+003
  0.27647473E+005  0.20136925E+003
  0.27665910E+005  0.20149278E+003
  0.27684359E+005  0.20161586E+003
  0.27702821E+005  0.20173850E+003
  0.27721295E+005  0.20186069E+003
  0.27739781E+005  0.20198243E+003
  0.27758280E+005  0.20210372E+003
  0.27776791E+005  0.20222457E+003
  0.27795315E+005  0.20234497E+003
  0.27813850E+005  0.20246491E+003
  0.27832399E+005  0.20258441E+003
  0.27850959E+005  0.20270346E+003
  0.27869532E+005  0.20282205E+003
  0.27888117E+005  0.20294020E+003
  0.27906715E+005  0.20305789E+003
  0.27925325E+005  0.20317513E+003
  0.27943947E+005  0.20329191E+003
  0.27962582E+005  0.20340824E+003
  0.27981230E+005  0.20352412E+003
  0.27999889E+005  0.20363955E+003
  0.28018562E+005  0.20375452E+003
  0.28037246E+005  0.20386903E+003
  0.28055943E+005  0.20398309E+003
  0.28074653E+005  0.20409669E+003
  0.28093375E+005  0.20420983E+003
  0.28112109E+005  0.20432252E+003
  0.28130857E+005  0.20443474E+003
  0.28149616E+005  0.20454651E+003
  0.28168388E+005  0.20465783E+003
  0.28187173E+005  0.20476868E+003
  0.28205970E+005  0.20487907E+003
  0.28224779E+005  0.20498900E+003
  0.28243602E+005  0.20509847E+003
  0.28262436E+005  0.20520749E+003
  0.28281284E+005  0.20531604E+003
  0.28300143E+005  0.20542412E+003
  0.28319016E+005  0.20553175E+003
  0.28337901E+005  0.20563891E+003
  0.28356798E+005  0.20574561E+003
  0.28375709E+005  0.20585185E+003
  0.28394631E+005  0.20595762E+003
  0.28413567E+005  0.20606293E+003
  0.28432515E+005  0.20616777E+003
  0.28451476E+005  0.20627215E+003
  0.28470449E+005  0.20637607E+003
  0.28489435E+005  0.20647951E+003
  0.28508434E+005  0.20658250E+003
  0.28527445E+005  0.20668501E+003
  0.28546469E+005  0.20678706E+003
  0.28565506E+005  0.20688864E+003
  0.28584555E+005  0.20698975E+003
  0.28603617E+005  0.20709040E+003
  0.28622692E+005  0.20719057E+003
  0.28641779E+005  0.20729028E+003
  0.28660880E+005  0.20738952E+003
  0.28679993E+005  0.20748829E+003
  0.28699118E+005  0.20758659E+003
  0.28718257E+005  0.20768442E+003
  0.28737408E+005  0.20778178E+003
  0.28756572E+005  0.20787867E+003
  0.28775749E+005  0.20797508E+003
  0.28794939E+005  0.20807103E+003
  0.28814141E+005  0.20816650E+003
  0.28833356E+005  0.20826150E+003
  0.28852584E+005  0.20835603E+003
  0.28871825E+005  0.20845009E+003
  0.28891079E+005  0.20854367E+003
  0.28910345E+005  0.20863678E+003
  0.28929624E+005  0.20872942E+003
  0.28948917E+005  0.20882158E+003
  0.28968222E+005  0.20891327E+003
  0.28987540E+005  0.20900448E+003
  0.29006870E+005  0.20909522E+003
  0.29026214E+005  0.20918548E+003
  0.29045571E+005  0.20927527E+003
  0.29064940E+005  0.20936458E+003
  0.29084323E+005  0.20945342E+003
  0.29103718E+005  0.20954178E+003
  0.29123126E+005  0.20962966E+003
  0.29142548E+005  0.20971707E+003
  0.29161982E+005  0.20980400E+003
  0.29181429E+005  0.20989045E+003
  0.29200889E+005  0.20997643E+003
  0.29220362E+005  0.21006192E+003
  0.29239848E+005  0.21014694E+003
  0.29259347E+005  0.21023148E+003
  0.29278860E+005  0.21031555E+003
  0.29298385E+005  0.21039913E+003
  0.29317923E+005  0.21048223E+003
  0.29337474E+005  0.21056486E+003
  0.29357038E+005  0.21064701E+003
  0.29376615E+005  0.21072867E+003
  0.29396206E+005  0.21080986E+003
  0.29415809E+005  0.21089057E+003
  0.29435425E+005  0.21097079E+003
  0.29455055E+005  0.21105054E+003
  0.29474697E+005  0.21112980E+003
  0.29494353E+005  0.21120859E+003
  0.29514022E+005  0.21128689E+003
  0.29533704E+005  0.21136471E+003
  0.29553399E+005  0.21144205E+003
  0.29573107E+005  0.21151891E+003
  0.29592828E+005  0.21159529E+003
  0.29612563E+005  0.21167119E+003
  0.29632310E+005  0.21174660E+003
  0.29652071E+005  0.21182153E+003
  0.29671845E+005  0.21189598E+003
  0.29691632E+005  0.21196994E+003
  0.29711433E+005  0.21204343E+003
  0.29731246E+005  0.21211643E+003
  0.29751073E+005  0.21218894E+003
  0.29770913E+005  0.21226098E+003
  0.29790766E+005  0.21233253E+003
  0.29810633E+005  0.21240360E+003
  0.29830513E+005  0.21247418E+003
  0.29850406E+005  0.21254428E+003
  0.29870312E+005  0.21261390E+003
  0.29890231E+005  0.21268303E+003
  0.29910164E+005  0.21275168E+003
  0.29930110E+005  0.21281984E+003
  0.29950070E+005  0.21288752E+003
  0.29970042E+005  0.21295471E+003
  0.29990028E+005  0.21302142E+003
  0.30010028E+005  0.21308765E+003
  0.30030040E+005  0.21315339E+003
  0.30050066E+005  0.21321864E+003
  0.30070106E+005  0.21328341E+003
  0.30090159E+005  0.21334770E+003
  0.30110225E+005  0.21341150E+003
  0.30130304E+005  0.21347481E+003
  0.30150397E+005  0.21353764E+003
  0.30170503E+005  0.21359999E+003
  0.30190623E+005  0.21366185E+003
  0.30210756E+005  0.21372322E+003
  0.30230903E+005  0.21378411E+003
  0.30251063E+005  0.21384451E+003
  0.30271236E+005  0.21390443E+003
  0.30291423E+005  0.21396386E+003
  0.30311623E+005  0.21402280E+003
  0.30331837E+005  0.21408126E+003
  0.30352064E+005  0.21413924E+003
  0.30372305E+005  0.21419672E+003
  0.30392560E+005  0.21425372E+003
  0.30412827E+005  0.21431024E+003
  0.30433109E+005  0.21436627E+003
  0.30453403E+005  0.21442181E+003
  0.30473712E+005  0.21447687E+003
  0.30494034E+005  0.21453144E+003
  0.30514369E+005  0.21458553E+003
  0.30534718E+005  0.21463912E+003
  0.30555081E+005  0.21469224E+003
  0.30575457E+005  0.21474486E+003
  0.30595847E+005  0.21479700E+003
  0.30616250E+005  0.21484866E+003
  0.30636667E+005  0.21489983E+003
  0.30657098E+005  0.21495051E+003
  0.30677542E+005  0.21500070E+003
  0.30698000E+005  0.21505041E+003
  0.30718471E+005  0.21509964E+003
  0.30738956E+005  0.21514837E+003
  0.30759455E+005  0.21519663E+003
  0.30779967E+005  0.21524439E+003
  0.30800494E+005  0.21529167E+003
  0.30821033E+005  0.21533846E+003
  0.30841587E+005  0.21538477E+003
  0.30862154E+005  0.21543059E+003
  0.30882735E+005  0.21547593E+003
  0.30903330E+005  0.21552078E+003
  0.30923938E+005  0.21556514E+003
  0.30944560E+005  0.21560902E+003
  0.30965196E+005  0.21565242E+003
  0.30985846E+005  0.21569532E+003
  0.31006509E+005  0.21573775E+003
  0.31027186E+005  0.21577968E+003
  0.31047877E+005  0.21582114E+003
  0.31068582E+005  0.21586210E+003
  0.31089301E+005  0.21590258E+003
  0.31110033E+005  0.21594258E+003
  0.31130780E+005  0.21598209E+003
  0.31151540E+005  0.21602112E+003
  0.31172314E+005  0.21605966E+003
  0.31193101E+005  0.21609772E+003
  0.31213903E+005  0.21613529E+003
  0.31234718E+005  0.21617238E+003
  0.31255548E+005  0.21620898E+003
  0.31276391E+005  0.21624510E+003
  0.31297248E+005  0.21628073E+003
  0.31318119E+005  0.21631588E+003
  0.31339004E+005  0.21635055E+003
  0.31359903E+005  0.21638473E+003
  0.31380816E+005  0.21641843E+003
  0.31401743E+005  0.21645165E+003
  0.31422684E+005  0.21648438E+003
  0.31443639E+005  0.21651663E+003
  0.31464607E+005  0.21654840E+003
  0.31485590E+005  0.21657968E+003
  0.31506587E+005  0.21661048E+003
  0.31527597E+005  0.21664080E+003
  0.31548622E+005  0.21667063E+003
  0.31569661E+005  0.21669999E+003
  0.31590714E+005  0.21672886E+003
  0.31611780E+005  0.21675724E+003
  0.31632861E+005  0.21678515E+003
  0.31653956E+005  0.21681257E+003
  0.31675065E+005  0.21683952E+003
  0.31696188E+005  0.21686598E+003
  0.31717325E+005  0.21689196E+003
  0.31738477E+005  0.21691746E+003
  0.31759642E+005  0.21694248E+003
  0.31780821E+005  0.21696702E+003
  0.31802015E+005  0.21699107E+003
  0.31823223E+005  0.21701465E+003
  0.31844444E+005  0.21703775E+003
  0.31865680E+005  0.21706036E+003
  0.31886931E+005  0.21708250E+003
  0.31908195E+005  0.21710416E+003
  0.31929473E+005  0.21712534E+003
  0.31950766E+005  0.21714604E+003
  0.31972073E+005  0.21716626E+003
  0.31993394E+005  0.21718600E+003
  0.32014729E+005  0.21720526E+003
  0.32036079E+005  0.21722405E+003
  0.32057443E+005  0.21724236E+003
  0.32078821E+005  0.21726019E+003
  0.32100213E+005  0.21727754E+003
  0.32121620E+005  0.21729442E+003
  0.32143041E+005  0.21731081E+003
  0.32164476E+005  0.21732674E+003
  0.32185925E+005  0.21734218E+003
  0.32207389E+005  0.21735715E+003
  0.32228867E+005  0.21737164E+003
  0.32250359E+005  0.21738566E+003
  0.32271866E+005  0.21739920E+003
  0.32293387E+005  0.21741227E+003
  0.32314922E+005  0.21742486E+003
  0.32336472E+005  0.21743698E+003
  0.32358036E+005  0.21744862E+003
  0.32379615E+005  0.21745979E+003
  0.32401208E+005  0.21747048E+003
  0.32422815E+005  0.21748070E+003
  0.32444437E+005  0.21749045E+003
  0.32466073E+005  0.21749972E+003
  0.32487723E+005  0.21750852E+003
  0.32509388E+005  0.21751685E+003
  0.32531068E+005  0.21752471E+003
  0.32552761E+005  0.21753209E+003
  0.32574470E+005  0.21753901E+003
  0.32596193E+005  0.21754545E+003
  0.32617930E+005  0.21755142E+003
  0.32639682E+005  0.21755692E+003
  0.32661448E+005  0.21756195E+003
  0.32683229E+005  0.21756651E+003
  0.32705024E+005  0.21757060E+003
  0.32726834E+005  0.21757423E+003
  0.32748659E+005  0.21757738E+003
  0.32770498E+005  0.21758006E+003
  0.32792351E+005  0.21758228E+003
  0.32814219E+005  0.21758402E+003
  0.32836102E+005  0.21758530E+003
  0.32857999E+005  0.21758611E+003
  0.32879911E+005  0.21758646E+003
  0.32901838E+005  0.21758634E+003
  0.32923779E+005  0.21758575E+003
  0.32945735E+005  0.21758469E+003
  0.32967705E+005  0.21758318E+003
  0.32989690E+005  0.21758119E+003
  0.33011690E+005  0.21757874E+003
  0.33033704E+005  0.21757583E+003
  0.33055733E+005  0.21757245E+003
  0.33077777E+005  0.21756860E+003
  0.33099836E+005  0.21756430E+003
  0.33121909E+005  0.21755953E+003
  0.33143997E+005  0.21755430E+003
  0.33166099E+005  0.21754860E+003
  0.33188217E+005  0.21754244E+003
  0.33210349E+005  0.21753583E+003
  0.33232496E+005  0.21752875E+003
  0.33254657E+005  0.21752121E+003
  0.33276834E+005  0.21751321E+003
  0.33299025E+005  0.21750474E+003
  0.33321231E+005  0.21749582E+003
  0.33343452E+005  0.21748644E+003
  0.33365687E+005  0.21747661E+003
  0.33387938E+005  0.21746631E+003
  0.33410203E+005  0.21745555E+003
  0.33432483E+005  0.21744434E+003
  0.33454778E+005  0.21743267E+003
  0.33477088E+005  0.21742054E+003
  0.33499413E+005  0.21740796E+003
  0.33521753E+005  0.21739492E+003
  0.33544107E+005  0.21738143E+003
  0.33566477E+005  0.21736748E+003
  0.33588861E+005  0.21735307E+003
  0.33611260E+005  0.21733821E+003
  0.33633674E+005  0.21732290E+003
  0.33656104E+005  0.21730714E+003
  0.33678548E+005  0.21729092E+003
  0.33701007E+005  0.21727424E+003
  0.33723481E+005  0.21725712E+003
  0.33745970E+005  0.21723955E+003
  0.33768474E+005  0.21722152E+003
  0.33790993E+005  0.21720304E+003
  0.33813527E+005  0.21718411E+003
  0.33836076E+005  0.21716474E+003
  0.33858641E+005  0.21714491E+003
  0.33881220E+005  0.21712463E+003
  0.33903814E+005  0.21710391E+003
  0.33926423E+005  0.21708274E+003
  0.33949048E+005  0.21706112E+003
  0.33971687E+005  0.21703905E+003
  0.33994342E+005  0.21701654E+003
  0.34017011E+005  0.21699358E+003
  0.34039696E+005  0.21697017E+003
  0.34062396E+005  0.21694632E+003
  0.34085111E+005  0.21692202E+003
  0.34107842E+005  0.21689729E+003
  0.34130587E+005  0.21687210E+003
  0.34153347E+005  0.21684648E+003
  0.34176123E+005  0.21682041E+003
  0.34198914E+005  0.21679389E+003
  0.34221720E+005  0.21676694E+003
  0.34244542E+005  0.21673955E+003
  0.34267378E+005  0.21671171E+003
  0.34290230E+005  0.21668344E+003
  0.34313097E+005  0.21665472E+003
  0.34335979E+005  0.21662557E+003
  0.34358877E+005  0.21659597E+003
  0.34381789E+005  0.21656594E+003
  0.34404718E+005  0.21653547E+003
  0.34427661E+005  0.21650457E+003
  0.34450620E+005  0.21647322E+003
  0.34473594E+005  0.21644144E+003
  0.34496583E+005  0.21640923E+003
  0.34519587E+005  0.21637658E+003
  0.34542607E+005  0.21634350E+003
  0.34565643E+005  0.21630998E+003
  0.34588693E+005  0.21627603E+003
  0.34611759E+005  0.21624164E+003
  0.34634841E+005  0.21620682E+003
  0.34657938E+005  0.21617157E+003
  0.34681050E+005  0.21613589E+003
  0.34704178E+005  0.21609978E+003
  0.34727321E+005  0.21606324E+003
  0.34750479E+005  0.21602627E+003
  0.34773653E+005  0.21598887E+003
  0.34796842E+005  0.21595104E+003
  0.34820047E+005  0.21591278E+003
  0.34843268E+005  0.21587410E+003
  0.34866503E+005  0.21583498E+003
  0.34889755E+005  0.21579545E+003
  0.34913022E+005  0.21575548E+003
  0.34936304E+005  0.21571509E+003
  0.34959602E+005  0.21567428E+003
  0.34982915E+005  0.21563304E+003
  0.35006244E+005  0.21559138E+003
  0.35029589E+005  0.21554929E+003
  0.35052949E+005  0.21550679E+003
  0.35076324E+005  0.21546386E+003
  0.35099716E+005  0.21542051E+003
  0.35123122E+005  0.21537674E+003
  0.35146545E+005  0.21533255E+003
  0.35169983E+005  0.21528794E+003
  0.35193437E+005  0.21524291E+003
  0.35216906E+005  0.21519746E+003
  0.35240391E+005  0.21515159E+003
  0.35263892E+005  0.21510531E+003
  0.35287408E+005  0.21505861E+003
  0.35310940E+005  0.21501150E+003
  0.35334488E+005  0.21496397E+003
  0.35358051E+005  0.21491602E+003
  0.35381630E+005  0.21486766E+003
  0.35405225E+005  0.21481889E+003
  0.35428835E+005  0.21476970E+003
  0.35452462E+005  0.21472011E+003
  0.35476104E+005  0.21467010E+003
  0.35499762E+005  0.21461967E+003
  0.35523435E+005  0.21456884E+003
  0.35547125E+005  0.21451760E+003
  0.35570830E+005  0.21446595E+003
  0.35594551E+005  0.21441389E+003
  0.35618288E+005  0.21436142E+003
  0.35642040E+005  0.21430855E+003
  0.35665809E+005  0.21425527E+003
  0.35689593E+005  0.21420158E+003
  0.35713393E+005  0.21414749E+003
  0.35737209E+005  0.21409299E+003
  0.35761041E+005  0.21403809E+003
  0.35784889E+005  0.21398278E+003
  0.35808753E+005  0.21392707E+003
  0.35832633E+005  0.21387096E+003
  0.35856528E+005  0.21381445E+003
  0.35880440E+005  0.21375753E+003
  0.35904367E+005  0.21370022E+003
  0.35928311E+005  0.21364250E+003
  0.35952270E+005  0.21358439E+003
  0.35976245E+005  0.21352588E+003
  0.36000237E+005  0.21346697E+003
  0.36024244E+005  0.21340766E+003
  0.36048267E+005  0.21334796E+003
  0.36072307E+005  0.21328786E+003
  0.36096362E+005  0.21322736E+003
  0.36120434E+005  0.21316647E+003
  0.36144521E+005  0.21310519E+003
  0.36168625E+005  0.21304351E+003
  0.36192744E+005  0.21298145E+003
  0.36216880E+005  0.21291898E+003
  0.36241032E+005  0.21285613E+003
  0.36265200E+005  0.21279289E+003
  0.36289384E+005  0.21272926E+003
  0.36313584E+005  0.21266524E+003
  0.36337801E+005  0.21260083E+003
  0.36362033E+005  0.21253603E+003
  0.36386282E+005  0.21247084E+003
  0.36410546E+005  0.21240527E+003
  0.36434827E+005  0.21233931E+003
  0.36459125E+005  0.21227297E+003
  0.36483438E+005  0.21220624E+003
  0.36507768E+005  0.21213913E+003
  0.36532113E+005  0.21207163E+003
  0.36556475E+005  0.21200376E+003
  0.36580854E+005  0.21193550E+003
  0.36605248E+005  0.21186686E+003
  0.36629659E+005  0.21179784E+003
  0.36654086E+005  0.21172844E+003
  0.36678530E+005  0.21165866E+003
  0.36702989E+005  0.21158850E+003
  0.36727465E+005  0.21151797E+003
  0.36751958E+005  0.21144706E+003
  0.36776466E+005  0.21137577E+003
  0.36800991E+005  0.21130410E+003
  0.36825533E+005  0.21123207E+003
  0.36850090E+005  0.21115965E+003
  0.36874664E+005  0.21108687E+003
  0.36899255E+005  0.21101371E+003
  0.36923862E+005  0.21094018E+003
  0.36948485E+005  0.21086628E+003
  0.36973125E+005  0.21079201E+003
  0.36997781E+005  0.21071736E+003
  0.37022454E+005  0.21064235E+003
  0.37047143E+005  0.21056697E+003
  0.37071848E+005  0.21049123E+003
  0.37096570E+005  0.21041511E+003
  0.37121309E+005  0.21033863E+003
  0.37146064E+005  0.21026178E+003
  0.37170835E+005  0.21018457E+003
  0.37195623E+005  0.21010700E+003
  0.37220428E+005  0.21002906E+003
  0.37245249E+005  0.20995076E+003
  0.37270086E+005  0.20987210E+003
  0.37294940E+005  0.20979307E+003
  0.37319811E+005  0.20971369E+003
  0.37344698E+005  0.20963394E+003
  0.37369602E+005  0.20955384E+003
  0.37394523E+005  0.20947338E+003
  0.37419460E+005  0.20939256E+003
  0.37444414E+005  0.20931138E+003
  0.37469384E+005  0.20922985E+003
  0.37494371E+005  0.20914796E+003
  0.37519375E+005  0.20906572E+003
  0.37544396E+005  0.20898313E+003
  0.37569433E+005  0.20890018E+003
  0.37594486E+005  0.20881687E+003
  0.37619557E+005  0.20873322E+003
  0.37644644E+005  0.20864922E+003
  0.37669748E+005  0.20856486E+003
  0.37694869E+005  0.20848016E+003
  0.37720006E+005  0.20839511E+003
  0.37745161E+005  0.20830971E+003
  0.37770332E+005  0.20822396E+003
  0.37795519E+005  0.20813787E+003
  0.37820724E+005  0.20805143E+003
  0.37845945E+005  0.20796464E+003
  0.37871183E+005  0.20787752E+003
  0.37896439E+005  0.20779004E+003
  0.37921710E+005  0.20770223E+003
  0.37946999E+005  0.20761407E+003
  0.37972305E+005  0.20752558E+003
  0.37997627E+005  0.20743674E+003
  0.38022967E+005  0.20734756E+003
  0.38048323E+005  0.20725805E+003
  0.38073696E+005  0.20716819E+003
  0.38099086E+005  0.20707800E+003
  0.38124493E+005  0.20698747E+003
  0.38149917E+005  0.20689661E+003
  0.38175358E+005  0.20680541E+003
  0.38200816E+005  0.20671388E+003
  0.38226291E+005  0.20662201E+003
  0.38251782E+005  0.20652981E+003
  0.38277291E+005  0.20643728E+003
  0.38302817E+005  0.20634442E+003
  0.38328360E+005  0.20625122E+003
  0.38353920E+005  0.20615770E+003
  0.38379497E+005  0.20606385E+003
  0.38405091E+005  0.20596967E+003
  0.38430702E+005  0.20587516E+003
  0.38456330E+005  0.20578033E+003
  0.38481975E+005  0.20568517E+003
  0.38507638E+005  0.20558969E+003
  0.38533317E+005  0.20549388E+003
  0.38559014E+005  0.20539775E+003
  0.38584727E+005  0.20530129E+003
  0.38610458E+005  0.20520452E+003
  0.38636206E+005  0.20510742E+003
  0.38661972E+005  0.20501000E+003
  0.38687754E+005  0.20491226E+003
  0.38713554E+005  0.20481421E+003
  0.38739370E+005  0.20471583E+003
  0.38765204E+005  0.20461714E+003
  0.38791056E+005  0.20451813E+003
  0.38816924E+005  0.20441881E+003
  0.38842810E+005  0.20431917E+003
  0.38868713E+005  0.20421922E+003
  0.38894633E+005  0.20411896E+003
  0.38920570E+005  0.20401838E+003
  0.38946525E+005  0.20391749E+003
  0.38972497E+005  0.20381629E+003
  0.38998487E+005  0.20371478E+003
  0.39024494E+005  0.20361296E+003
  0.39050518E+005  0.20351083E+003
  0.39076559E+005  0.20340839E+003
  0.39102618E+005  0.20330565E+003
  0.39128694E+005  0.20320260E+003
  0.39154788E+005  0.20309925E+003
  0.39180899E+005  0.20299559E+003
  0.39207028E+005  0.20289163E+003
  0.39233173E+005  0.20278736E+003
  0.39259337E+005  0.20268279E+003
  0.39285517E+005  0.20257793E+003
  0.39311716E+005  0.20247276E+003
  0.39337931E+005  0.20236729E+003
  0.39364164E+005  0.20226152E+003
  0.39390415E+005  0.20215545E+003
  0.39416683E+005  0.20204909E+003
  0.39442969E+005  0.20194243E+003
  0.39469272E+005  0.20183547E+003
  0.39495593E+005  0.20172822E+003
  0.39521931E+005  0.20162068E+003
  0.39548287E+005  0.20151284E+003
  0.39574660E+005  0.20140471E+003
  0.39601051E+005  0.20129629E+003
  0.39627460E+005  0.20118757E+003
  0.39653886E+005  0.20107857E+003
  0.39680330E+005  0.20096928E+003
  0.39706792E+005  0.20085969E+003
  0.39733271E+005  0.20074983E+003
  0.39759768E+005  0.20063967E+003
  0.39786282E+005  0.20052923E+003
  0.39812814E+005  0.20041850E+003
  0.39839364E+005  0.20030749E+003
  0.39865932E+005  0.20019619E+003
  0.39892517E+005  0.20008461E+003
  0.39919120E+005  0.19997275E+003
  0.39945741E+005  0.19986061E+003
  0.39972379E+005  0.19974819E+003
  0.39999035E+005  0.19963549E+003
  0.40025709E+005  0.19952251E+003
  0.40052401E+005  0.19940925E+003
  0.40079111E+005  0.19929571E+003
  0.40105838E+005  0.19918190E+003
  0.40132583E+005  0.19906782E+003
  0.40159347E+005  0.19895345E+003
  0.40186127E+005  0.19883882E+003
  0.40212926E+005  0.19872391E+003
  0.40239743E+005  0.19860873E+003
  0.40266577E+005  0.19849327E+003
  0.40293430E+005  0.19837755E+003
  0.40320300E+005  0.19826156E+003
  0.40347189E+005  0.19814529E+003
  0.40374095E+005  0.19802876E+003
  0.40401019E+005  0.19791197E+003
  0.40427961E+005  0.19779490E+003
  0.40454921E+005  0.19767757E+003
  0.40481899E+005  0.19755998E+003
  0.40508895E+005  0.19744212E+003
  0.40535909E+005  0.19732399E+003
  0.40562941E+005  0.19720561E+003
  0.40589991E+005  0.19708696E+003
  0.40617059E+005  0.19696805E+003
  0.40644146E+005  0.19684889E+003
  0.40671250E+005  0.19672946E+003
  0.40698372E+005  0.19660977E+003
  0.40725512E+005  0.19648983E+003
  0.40752671E+005  0.19636963E+003
  0.40779848E+005  0.19624917E+003
  0.40807042E+005  0.19612846E+003
  0.40834255E+005  0.19600750E+003
  0.40861486E+005  0.19588628E+003
  0.40888735E+005  0.19576481E+003
  0.40916003E+005  0.19564308E+003
  0.40943288E+005  0.19552111E+003
  0.40970592E+005  0.19539889E+003
  0.40997914E+005  0.19527641E+003
  0.41025254E+005  0.19515369E+003
  0.41052612E+005  0.19503072E+003
  0.41079989E+005  0.19490750E+003
  0.41107384E+005  0.19478404E+003
  0.41134797E+005  0.19466033E+003
  0.41162228E+005  0.19453638E+003
  0.41189678E+005  0.19441218E+003
  0.41217146E+005  0.19428774E+003
  0.41244632E+005  0.19416306E+003
  0.41272137E+005  0.19403813E+003
  0.41299660E+005  0.19391297E+003
  0.41327202E+005  0.19378757E+003
  0.41354761E+005  0.19366193E+003
  0.41382339E+005  0.19353605E+003
  0.41409936E+005  0.19340993E+003
  0.41437551E+005  0.19328358E+003
  0.41465184E+005  0.19315699E+003
  0.41492836E+005  0.19303017E+003
  0.41520506E+005  0.19290311E+003
  0.41548195E+005  0.19277582E+003
  0.41575902E+005  0.19264830E+003
  0.41603627E+005  0.19252055E+003
  0.41631371E+005  0.19239256E+003
  0.41659134E+005  0.19226435E+003
  0.41686915E+005  0.19213591E+003
  0.41714715E+005  0.19200723E+003
  0.41742533E+005  0.19187834E+003
  0.41770370E+005  0.19174921E+003
  0.41798225E+005  0.19161986E+003
  0.41826099E+005  0.19149029E+003
  0.41853991E+005  0.19136049E+003
  0.41881902E+005  0.19123047E+003
  0.41909832E+005  0.19110022E+003
  0.41937780E+005  0.19096976E+003
  0.41965747E+005  0.19083907E+003
  0.41993733E+005  0.19070816E+003
  0.42021737E+005  0.19057704E+003
  0.42049760E+005  0.19044570E+003
  0.42077801E+005  0.19031413E+003
  0.42105862E+005  0.19018236E+003
  0.42133941E+005  0.19005036E+003
  0.42162038E+005  0.18991816E+003
  0.42190155E+005  0.18978573E+003
  0.42218290E+005  0.18965310E+003
  0.42246444E+005  0.18952025E+003
  0.42274617E+005  0.18938719E+003
  0.42302808E+005  0.18925392E+003
  0.42331019E+005  0.18912044E+003
  0.42359248E+005  0.18898675E+003
  0.42387496E+005  0.18885285E+003
  0.42415762E+005  0.18871874E+003
  0.42444048E+005  0.18858443E+003
  0.42472353E+005  0.18844991E+003
  0.42500676E+005  0.18831518E+003
  0.42529018E+005  0.18818026E+003
  0.42557379E+005  0.18804512E+003
  0.42585760E+005  0.18790979E+003
  0.42614159E+005  0.18777425E+003
  0.42642577E+005  0.18763851E+003
  0.42671013E+005  0.18750258E+003
  0.42699469E+005  0.18736644E+003
  0.42727944E+005  0.18723010E+003
  0.42756438E+005  0.18709357E+003
  0.42784951E+005  0.18695684E+003
  0.42813483E+005  0.18681991E+003
  0.42842034E+005  0.18668278E+003
  0.42870604E+005  0.18654547E+003
  0.42899193E+005  0.18640796E+003
  0.42927801E+005  0.18627025E+003
  0.42956428E+005  0.18613235E+003
  0.42985074E+005  0.18599427E+003
  0.43013739E+005  0.18585599E+003
  0.43042424E+005  0.18571752E+003
  0.43071127E+005  0.18557886E+003
  0.43099850E+005  0.18544002E+003
  0.43128592E+005  0.18530099E+003
  0.43157353E+005  0.18516177E+003
  0.43186133E+005  0.18502236E+003
  0.43214932E+005  0.18488277E+003
  0.43243751E+005  0.18474300E+003
  0.43272589E+005  0.18460304E+003
  0.43301446E+005  0.18446290E+003
  0.43330322E+005  0.18432258E+003
  0.43359218E+005  0.18418208E+003
  0.43388133E+005  0.18404140E+003
  0.43417067E+005  0.18390053E+003
  0.43446020E+005  0.18375949E+003
  0.43474993E+005  0.18361828E+003
  0.43503985E+005  0.18347688E+003
  0.43532996E+005  0.18333531E+003
  0.43562027E+005  0.18319357E+003
  0.43591077E+005  0.18305165E+003
  0.43620146E+005  0.18290955E+003
  0.43649235E+005  0.18276729E+003
  0.43678343E+005  0.18262485E+003
  0.43707471E+005  0.18248224E+003
  0.43736618E+005  0.18233946E+003
  0.43765785E+005  0.18219651E+003
  0.43794970E+005  0.18205339E+003
  0.43824176E+005  0.18191010E+003
  0.43853401E+005  0.18176665E+003
  0.43882645E+005  0.18162303E+003
  0.43911909E+005  0.18147924E+003
  0.43941192E+005  0.18133529E+003
  0.43970495E+005  0.18119118E+003
  0.43999818E+005  0.18104690E+003
  0.44029160E+005  0.18090246E+003
  0.44058521E+005  0.18075785E+003
  0.44087903E+005  0.18061309E+003
  0.44117303E+005  0.18046817E+003
  0.44146724E+005  0.18032308E+003
  0.44176164E+005  0.18017784E+003
  0.44205623E+005  0.18003244E+003
  0.44235103E+005  0.17988689E+003
  0.44264601E+005  0.17974117E+003
  0.44294120E+005  0.17959531E+003
  0.44323658E+005  0.17944928E+003
  0.44353216E+005  0.17930311E+003
  0.44382794E+005  0.17915678E+003
  0.44412391E+005  0.17901030E+003
  0.44442009E+005  0.17886367E+003
  0.44471645E+005  0.17871688E+003
  0.44501302E+005  0.17856995E+003
  0.44530979E+005  0.17842287E+003
  0.44560675E+005  0.17827564E+003
  0.44590391E+005  0.17812826E+003
  0.44620127E+005  0.17798073E+003
  0.44649882E+005  0.17783306E+003
  0.44679658E+005  0.17768525E+003
  0.44709453E+005  0.17753729E+003
  0.44739268E+005  0.17738918E+003
  0.44769104E+005  0.17724094E+003
  0.44798959E+005  0.17709255E+003
  0.44828834E+005  0.17694402E+003
  0.44858728E+005  0.17679535E+003
  0.44888643E+005  0.17664654E+003
  0.44918578E+005  0.17649759E+003
  0.44948533E+005  0.17634850E+003
  0.44978507E+005  0.17619927E+003
  0.45008502E+005  0.17604991E+003
  0.45038517E+005  0.17590041E+003
  0.45068551E+005  0.17575078E+003
  0.45098606E+005  0.17560102E+003
  0.45128681E+005  0.17545112E+003
  0.45158776E+005  0.17530108E+003
  0.45188890E+005  0.17515092E+003
  0.45219025E+005  0.17500062E+003
  0.45249181E+005  0.17485019E+003
  0.45279356E+005  0.17469964E+003
  0.45309551E+005  0.17454895E+003
  0.45339766E+005  0.17439814E+003
  0.45370002E+005  0.17424720E+003
  0.45400258E+005  0.17409613E+003
  0.45430534E+005  0.17394493E+003
  0.45460830E+005  0.17379362E+003
  0.45491146E+005  0.17364217E+003
  0.45521483E+005  0.17349061E+003
  0.45551839E+005  0.17333892E+003
  0.45582216E+005  0.17318710E+003
  0.45612614E+005  0.17303517E+003
  0.45643031E+005  0.17288312E+003
  0.45673469E+005  0.17273094E+003
  0.45703927E+005  0.17257865E+003
  0.45734406E+005  0.17242624E+003
  0.45764904E+005  0.17227371E+003
  0.45795423E+005  0.17212107E+003
  0.45825963E+005  0.17196830E+003
  0.45856523E+005  0.17181543E+003
  0.45887103E+005  0.17166244E+003
  0.45917703E+005  0.17150933E+003
  0.45948324E+005  0.17135611E+003
  0.45978966E+005  0.17120278E+003
  0.46009628E+005  0.17104934E+003
  0.46040310E+005  0.17089579E+003
  0.46071013E+005  0.17074212E+003
  0.46101736E+005  0.17058835E+003
  0.46132480E+005  0.17043447E+003
  0.46163244E+005  0.17028048E+003
  0.46194029E+005  0.17012639E+003
  0.46224834E+005  0.16997218E+003
  0.46255660E+005  0.16981788E+003
  0.46286506E+005  0.16966346E+003
  0.46317373E+005  0.16950895E+003
  0.46348260E+005  0.16935433E+003
  0.46379169E+005  0.16919960E+003
  0.46410097E+005  0.16904478E+003
  0.46441047E+005  0.16888985E+003
  0.46472017E+005  0.16873483E+003
  0.46503007E+005  0.16857970E+003
  0.46534019E+005  0.16842447E+003
  0.46565051E+005  0.16826915E+003
  0.46596103E+005  0.16811373E+003
  0.46627177E+005  0.16795821E+003
  0.46658271E+005  0.16780260E+003
  0.46689386E+005  0.16764689E+003
  0.46720521E+005  0.16749108E+003
  0.46751678E+005  0.16733519E+003
  0.46782855E+005  0.16717920E+003
  0.46814053E+005  0.16702311E+003
  0.46845271E+005  0.16686694E+003
  0.46876511E+005  0.16671067E+003
  0.46907771E+005  0.16655431E+003
  0.46939052E+005  0.16639787E+003
  0.46970355E+005  0.16624133E+003
  0.47001678E+005  0.16608471E+003
  0.47033021E+005  0.16592800E+003
  0.47064386E+005  0.16577120E+003
  0.47095772E+005  0.16561432E+003
  0.47127178E+005  0.16545735E+003
  0.47158606E+005  0.16530030E+003
  0.47190054E+005  0.16514316E+003
  0.47221524E+005  0.16498594E+003
  0.47253014E+005  0.16482864E+003
  0.47284526E+005  0.16467125E+003
  0.47316058E+005  0.16451379E+003
  0.47347612E+005  0.16435624E+003
  0.47379186E+005  0.16419862E+003
  0.47410782E+005  0.16404091E+003
  0.47442399E+005  0.16388313E+003
  0.47474036E+005  0.16372527E+003
  0.47505695E+005  0.16356733E+003
  0.47537375E+005  0.16340932E+003
  0.47569076E+005  0.16325123E+003
  0.47600799E+005  0.16309307E+003
  0.47632542E+005  0.16293483E+003
  0.47664307E+005  0.16277652E+003
  0.47696092E+005  0.16261814E+003
  0.47727899E+005  0.16245968E+003
  0.47759727E+005  0.16230116E+003
  0.47791577E+005  0.16214256E+003
  0.47823447E+005  0.16198390E+003
  0.47855339E+005  0.16182516E+003
  0.47887252E+005  0.16166636E+003
  0.47919187E+005  0.16150749E+003
  0.47951142E+005  0.16134855E+003
  0.47983119E+005  0.16118954E+003
  0.48015118E+005  0.16103047E+003
  0.48047137E+005  0.16087134E+003
  0.48079179E+005  0.16071214E+003
  0.48111241E+005  0.16055287E+003
  0.48143325E+005  0.16039355E+003
  0.48175430E+005  0.16023416E+003
  0.48207556E+005  0.16007471E+003
  0.48239704E+005  0.15991519E+003
  0.48271874E+005  0.15975562E+003
  0.48304065E+005  0.15959599E+003
  0.48336277E+005  0.15943630E+003
  0.48368511E+005  0.15927655E+003
  0.48400766E+005  0.15911675E+003
  0.48433043E+005  0.15895688E+003
  0.48465342E+005  0.15879696E+003
  0.48497662E+005  0.15863699E+003
  0.48530003E+005  0.15847696E+003
  0.48562366E+005  0.15831688E+003
  0.48594751E+005  0.15815674E+003
  0.48627157E+005  0.15799655E+003
  0.48659585E+005  0.15783631E+003
  0.48692034E+005  0.15767601E+003
  0.48724505E+005  0.15751567E+003
  0.48756998E+005  0.15735527E+003
  0.48789513E+005  0.15719483E+003
  0.48822049E+005  0.15703433E+003
  0.48854606E+005  0.15687379E+003
  0.48887186E+005  0.15671320E+003
  0.48919787E+005  0.15655257E+003
  0.48952410E+005  0.15639188E+003
  0.48985055E+005  0.15623116E+003
  0.49017721E+005  0.15607038E+003
  0.49050410E+005  0.15590956E+003
  0.49083120E+005  0.15574870E+003
  0.49115852E+005  0.15558780E+003
  0.49148605E+005  0.15542685E+003
  0.49181381E+005  0.15526586E+003
  0.49214178E+005  0.15510483E+003
  0.49246998E+005  0.15494376E+003
  0.49279839E+005  0.15478265E+003
  0.49312702E+005  0.15462150E+003
  0.49345587E+005  0.15446032E+003
  0.49378494E+005  0.15429909E+003
  0.49411423E+005  0.15413783E+003
  0.49444374E+005  0.15397653E+003
  0.49477346E+005  0.15381519E+003
  0.49510341E+005  0.15365382E+003
  0.49543358E+005  0.15349242E+003
  0.49576397E+005  0.15333098E+003
  0.49609458E+005  0.15316950E+003
  0.49642541E+005  0.15300800E+003
  0.49675645E+005  0.15284646E+003
  0.49708772E+005  0.15268489E+003
  0.49741922E+005  0.15252329E+003
  0.49775093E+005  0.15236166E+003
  0.49808286E+005  0.15220000E+003
  0.49841502E+005  0.15203831E+003
  0.49874739E+005  0.15187659E+003
  0.49907999E+005  0.15171484E+003
  0.49941281E+005  0.15155307E+003
  0.49974585E+005  0.15139127E+003
  0.50007912E+005  0.15122944E+003
  0.50041260E+005  0.15106759E+003
  0.50074631E+005  0.15090571E+003
  0.50108024E+005  0.15074381E+003
  0.50141440E+005  0.15058189E+003
  0.50174877E+005  0.15041994E+003
  0.50208337E+005  0.15025797E+003
  0.50241820E+005  0.15009598E+003
  0.50275324E+005  0.14993397E+003
  0.50308851E+005  0.14977194E+003
  0.50342400E+005  0.14960988E+003
  0.50375972E+005  0.14944781E+003
  0.50409566E+005  0.14928572E+003
  0.50443183E+005  0.14912361E+003
  0.50476821E+005  0.14896149E+003
  0.50510483E+005  0.14879935E+003
  0.50544166E+005  0.14863719E+003
  0.50577873E+005  0.14847501E+003
  0.50611601E+005  0.14831282E+003
  0.50645353E+005  0.14815062E+003
  0.50679126E+005  0.14798840E+003
  0.50712923E+005  0.14782617E+003
  0.50746741E+005  0.14766392E+003
  0.50780583E+005  0.14750167E+003
  0.50814446E+005  0.14733940E+003
  0.50848333E+005  0.14717712E+003
  0.50882242E+005  0.14701483E+003
  0.50916174E+005  0.14685253E+003
  0.50950128E+005  0.14669022E+003
  0.50984105E+005  0.14652790E+003
  0.51018105E+005  0.14636558E+003
  0.51052127E+005  0.14620325E+003
  0.51086172E+005  0.14604091E+003
  0.51120239E+005  0.14587856E+003
  0.51154330E+005  0.14571621E+003
  0.51188443E+005  0.14555385E+003
  0.51222579E+005  0.14539149E+003
  0.51256737E+005  0.14522912E+003
  0.51290919E+005  0.14506675E+003
  0.51325123E+005  0.14490438E+003
  0.51359350E+005  0.14474201E+003
  0.51393600E+005  0.14457963E+003
  0.51427873E+005  0.14441726E+003
  0.51462168E+005  0.14425488E+003
  0.51496487E+005  0.14409250E+003
  0.51530828E+005  0.14393012E+003
  0.51565192E+005  0.14376775E+003
  0.51599579E+005  0.14360537E+003
  0.51633989E+005  0.14344300E+003
  0.51668422E+005  0.14328063E+003
  0.51702878E+005  0.14311826E+003
  0.51737357E+005  0.14295590E+003
  0.51771859E+005  0.14279354E+003
  0.51806384E+005  0.14263119E+003
  0.51840932E+005  0.14246884E+003
  0.51875503E+005  0.14230650E+003
  0.51910097E+005  0.14214416E+003
  0.51944714E+005  0.14198183E+003
  0.51979354E+005  0.14181951E+003
  0.52014017E+005  0.14165720E+003
  0.52048704E+005  0.14149490E+003
  0.52083413E+005  0.14133260E+003
  0.52118146E+005  0.14117032E+003
  0.52152902E+005  0.14100804E+003
  0.52187681E+005  0.14084578E+003
  0.52222483E+005  0.14068353E+003
  0.52257309E+005  0.14052129E+003
  0.52292157E+005  0.14035906E+003
  0.52327029E+005  0.14019685E+003
  0.52361924E+005  0.14003465E+003
  0.52396843E+005  0.13987246E+003
  0.52431785E+005  0.13971029E+003
  0.52466750E+005  0.13954813E+003
  0.52501738E+005  0.13938599E+003
  0.52536750E+005  0.13922387E+003
  0.52571785E+005  0.13906176E+003
  0.52606843E+005  0.13889967E+003
  0.52641925E+005  0.13873760E+003
  0.52677030E+005  0.13857554E+003
  0.52712158E+005  0.13841351E+003
  0.52747310E+005  0.13825149E+003
  0.52782486E+005  0.13808949E+003
  0.52817685E+005  0.13792752E+003
  0.52852907E+005  0.13776556E+003
  0.52888153E+005  0.13760363E+003
  0.52923422E+005  0.13744172E+003
  0.52958715E+005  0.13727983E+003
  0.52994031E+005  0.13711796E+003
  0.53029371E+005  0.13695612E+003
  0.53064735E+005  0.13679430E+003
  0.53100122E+005  0.13663250E+003
  0.53135533E+005  0.13647073E+003
  0.53170967E+005  0.13630899E+003
  0.53206425E+005  0.13614727E+003
  0.53241907E+005  0.13598558E+003
  0.53277412E+005  0.13582392E+003
  0.53312941E+005  0.13566228E+003
  0.53348493E+005  0.13550067E+003
  0.53384070E+005  0.13533909E+003
  0.53419670E+005  0.13517754E+003
  0.53455294E+005  0.13501601E+003
  0.53490941E+005  0.13485452E+003
  0.53526612E+005  0.13469306E+003
  0.53562308E+005  0.13453163E+003
  0.53598027E+005  0.13437023E+003
  0.53633769E+005  0.13420886E+003
  0.53669536E+005  0.13404752E+003
  0.53705326E+005  0.13388622E+003
  0.53741141E+005  0.13372495E+003
  0.53776979E+005  0.13356371E+003
  0.53812841E+005  0.13340251E+003
  0.53848727E+005  0.13324135E+003
  0.53884637E+005  0.13308021E+003
  0.53920571E+005  0.13291912E+003
  0.53956528E+005  0.13275806E+003
  0.53992510E+005  0.13259704E+003
  0.54028516E+005  0.13243605E+003
  0.54064546E+005  0.13227510E+003
  0.54100600E+005  0.13211419E+003
  0.54136678E+005  0.13195332E+003
  0.54172780E+005  0.13179249E+003
  0.54208906E+005  0.13163169E+003
  0.54245056E+005  0.13147094E+003
  0.54281230E+005  0.13131023E+003
  0.54317428E+005  0.13114955E+003
  0.54353651E+005  0.13098892E+003
  0.54389897E+005  0.13082833E+003
  0.54426168E+005  0.13066779E+003
  0.54462463E+005  0.13050728E+003
  0.54498782E+005  0.13034682E+003
  0.54535126E+005  0.13018641E+003
  0.54571493E+005  0.13002603E+003
  0.54607885E+005  0.12986570E+003
  0.54644302E+005  0.12970542E+003
  0.54680742E+005  0.12954518E+003
  0.54717207E+005  0.12938499E+003
  0.54753696E+005  0.12922484E+003
  0.54790209E+005  0.12906474E+003
  0.54826747E+005  0.12890469E+003
  0.54863309E+005  0.12874469E+003
  0.54899896E+005  0.12858473E+003
  0.54936507E+005  0.12842482E+003
  0.54973142E+005  0.12826496E+003
  0.55009802E+005  0.12810515E+003
  0.55046486E+005  0.12794539E+003
  0.55083195E+005  0.12778568E+003
  0.55119928E+005  0.12762602E+003
  0.55156685E+005  0.12746641E+003
  0.55193468E+005  0.12730686E+003
  0.55230274E+005  0.12714735E+003
  0.55267105E+005  0.12698790E+003
  0.55303961E+005  0.12682850E+003
  0.55340842E+005  0.12666915E+003
  0.55377747E+005  0.12650986E+003
  0.55414676E+005  0.12635062E+003
  0.55451630E+005  0.12619144E+003
  0.55488609E+005  0.12603231E+003
  0.55525613E+005  0.12587324E+003
  0.55562641E+005  0.12571422E+003
  0.55599694E+005  0.12555526E+003
  0.55636771E+005  0.12539635E+003
  0.55673874E+005  0.12523751E+003
  0.55711001E+005  0.12507871E+003
  0.55748153E+005  0.12491998E+003
  0.55785329E+005  0.12476131E+003
  0.55822530E+005  0.12460269E+003
  0.55859757E+005  0.12444414E+003
  0.55897008E+005  0.12428564E+003
  0.55934284E+005  0.12412720E+003
  0.55971584E+005  0.12396882E+003
  0.56008910E+005  0.12381051E+003
  0.56046260E+005  0.12365225E+003
  0.56083636E+005  0.12349406E+003
  0.56121036E+005  0.12333593E+003
  0.56158461E+005  0.12317786E+003
  0.56195911E+005  0.12301985E+003
  0.56233387E+005  0.12286191E+003
  0.56270887E+005  0.12270403E+003
  0.56308412E+005  0.12254621E+003
  0.56345962E+005  0.12238846E+003
  0.56383537E+005  0.12223077E+003
  0.56421138E+005  0.12207315E+003
  0.56458763E+005  0.12191559E+003
  0.56496414E+005  0.12175810E+003
  0.56534089E+005  0.12160067E+003
  0.56571790E+005  0.12144332E+003
  0.56609516E+005  0.12128602E+003
  0.56647267E+005  0.12112880E+003
  0.56685043E+005  0.12097164E+003
  0.56722844E+005  0.12081455E+003
  0.56760671E+005  0.12065754E+003
  0.56798523E+005  0.12050058E+003
  0.56836400E+005  0.12034370E+003
  0.56874302E+005  0.12018689E+003
  0.56912230E+005  0.12003015E+003
  0.56950182E+005  0.11987348E+003
  0.56988161E+005  0.11971688E+003
  0.57026164E+005  0.11956034E+003
  0.57064193E+005  0.11940389E+003
  0.57102247E+005  0.11924750E+003
  0.57140327E+005  0.11909119E+003
  0.57178432E+005  0.11893494E+003
  0.57216562E+005  0.11877877E+003
  0.57254718E+005  0.11862268E+003
  0.57292899E+005  0.11846666E+003
  0.57331106E+005  0.11831071E+003
  0.57369338E+005  0.11815483E+003
  0.57407596E+005  0.11799904E+003
  0.57445879E+005  0.11784331E+003
  0.57484188E+005  0.11768766E+003
  0.57522522E+005  0.11753209E+003
  0.57560882E+005  0.11737659E+003
  0.57599267E+005  0.11722117E+003
  0.57637678E+005  0.11706583E+003
  0.57676115E+005  0.11691056E+003
  0.57714577E+005  0.11675537E+003
  0.57753065E+005  0.11660026E+003
  0.57791579E+005  0.11644523E+003
  0.57830118E+005  0.11629028E+003
  0.57868683E+005  0.11613540E+003
  0.57907274E+005  0.11598061E+003
  0.57945890E+005  0.11582589E+003
  0.57984532E+005  0.11567125E+003
  0.58023200E+005  0.11551670E+003
  0.58061894E+005  0.11536222E+003
  0.58100614E+005  0.11520783E+003
  0.58139359E+005  0.11505351E+003
  0.58178130E+005  0.11489928E+003
  0.58216927E+005  0.11474513E+003
  0.58255750E+005  0.11459106E+003
  0.58294599E+005  0.11443708E+003
  0.58333474E+005  0.11428318E+003
  0.58372374E+005  0.11412936E+003
  0.58411301E+005  0.11397562E+003
  0.58450254E+005  0.11382197E+003
  0.58489232E+005  0.11366840E+003
  0.58528237E+005  0.11351492E+003
  0.58567267E+005  0.11336152E+003
  0.58606324E+005  0.11320821E+003
  0.58645406E+005  0.11305498E+003
  0.58684515E+005  0.11290184E+003
  0.58723650E+005  0.11274879E+003
  0.58762811E+005  0.11259582E+003
  0.58801998E+005  0.11244294E+003
  0.58841211E+005  0.11229014E+003
  0.58880450E+005  0.11213743E+003
  0.58919715E+005  0.11198481E+003
  0.58959007E+005  0.11183228E+003
  0.58998325E+005  0.11167984E+003
  0.59037669E+005  0.11152748E+003
  0.59077039E+005  0.11137521E+003
  0.59116436E+005  0.11122304E+003
  0.59155858E+005  0.11107095E+003
  0.59195307E+005  0.11091895E+003
  0.59234783E+005  0.11076704E+003
  0.59274284E+005  0.11061523E+003
  0.59313812E+005  0.11046350E+003
  0.59353367E+005  0.11031186E+003
  0.59392948E+005  0.11016032E+003
  0.59432555E+005  0.11000887E+003
  0.59472188E+005  0.10985751E+003
  0.59511848E+005  0.10970624E+003
  0.59551535E+005  0.10955506E+003
  0.59591248E+005  0.10940398E+003
  0.59630987E+005  0.10925299E+003
  0.59670753E+005  0.10910209E+003
  0.59710546E+005  0.10895129E+003
  0.59750365E+005  0.10880058E+003
  0.59790210E+005  0.10864996E+003
  0.59830082E+005  0.10849944E+003
  0.59869981E+005  0.10834901E+003
  0.59909906E+005  0.10819868E+003
  0.59949858E+005  0.10804845E+003
  0.59989837E+005  0.10789830E+003
  0.60029842E+005  0.10774826E+003
  0.60069874E+005  0.10759831E+003
  0.60109932E+005  0.10744846E+003
  0.60150018E+005  0.10729870E+003
  0.60190130E+005  0.10714905E+003
  0.60230269E+005  0.10699948E+003
  0.60270434E+005  0.10685002E+003
  0.60310627E+005  0.10670065E+003
  0.60350846E+005  0.10655139E+003
  0.60391092E+005  0.10640222E+003
  0.60431364E+005  0.10625315E+003
  0.60471664E+005  0.10610417E+003
  0.60511991E+005  0.10595530E+003
  0.60552344E+005  0.10580653E+003
  0.60592724E+005  0.10565785E+003
  0.60633132E+005  0.10550928E+003
  0.60673566E+005  0.10536080E+003
  0.60714027E+005  0.10521243E+003
  0.60754515E+005  0.10506416E+003
  0.60795030E+005  0.10491598E+003
  0.60835573E+005  0.10476791E+003
  0.60876142E+005  0.10461994E+003
  0.60916738E+005  0.10447207E+003
  0.60957361E+005  0.10432431E+003
  0.60998012E+005  0.10417664E+003
  0.61038689E+005  0.10402908E+003
  0.61079394E+005  0.10388162E+003
  0.61120126E+005  0.10373427E+003
  0.61160885E+005  0.10358701E+003
  0.61201671E+005  0.10343986E+003
  0.61242484E+005  0.10329282E+003
  0.61283325E+005  0.10314587E+003
  0.61324193E+005  0.10299904E+003
  0.61365088E+005  0.10285230E+003
  0.61406010E+005  0.10270567E+003
  0.61446960E+005  0.10255915E+003
  0.61487937E+005  0.10241273E+003
  0.61528941E+005  0.10226641E+003
  0.61569973E+005  0.10212021E+003
  0.61611032E+005  0.10197410E+003
  0.61652118E+005  0.10182811E+003
  0.61693232E+005  0.10168221E+003
  0.61734373E+005  0.10153643E+003
  0.61775541E+005  0.10139075E+003
  0.61816737E+005  0.10124518E+003
  0.61857961E+005  0.10109972E+003
  0.61899212E+005  0.10095436E+003
  0.61940491E+005  0.10080911E+003
  0.61981797E+005  0.10066397E+003
  0.62023130E+005  0.10051894E+003
  0.62064491E+005  0.10037401E+003
  0.62105880E+005  0.10022920E+003
  0.62147296E+005  0.10008449E+003
  0.62188740E+005  0.99939892E+002
  0.62230212E+005  0.99795402E+002
  0.62271711E+005  0.99651022E+002
  0.62313238E+005  0.99506751E+002
  0.62354793E+005  0.99362590E+002
  0.62396375E+005  0.99218539E+002
  0.62437985E+005  0.99074598E+002
  0.62479623E+005  0.98930767E+002
  0.62521289E+005  0.98787048E+002
  0.62562982E+005  0.98643438E+002
  0.62604703E+005  0.98499940E+002
  0.62646452E+005  0.98356553E+002
  0.62688229E+005  0.98213278E+002
  0.62730034E+005  0.98070114E+002
  0.62771866E+005  0.97927062E+002
  0.62813727E+005  0.97784122E+002
  0.62855615E+005  0.97641294E+002
  0.62897531E+005  0.97498579E+002
  0.62939476E+005  0.97355976E+002
  0.62981448E+005  0.97213486E+002
  0.63023448E+005  0.97071109E+002
  0.63065476E+005  0.96928845E+002
  0.63107533E+005  0.96786695E+002
  0.63149617E+005  0.96644658E+002
  0.63191729E+005  0.96502735E+002
  0.63233870E+005  0.96360926E+002
  0.63276038E+005  0.96219231E+002
  0.63318235E+005  0.96077651E+002
  0.63360460E+005  0.95936185E+002
  0.63402713E+005  0.95794834E+002
  0.63444994E+005  0.95653597E+002
  0.63487303E+005  0.95512476E+002
  0.63529641E+005  0.95371470E+002
  0.63572007E+005  0.95230580E+002
  0.63614401E+005  0.95089805E+002
  0.63656823E+005  0.94949146E+002
  0.63699274E+005  0.94808603E+002
  0.63741753E+005  0.94668176E+002
  0.63784260E+005  0.94527866E+002
  0.63826795E+005  0.94387672E+002
  0.63869359E+005  0.94247595E+002
  0.63911952E+005  0.94107635E+002
  0.63954573E+005  0.93967792E+002
  0.63997222E+005  0.93828066E+002
  0.64039899E+005  0.93688457E+002
  0.64082605E+005  0.93548967E+002
  0.64125340E+005  0.93409593E+002
  0.64168103E+005  0.93270338E+002
  0.64210895E+005  0.93131201E+002
  0.64253715E+005  0.92992182E+002
  0.64296563E+005  0.92853282E+002
  0.64339441E+005  0.92714500E+002
  0.64382346E+005  0.92575837E+002
  0.64425281E+005  0.92437292E+002
  0.64468244E+005  0.92298867E+002
  0.64511236E+005  0.92160561E+002
  0.64554256E+005  0.92022375E+002
  0.64597305E+005  0.91884308E+002
  0.64640383E+005  0.91746361E+002
  0.64683489E+005  0.91608533E+002
  0.64726625E+005  0.91470826E+002
  0.64769789E+005  0.91333239E+002
  0.64812982E+005  0.91195772E+002
  0.64856203E+005  0.91058426E+002
  0.64899454E+005  0.90921200E+002
  0.64942733E+005  0.90784095E+002
  0.64986041E+005  0.90647111E+002
  0.65029378E+005  0.90510248E+002
  0.65072744E+005  0.90373507E+002
  0.65116139E+005  0.90236886E+002
  0.65159563E+005  0.90100388E+002
  0.65203015E+005  0.89964011E+002
  0.65246497E+005  0.89827755E+002
  0.65290008E+005  0.89691622E+002
  0.65333548E+005  0.89555611E+002
  0.65377116E+005  0.89419722E+002
  0.65420714E+005  0.89283956E+002
  0.65464341E+005  0.89148312E+002
  0.65507997E+005  0.89012791E+002
  0.65551682E+005  0.88877392E+002
  0.65595396E+005  0.88742117E+002
  0.65639140E+005  0.88606964E+002
  0.65682912E+005  0.88471935E+002
  0.65726714E+005  0.88337029E+002
  0.65770545E+005  0.88202247E+002
  0.65814405E+005  0.88067588E+002
  0.65858295E+005  0.87933053E+002
  0.65902213E+005  0.87798642E+002
  0.65946161E+005  0.87664355E+002
  0.65990139E+005  0.87530192E+002
  0.66034145E+005  0.87396153E+002
  0.66078181E+005  0.87262239E+002
  0.66122247E+005  0.87128449E+002
  0.66166341E+005  0.86994784E+002
  0.66210465E+005  0.86861243E+002
  0.66254619E+005  0.86727828E+002
  0.66298802E+005  0.86594537E+002
  0.66343014E+005  0.86461372E+002
  0.66387256E+005  0.86328332E+002
  0.66431528E+005  0.86195417E+002
  0.66475829E+005  0.86062628E+002
  0.66520159E+005  0.85929964E+002
  0.66564519E+005  0.85797426E+002
  0.66608909E+005  0.85665014E+002
  0.66653328E+005  0.85532728E+002
  0.66697777E+005  0.85400568E+002
  0.66742256E+005  0.85268534E+002
  0.66786764E+005  0.85136627E+002
  0.66831302E+005  0.85004845E+002
  0.66875869E+005  0.84873191E+002
  0.66920467E+005  0.84741663E+002
  0.66965094E+005  0.84610262E+002
  0.67009750E+005  0.84478987E+002
  0.67054437E+005  0.84347840E+002
  0.67099153E+005  0.84216819E+002
  0.67143900E+005  0.84085926E+002
  0.67188676E+005  0.83955160E+002
  0.67233482E+005  0.83824522E+002
  0.67278317E+005  0.83694011E+002
  0.67323183E+005  0.83563627E+002
  0.67368079E+005  0.83433371E+002
  0.67413004E+005  0.83303243E+002
  0.67457960E+005  0.83173243E+002
  0.67502945E+005  0.83043371E+002
  0.67547960E+005  0.82913627E+002
  0.67593006E+005  0.82784011E+002
  0.67638082E+005  0.82654523E+002
  0.67683187E+005  0.82525164E+002
  0.67728323E+005  0.82395933E+002
  0.67773489E+005  0.82266831E+002
  0.67818684E+005  0.82137857E+002
  0.67863910E+005  0.82009012E+002
  0.67909167E+005  0.81880296E+002
  0.67954453E+005  0.81751709E+002
  0.67999770E+005  0.81623251E+002
  0.68045116E+005  0.81494922E+002
  0.68090493E+005  0.81366722E+002
  0.68135901E+005  0.81238652E+002
  0.68181338E+005  0.81110711E+002
  0.68226806E+005  0.80982899E+002
  0.68272304E+005  0.80855217E+002
  0.68317833E+005  0.80727664E+002
  0.68363392E+005  0.80600241E+002
  0.68408981E+005  0.80472948E+002
  0.68454601E+005  0.80345785E+002
  0.68500251E+005  0.80218751E+002
  0.68545931E+005  0.80091848E+002
  0.68591642E+005  0.79965075E+002
  0.68637384E+005  0.79838432E+002
  0.68683156E+005  0.79711919E+002
  0.68728958E+005  0.79585537E+002
  0.68774791E+005  0.79459284E+002
  0.68820655E+005  0.79333163E+002
  0.68866549E+005  0.79207172E+002
  0.68912474E+005  0.79081312E+002
  0.68958429E+005  0.78955582E+002
  0.69004415E+005  0.78829983E+002
  0.69050432E+005  0.78704515E+002
  0.69096480E+005  0.78579178E+002
  0.69142558E+005  0.78453972E+002
  0.69188667E+005  0.78328896E+002
  0.69234806E+005  0.78203952E+002
  0.69280977E+005  0.78079140E+002
  0.69327178E+005  0.77954458E+002
  0.69373410E+005  0.77829908E+002
  0.69419673E+005  0.77705489E+002
  0.69465966E+005  0.77581201E+002
  0.69512291E+005  0.77457045E+002
  0.69558646E+005  0.77333021E+002
  0.69605033E+005  0.77209128E+002
  0.69651450E+005  0.77085367E+002
  0.69697898E+005  0.76961738E+002
  0.69744377E+005  0.76838241E+002
  0.69790887E+005  0.76714875E+002
  0.69837429E+005  0.76591641E+002
  0.69884001E+005  0.76468540E+002
  0.69930604E+005  0.76345570E+002
  0.69977239E+005  0.76222732E+002
  0.70023904E+005  0.76100027E+002
  0.70070601E+005  0.75977454E+002
  0.70117329E+005  0.75855013E+002
  0.70164087E+005  0.75732704E+002
  0.70210878E+005  0.75610528E+002
  0.70257699E+005  0.75488484E+002
  0.70304551E+005  0.75366573E+002
  0.70351435E+005  0.75244794E+002
  0.70398350E+005  0.75123148E+002
  0.70445296E+005  0.75001634E+002
  0.70492274E+005  0.74880253E+002
  0.70539283E+005  0.74759005E+002
  0.70586323E+005  0.74637889E+002
  0.70633395E+005  0.74516906E+002
  0.70680498E+005  0.74396056E+002
  0.70727633E+005  0.74275339E+002
  0.70774798E+005  0.74154755E+002
  0.70821996E+005  0.74034304E+002
  0.70869225E+005  0.73913986E+002
  0.70916485E+005  0.73793801E+002
  0.70963777E+005  0.73673749E+002
  0.71011100E+005  0.73553830E+002
  0.71058455E+005  0.73434044E+002
  0.71105842E+005  0.73314392E+002
  0.71153260E+005  0.73194872E+002
  0.71200709E+005  0.73075486E+002
  0.71248191E+005  0.72956234E+002
  0.71295704E+005  0.72837115E+002
  0.71343249E+005  0.72718129E+002
  0.71390825E+005  0.72599276E+002
  0.71438433E+005  0.72480557E+002
  0.71486073E+005  0.72361972E+002
  0.71533745E+005  0.72243520E+002
  0.71581448E+005  0.72125201E+002
  0.71629184E+005  0.72007016E+002
  0.71676951E+005  0.71888965E+002
  0.71724750E+005  0.71771047E+002
  0.71772581E+005  0.71653263E+002
  0.71820443E+005  0.71535613E+002
  0.71868338E+005  0.71418097E+002
  0.71916265E+005  0.71300714E+002
  0.71964223E+005  0.71183465E+002
  0.72012214E+005  0.71066350E+002
  0.72060236E+005  0.70949368E+002
  0.72108291E+005  0.70832521E+002
  0.72156377E+005  0.70715807E+002
  0.72204496E+005  0.70599227E+002
  0.72252647E+005  0.70482782E+002
  0.72300830E+005  0.70366470E+002
  0.72349045E+005  0.70250292E+002
  0.72397292E+005  0.70134248E+002
  0.72445571E+005  0.70018338E+002
  0.72493883E+005  0.69902562E+002
  0.72542227E+005  0.69786920E+002
  0.72590603E+005  0.69671412E+002
  0.72639011E+005  0.69556038E+002
  0.72687451E+005  0.69440799E+002
  0.72735924E+005  0.69325693E+002
  0.72784429E+005  0.69210722E+002
  0.72832967E+005  0.69095884E+002
  0.72881537E+005  0.68981181E+002
  0.72930139E+005  0.68866612E+002
  0.72978774E+005  0.68752177E+002
  0.73027441E+005  0.68637876E+002
  0.73076140E+005  0.68523710E+002
  0.73124872E+005  0.68409678E+002
  0.73173637E+005  0.68295780E+002
  0.73222434E+005  0.68182016E+002
  0.73271264E+005  0.68068386E+002
  0.73320126E+005  0.67954891E+002
  0.73369021E+005  0.67841529E+002
  0.73417948E+005  0.67728302E+002
  0.73466908E+005  0.67615210E+002
  0.73515900E+005  0.67502251E+002
  0.73564926E+005  0.67389427E+002
  0.73613984E+005  0.67276737E+002
  0.73663075E+005  0.67164182E+002
  0.73712198E+005  0.67051760E+002
  0.73761354E+005  0.66939473E+002
  0.73810543E+005  0.66827321E+002
  0.73859765E+005  0.66715302E+002
  0.73909020E+005  0.66603418E+002
  0.73958307E+005  0.66491668E+002
  0.74007627E+005  0.66380052E+002
  0.74056981E+005  0.66268571E+002
  0.74106367E+005  0.66157224E+002
  0.74155786E+005  0.66046011E+002
  0.74205238E+005  0.65934933E+002
  0.74254723E+005  0.65823988E+002
  0.74304241E+005  0.65713178E+002
  0.74353792E+005  0.65602503E+002
  0.74403376E+005  0.65491961E+002
  0.74452993E+005  0.65381554E+002
  0.74502643E+005  0.65271281E+002
  0.74552327E+005  0.65161142E+002
  0.74602043E+005  0.65051138E+002
  0.74651793E+005  0.64941267E+002
  0.74701575E+005  0.64831531E+002
  0.74751391E+005  0.64721929E+002
  0.74801241E+005  0.64612462E+002
  0.74851123E+005  0.64503128E+002
  0.74901039E+005  0.64393929E+002
  0.74950988E+005  0.64284864E+002
  0.75000970E+005  0.64175933E+002
  0.75050986E+005  0.64067136E+002
  0.75101035E+005  0.63958473E+002
  0.75151117E+005  0.63849944E+002
  0.75201233E+005  0.63741550E+002
  0.75251382E+005  0.63633289E+002
  0.75301565E+005  0.63525163E+002
  0.75351781E+005  0.63417170E+002
  0.75402031E+005  0.63309312E+002
  0.75452314E+005  0.63201588E+002
  0.75502630E+005  0.63093997E+002
  0.75552980E+005  0.62986541E+002
  0.75603364E+005  0.62879219E+002
  0.75653782E+005  0.62772030E+002
  0.75704233E+005  0.62664976E+002
  0.75754717E+005  0.62558055E+002
  0.75805236E+005  0.62451268E+002
  0.75855788E+005  0.62344615E+002
  0.75906373E+005  0.62238096E+002
  0.75956993E+005  0.62131711E+002
  0.76007646E+005  0.62025460E+002
  0.76058333E+005  0.61919342E+002
  0.76109054E+005  0.61813358E+002
  0.76159808E+005  0.61707508E+002
  0.76210597E+005  0.61601791E+002
  0.76261419E+005  0.61496209E+002
  0.76312275E+005  0.61390759E+002
  0.76363165E+005  0.61285444E+002
  0.76414089E+005  0.61180262E+002
  0.76465047E+005  0.61075213E+002
  0.76516039E+005  0.60970299E+002
  0.76567065E+005  0.60865517E+002
  0.76618125E+005  0.60760869E+002
  0.76669219E+005  0.60656355E+002
  0.76720348E+005  0.60551974E+002
  0.76771510E+005  0.60447726E+002
  0.76822706E+005  0.60343612E+002
  0.76873937E+005  0.60239631E+002
  0.76925201E+005  0.60135784E+002
  0.76976500E+005  0.60032069E+002
  0.77027833E+005  0.59928488E+002
  0.77079201E+005  0.59825040E+002
  0.77130602E+005  0.59721725E+002
  0.77182038E+005  0.59618544E+002
  0.77233508E+005  0.59515495E+002
  0.77285013E+005  0.59412580E+002
  0.77336551E+005  0.59309797E+002
  0.77388124E+005  0.59207148E+002
  0.77439732E+005  0.59104631E+002
  0.77491374E+005  0.59002248E+002
  0.77543050E+005  0.58899997E+002
  0.77594761E+005  0.58797879E+002
  0.77646507E+005  0.58695894E+002
  0.77698287E+005  0.58594042E+002
  0.77750101E+005  0.58492322E+002
  0.77801950E+005  0.58390735E+002
  0.77853833E+005  0.58289281E+002
  0.77905752E+005  0.58187959E+002
  0.77957704E+005  0.58086770E+002
  0.78009692E+005  0.57985714E+002
  0.78061714E+005  0.57884790E+002
  0.78113771E+005  0.57783998E+002
  0.78165862E+005  0.57683339E+002
  0.78217988E+005  0.57582812E+002
  0.78270149E+005  0.57482417E+002
  0.78322345E+005  0.57382155E+002
  0.78374576E+005  0.57282025E+002
  0.78426841E+005  0.57182027E+002
  0.78479141E+005  0.57082161E+002
  0.78531476E+005  0.56982427E+002
  0.78583846E+005  0.56882825E+002
  0.78636251E+005  0.56783356E+002
  0.78688691E+005  0.56684018E+002
  0.78741166E+005  0.56584812E+002
  0.78793676E+005  0.56485738E+002
  0.78846221E+005  0.56386795E+002
  0.78898801E+005  0.56287985E+002
  0.78951416E+005  0.56189306E+002
  0.79004066E+005  0.56090759E+002
  0.79056751E+005  0.55992343E+002
  0.79109471E+005  0.55894059E+002
  0.79162227E+005  0.55795907E+002
  0.79215017E+005  0.55697885E+002
  0.79267843E+005  0.55599996E+002
  0.79320704E+005  0.55502237E+002
  0.79373601E+005  0.55404610E+002
  0.79426532E+005  0.55307114E+002
  0.79479499E+005  0.55209749E+002
  0.79532501E+005  0.55112516E+002
  0.79585539E+005  0.55015413E+002
  0.79638612E+005  0.54918442E+002
  0.79691720E+005  0.54821601E+002
  0.79744864E+005  0.54724892E+002
  0.79798043E+005  0.54628313E+002
  0.79851258E+005  0.54531865E+002
  0.79904508E+005  0.54435547E+002
  0.79957794E+005  0.54339361E+002
  0.80011115E+005  0.54243305E+002
  0.80064472E+005  0.54147379E+002
  0.80117864E+005  0.54051584E+002
  0.80171292E+005  0.53955920E+002
  0.80224755E+005  0.53860386E+002
  0.80278255E+005  0.53764982E+002
  0.80331790E+005  0.53669708E+002
  0.80385360E+005  0.53574565E+002
  0.80438966E+005  0.53479552E+002
  0.80492609E+005  0.53384669E+002
  0.80546286E+005  0.53289916E+002
  0.80600000E+005  0.53195292E+002
  0.80653749E+005  0.53100799E+002
  0.80707535E+005  0.53006436E+002
  0.80761356E+005  0.52912202E+002
  0.80815213E+005  0.52818098E+002
  0.80869106E+005  0.52724124E+002
  0.80923035E+005  0.52630279E+002
  0.80977000E+005  0.52536564E+002
  0.81031001E+005  0.52442978E+002
  0.81085037E+005  0.52349522E+002
  0.81139110E+005  0.52256195E+002
  0.81193219E+005  0.52162997E+002
  0.81247364E+005  0.52069928E+002
  0.81301546E+005  0.51976989E+002
  0.81355763E+005  0.51884179E+002
  0.81410016E+005  0.51791497E+002
  0.81464306E+005  0.51698945E+002
  0.81518632E+005  0.51606521E+002
  0.81572994E+005  0.51514226E+002
  0.81627392E+005  0.51422060E+002
  0.81681827E+005  0.51330022E+002
  0.81736298E+005  0.51238113E+002
  0.81790805E+005  0.51146333E+002
  0.81845348E+005  0.51054681E+002
  0.81899928E+005  0.50963157E+002
  0.81954545E+005  0.50871762E+002
  0.82009197E+005  0.50780495E+002
  0.82063887E+005  0.50689356E+002
  0.82118612E+005  0.50598345E+002
  0.82173375E+005  0.50507462E+002
  0.82228173E+005  0.50416707E+002
  0.82283008E+005  0.50326080E+002
  0.82337880E+005  0.50235580E+002
  0.82392789E+005  0.50145209E+002
  0.82447734E+005  0.50054965E+002
  0.82502715E+005  0.49964848E+002
  0.82557734E+005  0.49874860E+002
  0.82612789E+005  0.49784998E+002
  0.82667880E+005  0.49695264E+002
  0.82723009E+005  0.49605657E+002
  0.82778174E+005  0.49516177E+002
  0.82833376E+005  0.49426825E+002
  0.82888615E+005  0.49337599E+002
  0.82943890E+005  0.49248501E+002
  0.82999203E+005  0.49159529E+002
  0.83054552E+005  0.49070684E+002
  0.83109939E+005  0.48981966E+002
  0.83165362E+005  0.48893375E+002
  0.83220822E+005  0.48804910E+002
  0.83276319E+005  0.48716571E+002
  0.83331854E+005  0.48628359E+002
  0.83387425E+005  0.48540274E+002
  0.83443033E+005  0.48452314E+002
  0.83498678E+005  0.48364481E+002
  0.83554361E+005  0.48276774E+002
  0.83610081E+005  0.48189193E+002
  0.83665837E+005  0.48101738E+002
  0.83721631E+005  0.48014409E+002
  0.83777462E+005  0.47927205E+002
  0.83833331E+005  0.47840128E+002
  0.83889237E+005  0.47753175E+002
  0.83945179E+005  0.47666349E+002
  0.84001160E+005  0.47579648E+002
  0.84057177E+005  0.47493072E+002
  0.84113232E+005  0.47406621E+002
  0.84169325E+005  0.47320296E+002
  0.84225454E+005  0.47234096E+002
  0.84281621E+005  0.47148021E+002
  0.84337826E+005  0.47062071E+002
  0.84394068E+005  0.46976245E+002
  0.84450348E+005  0.46890545E+002
  0.84506665E+005  0.46804969E+002
  0.84563020E+005  0.46719518E+002
  0.84619412E+005  0.46634191E+002
  0.84675842E+005  0.46548989E+002
  0.84732309E+005  0.46463911E+002
  0.84788814E+005  0.46378958E+002
  0.84845357E+005  0.46294128E+002
  0.84901938E+005  0.46209423E+002
  0.84958556E+005  0.46124842E+002
  0.85015212E+005  0.46040384E+002
  0.85071906E+005  0.45956051E+002
  0.85128637E+005  0.45871841E+002
  0.85185407E+005  0.45787755E+002
  0.85242214E+005  0.45703792E+002
  0.85299059E+005  0.45619953E+002
  0.85355942E+005  0.45536238E+002
  0.85412864E+005  0.45452645E+002
  0.85469823E+005  0.45369176E+002
  0.85526820E+005  0.45285830E+002
  0.85583854E+005  0.45202608E+002
  0.85640928E+005  0.45119508E+002
  0.85698039E+005  0.45036530E+002
  0.85755188E+005  0.44953676E+002
  0.85812375E+005  0.44870945E+002
  0.85869600E+005  0.44788335E+002
  0.85926864E+005  0.44705849E+002
  0.85984166E+005  0.44623485E+002
  0.86041506E+005  0.44541243E+002
  0.86098884E+005  0.44459123E+002
  0.86156300E+005  0.44377126E+002
  0.86213755E+005  0.44295251E+002
  0.86271248E+005  0.44213497E+002
  0.86328780E+005  0.44131866E+002
  0.86386350E+005  0.44050356E+002
  0.86443958E+005  0.43968968E+002
  0.86501604E+005  0.43887701E+002
  0.86559289E+005  0.43806556E+002
  0.86617013E+005  0.43725532E+002
  0.86674775E+005  0.43644630E+002
  0.86732575E+005  0.43563849E+002
  0.86790414E+005  0.43483188E+002
  0.86848292E+005  0.43402649E+002
  0.86906208E+005  0.43322231E+002
  0.86964163E+005  0.43241934E+002
  0.87022157E+005  0.43161757E+002
  0.87080189E+005  0.43081701E+002
  0.87138260E+005  0.43001766E+002
  0.87196369E+005  0.42921951E+002
  0.87254518E+005  0.42842256E+002
  0.87312705E+005  0.42762682E+002
  0.87370931E+005  0.42683228E+002
  0.87429196E+005  0.42603893E+002
  0.87487499E+005  0.42524679E+002
  0.87545842E+005  0.42445585E+002
  0.87604223E+005  0.42366610E+002
  0.87662643E+005  0.42287755E+002
  0.87721103E+005  0.42209020E+002
  0.87779601E+005  0.42130404E+002
  0.87838138E+005  0.42051907E+002
  0.87896715E+005  0.41973530E+002
  0.87955330E+005  0.41895272E+002
  0.88013984E+005  0.41817133E+002
  0.88072678E+005  0.41739113E+002
  0.88131411E+005  0.41661212E+002
  0.88190183E+005  0.41583429E+002
  0.88248994E+005  0.41505766E+002
  0.88307844E+005  0.41428221E+002
  0.88366734E+005  0.41350794E+002
  0.88425663E+005  0.41273486E+002
  0.88484631E+005  0.41196296E+002
  0.88543638E+005  0.41119224E+002
  0.88602685E+005  0.41042270E+002
  0.88661771E+005  0.40965434E+002
  0.88720897E+005  0.40888717E+002
  0.88780062E+005  0.40812116E+002
  0.88839266E+005  0.40735634E+002
  0.88898510E+005  0.40659269E+002
  0.88957794E+005  0.40583022E+002
  0.89017117E+005  0.40506892E+002
  0.89076479E+005  0.40430879E+002
  0.89135881E+005  0.40354984E+002
  0.89195323E+005  0.40279205E+002
  0.89254804E+005  0.40203543E+002
  0.89314325E+005  0.40127999E+002
  0.89373886E+005  0.40052571E+002
  0.89433487E+005  0.39977260E+002
  0.89493127E+005  0.39902065E+002
  0.89552807E+005  0.39826986E+002
  0.89612527E+005  0.39752025E+002
  0.89672286E+005  0.39677179E+002
  0.89732086E+005  0.39602449E+002
  0.89791925E+005  0.39527836E+002
  0.89851804E+005  0.39453338E+002
  0.89911723E+005  0.39378956E+002
  0.89971683E+005  0.39304690E+002
  0.90031682E+005  0.39230540E+002
  0.90091721E+005  0.39156505E+002
  0.90151800E+005  0.39082585E+002
  0.90211919E+005  0.39008781E+002
  0.90272079E+005  0.38935092E+002
  0.90332278E+005  0.38861518E+002
  0.90392518E+005  0.38788059E+002
  0.90452797E+005  0.38714714E+002
  0.90513117E+005  0.38641485E+002
  0.90573478E+005  0.38568370E+002
  0.90633878E+005  0.38495370E+002
  0.90694319E+005  0.38422484E+002
  0.90754800E+005  0.38349713E+002
  0.90815321E+005  0.38277056E+002
  0.90875883E+005  0.38204513E+002
  0.90936485E+005  0.38132084E+002
  0.90997127E+005  0.38059769E+002
  0.91057810E+005  0.37987567E+002
  0.91118534E+005  0.37915480E+002
  0.91179298E+005  0.37843506E+002
  0.91240102E+005  0.37771645E+002
  0.91300947E+005  0.37699898E+002
  0.91361833E+005  0.37628264E+002
  0.91422759E+005  0.37556744E+002
  0.91483726E+005  0.37485336E+002
  0.91544733E+005  0.37414041E+002
  0.91605781E+005  0.37342859E+002
  0.91666870E+005  0.37271790E+002
  0.91728000E+005  0.37200834E+002
  0.91789170E+005  0.37129990E+002
  0.91850381E+005  0.37059258E+002
  0.91911633E+005  0.36988639E+002
  0.91972926E+005  0.36918132E+002
  0.92034260E+005  0.36847736E+002
  0.92095634E+005  0.36777453E+002
  0.92157050E+005  0.36707282E+002
  0.92218506E+005  0.36637223E+002
  0.92280004E+005  0.36567275E+002
  0.92341542E+005  0.36497438E+002
  0.92403122E+005  0.36427713E+002
  0.92464742E+005  0.36358100E+002
  0.92526404E+005  0.36288597E+002
  0.92588107E+005  0.36219206E+002
  0.92649850E+005  0.36149926E+002
  0.92711636E+005  0.36080756E+002
  0.92773462E+005  0.36011697E+002
  0.92835329E+005  0.35942749E+002
  0.92897238E+005  0.35873912E+002
  0.92959188E+005  0.35805185E+002
  0.93021180E+005  0.35736568E+002
  0.93083212E+005  0.35668061E+002
  0.93145286E+005  0.35599665E+002
  0.93207402E+005  0.35531378E+002
  0.93269559E+005  0.35463201E+002
  0.93331757E+005  0.35395134E+002
  0.93393997E+005  0.35327177E+002
  0.93456278E+005  0.35259329E+002
  0.93518601E+005  0.35191591E+002
  0.93580966E+005  0.35123962E+002
  0.93643372E+005  0.35056442E+002
  0.93705819E+005  0.34989031E+002
  0.93768309E+005  0.34921729E+002
  0.93830840E+005  0.34854536E+002
  0.93893412E+005  0.34787452E+002
  0.93956027E+005  0.34720476E+002
  0.94018683E+005  0.34653609E+002
  0.94081381E+005  0.34586851E+002
  0.94144121E+005  0.34520200E+002
  0.94206902E+005  0.34453658E+002
  0.94269726E+005  0.34387224E+002
  0.94332591E+005  0.34320898E+002
  0.94395498E+005  0.34254679E+002
  0.94458447E+005  0.34188569E+002
  0.94521439E+005  0.34122566E+002
  0.94584472E+005  0.34056670E+002
  0.94647547E+005  0.33990882E+002
  0.94710664E+005  0.33925201E+002
  0.94773824E+005  0.33859627E+002
  0.94837025E+005  0.33794161E+002
  0.94900269E+005  0.33728801E+002
  0.94963555E+005  0.33663548E+002
  0.95026883E+005  0.33598402E+002
  0.95090253E+005  0.33533362E+002
  0.95153666E+005  0.33468429E+002
  0.95217120E+005  0.33403602E+002
  0.95280617E+005  0.33338882E+002
  0.95344157E+005  0.33274267E+002
  0.95407739E+005  0.33209759E+002
  0.95471363E+005  0.33145356E+002
  0.95535030E+005  0.33081060E+002
  0.95598739E+005  0.33016869E+002
  0.95662490E+005  0.32952783E+002
  0.95726285E+005  0.32888803E+002
  0.95790121E+005  0.32824928E+002
  0.95854000E+005  0.32761159E+002
  0.95917922E+005  0.32697494E+002
  0.95981887E+005  0.32633935E+002
  0.96045894E+005  0.32570480E+002
  0.96109944E+005  0.32507131E+002
  0.96174036E+005  0.32443885E+002
  0.96238171E+005  0.32380745E+002
  0.96302350E+005  0.32317709E+002
  0.96366570E+005  0.32254777E+002
  0.96430834E+005  0.32191949E+002
  0.96495141E+005  0.32129225E+002
  0.96559490E+005  0.32066605E+002
  0.96623882E+005  0.32004089E+002
  0.96688317E+005  0.31941677E+002
  0.96752796E+005  0.31879369E+002
  0.96817317E+005  0.31817163E+002
  0.96881881E+005  0.31755062E+002
  0.96946488E+005  0.31693063E+002
  0.97011139E+005  0.31631168E+002
  0.97075832E+005  0.31569375E+002
  0.97140569E+005  0.31507686E+002
  0.97205349E+005  0.31446099E+002
  0.97270172E+005  0.31384615E+002
  0.97335038E+005  0.31323234E+002
  0.97399948E+005  0.31261955E+002
  0.97464900E+005  0.31200778E+002
  0.97529896E+005  0.31139703E+002
  0.97594936E+005  0.31078731E+002
  0.97660019E+005  0.31017860E+002
  0.97725145E+005  0.30957092E+002
  0.97790315E+005  0.30896425E+002
  0.97855528E+005  0.30835860E+002
  0.97920784E+005  0.30775396E+002
  0.97986084E+005  0.30715034E+002
  0.98051428E+005  0.30654772E+002
  0.98116815E+005  0.30594612E+002
  0.98182246E+005  0.30534554E+002
  0.98247721E+005  0.30474596E+002
  0.98313239E+005  0.30414738E+002
  0.98378800E+005  0.30354982E+002
  0.98444406E+005  0.30295326E+002
  0.98510055E+005  0.30235770E+002
  0.98575748E+005  0.30176315E+002
  0.98641485E+005  0.30116960E+002
  0.98707266E+005  0.30057705E+002
  0.98773091E+005  0.29998551E+002
  0.98838959E+005  0.29939496E+002
  0.98904872E+005  0.29880540E+002
  0.98970828E+005  0.29821685E+002
  0.99036828E+005  0.29762929E+002
  0.99102873E+005  0.29704272E+002
  0.99168961E+005  0.29645714E+002
  0.99235093E+005  0.29587256E+002
  0.99301270E+005  0.29528897E+002
  0.99367491E+005  0.29470637E+002
  0.99433756E+005  0.29412475E+002
  0.99500065E+005  0.29354412E+002
  0.99566418E+005  0.29296448E+002
  0.99632815E+005  0.29238582E+002
  0.99699257E+005  0.29180815E+002
  0.99765743E+005  0.29123146E+002
  0.99832274E+005  0.29065574E+002
  0.99898849E+005  0.29008101E+002
  0.99965468E+005  0.28950726E+002
  0.10003213E+006  0.28893449E+002
  0.10009884E+006  0.28836269E+002
  0.10016559E+006  0.28779186E+002
  0.10023239E+006  0.28722201E+002
  0.10029923E+006  0.28665314E+002
  0.10036612E+006  0.28608523E+002
  0.10043305E+006  0.28551830E+002
  0.10050002E+006  0.28495233E+002
  0.10056704E+006  0.28438733E+002
  0.10063411E+006  0.28382330E+002
  0.10070122E+006  0.28326024E+002
  0.10076837E+006  0.28269814E+002
  0.10083557E+006  0.28213700E+002
  0.10090282E+006  0.28157683E+002
  0.10097010E+006  0.28101761E+002
  0.10103744E+006  0.28045936E+002
  0.10110482E+006  0.27990206E+002
  0.10117224E+006  0.27934572E+002
  0.10123971E+006  0.27879034E+002
  0.10130722E+006  0.27823592E+002
  0.10137478E+006  0.27768244E+002
  0.10144238E+006  0.27712992E+002
  0.10151003E+006  0.27657836E+002
  0.10157773E+006  0.27602774E+002
  0.10164546E+006  0.27547807E+002
  0.10171325E+006  0.27492935E+002
  0.10178108E+006  0.27438158E+002
  0.10184895E+006  0.27383475E+002
  0.10191687E+006  0.27328886E+002
  0.10198484E+006  0.27274392E+002
  0.10205285E+006  0.27219993E+002
  0.10212090E+006  0.27165687E+002
  0.10218900E+006  0.27111475E+002
  0.10225715E+006  0.27057357E+002
  0.10232534E+006  0.27003333E+002
  0.10239358E+006  0.26949403E+002
  0.10246186E+006  0.26895566E+002
  0.10253019E+006  0.26841822E+002
  0.10259856E+006  0.26788172E+002
  0.10266698E+006  0.26734615E+002
  0.10273545E+006  0.26681150E+002
  0.10280396E+006  0.26627779E+002
  0.10287252E+006  0.26574501E+002
  0.10294112E+006  0.26521315E+002
  0.10300977E+006  0.26468222E+002
  0.10307846E+006  0.26415221E+002
  0.10314720E+006  0.26362313E+002
  0.10321599E+006  0.26309497E+002
  0.10328482E+006  0.26256772E+002
  0.10335369E+006  0.26204140E+002
  0.10342262E+006  0.26151600E+002
  0.10349159E+006  0.26099151E+002
  0.10356060E+006  0.26046795E+002
  0.10362966E+006  0.25994529E+002
  0.10369877E+006  0.25942355E+002
  0.10376792E+006  0.25890272E+002
  0.10383712E+006  0.25838281E+002
  0.10390637E+006  0.25786380E+002
  0.10397566E+006  0.25734570E+002
  0.10404500E+006  0.25682852E+002
  0.10411438E+006  0.25631223E+002
  0.10418381E+006  0.25579686E+002
  0.10425329E+006  0.25528239E+002
  0.10432281E+006  0.25476882E+002
  0.10439238E+006  0.25425615E+002
  0.10446200E+006  0.25374439E+002
  0.10453166E+006  0.25323352E+002
  0.10460137E+006  0.25272355E+002
  0.10467112E+006  0.25221448E+002
  0.10474092E+006  0.25170631E+002
  0.10481077E+006  0.25119903E+002
  0.10488067E+006  0.25069264E+002
  0.10495061E+006  0.25018715E+002
  0.10502060E+006  0.24968255E+002
  0.10509063E+006  0.24917884E+002
  0.10516071E+006  0.24867602E+002
  0.10523084E+006  0.24817409E+002
  0.10530102E+006  0.24767304E+002
  0.10537124E+006  0.24717288E+002
  0.10544151E+006  0.24667360E+002
  0.10551182E+006  0.24617521E+002
  0.10558218E+006  0.24567770E+002
  0.10565259E+006  0.24518107E+002
  0.10572305E+006  0.24468532E+002
  0.10579355E+006  0.24419045E+002
  0.10586410E+006  0.24369646E+002
  0.10593470E+006  0.24320334E+002
  0.10600534E+006  0.24271109E+002
  0.10607604E+006  0.24221973E+002
  0.10614677E+006  0.24172923E+002
  0.10621756E+006  0.24123961E+002
  0.10628839E+006  0.24075085E+002
  0.10635927E+006  0.24026297E+002
  0.10643020E+006  0.23977595E+002
  0.10650118E+006  0.23928980E+002
  0.10657220E+006  0.23880452E+002
  0.10664327E+006  0.23832010E+002
  0.10671438E+006  0.23783654E+002
  0.10678555E+006  0.23735385E+002
  0.10685676E+006  0.23687202E+002
  0.10692802E+006  0.23639104E+002
  0.10699933E+006  0.23591093E+002
  0.10707068E+006  0.23543167E+002
  0.10714208E+006  0.23495327E+002
  0.10721353E+006  0.23447573E+002
  0.10728503E+006  0.23399904E+002
  0.10735657E+006  0.23352320E+002
  0.10742817E+006  0.23304821E+002
  0.10749981E+006  0.23257408E+002
  0.10757149E+006  0.23210079E+002
  0.10764323E+006  0.23162836E+002
  0.10771501E+006  0.23115677E+002
  0.10778685E+006  0.23068602E+002
  0.10785873E+006  0.23021612E+002
  0.10793065E+006  0.22974707E+002
  0.10800263E+006  0.22927885E+002
  0.10807465E+006  0.22881148E+002
  0.10814672E+006  0.22834495E+002
  0.10821884E+006  0.22787925E+002
  0.10829101E+006  0.22741440E+002
  0.10836323E+006  0.22695038E+002
  0.10843549E+006  0.22648720E+002
  0.10850780E+006  0.22602485E+002
  0.10858016E+006  0.22556333E+002
  0.10865257E+006  0.22510265E+002
  0.10872503E+006  0.22464280E+002
  0.10879753E+006  0.22418378E+002
  0.10887009E+006  0.22372558E+002
  0.10894269E+006  0.22326822E+002
  0.10901534E+006  0.22281168E+002
  0.10908804E+006  0.22235596E+002
  0.10916078E+006  0.22190107E+002
  0.10923358E+006  0.22144700E+002
  0.10930642E+006  0.22099375E+002
  0.10937932E+006  0.22054133E+002
  0.10945226E+006  0.22008972E+002
  0.10952525E+006  0.21963893E+002
  0.10959829E+006  0.21918896E+002
  0.10967137E+006  0.21873981E+002
  0.10974451E+006  0.21829147E+002
  0.10981769E+006  0.21784394E+002
  0.10989093E+006  0.21739723E+002
  0.10996421E+006  0.21695132E+002
  0.11003754E+006  0.21650623E+002
  0.11011092E+006  0.21606195E+002
  0.11018435E+006  0.21561847E+002
  0.11025783E+006  0.21517580E+002
  0.11033136E+006  0.21473394E+002
  0.11040493E+006  0.21429288E+002
  0.11047856E+006  0.21385262E+002
  0.11055223E+006  0.21341317E+002
  0.11062596E+006  0.21297452E+002
  0.11069973E+006  0.21253666E+002
  0.11077355E+006  0.21209961E+002
  0.11084742E+006  0.21166335E+002
  0.11092134E+006  0.21122790E+002
  0.11099531E+006  0.21079323E+002
  0.11106933E+006  0.21035936E+002
  0.11114340E+006  0.20992628E+002
  0.11121752E+006  0.20949400E+002
  0.11129169E+006  0.20906251E+002
  0.11136590E+006  0.20863180E+002
  0.11144017E+006  0.20820189E+002
  0.11151449E+006  0.20777276E+002
  0.11158885E+006  0.20734441E+002
  0.11166327E+006  0.20691686E+002
  0.11173773E+006  0.20649009E+002
  0.11181224E+006  0.20606409E+002
  0.11188681E+006  0.20563889E+002
  0.11196142E+006  0.20521446E+002
  0.11203608E+006  0.20479081E+002
  0.11211080E+006  0.20436794E+002
  0.11218556E+006  0.20394585E+002
  0.11226037E+006  0.20352453E+002
  0.11233524E+006  0.20310399E+002
  0.11241015E+006  0.20268422E+002
  0.11248511E+006  0.20226523E+002
  0.11256012E+006  0.20184700E+002
  0.11263519E+006  0.20142955E+002
  0.11271030E+006  0.20101287E+002
  0.11278546E+006  0.20059695E+002
  0.11286068E+006  0.20018181E+002
  0.11293594E+006  0.19976742E+002
  0.11301125E+006  0.19935381E+002
  0.11308661E+006  0.19894095E+002
  0.11316203E+006  0.19852886E+002
  0.11323749E+006  0.19811753E+002
  0.11331301E+006  0.19770696E+002
  0.11338857E+006  0.19729715E+002
  0.11346419E+006  0.19688810E+002
  0.11353985E+006  0.19647981E+002
  0.11361557E+006  0.19607227E+002
  0.11369133E+006  0.19566549E+002
  0.11376715E+006  0.19525946E+002
  0.11384302E+006  0.19485418E+002
  0.11391894E+006  0.19444965E+002
  0.11399491E+006  0.19404588E+002
  0.11407093E+006  0.19364285E+002
  0.11414700E+006  0.19324057E+002
  0.11422312E+006  0.19283904E+002
  0.11429929E+006  0.19243826E+002
  0.11437551E+006  0.19203822E+002
  0.11445178E+006  0.19163892E+002
  0.11452811E+006  0.19124037E+002
  0.11460448E+006  0.19084255E+002
  0.11468091E+006  0.19044548E+002
  0.11475739E+006  0.19004915E+002
  0.11483391E+006  0.18965355E+002
  0.11491049E+006  0.18925870E+002
  0.11498712E+006  0.18886458E+002
  0.11506380E+006  0.18847119E+002
  0.11514054E+006  0.18807854E+002
  0.11521732E+006  0.18768662E+002
  0.11529415E+006  0.18729543E+002
  0.11537104E+006  0.18690497E+002
  0.11544798E+006  0.18651524E+002
  0.11552496E+006  0.18612624E+002
  0.11560200E+006  0.18573797E+002
  0.11567910E+006  0.18535042E+002
  0.11575624E+006  0.18496360E+002
  0.11583343E+006  0.18457750E+002
  0.11591068E+006  0.18419212E+002
  0.11598797E+006  0.18380747E+002
  0.11606532E+006  0.18342354E+002
  0.11614272E+006  0.18304032E+002
  0.11622017E+006  0.18265783E+002
  0.11629768E+006  0.18227605E+002
  0.11637523E+006  0.18189499E+002
  0.11645284E+006  0.18151465E+002
  0.11653050E+006  0.18113501E+002
  0.11660821E+006  0.18075609E+002
  0.11668597E+006  0.18037789E+002
  0.11676378E+006  0.18000039E+002
  0.11684165E+006  0.17962361E+002
  0.11691957E+006  0.17924753E+002
  0.11699754E+006  0.17887216E+002
  0.11707556E+006  0.17849749E+002
  0.11715363E+006  0.17812354E+002
  0.11723176E+006  0.17775028E+002
  0.11730994E+006  0.17737773E+002
  0.11738817E+006  0.17700588E+002
  0.11746645E+006  0.17663474E+002
  0.11754478E+006  0.17626429E+002
  0.11762317E+006  0.17589454E+002
  0.11770161E+006  0.17552549E+002
  0.11778010E+006  0.17515714E+002
  0.11785865E+006  0.17478948E+002
  0.11793724E+006  0.17442252E+002
  0.11801589E+006  0.17405625E+002
  0.11809459E+006  0.17369067E+002
  0.11817334E+006  0.17332579E+002
  0.11825215E+006  0.17296160E+002
  0.11833101E+006  0.17259809E+002
  0.11840992E+006  0.17223527E+002
  0.11848888E+006  0.17187314E+002
  0.11856790E+006  0.17151170E+002
  0.11864697E+006  0.17115094E+002
  0.11872609E+006  0.17079087E+002
  0.11880526E+006  0.17043148E+002
  0.11888449E+006  0.17007277E+002
  0.11896377E+006  0.16971474E+002
  0.11904310E+006  0.16935739E+002
  0.11912249E+006  0.16900072E+002
  0.11920193E+006  0.16864473E+002
  0.11928142E+006  0.16828941E+002
  0.11936097E+006  0.16793477E+002
  0.11944056E+006  0.16758081E+002
  0.11952021E+006  0.16722752E+002
  0.11959992E+006  0.16687490E+002
  0.11967968E+006  0.16652295E+002
  0.11975949E+006  0.16617167E+002
  0.11983935E+006  0.16582106E+002
  0.11991927E+006  0.16547112E+002
  0.11999924E+006  0.16512185E+002
  0.12007926E+006  0.16477324E+002
  0.12015934E+006  0.16442530E+002
  0.12023947E+006  0.16407802E+002
  0.12031965E+006  0.16373141E+002
  0.12039989E+006  0.16338546E+002
  0.12048018E+006  0.16304016E+002
  0.12056052E+006  0.16269553E+002
  0.12064092E+006  0.16235156E+002
  0.12072137E+006  0.16200824E+002
  0.12080188E+006  0.16166558E+002
  0.12088244E+006  0.16132358E+002
  0.12096305E+006  0.16098223E+002
  0.12104371E+006  0.16064154E+002
  0.12112444E+006  0.16030150E+002
  0.12120521E+006  0.15996210E+002
  0.12128604E+006  0.15962337E+002
  0.12136692E+006  0.15928527E+002
  0.12144785E+006  0.15894783E+002
  0.12152884E+006  0.15861104E+002
  0.12160989E+006  0.15827489E+002
  0.12169098E+006  0.15793939E+002
  0.12177214E+006  0.15760453E+002
  0.12185334E+006  0.15727031E+002
  0.12193460E+006  0.15693674E+002
  0.12201592E+006  0.15660381E+002
  0.12209728E+006  0.15627152E+002
  0.12217871E+006  0.15593987E+002
  0.12226018E+006  0.15560885E+002
  0.12234172E+006  0.15527848E+002
  0.12242330E+006  0.15494874E+002
  0.12250494E+006  0.15461963E+002
  0.12258664E+006  0.15429116E+002
  0.12266838E+006  0.15396332E+002
  0.12275019E+006  0.15363612E+002
  0.12283205E+006  0.15330954E+002
  0.12291396E+006  0.15298360E+002
  0.12299593E+006  0.15265828E+002
  0.12307795E+006  0.15233359E+002
  0.12316002E+006  0.15200953E+002
  0.12324216E+006  0.15168610E+002
  0.12332434E+006  0.15136329E+002
  0.12340658E+006  0.15104110E+002
  0.12348888E+006  0.15071954E+002
  0.12357123E+006  0.15039860E+002
  0.12365363E+006  0.15007828E+002
  0.12373609E+006  0.14975858E+002
  0.12381861E+006  0.14943950E+002
  0.12390118E+006  0.14912104E+002
  0.12398381E+006  0.14880319E+002
  0.12406649E+006  0.14848596E+002
  0.12414922E+006  0.14816935E+002
  0.12423201E+006  0.14785335E+002
  0.12431486E+006  0.14753796E+002
  0.12439776E+006  0.14722319E+002
  0.12448072E+006  0.14690902E+002
  0.12456373E+006  0.14659547E+002
  0.12464680E+006  0.14628252E+002
  0.12472992E+006  0.14597018E+002
  0.12481310E+006  0.14565845E+002
  0.12489633E+006  0.14534733E+002
  0.12497962E+006  0.14503681E+002
  0.12506297E+006  0.14472689E+002
  0.12514637E+006  0.14441758E+002
  0.12522982E+006  0.14410887E+002
  0.12531333E+006  0.14380076E+002
  0.12539690E+006  0.14349325E+002
  0.12548052E+006  0.14318634E+002
  0.12556420E+006  0.14288003E+002
  0.12564794E+006  0.14257432E+002
  0.12573173E+006  0.14226920E+002
  0.12581557E+006  0.14196468E+002
  0.12589948E+006  0.14166075E+002
  0.12598343E+006  0.14135741E+002
  0.12606745E+006  0.14105467E+002
  0.12615152E+006  0.14075252E+002
  0.12623565E+006  0.14045096E+002
  0.12631983E+006  0.14014998E+002
  0.12640407E+006  0.13984960E+002
  0.12648836E+006  0.13954980E+002
  0.12657271E+006  0.13925059E+002
  0.12665712E+006  0.13895197E+002
  0.12674158E+006  0.13865393E+002
  0.12682610E+006  0.13835647E+002
  0.12691068E+006  0.13805960E+002
  0.12699531E+006  0.13776331E+002
  0.12708000E+006  0.13746759E+002
  0.12716474E+006  0.13717246E+002
  0.12724955E+006  0.13687791E+002
  0.12733441E+006  0.13658393E+002
  0.12741932E+006  0.13629054E+002
  0.12750429E+006  0.13599771E+002
  0.12758932E+006  0.13570546E+002
  0.12767441E+006  0.13541379E+002
  0.12775955E+006  0.13512269E+002
  0.12784475E+006  0.13483216E+002
  0.12793000E+006  0.13454220E+002
  0.12801531E+006  0.13425281E+002
  0.12810068E+006  0.13396400E+002
  0.12818611E+006  0.13367575E+002
  0.12827159E+006  0.13338806E+002
  0.12835713E+006  0.13310095E+002
  0.12844273E+006  0.13281439E+002
  0.12852838E+006  0.13252841E+002
  0.12861409E+006  0.13224298E+002
  0.12869986E+006  0.13195812E+002
  0.12878569E+006  0.13167382E+002
  0.12887157E+006  0.13139008E+002
  0.12895751E+006  0.13110691E+002
  0.12904351E+006  0.13082429E+002
  0.12912956E+006  0.13054222E+002
  0.12921568E+006  0.13026072E+002
  0.12930185E+006  0.12997977E+002
  0.12938807E+006  0.12969937E+002
  0.12947436E+006  0.12941953E+002
  0.12956070E+006  0.12914024E+002
  0.12964710E+006  0.12886151E+002
  0.12973356E+006  0.12858333E+002
  0.12982007E+006  0.12830569E+002
  0.12990664E+006  0.12802861E+002
  0.12999327E+006  0.12775207E+002
  0.13007996E+006  0.12747608E+002
  0.13016671E+006  0.12720064E+002
  0.13025351E+006  0.12692575E+002
  0.13034037E+006  0.12665140E+002
  0.13042729E+006  0.12637759E+002
  0.13051427E+006  0.12610432E+002
  0.13060131E+006  0.12583160E+002
  0.13068840E+006  0.12555942E+002
  0.13077555E+006  0.12528778E+002
  0.13086276E+006  0.12501668E+002
  0.13095003E+006  0.12474612E+002
  0.13103736E+006  0.12447609E+002
  0.13112474E+006  0.12420660E+002
  0.13121218E+006  0.12393765E+002
  0.13129969E+006  0.12366923E+002
  0.13138724E+006  0.12340134E+002
  0.13147486E+006  0.12313399E+002
  0.13156254E+006  0.12286717E+002
  0.13165027E+006  0.12260088E+002
  0.13173807E+006  0.12233512E+002
  0.13182592E+006  0.12206989E+002
  0.13191383E+006  0.12180519E+002
  0.13200180E+006  0.12154102E+002
  0.13208983E+006  0.12127737E+002
  0.13217791E+006  0.12101425E+002
  0.13226606E+006  0.12075165E+002
  0.13235426E+006  0.12048958E+002
  0.13244252E+006  0.12022803E+002
  0.13253084E+006  0.11996700E+002
  0.13261922E+006  0.11970649E+002
  0.13270766E+006  0.11944651E+002
  0.13279616E+006  0.11918704E+002
  0.13288472E+006  0.11892809E+002
  0.13297334E+006  0.11866966E+002
  0.13306201E+006  0.11841174E+002
  0.13315075E+006  0.11815434E+002
  0.13323954E+006  0.11789746E+002
  0.13332839E+006  0.11764109E+002
  0.13341731E+006  0.11738523E+002
  0.13350628E+006  0.11712989E+002
  0.13359531E+006  0.11687505E+002
  0.13368440E+006  0.11662073E+002
  0.13377355E+006  0.11636692E+002
  0.13386276E+006  0.11611361E+002
  0.13395203E+006  0.11586082E+002
  0.13404135E+006  0.11560853E+002
  0.13413074E+006  0.11535674E+002
  0.13422019E+006  0.11510546E+002
  0.13430970E+006  0.11485469E+002
  0.13439926E+006  0.11460442E+002
  0.13448889E+006  0.11435465E+002
  0.13457857E+006  0.11410538E+002
  0.13466832E+006  0.11385662E+002
  0.13475813E+006  0.11360835E+002
  0.13484799E+006  0.11336058E+002
  0.13493792E+006  0.11311331E+002
  0.13502790E+006  0.11286654E+002
  0.13511795E+006  0.11262027E+002
  0.13520805E+006  0.11237449E+002
  0.13529822E+006  0.11212920E+002
  0.13538845E+006  0.11188441E+002
  0.13547873E+006  0.11164012E+002
  0.13556908E+006  0.11139631E+002
  0.13565949E+006  0.11115300E+002
  0.13574995E+006  0.11091017E+002
  0.13584048E+006  0.11066784E+002
  0.13593107E+006  0.11042599E+002
  0.13602171E+006  0.11018463E+002
  0.13611242E+006  0.10994376E+002
  0.13620319E+006  0.10970338E+002
  0.13629402E+006  0.10946348E+002
  0.13638491E+006  0.10922407E+002
  0.13647586E+006  0.10898513E+002
  0.13656687E+006  0.10874669E+002
  0.13665794E+006  0.10850872E+002
  0.13674908E+006  0.10827123E+002
  0.13684027E+006  0.10803423E+002
  0.13693153E+006  0.10779770E+002
  0.13702284E+006  0.10756166E+002
  0.13711422E+006  0.10732609E+002
  0.13720565E+006  0.10709099E+002
  0.13729715E+006  0.10685638E+002
  0.13738871E+006  0.10662223E+002
  0.13748033E+006  0.10638857E+002
  0.13757201E+006  0.10615537E+002
  0.13766375E+006  0.10592265E+002
  0.13775556E+006  0.10569040E+002
  0.13784742E+006  0.10545862E+002
  0.13793935E+006  0.10522732E+002
  0.13803133E+006  0.10499648E+002
  0.13812338E+006  0.10476611E+002
  0.13821549E+006  0.10453620E+002
  0.13830766E+006  0.10430677E+002
  0.13839990E+006  0.10407780E+002
  0.13849219E+006  0.10384929E+002
  0.13858455E+006  0.10362125E+002
  0.13867696E+006  0.10339368E+002
  0.13876944E+006  0.10316656E+002
  0.13886198E+006  0.10293991E+002
  0.13895459E+006  0.10271372E+002
  0.13904725E+006  0.10248799E+002
  0.13913998E+006  0.10226271E+002
  0.13923276E+006  0.10203790E+002
  0.13932561E+006  0.10181355E+002
  0.13941853E+006  0.10158965E+002
  0.13951150E+006  0.10136621E+002
  0.13960453E+006  0.10114322E+002
  0.13969763E+006  0.10092069E+002
  0.13979079E+006  0.10069861E+002
  0.13988401E+006  0.10047698E+002
  0.13997730E+006  0.10025581E+002
  0.14007064E+006  0.10003509E+002
  0.14016405E+006  0.99814814E+001
  0.14025752E+006  0.99594992E+001
  0.14035106E+006  0.99375619E+001
  0.14044465E+006  0.99156693E+001
  0.14053831E+006  0.98938215E+001
  0.14063203E+006  0.98720184E+001
  0.14072581E+006  0.98502598E+001
  0.14081966E+006  0.98285457E+001
  0.14091357E+006  0.98068760E+001
  0.14100754E+006  0.97852506E+001
  0.14110157E+006  0.97636694E+001
  0.14119567E+006  0.97421325E+001
  0.14128982E+006  0.97206396E+001
  0.14138405E+006  0.96991907E+001
  0.14147833E+006  0.96777858E+001
  0.14157268E+006  0.96564247E+001
  0.14166709E+006  0.96351074E+001
  0.14176156E+006  0.96138337E+001
  0.14185610E+006  0.95926037E+001
  0.14195070E+006  0.95714172E+001
  0.14204536E+006  0.95502742E+001
  0.14214008E+006  0.95291746E+001
  0.14223487E+006  0.95081182E+001
  0.14232972E+006  0.94871051E+001
  0.14242464E+006  0.94661351E+001
  0.14251962E+006  0.94452082E+001
  0.14261466E+006  0.94243242E+001
  0.14270976E+006  0.94034832E+001
  0.14280493E+006  0.93826850E+001
  0.14290016E+006  0.93619295E+001
  0.14299546E+006  0.93412168E+001
  0.14309082E+006  0.93205466E+001
  0.14318624E+006  0.92999189E+001
  0.14328173E+006  0.92793337E+001
  0.14337728E+006  0.92587909E+001
  0.14347289E+006  0.92382903E+001
  0.14356857E+006  0.92178320E+001
  0.14366431E+006  0.91974158E+001
  0.14376011E+006  0.91770417E+001
  0.14385598E+006  0.91567095E+001
  0.14395191E+006  0.91364193E+001
  0.14404791E+006  0.91161708E+001
  0.14414397E+006  0.90959642E+001
  0.14424010E+006  0.90757992E+001
  0.14433629E+006  0.90556758E+001
  0.14443254E+006  0.90355939E+001
  0.14452886E+006  0.90155535E+001
  0.14462524E+006  0.89955545E+001
  0.14472168E+006  0.89755967E+001
  0.14481819E+006  0.89556802E+001
  0.14491477E+006  0.89358048E+001
  0.14501141E+006  0.89159705E+001
  0.14510811E+006  0.88961772E+001
  0.14520488E+006  0.88764249E+001
  0.14530171E+006  0.88567133E+001
  0.14539861E+006  0.88370426E+001
  0.14549557E+006  0.88174125E+001
  0.14559259E+006  0.87978231E+001
  0.14568969E+006  0.87782742E+001
  0.14578684E+006  0.87587658E+001
  0.14588406E+006  0.87392978E+001
  0.14598135E+006  0.87198701E+001
  0.14607870E+006  0.87004827E+001
  0.14617611E+006  0.86811354E+001
  0.14627359E+006  0.86618283E+001
  0.14637114E+006  0.86425612E+001
  0.14646875E+006  0.86233340E+001
  0.14656642E+006  0.86041467E+001
  0.14666416E+006  0.85849992E+001
  0.14676197E+006  0.85658915E+001
  0.14685984E+006  0.85468234E+001
  0.14695777E+006  0.85277949E+001
  0.14705578E+006  0.85088060E+001
  0.14715384E+006  0.84898565E+001
  0.14725197E+006  0.84709463E+001
  0.14735017E+006  0.84520754E+001
  0.14744843E+006  0.84332438E+001
  0.14754676E+006  0.84144513E+001
  0.14764516E+006  0.83956979E+001
  0.14774362E+006  0.83769836E+001
  0.14784214E+006  0.83583081E+001
  0.14794073E+006  0.83396715E+001
  0.14803939E+006  0.83210737E+001
  0.14813811E+006  0.83025147E+001
  0.14823690E+006  0.82839942E+001
  0.14833575E+006  0.82655124E+001
  0.14843467E+006  0.82470690E+001
  0.14853366E+006  0.82286641E+001
  0.14863271E+006  0.82102976E+001
  0.14873183E+006  0.81919693E+001
  0.14883102E+006  0.81736793E+001
  0.14893027E+006  0.81554274E+001
  0.14902958E+006  0.81372136E+001
  0.14912897E+006  0.81190378E+001
  0.14922841E+006  0.81008999E+001
  0.14932793E+006  0.80827999E+001
  0.14942751E+006  0.80647377E+001
  0.14952716E+006  0.80467132E+001
  0.14962687E+006  0.80287264E+001
  0.14972666E+006  0.80107771E+001
  0.14982650E+006  0.79928654E+001
  0.14992642E+006  0.79749911E+001
  0.15002640E+006  0.79571542E+001
  0.15012645E+006  0.79393546E+001
  0.15022656E+006  0.79215922E+001
  0.15032674E+006  0.79038670E+001
  0.15042699E+006  0.78861789E+001
  0.15052730E+006  0.78685278E+001
  0.15062769E+006  0.78509136E+001
  0.15072814E+006  0.78333364E+001
  0.15082865E+006  0.78157959E+001
  0.15092923E+006  0.77982923E+001
  0.15102988E+006  0.77808253E+001
  0.15113060E+006  0.77633949E+001
  0.15123138E+006  0.77460010E+001
  0.15133223E+006  0.77286437E+001
  0.15143315E+006  0.77113227E+001
  0.15153414E+006  0.76940381E+001
  0.15163519E+006  0.76767897E+001
  0.15173631E+006  0.76595775E+001
  0.15183750E+006  0.76424015E+001
  0.15193876E+006  0.76252616E+001
  0.15204008E+006  0.76081576E+001
  0.15214147E+006  0.75910896E+001
  0.15224293E+006  0.75740574E+001
  0.15234445E+006  0.75570610E+001
  0.15244605E+006  0.75401003E+001
  0.15254771E+006  0.75231754E+001
  0.15264944E+006  0.75062860E+001
  0.15275123E+006  0.74894321E+001
  0.15285310E+006  0.74726137E+001
  0.15295503E+006  0.74558306E+001
  0.15305703E+006  0.74390829E+001
  0.15315910E+006  0.74223705E+001
  0.15326124E+006  0.74056932E+001
  0.15336344E+006  0.73890511E+001
  0.15346571E+006  0.73724440E+001
  0.15356806E+006  0.73558719E+001
  0.15367047E+006  0.73393348E+001
  0.15377294E+006  0.73228325E+001
  0.15387549E+006  0.73063650E+001
  0.15397810E+006  0.72899322E+001
  0.15408079E+006  0.72735341E+001
  0.15418354E+006  0.72571706E+001
  0.15428636E+006  0.72408416E+001
  0.15438925E+006  0.72245470E+001
  0.15449220E+006  0.72082869E+001
  0.15459523E+006  0.71920611E+001
  0.15469832E+006  0.71758696E+001
  0.15480149E+006  0.71597123E+001
  0.15490472E+006  0.71435891E+001
  0.15500802E+006  0.71275000E+001
  0.15511139E+006  0.71114449E+001
  0.15521483E+006  0.70954237E+001
  0.15531833E+006  0.70794364E+001
  0.15542191E+006  0.70634830E+001
  0.15552556E+006  0.70475633E+001
  0.15562927E+006  0.70316772E+001
  0.15573306E+006  0.70158248E+001
  0.15583691E+006  0.70000060E+001
  0.15594083E+006  0.69842206E+001
  0.15604482E+006  0.69684687E+001
  0.15614888E+006  0.69527501E+001
  0.15625301E+006  0.69370649E+001
  0.15635721E+006  0.69214128E+001
  0.15646148E+006  0.69057940E+001
  0.15656582E+006  0.68902083E+001
  0.15667023E+006  0.68746556E+001
  0.15677471E+006  0.68591359E+001
  0.15687926E+006  0.68436491E+001
  0.15698388E+006  0.68281952E+001
  0.15708856E+006  0.68127740E+001
  0.15719332E+006  0.67973856E+001
  0.15729815E+006  0.67820299E+001
  0.15740304E+006  0.67667068E+001
  0.15750801E+006  0.67514162E+001
  0.15761305E+006  0.67361581E+001
  0.15771815E+006  0.67209325E+001
  0.15782333E+006  0.67057392E+001
  0.15792858E+006  0.66905781E+001
  0.15803390E+006  0.66754494E+001
  0.15813928E+006  0.66603527E+001
  0.15824474E+006  0.66452882E+001
  0.15835027E+006  0.66302558E+001
  0.15845587E+006  0.66152553E+001
  0.15856154E+006  0.66002868E+001
  0.15866728E+006  0.65853501E+001
  0.15877309E+006  0.65704452E+001
  0.15887897E+006  0.65555721E+001
  0.15898492E+006  0.65407306E+001
  0.15909094E+006  0.65259208E+001
  0.15919703E+006  0.65111425E+001
  0.15930319E+006  0.64963957E+001
  0.15940943E+006  0.64816804E+001
  0.15951573E+006  0.64669964E+001
  0.15962211E+006  0.64523437E+001
  0.15972856E+006  0.64377223E+001
  0.15983507E+006  0.64231321E+001
  0.15994166E+006  0.64085731E+001
  0.16004832E+006  0.63940450E+001
  0.16015505E+006  0.63795481E+001
  0.16026186E+006  0.63650820E+001
  0.16036873E+006  0.63506469E+001
  0.16047567E+006  0.63362426E+001
  0.16058269E+006  0.63218690E+001
  0.16068978E+006  0.63075262E+001
  0.16079693E+006  0.62932140E+001
  0.16090417E+006  0.62789324E+001
  0.16101147E+006  0.62646814E+001
  0.16111884E+006  0.62504608E+001
  0.16122628E+006  0.62362707E+001
  0.16133380E+006  0.62221109E+001
  0.16144139E+006  0.62079814E+001
  0.16154905E+006  0.61938822E+001
  0.16165678E+006  0.61798131E+001
  0.16176458E+006  0.61657741E+001
  0.16187246E+006  0.61517653E+001
  0.16198041E+006  0.61377864E+001
  0.16208843E+006  0.61238374E+001
  0.16219652E+006  0.61099184E+001
  0.16230468E+006  0.60960292E+001
  0.16241292E+006  0.60821698E+001
  0.16252122E+006  0.60683400E+001
  0.16262960E+006  0.60545400E+001
  0.16273806E+006  0.60407695E+001
  0.16284658E+006  0.60270286E+001
  0.16295518E+006  0.60133171E+001
  0.16306385E+006  0.59996351E+001
  0.16317259E+006  0.59859825E+001
  0.16328140E+006  0.59723591E+001
  0.16339029E+006  0.59587650E+001
  0.16349925E+006  0.59452002E+001
  0.16360828E+006  0.59316644E+001
  0.16371739E+006  0.59181577E+001
  0.16382657E+006  0.59046801E+001
  0.16393582E+006  0.58912314E+001
  0.16404514E+006  0.58778117E+001
  0.16415454E+006  0.58644208E+001
  0.16426400E+006  0.58510587E+001
  0.16437355E+006  0.58377253E+001
  0.16448316E+006  0.58244206E+001
  0.16459285E+006  0.58111446E+001
  0.16470261E+006  0.57978971E+001
  0.16481245E+006  0.57846782E+001
  0.16492235E+006  0.57714877E+001
  0.16503234E+006  0.57583256E+001
  0.16514239E+006  0.57451918E+001
  0.16525252E+006  0.57320864E+001
  0.16536272E+006  0.57190092E+001
  0.16547299E+006  0.57059602E+001
  0.16558334E+006  0.56929393E+001
  0.16569376E+006  0.56799465E+001
  0.16580426E+006  0.56669817E+001
  0.16591483E+006  0.56540448E+001
  0.16602547E+006  0.56411359E+001
  0.16613619E+006  0.56282548E+001
  0.16624698E+006  0.56154015E+001
  0.16635785E+006  0.56025760E+001
  0.16646878E+006  0.55897781E+001
  0.16657980E+006  0.55770079E+001
  0.16669088E+006  0.55642653E+001
  0.16680204E+006  0.55515502E+001
  0.16691328E+006  0.55388625E+001
  0.16702459E+006  0.55262023E+001
  0.16713597E+006  0.55135694E+001
  0.16724743E+006  0.55009639E+001
  0.16735896E+006  0.54883856E+001
  0.16747057E+006  0.54758345E+001
  0.16758225E+006  0.54633105E+001
  0.16769400E+006  0.54508136E+001
  0.16780583E+006  0.54383438E+001
  0.16791773E+006  0.54259009E+001
  0.16802971E+006  0.54134850E+001
  0.16814177E+006  0.54010960E+001
  0.16825389E+006  0.53887338E+001
  0.16836610E+006  0.53763984E+001
  0.16847838E+006  0.53640896E+001
  0.16859073E+006  0.53518076E+001
  0.16870316E+006  0.53395521E+001
  0.16881566E+006  0.53273233E+001
  0.16892824E+006  0.53151209E+001
  0.16904089E+006  0.53029450E+001
  0.16915362E+006  0.52907955E+001
  0.16926642E+006  0.52786723E+001
  0.16937930E+006  0.52665754E+001
  0.16949225E+006  0.52545048E+001
  0.16960528E+006  0.52424604E+001
  0.16971838E+006  0.52304421E+001
  0.16983156E+006  0.52184499E+001
  0.16994482E+006  0.52064837E+001
  0.17005815E+006  0.51945436E+001
  0.17017155E+006  0.51826293E+001
  0.17028504E+006  0.51707410E+001
  0.17039859E+006  0.51588784E+001
  0.17051223E+006  0.51470417E+001
  0.17062594E+006  0.51352307E+001
  0.17073972E+006  0.51234453E+001
  0.17085358E+006  0.51116856E+001
  0.17096752E+006  0.50999515E+001
  0.17108153E+006  0.50882428E+001
  0.17119562E+006  0.50765597E+001
  0.17130978E+006  0.50649020E+001
  0.17142402E+006  0.50532696E+001
  0.17153834E+006  0.50416626E+001
  0.17165273E+006  0.50300808E+001
  0.17176720E+006  0.50185242E+001
  0.17188175E+006  0.50069928E+001
  0.17199637E+006  0.49954866E+001
  0.17211107E+006  0.49840054E+001
  0.17222585E+006  0.49725492E+001
  0.17234070E+006  0.49611180E+001
  0.17245563E+006  0.49497117E+001
  0.17257063E+006  0.49383303E+001
  0.17268571E+006  0.49269736E+001
  0.17280087E+006  0.49156418E+001
  0.17291611E+006  0.49043347E+001
  0.17303142E+006  0.48930522E+001
  0.17314681E+006  0.48817944E+001
  0.17326227E+006  0.48705611E+001
  0.17337782E+006  0.48593524E+001
  0.17349344E+006  0.48481681E+001
  0.17360913E+006  0.48370082E+001
  0.17372491E+006  0.48258727E+001
  0.17384076E+006  0.48147616E+001
  0.17395669E+006  0.48036747E+001
  0.17407269E+006  0.47926120E+001
  0.17418878E+006  0.47815736E+001
  0.17430494E+006  0.47705592E+001
  0.17442117E+006  0.47595689E+001
  0.17453749E+006  0.47486027E+001
  0.17465388E+006  0.47376604E+001
  0.17477035E+006  0.47267421E+001
  0.17488690E+006  0.47158477E+001
  0.17500353E+006  0.47049771E+001
  0.17512023E+006  0.46941303E+001
  0.17523701E+006  0.46833072E+001
  0.17535387E+006  0.46725079E+001
  0.17547081E+006  0.46617321E+001
  0.17558783E+006  0.46509800E+001
  0.17570492E+006  0.46402514E+001
  0.17582209E+006  0.46295464E+001
  0.17593934E+006  0.46188648E+001
  0.17605667E+006  0.46082066E+001
  0.17617408E+006  0.45975717E+001
  0.17629156E+006  0.45869602E+001
  0.17640913E+006  0.45763720E+001
  0.17652677E+006  0.45658069E+001
  0.17664449E+006  0.45552651E+001
  0.17676228E+006  0.45447463E+001
  0.17688016E+006  0.45342507E+001
  0.17699812E+006  0.45237780E+001
  0.17711615E+006  0.45133284E+001
  0.17723426E+006  0.45029017E+001
  0.17735246E+006  0.44924979E+001
  0.17747073E+006  0.44821170E+001
  0.17758908E+006  0.44717588E+001
  0.17770750E+006  0.44614234E+001
  0.17782601E+006  0.44511107E+001
  0.17794460E+006  0.44408207E+001
  0.17806326E+006  0.44305533E+001
  0.17818201E+006  0.44203084E+001
  0.17830083E+006  0.44100861E+001
  0.17841973E+006  0.43998863E+001
  0.17853872E+006  0.43897089E+001
  0.17865778E+006  0.43795539E+001
  0.17877692E+006  0.43694212E+001
  0.17889614E+006  0.43593108E+001
  0.17901544E+006  0.43492227E+001
  0.17913482E+006  0.43391567E+001
  0.17925428E+006  0.43291130E+001
  0.17937382E+006  0.43190913E+001
  0.17949343E+006  0.43090918E+001
  0.17961313E+006  0.42991142E+001
  0.17973291E+006  0.42891586E+001
  0.17985277E+006  0.42792250E+001
  0.17997271E+006  0.42693133E+001
  0.18009272E+006  0.42594234E+001
  0.18021282E+006  0.42495553E+001
  0.18033300E+006  0.42397089E+001
  0.18045326E+006  0.42298843E+001
  0.18057360E+006  0.42200814E+001
  0.18069401E+006  0.42103000E+001
  0.18081451E+006  0.42005403E+001
  0.18093509E+006  0.41908021E+001
  0.18105575E+006  0.41810854E+001
  0.18117649E+006  0.41713901E+001
  0.18129731E+006  0.41617162E+001
  0.18141821E+006  0.41520637E+001
  0.18153920E+006  0.41424325E+001
  0.18166026E+006  0.41328226E+001
  0.18178140E+006  0.41232339E+001
  0.18190263E+006  0.41136664E+001
  0.18202393E+006  0.41041201E+001
  0.18214532E+006  0.40945948E+001
  0.18226678E+006  0.40850906E+001
  0.18238833E+006  0.40756074E+001
  0.18250996E+006  0.40661452E+001
  0.18263167E+006  0.40567039E+001
  0.18275346E+006  0.40472835E+001
  0.18287533E+006  0.40378840E+001
  0.18299729E+006  0.40285052E+001
  0.18311932E+006  0.40191472E+001
  0.18324144E+006  0.40098099E+001
  0.18336363E+006  0.40004933E+001
  0.18348591E+006  0.39911973E+001
  0.18360827E+006  0.39819219E+001
  0.18373072E+006  0.39726670E+001
  0.18385324E+006  0.39634327E+001
  0.18397585E+006  0.39542188E+001
  0.18409853E+006  0.39450253E+001
  0.18422130E+006  0.39358522E+001
  0.18434415E+006  0.39266994E+001
  0.18446709E+006  0.39175669E+001
  0.18459010E+006  0.39084547E+001
  0.18471320E+006  0.38993626E+001
  0.18483638E+006  0.38902908E+001
  0.18495964E+006  0.38812391E+001
  0.18508298E+006  0.38722074E+001
  0.18520641E+006  0.38631958E+001
  0.18532992E+006  0.38542042E+001
  0.18545351E+006  0.38452325E+001
  0.18557718E+006  0.38362808E+001
  0.18570093E+006  0.38273490E+001
  0.18582477E+006  0.38184370E+001
  0.18594869E+006  0.38095447E+001
  0.18607269E+006  0.38006723E+001
  0.18619678E+006  0.37918195E+001
  0.18632095E+006  0.37829864E+001
  0.18644520E+006  0.37741730E+001
  0.18656953E+006  0.37653791E+001
  0.18669395E+006  0.37566048E+001
  0.18681845E+006  0.37478501E+001
  0.18694303E+006  0.37391147E+001
  0.18706770E+006  0.37303988E+001
  0.18719245E+006  0.37217024E+001
  0.18731728E+006  0.37130252E+001
  0.18744220E+006  0.37043674E+001
  0.18756720E+006  0.36957288E+001
  0.18769228E+006  0.36871095E+001
  0.18781744E+006  0.36785093E+001
  0.18794269E+006  0.36699283E+001
  0.18806803E+006  0.36613664E+001
  0.18819344E+006  0.36528236E+001
  0.18831894E+006  0.36442998E+001
  0.18844453E+006  0.36357950E+001
  0.18857019E+006  0.36273092E+001
  0.18869594E+006  0.36188423E+001
  0.18882178E+006  0.36103942E+001
  0.18894770E+006  0.36019650E+001
  0.18907370E+006  0.35935546E+001
  0.18919979E+006  0.35851629E+001
  0.18932596E+006  0.35767900E+001
  0.18945221E+006  0.35684357E+001
  0.18957855E+006  0.35601001E+001
  0.18970498E+006  0.35517830E+001
  0.18983149E+006  0.35434846E+001
  0.18995808E+006  0.35352046E+001
  0.19008475E+006  0.35269432E+001
  0.19021152E+006  0.35187002E+001
  0.19033836E+006  0.35104756E+001
  0.19046529E+006  0.35022693E+001
  0.19059231E+006  0.34940814E+001
  0.19071941E+006  0.34859118E+001
  0.19084659E+006  0.34777605E+001
  0.19097386E+006  0.34696274E+001
  0.19110121E+006  0.34615124E+001
  0.19122865E+006  0.34534156E+001
  0.19135618E+006  0.34453369E+001
  0.19148379E+006  0.34372762E+001
  0.19161148E+006  0.34292336E+001
  0.19173926E+006  0.34212090E+001
  0.19186712E+006  0.34132024E+001
  0.19199507E+006  0.34052136E+001
  0.19212311E+006  0.33972427E+001
  0.19225123E+006  0.33892897E+001
  0.19237944E+006  0.33813545E+001
  0.19250773E+006  0.33734370E+001
  0.19263610E+006  0.33655373E+001
  0.19276457E+006  0.33576552E+001
  0.19289312E+006  0.33497909E+001
  0.19302175E+006  0.33419441E+001
  0.19315047E+006  0.33341149E+001
  0.19327927E+006  0.33263033E+001
  0.19340817E+006  0.33185091E+001
  0.19353714E+006  0.33107325E+001
  0.19366621E+006  0.33029732E+001
  0.19379536E+006  0.32952314E+001
  0.19392459E+006  0.32875069E+001
  0.19405391E+006  0.32797998E+001
  0.19418332E+006  0.32721100E+001
  0.19431282E+006  0.32644374E+001
  0.19444240E+006  0.32567820E+001
  0.19457206E+006  0.32491438E+001
  0.19470182E+006  0.32415227E+001
  0.19483166E+006  0.32339188E+001
  0.19496159E+006  0.32263319E+001
  0.19509160E+006  0.32187620E+001
  0.19522170E+006  0.32112092E+001
  0.19535189E+006  0.32036733E+001
  0.19548216E+006  0.31961544E+001
  0.19561252E+006  0.31886523E+001
  0.19574297E+006  0.31811671E+001
  0.19587350E+006  0.31736988E+001
  0.19600412E+006  0.31662472E+001
  0.19613483E+006  0.31588124E+001
  0.19626563E+006  0.31513943E+001
  0.19639651E+006  0.31439928E+001
  0.19652748E+006  0.31366080E+001
  0.19665854E+006  0.31292399E+001
  0.19678968E+006  0.31218883E+001
  0.19692092E+006  0.31145532E+001
  0.19705224E+006  0.31072347E+001
  0.19718364E+006  0.30999326E+001
  0.19731514E+006  0.30926470E+001
  0.19744672E+006  0.30853777E+001
  0.19757839E+006  0.30781249E+001
  0.19771015E+006  0.30708883E+001
  0.19784200E+006  0.30636681E+001
  0.19797393E+006  0.30564641E+001
  0.19810595E+006  0.30492764E+001
  0.19823806E+006  0.30421048E+001
  0.19837026E+006  0.30349495E+001
  0.19850255E+006  0.30278102E+001
  0.19863492E+006  0.30206871E+001
  0.19876739E+006  0.30135800E+001
  0.19889994E+006  0.30064889E+001
  0.19903258E+006  0.29994138E+001
  0.19916531E+006  0.29923547E+001
  0.19929812E+006  0.29853115E+001
  0.19943103E+006  0.29782842E+001
  0.19956402E+006  0.29712727E+001
  0.19969710E+006  0.29642771E+001
  0.19983028E+006  0.29572973E+001
  0.19996354E+006  0.29503332E+001
  0.20009688E+006  0.29433848E+001
  0.20023032E+006  0.29364522E+001
  0.20036385E+006  0.29295352E+001
  0.20049747E+006  0.29226338E+001
  0.20063117E+006  0.29157480E+001
  0.20076496E+006  0.29088777E+001
  0.20089885E+006  0.29020230E+001
  0.20103282E+006  0.28951838E+001
  0.20116688E+006  0.28883600E+001
  0.20130103E+006  0.28815517E+001
  0.20143528E+006  0.28747588E+001
  0.20156961E+006  0.28679812E+001
  0.20170403E+006  0.28612189E+001
  0.20183854E+006  0.28544720E+001
  0.20197314E+006  0.28477403E+001
  0.20210782E+006  0.28410238E+001
  0.20224260E+006  0.28343225E+001
  0.20237747E+006  0.28276364E+001
  0.20251243E+006  0.28209655E+001
  0.20264748E+006  0.28143096E+001
  0.20278262E+006  0.28076688E+001
  0.20291785E+006  0.28010430E+001
  0.20305317E+006  0.27944323E+001
  0.20318858E+006  0.27878365E+001
  0.20332408E+006  0.27812556E+001
  0.20345967E+006  0.27746897E+001
  0.20359535E+006  0.27681387E+001
  0.20373112E+006  0.27616024E+001
  0.20386698E+006  0.27550810E+001
  0.20400293E+006  0.27485744E+001
  0.20413897E+006  0.27420826E+001
  0.20427511E+006  0.27356054E+001
  0.20441133E+006  0.27291430E+001
  0.20454765E+006  0.27226952E+001
  0.20468405E+006  0.27162620E+001
  0.20482055E+006  0.27098435E+001
  0.20495714E+006  0.27034394E+001
  0.20509382E+006  0.26970500E+001
  0.20523059E+006  0.26906750E+001
  0.20536745E+006  0.26843145E+001
  0.20550440E+006  0.26779684E+001
  0.20564145E+006  0.26716368E+001
  0.20577858E+006  0.26653195E+001
  0.20591581E+006  0.26590166E+001
  0.20605313E+006  0.26527279E+001
  0.20619054E+006  0.26464536E+001
  0.20632804E+006  0.26401935E+001
  0.20646563E+006  0.26339477E+001
  0.20660332E+006  0.26277160E+001
  0.20674109E+006  0.26214986E+001
  0.20687896E+006  0.26152952E+001
  0.20701692E+006  0.26091060E+001
  0.20715497E+006  0.26029308E+001
  0.20729312E+006  0.25967696E+001
  0.20743136E+006  0.25906225E+001
  0.20756969E+006  0.25844894E+001
  0.20770811E+006  0.25783702E+001
  0.20784662E+006  0.25722649E+001
  0.20798523E+006  0.25661736E+001
  0.20812392E+006  0.25600961E+001
  0.20826272E+006  0.25540324E+001
  0.20840160E+006  0.25479825E+001
  0.20854058E+006  0.25419465E+001
  0.20867964E+006  0.25359241E+001
  0.20881881E+006  0.25299155E+001
  0.20895806E+006  0.25239205E+001
  0.20909741E+006  0.25179393E+001
  0.20923685E+006  0.25119716E+001
  0.20937638E+006  0.25060175E+001
  0.20951601E+006  0.25000770E+001
  0.20965573E+006  0.24941501E+001
  0.20979554E+006  0.24882367E+001
  0.20993544E+006  0.24823367E+001
  0.21007544E+006  0.24764502E+001
  0.21021554E+006  0.24705771E+001
  0.21035572E+006  0.24647174E+001
  0.21049600E+006  0.24588711E+001
  0.21063637E+006  0.24530381E+001
  0.21077684E+006  0.24472185E+001
  0.21091740E+006  0.24414121E+001
  0.21105805E+006  0.24356189E+001
  0.21119880E+006  0.24298390E+001
  0.21133964E+006  0.24240723E+001
  0.21148058E+006  0.24183187E+001
  0.21162161E+006  0.24125783E+001
  0.21176273E+006  0.24068510E+001
  0.21190395E+006  0.24011368E+001
  0.21204526E+006  0.23954356E+001
  0.21218667E+006  0.23897474E+001
  0.21232817E+006  0.23840723E+001
  0.21246976E+006  0.23784101E+001
  0.21261145E+006  0.23727609E+001
  0.21275323E+006  0.23671245E+001
  0.21289511E+006  0.23615011E+001
  0.21303708E+006  0.23558905E+001
  0.21317915E+006  0.23502927E+001
  0.21332131E+006  0.23447078E+001
  0.21346357E+006  0.23391356E+001
  0.21360592E+006  0.23335762E+001
  0.21374837E+006  0.23280294E+001
  0.21389091E+006  0.23224954E+001
  0.21403355E+006  0.23169740E+001
  0.21417628E+006  0.23114653E+001
  0.21431911E+006  0.23059692E+001
  0.21446203E+006  0.23004857E+001
  0.21460505E+006  0.22950147E+001
  0.21474816E+006  0.22895562E+001
  0.21489137E+006  0.22841103E+001
  0.21503467E+006  0.22786768E+001
  0.21517807E+006  0.22732558E+001
  0.21532157E+006  0.22678471E+001
  0.21546516E+006  0.22624509E+001
  0.21560884E+006  0.22570671E+001
  0.21575262E+006  0.22516956E+001
  0.21589650E+006  0.22463363E+001
  0.21604048E+006  0.22409894E+001
  0.21618455E+006  0.22356548E+001
  0.21632871E+006  0.22303323E+001
  0.21647298E+006  0.22250221E+001
  0.21661733E+006  0.22197241E+001
  0.21676179E+006  0.22144382E+001
  0.21690634E+006  0.22091644E+001
  0.21705099E+006  0.22039028E+001
  0.21719573E+006  0.21986532E+001
  0.21734057E+006  0.21934156E+001
  0.21748551E+006  0.21881901E+001
  0.21763054E+006  0.21829766E+001
  0.21777567E+006  0.21777750E+001
  0.21792090E+006  0.21725854E+001
  0.21806623E+006  0.21674077E+001
  0.21821165E+006  0.21622419E+001
  0.21835717E+006  0.21570880E+001
  0.21850278E+006  0.21519459E+001
  0.21864849E+006  0.21468156E+001
  0.21879430E+006  0.21416971E+001
  0.21894021E+006  0.21365904E+001
  0.21908621E+006  0.21314954E+001
  0.21923231E+006  0.21264121E+001
  0.21937851E+006  0.21213405E+001
  0.21952481E+006  0.21162806E+001
  0.21967120E+006  0.21112323E+001
  0.21981769E+006  0.21061956E+001
  0.21996428E+006  0.21011705E+001
  0.22011097E+006  0.20961569E+001
  0.22025775E+006  0.20911549E+001
  0.22040464E+006  0.20861644E+001
  0.22055162E+006  0.20811854E+001
  0.22069870E+006  0.20762179E+001
  0.22084587E+006  0.20712617E+001
  0.22099315E+006  0.20663170E+001
  0.22114052E+006  0.20613837E+001
  0.22128799E+006  0.20564617E+001
  0.22143556E+006  0.20515511E+001
  0.22158323E+006  0.20466517E+001
  0.22173100E+006  0.20417637E+001
  0.22187886E+006  0.20368869E+001
  0.22202682E+006  0.20320214E+001
  0.22217489E+006  0.20271670E+001
  0.22232305E+006  0.20223239E+001
  0.22247131E+006  0.20174919E+001
  0.22261967E+006  0.20126711E+001
  0.22276812E+006  0.20078613E+001
  0.22291668E+006  0.20030627E+001
  0.22306534E+006  0.19982751E+001
  0.22321409E+006  0.19934986E+001
  0.22336295E+006  0.19887330E+001
  0.22351190E+006  0.19839785E+001
  0.22366095E+006  0.19792350E+001
  0.22381010E+006  0.19745023E+001
  0.22395935E+006  0.19697806E+001
  0.22410871E+006  0.19650698E+001
  0.22425816E+006  0.19603699E+001
  0.22440771E+006  0.19556808E+001
  0.22455736E+006  0.19510026E+001
  0.22470711E+006  0.19463351E+001
  0.22485696E+006  0.19416785E+001
  0.22500691E+006  0.19370326E+001
  0.22515696E+006  0.19323974E+001
  0.22530711E+006  0.19277729E+001
  0.22545736E+006  0.19231591E+001
  0.22560771E+006  0.19185560E+001
  0.22575816E+006  0.19139635E+001
  0.22590871E+006  0.19093816E+001
  0.22605936E+006  0.19048103E+001
  0.22621011E+006  0.19002496E+001
  0.22636096E+006  0.18956994E+001
  0.22651191E+006  0.18911597E+001
  0.22666297E+006  0.18866306E+001
  0.22681412E+006  0.18821119E+001
  0.22696538E+006  0.18776036E+001
  0.22711673E+006  0.18731058E+001
  0.22726819E+006  0.18686184E+001
  0.22741974E+006  0.18641414E+001
  0.22757140E+006  0.18596747E+001
  0.22772316E+006  0.18552184E+001
  0.22787502E+006  0.18507724E+001
  0.22802699E+006  0.18463367E+001
  0.22817905E+006  0.18419112E+001
  0.22833122E+006  0.18374960E+001
  0.22848348E+006  0.18330911E+001
  0.22863585E+006  0.18286963E+001
  0.22878832E+006  0.18243117E+001
  0.22894089E+006  0.18199372E+001
  0.22909356E+006  0.18155729E+001
  0.22924634E+006  0.18112187E+001
  0.22939922E+006  0.18068746E+001
  0.22955219E+006  0.18025406E+001
  0.22970527E+006  0.17982166E+001
  0.22985846E+006  0.17939026E+001
  0.23001174E+006  0.17895987E+001
  0.23016513E+006  0.17853047E+001
  0.23031862E+006  0.17810207E+001
  0.23047221E+006  0.17767466E+001
  0.23062591E+006  0.17724824E+001
  0.23077970E+006  0.17682281E+001
  0.23093360E+006  0.17639837E+001
  0.23108760E+006  0.17597491E+001
  0.23124171E+006  0.17555243E+001
  0.23139592E+006  0.17513094E+001
  0.23155023E+006  0.17471042E+001
  0.23170464E+006  0.17429088E+001
  0.23185915E+006  0.17387232E+001
  0.23201377E+006  0.17345472E+001
  0.23216850E+006  0.17303810E+001
  0.23232332E+006  0.17262244E+001
  0.23247825E+006  0.17220775E+001
  0.23263328E+006  0.17179402E+001
  0.23278842E+006  0.17138125E+001
  0.23294366E+006  0.17096944E+001
  0.23309900E+006  0.17055859E+001
  0.23325444E+006  0.17014870E+001
  0.23340999E+006  0.16973975E+001
  0.23356565E+006  0.16933176E+001
  0.23372140E+006  0.16892471E+001
  0.23387727E+006  0.16851861E+001
  0.23403323E+006  0.16811346E+001
  0.23418930E+006  0.16770924E+001
  0.23434547E+006  0.16730597E+001
  0.23450175E+006  0.16690364E+001
  0.23465813E+006  0.16650224E+001
  0.23481462E+006  0.16610177E+001
  0.23497121E+006  0.16570224E+001
  0.23512790E+006  0.16530364E+001
  0.23528470E+006  0.16490596E+001
  0.23544160E+006  0.16450921E+001
  0.23559861E+006  0.16411338E+001
  0.23575573E+006  0.16371848E+001
  0.23591294E+006  0.16332449E+001
  0.23607027E+006  0.16293142E+001
  0.23622769E+006  0.16253927E+001
  0.23638523E+006  0.16214803E+001
  0.23654286E+006  0.16175770E+001
  0.23670061E+006  0.16136828E+001
  0.23685845E+006  0.16097977E+001
  0.23701641E+006  0.16059216E+001
  0.23717446E+006  0.16020546E+001
  0.23733263E+006  0.15981966E+001
  0.23749090E+006  0.15943475E+001
  0.23764927E+006  0.15905075E+001
  0.23780775E+006  0.15866763E+001
  0.23796634E+006  0.15828542E+001
  0.23812503E+006  0.15790409E+001
  0.23828383E+006  0.15752365E+001
  0.23844273E+006  0.15714410E+001
  0.23860174E+006  0.15676544E+001
  0.23876086E+006  0.15638766E+001
  0.23892008E+006  0.15601076E+001
  0.23907941E+006  0.15563474E+001
  0.23923884E+006  0.15525959E+001
  0.23939838E+006  0.15488533E+001
  0.23955803E+006  0.15451193E+001
  0.23971778E+006  0.15413941E+001
  0.23987764E+006  0.15376776E+001
  0.24003761E+006  0.15339697E+001
  0.24019768E+006  0.15302705E+001
  0.24035786E+006  0.15265800E+001
  0.24051815E+006  0.15228980E+001
  0.24067854E+006  0.15192247E+001
  0.24083904E+006  0.15155599E+001
  0.24099965E+006  0.15119037E+001
  0.24116036E+006  0.15082561E+001
  0.24132118E+006  0.15046170E+001
  0.24148211E+006  0.15009863E+001
  0.24164315E+006  0.14973642E+001
  0.24180429E+006  0.14937505E+001
  0.24196555E+006  0.14901453E+001
  0.24212690E+006  0.14865485E+001
  0.24228837E+006  0.14829601E+001
  0.24244994E+006  0.14793802E+001
  0.24261163E+006  0.14758085E+001
  0.24277342E+006  0.14722453E+001
  0.24293531E+006  0.14686904E+001
  0.24309732E+006  0.14651437E+001
  0.24325943E+006  0.14616054E+001
  0.24342165E+006  0.14580754E+001
  0.24358398E+006  0.14545536E+001
  0.24374642E+006  0.14510401E+001
  0.24390897E+006  0.14475348E+001
  0.24407162E+006  0.14440377E+001
  0.24423439E+006  0.14405488E+001
  0.24439726E+006  0.14370680E+001
  0.24456024E+006  0.14335954E+001
  0.24472333E+006  0.14301310E+001
  0.24488653E+006  0.14266746E+001
  0.24504983E+006  0.14232264E+001
  0.24521325E+006  0.14197862E+001
  0.24537677E+006  0.14163541E+001
  0.24554041E+006  0.14129300E+001
  0.24570415E+006  0.14095140E+001
  0.24586800E+006  0.14061059E+001
  0.24603196E+006  0.14027059E+001
  0.24619603E+006  0.13993138E+001
  0.24636021E+006  0.13959297E+001
  0.24652450E+006  0.13925535E+001
  0.24668890E+006  0.13891852E+001
  0.24685341E+006  0.13858248E+001
  0.24701803E+006  0.13824723E+001
  0.24718276E+006  0.13791277E+001
  0.24734759E+006  0.13757909E+001
  0.24751254E+006  0.13724620E+001
  0.24767760E+006  0.13691408E+001
  0.24784277E+006  0.13658275E+001
  0.24800804E+006  0.13625219E+001
  0.24817343E+006  0.13592241E+001
  0.24833893E+006  0.13559340E+001
  0.24850454E+006  0.13526516E+001
  0.24867026E+006  0.13493770E+001
  0.24883609E+006  0.13461100E+001
  0.24900203E+006  0.13428507E+001
  0.24916808E+006  0.13395991E+001
  0.24933424E+006  0.13363551E+001
  0.24950052E+006  0.13331187E+001
  0.24966690E+006  0.13298899E+001
  0.24983339E+006  0.13266687E+001
  0.25000000E+006  0.13234551E+001
