  0.12497842E+004  0.99998829E-099
  0.12506176E+004  0.99998829E-099
  0.12514516E+004  0.99998828E-099
  0.12522861E+004  0.99998829E-099
  0.12531213E+004  0.99998829E-099
  0.12539569E+004  0.99998829E-099
  0.12547931E+004  0.99998829E-099
  0.12556299E+004  0.99998829E-099
  0.12564673E+004  0.99998829E-099
  0.12573052E+004  0.99998829E-099
  0.12581436E+004  0.99998829E-099
  0.12589826E+004  0.99998829E-099
  0.12598222E+004  0.99998830E-099
  0.12606623E+004  0.99998829E-099
  0.12615030E+004  0.99998829E-099
  0.12623443E+004  0.99998828E-099
  0.12631861E+004  0.99998829E-099
  0.12640285E+004  0.99998828E-099
  0.12648714E+004  0.99998829E-099
  0.12657149E+004  0.99998829E-099
  0.12665590E+004  0.99998828E-099
  0.12674036E+004  0.99998830E-099
  0.12682488E+004  0.99998828E-099
  0.12690945E+004  0.99998829E-099
  0.12699409E+004  0.99998828E-099
  0.12707877E+004  0.99998828E-099
  0.12716352E+004  0.99998828E-099
  0.12724832E+004  0.99998827E-099
  0.12733318E+004  0.99998829E-099
  0.12741809E+004  0.99998830E-099
  0.12750306E+004  0.99998828E-099
  0.12758809E+004  0.99998826E-099
  0.12767317E+004  0.99998827E-099
  0.12775832E+004  0.99998823E-099
  0.12784351E+004  0.99998825E-099
  0.12792877E+004  0.99998824E-099
  0.12801408E+004  0.99998826E-099
  0.12809945E+004  0.99998831E-099
  0.12818487E+004  0.99998827E-099
  0.12827036E+004  0.99998832E-099
  0.12835589E+004  0.99998826E-099
  0.12844149E+004  0.99998822E-099
  0.12852714E+004  0.99998826E-099
  0.12861285E+004  0.99998833E-099
  0.12869862E+004  0.99998827E-099
  0.12878445E+004  0.99998827E-099
  0.12887033E+004  0.99998827E-099
  0.12895627E+004  0.99998828E-099
  0.12904226E+004  0.99998824E-099
  0.12912832E+004  0.99998833E-099
  0.12921443E+004  0.99998819E-099
  0.12930060E+004  0.99998824E-099
  0.12938683E+004  0.99998816E-099
  0.12947311E+004  0.99998818E-099
  0.12955945E+004  0.99998812E-099
  0.12964585E+004  0.99998814E-099
  0.12973231E+004  0.99998838E-099
  0.12981882E+004  0.99998794E-099
  0.12990539E+004  0.99998802E-099
  0.12999202E+004  0.99998808E-099
  0.13007871E+004  0.99998791E-099
  0.13016545E+004  0.99998813E-099
  0.13025226E+004  0.99998775E-099
  0.13033912E+004  0.99998847E-099
  0.13042604E+004  0.99998819E-099
  0.13051301E+004  0.99998809E-099
  0.13060005E+004  0.99998823E-099
  0.13068714E+004  0.99998824E-099
  0.13077429E+004  0.99998777E-099
  0.13086150E+004  0.99998767E-099
  0.13094877E+004  0.99998696E-099
  0.13103609E+004  0.99998706E-099
  0.13112348E+004  0.99998763E-099
  0.13121092E+004  0.99998815E-099
  0.13129842E+004  0.99998616E-099
  0.13138598E+004  0.99998758E-099
  0.13147359E+004  0.99998590E-099
  0.13156127E+004  0.99998663E-099
  0.13164900E+004  0.99998908E-099
  0.13173680E+004  0.99998731E-099
  0.13182465E+004  0.99998659E-099
  0.13191256E+004  0.99998685E-099
  0.13200052E+004  0.99998874E-099
  0.13208855E+004  0.99998603E-099
  0.13217664E+004  0.99998546E-099
  0.13226478E+004  0.99998881E-099
  0.13235298E+004  0.99998391E-099
  0.13244125E+004  0.99999210E-099
  0.13252957E+004  0.99999172E-099
  0.13261795E+004  0.99998231E-099
  0.13270638E+004  0.99997891E-099
  0.13279488E+004  0.99998080E-099
  0.13288344E+004  0.99998717E-099
  0.13297205E+004  0.99998400E-099
  0.13306073E+004  0.99999040E-099
  0.13314946E+004  0.99998934E-099
  0.13323826E+004  0.99998194E-099
  0.13332711E+004  0.99997598E-099
  0.13341602E+004  0.99996759E-099
  0.13350499E+004  0.99997480E-099
  0.13359402E+004  0.10000061E-098
  0.13368311E+004  0.99997668E-099
  0.13377226E+004  0.99997944E-099
  0.13386147E+004  0.99997725E-099
  0.13395073E+004  0.99993675E-099
  0.13404006E+004  0.99994813E-099
  0.13412945E+004  0.99995225E-099
  0.13421889E+004  0.99998461E-099
  0.13430840E+004  0.99997461E-099
  0.13439797E+004  0.99992278E-099
  0.13448759E+004  0.99996075E-099
  0.13457728E+004  0.99992631E-099
  0.13466702E+004  0.10000322E-098
  0.13475683E+004  0.99993926E-099
  0.13484669E+004  0.99985495E-099
  0.13493662E+004  0.99990793E-099
  0.13502660E+004  0.99986958E-099
  0.13511665E+004  0.99983204E-099
  0.13520675E+004  0.99974758E-099
  0.13529692E+004  0.99965230E-099
  0.13538714E+004  0.99979484E-099
  0.13547743E+004  0.99956307E-099
  0.13556777E+004  0.99978719E-099
  0.13565818E+004  0.99923965E-099
  0.13574864E+004  0.99936374E-099
  0.13583917E+004  0.99895444E-099
  0.13592976E+004  0.99887934E-099
  0.13602040E+004  0.99984207E-099
  0.13611111E+004  0.99968608E-099
  0.13620188E+004  0.99916360E-099
  0.13629271E+004  0.99951181E-099
  0.13638360E+004  0.99916227E-099
  0.13647455E+004  0.99802732E-099
  0.13656556E+004  0.99780160E-099
  0.13665663E+004  0.99889255E-099
  0.13674776E+004  0.99981174E-099
  0.13683895E+004  0.99699957E-099
  0.13693020E+004  0.99615532E-099
  0.13702152E+004  0.99617282E-099
  0.13711289E+004  0.99449163E-099
  0.13720433E+004  0.99555120E-099
  0.13729583E+004  0.99543649E-099
  0.13738738E+004  0.99463069E-099
  0.13747900E+004  0.99648805E-099
  0.13757068E+004  0.99382418E-099
  0.13766243E+004  0.99086881E-099
  0.13775423E+004  0.99712228E-099
  0.13784609E+004  0.99962477E-099
  0.13793802E+004  0.99637838E-099
  0.13803000E+004  0.98935199E-099
  0.13812205E+004  0.98564781E-099
  0.13821416E+004  0.97354287E-099
  0.13830633E+004  0.97054467E-099
  0.13839856E+004  0.95102649E-099
  0.13849086E+004  0.93964081E-099
  0.13858321E+004  0.90258873E-099
  0.13867563E+004  0.91291837E-099
  0.13876810E+004  0.90069998E-099
  0.13886064E+004  0.88557629E-099
  0.13895325E+004  0.89506254E-099
  0.13904591E+004  0.92638875E-099
  0.13913863E+004  0.93696285E-099
  0.13923142E+004  0.91864024E-099
  0.13932427E+004  0.87515474E-099
  0.13941718E+004  0.88042803E-099
  0.13951015E+004  0.81033483E-099
  0.13960319E+004  0.76786179E-099
  0.13969629E+004  0.96490203E-099
  0.13978944E+004  0.90753941E-099
  0.13988266E+004  0.84734438E-099
  0.13997595E+004  0.76709605E-099
  0.14006929E+004  0.61579236E-099
  0.14016270E+004  0.35730647E-099
  0.14025617E+004 -0.20568771E-099
  0.14034970E+004 -0.33016637E-099
  0.14044330E+004 -0.76915381E-099
  0.14053695E+004 -0.99956854E-099
  0.14063067E+004  0.68177204E-099
  0.14072446E+004 -0.12463319E-098
  0.14081830E+004 -0.12544102E-098
  0.14091221E+004 -0.39474303E-099
  0.14100618E+004 -0.81493567E-100
  0.14110021E+004 -0.29503535E-099
  0.14119430E+004 -0.15846136E-099
  0.14128846E+004 -0.16926188E-098
  0.14138268E+004 -0.21827774E-098
  0.14147697E+004 -0.34674786E-098
  0.14157131E+004  0.27642345E-099
  0.14166572E+004 -0.87071800E-099
  0.14176019E+004 -0.51807108E-098
  0.14185473E+004 -0.81377446E-098
  0.14194933E+004 -0.59090546E-098
  0.14204399E+004 -0.10757930E-097
  0.14213871E+004 -0.13336338E-097
  0.14223350E+004 -0.15037390E-097
  0.14232835E+004 -0.19277288E-097
  0.14242326E+004 -0.24398541E-097
  0.14251824E+004 -0.17506863E-097
  0.14261328E+004 -0.14831254E-097
  0.14270839E+004 -0.28887446E-097
  0.14280355E+004 -0.30822204E-097
  0.14289879E+004 -0.25690029E-097
  0.14299408E+004 -0.29015341E-097
  0.14308944E+004 -0.44757653E-097
  0.14318486E+004 -0.47898738E-097
  0.14328034E+004 -0.34786279E-097
  0.14337589E+004 -0.24705689E-097
  0.14347151E+004 -0.40182709E-097
  0.14356718E+004 -0.48776057E-097
  0.14366292E+004 -0.59623019E-097
  0.14375873E+004 -0.79723040E-097
  0.14385459E+004 -0.60356860E-097
  0.14395053E+004 -0.62120177E-097
  0.14404652E+004 -0.86894477E-097
  0.14414258E+004 -0.99225360E-097
  0.14423871E+004 -0.95930331E-097
  0.14433489E+004 -0.91683869E-097
  0.14443115E+004 -0.74154125E-097
  0.14452746E+004 -0.14164599E-096
  0.14462384E+004 -0.13389438E-096
  0.14472029E+004 -0.43567099E-097
  0.14481680E+004 -0.11421301E-096
  0.14491337E+004 -0.13560376E-096
  0.14501001E+004 -0.15783319E-096
  0.14510671E+004 -0.20613514E-096
  0.14520348E+004 -0.22310268E-096
  0.14530031E+004 -0.21434265E-096
  0.14539720E+004 -0.28710150E-096
  0.14549417E+004 -0.28793484E-096
  0.14559119E+004 -0.33822517E-096
  0.14568828E+004 -0.33958523E-096
  0.14578544E+004 -0.33324916E-096
  0.14588265E+004 -0.32483513E-096
  0.14597994E+004 -0.31227560E-096
  0.14607729E+004 -0.36946051E-096
  0.14617470E+004 -0.34604224E-096
  0.14627218E+004 -0.37693414E-096
  0.14636973E+004 -0.38534780E-096
  0.14646733E+004 -0.39401055E-096
  0.14656501E+004 -0.31065677E-096
  0.14666275E+004 -0.38256522E-096
  0.14676055E+004 -0.41288186E-096
  0.14685842E+004 -0.32333095E-096
  0.14695636E+004 -0.93608486E-097
  0.14705436E+004 -0.21291240E-096
  0.14715242E+004 -0.19709062E-096
  0.14725055E+004 -0.42227511E-096
  0.14734875E+004 -0.48295139E-096
  0.14744701E+004 -0.54526478E-096
  0.14754534E+004 -0.38725388E-096
  0.14764373E+004 -0.38261652E-096
  0.14774219E+004 -0.59395527E-096
  0.14784072E+004 -0.42263217E-096
  0.14793931E+004 -0.53921292E-096
  0.14803796E+004 -0.53172001E-096
  0.14813668E+004 -0.51158217E-096
  0.14823547E+004 -0.54942070E-096
  0.14833432E+004 -0.61637157E-096
  0.14843324E+004 -0.67094428E-096
  0.14853223E+004 -0.60206962E-096
  0.14863128E+004 -0.68914870E-096
  0.14873040E+004 -0.70299311E-096
  0.14882958E+004 -0.61744597E-096
  0.14892883E+004 -0.50807740E-096
  0.14902815E+004 -0.59861863E-096
  0.14912753E+004 -0.65374107E-096
  0.14922698E+004 -0.27498915E-096
  0.14932649E+004 -0.48796079E-096
  0.14942607E+004 -0.48101891E-096
  0.14952572E+004 -0.67558331E-096
  0.14962543E+004 -0.84524342E-096
  0.14972521E+004 -0.92892374E-096
  0.14982506E+004 -0.91139984E-096
  0.14992497E+004 -0.49808532E-096
  0.15002495E+004 -0.75854415E-096
  0.15012500E+004 -0.58105929E-096
  0.15022511E+004 -0.52567681E-096
  0.15032529E+004 -0.74344749E-096
  0.15042554E+004 -0.87656634E-096
  0.15052585E+004 -0.89213444E-096
  0.15062623E+004 -0.10259962E-095
  0.15072668E+004 -0.84689029E-096
  0.15082720E+004 -0.85335554E-096
  0.15092778E+004 -0.70806094E-096
  0.15102843E+004 -0.96472135E-096
  0.15112914E+004 -0.12358159E-095
  0.15122993E+004 -0.10942769E-095
  0.15133078E+004 -0.13338104E-095
  0.15143169E+004 -0.11752085E-095
  0.15153268E+004 -0.46255576E-096
  0.15163373E+004 -0.60209461E-096
  0.15173485E+004 -0.78275111E-096
  0.15183604E+004 -0.97161565E-096
  0.15193729E+004 -0.12099637E-095
  0.15203861E+004 -0.13364640E-095
  0.15214000E+004 -0.16013258E-095
  0.15224146E+004 -0.16531765E-095
  0.15234298E+004 -0.16169240E-095
  0.15244458E+004 -0.13404128E-095
  0.15254624E+004 -0.16487393E-095
  0.15264796E+004 -0.13804499E-095
  0.15274976E+004 -0.12067098E-095
  0.15285162E+004 -0.18910557E-095
  0.15295356E+004 -0.13368643E-095
  0.15305556E+004 -0.15675421E-095
  0.15315762E+004 -0.81130501E-096
  0.15325976E+004 -0.24337218E-095
  0.15336196E+004 -0.33994852E-095
  0.15346423E+004 -0.12181962E-095
  0.15356657E+004 -0.89135534E-096
  0.15366898E+004 -0.25787247E-095
  0.15377146E+004 -0.15274751E-095
  0.15387401E+004 -0.84741029E-096
  0.15397662E+004 -0.12316752E-095
  0.15407930E+004 -0.10840722E-095
  0.15418205E+004 -0.12858782E-095
  0.15428487E+004 -0.21353208E-095
  0.15438776E+004 -0.20596255E-095
  0.15449071E+004 -0.15542701E-095
  0.15459374E+004 -0.17273365E-095
  0.15469683E+004 -0.27768218E-095
  0.15479999E+004 -0.27424117E-095
  0.15490322E+004 -0.99354369E-096
  0.15500652E+004 -0.23329157E-095
  0.15510989E+004 -0.18207655E-095
  0.15521333E+004 -0.89012637E-096
  0.15531684E+004 -0.13209447E-095
  0.15542041E+004 -0.34825581E-095
  0.15552406E+004 -0.26028012E-095
  0.15562777E+004 -0.98415517E-096
  0.15573155E+004 -0.40154873E-095
  0.15583541E+004 -0.20149866E-095
  0.15593933E+004 -0.87682931E-096
  0.15604332E+004 -0.47587576E-095
  0.15614738E+004 -0.32180008E-096
  0.15625151E+004 -0.37431362E-095
  0.15635571E+004 -0.10005684E-095
  0.15645998E+004 -0.10645155E-095
  0.15656431E+004  0.49976906E-098
  0.15666872E+004 -0.14017832E-095
  0.15677320E+004 -0.56947773E-095
  0.15687774E+004  0.30551081E-096
  0.15698236E+004 -0.51190301E-095
  0.15708705E+004 -0.27516757E-095
  0.15719180E+004 -0.23777664E-095
  0.15729663E+004 -0.82374811E-095
  0.15740153E+004 -0.20750204E-095
  0.15750649E+004 -0.72755938E-095
  0.15761153E+004 -0.39452306E-095
  0.15771663E+004 -0.13901111E-095
  0.15782181E+004 -0.63646768E-095
  0.15792706E+004 -0.62531770E-095
  0.15803237E+004 -0.41677352E-095
  0.15813776E+004 -0.48604430E-095
  0.15824322E+004 -0.18907815E-096
  0.15834874E+004 -0.48089748E-095
  0.15845434E+004 -0.10566283E-094
  0.15856001E+004 -0.73885022E-095
  0.15866575E+004  0.33593497E-095
  0.15877155E+004 -0.46746252E-095
  0.15887743E+004 -0.10929796E-094
  0.15898338E+004  0.22446681E-095
  0.15908941E+004 -0.12695501E-095
  0.15919550E+004 -0.17380832E-094
  0.15930166E+004 -0.13929701E-095
  0.15940789E+004 -0.14773958E-094
  0.15951420E+004 -0.17698983E-095
  0.15962057E+004 -0.17576949E-095
  0.15972702E+004  0.31739089E-095
  0.15983353E+004  0.77967102E-095
  0.15994012E+004 -0.46915113E-095
  0.16004678E+004  0.28584986E-095
  0.16015351E+004 -0.74102208E-095
  0.16026031E+004 -0.11985068E-094
  0.16036718E+004  0.84027562E-097
  0.16047413E+004  0.32701249E-095
  0.16058114E+004 -0.81623112E-095
  0.16068823E+004 -0.12011670E-094
  0.16079538E+004  0.24754188E-096
  0.16090261E+004 -0.20142333E-094
  0.16100991E+004 -0.19749054E-095
  0.16111729E+004 -0.27842390E-094
  0.16122473E+004 -0.18573360E-094
  0.16133225E+004  0.68436488E-095
  0.16143983E+004  0.28265336E-094
  0.16154749E+004 -0.26667949E-094
  0.16165522E+004 -0.10134410E-094
  0.16176302E+004 -0.46284086E-094
  0.16187090E+004 -0.60412189E-095
  0.16197885E+004  0.24733769E-095
  0.16208686E+004  0.17753592E-094
  0.16219495E+004 -0.10270999E-094
  0.16230312E+004 -0.28611864E-094
  0.16241135E+004 -0.59941579E-094
  0.16251966E+004 -0.42171116E-094
  0.16262804E+004 -0.52687368E-096
  0.16273649E+004 -0.83025029E-095
  0.16284501E+004  0.97423797E-095
  0.16295361E+004 -0.30017384E-094
  0.16306228E+004 -0.55688236E-094
  0.16317102E+004 -0.38218411E-094
  0.16327983E+004 -0.40367100E-095
  0.16338872E+004 -0.80936021E-094
  0.16349767E+004 -0.15086792E-094
  0.16360671E+004 -0.71568508E-094
  0.16371581E+004 -0.56826409E-094
  0.16382499E+004  0.55443203E-094
  0.16393423E+004 -0.17150925E-094
  0.16404356E+004  0.30223975E-094
  0.16415295E+004 -0.92730072E-094
  0.16426242E+004 -0.56778676E-094
  0.16437196E+004 -0.16620940E-093
  0.16448158E+004 -0.94269568E-094
  0.16459126E+004  0.81254870E-095
  0.16470102E+004 -0.33388322E-094
  0.16481086E+004  0.15303053E-094
  0.16492076E+004  0.98321019E-095
  0.16503074E+004 -0.11392795E-094
  0.16514080E+004 -0.25867737E-094
  0.16525092E+004 -0.12067653E-093
  0.16536112E+004 -0.19025716E-093
  0.16547140E+004 -0.87187587E-094
  0.16558175E+004 -0.56780084E-094
  0.16569217E+004 -0.18952976E-093
  0.16580266E+004 -0.11305445E-093
  0.16591323E+004 -0.23150832E-094
  0.16602387E+004  0.12969491E-093
  0.16613459E+004 -0.56431014E-094
  0.16624538E+004 -0.67360839E-094
  0.16635624E+004  0.66266283E-094
  0.16646718E+004 -0.39810588E-093
  0.16657819E+004 -0.25945299E-093
  0.16668928E+004  0.10244604E-094
  0.16680043E+004 -0.33480225E-093
  0.16691167E+004 -0.91607624E-094
  0.16702298E+004 -0.75634423E-094
  0.16713436E+004 -0.10511794E-092
  0.16724581E+004 -0.11372073E-093
  0.16735735E+004 -0.98090507E-094
  0.16746895E+004 -0.39734365E-094
  0.16758063E+004 -0.12236191E-092
  0.16769238E+004 -0.57580937E-093
  0.16780421E+004 -0.49388070E-093
  0.16791612E+004 -0.32501227E-093
  0.16802809E+004 -0.21521142E-093
  0.16814015E+004 -0.52412144E-093
  0.16825227E+004 -0.92558110E-093
  0.16836447E+004 -0.12358830E-092
  0.16847675E+004 -0.77526504E-093
  0.16858910E+004 -0.97794443E-093
  0.16870153E+004 -0.33451390E-093
  0.16881403E+004 -0.77502083E-093
  0.16892661E+004  0.98733128E-093
  0.16903926E+004  0.15908346E-093
  0.16915198E+004  0.70060332E-093
  0.16926479E+004  0.92492706E-094
  0.16937766E+004 -0.13065509E-092
  0.16949062E+004 -0.14787809E-092
  0.16960364E+004 -0.14457999E-092
  0.16971675E+004 -0.15897299E-093
  0.16982993E+004 -0.23824725E-092
  0.16994318E+004  0.72003549E-093
  0.17005651E+004  0.24609086E-093
  0.17016991E+004 -0.27190424E-092
  0.17028339E+004 -0.26313282E-092
  0.17039695E+004 -0.49721320E-092
  0.17051058E+004 -0.14473771E-092
  0.17062429E+004 -0.24125735E-092
  0.17073807E+004 -0.16530370E-093
  0.17085193E+004 -0.36067715E-092
  0.17096587E+004 -0.66430820E-093
  0.17107988E+004 -0.28220921E-092
  0.17119397E+004 -0.77932041E-092
  0.17130813E+004 -0.68576737E-092
  0.17142237E+004 -0.23097956E-092
  0.17153669E+004 -0.38805779E-092
  0.17165108E+004 -0.40945349E-092
  0.17176555E+004 -0.39410910E-093
  0.17188009E+004  0.17017820E-092
  0.17199471E+004 -0.10295149E-091
  0.17210941E+004 -0.17909984E-091
  0.17222419E+004  0.30450635E-092
  0.17233904E+004 -0.42584656E-092
  0.17245396E+004 -0.72865912E-092
  0.17256897E+004  0.94891729E-092
  0.17268405E+004 -0.36131483E-092
  0.17279920E+004 -0.13921225E-091
  0.17291444E+004 -0.49958341E-092
  0.17302975E+004 -0.22138049E-091
  0.17314514E+004 -0.13740246E-091
  0.17326060E+004 -0.14520902E-091
  0.17337614E+004 -0.10415617E-091
  0.17349176E+004 -0.36089489E-091
  0.17360746E+004  0.17357719E-092
  0.17372323E+004 -0.40206090E-091
  0.17383908E+004  0.28208152E-092
  0.17395501E+004  0.98835221E-092
  0.17407101E+004  0.17169470E-091
  0.17418710E+004 -0.32453264E-091
  0.17430326E+004 -0.15546287E-091
  0.17441949E+004 -0.80688599E-091
  0.17453581E+004  0.16897960E-091
  0.17465220E+004 -0.14010211E-091
  0.17476867E+004 -0.24294275E-091
  0.17488522E+004 -0.48420801E-091
  0.17500184E+004 -0.21773276E-091
  0.17511854E+004 -0.76000060E-091
  0.17523533E+004 -0.37788203E-091
  0.17535218E+004 -0.11391724E-090
  0.17546912E+004 -0.42914134E-091
  0.17558613E+004 -0.54600809E-091
  0.17570323E+004 -0.37653099E-091
  0.17582040E+004 -0.11827709E-090
  0.17593765E+004 -0.34346484E-091
  0.17605497E+004 -0.30900015E-090
  0.17617238E+004 -0.82722110E-091
  0.17628986E+004 -0.14824814E-090
  0.17640742E+004 -0.28104012E-091
  0.17652506E+004 -0.51377605E-091
  0.17664278E+004 -0.25476090E-090
  0.17676058E+004 -0.19608424E-090
  0.17687846E+004 -0.16079881E-090
  0.17699641E+004 -0.32944615E-090
  0.17711444E+004  0.75095189E-091
  0.17723256E+004 -0.50533131E-092
  0.17735075E+004 -0.46880486E-091
  0.17746901E+004  0.59976268E-093
  0.17758736E+004  0.40105378E-091
  0.17770579E+004 -0.56240347E-092
  0.17782430E+004 -0.18869046E-090
  0.17794288E+004 -0.15595406E-090
  0.17806155E+004 -0.61815811E-090
  0.17818029E+004 -0.78218540E-090
  0.17829911E+004 -0.72887986E-090
  0.17841801E+004 -0.60403011E-090
  0.17853699E+004 -0.25516900E-089
  0.17865605E+004 -0.17844218E-089
  0.17877519E+004 -0.25621103E-089
  0.17889441E+004 -0.20344236E-089
  0.17901371E+004 -0.15469543E-089
  0.17913309E+004 -0.12512121E-089
  0.17925255E+004 -0.28707107E-089
  0.17937209E+004 -0.77879623E-089
  0.17949170E+004 -0.91828906E-089
  0.17961140E+004 -0.13035845E-088
  0.17973118E+004 -0.84966477E-089
  0.17985103E+004 -0.76984023E-089
  0.17997097E+004 -0.10928343E-088
  0.18009099E+004 -0.10203251E-088
  0.18021108E+004 -0.16211657E-088
  0.18033126E+004 -0.18959856E-088
  0.18045152E+004 -0.11008720E-088
  0.18057185E+004 -0.14847943E-088
  0.18069227E+004 -0.17685833E-088
  0.18081277E+004 -0.15516839E-088
  0.18093335E+004 -0.17619813E-088
  0.18105401E+004 -0.20310927E-088
  0.18117475E+004 -0.24570932E-088
  0.18129556E+004 -0.43942732E-088
  0.18141646E+004 -0.23605755E-088
  0.18153745E+004 -0.43152182E-088
  0.18165851E+004 -0.71036883E-088
  0.18177965E+004 -0.86474980E-088
  0.18190087E+004 -0.89642380E-088
  0.18202217E+004 -0.97111389E-088
  0.18214356E+004 -0.45565852E-088
  0.18226502E+004 -0.15375881E-087
  0.18238657E+004 -0.25003518E-087
  0.18250820E+004 -0.41394520E-087
  0.18262991E+004 -0.45665907E-087
  0.18275170E+004 -0.61352158E-087
  0.18287357E+004 -0.77335803E-087
  0.18299552E+004 -0.72386956E-087
  0.18311755E+004 -0.86627323E-087
  0.18323967E+004 -0.79853215E-087
  0.18336187E+004 -0.70293983E-087
  0.18348414E+004 -0.43743429E-087
  0.18360650E+004 -0.33925046E-087
  0.18372894E+004 -0.31603868E-087
  0.18385147E+004 -0.24931672E-087
  0.18397407E+004 -0.25412364E-087
  0.18409676E+004 -0.28540182E-087
  0.18421953E+004 -0.31495624E-087
  0.18434238E+004 -0.47839045E-087
  0.18446531E+004 -0.73851254E-087
  0.18458832E+004 -0.10628392E-086
  0.18471142E+004 -0.20143490E-086
  0.18483459E+004 -0.32726726E-086
  0.18495785E+004 -0.45087049E-086
  0.18508120E+004 -0.52439968E-086
  0.18520462E+004 -0.68646260E-086
  0.18532813E+004 -0.98421559E-086
  0.18545172E+004 -0.13923037E-085
  0.18557539E+004 -0.17521505E-085
  0.18569914E+004 -0.19523409E-085
  0.18582298E+004 -0.14360649E-085
  0.18594690E+004 -0.20886599E-085
  0.18607090E+004 -0.17470455E-085
  0.18619498E+004 -0.18628589E-085
  0.18631915E+004 -0.13479750E-085
  0.18644340E+004 -0.71199692E-086
  0.18656773E+004 -0.40713455E-086
  0.18669215E+004 -0.29455737E-086
  0.18681665E+004 -0.21005552E-086
  0.18694123E+004 -0.14561208E-086
  0.18706590E+004 -0.12951739E-086
  0.18719064E+004 -0.12865053E-086
  0.18731548E+004 -0.10888091E-086
  0.18744039E+004 -0.15763463E-086
  0.18756539E+004 -0.17275598E-086
  0.18769047E+004 -0.29376220E-086
  0.18781563E+004 -0.40033835E-086
  0.18794088E+004 -0.54565297E-086
  0.18806621E+004 -0.80951146E-086
  0.18819163E+004 -0.14763572E-085
  0.18831713E+004 -0.18361233E-085
  0.18844271E+004 -0.47939512E-085
  0.18856838E+004 -0.92280734E-085
  0.18869413E+004 -0.10895160E-084
  0.18881996E+004 -0.65335437E-085
  0.18894588E+004 -0.64471460E-085
  0.18907188E+004 -0.49980978E-085
  0.18919796E+004 -0.41875962E-085
  0.18932413E+004 -0.35731551E-085
  0.18945039E+004 -0.17263887E-085
  0.18957673E+004 -0.10798960E-085
  0.18970315E+004 -0.15161877E-085
  0.18982966E+004 -0.15954844E-085
  0.18995625E+004 -0.64342076E-086
  0.19008292E+004 -0.34520877E-086
  0.19020968E+004 -0.22023101E-086
  0.19033653E+004 -0.17495650E-086
  0.19046346E+004 -0.12991269E-086
  0.19059047E+004 -0.10184803E-086
  0.19071757E+004 -0.15229808E-086
  0.19084475E+004 -0.13567525E-086
  0.19097202E+004 -0.15348020E-086
  0.19109937E+004 -0.11227975E-086
  0.19122681E+004 -0.78343627E-086
  0.19135433E+004 -0.99557992E-086
  0.19148194E+004 -0.24075139E-085
  0.19160963E+004 -0.35719178E-085
  0.19173741E+004 -0.42313219E-085
  0.19186527E+004 -0.31162997E-085
  0.19199322E+004 -0.11943900E-085
  0.19212126E+004 -0.55501365E-085
  0.19224938E+004 -0.73139173E-085
  0.19237758E+004 -0.92723916E-087
  0.19250587E+004 -0.56513006E-085
  0.19263425E+004 -0.75365210E-085
  0.19276271E+004 -0.86182626E-085
  0.19289126E+004 -0.18494845E-085
  0.19301989E+004 -0.24013855E-085
  0.19314861E+004 -0.17609863E-085
  0.19327741E+004 -0.13508843E-085
  0.19340630E+004  0.50623544E-086
  0.19353528E+004  0.67113281E-087
  0.19366434E+004 -0.25911475E-086
  0.19379349E+004 -0.16660862E-086
  0.19392272E+004 -0.38768306E-087
  0.19405204E+004 -0.32599865E-086
  0.19418145E+004 -0.29933373E-086
  0.19431094E+004 -0.48819365E-086
  0.19444052E+004 -0.54288422E-086
  0.19457019E+004 -0.10155824E-085
  0.19469994E+004 -0.31207594E-085
  0.19482978E+004 -0.88949108E-086
  0.19495971E+004  0.29860299E-085
  0.19508972E+004 -0.14751035E-085
  0.19521982E+004 -0.83333456E-085
  0.19535000E+004 -0.83918877E-085
  0.19548027E+004 -0.29786285E-084
  0.19561063E+004 -0.24817071E-084
  0.19574108E+004 -0.16495509E-084
  0.19587161E+004 -0.40296791E-084
  0.19600223E+004 -0.26275345E-084
  0.19613294E+004 -0.13879453E-084
  0.19626373E+004 -0.10226008E-084
  0.19639462E+004 -0.14950298E-085
  0.19652559E+004 -0.52149987E-085
  0.19665664E+004 -0.28688075E-085
  0.19678779E+004  0.15751460E-085
  0.19691902E+004 -0.92970107E-085
  0.19705034E+004 -0.17019758E-086
  0.19718174E+004 -0.12876008E-085
  0.19731324E+004 -0.73583620E-086
  0.19744482E+004 -0.63178522E-087
  0.19757649E+004 -0.25988990E-086
  0.19770824E+004 -0.10987507E-085
  0.19784009E+004 -0.35982679E-086
  0.19797202E+004 -0.14232589E-085
  0.19810404E+004 -0.28295682E-086
  0.19823615E+004 -0.11796378E-084
  0.19836835E+004  0.13418526E-085
  0.19850063E+004 -0.68844578E-085
  0.19863301E+004 -0.24504158E-084
  0.19876547E+004 -0.80403903E-084
  0.19889802E+004 -0.17981907E-083
  0.19903066E+004 -0.10261194E-083
  0.19916339E+004 -0.22350945E-083
  0.19929620E+004 -0.28401974E-083
  0.19942910E+004 -0.34515773E-084
  0.19956210E+004 -0.29007075E-084
  0.19969518E+004  0.15249625E-083
  0.19982835E+004 -0.27015517E-083
  0.19996161E+004 -0.64396368E-084
  0.20009496E+004 -0.11491426E-083
  0.20022839E+004 -0.21815272E-083
  0.20036192E+004 -0.21762493E-083
  0.20049553E+004 -0.20109472E-083
  0.20062924E+004 -0.29418102E-084
  0.20076303E+004 -0.12744613E-084
  0.20089691E+004 -0.63519711E-085
  0.20103088E+004 -0.13346174E-085
  0.20116494E+004  0.54870648E-086
  0.20129909E+004 -0.17717668E-085
  0.20143333E+004 -0.47728657E-085
  0.20156766E+004 -0.21720205E-084
  0.20170208E+004 -0.37876890E-084
  0.20183659E+004 -0.13836356E-083
  0.20197119E+004 -0.37158864E-083
  0.20210588E+004 -0.49779035E-083
  0.20224065E+004 -0.96593479E-083
  0.20237552E+004 -0.19349209E-083
  0.20251048E+004 -0.91164904E-083
  0.20264553E+004 -0.14009393E-084
  0.20278066E+004 -0.66101434E-083
  0.20291589E+004 -0.10138572E-082
  0.20305121E+004 -0.14371683E-082
  0.20318662E+004 -0.56687193E-082
  0.20332212E+004 -0.97770481E-082
  0.20345770E+004 -0.17340062E-081
  0.20359338E+004 -0.15636214E-081
  0.20372915E+004 -0.12519345E-081
  0.20386501E+004 -0.73322082E-082
  0.20400096E+004 -0.57814007E-082
  0.20413701E+004 -0.25842084E-082
  0.20427314E+004 -0.16365970E-083
  0.20440936E+004  0.17277645E-084
  0.20454567E+004 -0.12492604E-084
  0.20468208E+004 -0.62312157E-084
  0.20481857E+004 -0.85716161E-084
  0.20495516E+004 -0.14613862E-083
  0.20509184E+004 -0.22481825E-083
  0.20522861E+004 -0.49560603E-083
  0.20536547E+004 -0.13777223E-082
  0.20550242E+004 -0.22388993E-082
  0.20563946E+004 -0.37461239E-082
  0.20577660E+004 -0.76571600E-082
  0.20591382E+004 -0.16709648E-081
  0.20605114E+004 -0.13354481E-081
  0.20618855E+004 -0.11488968E-081
  0.20632605E+004 -0.17338143E-081
  0.20646364E+004 -0.41463303E-081
  0.20660132E+004 -0.28824964E-080
  0.20673910E+004 -0.69791687E-080
  0.20687697E+004 -0.94355819E-080
  0.20701493E+004 -0.13245468E-079
  0.20715298E+004 -0.17349238E-079
  0.20729112E+004 -0.19199947E-079
  0.20742936E+004 -0.10813138E-079
  0.20756768E+004 -0.14349698E-079
  0.20770610E+004 -0.96021363E-080
  0.20784462E+004 -0.63291515E-080
  0.20798322E+004 -0.55076863E-081
  0.20812192E+004 -0.32910603E-081
  0.20826071E+004 -0.13053336E-081
  0.20839959E+004 -0.15111640E-082
  0.20853856E+004 -0.70078632E-082
  0.20867763E+004 -0.78841057E-082
  0.20881679E+004 -0.49294475E-082
  0.20895605E+004 -0.82743635E-082
  0.20909539E+004 -0.27125440E-081
  0.20923483E+004 -0.48147010E-081
  0.20937436E+004 -0.16389752E-080
  0.20951399E+004 -0.22212377E-080
  0.20965370E+004 -0.61972833E-080
  0.20979352E+004 -0.86359675E-080
  0.20993342E+004 -0.26006261E-079
  0.21007342E+004 -0.57488531E-079
  0.21021351E+004 -0.12671347E-078
  0.21035369E+004 -0.75589050E-078
  0.21049397E+004 -0.40498228E-077
  0.21063434E+004 -0.49823564E-077
  0.21077481E+004 -0.93823516E-077
  0.21091537E+004 -0.47294039E-077
  0.21105602E+004 -0.91297799E-077
  0.21119676E+004 -0.92400513E-077
  0.21133760E+004 -0.45346253E-077
  0.21147854E+004 -0.37860498E-077
  0.21161957E+004 -0.17116850E-077
  0.21176069E+004 -0.16043097E-077
  0.21190190E+004 -0.19541966E-078
  0.21204321E+004 -0.13380878E-078
  0.21218462E+004 -0.20411283E-079
  0.21232612E+004 -0.43294778E-080
  0.21246771E+004 -0.27514310E-079
  0.21260940E+004 -0.29981642E-079
  0.21275118E+004 -0.48230819E-080
  0.21289306E+004 -0.91432930E-080
  0.21303503E+004 -0.20035409E-079
  0.21317710E+004 -0.60563911E-079
  0.21331926E+004 -0.21022398E-078
  0.21346151E+004 -0.69971786E-078
  0.21360386E+004 -0.24871273E-077
  0.21374631E+004 -0.55166024E-077
  0.21388885E+004 -0.20070889E-076
  0.21403148E+004 -0.73853994E-076
  0.21417421E+004  0.29291176E-016
  0.21431704E+004  0.37135650E-014
  0.21445996E+004  0.40046285E-012
  0.21460298E+004  0.10517673E-010
  0.21474609E+004  0.44815438E-010
  0.21488929E+004  0.51206317E-010
  0.21503260E+004  0.22856788E-010
  0.21517599E+004  0.11075701E-010
  0.21531949E+004  0.19957962E-011
  0.21546308E+004  0.18657791E-012
  0.21560676E+004  0.35536739E-014
  0.21575054E+004  0.54983802E-018
  0.21589442E+004 -0.20861647E-075
  0.21603839E+004 -0.72580036E-076
  0.21618246E+004 -0.14216224E-076
  0.21632663E+004 -0.85797166E-077
  0.21647089E+004 -0.27819735E-076
  0.21661525E+004 -0.25627767E-076
  0.21675970E+004 -0.21676376E-077
  0.21690425E+004 -0.79933729E-077
  0.21704890E+004 -0.18262668E-076
  0.21719364E+004 -0.25281007E-076
  0.21733848E+004 -0.62202054E-076
  0.21748341E+004 -0.26309418E-075
  0.21762845E+004 -0.66066722E-075
  0.21777357E+004  0.21115530E-018
  0.21791880E+004  0.23203915E-013
  0.21806412E+004  0.56121014E-010
  0.21820954E+004  0.75084208E-008
  0.21835506E+004  0.91982238E-007
  0.21850067E+004  0.60105047E-006
  0.21864638E+004  0.64280529E-005
  0.21879219E+004  0.98178539E-005
  0.21893810E+004  0.16383572E-004
  0.21908410E+004  0.30276835E-004
  0.21923020E+004  0.19347716E-007
  0.21937640E+004  0.36930868E-004
  0.21952269E+004  0.33020752E-004
  0.21966908E+004  0.29311970E-004
  0.21981557E+004  0.23891806E-004
  0.21996216E+004  0.15275189E-004
  0.22010885E+004  0.50134147E-005
  0.22025563E+004  0.10060012E-005
  0.22040251E+004  0.82896697E-008
  0.22054949E+004  0.58454544E-011
  0.22069657E+004  0.83803668E-014
  0.22084374E+004  0.47196774E-015
  0.22099102E+004  0.23781424E-011
  0.22113839E+004  0.41976565E-016
  0.22128586E+004  0.59177270E-018
  0.22143343E+004  0.12975101E-014
  0.22158109E+004  0.38652466E-012
  0.22172886E+004  0.27723354E-013
  0.22187672E+004  0.10215953E-010
  0.22202468E+004  0.57075960E-007
  0.22217274E+004  0.11668962E-005
  0.22232090E+004  0.12424300E-004
  0.22246916E+004  0.38083941E-004
  0.22261752E+004  0.83742714E-004
  0.22276598E+004  0.15187607E-003
  0.22291453E+004  0.33102520E-003
  0.22306319E+004  0.42669428E-003
  0.22321194E+004  0.61782278E-005
  0.22336079E+004  0.45149591E-003
  0.22350974E+004  0.37731990E-003
  0.22365879E+004  0.12403275E-003
  0.22380795E+004  0.85592593E-004
  0.22395720E+004  0.39110380E-004
  0.22410654E+004  0.44219523E-004
  0.22425599E+004  0.10231190E-003
  0.22440554E+004  0.10036899E-003
  0.22455519E+004  0.21141605E-004
  0.22470494E+004  0.46750548E-004
  0.22485479E+004  0.10063892E-003
  0.22500474E+004  0.16542279E-003
  0.22515478E+004  0.17232436E-004
  0.22530493E+004  0.37446859E-003
  0.22545518E+004  0.47285568E-003
  0.22560553E+004  0.52386791E-003
  0.22575598E+004  0.59272170E-004
  0.22590653E+004  0.96457725E-004
  0.22605718E+004  0.75519245E-005
  0.22620793E+004  0.75659065E-003
  0.22635878E+004  0.13110096E-002
  0.22650973E+004  0.10495921E-005
  0.22666078E+004  0.20004906E-002
  0.22681193E+004  0.14920020E-002
  0.22696319E+004  0.15882464E-002
  0.22711454E+004  0.24895761E-004
  0.22726600E+004  0.18241027E-002
  0.22741755E+004  0.16519889E-002
  0.22756921E+004  0.15594633E-002
  0.22772097E+004  0.18104482E-002
  0.22787283E+004  0.17488849E-002
  0.22802479E+004  0.17007029E-002
  0.22817685E+004  0.18140678E-002
  0.22832901E+004  0.18713645E-002
  0.22848128E+004  0.17162610E-002
  0.22863365E+004  0.11891859E-002
  0.22878611E+004  0.12931733E-004
  0.22893868E+004  0.19174240E-002
  0.22909135E+004  0.13255581E-002
  0.22924413E+004  0.17041660E-002
  0.22939700E+004  0.10348691E-002
  0.22954998E+004  0.15527971E-005
  0.22970306E+004  0.20222136E-002
  0.22985624E+004  0.28272564E-002
  0.23000952E+004  0.88953080E-004
  0.23016291E+004  0.79362912E-003
  0.23031640E+004  0.12419728E-004
  0.23046999E+004  0.49985270E-003
  0.23062368E+004  0.10711888E-002
  0.23077748E+004  0.36303057E-004
  0.23093137E+004  0.16084582E-002
  0.23108537E+004  0.68882783E-005
  0.23123948E+004  0.98901652E-003
  0.23139368E+004  0.14948367E-002
  0.23154799E+004  0.30129175E-002
  0.23170240E+004  0.29580493E-002
  0.23185692E+004  0.22270422E-002
  0.23201154E+004  0.21497000E-002
  0.23216626E+004  0.20919643E-002
  0.23232108E+004  0.12820593E-002
  0.23247601E+004  0.10736287E-002
  0.23263104E+004  0.12114765E-002
  0.23278617E+004  0.21971093E-002
  0.23294141E+004  0.22983654E-002
  0.23309675E+004  0.12067715E-002
  0.23325220E+004  0.25573739E-002
  0.23340774E+004  0.16362045E-002
  0.23356340E+004  0.90897004E-003
  0.23371915E+004  0.12787486E-002
  0.23387501E+004  0.21914274E-002
  0.23403097E+004  0.24780324E-002
  0.23418704E+004  0.20141546E-005
  0.23434321E+004  0.33031768E-002
  0.23449949E+004  0.19433600E-003
  0.23465587E+004  0.11132103E-002
  0.23481235E+004  0.30532943E-003
  0.23496894E+004  0.10777910E-003
  0.23512563E+004  0.20984678E-002
  0.23528243E+004  0.33248023E-002
  0.23543933E+004  0.16384452E-002
  0.23559634E+004  0.48131595E-003
  0.23575345E+004  0.21738025E-002
  0.23591067E+004  0.19990878E-002
  0.23606799E+004  0.23238354E-003
  0.23622541E+004  0.55943359E-003
  0.23638295E+004  0.99093655E-003
  0.23654058E+004  0.15124016E-004
  0.23669832E+004  0.67514355E-003
  0.23685617E+004  0.22049529E-005
  0.23701412E+004  0.16178653E-002
  0.23717218E+004  0.70877525E-003
  0.23733034E+004  0.15688965E-002
  0.23748861E+004  0.39036224E-002
  0.23764698E+004  0.13427807E-002
  0.23780546E+004  0.45653846E-003
  0.23796404E+004  0.14437707E-002
  0.23812273E+004  0.14400558E-002
  0.23828153E+004  0.19380238E-002
  0.23844043E+004  0.22959330E-002
  0.23859944E+004  0.42215534E-002
  0.23875855E+004  0.11560159E-002
  0.23891777E+004  0.11837329E-003
  0.23907710E+004  0.23712453E-002
  0.23923653E+004  0.26801852E-002
  0.23939607E+004  0.77936971E-003
  0.23955572E+004  0.35146574E-002
  0.23971547E+004  0.88525036E-004
  0.23987533E+004  0.14915526E-002
  0.24003529E+004  0.12528214E-003
  0.24019536E+004  0.57427717E-003
  0.24035554E+004  0.59961046E-003
  0.24051583E+004  0.38115346E-004
  0.24067622E+004  0.19804725E-003
  0.24083672E+004  0.26049340E-002
  0.24099732E+004 -0.90179500E-069
  0.24115804E+004 -0.11826577E-068
  0.24131886E+004  0.68208579E-003
  0.24147979E+004  0.25463329E-003
  0.24164082E+004  0.59465519E-006
  0.24180196E+004  0.14898744E-005
  0.24196321E+004  0.70299333E-005
  0.24212457E+004  0.66562246E-009
  0.24228603E+004 -0.30025060E-074
  0.24244761E+004 -0.57943262E-073
  0.24260929E+004 -0.92719214E-074
  0.24277107E+004 -0.97766235E-074
  0.24293297E+004 -0.52417188E-073
  0.24309497E+004 -0.19715366E-068
  0.24325709E+004 -0.31925592E-068
  0.24341931E+004  0.11577339E-017
  0.24358163E+004 -0.52831832E-070
  0.24374407E+004  0.19329532E-013
  0.24390662E+004 -0.11786254E-070
  0.24406927E+004 -0.80366564E-070
  0.24423203E+004 -0.19307408E-069
  0.24439490E+004 -0.81191795E-071
  0.24455788E+004 -0.23369290E-070
  0.24472097E+004 -0.15249096E-068
  0.24488416E+004 -0.19934763E-068
  0.24504747E+004  0.18827644E-018
  0.24521088E+004 -0.81028969E-070
  0.24537441E+004 -0.60746316E-068
  0.24553804E+004 -0.29871750E-070
  0.24570178E+004 -0.14976725E-072
  0.24586563E+004 -0.10394245E-069
  0.24602959E+004 -0.23667449E-070
  0.24619366E+004 -0.92988959E-072
  0.24635784E+004 -0.62100440E-070
  0.24652212E+004 -0.66573008E-071
  0.24668652E+004 -0.42754504E-069
  0.24685103E+004 -0.11095580E-068
  0.24701565E+004 -0.12129106E-068
  0.24718037E+004 -0.32282856E-069
  0.24734521E+004 -0.40995507E-070
  0.24751015E+004 -0.91588206E-070
  0.24767521E+004 -0.93451293E-070
  0.24784038E+004 -0.13985357E-069
  0.24800565E+004 -0.19183536E-068
  0.24817104E+004 -0.20392181E-068
  0.24833654E+004 -0.74274988E-069
  0.24850214E+004 -0.34521640E-068
  0.24866786E+004 -0.10788850E-067
  0.24883369E+004 -0.17320608E-070
  0.24899963E+004 -0.27372914E-071
  0.24916568E+004 -0.26190322E-071
  0.24933184E+004 -0.33968638E-072
  0.24949811E+004 -0.12907013E-069
  0.24966449E+004 -0.55407708E-073
  0.24983099E+004 -0.32332900E-069
  0.24999759E+004 -0.20915806E-070
  0.25016430E+004 -0.18725930E-070
  0.25033113E+004 -0.19847924E-070
  0.25049807E+004 -0.35474520E-069
  0.25066512E+004 -0.33714380E-069
  0.25083228E+004 -0.64276421E-069
  0.25099955E+004 -0.15498212E-070
  0.25116693E+004 -0.19593541E-070
  0.25133443E+004 -0.10248028E-070
  0.25150203E+004 -0.20795168E-070
  0.25166975E+004 -0.59380055E-069
  0.25183758E+004 -0.31821957E-069
  0.25200552E+004 -0.27237890E-070
  0.25217358E+004 -0.34131244E-069
  0.25234174E+004 -0.51537533E-068
  0.25251002E+004 -0.38784180E-068
  0.25267841E+004 -0.35770440E-067
  0.25284692E+004 -0.11362466E-069
  0.25301553E+004 -0.24436691E-070
  0.25318426E+004 -0.54592539E-070
  0.25335310E+004 -0.15794845E-069
  0.25352205E+004 -0.35928179E-069
  0.25369112E+004 -0.43505850E-069
  0.25386030E+004 -0.12539601E-068
  0.25402959E+004 -0.11507062E-068
  0.25419899E+004 -0.90746100E-069
  0.25436851E+004 -0.55951566E-068
  0.25453814E+004 -0.40837116E-068
  0.25470788E+004 -0.86020767E-069
  0.25487774E+004 -0.14151320E-069
  0.25504771E+004 -0.23853211E-072
  0.25521779E+004 -0.38076182E-070
  0.25538798E+004 -0.15580945E-069
  0.25555829E+004 -0.21345881E-069
  0.25572872E+004 -0.10071918E-069
  0.25589925E+004 -0.56899199E-069
  0.25606991E+004 -0.16825261E-068
  0.25624067E+004 -0.36020514E-068
  0.25641155E+004 -0.19651310E-068
  0.25658254E+004 -0.23899293E-068
  0.25675365E+004 -0.57994991E-068
  0.25692487E+004 -0.76499987E-070
  0.25709620E+004 -0.10515463E-069
  0.25726765E+004 -0.84411623E-072
  0.25743921E+004 -0.38558165E-070
  0.25761089E+004 -0.25805151E-072
  0.25778268E+004 -0.11026908E-070
  0.25795459E+004 -0.13148528E-070
  0.25812661E+004 -0.29469373E-069
  0.25829875E+004 -0.58398970E-069
  0.25847100E+004 -0.42223549E-068
  0.25864336E+004 -0.33632459E-069
  0.25881585E+004 -0.29949052E-068
  0.25898844E+004 -0.25885094E-068
  0.25916115E+004 -0.21357249E-068
  0.25933398E+004 -0.34716470E-071
  0.25950692E+004 -0.99569058E-071
  0.25967998E+004 -0.20007760E-070
  0.25985315E+004 -0.32645852E-071
  0.26002643E+004 -0.18396865E-069
  0.26019984E+004 -0.52109691E-069
  0.26037336E+004 -0.16860650E-070
  0.26054699E+004 -0.38508202E-068
  0.26072074E+004 -0.93994288E-068
  0.26089461E+004 -0.16201556E-067
  0.26106859E+004 -0.36365711E-067
  0.26124269E+004 -0.35149302E-067
  0.26141690E+004 -0.77161002E-068
  0.26159123E+004 -0.11944600E-071
  0.26176568E+004 -0.19601259E-071
  0.26194024E+004 -0.23295873E-070
  0.26211492E+004 -0.32622534E-070
  0.26228971E+004 -0.58612095E-072
  0.26246463E+004 -0.80394492E-069
  0.26263966E+004 -0.37647764E-070
  0.26281480E+004 -0.68477898E-070
  0.26299006E+004 -0.18103645E-068
  0.26316544E+004 -0.66346772E-068
  0.26334094E+004 -0.20432914E-067
  0.26351655E+004 -0.16231644E-067
  0.26369228E+004 -0.35941002E-068
  0.26386813E+004 -0.52494783E-071
  0.26404410E+004 -0.48697451E-072
  0.26422018E+004 -0.20271903E-070
  0.26439638E+004 -0.57919313E-070
  0.26457269E+004 -0.16268984E-069
  0.26474913E+004 -0.57027341E-069
  0.26492568E+004 -0.15916624E-069
  0.26510235E+004 -0.35036954E-068
  0.26527914E+004 -0.16731340E-068
  0.26545605E+004 -0.34691495E-067
  0.26563307E+004 -0.12830270E-068
  0.26581021E+004 -0.14263624E-066
  0.26598747E+004 -0.13895881E-067
  0.26616485E+004 -0.10494911E-067
  0.26634235E+004 -0.88926667E-071
  0.26651996E+004 -0.29101947E-071
  0.26669769E+004 -0.22472124E-070
  0.26687555E+004 -0.86104914E-070
  0.26705352E+004 -0.23449016E-069
  0.26723161E+004 -0.51239842E-069
  0.26740981E+004 -0.78062776E-071
  0.26758814E+004 -0.49559080E-068
  0.26776659E+004 -0.34635508E-068
  0.26794515E+004 -0.54971189E-067
  0.26812383E+004 -0.10422480E-068
  0.26830264E+004 -0.22744177E-066
  0.26848156E+004 -0.30101760E-066
  0.26866060E+004 -0.19037216E-067
  0.26883976E+004 -0.61065959E-071
  0.26901904E+004 -0.91569509E-071
  0.26919844E+004 -0.28613558E-070
  0.26937796E+004 -0.85164334E-070
  0.26955760E+004 -0.24297862E-069
  0.26973736E+004 -0.11262729E-069
  0.26991724E+004 -0.27979480E-068
  0.27009724E+004 -0.91273385E-068
  0.27027736E+004 -0.30006136E-070
  0.27045759E+004 -0.46853571E-070
  0.27063795E+004 -0.36118142E-068
  0.27081843E+004 -0.37966333E-066
  0.27099903E+004 -0.87124232E-067
  0.27117975E+004 -0.61329334E-067
  0.27136059E+004 -0.28537122E-070
  0.27154156E+004 -0.68962978E-071
  0.27172264E+004 -0.14669801E-071
  0.27190384E+004 -0.58374252E-070
  0.27208516E+004 -0.86630152E-071
  0.27226661E+004 -0.62346005E-069
  0.27244817E+004 -0.16397716E-069
  0.27262986E+004 -0.13379111E-069
  0.27281167E+004 -0.18645162E-067
  0.27299360E+004 -0.59807277E-067
  0.27317565E+004 -0.13511011E-066
  0.27335782E+004 -0.26290009E-068
  0.27354011E+004 -0.49835988E-067
  0.27372253E+004 -0.41861595E-066
  0.27390506E+004 -0.10114171E-066
  0.27408772E+004 -0.36954745E-069
  0.27427050E+004 -0.14707680E-071
  0.27445340E+004 -0.17954007E-072
  0.27463643E+004 -0.10025153E-069
  0.27481957E+004 -0.29903757E-069
  0.27500284E+004 -0.10669229E-068
  0.27518623E+004 -0.20506479E-070
  0.27536974E+004 -0.10029017E-067
  0.27555338E+004 -0.29292717E-067
  0.27573714E+004 -0.84045192E-067
  0.27592102E+004 -0.76068749E-067
  0.27610502E+004 -0.27694012E-066
  0.27628914E+004 -0.15992178E-065
  0.27647339E+004 -0.24839443E-066
  0.27665776E+004 -0.96587520E-066
  0.27684226E+004 -0.31362842E-068
  0.27702687E+004 -0.32373980E-070
  0.27721161E+004 -0.13974589E-070
  0.27739648E+004 -0.30644894E-071
  0.27758146E+004 -0.43929501E-069
  0.27776657E+004 -0.50455907E-069
  0.27795181E+004 -0.43779865E-069
  0.27813716E+004 -0.17614760E-067
  0.27832264E+004 -0.22923368E-068
  0.27850825E+004 -0.75722017E-068
  0.27869398E+004 -0.42670325E-066
  0.27887983E+004 -0.15832656E-065
  0.27906580E+004 -0.99136974E-066
  0.27925190E+004 -0.77700177E-065
  0.27943813E+004 -0.42659984E-066
  0.27962447E+004 -0.17455110E-065
  0.27981095E+004 -0.28006898E-068
  0.27999754E+004 -0.76297310E-070
  0.28018426E+004 -0.13337773E-070
  0.28037111E+004 -0.53771600E-070
  0.28055808E+004 -0.38534143E-068
  0.28074518E+004 -0.79013424E-068
  0.28093239E+004 -0.55200081E-070
  0.28111974E+004 -0.63954336E-066
  0.28130721E+004 -0.66909862E-067
  0.28149480E+004 -0.37879367E-068
  0.28168252E+004 -0.96552850E-066
  0.28187037E+004 -0.14579891E-064
  0.28205834E+004 -0.14764577E-065
  0.28224643E+004 -0.47333966E-065
  0.28243465E+004 -0.14662112E-065
  0.28262300E+004 -0.17339528E-065
  0.28281147E+004 -0.26882387E-065
  0.28300007E+004 -0.13668839E-068
  0.28318879E+004 -0.12791573E-069
  0.28337764E+004 -0.91916721E-070
  0.28356662E+004 -0.54889035E-066
  0.28375572E+004 -0.38100868E-068
  0.28394495E+004 -0.94021474E-068
  0.28413430E+004 -0.32954114E-067
  0.28432378E+004 -0.19721033E-065
  0.28451338E+004  0.12244290E-013
  0.28470312E+004  0.29184935E-017
  0.28489298E+004 -0.50906253E-065
  0.28508296E+004  0.15933755E-008
  0.28527307E+004 -0.26040658E-065
  0.28546331E+004  0.18237848E-018
  0.28565368E+004 -0.21782889E-066
  0.28584417E+004 -0.48681466E-068
  0.28603479E+004 -0.24502150E-066
  0.28622554E+004 -0.15345859E-067
  0.28641641E+004 -0.59235137E-069
  0.28660741E+004 -0.60375609E-066
  0.28679854E+004 -0.50603735E-068
  0.28698980E+004 -0.50426326E-068
  0.28718118E+004 -0.72668596E-068
  0.28737270E+004 -0.10023403E-067
  0.28756433E+004  0.53899492E-008
  0.28775610E+004 -0.10208809E-066
  0.28794800E+004  0.14156668E-010
  0.28814002E+004 -0.14008856E-066
  0.28833217E+004  0.70794495E-010
  0.28852445E+004  0.49806640E-013
  0.28871686E+004 -0.32428448E-066
  0.28890939E+004 -0.23835349E-065
  0.28910206E+004 -0.22484251E-068
  0.28929485E+004 -0.15723779E-067
  0.28948777E+004 -0.24428975E-067
  0.28968082E+004 -0.11217450E-067
  0.28987400E+004 -0.53134122E-068
  0.29006731E+004 -0.20210539E-068
  0.29026074E+004 -0.21663730E-067
  0.29045431E+004 -0.30583004E-065
  0.29064800E+004  0.17151523E-006
  0.29084183E+004  0.25635490E-014
  0.29103578E+004 -0.65581602E-066
  0.29122986E+004  0.29412645E-009
  0.29142407E+004  0.93322559E-006
  0.29161841E+004  0.12299891E-007
  0.29181288E+004 -0.14173117E-065
  0.29200748E+004 -0.10360494E-066
  0.29220221E+004 -0.14666441E-066
  0.29239707E+004 -0.11177212E-068
  0.29259206E+004  0.23871016E-004
  0.29278718E+004  0.35846619E-069
  0.29298243E+004 -0.20040656E-066
  0.29317781E+004  0.12779218E-011
  0.29337332E+004  0.58933852E-020
  0.29356897E+004 -0.32618110E-067
  0.29376474E+004  0.42471772E-010
  0.29396064E+004 -0.46631648E-066
  0.29415667E+004 -0.47008626E-066
  0.29435283E+004  0.40529233E-004
  0.29454913E+004  0.20484120E-009
  0.29474555E+004  0.52423558E-012
  0.29494211E+004  0.69236579E-005
  0.29513880E+004  0.38932544E-004
  0.29533561E+004  0.23382924E-010
  0.29553256E+004  0.21336337E-020
  0.29572964E+004 -0.35452679E-069
  0.29592686E+004  0.41655094E-005
  0.29612420E+004 -0.50455862E-067
  0.29632168E+004 -0.14752377E-065
  0.29651928E+004  0.42874836E-003
  0.29671702E+004 -0.10921515E-065
  0.29691489E+004  0.25890631E-016
  0.29711290E+004  0.20752208E-017
  0.29731103E+004 -0.90450291E-066
  0.29750930E+004  0.11087058E-002
  0.29770770E+004  0.22870261E-004
  0.29790623E+004 -0.91268157E-066
  0.29810489E+004  0.14962923E-008
  0.29830369E+004  0.76363582E-003
  0.29850262E+004  0.66120002E-003
  0.29870168E+004  0.18100212E-004
  0.29890087E+004  0.20200198E-009
  0.29910020E+004  0.25904505E-067
  0.29929966E+004  0.66807599E-018
  0.29949925E+004  0.20290304E-067
  0.29969898E+004 -0.36970481E-066
  0.29989884E+004  0.21931255E-011
  0.30009883E+004 -0.53961986E-066
  0.30029896E+004 -0.56810199E-066
  0.30049922E+004  0.22602076E-005
  0.30069961E+004  0.43340862E-001
  0.30090013E+004 -0.11230606E-065
  0.30110079E+004  0.17653220E-005
  0.30130159E+004  0.20021580E-003
  0.30150252E+004  0.22119563E-004
  0.30170358E+004  0.21471914E-005
  0.30190477E+004  0.23313522E-002
  0.30210611E+004  0.25998666E-005
  0.30230757E+004  0.13743262E-004
  0.30250917E+004  0.12439029E-004
  0.30271090E+004 -0.52106475E-066
  0.30291277E+004  0.87783511E-008
  0.30311477E+004  0.42911464E-008
  0.30331691E+004  0.17799749E-003
  0.30351918E+004  0.35864994E-068
  0.30372159E+004  0.43210196E-066
  0.30392413E+004  0.35405788E-020
  0.30412681E+004  0.94567556E-002
  0.30432962E+004  0.13821524E-002
  0.30453257E+004  0.14161669E-003
  0.30473565E+004  0.48988081E-006
  0.30493887E+004  0.27360469E-001
  0.30514222E+004  0.54209284E-007
  0.30534571E+004  0.84600288E-004
  0.30554933E+004  0.86122026E-013
  0.30575310E+004  0.55732051E-002
  0.30595699E+004  0.55601510E-002
  0.30616102E+004  0.90794946E-004
  0.30636519E+004  0.45707075E-004
  0.30656950E+004  0.49389982E-018
  0.30677394E+004  0.53270066E-004
  0.30697852E+004  0.96778789E-006
  0.30718323E+004  0.21907536E-013
  0.30738808E+004  0.10810928E-004
  0.30759307E+004  0.10996794E-011
  0.30779819E+004  0.28768669E-065
  0.30800345E+004  0.57184096E-004
  0.30820885E+004  0.10249273E-013
  0.30841438E+004  0.54061957E-005
  0.30862005E+004  0.15547955E-003
  0.30882586E+004  0.40580614E-001
  0.30903181E+004  0.19455261E-003
  0.30923789E+004  0.59589095E-013
  0.30944411E+004  0.12924701E-002
  0.30965047E+004  0.31039808E-001
  0.30985696E+004  0.24411203E-004
  0.31006360E+004  0.17847889E-003
  0.31027037E+004  0.33422517E-007
  0.31047728E+004  0.39484925E-001
  0.31068432E+004  0.12945760E-006
  0.31089151E+004  0.67386051E-006
  0.31109883E+004  0.16784240E-003
  0.31130629E+004  0.10533555E-001
  0.31151389E+004  0.59342784E-005
  0.31172163E+004  0.12416923E-002
  0.31192951E+004  0.16073248E-001
  0.31213752E+004  0.29106100E-001
  0.31234568E+004  0.36605863E-004
  0.31255397E+004  0.41036278E-006
  0.31276240E+004  0.71885934E-002
  0.31297097E+004  0.57889588E-002
  0.31317968E+004  0.46963121E-001
  0.31338853E+004  0.52932271E-002
  0.31359752E+004  0.32468162E-009
  0.31380665E+004  0.15549254E-001
  0.31401592E+004  0.50742849E-004
  0.31422532E+004  0.33280531E-003
  0.31443487E+004  0.27478129E-010
  0.31464456E+004  0.23621334E-003
  0.31485438E+004  0.18124863E-063
  0.31506435E+004  0.28927091E-003
  0.31527445E+004  0.60444987E-002
  0.31548470E+004  0.71696340E-003
  0.31569509E+004  0.82532646E-002
  0.31590561E+004  0.35658684E-009
  0.31611628E+004  0.34895829E-001
  0.31632709E+004  0.59788746E-003
  0.31653804E+004  0.48993292E-001
  0.31674912E+004  0.15391420E-003
  0.31696035E+004  0.63496977E-015
  0.31717172E+004  0.84345946E-003
  0.31738323E+004  0.57826680E-004
  0.31759489E+004  0.13371476E+000
  0.31780668E+004  0.29947254E-001
  0.31801862E+004  0.23819535E-002
  0.31823069E+004  0.29126740E-002
  0.31844291E+004  0.11158089E-002
  0.31865527E+004  0.49299229E-002
  0.31886777E+004  0.40760428E-002
  0.31908041E+004  0.11953905E-001
  0.31929319E+004  0.67117759E-001
  0.31950612E+004  0.25837580E-002
  0.31971919E+004  0.79006505E-003
  0.31993240E+004  0.16508999E-001
  0.32014575E+004  0.44134590E-003
  0.32035925E+004  0.58183447E-003
  0.32057288E+004  0.36278225E-003
  0.32078666E+004  0.77214801E-003
  0.32100058E+004  0.34490703E-002
  0.32121465E+004  0.44612990E-002
  0.32142886E+004  0.77221732E-001
  0.32164321E+004  0.31972920E-002
  0.32185770E+004  0.12782345E+000
  0.32207234E+004  0.98674532E-001
  0.32228711E+004  0.67426984E-002
  0.32250204E+004  0.17108849E-002
  0.32271710E+004  0.71933740E-003
  0.32293231E+004  0.10624379E-003
  0.32314767E+004  0.12150127E-061
  0.32336316E+004  0.93034162E-001
  0.32357880E+004  0.15020387E-061
  0.32379459E+004  0.49702067E-003
  0.32401051E+004  0.42017390E-003
  0.32422659E+004  0.55101879E-003
  0.32444280E+004  0.48690907E-003
  0.32465916E+004  0.17091161E+000
  0.32487567E+004  0.16495701E+000
  0.32509231E+004  0.29241831E-002
  0.32530911E+004  0.70429377E-003
  0.32552605E+004  0.58250228E-003
  0.32574313E+004  0.14127733E+000
  0.32596036E+004  0.31044928E-001
  0.32617773E+004  0.88044028E-002
  0.32639524E+004  0.77772074E-001
  0.32661291E+004  0.19278465E+000
  0.32683071E+004  0.61034539E-003
  0.32704867E+004  0.19033113E+000
  0.32726676E+004  0.80315692E-014
  0.32748501E+004  0.37439596E-001
  0.32770340E+004  0.19145706E+000
  0.32792193E+004  0.20060389E+000
  0.32814061E+004  0.11592606E+000
  0.32835944E+004  0.11140695E-002
  0.32857841E+004  0.18166862E-001
  0.32879753E+004  0.74629316E-003
  0.32901679E+004  0.21674330E-002
  0.32923620E+004  0.11798961E-002
  0.32945576E+004  0.46320163E-003
  0.32967546E+004  0.13155954E-002
  0.32989531E+004  0.71974562E-003
  0.33011531E+004  0.32256508E-002
  0.33033545E+004  0.25675576E-002
  0.33055574E+004  0.69758952E-003
  0.33077618E+004  0.22722557E-001
  0.33099676E+004  0.11592105E-004
  0.33121749E+004  0.10913498E-003
  0.33143837E+004  0.76894695E-003
  0.33165939E+004  0.21995528E+000
  0.33188057E+004  0.43900764E-003
  0.33210189E+004  0.34224137E-002
  0.33232335E+004  0.30368185E-002
  0.33254497E+004  0.10471984E-002
  0.33276673E+004  0.46493971E-002
  0.33298864E+004  0.21571083E+000
  0.33321070E+004  0.23064947E+000
  0.33343291E+004  0.12938271E-002
  0.33365527E+004  0.41620416E-002
  0.33387777E+004  0.16290310E+000
  0.33410042E+004  0.10807543E-002
  0.33432322E+004  0.13563575E-002
  0.33454617E+004  0.15027794E-002
  0.33476927E+004  0.49929893E-001
  0.33499251E+004  0.27177572E-002
  0.33521591E+004  0.86779475E-001
  0.33543945E+004  0.34893998E-002
  0.33566315E+004  0.23578892E+000
  0.33588699E+004  0.20275555E+000
  0.33611098E+004  0.32102852E-002
  0.33633512E+004  0.89735162E-001
  0.33655941E+004  0.94543537E-002
  0.33678385E+004  0.35108714E-001
  0.33700844E+004  0.36547279E-002
  0.33723318E+004  0.57544962E-002
  0.33745807E+004  0.25566797E-001
  0.33768311E+004  0.15291914E-001
  0.33790830E+004  0.68367913E-001
  0.33813364E+004  0.44501264E-002
  0.33835913E+004  0.54943983E-002
  0.33858477E+004  0.48452859E-002
  0.33881056E+004  0.15818499E-002
  0.33903651E+004  0.52187634E-002
  0.33926260E+004  0.35032958E-002
  0.33948884E+004  0.74050342E-001
  0.33971523E+004  0.99438766E-002
  0.33994178E+004  0.15879281E-002
  0.34016847E+004  0.60834504E-001
  0.34039532E+004  0.19960392E-002
  0.34062232E+004  0.37614055E-002
  0.34084947E+004  0.42496669E-002
  0.34107677E+004  0.59575101E-001
  0.34130422E+004  0.29882206E+000
  0.34153183E+004  0.58740710E-001
  0.34175958E+004  0.11644882E-001
  0.34198749E+004  0.26380551E+000
  0.34221555E+004  0.65123920E-001
  0.34244376E+004  0.13759691E-001
  0.34267213E+004  0.45865051E-001
  0.34290065E+004  0.31928394E-001
  0.34312931E+004  0.20696051E-001
  0.34335814E+004  0.21755555E+000
  0.34358711E+004  0.25980579E-002
  0.34381624E+004  0.14413550E+000
  0.34404552E+004  0.16354811E-001
  0.34427495E+004  0.36203032E-001
  0.34450453E+004  0.16283717E+000
  0.34473427E+004  0.26459330E+000
  0.34496416E+004  0.38357695E-001
  0.34519421E+004  0.74876029E-001
  0.34542441E+004  0.63401948E-001
  0.34565476E+004  0.22748782E-002
  0.34588527E+004  0.33249902E+000
  0.34611593E+004  0.15555246E+000
  0.34634674E+004  0.28574371E+000
  0.34657771E+004  0.31330075E-002
  0.34680883E+004  0.71608924E-002
  0.34704010E+004  0.11161601E+000
  0.34727153E+004  0.10036914E+000
  0.34750312E+004  0.30947181E+000
  0.34773485E+004  0.28005810E+000
  0.34796675E+004  0.29575668E-001
  0.34819879E+004  0.26605988E+000
  0.34843100E+004  0.34019063E+000
  0.34866335E+004  0.27901265E-001
  0.34889587E+004  0.24388323E+000
  0.34912853E+004  0.26424683E+000
  0.34936135E+004  0.33067819E+000
  0.34959433E+004  0.82219849E-001
  0.34982746E+004  0.21136818E+000
  0.35006075E+004  0.20226672E+000
  0.35029420E+004  0.32363599E+000
  0.35052780E+004  0.13244484E-001
  0.35076155E+004  0.18334335E+000
  0.35099546E+004  0.32355212E+000
  0.35122953E+004  0.42326085E-001
  0.35146375E+004  0.35977408E+000
  0.35169813E+004  0.33439933E+000
  0.35193267E+004  0.45607981E-001
  0.35216736E+004  0.29903880E+000
  0.35240221E+004  0.98173379E-001
  0.35263721E+004  0.34742933E+000
  0.35287238E+004  0.16717447E-001
  0.35310770E+004  0.36589056E+000
  0.35334317E+004  0.14258093E+000
  0.35357880E+004  0.22572586E-001
  0.35381459E+004  0.34753485E+000
  0.35405054E+004  0.34584850E-001
  0.35428665E+004  0.15537044E+000
  0.35452291E+004  0.87200878E-002
  0.35475933E+004  0.36555414E+000
  0.35499590E+004  0.18853804E+000
  0.35523264E+004  0.24530703E+000
  0.35546953E+004  0.39114586E+000
  0.35570658E+004  0.39995503E+000
  0.35594379E+004  0.51878285E-001
  0.35618116E+004  0.10276974E+000
  0.35641868E+004  0.33855195E+000
  0.35665637E+004  0.28490689E-001
  0.35689421E+004  0.55794296E-002
  0.35713221E+004  0.29557880E+000
  0.35737037E+004  0.30248121E-002
  0.35760869E+004  0.72912205E-001
  0.35784717E+004  0.44743002E-002
  0.35808580E+004  0.58449168E-002
  0.35832460E+004  0.81128882E-001
  0.35856355E+004  0.97807928E-002
  0.35880267E+004  0.21071645E+000
  0.35904194E+004  0.97338418E-001
  0.35928137E+004  0.12840047E-001
  0.35952097E+004  0.40489153E-002
  0.35976072E+004  0.55090627E-001
  0.36000063E+004  0.19884924E+000
  0.36024070E+004  0.92400870E-002
  0.36048094E+004  0.63033629E-002
  0.36072133E+004  0.56827095E-002
  0.36096188E+004  0.19130206E-001
  0.36120260E+004  0.29425983E+000
  0.36144347E+004  0.16781169E+000
  0.36168450E+004  0.34396127E+000
  0.36192570E+004  0.11745152E+000
  0.36216706E+004  0.13089176E+000
  0.36240857E+004  0.16251945E+000
  0.36265025E+004  0.41278511E+000
  0.36289209E+004  0.42777611E-002
  0.36313409E+004  0.51322986E+000
  0.36337625E+004  0.20753292E+000
  0.36361858E+004  0.30509516E-001
  0.36386106E+004  0.26621240E+000
  0.36410371E+004  0.15648367E+000
  0.36434652E+004  0.50076142E+000
  0.36458949E+004  0.39182467E+000
  0.36483262E+004  0.18874492E-001
  0.36507592E+004  0.50304844E+000
  0.36531937E+004  0.87535738E-001
  0.36556299E+004  0.11080211E+000
  0.36580677E+004  0.13834995E+000
  0.36605072E+004  0.11364541E-001
  0.36629483E+004  0.12554550E+000
  0.36653909E+004  0.53284133E-001
  0.36678353E+004  0.62869176E-001
  0.36702812E+004  0.44341853E-001
  0.36727288E+004  0.10115173E+000
  0.36751780E+004  0.18685665E+000
  0.36776289E+004  0.46235213E+000
  0.36800814E+004  0.15536693E-001
  0.36825355E+004  0.25601484E-001
  0.36849913E+004  0.83061834E-001
  0.36874487E+004  0.40796164E+000
  0.36899077E+004  0.22700074E+000
  0.36923684E+004  0.16923476E-001
  0.36948307E+004  0.48245999E+000
  0.36972947E+004  0.38089810E+000
  0.36997603E+004  0.18002992E+000
  0.37022275E+004  0.45101906E-001
  0.37046964E+004  0.88505782E-001
  0.37071669E+004  0.36737564E+000
  0.37096391E+004  0.30686349E+000
  0.37121130E+004  0.22525347E+000
  0.37145884E+004  0.14089225E+000
  0.37170656E+004  0.37033105E+000
  0.37195444E+004  0.19552619E-001
  0.37220248E+004  0.55560627E+000
  0.37245069E+004  0.39969199E+000
  0.37269906E+004  0.70515627E-001
  0.37294761E+004  0.39764713E+000
  0.37319631E+004  0.88712396E-001
  0.37344518E+004  0.40130792E-001
  0.37369422E+004  0.12253626E+000
  0.37394343E+004  0.38333502E-001
  0.37419280E+004  0.29582079E+000
  0.37444233E+004  0.31627528E-001
  0.37469204E+004  0.10638645E+000
  0.37494191E+004  0.49816287E-001
  0.37519194E+004  0.61251266E-001
  0.37544215E+004  0.68965875E-001
  0.37569252E+004  0.65344516E+000
  0.37594305E+004  0.10603743E+000
  0.37619376E+004  0.40764623E-001
  0.37644463E+004  0.11555684E-001
  0.37669567E+004  0.16888471E+000
  0.37694687E+004  0.62485716E+000
  0.37719824E+004  0.49725058E-001
  0.37744979E+004  0.11302960E-001
  0.37770149E+004  0.13041367E+000
  0.37795337E+004  0.29378339E+000
  0.37820542E+004  0.57530110E+000
  0.37845763E+004  0.27095777E-001
  0.37871001E+004  0.38125833E-001
  0.37896256E+004  0.36022823E+000
  0.37921528E+004  0.65493144E-001
  0.37946816E+004  0.34227739E-001
  0.37972122E+004  0.22300933E+000
  0.37997444E+004  0.36702235E-001
  0.38022783E+004  0.40926164E+000
  0.38048139E+004  0.88074414E-002
  0.38073512E+004  0.64832435E+000
  0.38098902E+004  0.38392346E+000
  0.38124309E+004  0.58546784E+000
  0.38149733E+004  0.53982917E-001
  0.38175174E+004  0.11723740E-001
  0.38200632E+004  0.25818178E-001
  0.38226106E+004  0.16265215E-001
  0.38251598E+004  0.81020131E-002
  0.38277107E+004  0.46290707E+000
  0.38302632E+004  0.26372085E-001
  0.38328175E+004  0.23851036E-001
  0.38353735E+004  0.49661283E+000
  0.38379312E+004  0.15320452E-001
  0.38404906E+004  0.42066171E-001
  0.38430517E+004  0.31402168E-001
  0.38456145E+004  0.43789741E+000
  0.38481790E+004  0.41073196E-001
  0.38507452E+004  0.49584209E+000
  0.38533131E+004  0.35744496E+000
  0.38558828E+004  0.94777097E-002
  0.38584541E+004  0.34599553E+000
  0.38610272E+004  0.18998535E-001
  0.38636020E+004  0.86517760E-002
  0.38661785E+004  0.50155659E+000
  0.38687567E+004  0.43900329E+000
  0.38713367E+004  0.63657299E-002
  0.38739184E+004  0.48056212E-002
  0.38765017E+004  0.55964395E-002
  0.38790869E+004  0.70858400E-002
  0.38816737E+004  0.88618412E-002
  0.38842622E+004  0.17734954E-001
  0.38868525E+004  0.17419606E-001
  0.38894445E+004  0.82188188E-002
  0.38920383E+004  0.67268039E-002
  0.38946338E+004  0.65334377E-002
  0.38972310E+004  0.92214700E-002
  0.38998299E+004  0.14594198E-001
  0.39024306E+004  0.15118928E-001
  0.39050330E+004  0.28035380E+000
  0.39076371E+004  0.11120133E-001
  0.39102430E+004  0.16278607E-001
  0.39128506E+004  0.80490289E-002
  0.39154599E+004  0.17884694E-001
  0.39180710E+004  0.13861953E-001
  0.39206838E+004  0.10505113E+000
  0.39232984E+004  0.23670670E-001
  0.39259147E+004  0.12967336E-001
  0.39285328E+004  0.13441501E-001
  0.39311526E+004  0.26311294E+000
  0.39337742E+004  0.18238721E+000
  0.39363975E+004  0.11498064E-001
  0.39390225E+004  0.56062083E+000
  0.39416493E+004  0.16155145E-001
  0.39442779E+004  0.22867029E-001
  0.39469082E+004  0.11645304E-001
  0.39495402E+004  0.37604814E+000
  0.39521741E+004  0.10837235E-001
  0.39548096E+004  0.12946931E-001
  0.39574470E+004  0.14794100E-001
  0.39600861E+004  0.79302695E-001
  0.39627269E+004  0.15518265E-001
  0.39653695E+004  0.47616894E-001
  0.39680139E+004  0.72115704E+000
  0.39706600E+004  0.72771354E+000
  0.39733079E+004  0.16944388E+000
  0.39759576E+004  0.46311312E-001
  0.39786090E+004  0.80474499E+000
  0.39812622E+004  0.70730303E+000
  0.39839172E+004  0.10661144E-001
  0.39865739E+004  0.99888782E-002
  0.39892325E+004  0.60872504E+000
  0.39918927E+004  0.14607240E-001
  0.39945548E+004  0.55310111E+000
  0.39972186E+004  0.64526331E+000
  0.39998842E+004  0.57563069E+000
  0.40025516E+004  0.13360973E+000
  0.40052208E+004  0.17908397E-001
  0.40078918E+004  0.55221186E-002
  0.40105645E+004  0.28247194E+000
  0.40132390E+004  0.56797342E+000
  0.40159153E+004  0.57459321E+000
  0.40185934E+004  0.27839790E+000
  0.40212732E+004  0.32273867E+000
  0.40239549E+004  0.73791862E+000
  0.40266383E+004  0.35647336E+000
  0.40293236E+004  0.39108897E+000
  0.40320106E+004  0.55724116E-001
  0.40346994E+004  0.14338593E-001
  0.40373900E+004  0.70394141E+000
  0.40400824E+004  0.10886571E-001
  0.40427766E+004  0.62269936E-001
  0.40454726E+004  0.48179460E+000
  0.40481704E+004  0.22277333E-001
  0.40508700E+004  0.15890475E-001
  0.40535714E+004  0.57940783E+000
  0.40562746E+004  0.20100527E-001
  0.40589796E+004  0.10173137E-001
  0.40616864E+004  0.19614095E-001
  0.40643950E+004  0.18665904E-001
  0.40671054E+004  0.13304156E-001
  0.40698176E+004  0.18652883E-001
  0.40725316E+004  0.84865120E-002
  0.40752474E+004  0.13354260E-001
  0.40779651E+004  0.10840324E-001
  0.40806846E+004  0.16858236E-001
  0.40834058E+004  0.30724374E-001
  0.40861289E+004  0.23739157E-001
  0.40888538E+004  0.13651015E-001
  0.40915805E+004  0.14052185E-001
  0.40943091E+004  0.15268290E+000
  0.40970394E+004  0.12253205E-001
  0.40997716E+004  0.21967925E-001
  0.41025056E+004  0.14643095E-001
  0.41052414E+004  0.13787345E-001
  0.41079791E+004  0.10036757E+000
  0.41107186E+004  0.10852304E-001
  0.41134599E+004  0.14328126E-001
  0.41162030E+004  0.64436798E-001
  0.41189479E+004  0.14769123E-001
  0.41216947E+004  0.12996580E-001
  0.41244434E+004  0.68524283E-001
  0.41271938E+004  0.19294828E-001
  0.41299461E+004  0.15037219E-001
  0.41327002E+004  0.23474697E+000
  0.41354562E+004  0.14256355E-001
  0.41382140E+004  0.61260041E+000
  0.41409736E+004  0.19379970E-001
  0.41437351E+004  0.17997745E-001
  0.41464984E+004  0.55291965E+000
  0.41492636E+004  0.18202697E-001
  0.41520306E+004  0.21219543E-001
  0.41547994E+004  0.22709985E-001
  0.41575701E+004  0.15368230E+001
  0.41603427E+004  0.28342062E-001
  0.41631171E+004  0.14761692E-001
  0.41658933E+004  0.17111683E-001
  0.41686714E+004  0.17362229E-001
  0.41714514E+004  0.56349251E-001
  0.41742332E+004  0.18204249E-001
  0.41770168E+004  0.10128972E+000
  0.41798023E+004  0.32464561E-001
  0.41825897E+004  0.20796662E-001
  0.41853789E+004  0.19023757E-001
  0.41881700E+004  0.22386786E-001
  0.41909630E+004  0.19538727E-001
  0.41937578E+004  0.10891453E+000
  0.41965545E+004  0.23438791E-001
  0.41993530E+004  0.21901320E-001
  0.42021534E+004  0.21096768E-001
  0.42049557E+004  0.87600023E+000
  0.42077598E+004  0.24090355E-001
  0.42105659E+004  0.26650241E-001
  0.42133737E+004  0.53451371E+000
  0.42161835E+004  0.40274764E-001
  0.42189951E+004  0.11582799E-001
  0.42218086E+004  0.13466472E-001
  0.42246240E+004  0.18631447E-001
  0.42274413E+004  0.29403913E-001
  0.42302604E+004  0.11708165E+000
  0.42330814E+004  0.57038860E+000
  0.42359043E+004  0.16438997E-001
  0.42387291E+004  0.13481460E-001
  0.42415558E+004  0.29223212E-001
  0.42443843E+004  0.29115416E-002
  0.42472148E+004  0.24202192E-001
  0.42500471E+004  0.89982072E-001
  0.42528813E+004  0.13200325E-001
  0.42557174E+004  0.13811345E-001
  0.42585554E+004  0.32097824E+000
  0.42613953E+004  0.16193523E-001
  0.42642371E+004  0.27880855E-001
  0.42670808E+004  0.18622560E-001
  0.42699263E+004  0.19424529E-001
  0.42727738E+004  0.17693600E+000
  0.42756232E+004  0.18156461E-001
  0.42784745E+004  0.15911842E-001
  0.42813276E+004  0.45826862E-001
  0.42841827E+004  0.17347205E-001
  0.42870397E+004  0.63817514E-002
  0.42898986E+004  0.10740043E-001
  0.42927594E+004  0.71968856E+000
  0.42956221E+004  0.45437302E-001
  0.42984867E+004  0.19570234E+000
  0.43013532E+004  0.11509532E-006
  0.43042216E+004  0.19009029E+000
  0.43070920E+004  0.12738519E-003
  0.43099642E+004  0.72575679E-004
  0.43128384E+004  0.71922710E-005
  0.43157145E+004  0.34234200E+000
  0.43185925E+004  0.38343369E-001
  0.43214724E+004  0.18259368E+001
  0.43243543E+004  0.13465365E+001
  0.43272380E+004  0.57732429E-001
  0.43301237E+004  0.74697996E-001
  0.43330113E+004  0.18872705E+001
  0.43359009E+004  0.27183111E+000
  0.43387923E+004  0.68899634E-001
  0.43416857E+004  0.59703027E-001
  0.43445811E+004  0.47987341E-002
  0.43474783E+004  0.14306594E+000
  0.43503775E+004  0.19850728E+001
  0.43532786E+004  0.17587876E-001
  0.43561817E+004  0.12837100E+001
  0.43590867E+004  0.27559391E+000
  0.43619936E+004  0.81518359E-001
  0.43649025E+004  0.11262183E+000
  0.43678133E+004  0.13148670E-001
  0.43707260E+004  0.68768911E-001
  0.43736407E+004  0.94704569E-001
  0.43765574E+004  0.54171012E-001
  0.43794759E+004  0.17136760E+001
  0.43823965E+004  0.55019111E+000
  0.43853189E+004  0.32133759E-001
  0.43882434E+004  0.44954428E-001
  0.43911697E+004  0.27801503E-001
  0.43940981E+004  0.46079199E-001
  0.43970283E+004  0.50602959E-001
  0.43999606E+004  0.93250096E-001
  0.44028948E+004  0.10443075E+000
  0.44058309E+004  0.21411609E+001
  0.44087690E+004  0.27201507E-001
  0.44117091E+004  0.12641083E+001
  0.44146511E+004  0.17696187E+000
  0.44175951E+004  0.23163639E-001
  0.44205410E+004  0.20183745E+001
  0.44234889E+004  0.10804390E+001
  0.44264388E+004  0.94265454E-001
  0.44293906E+004  0.72807761E+000
  0.44323445E+004  0.64650940E-001
  0.44353002E+004  0.10614437E+001
  0.44382580E+004  0.13752150E+001
  0.44412177E+004  0.10873307E+001
  0.44441794E+004  0.87616843E+000
  0.44471431E+004  0.99802063E-001
  0.44501088E+004  0.29552009E-001
  0.44530764E+004  0.93888362E+000
  0.44560460E+004  0.75102760E+000
  0.44590176E+004  0.77674367E+000
  0.44619911E+004  0.89107231E+000
  0.44649667E+004  0.89028006E+000
  0.44679442E+004  0.90711797E+000
  0.44709238E+004  0.29089120E+000
  0.44739053E+004  0.10519849E+001
  0.44768888E+004  0.21795576E+000
  0.44798743E+004  0.88913160E+000
  0.44828617E+004  0.16062487E+000
  0.44858512E+004  0.69538224E+000
  0.44888427E+004  0.95235300E-001
  0.44918361E+004  0.43823090E+000
  0.44948316E+004  0.16480011E+001
  0.44978290E+004  0.57437804E+000
  0.45008285E+004  0.50156830E+000
  0.45038299E+004  0.99206204E+000
  0.45068334E+004  0.30094583E+000
  0.45098389E+004  0.13562052E+001
  0.45128463E+004  0.52411063E+000
  0.45158558E+004  0.58391482E+000
  0.45188673E+004  0.74952425E-001
  0.45218807E+004  0.18424730E+000
  0.45248962E+004  0.74162601E+000
  0.45279137E+004  0.62631915E+000
  0.45309333E+004  0.12541044E+001
  0.45339548E+004  0.15338442E+000
  0.45369783E+004  0.59771659E+000
  0.45400039E+004  0.18867145E+001
  0.45430315E+004  0.13739679E+001
  0.45460611E+004  0.49798139E+000
  0.45490927E+004  0.17264070E+000
  0.45521263E+004  0.19650098E+001
  0.45551620E+004  0.57802216E+000
  0.45581997E+004  0.89948563E+000
  0.45612394E+004  0.22802822E+001
  0.45642811E+004  0.16559123E+001
  0.45673249E+004  0.21755890E+001
  0.45703707E+004  0.44719651E+000
  0.45734185E+004  0.10742164E+001
  0.45764684E+004  0.15338097E+001
  0.45795203E+004  0.70655200E+000
  0.45825742E+004  0.18742238E+001
  0.45856302E+004  0.71030294E+000
  0.45886882E+004  0.24705941E+001
  0.45917482E+004  0.61638744E-001
  0.45948103E+004  0.96903430E+000
  0.45978744E+004  0.24679018E+001
  0.46009406E+004  0.20178973E+001
  0.46040088E+004  0.21943764E+001
  0.46070791E+004  0.10916728E+001
  0.46101514E+004  0.14214232E+001
  0.46132257E+004  0.16094409E+001
  0.46163021E+004  0.26709671E+000
  0.46193806E+004  0.12492718E+001
  0.46224611E+004  0.22456848E+000
  0.46255437E+004  0.23501222E+001
  0.46286283E+004  0.10652595E+001
  0.46317150E+004  0.15664076E+001
  0.46348037E+004  0.77881634E+000
  0.46378945E+004  0.25876005E+001
  0.46409873E+004  0.12232968E+001
  0.46440823E+004  0.19202335E+001
  0.46471793E+004  0.59222333E-001
  0.46502783E+004  0.38364373E+000
  0.46533794E+004  0.24677524E-001
  0.46564826E+004  0.14042774E+001
  0.46595879E+004  0.25050290E+001
  0.46626952E+004  0.18363795E+001
  0.46658046E+004  0.22664591E+001
  0.46689160E+004  0.98270038E+000
  0.46720296E+004  0.10778707E+001
  0.46751452E+004  0.12689886E+000
  0.46782629E+004  0.12964953E+001
  0.46813827E+004  0.24237231E+001
  0.46845045E+004  0.15826967E+001
  0.46876285E+004  0.10396120E+001
  0.46907545E+004  0.15354927E+001
  0.46938826E+004  0.12141149E+001
  0.46970128E+004  0.12313987E+001
  0.47001451E+004  0.64805570E+000
  0.47032795E+004  0.11619733E+001
  0.47064159E+004  0.46680604E+000
  0.47095545E+004  0.11550116E+001
  0.47126951E+004  0.99388125E+000
  0.47158379E+004  0.14875989E+001
  0.47189827E+004  0.13114406E+001
  0.47221296E+004  0.12286919E+001
  0.47252787E+004  0.70464460E+000
  0.47284298E+004  0.11633221E+001
  0.47315830E+004  0.18107628E+001
  0.47347384E+004  0.68849207E+000
  0.47378958E+004  0.96241918E+000
  0.47410553E+004  0.18322055E+001
  0.47442170E+004  0.19493765E+001
  0.47473808E+004  0.10984666E+001
  0.47505466E+004  0.18744809E+001
  0.47537146E+004  0.22143130E+001
  0.47568847E+004  0.63619984E+000
  0.47600569E+004  0.57286279E+000
  0.47632312E+004  0.85287918E+000
  0.47664077E+004  0.91157871E+000
  0.47695862E+004  0.21930892E+001
  0.47727669E+004  0.14428882E+001
  0.47759497E+004  0.16211028E+001
  0.47791346E+004  0.18512931E+001
  0.47823217E+004  0.22941155E+001
  0.47855108E+004  0.18592646E+001
  0.47887021E+004  0.17181633E+001
  0.47918956E+004  0.26537270E+001
  0.47950911E+004  0.19936290E+001
  0.47982888E+004  0.19557846E+001
  0.48014886E+004  0.19162784E+001
  0.48046906E+004  0.27118536E+001
  0.48078947E+004  0.95625271E+000
  0.48111009E+004  0.36680211E+000
  0.48143093E+004  0.22425082E+001
  0.48175198E+004  0.28629209E+001
  0.48207324E+004  0.21638521E+001
  0.48239472E+004  0.26593147E+001
  0.48271641E+004  0.22358627E+001
  0.48303832E+004  0.21977470E+001
  0.48336044E+004  0.25203731E+001
  0.48368278E+004  0.18920979E+001
  0.48400533E+004  0.42815106E+000
  0.48432810E+004  0.16330490E+001
  0.48465108E+004  0.20428933E+001
  0.48497428E+004  0.20813287E+001
  0.48529769E+004  0.20156990E+001
  0.48562132E+004  0.18143099E+001
  0.48594516E+004  0.14822401E+001
  0.48626922E+004  0.27100571E+001
  0.48659350E+004  0.59442956E+000
  0.48691799E+004  0.14907510E+001
  0.48724270E+004  0.24114797E+001
  0.48756763E+004  0.11828110E+001
  0.48789277E+004  0.15043625E+001
  0.48821813E+004  0.10891298E+001
  0.48854371E+004  0.12327047E+001
  0.48886950E+004  0.19079428E+001
  0.48919551E+004  0.14734484E+001
  0.48952174E+004  0.16868542E+001
  0.48984819E+004  0.21585590E+001
  0.49017485E+004  0.15826499E+001
  0.49050173E+004  0.90309447E+000
  0.49082883E+004  0.12089723E+001
  0.49115615E+004  0.58671245E+000
  0.49148368E+004  0.16990409E+001
  0.49181144E+004  0.18930684E+001
  0.49213941E+004  0.21949654E+001
  0.49246760E+004  0.25009721E+001
  0.49279601E+004  0.91994368E+000
  0.49312464E+004  0.88064019E+000
  0.49345349E+004  0.11516969E+001
  0.49378256E+004  0.22655284E+001
  0.49411184E+004  0.26544813E+001
  0.49444135E+004  0.15622715E+001
  0.49477108E+004  0.27206035E+001
  0.49510102E+004  0.21350489E+001
  0.49543119E+004  0.20471927E+001
  0.49576158E+004  0.12788601E+001
  0.49609218E+004  0.11566274E+001
  0.49642301E+004  0.80689409E+000
  0.49675406E+004  0.14046711E+001
  0.49708533E+004  0.97605777E+000
  0.49741682E+004  0.14784278E+001
  0.49774853E+004  0.68313333E+000
  0.49808046E+004  0.19092126E+001
  0.49841261E+004  0.25606558E+001
  0.49874499E+004  0.15896422E+001
  0.49907759E+004  0.15821307E+001
  0.49941040E+004  0.16919479E+001
  0.49974344E+004  0.17900006E+001
  0.50007671E+004  0.11985855E+001
  0.50041019E+004  0.20053867E+001
  0.50074390E+004  0.17947288E+001
  0.50107783E+004  0.91550799E+000
  0.50141198E+004  0.30169708E+000
  0.50174635E+004  0.33835583E+000
  0.50208095E+004  0.11426676E+001
  0.50241577E+004  0.44055320E+000
  0.50275082E+004  0.14370407E+001
  0.50308608E+004  0.13430745E+001
  0.50342158E+004  0.12634179E+001
  0.50375729E+004  0.63378542E+000
  0.50409323E+004  0.14865269E+001
  0.50442939E+004  0.13887302E+001
  0.50476578E+004  0.19691292E+001
  0.50510239E+004  0.16975675E+001
  0.50543923E+004  0.79891257E+000
  0.50577629E+004  0.15905514E+001
  0.50611357E+004  0.16990384E+001
  0.50645108E+004  0.18722860E+001
  0.50678882E+004  0.19723499E+001
  0.50712678E+004  0.47005594E+000
  0.50746497E+004  0.15986661E+001
  0.50780338E+004  0.22321452E+001
  0.50814201E+004  0.19063437E+001
  0.50848088E+004  0.16817152E+001
  0.50881997E+004  0.94447057E+000
  0.50915928E+004  0.20385653E+001
  0.50949882E+004  0.17425783E+001
  0.50983859E+004  0.93759232E+000
  0.51017859E+004  0.23550986E+001
  0.51051881E+004  0.16371078E+001
  0.51085925E+004  0.94810897E+000
  0.51119993E+004  0.21277233E+001
  0.51154083E+004  0.23425753E+001
  0.51188196E+004  0.21369529E+001
  0.51222332E+004  0.19910640E+001
  0.51256490E+004  0.19479138E+001
  0.51290672E+004  0.26586442E+001
  0.51324876E+004  0.13891549E+001
  0.51359102E+004  0.19580905E+001
  0.51393352E+004  0.18938621E+001
  0.51427625E+004  0.21355036E+001
  0.51461920E+004  0.28028241E+001
  0.51496238E+004  0.12311489E+001
  0.51530579E+004  0.10718526E+001
  0.51564943E+004  0.26164432E+001
  0.51599330E+004  0.23622146E+001
  0.51633740E+004  0.27597414E+001
  0.51668173E+004  0.24655718E+001
  0.51702629E+004  0.29419070E+001
  0.51737108E+004  0.20312456E+001
  0.51771609E+004  0.28514580E+001
  0.51806134E+004  0.17522573E+001
  0.51840682E+004  0.21955742E+001
  0.51875253E+004  0.25810364E+001
  0.51909847E+004  0.28812643E+001
  0.51944464E+004  0.26990431E+001
  0.51979104E+004  0.11725874E+001
  0.52013767E+004  0.12637237E+001
  0.52048453E+004  0.10124648E+001
  0.52083162E+004  0.13518796E+001
  0.52117895E+004  0.19720007E+001
  0.52152651E+004  0.28289160E+001
  0.52187429E+004  0.28445861E+001
  0.52222231E+004  0.68375081E+000
  0.52257057E+004  0.32094156E+001
  0.52291905E+004  0.28145850E+001
  0.52326777E+004  0.28315107E+001
  0.52361672E+004  0.27137752E+001
  0.52396590E+004  0.22819177E+001
  0.52431532E+004  0.32359791E+001
  0.52466497E+004  0.28677335E+001
  0.52501485E+004  0.30795086E+001
  0.52536496E+004  0.22471553E+001
  0.52571531E+004  0.29079564E+001
  0.52606589E+004  0.26149838E+001
  0.52641671E+004  0.30141043E+001
  0.52676776E+004  0.19870572E+001
  0.52711904E+004  0.20355065E+001
  0.52747056E+004  0.31772535E+001
  0.52782231E+004  0.23707987E+001
  0.52817430E+004  0.30182360E+001
  0.52852652E+004  0.26017317E+001
  0.52887898E+004  0.17475388E+001
  0.52923167E+004  0.28444546E+001
  0.52958460E+004  0.32042874E+001
  0.52993776E+004  0.89819070E-001
  0.53029116E+004  0.19844400E+001
  0.53064479E+004  0.21280906E+001
  0.53099866E+004  0.19885381E+001
  0.53135277E+004  0.27075608E+001
  0.53170711E+004  0.31477558E+001
  0.53206168E+004  0.21031293E+001
  0.53241650E+004  0.23217055E+001
  0.53277155E+004  0.19535181E+001
  0.53312684E+004  0.24334609E+001
  0.53348236E+004  0.30636194E+001
  0.53383812E+004  0.31536838E+001
  0.53419412E+004  0.22468795E+001
  0.53455036E+004  0.27827886E+001
  0.53490683E+004  0.23325269E+001
  0.53526354E+004  0.29967470E+001
  0.53562049E+004  0.29930822E+001
  0.53597768E+004  0.27238262E+001
  0.53633511E+004  0.25557090E+001
  0.53669277E+004  0.21887260E+001
  0.53705067E+004  0.26583932E+001
  0.53740881E+004  0.32020938E+001
  0.53776719E+004  0.21122422E+001
  0.53812581E+004  0.29655081E+001
  0.53848467E+004  0.16587164E+001
  0.53884377E+004  0.24150462E+001
  0.53920311E+004  0.18625501E+001
  0.53956268E+004  0.18668478E+001
  0.53992250E+004  0.22870207E+001
  0.54028256E+004  0.19551852E+001
  0.54064285E+004  0.18360962E+001
  0.54100339E+004  0.24212946E+001
  0.54136417E+004  0.19682396E+001
  0.54172518E+004  0.25038032E+001
  0.54208644E+004  0.18504944E+001
  0.54244794E+004  0.20065080E+001
  0.54280968E+004  0.23440931E+001
  0.54317166E+004  0.18786067E+001
  0.54353389E+004  0.18761823E+001
  0.54389635E+004  0.23070755E+001
  0.54425906E+004  0.19095110E+001
  0.54462201E+004  0.22105749E+001
  0.54498520E+004  0.20589913E+001
  0.54534863E+004  0.19267928E+001
  0.54571230E+004  0.19187857E+001
  0.54607622E+004  0.19014429E+001
  0.54644038E+004  0.19177321E+001
  0.54680478E+004  0.19282882E+001
  0.54716943E+004  0.19010821E+001
  0.54753432E+004  0.19857056E+001
  0.54789945E+004  0.19195946E+001
  0.54826483E+004  0.18522514E+001
  0.54863045E+004  0.22037338E+001
  0.54899631E+004  0.20286276E+001
  0.54936242E+004  0.26863740E+001
  0.54972877E+004  0.21489599E+001
  0.55009536E+004  0.20023419E+001
  0.55046221E+004  0.20262324E+001
  0.55082929E+004  0.20221557E+001
  0.55119662E+004  0.25419255E+001
  0.55156419E+004  0.26851427E+001
  0.55193201E+004  0.26192477E+001
  0.55230008E+004  0.31358503E+001
  0.55266839E+004  0.27451463E+001
  0.55303695E+004  0.31534079E+001
  0.55340575E+004  0.24625314E+001
  0.55377480E+004  0.26329750E+001
  0.55414409E+004  0.24270721E+001
  0.55451363E+004  0.31957407E+001
  0.55488342E+004  0.26127637E+001
  0.55525345E+004  0.27729647E+001
  0.55562373E+004  0.30545980E+001
  0.55599426E+004  0.32754626E+001
  0.55636503E+004  0.32772109E+001
  0.55673605E+004  0.71708804E+000
  0.55710732E+004  0.27145431E+001
  0.55747884E+004  0.30242529E+001
  0.55785060E+004  0.27933579E+001
  0.55822261E+004  0.31571853E+001
  0.55859487E+004  0.16680974E+000
  0.55896738E+004  0.30945171E+001
  0.55934014E+004  0.26634592E+001
  0.55971314E+004  0.33472597E+001
  0.56008640E+004  0.22448177E+001
  0.56045990E+004  0.31451027E+001
  0.56083365E+004  0.22154256E+001
  0.56120765E+004  0.26612608E+001
  0.56158190E+004  0.31096119E+001
  0.56195641E+004  0.20702304E+001
  0.56233116E+004  0.24511461E+001
  0.56270616E+004  0.32098086E+001
  0.56308141E+004  0.33027786E+001
  0.56345691E+004  0.33984364E+001
  0.56383266E+004  0.29624818E+001
  0.56420866E+004  0.21136329E+001
  0.56458491E+004  0.34480888E+001
  0.56496141E+004  0.30377226E+001
  0.56533817E+004  0.29902521E+001
  0.56571517E+004  0.21246669E+001
  0.56609243E+004  0.26860102E+001
  0.56646994E+004  0.24845128E+001
  0.56684770E+004  0.28588876E+001
  0.56722571E+004  0.12009737E+000
  0.56760397E+004  0.20940609E+001
  0.56798249E+004  0.32411500E+001
  0.56836126E+004  0.23909620E+001
  0.56874028E+004  0.20817683E+001
  0.56911955E+004  0.21187773E+001
  0.56949908E+004  0.20756029E+001
  0.56987886E+004  0.21164012E+001
  0.57025889E+004  0.28874014E+001
  0.57063918E+004  0.26860833E+001
  0.57101972E+004  0.24800994E+001
  0.57140051E+004  0.21172162E+001
  0.57178156E+004  0.31022648E+001
  0.57216286E+004  0.23354739E+001
  0.57254442E+004  0.21574101E+001
  0.57292623E+004  0.31398820E+001
  0.57330830E+004  0.24670962E+001
  0.57369062E+004  0.20969212E+001
  0.57407319E+004  0.22176038E+001
  0.57445602E+004  0.32465271E+001
  0.57483911E+004  0.26985671E+001
  0.57522245E+004  0.17152143E+001
  0.57560604E+004  0.23460882E+001
  0.57598990E+004  0.21491027E+001
  0.57637401E+004  0.30907408E+001
  0.57675837E+004  0.24529401E+001
  0.57714299E+004  0.26204139E+001
  0.57752787E+004  0.22283562E+001
  0.57791300E+004  0.32043423E+001
  0.57829839E+004  0.24608387E+001
  0.57868404E+004  0.24350567E+001
  0.57906995E+004  0.24329960E+001
  0.57945611E+004  0.23911042E+001
  0.57984253E+004  0.22500217E+001
  0.58022921E+004  0.25482346E+001
  0.58061614E+004  0.24875996E+001
  0.58100334E+004  0.25225180E+001
  0.58139079E+004  0.27348082E+001
  0.58177850E+004  0.24648725E+001
  0.58216647E+004  0.22568990E+001
  0.58255469E+004  0.25931212E+001
  0.58294318E+004  0.22463082E+001
  0.58333193E+004  0.22181045E+001
  0.58372093E+004  0.22002688E+001
  0.58411019E+004  0.23070358E+001
  0.58449972E+004  0.22876974E+001
  0.58488950E+004  0.34339952E+001
  0.58527954E+004  0.21799986E+001
  0.58566985E+004  0.24850752E+001
  0.58606041E+004  0.21912194E+001
  0.58645124E+004  0.22156690E+001
  0.58684232E+004  0.26423799E+001
  0.58723367E+004  0.21925253E+001
  0.58762527E+004  0.22552643E+001
  0.58801714E+004  0.21952006E+001
  0.58840927E+004  0.21665746E+001
  0.58880166E+004  0.21586094E+001
  0.58919431E+004  0.81846381E+000
  0.58958723E+004  0.21706619E+001
  0.58998040E+004  0.21462308E+001
  0.59037384E+004  0.21822894E+001
  0.59076754E+004  0.22174975E+001
  0.59116150E+004  0.21470667E+001
  0.59155573E+004  0.22597282E+001
  0.59195022E+004  0.16767388E+001
  0.59234497E+004  0.22053767E+001
  0.59273999E+004  0.29148273E+001
  0.59313527E+004  0.26364628E+001
  0.59353081E+004  0.22227807E+001
  0.59392661E+004  0.24474047E+001
  0.59432268E+004  0.19577652E+001
  0.59471902E+004  0.22346296E+001
  0.59511562E+004  0.22153941E+001
  0.59551248E+004  0.22223111E+001
  0.59590961E+004  0.33301215E+001
  0.59630700E+004  0.22620761E+001
  0.59670466E+004  0.22719382E+001
  0.59710258E+004  0.26527000E+001
  0.59750077E+004  0.23126817E+001
  0.59789922E+004  0.22483659E+001
  0.59829794E+004  0.24195028E+001
  0.59869692E+004  0.23586487E+001
  0.59909617E+004  0.19611562E+001
  0.59949569E+004  0.23836314E+001
  0.59989547E+004  0.22615866E+001
  0.60029553E+004  0.22854856E+001
  0.60069584E+004  0.22797833E+001
  0.60109643E+004  0.22762547E+001
  0.60149728E+004  0.33043225E+001
  0.60189840E+004  0.23079862E+001
  0.60229978E+004  0.23149485E+001
  0.60270144E+004  0.29159870E+001
  0.60310336E+004  0.24797722E+001
  0.60350555E+004  0.30880606E+001
  0.60390800E+004  0.23138587E+001
  0.60431073E+004  0.30562958E+001
  0.60471373E+004  0.24828271E+001
  0.60511699E+004  0.24191658E+001
  0.60552052E+004  0.23933942E+001
  0.60592432E+004  0.25031496E+001
  0.60632839E+004  0.27859588E+001
  0.60673273E+004  0.29466623E+001
  0.60713734E+004  0.26489104E+001
  0.60754222E+004  0.28306346E+001
  0.60794737E+004  0.26899357E+001
  0.60835279E+004  0.31350545E+001
  0.60875848E+004  0.30161767E+001
  0.60916444E+004  0.25107765E+001
  0.60957068E+004  0.31049919E+001
  0.60997718E+004  0.31700930E+001
  0.61038395E+004  0.30953265E+001
  0.61079100E+004  0.26667203E+001
  0.61119831E+004  0.31172172E+001
  0.61160590E+004  0.29143111E+001
  0.61201376E+004  0.34788175E+001
  0.61242189E+004  0.33035052E+001
  0.61283029E+004  0.33678278E+001
  0.61323897E+004  0.32180036E+001
  0.61364792E+004  0.34796622E+001
  0.61405714E+004  0.33230926E+001
  0.61446664E+004  0.33771044E+001
  0.61487640E+004  0.32658405E+001
  0.61528644E+004  0.37099206E+001
  0.61569676E+004  0.37271597E+001
  0.61610734E+004  0.34306489E+001
  0.61651821E+004  0.36224340E+001
  0.61692934E+004  0.34647961E+001
  0.61734075E+004  0.37935031E+001
  0.61775244E+004  0.28744577E+001
  0.61816439E+004  0.33168123E+001
  0.61857663E+004  0.36544261E+001
  0.61898914E+004  0.31966541E+001
  0.61940192E+004  0.34926380E+001
  0.61981498E+004  0.32562749E+001
  0.62022831E+004  0.22256194E+001
  0.62064192E+004  0.34585178E+001
  0.62105581E+004  0.30639125E+001
  0.62146997E+004  0.30964416E+001
  0.62188441E+004  0.36816401E+001
  0.62229912E+004  0.24329270E+001
  0.62271411E+004  0.34198786E+001
  0.62312938E+004  0.34016188E+001
  0.62354492E+004  0.34671808E+001
  0.62396074E+004  0.26578417E+001
  0.62437684E+004  0.31817947E+001
  0.62479322E+004  0.31134232E+001
  0.62520987E+004  0.25891222E+001
  0.62562680E+004  0.29365982E+001
  0.62604401E+004  0.19603060E+000
  0.62646150E+004  0.26491267E+001
  0.62687927E+004  0.28968582E+001
  0.62729731E+004  0.32033142E+001
  0.62771564E+004  0.30075382E+001
  0.62813424E+004  0.27773543E+001
  0.62855312E+004  0.30488455E+001
  0.62897228E+004  0.33623947E+001
  0.62939172E+004  0.32294567E+001
  0.62981144E+004  0.20067860E+000
  0.63023144E+004  0.31049205E+001
  0.63065172E+004  0.28706391E+001
  0.63107228E+004  0.26734517E+001
  0.63149312E+004  0.32199636E+001
  0.63191425E+004  0.24517688E+001
  0.63233565E+004  0.29505007E+001
  0.63275733E+004  0.25531356E+001
  0.63317930E+004  0.29968268E+001
  0.63360154E+004  0.29777812E+001
  0.63402407E+004  0.25820850E+001
  0.63444688E+004  0.26395346E+001
  0.63486997E+004  0.23910318E+001
  0.63529335E+004  0.29405285E+001
  0.63571700E+004  0.14457287E+001
  0.63614094E+004  0.29405422E+001
  0.63656516E+004  0.24076641E+001
  0.63698967E+004  0.25244499E+001
  0.63741445E+004  0.32338060E+001
  0.63783952E+004  0.29483536E+001
  0.63826488E+004  0.25244042E+001
  0.63869051E+004  0.25334990E+001
  0.63911644E+004  0.24617280E+001
  0.63954264E+004  0.27403190E+001
  0.63996913E+004  0.27434936E+001
  0.64039591E+004  0.24903482E+001
  0.64082296E+004  0.25983972E+001
  0.64125031E+004  0.27862870E+001
  0.64167794E+004  0.24954672E+001
  0.64210585E+004  0.24498813E+001
  0.64253405E+004  0.28036181E+001
  0.64296253E+004  0.27170249E+001
  0.64339130E+004  0.24811251E+001
  0.64382036E+004  0.27140415E+001
  0.64424970E+004  0.26954745E+001
  0.64467933E+004  0.19602481E+001
  0.64510925E+004  0.25657950E+001
  0.64553945E+004  0.25088403E+001
  0.64596994E+004  0.27410748E+001
  0.64640071E+004  0.31163033E+001
  0.64683178E+004  0.24730373E+001
  0.64726313E+004  0.25201046E+001
  0.64769476E+004  0.23526125E+001
  0.64812669E+004  0.28059690E+001
  0.64855890E+004  0.23997373E+001
  0.64899141E+004  0.25378636E+001
  0.64942420E+004  0.27607145E+001
  0.64985728E+004  0.26239312E+001
  0.65029065E+004  0.26385939E+001
  0.65072430E+004  0.27081911E+001
  0.65115825E+004  0.25228167E+001
  0.65159248E+004  0.24880743E+001
  0.65202701E+004  0.24556363E+001
  0.65246183E+004  0.24741302E+001
  0.65289693E+004  0.24835622E+001
  0.65333233E+004  0.25294891E+001
  0.65376801E+004  0.25377985E+001
  0.65420399E+004  0.31315074E+001
  0.65464025E+004  0.27867361E+001
  0.65507681E+004  0.25411266E+001
  0.65551366E+004  0.27037350E+001
  0.65595080E+004  0.25358416E+001
  0.65638823E+004  0.25768208E+001
  0.65682596E+004  0.25603509E+001
  0.65726397E+004  0.25829594E+001
  0.65770228E+004  0.30554695E+001
  0.65814088E+004  0.27756146E+001
  0.65857977E+004  0.26890186E+001
  0.65901896E+004  0.25628185E+001
  0.65945843E+004  0.28263009E+001
  0.65989820E+004  0.25869287E+001
  0.66033827E+004  0.26871465E+001
  0.66077863E+004  0.29579538E+001
  0.66121928E+004  0.28531800E+001
  0.66166022E+004  0.23978325E+001
  0.66210146E+004  0.30895348E+001
  0.66254300E+004  0.26698783E+001
  0.66298482E+004  0.25842256E+001
  0.66342695E+004  0.27352628E+001
  0.66386936E+004  0.26682486E+001
  0.66431208E+004  0.27675214E+001
  0.66475508E+004  0.26225033E+001
  0.66519839E+004  0.29310816E+001
  0.66564198E+004  0.31973473E+001
  0.66608588E+004  0.28960779E+001
  0.66653007E+004  0.29874528E+001
  0.66697456E+004  0.28827130E+001
  0.66741934E+004  0.26383102E+001
  0.66786442E+004  0.33351418E+001
  0.66830980E+004  0.29651637E+001
  0.66875547E+004  0.34247589E+001
  0.66920144E+004  0.31584930E+001
  0.66964771E+004  0.35528364E+001
  0.67009427E+004  0.31512769E+001
  0.67054114E+004  0.32488363E+001
  0.67098830E+004  0.83391666E+000
  0.67143576E+004  0.33619532E+001
  0.67188352E+004  0.31807902E+001
  0.67233157E+004  0.34988885E+001
  0.67277993E+004  0.36071064E+001
  0.67322858E+004  0.29350415E+001
  0.67367754E+004  0.32971929E+001
  0.67412679E+004  0.33871422E+001
  0.67457634E+004  0.34823221E+001
  0.67502620E+004  0.35843369E+001
  0.67547635E+004  0.43934135E+000
  0.67592680E+004  0.32182873E+001
  0.67637755E+004  0.27748855E+001
  0.67682861E+004  0.67082851E+000
  0.67727996E+004  0.33553189E+001
  0.67773162E+004  0.34475388E+001
  0.67818357E+004  0.27144519E+001
  0.67863583E+004  0.31211259E+001
  0.67908839E+004  0.23842499E+001
  0.67954125E+004  0.31543342E+001
  0.67999442E+004  0.29034363E+001
  0.68044788E+004  0.37625984E+001
  0.68090165E+004  0.28876027E+001
  0.68135572E+004  0.33990034E+001
  0.68181009E+004  0.26846892E+001
  0.68226477E+004  0.26535636E+001
  0.68271975E+004  0.26743897E+001
  0.68317503E+004  0.21821699E+001
  0.68363062E+004  0.26792622E+001
  0.68408651E+004  0.26396931E+001
  0.68454271E+004  0.26979412E+001
  0.68499920E+004  0.28843965E+001
  0.68545601E+004  0.34977299E+001
  0.68591312E+004  0.26957205E+001
  0.68637053E+004  0.28947642E+001
  0.68682825E+004  0.27372445E+001
  0.68728627E+004  0.27173204E+001
  0.68774460E+004  0.36126411E+001
  0.68820323E+004  0.35140300E+001
  0.68866217E+004  0.31537906E+001
  0.68912142E+004  0.28388220E+001
  0.68958097E+004  0.26480583E+001
  0.69004083E+004  0.28220042E+001
  0.69050099E+004  0.26635629E+001
  0.69096146E+004  0.31917972E+001
  0.69142224E+004  0.30293569E+001
  0.69188333E+004  0.31076527E+001
  0.69234472E+004  0.26378247E+001
  0.69280643E+004  0.27436645E+001
  0.69326844E+004  0.25545865E+001
  0.69373075E+004  0.24698162E+001
  0.69419338E+004  0.21278781E+001
  0.69465631E+004  0.26944743E+001
  0.69511956E+004  0.28205846E+001
  0.69558311E+004  0.34422522E+001
  0.69604697E+004  0.27081269E+001
  0.69651114E+004  0.31136798E+001
  0.69697562E+004  0.27114674E+001
  0.69744041E+004  0.26917707E+001
  0.69790551E+004  0.26060194E+001
  0.69837092E+004  0.26645117E+001
  0.69883664E+004  0.26504873E+001
  0.69930267E+004  0.27262831E+001
  0.69976901E+004  0.27031223E+001
  0.70023567E+004  0.27198630E+001
  0.70070263E+004  0.26459751E+001
  0.70116990E+004  0.25862643E+001
  0.70163749E+004  0.27839590E+001
  0.70210539E+004  0.25961386E+001
  0.70257360E+004  0.28227888E+001
  0.70304212E+004  0.28757462E+001
  0.70351096E+004  0.27636268E+001
  0.70398011E+004  0.28156204E+001
  0.70444957E+004  0.27855957E+001
  0.70491934E+004  0.27417678E+001
  0.70538943E+004  0.30289311E+001
  0.70585983E+004  0.27166550E+001
  0.70633054E+004  0.27026501E+001
  0.70680157E+004  0.27130794E+001
  0.70727291E+004  0.35363363E+001
  0.70774457E+004  0.27821979E+001
  0.70821654E+004  0.31347663E+001
  0.70868883E+004  0.27079409E+001
  0.70916143E+004  0.28663276E+001
  0.70963435E+004  0.28069372E+001
  0.71010758E+004  0.28216688E+001
  0.71058112E+004  0.27589693E+001
  0.71105499E+004  0.27779710E+001
  0.71152917E+004  0.22406158E+001
  0.71200366E+004  0.26380155E+001
  0.71247847E+004  0.27802408E+001
  0.71295360E+004  0.27797657E+001
  0.71342905E+004  0.31576011E+001
  0.71390481E+004  0.27128927E+001
  0.71438089E+004  0.27616808E+001
  0.71485728E+004  0.30234791E+001
  0.71533400E+004  0.29547336E+001
  0.71581103E+004  0.28004922E+001
  0.71628838E+004  0.27480745E+001
  0.71676605E+004  0.27417975E+001
  0.71724404E+004  0.24912411E+001
  0.71772234E+004  0.27293575E+001
  0.71820097E+004  0.27177641E+001
  0.71867991E+004  0.27126847E+001
  0.71915918E+004  0.27755358E+001
  0.71963876E+004  0.26592348E+001
  0.72011866E+004  0.28276451E+001
  0.72059889E+004  0.12803508E+001
  0.72107943E+004  0.27748239E+001
  0.72156029E+004  0.27720401E+001
  0.72204148E+004  0.25456095E+001
  0.72252298E+004  0.27562087E+001
  0.72300481E+004  0.27547701E+001
  0.72348696E+004  0.27914296E+001
  0.72396943E+004  0.27172079E+001
  0.72445222E+004  0.28048423E+001
  0.72493533E+004  0.27893176E+001
  0.72541877E+004  0.14625825E+001
  0.72590253E+004  0.25490653E+001
  0.72638661E+004  0.27188227E+001
  0.72687101E+004  0.30208894E+001
  0.72735573E+004  0.27602833E+001
  0.72784078E+004  0.27420761E+001
  0.72832616E+004  0.27795804E+001
  0.72881185E+004  0.28056393E+001
  0.72929787E+004  0.27626329E+001
  0.72978422E+004  0.28752352E+001
  0.73027089E+004  0.27626943E+001
  0.73075788E+004  0.27163256E+001
  0.73124520E+004  0.27378482E+001
  0.73173284E+004  0.27427508E+001
  0.73222081E+004  0.28547150E+001
  0.73270910E+004  0.28971307E+001
  0.73319772E+004  0.28109197E+001
  0.73368667E+004  0.27869596E+001
  0.73417594E+004  0.28371861E+001
  0.73466554E+004  0.27708899E+001
  0.73515546E+004  0.28605252E+001
  0.73564571E+004  0.27040411E+001
  0.73613629E+004  0.28025785E+001
  0.73662719E+004  0.27987432E+001
  0.73711843E+004  0.27284892E+001
  0.73760999E+004  0.28259104E+001
  0.73810187E+004  0.28480041E+001
  0.73859409E+004  0.28740362E+001
  0.73908663E+004  0.31221603E+001
  0.73957950E+004  0.30160115E+001
  0.74007271E+004  0.31387101E+001
  0.74056624E+004  0.29040143E+001
  0.74106009E+004  0.29017226E+001
  0.74155428E+004  0.28729597E+001
  0.74204880E+004  0.29314896E+001
  0.74254365E+004  0.28191047E+001
  0.74303883E+004  0.33712829E+001
  0.74353433E+004  0.28996868E+001
  0.74403017E+004  0.28068875E+001
  0.74452634E+004  0.30148478E+001
  0.74502284E+004  0.30236734E+001
  0.74551967E+004  0.28374922E+001
  0.74601683E+004  0.28261740E+001
  0.74651433E+004  0.30774750E+001
  0.74701215E+004  0.28075567E+001
  0.74751031E+004  0.32310295E+001
  0.74800880E+004  0.31568112E+001
  0.74850762E+004  0.29533712E+001
  0.74900678E+004  0.29857042E+001
  0.74950627E+004  0.28671172E+001
  0.75000609E+004  0.30221774E+001
  0.75050624E+004  0.28463345E+001
  0.75100673E+004  0.28430385E+001
  0.75150755E+004  0.29508489E+001
  0.75200870E+004  0.31993403E+001
  0.75251019E+004  0.29278706E+001
  0.75301202E+004  0.29110003E+001
  0.75351418E+004  0.32325963E+001
  0.75401667E+004  0.28659974E+001
  0.75451950E+004  0.30137517E+001
  0.75502266E+004  0.28871168E+001
  0.75552616E+004  0.28918941E+001
  0.75603000E+004  0.32786490E+001
  0.75653417E+004  0.33271517E+001
  0.75703868E+004  0.30209139E+001
  0.75754352E+004  0.32283386E+001
  0.75804870E+004  0.31798535E+001
  0.75855422E+004  0.37828957E+001
  0.75906007E+004  0.32894263E+001
  0.75956626E+004  0.28533945E+001
  0.76007279E+004  0.30325071E+001
  0.76057966E+004  0.31508310E+001
  0.76108687E+004  0.27946109E+001
  0.76159441E+004  0.32950340E+001
  0.76210229E+004  0.32253024E+001
  0.76261051E+004  0.34848553E+001
  0.76311907E+004  0.33823060E+001
  0.76362797E+004  0.36772572E+001
  0.76413721E+004  0.33515536E+001
  0.76464679E+004  0.17404931E+001
  0.76515670E+004  0.31638025E+001
  0.76566696E+004  0.18280823E+001
  0.76617756E+004  0.21339326E+001
  0.76668850E+004  0.75430839E+000
  0.76719978E+004  0.31364670E+001
  0.76771140E+004  0.35650906E+001
  0.76822336E+004  0.32255500E+001
  0.76873566E+004  0.14896158E+001
  0.76924830E+004  0.33672863E+001
  0.76976129E+004  0.29569780E+001
  0.77027462E+004  0.31672344E+001
  0.77078829E+004  0.18295489E+001
  0.77130230E+004  0.34914100E+001
  0.77181666E+004  0.26287034E+001
  0.77233136E+004  0.34538744E+001
  0.77284640E+004  0.17652082E+001
  0.77336178E+004  0.35344799E+001
  0.77387751E+004  0.33027893E+001
  0.77439359E+004  0.26067088E+001
  0.77491000E+004  0.29240946E+001
  0.77542677E+004  0.23789248E+001
  0.77594387E+004  0.28554641E+001
  0.77646132E+004  0.15524627E+001
  0.77697912E+004  0.33138345E+001
  0.77749726E+004  0.21626323E+001
  0.77801575E+004  0.33282961E+001
  0.77853458E+004  0.16922577E+001
  0.77905376E+004  0.29676418E+001
  0.77957328E+004  0.20399266E+001
  0.78009316E+004  0.31752319E+001
  0.78061337E+004  0.32502081E+001
  0.78113394E+004  0.33663421E+001
  0.78165485E+004  0.30951349E+001
  0.78217611E+004  0.31983064E+001
  0.78269772E+004  0.28733441E+001
  0.78321967E+004  0.30096831E+001
  0.78374198E+004  0.25037945E+001
  0.78426463E+004  0.17116764E+001
  0.78478763E+004  0.19887899E+001
  0.78531098E+004  0.34905295E+001
  0.78583467E+004  0.19497772E+001
  0.78635872E+004  0.20516106E+001
  0.78688312E+004  0.28643130E+001
  0.78740786E+004  0.31502559E+001
  0.78793296E+004  0.24581824E+001
  0.78845841E+004  0.34259778E+001
  0.78898420E+004  0.31209150E+001
  0.78951035E+004  0.30951867E+001
  0.79003685E+004  0.28516671E+001
  0.79056370E+004  0.28853214E+001
  0.79109090E+004  0.20233864E+001
  0.79161845E+004  0.32531217E+001
  0.79214635E+004  0.28998536E+001
  0.79267461E+004  0.19023556E+001
  0.79320322E+004  0.30397648E+001
  0.79373218E+004  0.29764155E+001
  0.79426149E+004  0.28607529E+001
  0.79479116E+004  0.29626324E+001
  0.79532118E+004  0.26379227E+001
  0.79585155E+004  0.18245313E+001
  0.79638228E+004  0.17458153E+001
  0.79691336E+004  0.26270588E+001
  0.79744480E+004  0.21460456E+001
  0.79797658E+004  0.17376196E+001
  0.79850873E+004  0.28751375E+001
  0.79904123E+004  0.28244732E+001
  0.79957408E+004  0.28318573E+001
  0.80010729E+004  0.16313106E+001
  0.80064086E+004  0.22294704E+001
  0.80117478E+004  0.31660383E+001
  0.80170905E+004  0.17304665E+001
  0.80224369E+004  0.28665047E+001
  0.80277868E+004  0.28492507E+001
  0.80331402E+004  0.28733144E+001
  0.80384973E+004  0.28297193E+001
  0.80438579E+004  0.28589649E+001
  0.80492220E+004  0.24732887E+001
  0.80545898E+004  0.28013346E+001
  0.80599611E+004  0.31746960E+001
  0.80653361E+004  0.27545769E+001
  0.80707146E+004  0.28694530E+001
  0.80760967E+004  0.29271489E+001
  0.80814823E+004  0.28977684E+001
  0.80868716E+004  0.28254279E+001
  0.80922645E+004  0.28613797E+001
  0.80976609E+004  0.29953997E+001
  0.81030610E+004  0.29031809E+001
  0.81084647E+004  0.27882638E+001
  0.81138719E+004  0.28848943E+001
  0.81192828E+004  0.29907162E+001
  0.81246973E+004  0.28078577E+001
  0.81301154E+004  0.28764469E+001
  0.81355371E+004  0.28726709E+001
  0.81409624E+004  0.28269343E+001
  0.81463913E+004  0.28059312E+001
  0.81518239E+004  0.23166044E+001
  0.81572601E+004  0.28605085E+001
  0.81626999E+004  0.29171487E+001
  0.81681433E+004  0.30335924E+001
  0.81735904E+004  0.28216078E+001
  0.81790411E+004  0.76192395E+000
  0.81844954E+004  0.28279814E+001
  0.81899533E+004  0.28874113E+001
  0.81954150E+004  0.28931054E+001
  0.82008802E+004  0.14481432E+001
  0.82063491E+004  0.28958333E+001
  0.82118216E+004  0.28892156E+001
  0.82172978E+004  0.28611595E+001
  0.82227777E+004  0.28966748E+001
  0.82282612E+004  0.29257084E+001
  0.82337483E+004  0.27182257E+001
  0.82392391E+004  0.22960136E+001
  0.82447336E+004  0.29006963E+001
  0.82502317E+004  0.27839286E+001
  0.82557336E+004  0.81473382E+000
  0.82612390E+004  0.18761199E+001
  0.82667482E+004  0.28804050E+001
  0.82722610E+004  0.28806963E+001
  0.82777775E+004  0.28904899E+001
  0.82832977E+004  0.28806223E+001
  0.82888215E+004  0.28836594E+001
  0.82943491E+004  0.29028481E+001
  0.82998803E+004  0.20840555E+001
  0.83054152E+004  0.29181689E+001
  0.83109538E+004  0.28951690E+001
  0.83164961E+004  0.30472756E+001
  0.83220421E+004  0.31994495E+001
  0.83275918E+004  0.23260129E+001
  0.83331452E+004  0.28965968E+001
  0.83387023E+004  0.28790414E+001
  0.83442631E+004  0.22523950E+001
  0.83498276E+004  0.28910816E+001
  0.83553958E+004  0.28609695E+001
  0.83609677E+004  0.28906214E+001
  0.83665434E+004  0.28956384E+001
  0.83721228E+004  0.28999176E+001
  0.83777059E+004  0.22861052E+001
  0.83832927E+004  0.20980124E+001
  0.83888832E+004  0.20193797E+001
  0.83944775E+004  0.21592447E+001
  0.84000755E+004  0.28602477E+001
  0.84056772E+004  0.28954314E+001
  0.84112827E+004  0.28912326E+001
  0.84168919E+004  0.28903056E+001
  0.84225048E+004  0.28794278E+001
  0.84281215E+004  0.28917071E+001
  0.84337419E+004  0.28817526E+001
  0.84393661E+004  0.28839735E+001
  0.84449941E+004  0.28857137E+001
  0.84506257E+004  0.28729985E+001
  0.84562612E+004  0.28921437E+001
  0.84619004E+004  0.28880022E+001
  0.84675433E+004  0.28881309E+001
  0.84731901E+004  0.28956619E+001
  0.84788405E+004  0.28915832E+001
  0.84844948E+004  0.28893503E+001
  0.84901528E+004  0.28927779E+001
  0.84958146E+004  0.28753906E+001
  0.85014802E+004  0.25228009E+001
  0.85071496E+004  0.28603825E+001
  0.85128227E+004  0.28877535E+001
  0.85184996E+004  0.28921692E+001
  0.85241803E+004  0.28900603E+001
  0.85298648E+004  0.27912018E+001
  0.85355531E+004  0.28930514E+001
  0.85412452E+004  0.28936240E+001
  0.85469410E+004  0.28888638E+001
  0.85526407E+004  0.28755537E+001
  0.85583442E+004  0.28524314E+001
  0.85640515E+004  0.28877272E+001
  0.85697625E+004  0.28895505E+001
  0.85754774E+004  0.28772942E+001
  0.85811961E+004  0.28855109E+001
  0.85869186E+004  0.28850517E+001
  0.85926450E+004  0.28833621E+001
  0.85983751E+004  0.28885568E+001
  0.86041091E+004  0.28854752E+001
  0.86098469E+004  0.28834589E+001
  0.86155885E+004  0.28788856E+001
  0.86213340E+004  0.19437481E+001
  0.86270832E+004  0.23777133E+001
  0.86328364E+004  0.28820078E+001
  0.86385933E+004  0.28826212E+001
  0.86443541E+004  0.59022400E+000
  0.86501187E+004  0.99841910E+000
  0.86558872E+004  0.23365146E+001
  0.86616595E+004  0.72118928E+000
  0.86674357E+004  0.13829540E+001
  0.86732157E+004  0.28629676E+001
  0.86789996E+004  0.28723728E+001
  0.86847873E+004  0.28793407E+001
  0.86905789E+004  0.28785983E+001
  0.86963744E+004  0.64915655E+000
  0.87021737E+004  0.13452883E+001
  0.87079769E+004  0.10962292E+001
  0.87137840E+004  0.65267769E+000
  0.87195949E+004  0.19765869E+001
  0.87254097E+004  0.10239919E+001
  0.87312284E+004  0.26930559E+001
  0.87370510E+004  0.10131340E+001
  0.87428774E+004  0.28654634E+001
  0.87487077E+004  0.28639685E+001
  0.87545420E+004  0.28728358E+001
  0.87603801E+004  0.26646886E+001
  0.87662221E+004  0.28757177E+001
  0.87720680E+004  0.13050070E+001
  0.87779178E+004  0.20395175E+001
  0.87837715E+004  0.93192464E+000
  0.87896291E+004  0.14965357E+001
  0.87954906E+004  0.28513582E+001
  0.88013560E+004  0.67490139E+000
  0.88072253E+004  0.17999083E+001
  0.88130986E+004  0.84970785E+000
  0.88189757E+004  0.19160498E+001
  0.88248568E+004  0.19607600E+001
  0.88307418E+004  0.17266513E+001
  0.88366308E+004  0.19834194E+001
  0.88425236E+004  0.28545833E+001
  0.88484204E+004  0.25674669E+001
  0.88543211E+004  0.16768737E+001
  0.88602258E+004  0.19043624E+001
  0.88661344E+004  0.28182159E+001
  0.88720469E+004  0.12565127E+001
  0.88779634E+004  0.28372992E+001
  0.88838838E+004  0.21375386E+001
  0.88898081E+004  0.27321093E+001
  0.88957365E+004  0.26766719E+001
  0.89016687E+004  0.25747555E+001
  0.89076050E+004  0.23450167E+001
  0.89135451E+004  0.27236406E+001
  0.89194893E+004  0.16960281E+001
  0.89254374E+004  0.62210438E+000
  0.89313895E+004  0.81456231E+000
  0.89373455E+004  0.27350418E+001
  0.89433055E+004  0.12028836E+001
  0.89492695E+004  0.83315065E+000
  0.89552375E+004  0.21872594E+001
  0.89612095E+004  0.26964214E+001
  0.89671854E+004  0.28178500E+001
  0.89731653E+004  0.25758338E+001
  0.89791492E+004  0.27529373E+001
  0.89851371E+004  0.26760086E+001
  0.89911290E+004  0.27578214E+001
  0.89971249E+004  0.18059706E+001
  0.90031248E+004  0.68724284E+000
  0.90091286E+004  0.23551326E+001
  0.90151365E+004  0.23044952E+001
  0.90211484E+004  0.27308135E+001
  0.90271643E+004  0.26595789E+001
  0.90331842E+004  0.22987303E+001
  0.90392082E+004  0.28091347E+001
  0.90452361E+004  0.14702341E+001
  0.90512681E+004  0.11389027E+001
  0.90573041E+004  0.17893306E+001
  0.90633441E+004  0.27582737E+001
  0.90693881E+004  0.28185578E+001
  0.90754362E+004  0.24501501E+001
  0.90814883E+004  0.20792182E+001
  0.90875445E+004  0.10015829E+001
  0.90936046E+004  0.28405683E+001
  0.90996689E+004  0.27610680E+001
  0.91057371E+004  0.26285490E+001
  0.91118094E+004  0.28336330E+001
  0.91178858E+004  0.28301724E+001
  0.91239662E+004  0.23308855E+001
  0.91300507E+004  0.22392510E+001
  0.91361392E+004  0.28388352E+001
  0.91422318E+004  0.27371001E+001
  0.91483285E+004  0.28047411E+001
  0.91544292E+004  0.24323074E+001
  0.91605340E+004  0.27989489E+001
  0.91666428E+004  0.28055521E+001
  0.91727557E+004  0.28402510E+001
  0.91788727E+004  0.26254918E+001
  0.91849938E+004  0.28356352E+001
  0.91911190E+004  0.28316556E+001
  0.91972482E+004  0.28331779E+001
  0.92033816E+004  0.28113913E+001
  0.92095190E+004  0.27821279E+001
  0.92156605E+004  0.28251240E+001
  0.92218061E+004  0.27917838E+001
  0.92279559E+004  0.15163095E+001
  0.92341097E+004  0.25692187E+001
  0.92402676E+004  0.27104558E+001
  0.92464296E+004  0.28272025E+001
  0.92525958E+004  0.28222113E+001
  0.92587660E+004  0.28186907E+001
  0.92649404E+004  0.27811122E+001
  0.92711189E+004  0.26303659E+001
  0.92773015E+004  0.26174780E+001
  0.92834882E+004  0.27893256E+001
  0.92896790E+004  0.97067549E+000
  0.92958740E+004  0.15068152E+001
  0.93020731E+004  0.28255681E+001
  0.93082764E+004  0.27732506E+001
  0.93144837E+004  0.27684018E+001
  0.93206953E+004  0.18545192E+001
  0.93269109E+004  0.23849462E+001
  0.93331307E+004  0.27869576E+001
  0.93393547E+004  0.18768825E+001
  0.93455828E+004  0.91065756E+000
  0.93518150E+004  0.28087324E+001
  0.93580515E+004  0.28154310E+001
  0.93642920E+004  0.25484809E+001
  0.93705368E+004  0.27245831E+001
  0.93767857E+004  0.23204193E+001
  0.93830387E+004  0.19761754E+001
  0.93892960E+004  0.52552159E+000
  0.93955574E+004  0.27738998E+001
  0.94018230E+004  0.23522806E+001
  0.94080927E+004  0.13059400E+001
  0.94143667E+004  0.11698450E+001
  0.94206448E+004  0.27806115E+001
  0.94269271E+004  0.27507692E+001
  0.94332136E+004  0.11047750E+000
  0.94395043E+004  0.27441795E+001
  0.94457992E+004  0.65192082E+000
  0.94520983E+004  0.27738143E+001
  0.94584016E+004  0.23264120E-001
  0.94647091E+004  0.28064785E+001
  0.94710208E+004  0.94540724E+000
  0.94773367E+004  0.21834100E+001
  0.94836568E+004  0.26541416E+001
  0.94899811E+004  0.17673747E+001
  0.94963097E+004  0.17217938E+001
  0.95026425E+004  0.27184911E+001
  0.95089795E+004  0.28040476E+001
  0.95153207E+004  0.28027542E+001
  0.95216661E+004  0.30842244E+000
  0.95280158E+004  0.27216866E+001
  0.95343697E+004  0.26227226E+001
  0.95407279E+004  0.13207866E+001
  0.95470903E+004  0.26695490E+001
  0.95534569E+004  0.27895169E+001
  0.95598278E+004  0.97875701E+000
  0.95662029E+004  0.27432361E+001
  0.95725823E+004  0.18690964E+001
  0.95789659E+004  0.27924487E+001
  0.95853538E+004  0.27656114E+001
  0.95917460E+004  0.18235808E+001
  0.95981424E+004  0.27798040E+001
  0.96045431E+004  0.27889555E+001
  0.96109480E+004  0.26682208E+001
  0.96173573E+004  0.12985023E+001
  0.96237707E+004  0.43966826E+000
  0.96301885E+004  0.27400938E+001
  0.96366106E+004  0.27865245E+001
  0.96430369E+004  0.87739523E+000
  0.96494675E+004  0.27782472E+001
  0.96559024E+004  0.26103661E+001
  0.96623416E+004  0.17054842E+001
  0.96687851E+004  0.24631348E+001
  0.96752329E+004  0.27386050E+001
  0.96816850E+004  0.11728811E+001
  0.96881414E+004  0.27009963E+001
  0.96946021E+004  0.27151091E+001
  0.97010671E+004  0.26336006E+001
  0.97075364E+004  0.25775253E+001
  0.97140101E+004  0.27224237E+001
  0.97204880E+004  0.27352055E+001
  0.97269703E+004  0.21372769E+001
  0.97334569E+004  0.27590906E+001
  0.97399478E+004  0.24156676E+001
  0.97464430E+004  0.27295199E+001
  0.97529426E+004  0.27611773E+001
  0.97594465E+004  0.27422229E+001
  0.97659548E+004  0.27602269E+001
  0.97724674E+004  0.25555069E+001
  0.97789843E+004  0.27306968E+001
  0.97855056E+004  0.26686306E+001
  0.97920312E+004  0.27426326E+001
  0.97985612E+004  0.27449726E+001
  0.98050955E+004  0.27350829E+001
  0.98116342E+004  0.26771164E+001
  0.98181773E+004  0.25222470E+001
  0.98247247E+004  0.27306614E+001
  0.98312765E+004  0.27337034E+001
  0.98378326E+004  0.27422888E+001
  0.98443931E+004  0.26990242E+001
  0.98509580E+004  0.27356710E+001
  0.98575273E+004  0.27239422E+001
  0.98641010E+004  0.27283822E+001
  0.98706790E+004  0.14730571E+001
  0.98772614E+004  0.26690671E+001
  0.98838483E+004  0.27095562E+001
  0.98904395E+004  0.26459494E+001
  0.98970351E+004  0.26331397E+001
  0.99036351E+004  0.27171903E+001
  0.99102395E+004  0.26908455E+001
  0.99168483E+004  0.26176084E+001
  0.99234615E+004  0.26567841E+001
  0.99300791E+004  0.26738968E+001
  0.99367012E+004  0.26751987E+001
  0.99433276E+004  0.26801481E+001
  0.99499585E+004  0.26102173E+001
  0.99565938E+004  0.26810819E+001
  0.99632335E+004  0.26920072E+001
  0.99698777E+004  0.26309118E+001
  0.99765262E+004  0.27130906E+001
  0.99831793E+004  0.26802173E+001
  0.99898367E+004  0.26308894E+001
  0.99964986E+004  0.92032498E+000
  0.10003165E+005  0.26623768E+001
  0.10009836E+005  0.18181789E+001
  0.10016511E+005  0.89086768E+000
  0.10023191E+005  0.26222460E+001
  0.10029875E+005  0.22458891E+001
  0.10036563E+005  0.25790773E+001
  0.10043256E+005  0.25764996E+001
  0.10049954E+005  0.23327257E+001
  0.10056656E+005  0.26445045E+001
  0.10063362E+005  0.22730933E+001
  0.10070073E+005  0.18289060E+001
  0.10076789E+005  0.15394591E+001
  0.10083509E+005  0.26374317E+001
  0.10090233E+005  0.85185302E+000
  0.10096962E+005  0.17954510E+001
  0.10103695E+005  0.98652740E+000
  0.10110433E+005  0.23266799E+001
  0.10117175E+005  0.12161128E+001
  0.10123922E+005  0.13581609E+001
  0.10130673E+005  0.25511487E+001
  0.10137429E+005  0.13221401E+001
  0.10144189E+005  0.23170242E+001
  0.10150954E+005  0.17103799E+001
  0.10157724E+005  0.12970106E+001
  0.10164497E+005  0.23234993E+001
  0.10171276E+005  0.26395967E+001
  0.10178059E+005  0.18740817E+001
  0.10184846E+005  0.16362271E+001
  0.10191638E+005  0.14530795E+001
  0.10198434E+005  0.15318050E+001
  0.10205235E+005  0.24967991E+001
  0.10212041E+005  0.23837127E+001
  0.10218851E+005  0.13503658E+001
  0.10225666E+005  0.13199326E+001
  0.10232485E+005  0.25810057E+001
  0.10239309E+005  0.22733270E+001
  0.10246137E+005  0.15925805E+001
  0.10252970E+005  0.10211775E+001
  0.10259807E+005  0.25240549E+001
  0.10266649E+005  0.16394540E+001
  0.10273495E+005  0.12407251E+001
  0.10280346E+005  0.25157598E+001
  0.10287202E+005  0.23303243E+001
  0.10294062E+005  0.16877701E+001
  0.10300927E+005  0.26078759E+001
  0.10307796E+005  0.24382748E+001
  0.10314670E+005  0.22933563E+001
  0.10321549E+005  0.25441722E+001
  0.10328432E+005  0.17520102E+001
  0.10335320E+005  0.25610820E+001
  0.10342212E+005  0.21720275E+001
  0.10349109E+005  0.25829836E+001
  0.10356010E+005  0.26204723E+001
  0.10362916E+005  0.26150176E+001
  0.10369827E+005  0.25093303E+001
  0.10376742E+005  0.26374349E+001
  0.10383662E+005  0.25626033E+001
  0.10390587E+005  0.25435037E+001
  0.10397516E+005  0.23840481E+001
  0.10404450E+005  0.15578746E+001
  0.10411388E+005  0.24206847E+001
  0.10418331E+005  0.24726219E+001
  0.10425279E+005  0.13365053E+001
  0.10432231E+005  0.26128579E+001
  0.10439188E+005  0.24321479E+001
  0.10446149E+005  0.19806304E+001
  0.10453116E+005  0.26277598E+001
  0.10460086E+005  0.25521002E+001
  0.10467062E+005  0.26109064E+001
  0.10474042E+005  0.25957781E+001
  0.10481027E+005  0.26166843E+001
  0.10488016E+005  0.19300905E+001
  0.10495010E+005  0.16939755E+001
  0.10502009E+005  0.20858756E+001
  0.10509013E+005  0.26120517E+001
  0.10516021E+005  0.26052253E+001
  0.10523033E+005  0.25960656E+001
  0.10530051E+005  0.16952393E+001
  0.10537073E+005  0.26085488E+001
  0.10544100E+005  0.26067199E+001
  0.10551131E+005  0.13850248E+001
  0.10558168E+005  0.26138193E+001
  0.10565208E+005  0.15155931E+001
  0.10572254E+005  0.26098104E+001
  0.10579304E+005  0.25263792E+001
  0.10586359E+005  0.26114368E+001
  0.10593419E+005  0.26099974E+001
  0.10600483E+005  0.14826640E+001
  0.10607552E+005  0.25098199E+001
  0.10614626E+005  0.26064924E+001
  0.10621705E+005  0.26056473E+001
  0.10628788E+005  0.26053789E+001
  0.10635876E+005  0.25578788E+001
  0.10642969E+005  0.25801281E+001
  0.10650066E+005  0.26013577E+001
  0.10657168E+005  0.14780693E+001
  0.10664275E+005  0.25465936E+001
  0.10671387E+005  0.25963909E+001
  0.10678503E+005  0.14938409E+001
  0.10685625E+005  0.25753388E+001
  0.10692750E+005  0.25920877E+001
  0.10699881E+005  0.25851706E+001
  0.10707016E+005  0.25180540E+001
  0.10714157E+005  0.25923940E+001
  0.10721302E+005  0.20551985E+001
  0.10728451E+005  0.25819303E+001
  0.10735606E+005  0.24993293E+001
  0.10742765E+005  0.25447822E+001
  0.10749929E+005  0.25763349E+001
  0.10757098E+005  0.25815881E+001
  0.10764271E+005  0.25056362E+001
  0.10771449E+005  0.25509007E+001
  0.10778633E+005  0.25805893E+001
  0.10785821E+005  0.15657518E+001
  0.10793013E+005  0.25690294E+001
  0.10800211E+005  0.25741637E+001
  0.10807413E+005  0.25598763E+001
  0.10814620E+005  0.24811482E+001
  0.10821832E+005  0.25474121E+001
  0.10829049E+005  0.25598305E+001
  0.10836270E+005  0.12611113E+001
  0.10843497E+005  0.23711271E+001
  0.10850728E+005  0.21084404E+001
  0.10857964E+005  0.19385376E+001
  0.10865205E+005  0.25247161E+001
  0.10872450E+005  0.18864957E+001
  0.10879701E+005  0.25410843E+001
  0.10886956E+005  0.25514007E+001
  0.10894216E+005  0.19539407E+001
  0.10901481E+005  0.24948985E+001
  0.10908751E+005  0.25342544E+001
  0.10916026E+005  0.25419625E+001
  0.10923305E+005  0.25309925E+001
  0.10930590E+005  0.18259213E+001
  0.10937879E+005  0.25049563E+001
  0.10945173E+005  0.20141659E+001
  0.10952472E+005  0.25398571E+001
  0.10959776E+005  0.13176321E+001
  0.10967085E+005  0.25368578E+001
  0.10974398E+005  0.25325019E+001
  0.10981717E+005  0.22277279E+001
  0.10989040E+005  0.25292659E+001
  0.10996368E+005  0.24624671E+001
  0.11003701E+005  0.19800245E+001
  0.11011039E+005  0.25229796E+001
  0.11018382E+005  0.24914767E+001
  0.11025730E+005  0.11235916E+001
  0.11033083E+005  0.25165922E+001
  0.11040440E+005  0.24730457E+001
  0.11047803E+005  0.25286945E+001
  0.11055170E+005  0.16580652E+001
  0.11062542E+005  0.22031814E+001
  0.11069920E+005  0.18908793E+001
  0.11077302E+005  0.20481229E+001
  0.11084689E+005  0.14347702E+001
  0.11092081E+005  0.24086653E+001
  0.11099478E+005  0.25139398E+001
  0.11106880E+005  0.24935092E+001
  0.11114287E+005  0.24805526E+001
  0.11121698E+005  0.18066413E+001
  0.11129115E+005  0.22243243E+001
  0.11136537E+005  0.21910280E+001
  0.11143963E+005  0.25015411E+001
  0.11151395E+005  0.12736538E+000
  0.11158831E+005  0.24991842E+001
  0.11166273E+005  0.12001368E+001
  0.11173719E+005  0.24391298E+001
  0.11181170E+005  0.24333653E+001
  0.11188627E+005  0.19583829E-001
  0.11196088E+005  0.24396506E+001
  0.11203554E+005  0.13940333E+001
  0.11211026E+005  0.24798529E+001
  0.11218502E+005  0.24683580E+001
  0.11225983E+005  0.33637083E+000
  0.11233469E+005  0.23656324E+001
  0.11240961E+005  0.24448066E+001
  0.11248457E+005  0.23834362E+001
  0.11255958E+005  0.20245798E+001
  0.11263464E+005  0.21797864E+001
  0.11270976E+005  0.20649575E+001
  0.11278492E+005  0.77026261E-004
  0.11286013E+005  0.24267075E+001
  0.11293539E+005  0.24716769E+001
  0.11301071E+005  0.24698234E+001
  0.11308607E+005  0.22796957E+001
  0.11316148E+005  0.24367877E+001
  0.11323695E+005  0.24649646E+001
  0.11331246E+005  0.24590993E+001
  0.11338802E+005  0.24651911E+001
  0.11346364E+005  0.22199808E-006
  0.11353930E+005  0.16459772E+001
  0.11361502E+005  0.23895677E+001
  0.11369079E+005  0.24152368E+001
  0.11376660E+005  0.49556127E+000
  0.11384247E+005  0.23691770E+001
  0.11391839E+005  0.24319986E+001
  0.11399436E+005  0.12298711E+001
  0.11407038E+005  0.24226562E+001
  0.11414644E+005  0.14750336E+001
  0.11422257E+005  0.24364265E+001
  0.11429874E+005  0.22117814E+001
  0.11437496E+005  0.29973304E+000
  0.11445123E+005  0.24440338E+001
  0.11452756E+005  0.24149018E+001
  0.11460393E+005  0.24025224E+001
  0.11468036E+005  0.24368105E+001
  0.11475683E+005  0.20731922E+001
  0.11483336E+005  0.24157032E+001
  0.11490994E+005  0.24192963E+001
  0.11498657E+005  0.24111515E+001
  0.11506325E+005  0.24203895E+001
  0.11513998E+005  0.24138728E+001
  0.11521676E+005  0.21618169E+001
  0.11529360E+005  0.24099267E+001
  0.11537048E+005  0.16590542E+001
  0.11544742E+005  0.10571729E+001
  0.11552441E+005  0.24008310E+001
  0.11560145E+005  0.23274499E+001
  0.11567854E+005  0.22863261E+001
  0.11575568E+005  0.23083439E+001
  0.11583287E+005  0.19787077E+001
  0.11591012E+005  0.22820561E+001
  0.11598742E+005  0.21490899E+001
  0.11606476E+005  0.21976802E+001
  0.11614216E+005  0.23497394E+001
  0.11621961E+005  0.14219806E+001
  0.11629712E+005  0.13952013E+001
  0.11637467E+005  0.23442453E+001
  0.11645228E+005  0.22520655E+001
  0.11652994E+005  0.22893701E+001
  0.11660765E+005  0.17684587E+001
  0.11668541E+005  0.21344896E+001
  0.11676322E+005  0.23582623E+001
  0.11684109E+005  0.15481746E+001
  0.11691900E+005  0.23213785E+001
  0.11699697E+005  0.22485996E+001
  0.11707500E+005  0.18215089E+001
  0.11715307E+005  0.21139086E+001
  0.11723119E+005  0.15268158E+001
  0.11730937E+005  0.16724191E+001
  0.11738760E+005  0.43328197E+000
  0.11746588E+005  0.22468600E+001
  0.11754422E+005  0.12404357E+001
  0.11762260E+005  0.12690318E+001
  0.11770104E+005  0.23510197E+001
  0.11777953E+005  0.21818080E+001
  0.11785808E+005  0.17353067E+001
  0.11793667E+005  0.23458724E+001
  0.11801532E+005  0.22470087E+001
  0.11809402E+005  0.14045266E+001
  0.11817277E+005  0.21827188E+001
  0.11825158E+005  0.22680945E+001
  0.11833044E+005  0.96302841E+000
  0.11840935E+005  0.10068119E+001
  0.11848831E+005  0.11660893E+001
  0.11856733E+005  0.19073690E+001
  0.11864640E+005  0.16891421E+001
  0.11872552E+005  0.22878895E+001
  0.11880469E+005  0.19240642E+001
  0.11888392E+005  0.18742507E+001
  0.11896320E+005  0.22571565E+001
  0.11904253E+005  0.22572268E+001
  0.11912192E+005  0.19648512E+001
  0.11920135E+005  0.21877041E+001
  0.11928085E+005  0.11105539E+001
  0.11936039E+005  0.21790384E+001
  0.11943999E+005  0.20885712E+001
  0.11951964E+005  0.22535272E+001
  0.11959934E+005  0.18640797E+001
  0.11967910E+005  0.22842357E+001
  0.11975891E+005  0.17344487E+001
  0.11983877E+005  0.22524673E+001
  0.11991869E+005  0.10746737E+001
  0.11999866E+005  0.14102584E+001
  0.12007868E+005  0.22134035E+001
  0.12015876E+005  0.20375462E+001
  0.12023889E+005  0.19370922E+001
  0.12031907E+005  0.18505106E+001
  0.12039931E+005  0.15096347E+001
  0.12047960E+005  0.13970921E+001
  0.12055994E+005  0.20600429E+001
  0.12064034E+005  0.20061294E+001
  0.12072079E+005  0.20039225E+001
  0.12080130E+005  0.22199077E+001
  0.12088185E+005  0.22118272E+001
  0.12096247E+005  0.21535423E+001
  0.12104313E+005  0.18353492E+001
  0.12112385E+005  0.22275585E+001
  0.12120462E+005  0.21826256E+001
  0.12128545E+005  0.21482585E+001
  0.12136633E+005  0.22713050E+001
  0.12144727E+005  0.85794387E+000
  0.12152826E+005  0.11342222E+001
  0.12160930E+005  0.18348242E+001
  0.12169040E+005  0.22626810E+001
  0.12177155E+005  0.20139661E+001
  0.12185275E+005  0.18160328E+001
  0.12193401E+005  0.20355283E+001
  0.12201533E+005  0.22063067E+001
  0.12209670E+005  0.21220279E+001
  0.12217812E+005  0.17974480E+001
  0.12225959E+005  0.17273623E+001
  0.12234113E+005  0.22350047E+001
  0.12242271E+005  0.16519096E+001
  0.12250435E+005  0.22552851E+001
  0.12258604E+005  0.21588627E+001
  0.12266779E+005  0.20862128E+001
  0.12274960E+005  0.21555402E+001
  0.12283145E+005  0.22567267E+001
  0.12291337E+005  0.22571900E+001
  0.12299533E+005  0.22159086E+001
  0.12307735E+005  0.22677012E+001
  0.12315943E+005  0.22498694E+001
  0.12324156E+005  0.22636532E+001
  0.12332375E+005  0.12009832E+001
  0.12340599E+005  0.21795172E+001
  0.12348828E+005  0.21606030E+001
  0.12357063E+005  0.22505105E+001
  0.12365304E+005  0.22390592E+001
  0.12373550E+005  0.22433678E+001
  0.12381801E+005  0.22096646E+001
  0.12390058E+005  0.21599025E+001
  0.12398321E+005  0.21628154E+001
  0.12406589E+005  0.21299546E+001
  0.12414862E+005  0.12475933E+001
  0.12423141E+005  0.19302113E+001
  0.12431426E+005  0.13583031E+001
  0.12439716E+005  0.22501387E+001
  0.12448012E+005  0.22383990E+001
  0.12456313E+005  0.22408716E+001
  0.12464620E+005  0.22072410E+001
  0.12472932E+005  0.18995401E+001
  0.12481250E+005  0.22335034E+001
  0.12489573E+005  0.22115581E+001
  0.12497902E+005  0.22329108E+001
  0.12506236E+005  0.22383757E+001
  0.12514576E+005  0.19896294E+001
  0.12522922E+005  0.22177278E+001
  0.12531273E+005  0.21979211E+001
  0.12539630E+005  0.21778066E+001
  0.12547992E+005  0.14721957E+001
  0.12556360E+005  0.21980727E+001
  0.12564733E+005  0.19513177E+001
  0.12573112E+005  0.22154656E+001
  0.12581497E+005  0.22252118E+001
  0.12589887E+005  0.22217212E+001
  0.12598283E+005  0.22209840E+001
  0.12606684E+005  0.21823354E+001
  0.12615091E+005  0.21409822E+001
  0.12623504E+005  0.17736951E+001
  0.12631922E+005  0.22145659E+001
  0.12640346E+005  0.22061546E+001
  0.12648775E+005  0.22153046E+001
  0.12657210E+005  0.22074803E+001
  0.12665651E+005  0.22091621E+001
  0.12674097E+005  0.21774107E+001
  0.12682549E+005  0.14122790E+001
  0.12691007E+005  0.22059451E+001
  0.12699470E+005  0.19762029E+001
  0.12707939E+005  0.21163485E+001
  0.12716413E+005  0.21159209E+001
  0.12724893E+005  0.21925622E+001
  0.12733379E+005  0.20519489E+001
  0.12741871E+005  0.20610311E+001
  0.12750368E+005  0.21896372E+001
  0.12758871E+005  0.21876120E+001
  0.12767379E+005  0.21892178E+001
  0.12775893E+005  0.21844519E+001
  0.12784413E+005  0.19378232E+001
  0.12792938E+005  0.21795058E+001
  0.12801470E+005  0.21819632E+001
  0.12810007E+005  0.21847592E+001
  0.12818549E+005  0.21523048E+001
  0.12827097E+005  0.19953426E+001
  0.12835651E+005  0.21465753E+001
  0.12844211E+005  0.20817597E+001
  0.12852776E+005  0.21009463E+001
  0.12861347E+005  0.21646628E+001
  0.12869924E+005  0.21452658E+001
  0.12878507E+005  0.21594918E+001
  0.12887095E+005  0.21368516E+001
  0.12895689E+005  0.17955239E+001
  0.12904289E+005  0.18870517E+001
  0.12912894E+005  0.20932071E+001
  0.12921505E+005  0.16052283E+001
  0.12930122E+005  0.21214914E+001
  0.12938745E+005  0.21506080E+001
  0.12947373E+005  0.19045039E+001
  0.12956007E+005  0.16919970E+001
  0.12964647E+005  0.20936206E+001
  0.12973293E+005  0.20796049E+001
  0.12981945E+005  0.20476411E+001
  0.12990602E+005  0.20471144E+001
  0.12999265E+005  0.21311200E+001
  0.13007934E+005  0.20890025E+001
  0.13016608E+005  0.20549845E+001
  0.13025288E+005  0.21149275E+001
  0.13033975E+005  0.20961839E+001
  0.13042667E+005  0.10585215E+001
  0.13051364E+005  0.20861515E+001
  0.13060068E+005  0.20922949E+001
  0.13068777E+005  0.15262633E+001
  0.13077492E+005  0.20961379E+001
  0.13086213E+005  0.15609811E+001
  0.13094940E+005  0.20499317E+001
  0.13103673E+005  0.19637474E+001
  0.13112411E+005  0.21141719E+001
  0.13121155E+005  0.18199987E+001
  0.13129905E+005  0.19806019E+001
  0.13138661E+005  0.20224371E+001
  0.13147423E+005  0.20908146E+001
  0.13156190E+005  0.16809419E+001
  0.13164964E+005  0.18460802E+001
  0.13173743E+005  0.20999073E+001
  0.13182528E+005  0.11552066E+001
  0.13191319E+005  0.21065399E+001
  0.13200116E+005  0.20960002E+001
  0.13208919E+005  0.16924212E+001
  0.13217727E+005  0.19716931E+001
  0.13226542E+005  0.17048677E+001
  0.13235362E+005  0.15139494E+001
  0.13244188E+005  0.20905507E+001
  0.13253021E+005  0.20596840E+001
  0.13261859E+005  0.20307284E+001
  0.13270702E+005  0.16882558E+001
  0.13279552E+005  0.20921811E+001
  0.13288408E+005  0.18640584E+001
  0.13297270E+005  0.20000449E+001
  0.13306137E+005  0.16525592E+001
  0.13315010E+005  0.19153655E+001
  0.13323890E+005  0.14491766E+001
  0.13332775E+005  0.20198025E+001
  0.13341666E+005  0.20016091E+001
  0.13350563E+005  0.20614779E+001
  0.13359466E+005  0.13667894E+001
  0.13368375E+005  0.19550198E+001
  0.13377290E+005  0.12939702E+001
  0.13386211E+005  0.20056268E+001
  0.13395138E+005  0.19628502E+001
  0.13404071E+005  0.17861697E+001
  0.13413009E+005  0.19570952E+001
  0.13421954E+005  0.19740953E+001
  0.13430905E+005  0.19811278E+001
  0.13439861E+005  0.16489945E+001
  0.13448824E+005  0.19674152E+001
  0.13457793E+005  0.19548936E+001
  0.13466767E+005  0.20453202E+001
  0.13475748E+005  0.20461002E+001
  0.13484734E+005  0.30644930E-005
  0.13493727E+005  0.20234962E+001
  0.13502725E+005  0.19967180E+001
  0.13511730E+005  0.19585618E+001
  0.13520740E+005  0.19860501E+001
  0.13529757E+005  0.86283683E+000
  0.13538779E+005  0.15179079E+001
  0.13547808E+005  0.17014774E+001
  0.13556843E+005  0.18096807E+001
  0.13565883E+005  0.13334683E+001
  0.13574930E+005  0.18572785E-004
  0.13583982E+005  0.74700646E+000
  0.13593041E+005  0.16248368E+001
  0.13602106E+005  0.19578060E+001
  0.13611177E+005  0.38254223E+000
  0.13620254E+005  0.28491428E-010
  0.13629336E+005  0.19634302E+001
  0.13638425E+005  0.19244033E+001
  0.13647520E+005  0.20176293E+001
  0.13656621E+005  0.20027632E+001
  0.13665729E+005  0.17896033E+001
  0.13674842E+005  0.17368934E+001
  0.13683961E+005  0.19028874E+001
  0.13693086E+005  0.68271265E+000
  0.13702218E+005  0.11806396E+001
  0.13711355E+005  0.18356416E+001
  0.13720499E+005  0.36507099E-010
  0.13729649E+005  0.18850431E+001
  0.13738805E+005  0.18635790E+001
  0.13747967E+005  0.14663479E+001
  0.13757135E+005  0.79088379E+000
  0.13766309E+005  0.19804135E+001
  0.13775489E+005  0.18786584E+001
  0.13784676E+005  0.42119490E-001
  0.13793868E+005  0.17407316E+001
  0.13803067E+005  0.15250047E+001
  0.13812272E+005  0.13354034E+001
  0.13821483E+005  0.18453525E+001
  0.13830700E+005  0.39850691E-005
  0.13839923E+005  0.18257555E+001
  0.13849152E+005  0.45331170E+000
  0.13858388E+005  0.65720133E-010
  0.13867630E+005  0.15854307E+001
  0.13876877E+005  0.19797491E+001
  0.13886131E+005  0.16643034E+001
  0.13895392E+005  0.19565795E+001
  0.13904658E+005  0.18040685E+001
  0.13913931E+005  0.19016605E+001
  0.13923209E+005  0.39985317E+000
  0.13932494E+005  0.18415515E+001
  0.13941785E+005  0.19499116E+001
  0.13951083E+005  0.18493002E+001
  0.13960386E+005  0.17341943E+001
  0.13969696E+005  0.16965710E+001
  0.13979012E+005  0.18698568E+001
  0.13988334E+005  0.16412778E+001
  0.13997662E+005  0.18326670E+001
  0.14006997E+005  0.72711800E-010
  0.14016338E+005  0.18579371E+001
  0.14025685E+005  0.18022523E+001
  0.14035038E+005  0.18896527E+001
  0.14044397E+005  0.31266947E+000
  0.14053763E+005  0.70416585E+000
  0.14063135E+005  0.15835586E+001
  0.14072513E+005  0.12763212E-001
  0.14081898E+005  0.15353593E+001
  0.14091289E+005  0.17024751E+001
  0.14100686E+005  0.78610544E+000
  0.14110089E+005  0.80552614E-001
  0.14119498E+005  0.33218957E+000
  0.14128914E+005  0.14146244E+001
  0.14138336E+005  0.18787160E+001
  0.14147765E+005  0.19005546E+001
  0.14157199E+005  0.19076898E+001
  0.14166640E+005  0.16292863E+001
  0.14176088E+005  0.44587796E+000
  0.14185541E+005  0.12589683E+001
  0.14195001E+005  0.18992361E+001
  0.14204467E+005  0.17225083E+001
  0.14213940E+005  0.18156303E+001
  0.14223419E+005  0.15729339E+001
  0.14232904E+005  0.18403533E+001
  0.14242395E+005  0.18044895E+001
  0.14251893E+005  0.17869782E+001
  0.14261397E+005  0.18050968E+001
  0.14270908E+005  0.17788152E+001
  0.14280424E+005  0.18929442E+001
  0.14289947E+005  0.10473646E+000
  0.14299477E+005  0.78172069E-003
  0.14309013E+005  0.11625375E+001
  0.14318555E+005  0.42039007E+000
  0.14328104E+005  0.18365845E+001
  0.14337658E+005  0.13693908E+001
  0.14347220E+005  0.17965141E+001
  0.14356787E+005  0.16052705E+001
  0.14366362E+005  0.14572454E+001
  0.14375942E+005  0.18754636E+001
  0.14385529E+005  0.17627774E+001
  0.14395122E+005  0.50975263E+000
  0.14404722E+005  0.11927881E+000
  0.14414328E+005  0.95441215E+000
  0.14423940E+005  0.71013328E+000
  0.14433559E+005  0.14996936E+001
  0.14443184E+005  0.11623683E+001
  0.14452816E+005  0.16232770E+001
  0.14462454E+005  0.18631968E+001
  0.14472099E+005  0.18960935E+001
  0.14481750E+005  0.93569989E+000
  0.14491407E+005  0.18555675E+001
  0.14501071E+005  0.63246892E+000
  0.14510741E+005  0.18278675E-003
  0.14520418E+005  0.15097346E+001
  0.14530101E+005  0.16648650E+001
  0.14539791E+005  0.18708553E+001
  0.14549487E+005  0.13747436E+001
  0.14559189E+005  0.18420120E+001
  0.14568898E+005  0.54302536E+000
  0.14578614E+005  0.17219362E+001
  0.14588336E+005  0.17863871E+001
  0.14598064E+005  0.18500191E+001
  0.14607799E+005  0.18549783E+001
  0.14617541E+005  0.12189710E+001
  0.14627289E+005  0.17888762E+001
  0.14637043E+005  0.14762618E+001
  0.14646804E+005  0.16619010E+001
  0.14656572E+005  0.18382621E+001
  0.14666345E+005  0.20145947E+000
  0.14676126E+005  0.16664318E+001
  0.14685913E+005  0.13956048E+001
  0.14695707E+005  0.37303594E+000
  0.14705507E+005  0.18133188E+001
  0.14715313E+005  0.16065311E+001
  0.14725126E+005  0.34597660E+000
  0.14734946E+005  0.99799519E+000
  0.14744772E+005  0.99836566E+000
  0.14754605E+005  0.11792703E+001
  0.14764444E+005  0.17465932E+001
  0.14774290E+005  0.11968611E+001
  0.14784143E+005  0.16280717E+001
  0.14794002E+005  0.14923978E+001
  0.14803868E+005  0.17184649E+001
  0.14813740E+005  0.12110814E+001
  0.14823619E+005  0.15561467E+001
  0.14833504E+005  0.11278972E+001
  0.14843396E+005  0.39816386E-001
  0.14853294E+005  0.82830836E+000
  0.14863200E+005  0.15322641E+001
  0.14873111E+005  0.67936291E+000
  0.14883030E+005  0.34724732E+000
  0.14892955E+005  0.18098822E+001
  0.14902886E+005  0.10312037E+001
  0.14912825E+005  0.17298261E+001
  0.14922770E+005  0.72687112E+000
  0.14932721E+005  0.41447384E+000
  0.14942679E+005  0.11816546E+001
  0.14952644E+005  0.76917880E-001
  0.14962615E+005  0.10617701E+001
  0.14972593E+005  0.10671060E+001
  0.14982578E+005  0.90597541E+000
  0.14992570E+005  0.10736050E+001
  0.15002568E+005  0.11197951E+001
  0.15012572E+005  0.17247801E+001
  0.15022584E+005  0.14611178E+001
  0.15032602E+005  0.13635266E+001
  0.15042626E+005  0.15110299E+001
  0.15052658E+005  0.67448004E+000
  0.15062696E+005  0.17319066E+001
  0.15072741E+005  0.99283690E+000
  0.15082792E+005  0.14466818E+001
  0.15092851E+005  0.16915623E+001
  0.15102915E+005  0.76611419E+000
  0.15112987E+005  0.16562308E+001
  0.15123065E+005  0.54396616E-001
  0.15133151E+005  0.14144070E+001
  0.15143242E+005  0.12184860E+001
  0.15153341E+005  0.69482747E+000
  0.15163446E+005  0.55363830E+000
  0.15173558E+005  0.13081450E+001
  0.15183677E+005  0.13609889E+001
  0.15193802E+005  0.77065263E+000
  0.15203935E+005  0.12896742E+001
  0.15214074E+005  0.89349553E+000
  0.15224219E+005  0.23071709E-003
  0.15234372E+005  0.16562734E+001
  0.15244531E+005  0.17347085E+001
  0.15254697E+005  0.16961056E+001
  0.15264870E+005  0.15266305E+001
  0.15275050E+005  0.16095011E+001
  0.15285236E+005  0.58047035E+000
  0.15295429E+005  0.13132199E+001
  0.15305629E+005  0.14226781E+001
  0.15315836E+005  0.15568279E+001
  0.15326050E+005  0.11033802E+001
  0.15336270E+005  0.17684144E+001
  0.15346497E+005  0.96395851E+000
  0.15356732E+005  0.17730834E+001
  0.15366972E+005  0.40628444E+000
  0.15377220E+005  0.12603329E+001
  0.15387475E+005  0.93290435E+000
  0.15397736E+005  0.16576505E+001
  0.15408004E+005  0.16278415E+001
  0.15418279E+005  0.15340254E+001
  0.15428561E+005  0.14299461E+001
  0.15438850E+005  0.10896273E+001
  0.15449146E+005  0.18128614E+001
  0.15459448E+005  0.10082681E+001
  0.15469758E+005  0.13650274E+001
  0.15480074E+005  0.13690200E+001
  0.15490397E+005  0.14111264E+001
  0.15500727E+005  0.10295927E+001
  0.15511064E+005  0.17441677E+001
  0.15521408E+005  0.15956207E+001
  0.15531759E+005  0.16922556E+001
  0.15542116E+005  0.16566556E+001
  0.15552481E+005  0.15040334E+001
  0.15562852E+005  0.17419600E+001
  0.15573231E+005  0.14210754E+001
  0.15583616E+005  0.12282248E+001
  0.15594008E+005  0.14546005E+001
  0.15604407E+005  0.17576904E+001
  0.15614813E+005  0.16452738E+001
  0.15625226E+005  0.15053679E+001
  0.15635646E+005  0.17907469E+001
  0.15646073E+005  0.17738936E+001
  0.15656507E+005  0.17967768E+001
  0.15666948E+005  0.17539299E+001
  0.15677395E+005  0.17922580E+001
  0.15687850E+005  0.17547772E+001
  0.15698312E+005  0.17580537E+001
  0.15708781E+005  0.17141569E+001
  0.15719256E+005  0.17579217E+001
  0.15729739E+005  0.16850254E+001
  0.15740228E+005  0.18014318E+001
  0.15750725E+005  0.17903572E+001
  0.15761229E+005  0.17771303E+001
  0.15771739E+005  0.17739256E+001
  0.15782257E+005  0.17645669E+001
  0.15792782E+005  0.15801253E+001
  0.15803313E+005  0.16305851E+001
  0.15813852E+005  0.17842761E+001
  0.15824398E+005  0.17972717E+001
  0.15834951E+005  0.13924092E+001
  0.15845510E+005  0.17235771E+001
  0.15856077E+005  0.17909491E+001
  0.15866651E+005  0.17799456E+001
  0.15877232E+005  0.17569362E+001
  0.15887820E+005  0.16538552E+001
  0.15898415E+005  0.17166584E+001
  0.15909017E+005  0.17860976E+001
  0.15919626E+005  0.17117197E+001
  0.15930243E+005  0.16965786E+001
  0.15940866E+005  0.17365780E+001
  0.15951496E+005  0.17643837E+001
  0.15962134E+005  0.16848163E+001
  0.15972779E+005  0.17826619E+001
  0.15983430E+005  0.16955256E+001
  0.15994089E+005  0.17547976E+001
  0.16004755E+005  0.17723049E+001
  0.16015428E+005  0.17698377E+001
  0.16026108E+005  0.16804751E+001
  0.16036796E+005  0.17350037E+001
  0.16047490E+005  0.17739320E+001
  0.16058191E+005  0.17681411E+001
  0.16068900E+005  0.17664809E+001
  0.16079616E+005  0.17582404E+001
  0.16090339E+005  0.17622262E+001
  0.16101069E+005  0.17672956E+001
  0.16111806E+005  0.17394989E+001
  0.16122551E+005  0.17529259E+001
  0.16133302E+005  0.16902523E+001
  0.16144061E+005  0.17496263E+001
  0.16154827E+005  0.17436306E+001
  0.16165600E+005  0.17318830E+001
  0.16176380E+005  0.17417104E+001
  0.16187168E+005  0.16170817E+001
  0.16197963E+005  0.16558762E+001
  0.16208764E+005  0.16679218E+001
  0.16219574E+005  0.16592228E+001
  0.16230390E+005  0.17390954E+001
  0.16241213E+005  0.17231104E+001
  0.16252044E+005  0.15630230E+001
  0.16262882E+005  0.15013744E+001
  0.16273727E+005  0.16395687E+001
  0.16284580E+005  0.13715047E+001
  0.16295439E+005  0.14685626E+001
  0.16306306E+005  0.94388586E+000
  0.16317180E+005  0.14600860E+001
  0.16328062E+005  0.16389757E+001
  0.16338950E+005  0.16543953E+001
  0.16349846E+005  0.17048270E+001
  0.16360749E+005  0.16075541E+001
  0.16371660E+005  0.17181351E+001
  0.16382578E+005  0.64735470E+000
  0.16393503E+005  0.17173638E+001
  0.16404435E+005  0.73754487E-001
  0.16415374E+005  0.16438086E+001
  0.16426321E+005  0.16885583E+001
  0.16437275E+005  0.16751492E+001
  0.16448237E+005  0.16797960E+001
  0.16459206E+005  0.13695797E+001
  0.16470182E+005  0.16442902E+001
  0.16481165E+005  0.47149186E+000
  0.16492156E+005  0.14007554E+001
  0.16503154E+005  0.13028847E+001
  0.16514159E+005  0.11793423E+001
  0.16525172E+005  0.15540187E+001
  0.16536192E+005  0.15382640E+001
  0.16547220E+005  0.11733562E+001
  0.16558254E+005  0.14418589E+001
  0.16569297E+005  0.96313628E+000
  0.16580346E+005  0.15925736E+001
  0.16591403E+005  0.12152548E+001
  0.16602467E+005  0.11532199E+001
  0.16613539E+005  0.14599042E+001
  0.16624618E+005  0.15227824E+001
  0.16635704E+005  0.15847136E+001
  0.16646798E+005  0.13110383E+001
  0.16657899E+005  0.10571300E+001
  0.16669008E+005  0.52783810E+000
  0.16680124E+005  0.15198060E+001
  0.16691247E+005  0.12911465E+001
  0.16702378E+005  0.97543582E+000
  0.16713516E+005  0.15840197E+001
  0.16724662E+005  0.12326461E+001
  0.16735815E+005  0.13623890E+001
  0.16746976E+005  0.15561661E+001
  0.16758144E+005  0.15549715E+001
  0.16769319E+005  0.15728600E+001
  0.16780502E+005  0.14187552E+001
  0.16791692E+005  0.15766415E+001
  0.16802890E+005  0.15613014E+001
  0.16814096E+005  0.11089242E+001
  0.16825308E+005  0.66332243E+000
  0.16836529E+005  0.14015250E+001
  0.16847756E+005  0.15058223E+001
  0.16858992E+005  0.10088759E+001
  0.16870234E+005  0.88899923E+000
  0.16881484E+005  0.14430195E+001
  0.16892742E+005  0.79454630E+000
  0.16904007E+005  0.12420958E+001
  0.16915280E+005  0.79044199E+000
  0.16926560E+005  0.14764942E+001
  0.16937848E+005  0.11780483E+001
  0.16949143E+005  0.12452098E+001
  0.16960446E+005  0.10997331E+001
  0.16971757E+005  0.12054668E+001
  0.16983074E+005  0.12874589E+001
  0.16994400E+005  0.13576379E+001
  0.17005733E+005  0.73840252E+000
  0.17017073E+005  0.13175356E+001
  0.17028422E+005  0.11776909E+001
  0.17039777E+005  0.12040149E+001
  0.17051140E+005  0.11163903E+001
  0.17062511E+005  0.11597820E+001
  0.17073890E+005  0.14009172E+001
  0.17085276E+005  0.12109324E+001
  0.17096669E+005  0.89994432E+000
  0.17108071E+005  0.14650411E+001
  0.17119479E+005  0.75797508E+000
  0.17130896E+005  0.11882884E+001
  0.17142320E+005  0.11763380E+001
  0.17153751E+005  0.12266712E+001
  0.17165191E+005  0.10532302E+001
  0.17176638E+005  0.11627343E+001
  0.17188092E+005  0.11628857E+001
  0.17199554E+005  0.92465611E+000
  0.17211024E+005  0.11175808E+001
  0.17222502E+005  0.13071291E+001
  0.17233987E+005  0.10717051E+001
  0.17245479E+005  0.12477524E+001
  0.17256980E+005  0.12811274E+001
  0.17268488E+005  0.11326379E+001
  0.17280004E+005  0.99815707E+000
  0.17291527E+005  0.12175157E+001
  0.17303058E+005  0.66628440E+000
  0.17314597E+005  0.10426431E+001
  0.17326144E+005  0.98734509E+000
  0.17337698E+005  0.13204770E+001
  0.17349260E+005  0.12983711E+001
  0.17360830E+005  0.75312723E+000
  0.17372407E+005  0.13140517E+001
  0.17383992E+005  0.13313886E+001
  0.17395585E+005  0.13117195E+001
  0.17407185E+005  0.12448940E+001
  0.17418794E+005  0.13693776E+001
  0.17430410E+005  0.14197524E+001
  0.17442033E+005  0.12521594E+001
  0.17453665E+005  0.91938836E+000
  0.17465304E+005  0.13331963E+001
  0.17476951E+005  0.14156744E+001
  0.17488606E+005  0.13276878E+001
  0.17500269E+005  0.14136415E+001
  0.17511939E+005  0.11206751E+001
  0.17523617E+005  0.11939347E+001
  0.17535303E+005  0.12581956E+001
  0.17546997E+005  0.13370321E+001
  0.17558698E+005  0.12363982E+001
  0.17570407E+005  0.13882780E+001
  0.17582125E+005  0.12686402E+001
  0.17593849E+005  0.13713787E+001
  0.17605582E+005  0.12547549E+001
  0.17617323E+005  0.13725417E+001
  0.17629071E+005  0.12750653E+001
  0.17640827E+005  0.13351152E+001
  0.17652592E+005  0.10091640E+001
  0.17664363E+005  0.12139432E+001
  0.17676143E+005  0.12364566E+001
  0.17687931E+005  0.11075616E+001
  0.17699726E+005  0.12282869E+001
  0.17711530E+005  0.13404620E+001
  0.17723341E+005  0.13435292E+001
  0.17735160E+005  0.13548358E+001
  0.17746987E+005  0.12368656E+001
  0.17758822E+005  0.11530513E+001
  0.17770665E+005  0.13470843E+001
  0.17782515E+005  0.13265980E+001
  0.17794374E+005  0.13764275E+001
  0.17806240E+005  0.13544996E+001
  0.17818115E+005  0.98487415E+000
  0.17829997E+005  0.13378523E+001
  0.17841887E+005  0.11614395E+001
  0.17853785E+005  0.13398772E+001
  0.17865692E+005  0.13258376E+001
  0.17877606E+005  0.12584176E+001
  0.17889528E+005  0.12909461E+001
  0.17901458E+005  0.88768576E+000
  0.17913395E+005  0.72246708E+000
  0.17925341E+005  0.94744934E+000
  0.17937295E+005  0.12973505E+001
  0.17949257E+005  0.13409915E+001
  0.17961227E+005  0.11085441E+001
  0.17973204E+005  0.12543043E+001
  0.17985190E+005  0.12756373E+001
  0.17997184E+005  0.66304573E+000
  0.18009186E+005  0.29035489E-002
  0.18021195E+005  0.10979469E+001
  0.18033213E+005  0.12893725E+001
  0.18045239E+005  0.12948813E+001
  0.18057273E+005  0.12631809E+001
  0.18069314E+005  0.10512819E+001
  0.18081364E+005  0.13164430E+001
  0.18093422E+005  0.12782575E+001
  0.18105488E+005  0.74331679E-005
  0.18117562E+005  0.12469114E+001
  0.18129644E+005  0.11411944E+001
  0.18141734E+005  0.12854486E+001
  0.18153832E+005  0.12665737E+001
  0.18165938E+005  0.12841605E+001
  0.18178052E+005  0.93777648E+000
  0.18190175E+005  0.12892518E+001
  0.18202305E+005  0.10465065E+001
  0.18214444E+005  0.11372500E+001
  0.18226590E+005  0.12764656E-006
  0.18238745E+005  0.12367353E+001
  0.18250908E+005  0.12652479E+001
  0.18263079E+005  0.13384524E-006
  0.18275258E+005  0.87186791E+000
  0.18287445E+005  0.28025019E+000
  0.18299640E+005  0.12339348E+001
  0.18311844E+005  0.12170941E+000
  0.18324055E+005  0.11995779E+001
  0.18336275E+005  0.11100418E+001
  0.18348503E+005  0.60875517E-006
  0.18360739E+005  0.11984379E+001
  0.18372983E+005  0.11806019E+001
  0.18385235E+005  0.50833467E-003
  0.18397496E+005  0.11895153E+001
  0.18409764E+005  0.11526396E+001
  0.18422041E+005  0.11269353E+001
  0.18434326E+005  0.11136549E+001
  0.18446620E+005  0.11626444E+001
  0.18458921E+005  0.10224280E+001
  0.18471231E+005  0.35203262E+000
  0.18483549E+005  0.11218447E+001
  0.18495875E+005  0.73194735E+000
  0.18508209E+005  0.11161028E+001
  0.18520551E+005  0.91824444E+000
  0.18532902E+005  0.10655448E+001
  0.18545261E+005  0.11796381E+001
  0.18557628E+005  0.11269326E+001
  0.18570004E+005  0.11846080E+001
  0.18582388E+005  0.11424864E+001
  0.18594780E+005  0.90055188E+000
  0.18607180E+005  0.30150840E-002
  0.18619588E+005  0.10397322E+001
  0.18632005E+005  0.11333131E+001
  0.18644430E+005  0.87909001E+000
  0.18656863E+005  0.11553417E+001
  0.18669305E+005  0.11512937E+001
  0.18681755E+005  0.22945377E-006
  0.18694213E+005  0.11650352E+001
  0.18706680E+005  0.11143878E+001
  0.18719155E+005  0.11505311E+001
  0.18731638E+005  0.25136964E-001
  0.18744129E+005  0.10506629E+001
  0.18756629E+005  0.11074095E+001
  0.18769137E+005  0.11469817E+001
  0.18781654E+005  0.10794042E+001
  0.18794179E+005  0.61642283E-005
  0.18806712E+005  0.10583133E+001
  0.18819254E+005  0.11396332E+001
  0.18831803E+005  0.11138947E+001
  0.18844362E+005  0.10223548E+001
  0.18856928E+005  0.11156079E+001
  0.18869503E+005  0.11189552E+001
  0.18882087E+005  0.93747425E+000
  0.18894679E+005  0.11251291E+001
  0.18907279E+005  0.37403884E+000
  0.18919888E+005  0.11207256E+001
  0.18932505E+005  0.71989040E+000
  0.18945130E+005  0.10851221E+001
  0.18957764E+005  0.10018799E+001
  0.18970406E+005  0.10030913E+001
  0.18983057E+005  0.94118630E+000
  0.18995716E+005  0.10917425E+001
  0.19008384E+005  0.11019170E+001
  0.19021060E+005  0.10680727E+001
  0.19033744E+005  0.94677478E+000
  0.19046437E+005  0.10529939E+001
  0.19059139E+005  0.96932670E+000
  0.19071849E+005  0.80416807E+000
  0.19084567E+005  0.10578550E+001
  0.19097294E+005  0.10602703E+001
  0.19110029E+005  0.72413208E+000
  0.19122773E+005  0.80114794E+000
  0.19135525E+005  0.38373427E-003
  0.19148286E+005  0.49223520E-006
  0.19161056E+005  0.42657750E-006
  0.19173834E+005  0.59774166E+000
  0.19186620E+005  0.49144979E+000
  0.19199415E+005  0.54352111E+000
  0.19212218E+005  0.10331621E+001
  0.19225030E+005  0.10327634E+001
  0.19237851E+005  0.36585735E-001
  0.19250680E+005  0.80234329E+000
  0.19263518E+005  0.10447212E+001
  0.19276364E+005  0.70630594E+000
  0.19289219E+005  0.94756886E+000
  0.19302082E+005  0.10163982E+000
  0.19314954E+005  0.39084929E+000
  0.19327834E+005  0.15849146E+000
  0.19340723E+005  0.85935198E+000
  0.19353621E+005  0.36028761E+000
  0.19366527E+005  0.88976138E+000
  0.19379442E+005  0.43774853E+000
  0.19392366E+005  0.13232874E+000
  0.19405298E+005  0.75442326E+000
  0.19418239E+005  0.95375548E+000
  0.19431188E+005  0.55189026E+000
  0.19444146E+005  0.93696453E-001
  0.19457113E+005  0.93549031E+000
  0.19470088E+005  0.42106716E+000
  0.19483072E+005  0.10091761E+001
  0.19496065E+005  0.84070776E+000
  0.19509066E+005  0.58954546E+000
  0.19522076E+005  0.66090672E+000
  0.19535094E+005  0.93599759E+000
  0.19548122E+005  0.31867662E+000
  0.19561158E+005  0.38125497E+000
  0.19574202E+005  0.85860935E+000
  0.19587256E+005  0.77689456E+000
  0.19600318E+005  0.90422683E+000
  0.19613389E+005  0.85705742E+000
  0.19626468E+005  0.63698194E+000
  0.19639556E+005  0.85176148E+000
  0.19652653E+005  0.64817617E+000
  0.19665759E+005  0.17399140E+000
  0.19678873E+005  0.16423356E+000
  0.19691997E+005  0.65954293E+000
  0.19705129E+005  0.85506139E+000
  0.19718269E+005  0.55217707E+000
  0.19731419E+005  0.31936716E+000
  0.19744577E+005  0.90002243E+000
  0.19757744E+005  0.77100554E+000
  0.19770920E+005  0.83657256E+000
  0.19784104E+005  0.76426172E+000
  0.19797298E+005  0.38457124E+000
  0.19810500E+005  0.95483893E+000
  0.19823711E+005  0.95241284E+000
  0.19836931E+005  0.11744423E+000
  0.19850159E+005  0.90958375E+000
  0.19863397E+005  0.95254174E+000
  0.19876643E+005  0.49473422E+000
  0.19889898E+005  0.93334428E+000
  0.19903162E+005  0.43600028E+000
  0.19916435E+005  0.26946538E+000
  0.19929716E+005  0.93353229E+000
  0.19943007E+005  0.92353139E+000
  0.19956306E+005  0.53293614E+000
  0.19969614E+005  0.81668064E+000
  0.19982931E+005  0.84884744E+000
  0.19996257E+005  0.93287164E+000
  0.20009592E+005  0.94006927E-001
  0.20022936E+005  0.77750977E+000
  0.20036288E+005  0.46835153E+000
  0.20049650E+005  0.39050422E-001
  0.20063020E+005  0.76079109E+000
  0.20076400E+005  0.93263395E+000
  0.20089788E+005  0.12412182E+000
  0.20103185E+005  0.69099148E+000
  0.20116591E+005  0.76171445E+000
  0.20130006E+005  0.89911566E-002
  0.20143430E+005  0.88647610E+000
  0.20156863E+005  0.90475446E+000
  0.20170305E+005  0.83093770E-001
  0.20183756E+005  0.71008442E+000
  0.20197216E+005  0.53810262E+000
  0.20210685E+005  0.44399604E+000
  0.20224163E+005  0.91615331E+000
  0.20237650E+005  0.43938419E+000
  0.20251145E+005  0.12619616E+000
  0.20264650E+005  0.58215074E+000
  0.20278164E+005  0.88821739E+000
  0.20291687E+005  0.46523813E-001
  0.20305219E+005  0.79862560E+000
  0.20318760E+005  0.84023772E+000
  0.20332310E+005  0.60596763E+000
  0.20345869E+005  0.84101716E+000
  0.20359436E+005  0.86783785E+000
  0.20373014E+005  0.28754220E+000
  0.20386600E+005  0.67999911E+000
  0.20400195E+005  0.59842416E+000
  0.20413799E+005  0.38934956E+000
  0.20427412E+005  0.78932625E+000
  0.20441035E+005  0.80644615E+000
  0.20454666E+005  0.76397407E+000
  0.20468307E+005  0.87019355E+000
  0.20481956E+005  0.87667444E+000
  0.20495615E+005  0.77778763E+000
  0.20509283E+005  0.81831742E+000
  0.20522960E+005  0.85112264E+000
  0.20536646E+005  0.77239869E+000
  0.20550341E+005  0.83273732E+000
  0.20564045E+005  0.75883939E+000
  0.20577759E+005  0.78957853E+000
  0.20591481E+005  0.82871735E+000
  0.20605213E+005  0.85051218E+000
  0.20618954E+005  0.83091661E+000
  0.20632704E+005  0.84477401E+000
  0.20646464E+005  0.82618336E+000
  0.20660232E+005  0.80780804E+000
  0.20674010E+005  0.80240654E+000
  0.20687796E+005  0.84625038E+000
  0.20701592E+005  0.81232491E+000
  0.20715398E+005  0.68046649E+000
  0.20729212E+005  0.72060071E+000
  0.20743036E+005  0.83901761E+000
  0.20756868E+005  0.79398015E+000
  0.20770711E+005  0.78770734E+000
  0.20784562E+005  0.82865099E+000
  0.20798422E+005  0.84527089E+000
  0.20812292E+005  0.75134681E+000
  0.20826171E+005  0.83478475E+000
  0.20840059E+005  0.83039834E+000
  0.20853957E+005  0.81955488E+000
  0.20867864E+005  0.83455899E+000
  0.20881780E+005  0.82343446E+000
  0.20895705E+005  0.80565687E+000
  0.20909640E+005  0.83184593E+000
  0.20923584E+005  0.81558221E+000
  0.20937537E+005  0.82126582E+000
  0.20951500E+005  0.83494660E+000
  0.20965471E+005  0.81901306E+000
  0.20979453E+005  0.80075749E+000
  0.20993443E+005  0.82481893E+000
  0.21007443E+005  0.82160674E+000
  0.21021452E+005  0.81175803E+000
  0.21035471E+005  0.81309996E+000
  0.21049499E+005  0.80981152E+000
  0.21063536E+005  0.72901710E+000
  0.21077582E+005  0.80947509E+000
  0.21091638E+005  0.80252714E+000
  0.21105704E+005  0.81106065E+000
  0.21119778E+005  0.80468867E+000
  0.21133862E+005  0.80973315E+000
  0.21147956E+005  0.80259124E+000
  0.21162059E+005  0.73822896E+000
  0.21176171E+005  0.76802485E+000
  0.21190293E+005  0.68352950E+000
  0.21204424E+005  0.76432323E+000
  0.21218564E+005  0.76795550E+000
  0.21232714E+005  0.80012571E+000
  0.21246874E+005  0.78650849E+000
  0.21261042E+005  0.79379206E+000
  0.21275221E+005  0.74653807E+000
  0.21289408E+005  0.79274644E+000
  0.21303606E+005  0.79218101E+000
  0.21317812E+005  0.79428895E+000
  0.21332028E+005  0.78403616E+000
  0.21346254E+005  0.77935403E+000
  0.21360489E+005  0.74946188E+000
  0.21374734E+005  0.76924607E+000
  0.21388988E+005  0.74444236E+000
  0.21403251E+005  0.77980496E+000
  0.21417525E+005  0.68659110E+000
  0.21431807E+005  0.77659265E+000
  0.21446099E+005  0.75724470E+000
  0.21460401E+005  0.74888165E+000
  0.21474712E+005  0.76573451E+000
  0.21489033E+005  0.75419266E+000
  0.21503363E+005  0.74885979E+000
  0.21517703E+005  0.46509223E+000
  0.21532053E+005  0.75967608E+000
  0.21546412E+005  0.67189660E+000
  0.21560780E+005  0.73504112E+000
  0.21575158E+005  0.74692871E+000
  0.21589546E+005  0.73308877E+000
  0.21603944E+005  0.72223852E+000
  0.21618351E+005  0.64925262E+000
  0.21632767E+005  0.75090283E+000
  0.21647193E+005  0.58924678E+000
  0.21661629E+005  0.68482231E+000
  0.21676074E+005  0.67947996E+000
  0.21690529E+005  0.71846211E+000
  0.21704994E+005  0.67694406E+000
  0.21719469E+005  0.54139319E+000
  0.21733953E+005  0.69329553E+000
  0.21748446E+005  0.72929190E+000
  0.21762949E+005  0.51172732E+000
  0.21777462E+005  0.55619553E+000
  0.21791985E+005  0.49442746E+000
  0.21806517E+005  0.72565314E+000
  0.21821060E+005  0.48031231E+000
  0.21835611E+005  0.70949342E+000
  0.21850173E+005  0.43182372E+000
  0.21864744E+005  0.67683754E+000
  0.21879325E+005  0.70046766E+000
  0.21893915E+005  0.57490615E+000
  0.21908516E+005  0.66677675E+000
  0.21923126E+005  0.68155058E+000
  0.21937745E+005  0.57537452E+000
  0.21952375E+005  0.16053686E-001
  0.21967014E+005  0.60239637E+000
  0.21981663E+005  0.55472362E+000
  0.21996322E+005  0.11544102E+000
  0.22010991E+005  0.53144286E+000
  0.22025669E+005  0.19120769E+000
  0.22040357E+005  0.58132143E+000
  0.22055055E+005  0.65054722E+000
  0.22069763E+005  0.48667619E-001
  0.22084481E+005  0.50647226E+000
  0.22099208E+005  0.18364002E-002
  0.22113945E+005  0.55154351E+000
  0.22128693E+005  0.59110748E+000
  0.22143449E+005  0.65760823E+000
  0.22158216E+005  0.94483420E-001
  0.22172993E+005  0.26123582E+000
  0.22187779E+005  0.65764881E+000
  0.22202575E+005  0.67181864E+000
  0.22217382E+005  0.54359088E+000
  0.22232198E+005  0.94970053E-003
  0.22247024E+005  0.43225664E+000
  0.22261859E+005  0.48554547E+000
  0.22276705E+005  0.56881754E+000
  0.22291561E+005  0.53731304E+000
  0.22306426E+005  0.52445466E+000
  0.22321302E+005  0.22164060E+000
  0.22336187E+005  0.40752150E+000
  0.22351082E+005  0.64506890E+000
  0.22365987E+005  0.17898759E+000
  0.22380902E+005  0.43791677E+000
  0.22395828E+005  0.84193801E-001
  0.22410763E+005  0.22386268E+000
  0.22425708E+005  0.56431317E+000
  0.22440662E+005  0.37705339E+000
  0.22455627E+005  0.19184536E+000
  0.22470602E+005  0.13119720E+000
  0.22485587E+005  0.33126742E+000
  0.22500582E+005  0.42890082E+000
  0.22515587E+005  0.34161082E+000
  0.22530602E+005  0.22882004E+000
  0.22545627E+005  0.28244505E+000
  0.22560662E+005  0.22943097E+000
  0.22575707E+005  0.51963191E+000
  0.22590762E+005  0.49490091E+000
  0.22605827E+005  0.46663905E+000
  0.22620902E+005  0.20678409E-003
  0.22635987E+005  0.21574301E-001
  0.22651082E+005  0.28154503E+000
  0.22666187E+005  0.51636125E+000
  0.22681303E+005  0.37938115E+000
  0.22696428E+005  0.34317433E+000
  0.22711564E+005  0.26749438E+000
  0.22726709E+005  0.20869940E+000
  0.22741865E+005  0.43825454E+000
  0.22757031E+005  0.49316124E+000
  0.22772207E+005  0.20386219E-001
  0.22787393E+005  0.52514177E+000
  0.22802589E+005  0.32036801E-004
  0.22817795E+005  0.17502234E+000
  0.22833011E+005  0.33992940E+000
  0.22848238E+005  0.36753118E+000
  0.22863475E+005  0.31404559E+000
  0.22878722E+005  0.59193326E+000
  0.22893979E+005  0.10656897E+000
  0.22909246E+005  0.18096418E+000
  0.22924523E+005  0.14123571E+000
  0.22939811E+005  0.24736652E-002
  0.22955109E+005  0.23764949E+000
  0.22970417E+005  0.49024603E+000
  0.22985735E+005  0.15756965E-001
  0.23001063E+005  0.25402925E-001
  0.23016402E+005  0.24013806E+000
  0.23031751E+005  0.37044180E+000
  0.23047110E+005  0.26114872E+000
  0.23062479E+005  0.34593167E+000
  0.23077859E+005  0.13791325E-003
  0.23093249E+005  0.55908254E+000
  0.23108649E+005  0.52082618E+000
  0.23124059E+005  0.42634192E+000
  0.23139480E+005  0.54204472E+000
  0.23154911E+005  0.56775661E+000
  0.23170352E+005  0.86857538E-001
  0.23185804E+005  0.42251850E-001
  0.23201266E+005  0.37257652E+000
  0.23216738E+005  0.22111555E+000
  0.23232220E+005  0.35344963E+000
  0.23247713E+005  0.33399139E+000
  0.23263216E+005  0.49516651E+000
  0.23278730E+005  0.37851998E+000
  0.23294253E+005  0.18853052E-001
  0.23309787E+005  0.35416483E+000
  0.23325332E+005  0.17424407E+000
  0.23340887E+005  0.48055011E+000
  0.23356452E+005  0.27545796E+000
  0.23372028E+005  0.44694146E+000
  0.23387614E+005  0.26703418E+000
  0.23403210E+005  0.72485487E-002
  0.23418817E+005  0.39101833E-001
  0.23434434E+005  0.46233552E+000
  0.23450062E+005  0.21703614E+000
  0.23465700E+005  0.24065028E+000
  0.23481349E+005  0.15402906E+000
  0.23497007E+005  0.17910026E+000
  0.23512677E+005  0.39312653E+000
  0.23528357E+005  0.39573258E+000
  0.23544047E+005  0.33050586E+000
  0.23559748E+005  0.33327018E-001
  0.23575459E+005  0.54373127E+000
  0.23591181E+005  0.34270475E+000
  0.23606913E+005  0.25795667E+000
  0.23622655E+005  0.52077719E+000
  0.23638409E+005  0.67261471E-001
  0.23654172E+005  0.52653494E+000
  0.23669946E+005  0.54707073E+000
  0.23685731E+005  0.15692448E+000
  0.23701526E+005  0.14375648E-002
  0.23717332E+005  0.52868838E-001
  0.23733148E+005  0.10500847E-001
  0.23748975E+005  0.49780205E+000
  0.23764813E+005  0.50201450E+000
  0.23780661E+005  0.17481624E+000
  0.23796519E+005  0.32026125E+000
  0.23812388E+005  0.54519633E+000
  0.23828268E+005  0.15863502E+000
  0.23844158E+005  0.49788057E+000
  0.23860059E+005  0.35658306E+000
  0.23875971E+005  0.37149871E+000
  0.23891893E+005  0.22650283E+000
  0.23907825E+005  0.48510210E+000
  0.23923769E+005  0.34478022E+000
  0.23939723E+005  0.46103180E+000
  0.23955687E+005  0.19400927E+000
  0.23971662E+005  0.47938445E+000
  0.23987648E+005  0.24241322E+000
  0.24003645E+005  0.22843061E+000
  0.24019652E+005  0.45498077E+000
  0.24035670E+005  0.48764486E+000
  0.24051699E+005  0.52614911E+000
  0.24067738E+005  0.46122468E+000
  0.24083788E+005  0.52271266E+000
  0.24099849E+005  0.47091194E+000
  0.24115920E+005  0.50806119E+000
  0.24132002E+005  0.30572319E+000
  0.24148095E+005  0.51730276E+000
  0.24164198E+005  0.51391034E+000
  0.24180313E+005  0.23917791E+000
  0.24196438E+005  0.44692888E+000
  0.24212574E+005  0.29490786E+000
  0.24228720E+005  0.46115807E+000
  0.24244878E+005  0.23244238E+000
  0.24261046E+005  0.29988329E+000
  0.24277225E+005  0.20005297E+000
  0.24293414E+005  0.44311633E+000
  0.24309615E+005  0.46131878E+000
  0.24325826E+005  0.44215878E+000
  0.24342048E+005  0.25647452E+000
  0.24358281E+005  0.45302682E+000
  0.24374525E+005  0.23531403E+000
  0.24390779E+005  0.45677421E+000
  0.24407045E+005  0.45403623E+000
  0.24423321E+005  0.42333160E+000
  0.24439608E+005  0.27117571E+000
  0.24455906E+005  0.35272800E+000
  0.24472215E+005  0.52782965E-002
  0.24488534E+005  0.48693909E+000
  0.24504865E+005  0.48306674E+000
  0.24521206E+005  0.37776923E+000
  0.24537559E+005  0.30561085E-001
  0.24553922E+005  0.45266457E+000
  0.24570296E+005  0.48279925E+000
  0.24586681E+005  0.35533264E+000
  0.24603077E+005  0.48063852E+000
  0.24619484E+005  0.30586152E+000
  0.24635902E+005  0.46878837E+000
  0.24652331E+005  0.40333572E+000
  0.24668771E+005  0.47719445E+000
  0.24685222E+005  0.45282308E+000
  0.24701684E+005  0.48158125E+000
  0.24718156E+005  0.45160024E+000
  0.24734640E+005  0.46990237E+000
  0.24751135E+005  0.17752973E+000
  0.24767640E+005  0.46616345E+000
  0.24784157E+005  0.35331237E+000
  0.24800685E+005  0.46940205E+000
  0.24817224E+005  0.48738159E+000
  0.24833773E+005  0.39423599E+000
  0.24850334E+005  0.46907875E+000
  0.24866906E+005  0.45742603E+000
  0.24883489E+005  0.45908616E+000
  0.24900083E+005  0.29016012E+000
  0.24916688E+005  0.40476538E+000
  0.24933304E+005  0.41286501E+000
  0.24949931E+005  0.47845807E+000
  0.24966570E+005  0.47718413E+000
  0.24983219E+005  0.35653775E+000
  0.24999879E+005  0.35088960E+000
  0.25016551E+005  0.37131342E+000
  0.25033234E+005  0.41820068E+000
  0.25049928E+005  0.45618145E+000
  0.25066633E+005  0.44550956E+000
  0.25083349E+005  0.35240589E+000
  0.25100076E+005  0.43629149E+000
  0.25116814E+005  0.37091431E+000
  0.25133564E+005  0.21493771E+000
  0.25150325E+005  0.30269821E+000
  0.25167097E+005  0.40006830E+000
  0.25183880E+005  0.26032493E+000
  0.25200674E+005  0.35642201E+000
  0.25217479E+005  0.20701863E+000
  0.25234296E+005  0.43954706E+000
  0.25251124E+005  0.43399417E+000
  0.25267963E+005  0.38928730E+000
  0.25284814E+005  0.41623421E+000
  0.25301675E+005  0.39360686E+000
  0.25318548E+005  0.61199701E-001
  0.25335432E+005  0.41262375E+000
  0.25352327E+005  0.41903041E+000
  0.25369234E+005  0.35126635E+000
  0.25386152E+005  0.91006333E-004
  0.25403081E+005  0.41356545E+000
  0.25420022E+005  0.40850928E+000
  0.25436973E+005  0.30827957E+000
  0.25453936E+005  0.43431796E+000
  0.25470911E+005  0.31833485E+000
  0.25487896E+005  0.66106031E-001
  0.25504894E+005  0.35820130E+000
  0.25521902E+005  0.38279453E+000
  0.25538922E+005  0.41086636E+000
  0.25555953E+005  0.21061669E+000
  0.25572995E+005  0.29096882E+000
  0.25590049E+005  0.22395030E+000
  0.25607114E+005  0.12527165E+000
  0.25624191E+005  0.10548951E-003
  0.25641278E+005  0.41845500E+000
  0.25658378E+005  0.41595200E+000
  0.25675488E+005  0.20418961E+000
  0.25692611E+005  0.31909585E+000
  0.25709744E+005  0.31915607E+000
  0.25726889E+005  0.29895485E+000
  0.25744046E+005  0.37653493E+000
  0.25761213E+005  0.24977025E+000
  0.25778393E+005  0.36086115E+000
  0.25795583E+005  0.12710716E-003
  0.25812786E+005  0.66224367E-003
  0.25829999E+005  0.32184704E+000
  0.25847224E+005  0.42793138E+000
  0.25864461E+005  0.12196319E-003
  0.25881709E+005  0.34911185E+000
  0.25898969E+005  0.42243281E+000
  0.25916240E+005  0.41250520E+000
  0.25933523E+005  0.41216541E+000
  0.25950817E+005  0.21405577E+000
  0.25968123E+005  0.40896766E+000
  0.25985440E+005  0.40744496E+000
  0.26002769E+005  0.21112455E+000
  0.26020109E+005  0.40539916E+000
  0.26037461E+005  0.41583711E+000
  0.26054825E+005  0.13963774E+000
  0.26072200E+005  0.19998315E+000
  0.26089586E+005  0.20056643E+000
  0.26106985E+005  0.10338788E+000
  0.26124395E+005  0.32362285E+000
  0.26141816E+005  0.35833311E+000
  0.26159249E+005  0.37757971E+000
  0.26176694E+005  0.16807387E+000
  0.26194150E+005  0.25034418E+000
  0.26211618E+005  0.23348744E+000
  0.26229098E+005  0.32723142E+000
  0.26246589E+005  0.39830144E+000
  0.26264092E+005  0.34962467E+000
  0.26281607E+005  0.36101556E+000
  0.26299133E+005  0.39403854E+000
  0.26316671E+005  0.30310875E-001
  0.26334221E+005  0.30249900E+000
  0.26351782E+005  0.24310995E+000
  0.26369355E+005  0.29286357E+000
  0.26386940E+005  0.37908002E-001
  0.26404537E+005  0.20234590E-001
  0.26422145E+005  0.16923398E-003
  0.26439765E+005  0.87483369E-003
  0.26457397E+005  0.17258718E-003
  0.26475041E+005  0.31825382E-001
  0.26492696E+005  0.35458749E+000
  0.26510363E+005  0.39348047E+000
  0.26528042E+005  0.21059709E+000
  0.26545733E+005  0.36682993E+000
  0.26563435E+005  0.32257860E+000
  0.26581149E+005  0.39396036E+000
  0.26598875E+005  0.23536365E+000
  0.26616613E+005  0.38976712E+000
  0.26634363E+005  0.38378338E+000
  0.26652125E+005  0.35613920E+000
  0.26669898E+005  0.20265101E-003
  0.26687683E+005  0.37954373E+000
  0.26705480E+005  0.21089097E+000
  0.26723289E+005  0.36990082E+000
  0.26741110E+005  0.37447017E+000
  0.26758943E+005  0.37811156E+000
  0.26776788E+005  0.37286454E+000
  0.26794644E+005  0.55306746E-003
  0.26812513E+005  0.37752428E+000
  0.26830393E+005  0.25411748E-002
  0.26848285E+005  0.35784601E+000
  0.26866190E+005  0.25965486E+000
  0.26884106E+005  0.37368902E+000
  0.26902034E+005  0.37311261E+000
  0.26919974E+005  0.36698282E+000
  0.26937926E+005  0.22577384E-003
  0.26955890E+005  0.32558000E+000
  0.26973866E+005  0.34998072E+000
  0.26991854E+005  0.35049348E+000
  0.27009854E+005  0.37151303E+000
  0.27027866E+005  0.35334981E+000
  0.27045890E+005  0.34255963E+000
  0.27063926E+005  0.34645805E+000
  0.27081974E+005  0.18821798E+000
  0.27100034E+005  0.80425760E-001
  0.27118106E+005  0.11211378E+000
  0.27136190E+005  0.36600951E+000
  0.27154286E+005  0.10414853E+000
  0.27172395E+005  0.35865319E+000
  0.27190515E+005  0.31868741E+000
  0.27208648E+005  0.36010104E+000
  0.27226792E+005  0.34904136E+000
  0.27244949E+005  0.35505919E+000
  0.27263117E+005  0.35768834E+000
  0.27281298E+005  0.26676134E-001
  0.27299491E+005  0.20418756E+000
  0.27317696E+005  0.35080391E+000
  0.27335914E+005  0.34752713E+000
  0.27354143E+005  0.20014621E+000
  0.27372385E+005  0.35306977E+000
  0.27390638E+005  0.26809802E+000
  0.27408904E+005  0.20515903E+000
  0.27427182E+005  0.29358028E-003
  0.27445473E+005  0.18443324E+000
  0.27463775E+005  0.34867133E+000
  0.27482090E+005  0.34486757E+000
  0.27500417E+005  0.84675165E-001
  0.27518756E+005  0.26839300E+000
  0.27537107E+005  0.34775395E+000
  0.27555471E+005  0.34624978E+000
  0.27573847E+005  0.28368335E+000
  0.27592235E+005  0.96598838E-002
  0.27610635E+005  0.34684022E+000
  0.27629048E+005  0.34392257E+000
  0.27647473E+005  0.22659924E+000
  0.27665910E+005  0.33204592E-003
  0.27684359E+005  0.33680385E-003
  0.27702821E+005  0.27099972E+000
  0.27721295E+005  0.34161068E-003
  0.27739781E+005  0.32425754E+000
  0.27758280E+005  0.46231171E-001
  0.27776791E+005  0.33561200E-001
  0.27795315E+005  0.30471348E+000
  0.27813850E+005  0.13096919E+000
  0.27832399E+005  0.33324881E+000
  0.27850959E+005  0.28659514E+000
  0.27869532E+005  0.42460851E-001
  0.27888117E+005  0.18968599E+000
  0.27906715E+005  0.22329707E+000
  0.27925325E+005  0.32306489E+000
  0.27943947E+005  0.24553985E+000
  0.27962582E+005  0.32988574E+000
  0.27981230E+005  0.66700683E-002
  0.27999889E+005  0.29788622E+000
  0.28018562E+005  0.19338379E+000
  0.28037246E+005  0.40066319E-003
  0.28055943E+005  0.31748585E+000
  0.28074653E+005  0.43115158E-001
  0.28093375E+005  0.31331117E+000
  0.28112109E+005  0.41584699E-003
  0.28130857E+005  0.19754728E+000
  0.28149616E+005  0.56543023E-001
  0.28168388E+005  0.31882279E+000
  0.28187173E+005  0.14282488E+000
  0.28205970E+005  0.43551598E-003
  0.28224779E+005  0.44127962E-003
  0.28243602E+005  0.65279213E-001
  0.28262436E+005  0.29952475E+000
  0.28281284E+005  0.56078464E-001
  0.28300143E+005  0.17583733E+000
  0.28319016E+005  0.23037397E+000
  0.28337901E+005  0.28685346E+000
  0.28356798E+005  0.67128129E-001
  0.28375709E+005  0.14551830E-002
  0.28394631E+005  0.17994872E+000
  0.28413567E+005  0.14743529E+000
  0.28432515E+005  0.51422497E-003
  0.28451476E+005  0.31389141E+000
  0.28470449E+005  0.27560335E+000
  0.28489435E+005  0.21446448E-001
  0.28508434E+005  0.17544777E+000
  0.28527445E+005  0.56580119E-001
  0.28546469E+005  0.98867022E-001
  0.28565506E+005  0.27350168E+000
  0.28584555E+005  0.20566944E+000
  0.28603617E+005  0.30396446E+000
  0.28622692E+005  0.53301626E-003
  0.28641779E+005  0.22328679E+000
  0.28660880E+005  0.22651585E+000
  0.28679993E+005  0.15833650E+000
  0.28699118E+005  0.28160444E+000
  0.28718257E+005  0.56313364E-003
  0.28737408E+005  0.29097897E+000
  0.28756572E+005  0.27847130E+000
  0.28775749E+005  0.57238934E-003
  0.28794939E+005  0.29198930E+000
  0.28814141E+005  0.58314100E-003
  0.28833356E+005  0.28188814E+000
  0.28852584E+005  0.29823535E+000
  0.28871825E+005  0.29568177E+000
  0.28891079E+005  0.21462073E+000
  0.28910345E+005  0.14452911E+000
  0.28929624E+005  0.26791444E+000
  0.28948917E+005  0.67076808E-001
  0.28968222E+005  0.26945960E-001
  0.28987540E+005  0.56586656E-002
  0.29006870E+005  0.13164462E+000
  0.29026214E+005  0.52746432E-002
  0.29045571E+005  0.71036193E-001
  0.29064940E+005  0.22402671E+000
  0.29084323E+005  0.17533367E-001
  0.29103718E+005  0.28521501E+000
  0.29123126E+005  0.17125561E+000
  0.29142548E+005  0.27837231E+000
  0.29161982E+005  0.26619184E+000
  0.29181429E+005  0.10506709E-001
  0.29200889E+005  0.18769911E+000
  0.29220362E+005  0.58803867E-001
  0.29239848E+005  0.11749139E+000
  0.29259347E+005  0.11058627E+000
  0.29278860E+005  0.22399537E-002
  0.29298385E+005  0.86279317E-003
  0.29317923E+005  0.17582216E-001
  0.29337474E+005  0.27938353E+000
  0.29357038E+005  0.25440667E+000
  0.29376615E+005  0.25665798E+000
  0.29396206E+005  0.75264693E-001
  0.29415809E+005  0.11605898E+000
  0.29435425E+005  0.77317274E-003
  0.29455055E+005  0.21547486E+000
  0.29474697E+005  0.22747656E+000
  0.29494353E+005  0.25707949E+000
  0.29514022E+005  0.24528518E+000
  0.29533704E+005  0.26540740E+000
  0.29553399E+005  0.11464291E+000
  0.29573107E+005  0.10745561E+000
  0.29592828E+005  0.50450276E-001
  0.29612563E+005  0.23294919E+000
  0.29632310E+005  0.13552422E+000
  0.29652071E+005  0.14771654E+000
  0.29671845E+005  0.13567181E+000
  0.29691632E+005  0.10249199E+000
  0.29711433E+005  0.34288934E-001
  0.29731246E+005  0.17116074E+000
  0.29751073E+005  0.10855347E+000
  0.29770913E+005  0.18775831E+000
  0.29790766E+005  0.19827574E+000
  0.29810633E+005  0.14711126E+000
  0.29830513E+005  0.15320966E+000
  0.29850406E+005  0.12642854E+000
  0.29870312E+005  0.25455404E+000
  0.29890231E+005  0.26191402E+000
  0.29910164E+005  0.18594995E+000
  0.29930110E+005  0.18415997E+000
  0.29950070E+005  0.26080362E+000
  0.29970042E+005  0.42882359E-002
  0.29990028E+005  0.98417371E-003
  0.30010028E+005  0.99242026E-003
  0.30030040E+005  0.19690663E-001
  0.30050066E+005  0.75973268E-002
  0.30070106E+005  0.66522121E-001
  0.30090159E+005  0.89689231E-002
  0.30110225E+005  0.19495990E+000
  0.30130304E+005  0.12908504E+000
  0.30150397E+005  0.24646049E+000
  0.30170503E+005  0.46987530E-002
  0.30190623E+005  0.10759529E+000
  0.30210756E+005  0.12599426E+000
  0.30230903E+005  0.46148589E-001
  0.30251063E+005  0.24153240E+000
  0.30271236E+005  0.49729502E-001
  0.30291423E+005  0.22626631E+000
  0.30311623E+005  0.15772674E+000
  0.30331837E+005  0.13245799E+000
  0.30352064E+005  0.15531411E+000
  0.30372305E+005  0.24462917E+000
  0.30392560E+005  0.18234438E+000
  0.30412827E+005  0.15162431E+000
  0.30433109E+005  0.16648772E+000
  0.30453403E+005  0.15698435E+000
  0.30473712E+005  0.16000855E+000
  0.30494034E+005  0.91056671E-001
  0.30514369E+005  0.15951688E-002
  0.30534718E+005  0.73351098E-001
  0.30555081E+005  0.23851320E+000
  0.30575457E+005  0.14737457E+000
  0.30595847E+005  0.16370655E+000
  0.30616250E+005  0.73662230E-001
  0.30636667E+005  0.97459381E-001
  0.30657098E+005  0.14436212E+000
  0.30677542E+005  0.16727551E+000
  0.30698000E+005  0.87155618E-001
  0.30718471E+005  0.12852761E+000
  0.30738956E+005  0.23716129E+000
  0.30759455E+005  0.14280238E+000
  0.30779967E+005  0.67430620E-002
  0.30800494E+005  0.14694033E+000
  0.30821033E+005  0.20551517E+000
  0.30841587E+005  0.23605258E-001
  0.30862154E+005  0.14075998E-002
  0.30882735E+005  0.14180407E+000
  0.30903330E+005  0.63244888E-001
  0.30923938E+005  0.13829343E+000
  0.30944560E+005  0.44247181E-001
  0.30965196E+005  0.88750022E-001
  0.30985846E+005  0.21643977E+000
  0.31006509E+005  0.20796537E+000
  0.31027186E+005  0.14548387E-001
  0.31047877E+005  0.99255487E-001
  0.31068582E+005  0.46026197E-001
  0.31089301E+005  0.72876039E-001
  0.31110033E+005  0.22685070E+000
  0.31130780E+005  0.61978907E-002
  0.31151540E+005  0.27404350E-001
  0.31172314E+005  0.21912897E+000
  0.31193101E+005  0.22031990E+000
  0.31213903E+005  0.15686377E+000
  0.31234718E+005  0.16968193E+000
  0.31255548E+005  0.11219615E+000
  0.31276391E+005  0.21990750E+000
  0.31297248E+005  0.20403096E+000
  0.31318119E+005  0.14360956E+000
  0.31339004E+005  0.11728097E+000
  0.31359903E+005  0.21842350E+000
  0.31380816E+005  0.19737752E+000
  0.31401743E+005  0.19999802E+000
  0.31422684E+005  0.11566953E+000
  0.31443639E+005  0.18929182E+000
  0.31464607E+005  0.51164071E-001
  0.31485590E+005  0.14050789E+000
  0.31506587E+005  0.75724514E-002
  0.31527597E+005  0.84503845E-001
  0.31548622E+005  0.15049011E+000
  0.31569661E+005  0.18731346E+000
  0.31590714E+005  0.96092819E-001
  0.31611780E+005  0.10418707E+000
  0.31632861E+005  0.70875642E-002
  0.31653956E+005  0.16302700E+000
  0.31675065E+005  0.65751928E-001
  0.31696188E+005  0.84263335E-001
  0.31717325E+005  0.17555355E+000
  0.31738477E+005  0.72595673E-001
  0.31759642E+005  0.20078294E+000
  0.31780821E+005  0.82361107E-001
  0.31802015E+005  0.14843880E+000
  0.31823223E+005  0.20145182E+000
  0.31844444E+005  0.19357095E+000
  0.31865680E+005  0.84581517E-001
  0.31886931E+005  0.30183319E-001
  0.31908195E+005  0.11669958E+000
  0.31929473E+005  0.21102736E-002
  0.31950766E+005  0.21150751E+000
  0.31972073E+005  0.15051952E+000
  0.31993394E+005  0.43082175E-001
  0.32014729E+005  0.17106796E+000
  0.32036079E+005  0.19908194E+000
  0.32057443E+005  0.18663262E+000
  0.32078821E+005  0.19237913E+000
  0.32100213E+005  0.11707329E+000
  0.32121620E+005  0.15687657E+000
  0.32143041E+005  0.10977107E+000
  0.32164476E+005  0.33248869E-001
  0.32185925E+005  0.15146627E+000
  0.32207389E+005  0.46672146E-001
  0.32228867E+005  0.17594581E+000
  0.32250359E+005  0.16404069E+000
  0.32271866E+005  0.95415514E-001
  0.32293387E+005  0.17920184E+000
  0.32314922E+005  0.10240165E+000
  0.32336472E+005  0.46070355E-001
  0.32358036E+005  0.16265149E+000
  0.32379615E+005  0.13549993E+000
  0.32401208E+005  0.42465610E-001
  0.32422815E+005  0.10235901E+000
  0.32444437E+005  0.93366019E-001
  0.32466073E+005  0.40378872E-001
  0.32487723E+005  0.25774605E-002
  0.32509388E+005  0.97188562E-001
  0.32531068E+005  0.85064379E-001
  0.32552761E+005  0.12944987E+000
  0.32574470E+005  0.16173821E+000
  0.32596193E+005  0.14410947E+000
  0.32617930E+005  0.49652117E-001
  0.32639682E+005  0.18869955E+000
  0.32661448E+005  0.12365674E+000
  0.32683229E+005  0.19545218E+000
  0.32705024E+005  0.43127452E-002
  0.32726834E+005  0.12967505E+000
  0.32748659E+005  0.80240163E-001
  0.32770498E+005  0.18277652E+000
  0.32792351E+005  0.14402835E+000
  0.32814219E+005  0.18682309E+000
  0.32836102E+005  0.11757489E+000
  0.32857999E+005  0.13141146E+000
  0.32879911E+005  0.19309063E+000
  0.32901838E+005  0.79197915E-001
  0.32923779E+005  0.18715370E+000
  0.32945735E+005  0.18360579E+000
  0.32967705E+005  0.18139125E+000
  0.32989690E+005  0.17797318E+000
  0.33011690E+005  0.16483251E+000
  0.33033704E+005  0.15126392E+000
  0.33055733E+005  0.18571820E+000
  0.33077777E+005  0.18292331E+000
  0.33099836E+005  0.33332378E-002
  0.33121909E+005  0.14995564E+000
  0.33143997E+005  0.12003675E+000
  0.33166099E+005  0.32462336E-002
  0.33188217E+005  0.32705260E-002
  0.33210349E+005  0.15376544E+000
  0.33232496E+005  0.33319041E-002
  0.33254657E+005  0.51795261E-001
  0.33276834E+005  0.93019202E-001
  0.33299025E+005  0.13797529E+000
  0.33321231E+005  0.65389603E-001
  0.33343452E+005  0.34420454E-002
  0.33365687E+005  0.91584104E-002
  0.33387938E+005  0.95042440E-001
  0.33410203E+005  0.38451849E-001
  0.33432483E+005  0.91265434E-001
  0.33454778E+005  0.35695530E-002
  0.33477088E+005  0.11831023E+000
  0.33499413E+005  0.28919149E-001
  0.33521753E+005  0.10102922E+000
  0.33544107E+005  0.24503450E-001
  0.33566477E+005  0.50973059E-002
  0.33588861E+005  0.32200439E-001
  0.33611260E+005  0.19362367E-001
  0.33633674E+005  0.82332719E-001
  0.33656104E+005  0.67874573E-001
  0.33678548E+005  0.11230790E+000
  0.33701007E+005  0.62670023E-001
  0.33723481E+005  0.10836955E+000
  0.33745970E+005  0.70928051E-001
  0.33768474E+005  0.16040699E+000
  0.33790993E+005  0.17938638E-001
  0.33813527E+005  0.66909162E-001
  0.33836076E+005  0.46055447E-002
  0.33858641E+005  0.17250306E-001
  0.33881220E+005  0.40575345E-001
  0.33903814E+005  0.10485830E+000
  0.33926423E+005  0.12936487E+000
  0.33949048E+005  0.97892980E-002
  0.33971687E+005  0.62004205E-001
  0.33994342E+005  0.62229395E-001
  0.34017011E+005  0.10262165E+000
  0.34039696E+005  0.77802137E-002
  0.34062396E+005  0.75569129E-001
  0.34085111E+005  0.97715221E-001
  0.34107842E+005  0.94250012E-001
  0.34130587E+005  0.10266669E+000
  0.34153347E+005  0.58785945E-001
  0.34176123E+005  0.11592905E+000
  0.34198914E+005  0.18776841E-001
  0.34221720E+005  0.71667294E-001
  0.34244542E+005  0.89464390E-001
  0.34267378E+005  0.12544816E+000
  0.34290230E+005  0.13336119E+000
  0.34313097E+005  0.11003087E+000
  0.34335979E+005  0.13828801E+000
  0.34358877E+005  0.69418491E-001
  0.34381789E+005  0.40779992E-001
  0.34404718E+005  0.48139430E-002
  0.34427661E+005  0.39773864E-001
  0.34450620E+005  0.23411207E-001
  0.34473594E+005  0.13342083E+000
  0.34496583E+005  0.51856160E-002
  0.34519587E+005  0.12680067E+000
  0.34542607E+005  0.33263844E-001
  0.34565643E+005  0.21673342E-001
  0.34588693E+005  0.11803376E+000
  0.34611759E+005  0.88099250E-001
  0.34634841E+005  0.46996142E-001
  0.34657938E+005  0.10983543E-001
  0.34681050E+005  0.12567930E+000
  0.34704178E+005  0.13722419E+000
  0.34727321E+005  0.47639896E-001
  0.34750479E+005  0.87289908E-001
  0.34773653E+005  0.58680411E-002
  0.34796842E+005  0.68088239E-001
  0.34820047E+005  0.11371081E+000
  0.34843268E+005  0.11144107E+000
  0.34866503E+005  0.84485898E-001
  0.34889755E+005  0.25589631E-001
  0.34913022E+005  0.60437800E-002
  0.34936304E+005  0.12449219E+000
  0.34959602E+005  0.10763684E+000
  0.34982915E+005  0.74350746E-001
  0.35006244E+005  0.26654121E-001
  0.35029589E+005  0.71387389E-002
  0.35052949E+005  0.13608170E+000
  0.35076324E+005  0.12657818E+000
  0.35099716E+005  0.11653898E+000
  0.35123122E+005  0.55659376E-001
  0.35146545E+005  0.88034388E-001
  0.35169983E+005  0.61984844E-001
  0.35193437E+005  0.63709770E-001
  0.35216906E+005  0.97587214E-001
  0.35240391E+005  0.11156993E+000
  0.35263892E+005  0.70550050E-001
  0.35287408E+005  0.11015582E+000
  0.35310940E+005  0.13123415E+000
  0.35334488E+005  0.10704435E+000
  0.35358051E+005  0.68897000E-001
  0.35381630E+005  0.14592768E+000
  0.35405225E+005  0.14933065E+000
  0.35428835E+005  0.11027755E+000
  0.35452462E+005  0.10403657E-001
  0.35476104E+005  0.70075422E-001
  0.35499762E+005  0.18971553E-001
  0.35523435E+005  0.13959207E+000
  0.35547125E+005  0.12454858E+000
  0.35570830E+005  0.14267201E+000
  0.35594551E+005  0.14956722E+000
  0.35618288E+005  0.15098128E+000
  0.35642040E+005  0.79762647E-001
  0.35665809E+005  0.13573838E+000
  0.35689593E+005  0.13596601E+000
  0.35713393E+005  0.13625635E+000
  0.35737209E+005  0.14867839E+000
  0.35761041E+005  0.14859244E+000
  0.35784889E+005  0.14824702E+000
  0.35808753E+005  0.89440434E-001
  0.35832633E+005  0.14676965E+000
  0.35856528E+005  0.29430717E-001
  0.35880440E+005  0.14099918E+000
  0.35904367E+005  0.12599782E+000
  0.35928311E+005  0.76995378E-001
  0.35952270E+005  0.67456310E-001
  0.35976245E+005  0.14021623E+000
  0.36000237E+005  0.77587727E-001
  0.36024244E+005  0.68653502E-001
  0.36048267E+005  0.10092967E+000
  0.36072307E+005  0.11462147E+000
  0.36096362E+005  0.13999375E+000
  0.36120434E+005  0.11133102E+000
  0.36144521E+005  0.13514447E+000
  0.36168625E+005  0.14184971E+000
  0.36192744E+005  0.11513237E+000
  0.36216880E+005  0.14012930E+000
  0.36241032E+005  0.97057710E-001
  0.36265200E+005  0.14195672E+000
  0.36289384E+005  0.11375668E+000
  0.36313584E+005  0.14121550E+000
  0.36337801E+005  0.93365384E-001
  0.36362033E+005  0.12282698E+000
  0.36386282E+005  0.13435290E+000
  0.36410546E+005  0.14028590E+000
  0.36434827E+005  0.86419508E-001
  0.36459125E+005  0.81639728E-001
  0.36483438E+005  0.85384389E-001
  0.36507768E+005  0.11120902E+000
  0.36532113E+005  0.60617272E-001
  0.36556475E+005  0.13852641E+000
  0.36580854E+005  0.92642979E-001
  0.36605248E+005  0.63845851E-001
  0.36629659E+005  0.13496674E+000
  0.36654086E+005  0.63016393E-001
  0.36678530E+005  0.72292679E-001
  0.36702989E+005  0.13667501E+000
  0.36727465E+005  0.12409504E+000
  0.36751958E+005  0.12484948E+000
  0.36776466E+005  0.13600861E+000
  0.36800991E+005  0.10997309E+000
  0.36825533E+005  0.13347714E+000
  0.36850090E+005  0.84283860E-001
  0.36874664E+005  0.13517652E+000
  0.36899255E+005  0.71683011E-001
  0.36923862E+005  0.12994708E+000
  0.36948485E+005  0.11127337E+000
  0.36973125E+005  0.56720835E-001
  0.36997781E+005  0.13416613E+000
  0.37022454E+005  0.12989734E+000
  0.37047143E+005  0.13347346E+000
  0.37071848E+005  0.93800934E-001
  0.37096570E+005  0.12807969E+000
  0.37121309E+005  0.61348090E-001
  0.37146064E+005  0.11086838E+000
  0.37170835E+005  0.13152333E+000
  0.37195623E+005  0.71519447E-001
  0.37220428E+005  0.12629735E+000
  0.37245249E+005  0.79449943E-001
  0.37270086E+005  0.12962692E+000
  0.37294940E+005  0.12995470E+000
  0.37319811E+005  0.13118314E+000
  0.37344698E+005  0.12944421E+000
  0.37369602E+005  0.13038347E+000
  0.37394523E+005  0.44780548E-001
  0.37419460E+005  0.12493165E+000
  0.37444414E+005  0.81352399E-001
  0.37469384E+005  0.62421652E-001
  0.37494371E+005  0.11206486E+000
  0.37519375E+005  0.11519350E+000
  0.37544396E+005  0.12784266E+000
  0.37569433E+005  0.12849924E+000
  0.37594486E+005  0.70738306E-001
  0.37619557E+005  0.12409183E+000
  0.37644644E+005  0.87967293E-001
  0.37669748E+005  0.86041300E-001
  0.37694869E+005  0.11474122E+000
  0.37720006E+005  0.48110753E-001
  0.37745161E+005  0.10326838E+000
  0.37770332E+005  0.11965712E+000
  0.37795519E+005  0.59497673E-001
  0.37820724E+005  0.85754925E-001
  0.37845945E+005  0.11692380E+000
  0.37871183E+005  0.95706238E-001
  0.37896439E+005  0.88981374E-001
  0.37921710E+005  0.97637503E-001
  0.37946999E+005  0.11001326E+000
  0.37972305E+005  0.74639296E-001
  0.37997627E+005  0.10083224E+000
  0.38022967E+005  0.12251204E+000
  0.38048323E+005  0.68456628E-001
  0.38073696E+005  0.82158138E-001
  0.38099086E+005  0.12360345E+000
  0.38124493E+005  0.12209778E+000
  0.38149917E+005  0.12209167E+000
  0.38175358E+005  0.12268026E+000
  0.38200816E+005  0.12253655E+000
  0.38226291E+005  0.11965214E+000
  0.38251782E+005  0.11120095E+000
  0.38277291E+005  0.11860515E+000
  0.38302817E+005  0.12207985E+000
  0.38328360E+005  0.12066966E+000
  0.38353920E+005  0.97068830E-001
  0.38379497E+005  0.11322705E+000
  0.38405091E+005  0.12088078E+000
  0.38430702E+005  0.92033364E-001
  0.38456330E+005  0.11436728E+000
  0.38481975E+005  0.75625888E-001
  0.38507638E+005  0.76109960E-001
  0.38533317E+005  0.11883523E+000
  0.38559014E+005  0.11457565E+000
  0.38584727E+005  0.94549915E-001
  0.38610458E+005  0.11726463E+000
  0.38636206E+005  0.10571457E+000
  0.38661972E+005  0.10098600E+000
  0.38687754E+005  0.79242231E-001
  0.38713554E+005  0.11824886E+000
  0.38739370E+005  0.11809211E+000
  0.38765204E+005  0.11538400E+000
  0.38791056E+005  0.11391573E+000
  0.38816924E+005  0.86409609E-001
  0.38842810E+005  0.11626821E+000
  0.38868713E+005  0.11647566E+000
  0.38894633E+005  0.11172143E+000
  0.38920570E+005  0.72008766E-001
  0.38946525E+005  0.76027248E-001
  0.38972497E+005  0.10841282E+000
  0.38998487E+005  0.82484350E-001
  0.39024494E+005  0.10064586E+000
  0.39050518E+005  0.10680669E+000
  0.39076559E+005  0.11428915E+000
  0.39102618E+005  0.11095486E+000
  0.39128694E+005  0.10881055E+000
  0.39154788E+005  0.11536801E+000
  0.39180899E+005  0.11375204E+000
  0.39207028E+005  0.11202749E+000
  0.39233173E+005  0.10402551E+000
  0.39259337E+005  0.79035892E-001
  0.39285517E+005  0.28014243E-001
  0.39311716E+005  0.11134468E+000
  0.39337931E+005  0.10203374E+000
  0.39364164E+005  0.10783448E+000
  0.39390415E+005  0.11183380E+000
  0.39416683E+005  0.10815279E+000
  0.39442969E+005  0.11076546E+000
  0.39469272E+005  0.11254959E+000
  0.39495593E+005  0.10913203E+000
  0.39521931E+005  0.10245094E+000
  0.39548287E+005  0.95794826E-001
  0.39574660E+005  0.11034909E+000
  0.39601051E+005  0.87427041E-001
  0.39627460E+005  0.91884358E-001
  0.39653886E+005  0.11142105E+000
  0.39680330E+005  0.89591236E-001
  0.39706792E+005  0.74135386E-001
  0.39733271E+005  0.90922878E-001
  0.39759768E+005  0.61435131E-001
  0.39786282E+005  0.11002737E+000
  0.39812814E+005  0.10770022E+000
  0.39839364E+005  0.98203854E-001
  0.39865932E+005  0.77589627E-001
  0.39892517E+005  0.10574618E+000
  0.39919120E+005  0.10468647E+000
  0.39945741E+005  0.10976967E+000
  0.39972379E+005  0.10837560E+000
  0.39999035E+005  0.74404442E-001
  0.40025709E+005  0.10327713E+000
  0.40052401E+005  0.10698464E+000
  0.40079111E+005  0.97776206E-001
  0.40105838E+005  0.10004453E+000
  0.40132583E+005  0.10817662E+000
  0.40159347E+005  0.98207979E-001
  0.40186127E+005  0.10706903E+000
  0.40212926E+005  0.10111676E+000
  0.40239743E+005  0.10794784E+000
  0.40266577E+005  0.92733751E-001
  0.40293430E+005  0.81296494E-001
  0.40320300E+005  0.10406935E+000
  0.40347189E+005  0.10202329E+000
  0.40374095E+005  0.10426930E+000
  0.40401019E+005  0.10643487E+000
  0.40427961E+005  0.65146638E-001
  0.40454921E+005  0.10658371E+000
  0.40481899E+005  0.10579260E+000
  0.40508895E+005  0.10432999E+000
  0.40535909E+005  0.10593931E+000
  0.40562941E+005  0.10424012E+000
  0.40589991E+005  0.96376645E-001
  0.40617059E+005  0.98994810E-001
  0.40644146E+005  0.10562994E+000
  0.40671250E+005  0.10509062E+000
  0.40698372E+005  0.94427466E-001
  0.40725512E+005  0.10139580E+000
  0.40752671E+005  0.74045790E-001
  0.40779848E+005  0.98628008E-001
  0.40807042E+005  0.79838820E-001
  0.40834255E+005  0.10514527E+000
  0.40861486E+005  0.10489705E+000
  0.40888735E+005  0.10021298E+000
  0.40916003E+005  0.91377333E-001
  0.40943288E+005  0.10462787E+000
  0.40970592E+005  0.90685527E-001
  0.40997914E+005  0.10457098E+000
  0.41025254E+005  0.10363755E+000
  0.41052612E+005  0.10425555E+000
  0.41079989E+005  0.10002859E+000
  0.41107384E+005  0.10340551E+000
  0.41134797E+005  0.59202743E-001
  0.41162228E+005  0.10373709E+000
  0.41189678E+005  0.99689639E-001
  0.41217146E+005  0.96847704E-001
  0.41244632E+005  0.10406290E+000
  0.41272137E+005  0.10154977E+000
  0.41299660E+005  0.10071874E+000
  0.41327202E+005  0.88245035E-001
  0.41354761E+005  0.10231396E+000
  0.41382339E+005  0.88792495E-001
  0.41409936E+005  0.10097179E+000
  0.41437551E+005  0.99495387E-001
  0.41465184E+005  0.94531341E-001
  0.41492836E+005  0.87276235E-001
  0.41520506E+005  0.91085152E-001
  0.41548195E+005  0.75832219E-001
  0.41575902E+005  0.99388599E-001
  0.41603627E+005  0.96948837E-001
  0.41631371E+005  0.94628585E-001
  0.41659134E+005  0.97619973E-001
  0.41686915E+005  0.11090690E+000
  0.41714715E+005  0.97909072E-001
  0.41742533E+005  0.93701196E-001
  0.41770370E+005  0.95627943E-001
  0.41798225E+005  0.99393234E-001
  0.41826099E+005  0.98137041E-001
  0.41853991E+005  0.10050260E+000
  0.41881902E+005  0.95191716E-001
  0.41909832E+005  0.10002921E+000
  0.41937780E+005  0.93613499E-001
  0.41965747E+005  0.64865873E-001
  0.41993733E+005  0.10050041E+000
  0.42021737E+005  0.90971970E-001
  0.42049760E+005  0.10015502E+000
  0.42077801E+005  0.80437182E-001
  0.42105862E+005  0.50552295E-001
  0.42133941E+005  0.97871032E-001
  0.42162038E+005  0.87413371E-001
  0.42190155E+005  0.79969675E-001
  0.42218290E+005  0.99386737E-001
  0.42246444E+005  0.95141327E-001
  0.42274617E+005  0.10204197E+000
  0.42302808E+005  0.98841521E-001
  0.42331019E+005  0.91243600E-001
  0.42359248E+005  0.98548571E-001
  0.42387496E+005  0.99679769E-001
  0.42415762E+005  0.10563284E+000
  0.42444048E+005  0.99354973E-001
  0.42472353E+005  0.99053353E-001
  0.42500676E+005  0.18937849E+000
  0.42529018E+005  0.95928359E-001
  0.42557379E+005  0.90978472E-001
  0.42585760E+005  0.97230691E-001
  0.42614159E+005  0.93197486E-001
  0.42642577E+005  0.11746265E+000
  0.42671013E+005  0.81509004E-001
  0.42699469E+005  0.97502731E-001
  0.42727944E+005  0.79385361E-001
  0.42756438E+005  0.94988857E-001
  0.42784951E+005  0.16913905E+000
  0.42813483E+005  0.93177089E-001
  0.42842034E+005  0.90985525E-001
  0.42870604E+005  0.95776921E-001
  0.42899193E+005  0.85237826E-001
  0.42927801E+005  0.94623730E-001
  0.42956428E+005  0.95867832E-001
  0.42985074E+005  0.86257918E-001
  0.43013739E+005  0.10385861E+000
  0.43042424E+005  0.35868776E+000
  0.43071127E+005  0.94727118E-001
  0.43099850E+005  0.92625191E-001
  0.43128592E+005  0.95162392E-001
  0.43157353E+005  0.84007944E-001
  0.43186133E+005  0.90424252E-001
  0.43214932E+005  0.16275010E+000
  0.43243751E+005  0.95862825E-001
  0.43272589E+005  0.94114941E-001
  0.43301446E+005  0.26133210E+000
  0.43330322E+005  0.96645861E-001
  0.43359218E+005  0.15691226E+000
  0.43388133E+005  0.11373858E+000
  0.43417067E+005  0.10582148E+000
  0.43446020E+005  0.10331965E+000
  0.43474993E+005  0.10150352E+000
  0.43503985E+005  0.90557058E-001
  0.43532996E+005  0.34647094E+000
  0.43562027E+005  0.92878436E-001
  0.43591077E+005  0.90691714E-001
  0.43620146E+005  0.17320750E+000
  0.43649235E+005  0.96371644E-001
  0.43678343E+005  0.91554420E-001
  0.43707471E+005  0.17839375E+000
  0.43736618E+005  0.88418225E-001
  0.43765785E+005  0.94145838E-001
  0.43794970E+005  0.11166811E+000
  0.43824176E+005  0.84553552E-001
  0.43853401E+005  0.12004036E+000
  0.43882645E+005  0.96338281E-001
  0.43911909E+005  0.79639950E-001
  0.43941192E+005  0.10575199E+000
  0.43970495E+005  0.89185813E-001
  0.43999818E+005  0.11816331E+000
  0.44029160E+005  0.16526132E+000
  0.44058521E+005  0.20717848E+000
  0.44087903E+005  0.22550042E+000
  0.44117303E+005  0.30993191E+000
  0.44146724E+005  0.87091035E-001
  0.44176164E+005  0.88475415E-001
  0.44205623E+005  0.32277753E+000
  0.44235103E+005  0.91763403E-001
  0.44264601E+005  0.91689863E-001
  0.44294120E+005  0.95555429E-001
  0.44323658E+005  0.85460533E-001
  0.44353216E+005  0.87305555E-001
  0.44382794E+005  0.28351276E+000
  0.44412391E+005  0.34528303E+000
  0.44442009E+005  0.78854555E-001
  0.44471645E+005  0.93707089E-001
  0.44501302E+005  0.94627205E-001
  0.44530979E+005  0.11073835E+000
  0.44560675E+005  0.93445317E-001
  0.44590391E+005  0.86303439E-001
  0.44620127E+005  0.89050404E-001
  0.44649882E+005  0.13124047E+000
  0.44679658E+005  0.92274709E-001
  0.44709453E+005  0.92635514E-001
  0.44739268E+005  0.88153535E-001
  0.44769104E+005  0.92452315E-001
  0.44798959E+005  0.93103639E-001
  0.44828834E+005  0.89752724E-001
  0.44858728E+005  0.11659759E+000
  0.44888643E+005  0.90527536E-001
  0.44918578E+005  0.86735348E-001
  0.44948533E+005  0.92349403E-001
  0.44978507E+005  0.87049100E-001
  0.45008502E+005  0.82174254E-001
  0.45038517E+005  0.87733583E-001
  0.45068551E+005  0.82402783E-001
  0.45098606E+005  0.86281210E-001
  0.45128681E+005  0.76930922E-001
  0.45158776E+005  0.75617569E-001
  0.45188890E+005  0.43158774E+000
  0.45219025E+005  0.96987406E-001
  0.45249181E+005  0.86733853E-001
  0.45279356E+005  0.87890564E-001
  0.45309551E+005  0.94987852E-001
  0.45339766E+005  0.79719299E-001
  0.45370002E+005  0.91325178E-001
  0.45400258E+005  0.13241009E+000
  0.45430534E+005  0.89090826E-001
  0.45460830E+005  0.13837224E+000
  0.45491146E+005  0.20837634E+000
  0.45521483E+005  0.61721541E-001
  0.45551839E+005  0.85369149E-001
  0.45582216E+005  0.10146527E+000
  0.45612614E+005  0.15636444E+000
  0.45643031E+005  0.90515922E-001
  0.45673469E+005  0.80066982E-001
  0.45703927E+005  0.91278113E-001
  0.45734406E+005  0.93728033E-001
  0.45764904E+005  0.90007702E-001
  0.45795423E+005  0.93302366E-001
  0.45825963E+005  0.87393781E-001
  0.45856523E+005  0.11037160E+000
  0.45887103E+005  0.10736217E+000
  0.45917703E+005  0.93607750E-001
  0.45948324E+005  0.65532287E-001
  0.45978966E+005  0.71156802E-001
  0.46009628E+005  0.93061481E-001
  0.46040310E+005  0.91653338E-001
  0.46071013E+005  0.93420400E-001
  0.46101736E+005  0.94351856E-001
  0.46132480E+005  0.88532962E-001
  0.46163244E+005  0.93515817E-001
  0.46194029E+005  0.95623062E-001
  0.46224834E+005  0.16792034E+000
  0.46255660E+005  0.24299964E+000
  0.46286506E+005  0.86738508E-001
  0.46317373E+005  0.87809065E-001
  0.46348260E+005  0.92696957E-001
  0.46379169E+005  0.92336628E-001
  0.46410097E+005  0.69470805E-001
  0.46441047E+005  0.91506552E-001
  0.46472017E+005  0.11872062E+000
  0.46503007E+005  0.93810016E-001
  0.46534019E+005  0.69991775E-001
  0.46565051E+005  0.78472818E-001
  0.46596103E+005  0.95557882E-001
  0.46627177E+005  0.94473196E-001
  0.46658271E+005  0.94340425E-001
  0.46689386E+005  0.95746773E-001
  0.46720521E+005  0.90769043E-001
  0.46751678E+005  0.26253280E+000
  0.46782855E+005  0.92923154E-001
  0.46814053E+005  0.82634439E-001
  0.46845271E+005  0.91364496E-001
  0.46876511E+005  0.91954203E-001
  0.46907771E+005  0.94449596E-001
  0.46939052E+005  0.83983621E-001
  0.46970355E+005  0.84996003E-001
  0.47001678E+005  0.90805837E-001
  0.47033021E+005  0.95316202E-001
  0.47064386E+005  0.90024294E-001
  0.47095772E+005  0.91662897E-001
  0.47127178E+005  0.93799385E-001
  0.47158606E+005  0.87693238E-001
  0.47190054E+005  0.95298924E-001
  0.47221524E+005  0.88104877E-001
  0.47253014E+005  0.90380952E-001
  0.47284526E+005  0.96912672E-001
  0.47316058E+005  0.23312472E+000
  0.47347612E+005  0.86662955E-001
  0.47379186E+005  0.91504332E-001
  0.47410782E+005  0.96581647E-001
  0.47442399E+005  0.92167847E-001
  0.47474036E+005  0.79002390E-001
  0.47505695E+005  0.93049627E-001
  0.47537375E+005  0.90309447E-001
  0.47569076E+005  0.92308065E-001
  0.47600799E+005  0.95311348E-001
  0.47632542E+005  0.91077506E-001
  0.47664307E+005  0.95574940E-001
  0.47696092E+005  0.74490006E-001
  0.47727899E+005  0.93742623E-001
  0.47759727E+005  0.92057100E-001
  0.47791577E+005  0.78988381E-001
  0.47823447E+005  0.94345355E-001
  0.47855339E+005  0.97985115E-001
  0.47887252E+005  0.92809870E-001
  0.47919187E+005  0.98043234E-001
  0.47951142E+005  0.93844360E-001
  0.47983119E+005  0.96062571E-001
  0.48015118E+005  0.94574101E-001
  0.48047137E+005  0.81381765E-001
  0.48079179E+005  0.89376398E-001
  0.48111241E+005  0.88372016E-001
  0.48143325E+005  0.87427959E-001
  0.48175430E+005  0.75355146E-001
  0.48207556E+005  0.97819361E-001
  0.48239704E+005  0.98844953E-001
  0.48271874E+005  0.78252788E-001
  0.48304065E+005  0.92626637E-001
  0.48336277E+005  0.98009563E-001
  0.48368511E+005  0.93251377E-001
  0.48400766E+005  0.98404766E-001
  0.48433043E+005  0.95229519E-001
  0.48465342E+005  0.97373529E-001
  0.48497662E+005  0.98639221E-001
  0.48530003E+005  0.96078511E-001
  0.48562366E+005  0.80400353E-001
  0.48594751E+005  0.87172339E-001
  0.48627157E+005  0.98127836E-001
  0.48659585E+005  0.99617675E-001
  0.48692034E+005  0.98906853E-001
  0.48724505E+005  0.78823317E-001
  0.48756998E+005  0.89808312E-001
  0.48789513E+005  0.99447649E-001
  0.48822049E+005  0.93740672E-001
  0.48854606E+005  0.97820865E-001
  0.48887186E+005  0.11307536E+000
  0.48919787E+005  0.10033563E+000
  0.48952410E+005  0.94682966E-001
  0.48985055E+005  0.99787605E-001
  0.49017721E+005  0.99348971E-001
  0.49050410E+005  0.99924311E-001
  0.49083120E+005  0.89829524E-001
  0.49115852E+005  0.93640581E-001
  0.49148605E+005  0.10116368E+000
  0.49181381E+005  0.97407466E-001
  0.49214178E+005  0.81197317E-001
  0.49246998E+005  0.91030775E-001
  0.49279839E+005  0.95122667E-001
  0.49312702E+005  0.99629957E-001
  0.49345587E+005  0.90234853E-001
  0.49378494E+005  0.92418062E-001
  0.49411423E+005  0.17950525E+000
  0.49444374E+005  0.91158230E-001
  0.49477346E+005  0.10291197E+000
  0.49510341E+005  0.10151794E+000
  0.49543358E+005  0.97627045E-001
  0.49576397E+005  0.89013424E-001
  0.49609458E+005  0.82981684E-001
  0.49642541E+005  0.10018766E+000
  0.49675645E+005  0.95207693E-001
  0.49708772E+005  0.97951489E-001
  0.49741922E+005  0.97995800E-001
  0.49775093E+005  0.10301829E+000
  0.49808286E+005  0.87294421E-001
  0.49841502E+005  0.95717544E-001
  0.49874739E+005  0.95974714E-001
  0.49907999E+005  0.88078545E-001
  0.49941281E+005  0.86152953E-001
  0.49974585E+005  0.94053702E-001
  0.50007912E+005  0.44055273E+000
  0.50041260E+005  0.30356980E+000
  0.50074631E+005  0.20682769E+000
  0.50108024E+005  0.18809151E+000
  0.50141440E+005  0.89211406E-001
  0.50174877E+005  0.10049564E+000
  0.50208337E+005  0.91801451E-001
  0.50241820E+005  0.31058361E+000
  0.50275324E+005  0.12988288E+000
  0.50308851E+005  0.51489026E+000
  0.50342400E+005  0.50277945E+000
  0.50375972E+005  0.54538791E+000
  0.50409566E+005  0.10594965E+000
  0.50443183E+005  0.42961289E+000
  0.50476821E+005  0.10512877E+000
  0.50510483E+005  0.87582585E-001
  0.50544166E+005  0.91575526E-001
  0.50577873E+005  0.11761994E+000
  0.50611601E+005  0.10580052E+000
  0.50645353E+005  0.99662875E-001
  0.50679126E+005  0.10325376E+000
  0.50712923E+005  0.94199030E-001
  0.50746741E+005  0.15672630E+000
  0.50780583E+005  0.10244176E+000
  0.50814446E+005  0.89455375E-001
  0.50848333E+005  0.39090207E+000
  0.50882242E+005  0.10300200E+000
  0.50916174E+005  0.86495241E-001
  0.50950128E+005  0.87673160E-001
  0.50984105E+005  0.29735531E+000
  0.51018105E+005  0.18987975E+000
  0.51052127E+005  0.15043529E+000
  0.51086172E+005  0.20608335E+000
  0.51120239E+005  0.12505490E+000
  0.51154330E+005  0.11268740E+000
  0.51188443E+005  0.94940184E-001
  0.51222579E+005  0.88135491E-001
  0.51256737E+005  0.89476249E-001
  0.51290919E+005  0.93361777E-001
  0.51325123E+005  0.10685252E+000
  0.51359350E+005  0.98126926E-001
  0.51393600E+005  0.10984673E+000
  0.51427873E+005  0.95051095E-001
  0.51462168E+005  0.10529889E+000
  0.51496487E+005  0.99486347E-001
  0.51530828E+005  0.95231151E-001
  0.51565192E+005  0.10599328E+000
  0.51599579E+005  0.10356862E+000
  0.51633989E+005  0.11011911E+000
  0.51668422E+005  0.13122418E+000
  0.51702878E+005  0.89915976E-001
  0.51737357E+005  0.10846408E+000
  0.51771859E+005  0.13012066E+000
  0.51806384E+005  0.15165507E+000
  0.51840932E+005  0.11074546E+000
  0.51875503E+005  0.11207523E+000
  0.51910097E+005  0.99636873E-001
  0.51944714E+005  0.10863218E+000
  0.51979354E+005  0.86356532E-001
  0.52014017E+005  0.10430786E+000
  0.52048704E+005  0.95039405E-001
  0.52083413E+005  0.12001134E+000
  0.52118146E+005  0.10571987E+000
  0.52152902E+005  0.10427696E+000
  0.52187681E+005  0.10162240E+000
  0.52222483E+005  0.90699823E-001
  0.52257309E+005  0.89285062E-001
  0.52292157E+005  0.88392371E-001
  0.52327029E+005  0.89438610E-001
  0.52361924E+005  0.93764152E-001
  0.52396843E+005  0.13763636E+000
  0.52431785E+005  0.11335369E+000
  0.52466750E+005  0.15119932E+000
  0.52501738E+005  0.11025142E+000
  0.52536750E+005  0.89317237E-001
  0.52571785E+005  0.20650787E+000
  0.52606843E+005  0.11028846E+000
  0.52641925E+005  0.10427925E+000
  0.52677030E+005  0.10356307E+000
  0.52712158E+005  0.99964204E-001
  0.52747310E+005  0.11205844E+000
  0.52782486E+005  0.10593592E+000
  0.52817685E+005  0.21601787E+000
  0.52852907E+005  0.11651360E+000
  0.52888153E+005  0.97826429E-001
  0.52923422E+005  0.12183598E+000
  0.52958715E+005  0.11577496E+000
  0.52994031E+005  0.11750947E+000
  0.53029371E+005  0.11696248E+000
  0.53064735E+005  0.21541694E+000
  0.53100122E+005  0.13560260E+000
  0.53135533E+005  0.39628391E+000
  0.53170967E+005  0.25712105E+000
  0.53206425E+005  0.11765143E+000
  0.53241907E+005  0.11573649E+000
  0.53277412E+005  0.47212102E+000
  0.53312941E+005  0.96338202E-001
  0.53348493E+005  0.10827667E+000
  0.53384070E+005  0.11856306E+000
  0.53419670E+005  0.11980740E+000
  0.53455294E+005  0.11945042E+000
  0.53490941E+005  0.12103921E+000
  0.53526612E+005  0.12062341E+000
  0.53562308E+005  0.11732686E+000
  0.53598027E+005  0.11306471E+000
  0.53633769E+005  0.11558670E+000
  0.53669536E+005  0.12047027E+000
  0.53705326E+005  0.94474234E-001
  0.53741141E+005  0.10184096E+000
  0.53776979E+005  0.11708894E+000
  0.53812841E+005  0.36996379E+000
  0.53848727E+005  0.10491032E+000
  0.53884637E+005  0.11972742E+000
  0.53920571E+005  0.97492411E-001
  0.53956528E+005  0.13445499E+000
  0.53992510E+005  0.87922361E-001
  0.54028516E+005  0.98365581E-001
  0.54064546E+005  0.12365760E+000
  0.54100600E+005  0.11005417E+000
  0.54136678E+005  0.14507952E+000
  0.54172780E+005  0.12522430E+000
  0.54208906E+005  0.11065244E+000
  0.54245056E+005  0.14082370E+000
  0.54281230E+005  0.12391154E+000
  0.54317428E+005  0.96891271E-001
  0.54353651E+005  0.12304876E+000
  0.54389897E+005  0.11621934E+000
  0.54426168E+005  0.14304412E+000
  0.54462463E+005  0.12722506E+000
  0.54498782E+005  0.12572429E+000
  0.54535126E+005  0.99083737E-001
  0.54571493E+005  0.10335658E+000
  0.54607885E+005  0.98482259E-001
  0.54644302E+005  0.11075696E+000
  0.54680742E+005  0.11808258E+000
  0.54717207E+005  0.48353278E+000
  0.54753696E+005  0.10071758E+000
  0.54790209E+005  0.12802991E+000
  0.54826747E+005  0.10189789E+000
  0.54863309E+005  0.12914475E+000
  0.54899896E+005  0.11038578E+000
  0.54936507E+005  0.22593239E+000
  0.54973142E+005  0.14443987E+000
  0.55009802E+005  0.11447011E+000
  0.55046486E+005  0.10033228E+000
  0.55083195E+005  0.12922747E+000
  0.55119928E+005  0.18696016E+000
  0.55156685E+005  0.10826675E+000
  0.55193468E+005  0.12608141E+000
  0.55230274E+005  0.12252628E+000
  0.55267105E+005  0.93552485E-001
  0.55303961E+005  0.10595519E+000
  0.55340842E+005  0.10989450E+000
  0.55377747E+005  0.13273577E+000
  0.55414676E+005  0.12625333E+000
  0.55451630E+005  0.15659785E+000
  0.55488609E+005  0.15209399E+000
  0.55525613E+005  0.12127618E+000
  0.55562641E+005  0.12761830E+000
  0.55599694E+005  0.10303336E+000
  0.55636771E+005  0.14511647E+000
  0.55673874E+005  0.15881535E+000
  0.55711001E+005  0.11992313E+000
  0.55748153E+005  0.10335995E+000
  0.55785329E+005  0.10431892E+000
  0.55822530E+005  0.13492648E+000
  0.55859757E+005  0.22746391E+000
  0.55897008E+005  0.23343645E+000
  0.55934284E+005  0.12971957E+000
  0.55971584E+005  0.13310388E+000
  0.56008910E+005  0.11916674E+000
  0.56046260E+005  0.13716087E+000
  0.56083636E+005  0.11940077E+000
  0.56121036E+005  0.13478826E+000
  0.56158461E+005  0.16511650E+000
  0.56195911E+005  0.10624734E+000
  0.56233387E+005  0.11809535E+000
  0.56270887E+005  0.10670885E+000
  0.56308412E+005  0.12292625E+000
  0.56345962E+005  0.12803052E+000
  0.56383537E+005  0.13703910E+000
  0.56421138E+005  0.10805509E+000
  0.56458763E+005  0.14350844E+000
  0.56496414E+005  0.10629368E+000
  0.56534089E+005  0.11566357E+000
  0.56571790E+005  0.10799628E+000
  0.56609516E+005  0.12401003E+000
  0.56647267E+005  0.14081266E+000
  0.56685043E+005  0.14197235E+000
  0.56722844E+005  0.13088457E+000
  0.56760671E+005  0.16877935E+000
  0.56798523E+005  0.16404839E+000
  0.56836400E+005  0.13533415E+000
  0.56874302E+005  0.14326796E+000
  0.56912230E+005  0.17438150E+000
  0.56950182E+005  0.14535464E+000
  0.56988161E+005  0.13081495E+000
  0.57026164E+005  0.14424296E+000
  0.57064193E+005  0.14223364E+000
  0.57102247E+005  0.10805601E+000
  0.57140327E+005  0.16714542E+000
  0.57178432E+005  0.11041143E+000
  0.57216562E+005  0.17918060E+000
  0.57254718E+005  0.15788896E+000
  0.57292899E+005  0.11031074E+000
  0.57331106E+005  0.11744712E+000
  0.57369338E+005  0.18123770E+000
  0.57407596E+005  0.14334659E+000
  0.57445879E+005  0.15048559E+000
  0.57484188E+005  0.14083548E+000
  0.57522522E+005  0.13010446E+000
  0.57560882E+005  0.14781424E+000
  0.57599267E+005  0.15374747E+000
  0.57637678E+005  0.13205642E+000
  0.57676115E+005  0.14408127E+000
  0.57714577E+005  0.15467519E+000
  0.57753065E+005  0.17280456E+000
  0.57791579E+005  0.18695169E+000
  0.57830118E+005  0.15628303E+000
  0.57868683E+005  0.15147294E+000
  0.57907274E+005  0.14663252E+000
  0.57945890E+005  0.13540439E+000
  0.57984532E+005  0.18971137E+000
  0.58023200E+005  0.18299263E+000
  0.58061894E+005  0.12878173E+000
  0.58100614E+005  0.18337933E+000
  0.58139359E+005  0.14772327E+000
  0.58178130E+005  0.19221953E+000
  0.58216927E+005  0.14449385E+000
  0.58255750E+005  0.15211280E+000
  0.58294599E+005  0.19381511E+000
  0.58333474E+005  0.15499940E+000
  0.58372374E+005  0.15603890E+000
  0.58411301E+005  0.19609860E+000
  0.58450254E+005  0.15115968E+000
  0.58489232E+005  0.15243555E+000
  0.58528237E+005  0.13536201E+000
  0.58567267E+005  0.13578587E+000
  0.58606324E+005  0.18451328E+000
  0.58645406E+005  0.27085195E+000
  0.58684515E+005  0.14246843E+000
  0.58723650E+005  0.15229091E+000
  0.58762811E+005  0.11829576E+000
  0.58801998E+005  0.15842441E+000
  0.58841211E+005  0.11719239E+000
  0.58880450E+005  0.16641389E+000
  0.58919715E+005  0.14398120E+000
  0.58959007E+005  0.14316568E+000
  0.58998325E+005  0.26017013E+000
  0.59037669E+005  0.15879472E+000
  0.59077039E+005  0.19683817E+000
  0.59116436E+005  0.15595622E+000
  0.59155858E+005  0.15185884E+000
  0.59195307E+005  0.11400546E+000
  0.59234783E+005  0.14128384E+000
  0.59274284E+005  0.16061733E+000
  0.59313812E+005  0.32860132E+000
  0.59353367E+005  0.15165323E+000
  0.59392948E+005  0.16195786E+000
  0.59432555E+005  0.16092471E+000
  0.59472188E+005  0.15903324E+000
  0.59511848E+005  0.20785320E+000
  0.59551535E+005  0.16227299E+000
  0.59591248E+005  0.15981607E+000
  0.59630987E+005  0.14792882E+000
  0.59670753E+005  0.16505245E+000
  0.59710546E+005  0.15183456E+000
  0.59750365E+005  0.18481910E+000
  0.59790210E+005  0.21531085E+000
  0.59830082E+005  0.16042682E+000
  0.59869981E+005  0.20414822E+000
  0.59909906E+005  0.21618615E+000
  0.59949858E+005  0.16490437E+000
  0.59989837E+005  0.17283341E+000
  0.60029842E+005  0.21716031E+000
  0.60069874E+005  0.16213729E+000
  0.60109932E+005  0.12602829E+000
  0.60150018E+005  0.14393657E+000
  0.60190130E+005  0.22061218E+000
  0.60230269E+005  0.18934716E+000
  0.60270434E+005  0.17762984E+000
  0.60310627E+005  0.22219875E+000
  0.60350846E+005  0.16735995E+000
  0.60391092E+005  0.14285489E+000
  0.60431364E+005  0.21894337E+000
  0.60471664E+005  0.16886416E+000
  0.60511991E+005  0.19792931E+000
  0.60552344E+005  0.22545307E+000
  0.60592724E+005  0.15271693E+000
  0.60633132E+005  0.13753066E+000
  0.60673566E+005  0.22741087E+000
  0.60714027E+005  0.16847088E+000
  0.60754515E+005  0.22803925E+000
  0.60795030E+005  0.15943287E+000
  0.60835573E+005  0.17233644E+000
  0.60876142E+005  0.13963006E+000
  0.60916738E+005  0.14632739E+000
  0.60957361E+005  0.22387993E+000
  0.60998012E+005  0.19030956E+000
  0.61038689E+005  0.23289479E+000
  0.61079394E+005  0.22167500E+000
  0.61120126E+005  0.17686520E+000
  0.61160885E+005  0.23376875E+000
  0.61201671E+005  0.13104693E+000
  0.61242484E+005  0.17215489E+000
  0.61283325E+005  0.23617424E+000
  0.61324193E+005  0.17326839E+000
  0.61365088E+005  0.16135919E+000
  0.61406010E+005  0.20588029E+000
  0.61446960E+005  0.16515866E+000
  0.61487937E+005  0.23840694E+000
  0.61528941E+005  0.16870434E+000
  0.61569973E+005  0.12490896E+000
  0.61611032E+005  0.21435940E+000
  0.61652118E+005  0.21159563E+000
  0.61693232E+005  0.15648992E+000
  0.61734373E+005  0.24188096E+000
  0.61775541E+005  0.13171526E+000
  0.61816737E+005  0.17830563E+000
  0.61857961E+005  0.18803681E+000
  0.61899212E+005  0.15987261E+000
  0.61940491E+005  0.18334798E+000
  0.61981797E+005  0.18213438E+000
  0.62023130E+005  0.24598095E+000
  0.62064491E+005  0.19914849E+000
  0.62105880E+005  0.24722619E+000
  0.62147296E+005  0.24784734E+000
  0.62188740E+005  0.23995309E+000
  0.62230212E+005  0.19630299E+000
  0.62271711E+005  0.13512170E+000
  0.62313238E+005  0.19017414E+000
  0.62354793E+005  0.20507445E+000
  0.62396375E+005  0.25180242E+000
  0.62437985E+005  0.25196030E+000
  0.62479623E+005  0.13577980E+000
  0.62521289E+005  0.20088057E+000
  0.62562982E+005  0.14002478E+000
  0.62604703E+005  0.18976860E+000
  0.62646452E+005  0.19766649E+000
  0.62688229E+005  0.18572259E+000
  0.62730034E+005  0.17666947E+000
  0.62771866E+005  0.21813178E+000
  0.62813727E+005  0.22326885E+000
  0.62855615E+005  0.18101940E+000
  0.62897531E+005  0.17438000E+000
  0.62939476E+005  0.22159600E+000
  0.62981448E+005  0.25991361E+000
  0.63023448E+005  0.18036725E+000
  0.63065476E+005  0.18741244E+000
  0.63107533E+005  0.18761931E+000
  0.63149617E+005  0.14923391E+000
  0.63191729E+005  0.26339541E+000
  0.63233870E+005  0.19024129E+000
  0.63276038E+005  0.18246806E+000
  0.63318235E+005  0.17667096E+000
  0.63360460E+005  0.14717401E+000
  0.63402713E+005  0.23996592E+000
  0.63444994E+005  0.25613333E+000
  0.63487303E+005  0.17959609E+000
  0.63529641E+005  0.20138213E+000
  0.63572007E+005  0.26798545E+000
  0.63614401E+005  0.19326318E+000
  0.63656823E+005  0.23336704E+000
  0.63699274E+005  0.21108271E+000
  0.63741753E+005  0.20872522E+000
  0.63784260E+005  0.17921488E+000
  0.63826795E+005  0.16749226E+000
  0.63869359E+005  0.19782486E+000
  0.63911952E+005  0.18628719E+000
  0.63954573E+005  0.17668436E+000
  0.63997222E+005  0.19144631E+000
  0.64039899E+005  0.22622195E+000
  0.64082605E+005  0.18870445E+000
  0.64125340E+005  0.24069514E+000
  0.64168103E+005  0.25187035E+000
  0.64210895E+005  0.21952851E+000
  0.64253715E+005  0.14934075E+000
  0.64296563E+005  0.27007811E+000
  0.64339441E+005  0.19454884E+000
  0.64382346E+005  0.18149724E+000
  0.64425281E+005  0.28002228E+000
  0.64468244E+005  0.25313368E+000
  0.64511236E+005  0.19004467E+000
  0.64554256E+005  0.23579889E+000
  0.64597305E+005  0.26705083E+000
  0.64640383E+005  0.28381658E+000
  0.64683489E+005  0.28395394E+000
  0.64726625E+005  0.19645163E+000
  0.64769789E+005  0.27824484E+000
  0.64812982E+005  0.23782481E+000
  0.64856203E+005  0.24580405E+000
  0.64899454E+005  0.23468023E+000
  0.64942733E+005  0.27005562E+000
  0.64986041E+005  0.21071715E+000
  0.65029378E+005  0.28757927E+000
  0.65072744E+005  0.24816989E+000
  0.65116139E+005  0.26951899E+000
  0.65159563E+005  0.24885144E+000
  0.65203015E+005  0.21572259E+000
  0.65246497E+005  0.29177297E+000
  0.65290008E+005  0.29221814E+000
  0.65333548E+005  0.29287302E+000
  0.65377116E+005  0.19640371E+000
  0.65420714E+005  0.29405581E+000
  0.65464341E+005  0.21659898E+000
  0.65507997E+005  0.24847359E+000
  0.65551682E+005  0.29589648E+000
  0.65595396E+005  0.22760810E+000
  0.65639140E+005  0.21633193E+000
  0.65682912E+005  0.29775282E+000
  0.65726714E+005  0.20930277E+000
  0.65770545E+005  0.28974515E+000
  0.65814405E+005  0.20140661E+000
  0.65858295E+005  0.21462870E+000
  0.65902213E+005  0.20893030E+000
  0.65946161E+005  0.21638560E+000
  0.65990139E+005  0.30099566E+000
  0.66034145E+005  0.23829544E+000
  0.66078181E+005  0.20394667E+000
  0.66122247E+005  0.30389351E+000
  0.66166341E+005  0.21383522E+000
  0.66210465E+005  0.28001563E+000
  0.66254619E+005  0.21130360E+000
  0.66298802E+005  0.30670245E+000
  0.66343014E+005  0.24670944E+000
  0.66387256E+005  0.21127947E+000
  0.66431528E+005  0.20869953E+000
  0.66475829E+005  0.22463063E+000
  0.66520159E+005  0.21685842E+000
  0.66564519E+005  0.20730524E+000
  0.66608909E+005  0.21192559E+000
  0.66653328E+005  0.21629369E+000
  0.66697777E+005  0.21186895E+000
  0.66742256E+005  0.22140890E+000
  0.66786764E+005  0.28129056E+000
  0.66831302E+005  0.31377384E+000
  0.66875869E+005  0.31531751E+000
  0.66920467E+005  0.31522857E+000
  0.66965094E+005  0.20005340E+000
  0.67009750E+005  0.22347437E+000
  0.67054437E+005  0.31728876E+000
  0.67099153E+005  0.21349915E+000
  0.67143900E+005  0.31832424E+000
  0.67188676E+005  0.21615104E+000
  0.67233482E+005  0.31934733E+000
  0.67278317E+005  0.20936107E+000
  0.67323183E+005  0.17975302E+000
  0.67368079E+005  0.26397400E+000
  0.67413004E+005  0.21181512E+000
  0.67457960E+005  0.24448561E+000
  0.67502945E+005  0.20316178E+000
  0.67547960E+005  0.22493614E+000
  0.67593006E+005  0.20277066E+000
  0.67638082E+005  0.19721011E+000
  0.67683187E+005  0.22127163E+000
  0.67728323E+005  0.32616324E+000
  0.67773489E+005  0.25568856E+000
  0.67818684E+005  0.25377721E+000
  0.67863910E+005  0.32805225E+000
  0.67909167E+005  0.22586783E+000
  0.67954453E+005  0.21980276E+000
  0.67999770E+005  0.28656968E+000
  0.68045116E+005  0.33056536E+000
  0.68090493E+005  0.22599685E+000
  0.68135901E+005  0.22075815E+000
  0.68181338E+005  0.21438115E+000
  0.68226806E+005  0.31847425E+000
  0.68272304E+005  0.22149488E+000
  0.68317833E+005  0.26072400E+000
  0.68363392E+005  0.24254091E+000
  0.68408981E+005  0.24745495E+000
  0.68454601E+005  0.22877734E+000
  0.68500251E+005  0.22640772E+000
  0.68545931E+005  0.22514210E+000
  0.68591642E+005  0.25392075E+000
  0.68637384E+005  0.33861743E+000
  0.68683156E+005  0.24701185E+000
  0.68728958E+005  0.22296276E+000
  0.68774791E+005  0.25801637E+000
  0.68820655E+005  0.31151813E+000
  0.68866549E+005  0.34167268E+000
  0.68912474E+005  0.34461724E+000
  0.68958429E+005  0.23213436E+000
  0.69004415E+005  0.24887929E+000
  0.69050432E+005  0.23511685E+000
  0.69096480E+005  0.27316043E+000
  0.69142558E+005  0.23527583E+000
  0.69188667E+005  0.22540776E+000
  0.69234806E+005  0.24814419E+000
  0.69280977E+005  0.23892867E+000
  0.69327178E+005  0.20365421E+000
  0.69373410E+005  0.22768269E+000
  0.69419673E+005  0.32854830E+000
  0.69465966E+005  0.29866928E+000
  0.69512291E+005  0.35125526E+000
  0.69558646E+005  0.27258192E+000
  0.69605033E+005  0.35158729E+000
  0.69651450E+005  0.35221030E+000
  0.69697898E+005  0.28944488E+000
  0.69744377E+005  0.24266549E+000
  0.69790887E+005  0.30808332E+000
  0.69837429E+005  0.24030250E+000
  0.69884001E+005  0.22142242E+000
  0.69930604E+005  0.35591695E+000
  0.69977239E+005  0.26380275E+000
  0.70023904E+005  0.21530583E+000
  0.70070601E+005  0.25449188E+000
  0.70117329E+005  0.29018331E+000
  0.70164087E+005  0.19875708E+000
  0.70210878E+005  0.22201164E+000
  0.70257699E+005  0.26585082E+000
  0.70304551E+005  0.22941411E+000
  0.70351435E+005  0.22994197E+000
  0.70398350E+005  0.27465055E+000
  0.70445296E+005  0.36270956E+000
  0.70492274E+005  0.23132295E+000
  0.70539283E+005  0.23071303E+000
  0.70586323E+005  0.29667169E+000
  0.70633395E+005  0.25821921E+000
  0.70680498E+005  0.23297859E+000
  0.70727633E+005  0.24625336E+000
  0.70774798E+005  0.29223641E+000
  0.70821996E+005  0.36764181E+000
  0.70869225E+005  0.26979068E+000
  0.70916485E+005  0.23560636E+000
  0.70963777E+005  0.24512061E+000
  0.71011100E+005  0.20668086E+000
  0.71058455E+005  0.27530688E+000
  0.71105842E+005  0.24951886E+000
  0.71153260E+005  0.22925776E+000
  0.71200709E+005  0.25755164E+000
  0.71248191E+005  0.24839606E+000
  0.71295704E+005  0.27398315E+000
  0.71343249E+005  0.23507628E+000
  0.71390825E+005  0.22001066E+000
  0.71438433E+005  0.28216262E+000
  0.71486073E+005  0.26767817E+000
  0.71533745E+005  0.24020064E+000
  0.71581448E+005  0.24496299E+000
  0.71629184E+005  0.24488694E+000
  0.71676951E+005  0.26827815E+000
  0.71724750E+005  0.25306661E+000
  0.71772581E+005  0.25396333E+000
  0.71820443E+005  0.24313801E+000
  0.71868338E+005  0.24798112E+000
  0.71916265E+005  0.26380500E+000
  0.71964223E+005  0.24346576E+000
  0.72012214E+005  0.22609293E+000
  0.72060236E+005  0.30553332E+000
  0.72108291E+005  0.25640666E+000
  0.72156377E+005  0.24289764E+000
  0.72204496E+005  0.24557486E+000
  0.72252647E+005  0.26117396E+000
  0.72300830E+005  0.24968037E+000
  0.72349045E+005  0.36643557E+000
  0.72397292E+005  0.26726562E+000
  0.72445571E+005  0.26215988E+000
  0.72493883E+005  0.25028951E+000
  0.72542227E+005  0.39046671E+000
  0.72590603E+005  0.24816438E+000
  0.72639011E+005  0.24895178E+000
  0.72687451E+005  0.31359856E+000
  0.72735924E+005  0.24694379E+000
  0.72784429E+005  0.24694366E+000
  0.72832967E+005  0.27080494E+000
  0.72881537E+005  0.25447207E+000
  0.72930139E+005  0.25549214E+000
  0.72978774E+005  0.25713648E+000
  0.73027441E+005  0.31534785E+000
  0.73076140E+005  0.25868105E+000
  0.73124872E+005  0.25706452E+000
  0.73173637E+005  0.25211985E+000
  0.73222434E+005  0.26088731E+000
  0.73271264E+005  0.25443301E+000
  0.73320126E+005  0.25756450E+000
  0.73369021E+005  0.24607880E+000
  0.73417948E+005  0.29841362E+000
  0.73466908E+005  0.26834806E+000
  0.73515900E+005  0.40327639E+000
  0.73564926E+005  0.39848839E+000
  0.73613984E+005  0.26811277E+000
  0.73663075E+005  0.26366329E+000
  0.73712198E+005  0.40409144E+000
  0.73761354E+005  0.40468520E+000
  0.73810543E+005  0.28049056E+000
  0.73859765E+005  0.26115655E+000
  0.73909020E+005  0.25865319E+000
  0.73958307E+005  0.29827447E+000
  0.74007627E+005  0.35000572E+000
  0.74056981E+005  0.26053400E+000
  0.74106367E+005  0.40901917E+000
  0.74155786E+005  0.28706942E+000
  0.74205238E+005  0.27912487E+000
  0.74254723E+005  0.26850539E+000
  0.74304241E+005  0.25896261E+000
  0.74353792E+005  0.26576430E+000
  0.74403376E+005  0.27378059E+000
  0.74452993E+005  0.29631131E+000
  0.74502643E+005  0.26374384E+000
  0.74552327E+005  0.26631787E+000
  0.74602043E+005  0.28566062E+000
  0.74651793E+005  0.41607184E+000
  0.74701575E+005  0.33311612E+000
  0.74751391E+005  0.26781203E+000
  0.74801241E+005  0.27758217E+000
  0.74851123E+005  0.26861582E+000
  0.74901039E+005  0.28323501E+000
  0.74950988E+005  0.28936480E+000
  0.75000970E+005  0.26598639E+000
  0.75050986E+005  0.27851428E+000
  0.75101035E+005  0.29889516E+000
  0.75151117E+005  0.31822759E+000
  0.75201233E+005  0.33626454E+000
  0.75251382E+005  0.27802181E+000
  0.75301565E+005  0.36826734E+000
  0.75351781E+005  0.42354717E+000
  0.75402031E+005  0.28315794E+000
  0.75452314E+005  0.26873728E+000
  0.75502630E+005  0.30956580E+000
  0.75552980E+005  0.27273415E+000
  0.75603364E+005  0.26857940E+000
  0.75653782E+005  0.27024642E+000
  0.75704233E+005  0.24581585E+000
  0.75754717E+005  0.27869380E+000
  0.75805236E+005  0.31215650E+000
  0.75855788E+005  0.30487024E+000
  0.75906373E+005  0.27193401E+000
  0.75956993E+005  0.32267128E+000
  0.76007646E+005  0.31670404E+000
  0.76058333E+005  0.43171701E+000
  0.76109054E+005  0.28100129E+000
  0.76159808E+005  0.43363865E+000
  0.76210597E+005  0.32204795E+000
  0.76261419E+005  0.32787674E+000
  0.76312275E+005  0.42020146E+000
  0.76363165E+005  0.24612774E+000
  0.76414089E+005  0.27192015E+000
  0.76465047E+005  0.43642204E+000
  0.76516039E+005  0.26936229E+000
  0.76567065E+005  0.39334844E+000
  0.76618125E+005  0.27273261E+000
  0.76669219E+005  0.43756753E+000
  0.76720348E+005  0.27688494E+000
  0.76771510E+005  0.43962389E+000
  0.76822706E+005  0.32475584E+000
  0.76873937E+005  0.29021178E+000
  0.76925201E+005  0.27699725E+000
  0.76976500E+005  0.29277692E+000
  0.77027833E+005  0.36629037E+000
  0.77079201E+005  0.41634884E+000
  0.77130602E+005  0.37482839E+000
  0.77182038E+005  0.44197903E+000
  0.77233508E+005  0.37084421E+000
  0.77285013E+005  0.33063834E+000
  0.77336551E+005  0.27648998E+000
  0.77388124E+005  0.31272178E+000
  0.77439732E+005  0.31946609E+000
  0.77491374E+005  0.30907925E+000
  0.77543050E+005  0.28482984E+000
  0.77594761E+005  0.28197866E+000
  0.77646507E+005  0.44919906E+000
  0.77698287E+005  0.28088438E+000
  0.77750101E+005  0.28482905E+000
  0.77801950E+005  0.26749998E+000
  0.77853833E+005  0.31298434E+000
  0.77905752E+005  0.31886033E+000
  0.77957704E+005  0.24020262E+000
  0.78009692E+005  0.28579926E+000
  0.78061714E+005  0.36380468E+000
  0.78113771E+005  0.45520633E+000
  0.78165862E+005  0.23739164E+000
  0.78217988E+005  0.28687848E+000
  0.78270149E+005  0.26580700E+000
  0.78322345E+005  0.27238725E+000
  0.78374576E+005  0.24830487E+000
  0.78426841E+005  0.29813646E+000
  0.78479141E+005  0.29616301E+000
  0.78531476E+005  0.29928845E+000
  0.78583846E+005  0.28956758E+000
  0.78636251E+005  0.24488086E+000
  0.78688691E+005  0.27665813E+000
  0.78741166E+005  0.46067295E+000
  0.78793676E+005  0.22955990E+000
  0.78846221E+005  0.28397912E+000
  0.78898801E+005  0.30666539E+000
  0.78951416E+005  0.39041472E+000
  0.79004066E+005  0.24619071E+000
  0.79056751E+005  0.34988213E+000
  0.79109471E+005  0.38602571E+000
  0.79162227E+005  0.46498381E+000
  0.79215017E+005  0.24086229E+000
  0.79267843E+005  0.22881944E+000
  0.79320704E+005  0.30275396E+000
  0.79373601E+005  0.30936152E+000
  0.79426532E+005  0.34442298E+000
  0.79479499E+005  0.22861632E+000
  0.79532501E+005  0.26025278E+000
  0.79585539E+005  0.46920449E+000
  0.79638612E+005  0.24176893E+000
  0.79691720E+005  0.27003069E+000
  0.79744864E+005  0.28845848E+000
  0.79798043E+005  0.27374535E+000
  0.79851258E+005  0.30757518E+000
  0.79904508E+005  0.32117512E+000
  0.79957794E+005  0.24775312E+000
  0.80011115E+005  0.47348600E+000
  0.80064472E+005  0.22709517E+000
  0.80117864E+005  0.27798994E+000
  0.80171292E+005  0.38049465E+000
  0.80224755E+005  0.30911238E+000
  0.80278255E+005  0.30620477E+000
  0.80331790E+005  0.45233330E+000
  0.80385360E+005  0.23739750E+000
  0.80438966E+005  0.47756234E+000
  0.80492609E+005  0.30429526E+000
  0.80546286E+005  0.30078466E+000
  0.80600000E+005  0.32578638E+000
  0.80653749E+005  0.23720845E+000
  0.80707535E+005  0.30986271E+000
  0.80761356E+005  0.24384747E+000
  0.80815213E+005  0.30860362E+000
  0.80869106E+005  0.30306682E+000
  0.80923035E+005  0.28930769E+000
  0.80977000E+005  0.38985331E+000
  0.81031001E+005  0.31185977E+000
  0.81085037E+005  0.48402668E+000
  0.81139110E+005  0.30690164E+000
  0.81193219E+005  0.31387355E+000
  0.81247364E+005  0.27220033E+000
  0.81301546E+005  0.44783559E+000
  0.81355763E+005  0.32433296E+000
  0.81410016E+005  0.31248934E+000
  0.81464306E+005  0.30924418E+000
  0.81518632E+005  0.25932953E+000
  0.81572994E+005  0.48921320E+000
  0.81627392E+005  0.30332413E+000
  0.81681827E+005  0.24981130E+000
  0.81736298E+005  0.30180288E+000
  0.81790805E+005  0.30411890E+000
  0.81845348E+005  0.35783303E+000
  0.81899928E+005  0.30192190E+000
  0.81954545E+005  0.35668009E+000
  0.82009197E+005  0.25491582E+000
  0.82063887E+005  0.49304253E+000
  0.82118612E+005  0.32571455E+000
  0.82173375E+005  0.39098667E+000
  0.82228173E+005  0.47783334E+000
  0.82283008E+005  0.30014781E+000
  0.82337880E+005  0.28399150E+000
  0.82392789E+005  0.32937498E+000
  0.82447734E+005  0.27892236E+000
  0.82502715E+005  0.30549794E+000
  0.82557734E+005  0.33561436E+000
  0.82612789E+005  0.36129876E+000
  0.82667880E+005  0.45090835E+000
  0.82723009E+005  0.31559463E+000
  0.82778174E+005  0.28814365E+000
  0.82833376E+005  0.27713960E+000
  0.82888615E+005  0.26358127E+000
  0.82943890E+005  0.25158371E+000
  0.82999203E+005  0.30787376E+000
  0.83054552E+005  0.31546090E+000
  0.83109939E+005  0.30765656E+000
  0.83165362E+005  0.47905066E+000
  0.83220822E+005  0.33516865E+000
  0.83276319E+005  0.30781622E+000
  0.83331854E+005  0.31393336E+000
  0.83387425E+005  0.29484844E+000
  0.83443033E+005  0.50527758E+000
  0.83498678E+005  0.36820744E+000
  0.83554361E+005  0.31236581E+000
  0.83610081E+005  0.33966763E+000
  0.83665837E+005  0.49744189E+000
  0.83721631E+005  0.30134356E+000
  0.83777462E+005  0.26435774E+000
  0.83833331E+005  0.26294185E+000
  0.83889237E+005  0.26227302E+000
  0.83945179E+005  0.27868979E+000
  0.84001160E+005  0.33911416E+000
  0.84057177E+005  0.26992386E+000
  0.84113232E+005  0.31364727E+000
  0.84169325E+005  0.27753036E+000
  0.84225454E+005  0.31987987E+000
  0.84281621E+005  0.51232870E+000
  0.84337826E+005  0.33329339E+000
  0.84394068E+005  0.34517589E+000
  0.84450348E+005  0.37181191E+000
  0.84506665E+005  0.29677143E+000
  0.84563020E+005  0.30797041E+000
  0.84619412E+005  0.33016110E+000
  0.84675842E+005  0.32147482E+000
  0.84732309E+005  0.31926552E+000
  0.84788814E+005  0.31593565E+000
  0.84845357E+005  0.29289907E+000
  0.84901938E+005  0.30021037E+000
  0.84958556E+005  0.51678727E+000
  0.85015212E+005  0.32000534E+000
  0.85071906E+005  0.27724651E+000
  0.85128637E+005  0.30670119E+000
  0.85185407E+005  0.31696324E+000
  0.85242214E+005  0.32537051E+000
  0.85299059E+005  0.31512491E+000
  0.85355942E+005  0.28644120E+000
  0.85412864E+005  0.30661260E+000
  0.85469823E+005  0.31845671E+000
  0.85526820E+005  0.33004520E+000
  0.85583854E+005  0.31898699E+000
  0.85640928E+005  0.38093549E+000
  0.85698039E+005  0.31985541E+000
  0.85755188E+005  0.32745566E+000
  0.85812375E+005  0.28221560E+000
  0.85869600E+005  0.35312629E+000
  0.85926864E+005  0.33332374E+000
  0.85984166E+005  0.32015378E+000
  0.86041506E+005  0.26663076E+000
  0.86098884E+005  0.26575871E+000
  0.86156300E+005  0.32245391E+000
  0.86213755E+005  0.33391319E+000
  0.86271248E+005  0.33396740E+000
  0.86328780E+005  0.32417084E+000
  0.86386350E+005  0.51600368E+000
  0.86443958E+005  0.29777441E+000
  0.86501604E+005  0.26280335E+000
  0.86559289E+005  0.33909505E+000
  0.86617013E+005  0.37561245E+000
  0.86674775E+005  0.40983083E+000
  0.86732575E+005  0.31003073E+000
  0.86790414E+005  0.34978172E+000
  0.86848292E+005  0.30926526E+000
  0.86906208E+005  0.52369661E+000
  0.86964163E+005  0.40004030E+000
  0.87022157E+005  0.28774913E+000
  0.87080189E+005  0.44159234E+000
  0.87138260E+005  0.31498511E+000
  0.87196369E+005  0.32707352E+000
  0.87254518E+005  0.32973711E+000
  0.87312705E+005  0.32758362E+000
  0.87370931E+005  0.30491848E+000
  0.87429196E+005  0.39401801E+000
  0.87487499E+005  0.35203462E+000
  0.87545842E+005  0.27972974E+000
  0.87604223E+005  0.34770980E+000
  0.87662643E+005  0.50286784E+000
  0.87721103E+005  0.34159545E+000
  0.87779601E+005  0.42792701E+000
  0.87838138E+005  0.31295818E+000
  0.87896715E+005  0.32665288E+000
  0.87955330E+005  0.31578389E+000
  0.88013984E+005  0.33016831E+000
  0.88072678E+005  0.32359135E+000
  0.88131411E+005  0.32639006E+000
  0.88190183E+005  0.32910182E+000
  0.88248994E+005  0.32428326E+000
  0.88307844E+005  0.32788555E+000
  0.88366734E+005  0.54059545E+000
  0.88425663E+005  0.31496209E+000
  0.88484631E+005  0.29852436E+000
  0.88543638E+005  0.32626488E+000
  0.88602685E+005  0.34868923E+000
  0.88661771E+005  0.32738711E+000
  0.88720897E+005  0.32728652E+000
  0.88780062E+005  0.33313290E+000
  0.88839266E+005  0.33474602E+000
  0.88898510E+005  0.32223416E+000
  0.88957794E+005  0.27442191E+000
  0.89017117E+005  0.33234306E+000
  0.89076479E+005  0.50371994E+000
  0.89135881E+005  0.53184680E+000
  0.89195323E+005  0.33105248E+000
  0.89254804E+005  0.30913684E+000
  0.89314325E+005  0.34096352E+000
  0.89373886E+005  0.35486453E+000
  0.89433487E+005  0.35041676E+000
  0.89493127E+005  0.31302746E+000
  0.89552807E+005  0.31782910E+000
  0.89612527E+005  0.42317575E+000
  0.89672286E+005  0.33024790E+000
  0.89732086E+005  0.53083228E+000
  0.89791925E+005  0.32540785E+000
  0.89851804E+005  0.32322116E+000
  0.89911723E+005  0.32535479E+000
  0.89971683E+005  0.34319621E+000
  0.90031682E+005  0.27063344E+000
  0.90091721E+005  0.30331102E+000
  0.90151800E+005  0.34746767E+000
  0.90211919E+005  0.33175643E+000
  0.90272079E+005  0.29165577E+000
  0.90332278E+005  0.34117258E+000
  0.90392518E+005  0.34819916E+000
  0.90452797E+005  0.33551105E+000
  0.90513117E+005  0.36690852E+000
  0.90573478E+005  0.33050659E+000
  0.90633878E+005  0.36501313E+000
  0.90694319E+005  0.45496821E+000
  0.90754800E+005  0.31019875E+000
  0.90815321E+005  0.32988398E+000
  0.90875883E+005  0.37782178E+000
  0.90936485E+005  0.37096444E+000
  0.90997127E+005  0.29447928E+000
  0.91057810E+005  0.35291202E+000
  0.91118534E+005  0.39350916E+000
  0.91179298E+005  0.34877199E+000
  0.91240102E+005  0.33880877E+000
  0.91300947E+005  0.50839852E+000
  0.91361833E+005  0.55866628E+000
  0.91422759E+005  0.54321860E+000
  0.91483726E+005  0.35928927E+000
  0.91544733E+005  0.46921046E+000
  0.91605781E+005  0.42094776E+000
  0.91666870E+005  0.34900545E+000
  0.91728000E+005  0.34270776E+000
  0.91789170E+005  0.35340415E+000
  0.91850381E+005  0.56077533E+000
  0.91911633E+005  0.32813105E+000
  0.91972926E+005  0.55928786E+000
  0.92034260E+005  0.36187506E+000
  0.92095634E+005  0.56159573E+000
  0.92157050E+005  0.52850214E+000
  0.92218506E+005  0.35552394E+000
  0.92280004E+005  0.47892656E+000
  0.92341542E+005  0.33971286E+000
  0.92403122E+005  0.38884649E+000
  0.92464742E+005  0.51049627E+000
  0.92526404E+005  0.56449499E+000
  0.92588107E+005  0.35711832E+000
  0.92649850E+005  0.35379575E+000
  0.92711636E+005  0.49903266E+000
  0.92773462E+005  0.34318775E+000
  0.92835329E+005  0.35523319E+000
  0.92897238E+005  0.55649368E+000
  0.92959188E+005  0.56532244E+000
  0.93021180E+005  0.47041366E+000
  0.93083212E+005  0.36425725E+000
  0.93145286E+005  0.51716125E+000
  0.93207402E+005  0.42964825E+000
  0.93269559E+005  0.36568842E+000
  0.93331757E+005  0.45207845E+000
  0.93393997E+005  0.37551280E+000
  0.93456278E+005  0.53211059E+000
  0.93518601E+005  0.56561156E+000
  0.93580966E+005  0.55909357E+000
  0.93643372E+005  0.56829884E+000
  0.93705819E+005  0.49826616E+000
  0.93768309E+005  0.56297535E+000
  0.93830840E+005  0.52914528E+000
  0.93893412E+005  0.41396633E+000
  0.93956027E+005  0.36671182E+000
  0.94018683E+005  0.42614166E+000
  0.94081381E+005  0.39099512E+000
  0.94144121E+005  0.49864998E+000
  0.94206902E+005  0.55131751E+000
  0.94269726E+005  0.45664381E+000
  0.94332591E+005  0.41143134E+000
  0.94395498E+005  0.49173872E+000
  0.94458447E+005  0.57038316E+000
  0.94521439E+005  0.49459150E+000
  0.94584472E+005  0.49180777E+000
  0.94647547E+005  0.47088791E+000
  0.94710664E+005  0.47033439E+000
  0.94773824E+005  0.57297768E+000
  0.94837025E+005  0.35687364E+000
  0.94900269E+005  0.52052098E+000
  0.94963555E+005  0.57355371E+000
  0.95026883E+005  0.49818067E+000
  0.95090253E+005  0.34777550E+000
  0.95153666E+005  0.57525737E+000
  0.95217120E+005  0.48685707E+000
  0.95280617E+005  0.52572658E+000
  0.95344157E+005  0.46026872E+000
  0.95407739E+005  0.54726483E+000
  0.95471363E+005  0.57586317E+000
  0.95535030E+005  0.56631991E+000
  0.95598739E+005  0.52027264E+000
  0.95662490E+005  0.48336682E+000
  0.95726285E+005  0.57055145E+000
  0.95790121E+005  0.48120469E+000
  0.95854000E+005  0.47194165E+000
  0.95917922E+005  0.57636128E+000
  0.95981887E+005  0.57816373E+000
  0.96045894E+005  0.57840826E+000
  0.96109944E+005  0.57843707E+000
  0.96174036E+005  0.40226810E+000
  0.96238171E+005  0.46701744E+000
  0.96302350E+005  0.41705390E+000
  0.96366570E+005  0.51012092E+000
  0.96430834E+005  0.38838386E+000
  0.96495141E+005  0.57995271E+000
  0.96559490E+005  0.36398752E+000
  0.96623882E+005  0.47661862E+000
  0.96688317E+005  0.45189546E+000
  0.96752796E+005  0.53263654E+000
  0.96817317E+005  0.57037728E+000
  0.96881881E+005  0.55214573E+000
  0.96946488E+005  0.49585867E+000
  0.97011139E+005  0.49939907E+000
  0.97075832E+005  0.54253504E+000
  0.97140569E+005  0.54098962E+000
  0.97205349E+005  0.44493241E+000
  0.97270172E+005  0.42026171E+000
  0.97335038E+005  0.48119752E+000
  0.97399948E+005  0.35624845E+000
  0.97464900E+005  0.52166560E+000
  0.97529896E+005  0.46610063E+000
  0.97594936E+005  0.52696607E+000
  0.97660019E+005  0.52064003E+000
  0.97725145E+005  0.45137358E+000
  0.97790315E+005  0.51625444E+000
  0.97855528E+005  0.56549849E+000
  0.97920784E+005  0.40230848E+000
  0.97986084E+005  0.55605256E+000
  0.98051428E+005  0.39584740E+000
  0.98116815E+005  0.47995856E+000
  0.98182246E+005  0.49850076E+000
  0.98247721E+005  0.58484069E+000
  0.98313239E+005  0.58473709E+000
  0.98378800E+005  0.53117338E+000
  0.98444406E+005  0.45836473E+000
  0.98510055E+005  0.40207147E+000
  0.98575748E+005  0.58534667E+000
  0.98641485E+005  0.57287362E+000
  0.98707266E+005  0.56138410E+000
  0.98773091E+005  0.58522310E+000
  0.98838959E+005  0.57805074E+000
  0.98904872E+005  0.35095672E+000
  0.98970828E+005  0.57970996E+000
  0.99036828E+005  0.49153929E+000
  0.99102873E+005  0.53935228E+000
  0.99168961E+005  0.57849430E+000
  0.99235093E+005  0.46554606E+000
  0.99301270E+005  0.50759733E+000
  0.99367491E+005  0.58746267E+000
  0.99433756E+005  0.53913458E+000
  0.99500065E+005  0.35932977E+000
  0.99566418E+005  0.40775830E+000
  0.99632815E+005  0.55083150E+000
  0.99699257E+005  0.50585210E+000
  0.99765743E+005  0.45696230E+000
  0.99832274E+005  0.56774481E+000
  0.99898849E+005  0.38368271E+000
  0.99965468E+005  0.57449889E+000
  0.10003213E+006  0.58906998E+000
  0.10009884E+006  0.52421460E+000
  0.10016559E+006  0.49717493E+000
  0.10023239E+006  0.58923275E+000
  0.10029923E+006  0.46203231E+000
  0.10036612E+006  0.40352498E+000
  0.10043305E+006  0.38331890E+000
  0.10050002E+006  0.37008913E+000
  0.10056704E+006  0.42842005E+000
  0.10063411E+006  0.50790063E+000
  0.10070122E+006  0.41131681E+000
  0.10076837E+006  0.41113062E+000
  0.10083557E+006  0.42545246E+000
  0.10090282E+006  0.45316423E+000
  0.10097010E+006  0.42440637E+000
  0.10103744E+006  0.59015866E+000
  0.10110482E+006  0.58995109E+000
  0.10117224E+006  0.52387831E+000
  0.10123971E+006  0.59083109E+000
  0.10130722E+006  0.36547153E+000
  0.10137478E+006  0.42382003E+000
  0.10144238E+006  0.42690350E+000
  0.10151003E+006  0.49416021E+000
  0.10157773E+006  0.45136389E+000
  0.10164546E+006  0.40257601E+000
  0.10171325E+006  0.36100585E+000
  0.10178108E+006  0.46682779E+000
  0.10184895E+006  0.51715249E+000
  0.10191687E+006  0.42465589E+000
  0.10198484E+006  0.39335433E+000
  0.10205285E+006  0.56279989E+000
  0.10212090E+006  0.51209963E+000
  0.10218900E+006  0.58976788E+000
  0.10225715E+006  0.56679672E+000
  0.10232534E+006  0.41301160E+000
  0.10239358E+006  0.41833263E+000
  0.10246186E+006  0.49700968E+000
  0.10253019E+006  0.36207827E+000
  0.10259856E+006  0.56909294E+000
  0.10266698E+006  0.59235448E+000
  0.10273545E+006  0.45331691E+000
  0.10280396E+006  0.44856990E+000
  0.10287252E+006  0.50124462E+000
  0.10294112E+006  0.41533466E+000
  0.10300977E+006  0.38662505E+000
  0.10307846E+006  0.38514882E+000
  0.10314720E+006  0.37491973E+000
  0.10321599E+006  0.59387034E+000
  0.10328482E+006  0.40096779E+000
  0.10335369E+006  0.49614073E+000
  0.10342262E+006  0.59301790E+000
  0.10349159E+006  0.58759405E+000
  0.10356060E+006  0.59315518E+000
  0.10362966E+006  0.36968489E+000
  0.10369877E+006  0.52714668E+000
  0.10376792E+006  0.45383512E+000
  0.10383712E+006  0.46616244E+000
  0.10390637E+006  0.34301019E+000
  0.10397566E+006  0.40883036E+000
  0.10404500E+006  0.53515208E+000
  0.10411438E+006  0.39589455E+000
  0.10418381E+006  0.58127824E+000
  0.10425329E+006  0.59418634E+000
  0.10432281E+006  0.37004742E+000
  0.10439238E+006  0.59447211E+000
  0.10446200E+006  0.55955057E+000
  0.10453166E+006  0.57077871E+000
  0.10460137E+006  0.37570832E+000
  0.10467112E+006  0.36875116E+000
  0.10474092E+006  0.37635261E+000
  0.10481077E+006  0.49866824E+000
  0.10488067E+006  0.39540053E+000
  0.10495061E+006  0.45810769E+000
  0.10502060E+006  0.59456694E+000
  0.10509063E+006  0.35534202E+000
  0.10516071E+006  0.30834243E+000
  0.10523084E+006  0.59387089E+000
  0.10530102E+006  0.45212281E+000
  0.10537124E+006  0.36550733E+000
  0.10544151E+006  0.59536778E+000
  0.10551182E+006  0.50811828E+000
  0.10558218E+006  0.49186507E+000
  0.10565259E+006  0.37736777E+000
  0.10572305E+006  0.33865923E+000
  0.10579355E+006  0.35414977E+000
  0.10586410E+006  0.36650976E+000
  0.10593470E+006  0.59557174E+000
  0.10600534E+006  0.42732787E+000
  0.10607604E+006  0.40786030E+000
  0.10614677E+006  0.53995557E+000
  0.10621756E+006  0.50108690E+000
  0.10628839E+006  0.57250243E+000
  0.10635927E+006  0.53157856E+000
  0.10643020E+006  0.35011687E+000
  0.10650118E+006  0.40581786E+000
  0.10657220E+006  0.36734123E+000
  0.10664327E+006  0.34558298E+000
  0.10671438E+006  0.58477361E+000
  0.10678555E+006  0.36425626E+000
  0.10685676E+006  0.33392895E+000
  0.10692802E+006  0.43267846E+000
  0.10699933E+006  0.37003867E+000
  0.10707068E+006  0.36387961E+000
  0.10714208E+006  0.37748080E+000
  0.10721353E+006  0.32428757E+000
  0.10728503E+006  0.59502244E+000
  0.10735657E+006  0.44559153E+000
  0.10742817E+006  0.36894451E+000
  0.10749981E+006  0.59473566E+000
  0.10757149E+006  0.34346584E+000
  0.10764323E+006  0.39609880E+000
  0.10771501E+006  0.52005736E+000
  0.10778685E+006  0.48033720E+000
  0.10785873E+006  0.49278493E+000
  0.10793065E+006  0.41709001E+000
  0.10800263E+006  0.59507860E+000
  0.10807465E+006  0.34842449E+000
  0.10814672E+006  0.59468293E+000
  0.10821884E+006  0.39927860E+000
  0.10829101E+006  0.34806870E+000
  0.10836323E+006  0.38040742E+000
  0.10843549E+006  0.37231163E+000
  0.10850780E+006  0.59455521E+000
  0.10858016E+006  0.36063941E+000
  0.10865257E+006  0.40627203E+000
  0.10872503E+006  0.56494222E+000
  0.10879753E+006  0.37612877E+000
  0.10887009E+006  0.36918213E+000
  0.10894269E+006  0.32580066E+000
  0.10901534E+006  0.35946348E+000
  0.10908804E+006  0.32760356E+000
  0.10916078E+006  0.40005810E+000
  0.10923358E+006  0.59419000E+000
  0.10930642E+006  0.36104906E+000
  0.10937932E+006  0.37836349E+000
  0.10945226E+006  0.32261681E+000
  0.10952525E+006  0.31193504E+000
  0.10959829E+006  0.50610076E+000
  0.10967137E+006  0.32929547E+000
  0.10974451E+006  0.48921149E+000
  0.10981769E+006  0.39610132E+000
  0.10989093E+006  0.36469985E+000
  0.10996421E+006  0.36394668E+000
  0.11003754E+006  0.59208421E+000
  0.11011092E+006  0.59364411E+000
  0.11018435E+006  0.37994097E+000
  0.11025783E+006  0.35419097E+000
  0.11033136E+006  0.36489790E+000
  0.11040493E+006  0.38387910E+000
  0.11047856E+006  0.32649063E+000
  0.11055223E+006  0.39872235E+000
  0.11062596E+006  0.35246559E+000
  0.11069973E+006  0.34199785E+000
  0.11077355E+006  0.35893841E+000
  0.11084742E+006  0.53625463E+000
  0.11092134E+006  0.44123695E+000
  0.11099531E+006  0.36163719E+000
  0.11106933E+006  0.34264111E+000
  0.11114340E+006  0.46761255E+000
  0.11121752E+006  0.34575920E+000
  0.11129169E+006  0.42415041E+000
  0.11136590E+006  0.32679921E+000
  0.11144017E+006  0.48092268E+000
  0.11151449E+006  0.57343825E+000
  0.11158885E+006  0.32940500E+000
  0.11166327E+006  0.27557207E+000
  0.11173773E+006  0.27771383E+000
  0.11181224E+006  0.32198452E+000
  0.11188681E+006  0.45720590E+000
  0.11196142E+006  0.37980432E+000
  0.11203608E+006  0.43203052E+000
  0.11211080E+006  0.32839167E+000
  0.11218556E+006  0.39233399E+000
  0.11226037E+006  0.33027778E+000
  0.11233524E+006  0.56859303E+000
  0.11241015E+006  0.30928455E+000
  0.11248511E+006  0.58609676E+000
  0.11256012E+006  0.35679637E+000
  0.11263519E+006  0.35877923E+000
  0.11271030E+006  0.59163789E+000
  0.11278546E+006  0.34175335E+000
  0.11286068E+006  0.40841099E+000
  0.11293594E+006  0.38584933E+000
  0.11301125E+006  0.33000396E+000
  0.11308661E+006  0.35773058E+000
  0.11316203E+006  0.33461835E+000
  0.11323749E+006  0.38979226E+000
  0.11331301E+006  0.28110183E+000
  0.11338857E+006  0.37838509E+000
  0.11346419E+006  0.29476709E+000
  0.11353985E+006  0.36798527E+000
  0.11361557E+006  0.39652896E+000
  0.11369133E+006  0.27259818E+000
  0.11376715E+006  0.27561453E+000
  0.11384302E+006  0.52591964E+000
  0.11391894E+006  0.36737475E+000
  0.11399491E+006  0.32725641E+000
  0.11407093E+006  0.34313900E+000
  0.11414700E+006  0.33155109E+000
  0.11422312E+006  0.29137572E+000
  0.11429929E+006  0.32356871E+000
  0.11437551E+006  0.28734032E+000
  0.11445178E+006  0.35091037E+000
  0.11452811E+006  0.30931434E+000
  0.11460448E+006  0.58831758E+000
  0.11468091E+006  0.36180840E+000
  0.11475739E+006  0.34725246E+000
  0.11483391E+006  0.28888070E+000
  0.11491049E+006  0.31335723E+000
  0.11498712E+006  0.31544526E+000
  0.11506380E+006  0.33503394E+000
  0.11514054E+006  0.58715176E+000
  0.11521732E+006  0.42546955E+000
  0.11529415E+006  0.32886197E+000
  0.11537104E+006  0.53149561E+000
  0.11544798E+006  0.27203955E+000
  0.11552496E+006  0.34255647E+000
  0.11560200E+006  0.26987324E+000
  0.11567910E+006  0.35259509E+000
  0.11575624E+006  0.33611115E+000
  0.11583343E+006  0.27959749E+000
  0.11591068E+006  0.32394821E+000
  0.11598797E+006  0.33388815E+000
  0.11606532E+006  0.28391958E+000
  0.11614272E+006  0.41243972E+000
  0.11622017E+006  0.34575985E+000
  0.11629768E+006  0.27741920E+000
  0.11637523E+006  0.28430012E+000
  0.11645284E+006  0.32158724E+000
  0.11653050E+006  0.27443949E+000
  0.11660821E+006  0.34884480E+000
  0.11668597E+006  0.29856360E+000
  0.11676378E+006  0.31706568E+000
  0.11684165E+006  0.29499848E+000
  0.11691957E+006  0.32705476E+000
  0.11699754E+006  0.44014206E+000
  0.11707556E+006  0.57885380E+000
  0.11715363E+006  0.27006182E+000
  0.11723176E+006  0.30410028E+000
  0.11730994E+006  0.54626049E+000
  0.11738817E+006  0.31446428E+000
  0.11746645E+006  0.32348130E+000
  0.11754478E+006  0.37879761E+000
  0.11762317E+006  0.43266366E+000
  0.11770161E+006  0.57779528E+000
  0.11778010E+006  0.54469265E+000
  0.11785865E+006  0.28492007E+000
  0.11793724E+006  0.27103658E+000
  0.11801589E+006  0.37197132E+000
  0.11809459E+006  0.27636390E+000
  0.11817334E+006  0.28573440E+000
  0.11825215E+006  0.29246036E+000
  0.11833101E+006  0.33418802E+000
  0.11840992E+006  0.26873948E+000
  0.11848888E+006  0.33488193E+000
  0.11856790E+006  0.29074522E+000
  0.11864697E+006  0.27155978E+000
  0.11872609E+006  0.30965699E+000
  0.11880526E+006  0.28098574E+000
  0.11888449E+006  0.27082395E+000
  0.11896377E+006  0.38424079E+000
  0.11904310E+006  0.35953510E+000
  0.11912249E+006  0.35016352E+000
  0.11920193E+006  0.34120262E+000
  0.11928142E+006  0.27577948E+000
  0.11936097E+006  0.30273089E+000
  0.11944056E+006  0.39676335E+000
  0.11952021E+006  0.32393558E+000
  0.11959992E+006  0.38957356E+000
  0.11967968E+006  0.45730575E+000
  0.11975949E+006  0.33952580E+000
  0.11983935E+006  0.37806223E+000
  0.11991927E+006  0.34299951E+000
  0.11999924E+006  0.37371929E+000
  0.12007926E+006  0.46957525E+000
  0.12015934E+006  0.39351995E+000
  0.12023947E+006  0.32361978E+000
  0.12031965E+006  0.27812269E+000
  0.12039989E+006  0.28252605E+000
  0.12048018E+006  0.39140671E+000
  0.12056052E+006  0.25914247E+000
  0.12064092E+006  0.42799815E+000
  0.12072137E+006  0.31065058E+000
  0.12080188E+006  0.57509847E+000
  0.12088244E+006  0.29173417E+000
  0.12096305E+006  0.28045507E+000
  0.12104371E+006  0.26482220E+000
  0.12112444E+006  0.37715853E+000
  0.12120521E+006  0.26964527E+000
  0.12128604E+006  0.28187531E+000
  0.12136692E+006  0.33878680E+000
  0.12144785E+006  0.27118586E+000
  0.12152884E+006  0.31224852E+000
  0.12160989E+006  0.51822462E+000
  0.12169098E+006  0.28909947E+000
  0.12177214E+006  0.25953629E+000
  0.12185334E+006  0.25986620E+000
  0.12193460E+006  0.25765662E+000
  0.12201592E+006  0.32005234E+000
  0.12209728E+006  0.27831259E+000
  0.12217871E+006  0.25864269E+000
  0.12226018E+006  0.28123957E+000
  0.12234172E+006  0.33243025E+000
  0.12242330E+006  0.27352777E+000
  0.12250494E+006  0.31562342E+000
  0.12258664E+006  0.27526031E+000
  0.12266838E+006  0.26023877E+000
  0.12275019E+006  0.26676280E+000
  0.12283205E+006  0.31483257E+000
  0.12291396E+006  0.25570627E+000
  0.12299593E+006  0.46525740E+000
  0.12307795E+006  0.40552739E+000
  0.12316002E+006  0.26349344E+000
  0.12324216E+006  0.26728170E+000
  0.12332434E+006  0.25615312E+000
  0.12340658E+006  0.39454924E+000
  0.12348888E+006  0.31562167E+000
  0.12357123E+006  0.28271094E+000
  0.12365363E+006  0.47819668E+000
  0.12373609E+006  0.42034486E+000
  0.12381861E+006  0.56743278E+000
  0.12390118E+006  0.27189383E+000
  0.12398381E+006  0.43958656E+000
  0.12406649E+006  0.56603542E+000
  0.12414922E+006  0.30008702E+000
  0.12423201E+006  0.27581555E+000
  0.12431486E+006  0.29633655E+000
  0.12439776E+006  0.46807707E+000
  0.12448072E+006  0.30295536E+000
  0.12456373E+006  0.26258828E+000
  0.12464680E+006  0.45064376E+000
  0.12472992E+006  0.28755120E+000
  0.12481310E+006  0.25514600E+000
  0.12489633E+006  0.26712086E+000
  0.12497962E+006  0.30703905E+000
  0.12506297E+006  0.33392919E+000
  0.12514637E+006  0.27227211E+000
  0.12522982E+006  0.26696828E+000
  0.12531333E+006  0.33347312E+000
  0.12539690E+006  0.33954190E+000
  0.12548052E+006  0.36205824E+000
  0.12556420E+006  0.26292706E+000
  0.12564794E+006  0.27747562E+000
  0.12573173E+006  0.25019119E+000
  0.12581557E+006  0.24875775E+000
  0.12589948E+006  0.34593353E+000
  0.12598343E+006  0.24985246E+000
  0.12606745E+006  0.32553881E+000
  0.12615152E+006  0.40048154E+000
  0.12623565E+006  0.30216850E+000
  0.12631983E+006  0.39578173E+000
  0.12640407E+006  0.26464854E+000
  0.12648836E+006  0.35487944E+000
  0.12657271E+006  0.31262040E+000
  0.12665712E+006  0.28787814E+000
  0.12674158E+006  0.25225752E+000
  0.12682610E+006  0.54834834E+000
  0.12691068E+006  0.55705048E+000
  0.12699531E+006  0.30259903E+000
  0.12708000E+006  0.27521285E+000
  0.12716474E+006  0.26912096E+000
  0.12724955E+006  0.24558664E+000
  0.12733441E+006  0.37727214E+000
  0.12741932E+006  0.27442084E+000
  0.12750429E+006  0.32139839E+000
  0.12758932E+006  0.32331458E+000
  0.12767441E+006  0.32551966E+000
  0.12775955E+006  0.24416206E+000
  0.12784475E+006  0.26239981E+000
  0.12793000E+006  0.27163425E+000
  0.12801531E+006  0.27967024E+000
  0.12810068E+006  0.34809198E+000
  0.12818611E+006  0.28334953E+000
  0.12827159E+006  0.25903534E+000
  0.12835713E+006  0.24970952E+000
  0.12844273E+006  0.27339432E+000
  0.12852838E+006  0.50468684E+000
  0.12861409E+006  0.26662102E+000
  0.12869986E+006  0.33763267E+000
  0.12878569E+006  0.28049320E+000
  0.12887157E+006  0.25097684E+000
  0.12895751E+006  0.24529693E+000
  0.12904351E+006  0.30724531E+000
  0.12912956E+006  0.37706747E+000
  0.12921568E+006  0.54933873E+000
  0.12930185E+006  0.25480322E+000
  0.12938807E+006  0.41040638E+000
  0.12947436E+006  0.30215972E+000
  0.12956070E+006  0.24793594E+000
  0.12964710E+006  0.29012592E+000
  0.12973356E+006  0.54744174E+000
  0.12982007E+006  0.27279274E+000
  0.12990664E+006  0.30560397E+000
  0.12999327E+006  0.24850054E+000
  0.13007996E+006  0.26374868E+000
  0.13016671E+006  0.34664340E+000
  0.13025351E+006  0.24882456E+000
  0.13034037E+006  0.54372983E+000
  0.13042729E+006  0.26087296E+000
  0.13051427E+006  0.24124872E+000
  0.13060131E+006  0.25047055E+000
  0.13068840E+006  0.25172311E+000
  0.13077555E+006  0.24336379E+000
  0.13086276E+006  0.36034395E+000
  0.13095003E+006  0.24927516E+000
  0.13103736E+006  0.24134102E+000
  0.13112474E+006  0.24421654E+000
  0.13121218E+006  0.31111803E+000
  0.13129969E+006  0.28649812E+000
  0.13138724E+006  0.31292676E+000
  0.13147486E+006  0.29868399E+000
  0.13156254E+006  0.24312070E+000
  0.13165027E+006  0.25630255E+000
  0.13173807E+006  0.46246477E+000
  0.13182592E+006  0.53849258E+000
  0.13191383E+006  0.33664580E+000
  0.13200180E+006  0.54052839E+000
  0.13208983E+006  0.46144188E+000
  0.13217791E+006  0.27611243E+000
  0.13226606E+006  0.38734536E+000
  0.13235426E+006  0.23919139E+000
  0.13244252E+006  0.38912893E+000
  0.13253084E+006  0.27397886E+000
  0.13261922E+006  0.25268111E+000
  0.13270766E+006  0.23999049E+000
  0.13279616E+006  0.24835605E+000
  0.13288472E+006  0.29361641E+000
  0.13297334E+006  0.32054821E+000
  0.13306201E+006  0.29515408E+000
  0.13315075E+006  0.47817279E+000
  0.13323954E+006  0.25860396E+000
  0.13332839E+006  0.25269332E+000
  0.13341731E+006  0.28173998E+000
  0.13350628E+006  0.34482318E+000
  0.13359531E+006  0.29506615E+000
  0.13368440E+006  0.31123926E+000
  0.13377355E+006  0.24285257E+000
  0.13386276E+006  0.53265817E+000
  0.13395203E+006  0.23868811E+000
  0.13404135E+006  0.23300562E+000
  0.13413074E+006  0.44091955E+000
  0.13422019E+006  0.25693537E+000
  0.13430970E+006  0.27088874E+000
  0.13439926E+006  0.27404362E+000
  0.13448889E+006  0.24405150E+000
  0.13457857E+006  0.25621843E+000
  0.13466832E+006  0.31178618E+000
  0.13475813E+006  0.23734490E+000
  0.13484799E+006  0.29788657E+000
  0.13493792E+006  0.28740465E+000
  0.13502790E+006  0.45087628E+000
  0.13511795E+006  0.28308216E+000
  0.13520805E+006  0.30644423E+000
  0.13529822E+006  0.26344314E+000
  0.13538845E+006  0.31844249E+000
  0.13547873E+006  0.23823578E+000
  0.13556908E+006  0.25686753E+000
  0.13565949E+006  0.23004711E+000
  0.13574995E+006  0.27297481E+000
  0.13584048E+006  0.24799079E+000
  0.13593107E+006  0.27313107E+000
  0.13602171E+006  0.27516680E+000
  0.13611242E+006  0.38806579E+000
  0.13620319E+006  0.33719731E+000
  0.13629402E+006  0.26154898E+000
  0.13638491E+006  0.23156867E+000
  0.13647586E+006  0.23971089E+000
  0.13656687E+006  0.26619990E+000
  0.13665794E+006  0.25332979E+000
  0.13674908E+006  0.31755598E+000
  0.13684027E+006  0.23643194E+000
  0.13693153E+006  0.43279783E+000
  0.13702284E+006  0.52045464E+000
  0.13711422E+006  0.43628634E+000
  0.13720565E+006  0.24606215E+000
  0.13729715E+006  0.23759631E+000
  0.13738871E+006  0.22752423E+000
  0.13748033E+006  0.34623903E+000
  0.13757201E+006  0.27652165E+000
  0.13766375E+006  0.28501631E+000
  0.13775556E+006  0.23564362E+000
  0.13784742E+006  0.31648427E+000
  0.13793935E+006  0.23350162E+000
  0.13803133E+006  0.31420972E+000
  0.13812338E+006  0.22877407E+000
  0.13821549E+006  0.34840945E+000
  0.13830766E+006  0.29284764E+000
  0.13839990E+006  0.24448910E+000
  0.13849219E+006  0.48168444E+000
  0.13858455E+006  0.42001071E+000
  0.13867696E+006  0.22465285E+000
  0.13876944E+006  0.27034209E+000
  0.13886198E+006  0.41843493E+000
  0.13895459E+006  0.31420772E+000
  0.13904725E+006  0.23270588E+000
  0.13913998E+006  0.50392729E+000
  0.13923276E+006  0.46495862E+000
  0.13932561E+006  0.50931836E+000
  0.13941853E+006  0.23429014E+000
  0.13951150E+006  0.46495664E+000
  0.13960453E+006  0.29706446E+000
  0.13969763E+006  0.51001028E+000
  0.13979079E+006  0.35384032E+000
  0.13988401E+006  0.50968176E+000
  0.13997730E+006  0.38867179E+000
  0.14007064E+006  0.39490951E+000
  0.14016405E+006  0.24473075E+000
  0.14025752E+006  0.47854843E+000
  0.14035106E+006  0.50723844E+000
  0.14044465E+006  0.50652345E+000
  0.14053831E+006  0.26596444E+000
  0.14063203E+006  0.24252341E+000
  0.14072581E+006  0.25477365E+000
  0.14081966E+006  0.22413421E+000
  0.14091357E+006  0.25321857E+000
  0.14100754E+006  0.24910832E+000
  0.14110157E+006  0.24537717E+000
  0.14119567E+006  0.21999384E+000
  0.14128982E+006  0.40776608E+000
  0.14138405E+006  0.42161297E+000
  0.14147833E+006  0.27044691E+000
  0.14157268E+006  0.22721235E+000
  0.14166709E+006  0.28528244E+000
  0.14176156E+006  0.36475369E+000
  0.14185610E+006  0.49689842E+000
  0.14195070E+006  0.23863123E+000
  0.14204536E+006  0.23163508E+000
  0.14214008E+006  0.22180925E+000
  0.14223487E+006  0.22265738E+000
  0.14232972E+006  0.21788594E+000
  0.14242464E+006  0.37475680E+000
  0.14251962E+006  0.28282262E+000
  0.14261466E+006  0.24608023E+000
  0.14270976E+006  0.24539456E+000
  0.14280493E+006  0.22176149E+000
  0.14290016E+006  0.25716932E+000
  0.14299546E+006  0.49719800E+000
  0.14309082E+006  0.21886329E+000
  0.14318624E+006  0.22231171E+000
  0.14328173E+006  0.49477746E+000
  0.14337728E+006  0.29325903E+000
  0.14347289E+006  0.32816358E+000
  0.14356857E+006  0.25305024E+000
  0.14366431E+006  0.24048301E+000
  0.14376011E+006  0.23735614E+000
  0.14385598E+006  0.25209944E+000
  0.14395191E+006  0.26811619E+000
  0.14404791E+006  0.22377663E+000
  0.14414397E+006  0.30422510E+000
  0.14424010E+006  0.26948121E+000
  0.14433629E+006  0.35490933E+000
  0.14443254E+006  0.22958256E+000
  0.14452886E+006  0.46289615E+000
  0.14462524E+006  0.21931892E+000
  0.14472168E+006  0.21707151E+000
  0.14481819E+006  0.27855080E+000
  0.14491477E+006  0.22148833E+000
  0.14501141E+006  0.21637134E+000
  0.14510811E+006  0.31727476E+000
  0.14520488E+006  0.21601979E+000
  0.14530171E+006  0.32261182E+000
  0.14539861E+006  0.21234150E+000
  0.14549557E+006  0.22772258E+000
  0.14559259E+006  0.36696250E+000
  0.14568969E+006  0.30358424E+000
  0.14578684E+006  0.21503084E+000
  0.14588406E+006  0.22668527E+000
  0.14598135E+006  0.33041473E+000
  0.14607870E+006  0.28648158E+000
  0.14617611E+006  0.25656989E+000
  0.14627359E+006  0.21226071E+000
  0.14637114E+006  0.29712354E+000
  0.14646875E+006  0.24700091E+000
  0.14656642E+006  0.27272684E+000
  0.14666416E+006  0.48134300E+000
  0.14676197E+006  0.21583086E+000
  0.14685984E+006  0.21071625E+000
  0.14695777E+006  0.21185082E+000
  0.14705578E+006  0.21262604E+000
  0.14715384E+006  0.26296930E+000
  0.14725197E+006  0.21821382E+000
  0.14735017E+006  0.24701649E+000
  0.14744843E+006  0.27283457E+000
  0.14754676E+006  0.26060520E+000
  0.14764516E+006  0.22853624E+000
  0.14774362E+006  0.30908245E+000
  0.14784214E+006  0.23557426E+000
  0.14794073E+006  0.28251239E+000
  0.14803939E+006  0.27032082E+000
  0.14813811E+006  0.46255396E+000
  0.14823690E+006  0.27015213E+000
  0.14833575E+006  0.22233717E+000
  0.14843467E+006  0.21651986E+000
  0.14853366E+006  0.21521869E+000
  0.14863271E+006  0.21218877E+000
  0.14873183E+006  0.25058692E+000
  0.14883102E+006  0.47189228E+000
  0.14893027E+006  0.21834172E+000
  0.14902958E+006  0.24553404E+000
  0.14912897E+006  0.32989251E+000
  0.14922841E+006  0.25102500E+000
  0.14932793E+006  0.21263567E+000
  0.14942751E+006  0.46234973E+000
  0.14952716E+006  0.25839361E+000
  0.14962687E+006  0.22583053E+000
  0.14972666E+006  0.26084065E+000
  0.14982650E+006  0.26221327E+000
  0.14992642E+006  0.20632696E+000
  0.15002640E+006  0.46465307E+000
  0.15012645E+006  0.21310597E+000
  0.15022656E+006  0.20674764E+000
  0.15032674E+006  0.21842402E+000
  0.15042699E+006  0.26032816E+000
  0.15052730E+006  0.22391030E+000
  0.15062769E+006  0.24972556E+000
  0.15072814E+006  0.22849895E+000
  0.15082865E+006  0.27439140E+000
  0.15092923E+006  0.28396556E+000
  0.15102988E+006  0.20333000E+000
  0.15113060E+006  0.25611412E+000
  0.15123138E+006  0.20211760E+000
  0.15133223E+006  0.22587664E+000
  0.15143315E+006  0.22349334E+000
  0.15153414E+006  0.20678470E+000
  0.15163519E+006  0.45985218E+000
  0.15173631E+006  0.20564581E+000
  0.15183750E+006  0.30825589E+000
  0.15193876E+006  0.24736936E+000
  0.15204008E+006  0.21654750E+000
  0.15214147E+006  0.20685253E+000
  0.15224293E+006  0.43819938E+000
  0.15234445E+006  0.20045735E+000
  0.15244605E+006  0.25947038E+000
  0.15254771E+006  0.22681238E+000
  0.15264944E+006  0.20759545E+000
  0.15275123E+006  0.20139813E+000
  0.15285310E+006  0.24811800E+000
  0.15295503E+006  0.26885816E+000
  0.15305703E+006  0.22231650E+000
  0.15315910E+006  0.31736624E+000
  0.15326124E+006  0.41850710E+000
  0.15336344E+006  0.25038072E+000
  0.15346571E+006  0.45218344E+000
  0.15356806E+006  0.20043529E+000
  0.15367047E+006  0.23244327E+000
  0.15377294E+006  0.19957014E+000
  0.15387549E+006  0.23231556E+000
  0.15397810E+006  0.21968110E+000
  0.15408079E+006  0.20039356E+000
  0.15418354E+006  0.25840085E+000
  0.15428636E+006  0.19918206E+000
  0.15438925E+006  0.25792381E+000
  0.15449220E+006  0.24299804E+000
  0.15459523E+006  0.28777505E+000
  0.15469832E+006  0.21970012E+000
  0.15480149E+006  0.20933946E+000
  0.15490472E+006  0.22828572E+000
  0.15500802E+006  0.19990128E+000
  0.15511139E+006  0.40455953E+000
  0.15521483E+006  0.19595964E+000
  0.15531833E+006  0.19408020E+000
  0.15542191E+006  0.26009435E+000
  0.15552556E+006  0.20202114E+000
  0.15562927E+006  0.19932270E+000
  0.15573306E+006  0.20351722E+000
  0.15583691E+006  0.33759508E+000
  0.15594083E+006  0.20303826E+000
  0.15604482E+006  0.19543552E+000
  0.15614888E+006  0.19295435E+000
  0.15625301E+006  0.42452101E+000
  0.15635721E+006  0.20689072E+000
  0.15646148E+006  0.19238597E+000
  0.15656582E+006  0.19212471E+000
  0.15667023E+006  0.24195481E+000
  0.15677471E+006  0.19256609E+000
  0.15687926E+006  0.19188936E+000
  0.15698388E+006  0.43076224E+000
  0.15708856E+006  0.19090420E+000
  0.15719332E+006  0.19149523E+000
  0.15729815E+006  0.21221550E+000
  0.15740304E+006  0.21153480E+000
  0.15750801E+006  0.19296903E+000
  0.15761305E+006  0.20507922E+000
  0.15771815E+006  0.24846393E+000
  0.15782333E+006  0.23586480E+000
  0.15792858E+006  0.25834900E+000
  0.15803390E+006  0.43350800E+000
  0.15813928E+006  0.18914936E+000
  0.15824474E+006  0.19268039E+000
  0.15835027E+006  0.19665247E+000
  0.15845587E+006  0.18908253E+000
  0.15856154E+006  0.19033591E+000
  0.15866728E+006  0.20883875E+000
  0.15877309E+006  0.20847414E+000
  0.15887897E+006  0.26001940E+000
  0.15898492E+006  0.19043838E+000
  0.15909094E+006  0.20544344E+000
  0.15919703E+006  0.20855278E+000
  0.15930319E+006  0.21042504E+000
  0.15940943E+006  0.19388582E+000
  0.15951573E+006  0.19932555E+000
  0.15962211E+006  0.19654696E+000
  0.15972856E+006  0.19508086E+000
  0.15983507E+006  0.23498140E+000
  0.15994166E+006  0.20319207E+000
  0.16004832E+006  0.20315585E+000
  0.16015505E+006  0.41761265E+000
  0.16026186E+006  0.20622925E+000
  0.16036873E+006  0.41090147E+000
  0.16047567E+006  0.18539306E+000
  0.16058269E+006  0.19282413E+000
  0.16068978E+006  0.21190111E+000
  0.16079693E+006  0.18468226E+000
  0.16090417E+006  0.18463401E+000
  0.16101147E+006  0.18628410E+000
  0.16111884E+006  0.24871284E+000
  0.16122628E+006  0.20931976E+000
  0.16133380E+006  0.21722874E+000
  0.16144139E+006  0.18513999E+000
  0.16154905E+006  0.18436220E+000
  0.16165678E+006  0.19500083E+000
  0.16176458E+006  0.24285531E+000
  0.16187246E+006  0.19378389E+000
  0.16198041E+006  0.20171747E+000
  0.16208843E+006  0.41642404E+000
  0.16219652E+006  0.18329098E+000
  0.16230468E+006  0.18771012E+000
  0.16241292E+006  0.19309939E+000
  0.16252122E+006  0.19067383E+000
  0.16262960E+006  0.18955429E+000
  0.16273806E+006  0.20034962E+000
  0.16284658E+006  0.21786755E+000
  0.16295518E+006  0.18197686E+000
  0.16306385E+006  0.26012147E+000
  0.16317259E+006  0.25211255E+000
  0.16328140E+006  0.26940274E+000
  0.16339029E+006  0.19699651E+000
  0.16349925E+006  0.21053251E+000
  0.16360828E+006  0.21170925E+000
  0.16371739E+006  0.20450549E+000
  0.16382657E+006  0.18304116E+000
  0.16393582E+006  0.22252292E+000
  0.16404514E+006  0.20571647E+000
  0.16415454E+006  0.17920440E+000
  0.16426400E+006  0.22728425E+000
  0.16437355E+006  0.21395065E+000
  0.16448316E+006  0.23196333E+000
  0.16459285E+006  0.18434273E+000
  0.16470261E+006  0.33211480E+000
  0.16481245E+006  0.17861486E+000
  0.16492235E+006  0.18130737E+000
  0.16503234E+006  0.18639238E+000
  0.16514239E+006  0.22360160E+000
  0.16525252E+006  0.17777298E+000
  0.16536272E+006  0.22645667E+000
  0.16547299E+006  0.21840601E+000
  0.16558334E+006  0.18559436E+000
  0.16569376E+006  0.17876454E+000
  0.16580426E+006  0.25803722E+000
  0.16591483E+006  0.21352896E+000
  0.16602547E+006  0.20908937E+000
  0.16613619E+006  0.17945384E+000
  0.16624698E+006  0.17775991E+000
  0.16635785E+006  0.17647540E+000
  0.16646878E+006  0.19021811E+000
  0.16657980E+006  0.18238496E+000
  0.16669088E+006  0.17506797E+000
  0.16680204E+006  0.18942868E+000
  0.16691328E+006  0.19573571E+000
  0.16702459E+006  0.17808903E+000
  0.16713597E+006  0.17699051E+000
  0.16724743E+006  0.26344970E+000
  0.16735896E+006  0.21366515E+000
  0.16747057E+006  0.17535216E+000
  0.16758225E+006  0.17358018E+000
  0.16769400E+006  0.20787676E+000
  0.16780583E+006  0.17329292E+000
  0.16791773E+006  0.17297254E+000
  0.16802971E+006  0.18644362E+000
  0.16814177E+006  0.17417267E+000
  0.16825389E+006  0.18283371E+000
  0.16836610E+006  0.19616988E+000
  0.16847838E+006  0.17269011E+000
  0.16859073E+006  0.20251729E+000
  0.16870316E+006  0.17161198E+000
  0.16881566E+006  0.19025044E+000
  0.16892824E+006  0.17584901E+000
  0.16904089E+006  0.17950453E+000
  0.16915362E+006  0.17186417E+000
  0.16926642E+006  0.31892759E+000
  0.16937930E+006  0.34693288E+000
  0.16949225E+006  0.20751847E+000
  0.16960528E+006  0.19698207E+000
  0.16971838E+006  0.17656542E+000
  0.16983156E+006  0.21736402E+000
  0.16994482E+006  0.17854382E+000
  0.17005815E+006  0.20572769E+000
  0.17017155E+006  0.18439736E+000
  0.17028504E+006  0.17660490E+000
  0.17039859E+006  0.20346861E+000
  0.17051223E+006  0.22541908E+000
  0.17062594E+006  0.18225212E+000
  0.17073972E+006  0.19014716E+000
  0.17085358E+006  0.17827258E+000
  0.17096752E+006  0.20742273E+000
  0.17108153E+006  0.17350222E+000
  0.17119562E+006  0.19348988E+000
  0.17130978E+006  0.16893507E+000
  0.17142402E+006  0.19439023E+000
  0.17153834E+006  0.25764458E+000
  0.17165273E+006  0.27838278E+000
  0.17176720E+006  0.16881980E+000
  0.17188175E+006  0.16994846E+000
  0.17199637E+006  0.20769874E+000
  0.17211107E+006  0.17860926E+000
  0.17222585E+006  0.19000411E+000
  0.17234070E+006  0.26790339E+000
  0.17245563E+006  0.19692763E+000
  0.17257063E+006  0.21375302E+000
  0.17268571E+006  0.20398773E+000
  0.17280087E+006  0.17635579E+000
  0.17291611E+006  0.16535881E+000
  0.17303142E+006  0.16537796E+000
  0.17314681E+006  0.35917857E+000
  0.17326227E+006  0.24475095E+000
  0.17337782E+006  0.20115701E+000
  0.17349344E+006  0.20334694E+000
  0.17360913E+006  0.16643133E+000
  0.17372491E+006  0.17300504E+000
  0.17384076E+006  0.17202880E+000
  0.17395669E+006  0.19658039E+000
  0.17407269E+006  0.17827775E+000
  0.17418878E+006  0.17304249E+000
  0.17430494E+006  0.16953473E+000
  0.17442117E+006  0.16612998E+000
  0.17453749E+006  0.16662887E+000
  0.17465388E+006  0.16307094E+000
  0.17477035E+006  0.19591958E+000
  0.17488690E+006  0.18420567E+000
  0.17500353E+006  0.20362941E+000
  0.17512023E+006  0.17049983E+000
  0.17523701E+006  0.19003008E+000
  0.17535387E+006  0.18421698E+000
  0.17547081E+006  0.16971360E+000
  0.17558783E+006  0.16678425E+000
  0.17570492E+006  0.19953824E+000
  0.17582209E+006  0.18852429E+000
  0.17593934E+006  0.17299517E+000
  0.17605667E+006  0.16179641E+000
  0.17617408E+006  0.16005732E+000
  0.17629156E+006  0.36057779E+000
  0.17640913E+006  0.18582831E+000
  0.17652677E+006  0.20699356E+000
  0.17664449E+006  0.18561038E+000
  0.17676228E+006  0.16344409E+000
  0.17688016E+006  0.16932451E+000
  0.17699812E+006  0.16070354E+000
  0.17711615E+006  0.16459660E+000
  0.17723426E+006  0.16610502E+000
  0.17735246E+006  0.16005814E+000
  0.17747073E+006  0.18339727E+000
  0.17758908E+006  0.17321118E+000
  0.17770750E+006  0.18587137E+000
  0.17782601E+006  0.17453596E+000
  0.17794460E+006  0.19324783E+000
  0.17806326E+006  0.18265812E+000
  0.17818201E+006  0.17367733E+000
  0.17830083E+006  0.19956796E+000
  0.17841973E+006  0.18997474E+000
  0.17853872E+006  0.19356988E+000
  0.17865778E+006  0.16897969E+000
  0.17877692E+006  0.16622981E+000
  0.17889614E+006  0.15550583E+000
  0.17901544E+006  0.16774798E+000
  0.17913482E+006  0.18053255E+000
  0.17925428E+006  0.19372497E+000
  0.17937382E+006  0.17659388E+000
  0.17949343E+006  0.17193293E+000
  0.17961313E+006  0.18740500E+000
  0.17973291E+006  0.18883067E+000
  0.17985277E+006  0.17216581E+000
  0.17997271E+006  0.20869271E+000
  0.18009272E+006  0.17592526E+000
  0.18021282E+006  0.16101187E+000
  0.18033300E+006  0.18559709E+000
  0.18045326E+006  0.17689739E+000
  0.18057360E+006  0.18861221E+000
  0.18069401E+006  0.18586461E+000
  0.18081451E+006  0.16429694E+000
  0.18093509E+006  0.15437430E+000
  0.18105575E+006  0.34329933E+000
  0.18117649E+006  0.15319497E+000
  0.18129731E+006  0.15658567E+000
  0.18141821E+006  0.15211754E+000
  0.18153920E+006  0.16280828E+000
  0.18166026E+006  0.16083794E+000
  0.18178140E+006  0.16097138E+000
  0.18190263E+006  0.18700403E+000
  0.18202393E+006  0.18950547E+000
  0.18214532E+006  0.18380004E+000
  0.18226678E+006  0.20398564E+000
  0.18238833E+006  0.18560512E+000
  0.18250996E+006  0.15099441E+000
  0.18263167E+006  0.33648792E+000
  0.18275346E+006  0.15072229E+000
  0.18287533E+006  0.18479677E+000
  0.18299729E+006  0.16957598E+000
  0.18311932E+006  0.17260695E+000
  0.18324144E+006  0.18323792E+000
  0.18336363E+006  0.15185494E+000
  0.18348591E+006  0.17620967E+000
  0.18360827E+006  0.17452849E+000
  0.18373072E+006  0.21283116E+000
  0.18385324E+006  0.16893404E+000
  0.18397585E+006  0.15068237E+000
  0.18409853E+006  0.22185081E+000
  0.18422130E+006  0.16913815E+000
  0.18434415E+006  0.18256071E+000
  0.18446709E+006  0.16850812E+000
  0.18459010E+006  0.18193711E+000
  0.18471320E+006  0.15737345E+000
  0.18483638E+006  0.17622337E+000
  0.18495964E+006  0.18037061E+000
  0.18508298E+006  0.18004745E+000
  0.18520641E+006  0.17906972E+000
  0.18532992E+006  0.18899727E+000
  0.18545351E+006  0.17005536E+000
  0.18557718E+006  0.15123061E+000
  0.18570093E+006  0.14951725E+000
  0.18582477E+006  0.22501672E+000
  0.18594869E+006  0.17130607E+000
  0.18607269E+006  0.17820257E+000
  0.18619678E+006  0.17043531E+000
  0.18632095E+006  0.15388218E+000
  0.18644520E+006  0.17754141E+000
  0.18656953E+006  0.16067450E+000
  0.18669395E+006  0.17664486E+000
  0.18681845E+006  0.17642402E+000
  0.18694303E+006  0.17328523E+000
  0.18706770E+006  0.17203288E+000
  0.18719245E+006  0.17596024E+000
  0.18731728E+006  0.17555149E+000
  0.18744220E+006  0.14491830E+000
  0.18756720E+006  0.23528371E+000
  0.18769228E+006  0.14656270E+000
  0.18781744E+006  0.14296330E+000
  0.18794269E+006  0.14460102E+000
  0.18806803E+006  0.14547180E+000
  0.18819344E+006  0.17167523E+000
  0.18831894E+006  0.17216724E+000
  0.18844453E+006  0.15751570E+000
  0.18857019E+006  0.17327170E+000
  0.18869594E+006  0.16839210E+000
  0.18882178E+006  0.27200489E+000
  0.18894770E+006  0.14751951E+000
  0.18907370E+006  0.14409513E+000
  0.18919979E+006  0.15044667E+000
  0.18932596E+006  0.15130463E+000
  0.18945221E+006  0.15299024E+000
  0.18957855E+006  0.14797296E+000
  0.18970498E+006  0.16963142E+000
  0.18983149E+006  0.17006844E+000
  0.18995808E+006  0.17939317E+000
  0.19008475E+006  0.16790522E+000
  0.19021152E+006  0.19724410E+000
  0.19033836E+006  0.16028379E+000
  0.19046529E+006  0.16659519E+000
  0.19059231E+006  0.16930300E+000
  0.19071941E+006  0.15456687E+000
  0.19084659E+006  0.14528078E+000
  0.19097386E+006  0.17457770E+000
  0.19110121E+006  0.23920621E+000
  0.19122865E+006  0.15155926E+000
  0.19135618E+006  0.16554752E+000
  0.19148379E+006  0.16772685E+000
  0.19161148E+006  0.16616121E+000
  0.19173926E+006  0.16499734E+000
  0.19186712E+006  0.14860313E+000
  0.19199507E+006  0.16071556E+000
  0.19212311E+006  0.14223375E+000
  0.19225123E+006  0.17754639E+000
  0.19237944E+006  0.15429622E+000
  0.19250773E+006  0.14214348E+000
  0.19263610E+006  0.15778319E+000
  0.19276457E+006  0.16084578E+000
  0.19289312E+006  0.24927190E+000
  0.19302175E+006  0.14989812E+000
  0.19315047E+006  0.14588472E+000
  0.19327927E+006  0.15269102E+000
  0.19340817E+006  0.15723745E+000
  0.19353714E+006  0.14339010E+000
  0.19366621E+006  0.14427580E+000
  0.19379536E+006  0.13959724E+000
  0.19392459E+006  0.14256130E+000
  0.19405391E+006  0.16485894E+000
  0.19418332E+006  0.15515338E+000
  0.19431282E+006  0.15066544E+000
  0.19444240E+006  0.13994127E+000
  0.19457206E+006  0.14941764E+000
  0.19470182E+006  0.14504848E+000
  0.19483166E+006  0.19434803E+000
  0.19496159E+006  0.13389064E+000
  0.19509160E+006  0.13276593E+000
  0.19522170E+006  0.13370059E+000
  0.19535189E+006  0.15102748E+000
  0.19548216E+006  0.14231637E+000
  0.19561252E+006  0.15265777E+000
  0.19574297E+006  0.15959636E+000
  0.19587350E+006  0.15797111E+000
  0.19600412E+006  0.15866698E+000
  0.19613483E+006  0.14696135E+000
  0.19626563E+006  0.15628486E+000
  0.19639651E+006  0.17757596E+000
  0.19652748E+006  0.16396044E+000
  0.19665854E+006  0.15828795E+000
  0.19678968E+006  0.14495073E+000
  0.19692092E+006  0.14972648E+000
  0.19705224E+006  0.13472884E+000
  0.19718364E+006  0.15564663E+000
  0.19731514E+006  0.13183338E+000
  0.19744672E+006  0.15219670E+000
  0.19757839E+006  0.14540503E+000
  0.19771015E+006  0.14960310E+000
  0.19784200E+006  0.13343061E+000
  0.19797393E+006  0.14562158E+000
  0.19810595E+006  0.13241577E+000
  0.19823806E+006  0.15507693E+000
  0.19837026E+006  0.14186170E+000
  0.19850255E+006  0.15062042E+000
  0.19863492E+006  0.13324058E+000
  0.19876739E+006  0.15205673E+000
  0.19889994E+006  0.16274533E+000
  0.19903258E+006  0.14740099E+000
  0.19916531E+006  0.15411800E+000
  0.19929812E+006  0.15328247E+000
  0.19943103E+006  0.13981230E+000
  0.19956402E+006  0.12875600E+000
  0.19969710E+006  0.12853642E+000
  0.19983028E+006  0.14891939E+000
  0.19996354E+006  0.27247964E+000
  0.20009688E+006  0.15270841E+000
  0.20023032E+006  0.13821550E+000
  0.20036385E+006  0.15133508E+000
  0.20049747E+006  0.12820810E+000
  0.20063117E+006  0.13836495E+000
  0.20076496E+006  0.14426620E+000
  0.20089885E+006  0.15215773E+000
  0.20103282E+006  0.15115528E+000
  0.20116688E+006  0.14571108E+000
  0.20130103E+006  0.15058867E+000
  0.20143528E+006  0.16473854E+000
  0.20156961E+006  0.15849187E+000
  0.20170403E+006  0.13863945E+000
  0.20183854E+006  0.15176052E+000
  0.20197314E+006  0.14470475E+000
  0.20210782E+006  0.19145514E+000
  0.20224260E+006  0.14871277E+000
  0.20237747E+006  0.12485244E+000
  0.20251243E+006  0.13887145E+000
  0.20264748E+006  0.12640052E+000
  0.20278262E+006  0.14812040E+000
  0.20291785E+006  0.14210506E+000
  0.20305317E+006  0.12529346E+000
  0.20318858E+006  0.13616450E+000
  0.20332408E+006  0.14405478E+000
  0.20345967E+006  0.19332430E+000
  0.20359535E+006  0.14690759E+000
  0.20373112E+006  0.14653249E+000
  0.20386698E+006  0.15733469E+000
  0.20400293E+006  0.12956586E+000
  0.20413897E+006  0.13071140E+000
  0.20427511E+006  0.14166697E+000
  0.20441133E+006  0.13993575E+000
  0.20454765E+006  0.12800663E+000
  0.20468405E+006  0.15125715E+000
  0.20482055E+006  0.21771589E+000
  0.20495714E+006  0.14470055E+000
  0.20509382E+006  0.14243549E+000
  0.20523059E+006  0.13217849E+000
  0.20536745E+006  0.12983093E+000
  0.20550440E+006  0.14383294E+000
  0.20564145E+006  0.14236295E+000
  0.20577858E+006  0.12874159E+000
  0.20591581E+006  0.12155749E+000
  0.20605313E+006  0.16083191E+000
  0.20619054E+006  0.14250435E+000
  0.20632804E+006  0.18522673E+000
  0.20646563E+006  0.14069911E+000
  0.20660332E+006  0.12235524E+000
  0.20674109E+006  0.14209576E+000
  0.20687896E+006  0.12074389E+000
  0.20701692E+006  0.13520934E+000
  0.20715497E+006  0.12653499E+000
  0.20729312E+006  0.13271186E+000
  0.20743136E+006  0.13051370E+000
  0.20756969E+006  0.12458486E+000
  0.20770811E+006  0.12488680E+000
  0.20784662E+006  0.13951428E+000
  0.20798523E+006  0.14056381E+000
  0.20812392E+006  0.11815879E+000
  0.20826272E+006  0.12511041E+000
  0.20840160E+006  0.13254762E+000
  0.20854058E+006  0.12645134E+000
  0.20867964E+006  0.13227246E+000
  0.20881881E+006  0.13840165E+000
  0.20895806E+006  0.13615191E+000
  0.20909741E+006  0.13826377E+000
  0.20923685E+006  0.11719040E+000
  0.20937638E+006  0.13776508E+000
  0.20951601E+006  0.12376341E+000
  0.20965573E+006  0.11718419E+000
  0.20979554E+006  0.13259983E+000
  0.20993544E+006  0.15659850E+000
  0.21007544E+006  0.13325824E+000
  0.21021554E+006  0.12731730E+000
  0.21035572E+006  0.13603522E+000
  0.21049600E+006  0.12248323E+000
  0.21063637E+006  0.13610734E+000
  0.21077684E+006  0.21928289E+000
  0.21091740E+006  0.13146041E+000
  0.21105805E+006  0.11814764E+000
  0.21119880E+006  0.13321362E+000
  0.21133964E+006  0.11760264E+000
  0.21148058E+006  0.13283388E+000
  0.21162161E+006  0.11584249E+000
  0.21176273E+006  0.13235756E+000
  0.21190395E+006  0.13123618E+000
  0.21204526E+006  0.11510692E+000
  0.21218667E+006  0.11495289E+000
  0.21232817E+006  0.13177045E+000
  0.21246976E+006  0.13118073E+000
  0.21261145E+006  0.12255563E+000
  0.21275323E+006  0.12587459E+000
  0.21289511E+006  0.16856927E+000
  0.21303708E+006  0.11389397E+000
  0.21317915E+006  0.13216517E+000
  0.21332131E+006  0.13519073E+000
  0.21346357E+006  0.12535559E+000
  0.21360592E+006  0.11273586E+000
  0.21374837E+006  0.11629700E+000
  0.21389091E+006  0.13091587E+000
  0.21403355E+006  0.12337511E+000
  0.21417628E+006  0.11981757E+000
  0.21431911E+006  0.12063274E+000
  0.21446203E+006  0.12119256E+000
  0.21460505E+006  0.11547864E+000
  0.21474816E+006  0.11495739E+000
  0.21489137E+006  0.11186160E+000
  0.21503467E+006  0.14408085E+000
  0.21517807E+006  0.11384151E+000
  0.21532157E+006  0.11490369E+000
  0.21546516E+006  0.11265801E+000
  0.21560884E+006  0.11795642E+000
  0.21575262E+006  0.12804617E+000
  0.21589650E+006  0.14040992E+000
  0.21604048E+006  0.11465420E+000
  0.21618455E+006  0.11152849E+000
  0.21632871E+006  0.13258545E+000
  0.21647298E+006  0.11078555E+000
  0.21661733E+006  0.18943996E+000
  0.21676179E+006  0.11248211E+000
  0.21690634E+006  0.11166736E+000
  0.21705099E+006  0.11086806E+000
  0.21719573E+006  0.12227758E+000
  0.21734057E+006  0.10941639E+000
  0.21748551E+006  0.14057516E+000
  0.21763054E+006  0.10947739E+000
  0.21777567E+006  0.11813295E+000
  0.21792090E+006  0.10880817E+000
  0.21806623E+006  0.11055248E+000
  0.21821165E+006  0.11724052E+000
  0.21835717E+006  0.11302470E+000
  0.21850278E+006  0.23009986E+000
  0.21864849E+006  0.12005075E+000
  0.21879430E+006  0.11766985E+000
  0.21894021E+006  0.10807719E+000
  0.21908621E+006  0.12904008E+000
  0.21923231E+006  0.11084719E+000
  0.21937851E+006  0.10787478E+000
  0.21952481E+006  0.22777162E+000
  0.21967120E+006  0.10661735E+000
  0.21981769E+006  0.10656408E+000
  0.21996428E+006  0.11693146E+000
  0.22011097E+006  0.10664199E+000
  0.22025775E+006  0.10912995E+000
  0.22040464E+006  0.11806636E+000
  0.22055162E+006  0.10873927E+000
  0.22069870E+006  0.12818153E+000
  0.22084587E+006  0.10776336E+000
  0.22099315E+006  0.11174775E+000
  0.22114052E+006  0.10499486E+000
  0.22128799E+006  0.10465656E+000
  0.22143556E+006  0.10458695E+000
  0.22158323E+006  0.10457636E+000
  0.22173100E+006  0.10736277E+000
  0.22187886E+006  0.10393847E+000
  0.22202682E+006  0.11665149E+000
  0.22217489E+006  0.10378409E+000
  0.22232305E+006  0.11627613E+000
  0.22247131E+006  0.10655247E+000
  0.22261967E+006  0.10321762E+000
  0.22276812E+006  0.12578744E+000
  0.22291668E+006  0.10896752E+000
  0.22306534E+006  0.10298617E+000
  0.22321409E+006  0.10243991E+000
  0.22336295E+006  0.10236520E+000
  0.22351190E+006  0.10221166E+000
  0.22366095E+006  0.12528403E+000
  0.22381010E+006  0.17057688E+000
  0.22395935E+006  0.10495819E+000
  0.22410871E+006  0.11803039E+000
  0.22425816E+006  0.10169207E+000
  0.22440771E+006  0.10202572E+000
  0.22455736E+006  0.10470983E+000
  0.22470711E+006  0.10115410E+000
  0.22485696E+006  0.10068456E+000
  0.22500691E+006  0.10286741E+000
  0.22515696E+006  0.12847910E+000
  0.22530711E+006  0.10859219E+000
  0.22545736E+006  0.10257022E+000
  0.22560771E+006  0.10094496E+000
  0.22575816E+006  0.17777446E+000
  0.22590871E+006  0.10454540E+000
  0.22605936E+006  0.99676980E-001
  0.22621011E+006  0.11096249E+000
  0.22636096E+006  0.99279306E-001
  0.22651191E+006  0.99288857E-001
  0.22666297E+006  0.10584297E+000
  0.22681412E+006  0.98805458E-001
  0.22696538E+006  0.98553934E-001
  0.22711673E+006  0.99201350E-001
  0.22726819E+006  0.98367082E-001
  0.22741974E+006  0.99059141E-001
  0.22757140E+006  0.97858057E-001
  0.22772316E+006  0.11383175E+000
  0.22787502E+006  0.96609111E-001
  0.22802699E+006  0.10280848E+000
  0.22817905E+006  0.98211588E-001
  0.22833122E+006  0.10111344E+000
  0.22848348E+006  0.98003922E-001
  0.22863585E+006  0.97654178E-001
  0.22878832E+006  0.97043178E-001
  0.22894089E+006  0.96483048E-001
  0.22909356E+006  0.96424804E-001
  0.22924634E+006  0.97748004E-001
  0.22939922E+006  0.98759295E-001
  0.22955219E+006  0.96568228E-001
  0.22970527E+006  0.14695704E+000
  0.22985846E+006  0.95567581E-001
  0.23001174E+006  0.95553103E-001
  0.23016513E+006  0.10009108E+000
  0.23031862E+006  0.95374247E-001
  0.23047221E+006  0.97549158E-001
  0.23062591E+006  0.95080964E-001
  0.23077970E+006  0.94846436E-001
  0.23093360E+006  0.95966134E-001
  0.23108760E+006  0.96323344E-001
  0.23124171E+006  0.94235806E-001
  0.23139592E+006  0.10075431E+000
  0.23155023E+006  0.97055067E-001
  0.23170464E+006  0.10783066E+000
  0.23185915E+006  0.94810749E-001
  0.23201377E+006  0.10359780E+000
  0.23216850E+006  0.11988791E+000
  0.23232332E+006  0.99241721E-001
  0.23247825E+006  0.93159446E-001
  0.23263328E+006  0.92959226E-001
  0.23278842E+006  0.92826395E-001
  0.23294366E+006  0.94305024E-001
  0.23309900E+006  0.94012163E-001
  0.23325444E+006  0.93674357E-001
  0.23340999E+006  0.94397649E-001
  0.23356565E+006  0.10856218E+000
  0.23372140E+006  0.91830665E-001
  0.23387727E+006  0.91878614E-001
  0.23403323E+006  0.91811957E-001
  0.23418930E+006  0.91613258E-001
  0.23434547E+006  0.91316955E-001
  0.23450175E+006  0.91115393E-001
  0.23465813E+006  0.91343531E-001
  0.23481462E+006  0.94896124E-001
  0.23497121E+006  0.90913244E-001
  0.23512790E+006  0.91688874E-001
  0.23528470E+006  0.12389805E+000
  0.23544160E+006  0.90557784E-001
  0.23559861E+006  0.10622090E+000
  0.23575573E+006  0.89909940E-001
  0.23591294E+006  0.90171244E-001
  0.23607027E+006  0.14038209E+000
  0.23622769E+006  0.89885559E-001
  0.23638523E+006  0.89874914E-001
  0.23654286E+006  0.89328118E-001
  0.23670061E+006  0.90696850E-001
  0.23685845E+006  0.10006200E+000
  0.23701641E+006  0.12432085E+000
  0.23717446E+006  0.88572935E-001
  0.23733263E+006  0.88824001E-001
  0.23749090E+006  0.11840113E+000
  0.23764927E+006  0.99209630E-001
  0.23780775E+006  0.88575686E-001
  0.23796634E+006  0.96117189E-001
  0.23812503E+006  0.89093914E-001
  0.23828383E+006  0.88306478E-001
  0.23844273E+006  0.87584975E-001
  0.23860174E+006  0.16813196E+000
  0.23876086E+006  0.87819574E-001
  0.23892008E+006  0.91351201E-001
  0.23907941E+006  0.18224307E+000
  0.23923884E+006  0.86845131E-001
  0.23939838E+006  0.92159285E-001
  0.23955803E+006  0.87744077E-001
  0.23971778E+006  0.88659985E-001
  0.23987764E+006  0.86539529E-001
  0.24003761E+006  0.89096374E-001
  0.24019768E+006  0.86225764E-001
  0.24035786E+006  0.86407563E-001
  0.24051815E+006  0.92915861E-001
  0.24067854E+006  0.85476972E-001
  0.24083904E+006  0.85319790E-001
  0.24099965E+006  0.93858019E-001
  0.24116036E+006  0.96391772E-001
  0.24132118E+006  0.85302938E-001
  0.24148211E+006  0.86939226E-001
  0.24164315E+006  0.92428457E-001
  0.24180429E+006  0.85129224E-001
  0.24196555E+006  0.84357716E-001
  0.24212690E+006  0.10237929E+000
  0.24228837E+006  0.87161067E-001
  0.24244994E+006  0.84315887E-001
  0.24261163E+006  0.92793161E-001
  0.24277342E+006  0.99645071E-001
  0.24293531E+006  0.84765650E-001
  0.24309732E+006  0.11514397E+000
  0.24325943E+006  0.85827263E-001
  0.24342165E+006  0.13816844E+000
  0.24358398E+006  0.85142184E-001
  0.24374642E+006  0.12163325E+000
  0.24390897E+006  0.91987675E-001
  0.24407162E+006  0.84483881E-001
  0.24423439E+006  0.84876798E-001
  0.24439726E+006  0.83373380E-001
  0.24456024E+006  0.83150407E-001
  0.24472333E+006  0.82777792E-001
  0.24488653E+006  0.82341976E-001
  0.24504983E+006  0.83007243E-001
  0.24521325E+006  0.92813238E-001
  0.24537677E+006  0.92707855E-001
  0.24554041E+006  0.81673234E-001
  0.24570415E+006  0.11552465E+000
  0.24586800E+006  0.94663927E-001
  0.24603196E+006  0.99506641E-001
  0.24619603E+006  0.98589433E-001
  0.24636021E+006  0.11117051E+000
  0.24652450E+006  0.95292766E-001
  0.24668890E+006  0.89365918E-001
  0.24685341E+006  0.10277469E+000
  0.24701803E+006  0.89055986E-001
  0.24718276E+006  0.87533429E-001
  0.24734759E+006  0.10046267E+000
  0.24751254E+006  0.84594895E-001
  0.24767760E+006  0.10071398E+000
  0.24784277E+006  0.92539158E-001
  0.24800804E+006  0.95335342E-001
  0.24817343E+006  0.87093046E-001
  0.24833893E+006  0.79104420E-001
  0.24850454E+006  0.90400002E-001
  0.24867026E+006  0.79115050E-001
  0.24883609E+006  0.78932868E-001
  0.24900203E+006  0.79936320E-001
  0.24916808E+006  0.10970396E+000
  0.24933424E+006  0.86416300E-001
  0.24950052E+006  0.81614085E-001
  0.24966690E+006  0.99469709E-001
  0.24983339E+006  0.78483851E-001
  0.25000000E+006  0.81496655E-001
