 *********************************************************************************
   Plane-parallel Cool-MARCS (=MSG) model for Teff = 2566. K, log(g) = 5.2
 *********************************************************************************

The model is computed in 53 layers from log_10(tau_ross)= -5.00 to  2.50
 This model has the elemental abundances of the general type Solar
meaning that at a scale where epsilon(H) = log(H)=12, epsilon(elm) included:
 12.00 10.93 8.39 7.78 8.66 6.17 7.53 6.37 7.51 5.08 6.31 4.90 4.00 7.45 2.58
  H     He    C    N    O    Na   Mg   Al   Si   K    Ca   Ti   V    Fe   Zr  
The model used  84 molecules/atoms in the opacity computation. They were:
 SO2  TiH  CO2  OH   CrH  CH   AlCl ZrO  PO   NaCl SiS  NO   LiF  HCN  C3   C2H2 MgH  TiO 
 CaH  SiO  LiCl PH3  H2   C2   KCl  HCl  CP   LiH  NaH  AlF  FeH  BeH  MgF  CaF  CH4  CO  
 CN   H2CO NH3  AlO  VO   SiH  PN   CS   KF   H2O  PS   SN   AlH  NaF  HS   NH   Al   Be  
 Ca   Cl   C    Cr   Fe   F    K    Li   Mg   Na   N    O    P    Si   S    Ti   V    Zr  
 O2   O3   COS  N2O  SO3  H2S  CS2  NO2  N2   S2   SO   C2H4
The OS cross sections (cm2/molecule) were read into  7949 wavenumbers between
 400.0 and 80000.0 cm-1 (= 0.125 to  25. mu). We used only each 10th in the radiative transfer
 of this model, resulting in a (statistical spectral) OS-resolution of 1500.0

Convection was computed based on the parameter choice:
palfa, pbeta, pny, py = 1.5 0.0 8.0 0.076
(but convection was apriori considered irelevant for the uppermost 26 layers)
 Irradiation: off

Chemistry:
 Disequilibrium Status: OFF 
 Cloud model: OFF

The convergence criterium was delta(T)= 2.0 K and temp. corr. in the last iteration was 0.00 K


 Technical settings:
dpein,dtin,method-pe,inz.K=12,kort,kpi,mihal,lops,nops: 0.005 0.005 1 4.339eV 5  0 40 0  1

 *********************************************************************************




 C O R R E C T I O N S  I N  T H E  L A S T  I T E R A T I O N
 K LOG(TauR)  TAUROSS      T       DELTA(T)     FCONV    DELTA(FCONV)  K
  1  -5.00   1.00E-05    1311.21      -0.09   0.000E+00    0.00E+00    1
  2  -4.85   1.41E-05    1336.26      -0.03   0.000E+00    0.00E+00    2
  3  -4.70   2.00E-05    1362.96       0.00   0.000E+00    0.00E+00    3
  4  -4.55   2.82E-05    1390.24       0.01   0.000E+00    0.00E+00    4
  5  -4.40   3.98E-05    1418.11       0.02   0.000E+00    0.00E+00    5
  6  -4.25   5.62E-05    1446.55       0.01   0.000E+00    0.00E+00    6
  7  -4.10   7.94E-05    1475.52      -0.00   0.000E+00    0.00E+00    7
  8  -3.95   1.12E-04    1504.89      -0.00   0.000E+00    0.00E+00    8
  9  -3.80   1.58E-04    1534.59       0.00   0.000E+00    0.00E+00    9
 10  -3.65   2.24E-04    1564.37       0.01   0.000E+00    0.00E+00   10
 11  -3.50   3.16E-04    1593.79       0.00   0.000E+00    0.00E+00   11
 12  -3.35   4.47E-04    1622.91       0.00   0.000E+00    0.00E+00   12
 13  -3.20   6.31E-04    1652.36      -0.00   0.000E+00    0.00E+00   13
 14  -3.05   8.91E-04    1682.57      -0.01   0.000E+00    0.00E+00   14
 15  -2.90   1.26E-03    1713.80      -0.01   0.000E+00    0.00E+00   15
 16  -2.75   1.78E-03    1746.28      -0.01   0.000E+00    0.00E+00   16
 17  -2.60   2.51E-03    1780.21      -0.00   0.000E+00    0.00E+00   17
 18  -2.45   3.55E-03    1815.89       0.00   0.000E+00    0.00E+00   18
 19  -2.30   5.01E-03    1853.70       0.00   0.000E+00    0.00E+00   19
 20  -2.15   7.08E-03    1893.81      -0.00   0.000E+00    0.00E+00   20
 21  -2.00   1.00E-02    1936.10      -0.00   0.000E+00    0.00E+00   21
 22  -1.85   1.41E-02    1981.01      -0.00   0.000E+00    0.00E+00   22
 23  -1.70   2.00E-02    2029.55       0.00   0.000E+00    0.00E+00   23
 24  -1.55   2.82E-02    2082.70       0.00   0.000E+00    0.00E+00   24
 25  -1.40   3.98E-02    2141.48       0.00   0.000E+00    0.00E+00   25
 26  -1.25   5.62E-02    2207.14       0.00   0.000E+00    0.00E+00   26
 27  -1.10   7.94E-02    2282.07       0.00   0.000E+00    0.00E+00   27
 28  -0.95   1.12E-01    2374.68      -0.00   6.215E+06    0.00E+00   28
 29  -0.80   1.58E-01    2475.89      -0.00   2.744E+07   -9.06E+02   29
 30  -0.65   2.24E-01    2568.82      -0.00   9.041E+07   -1.28E+03   30
 31  -0.50   3.16E-01    2655.65      -0.00   1.860E+08   -1.09E+03   31
 32  -0.35   4.47E-01    2737.74       0.00   3.176E+08   -2.06E+03   32
 33  -0.20   6.31E-01    2815.99       0.00   4.913E+08   -3.14E+03   33
 34  -0.10   7.94E-01    2866.32       0.00   6.265E+08   -3.94E+03   34
 35   0.05   1.12E+00    2940.10       0.00   8.561E+08   -4.03E+03   35
 36   0.20   1.58E+00    3012.17       0.00   1.118E+09   -4.75E+03   36
 37   0.35   2.24E+00    3083.01       0.00   1.389E+09   -7.83E+03   37
 38   0.50   3.16E+00    3153.05       0.00   1.646E+09    3.24E+03   38
 39   0.65   4.47E+00    3222.60      -0.00   1.864E+09    8.99E+03   39
 40   0.80   6.31E+00    3291.79      -0.00   2.032E+09    3.60E+03   40
 41   0.95   8.91E+00    3360.72      -0.00   2.153E+09    3.36E+03   41
 42   1.10   1.26E+01    3429.60      -0.00   2.238E+09    1.97E+03   42
 43   1.25   1.78E+01    3498.69      -0.00   2.297E+09   -8.66E+01   43
 44   1.40   2.51E+01    3568.13      -0.00   2.339E+09    1.81E+02   44
 45   1.55   3.55E+01    3638.00      -0.00   2.369E+09   -3.63E+01   45
 46   1.70   5.01E+01    3708.36      -0.00   2.391E+09   -3.34E+02   46
 47   1.85   7.08E+01    3779.35      -0.00   2.407E+09    6.83E+02   47
 48   2.00   1.00E+02    3851.13      -0.00   2.420E+09    3.91E+02   48
 49   2.10   1.26E+02    3899.48      -0.00   2.427E+09   -8.05E+01   49
 50   2.20   1.58E+02    3948.32      -0.00   2.432E+09    4.37E+01   50
 51   2.30   2.00E+02    3997.65      -0.00   2.437E+09    2.09E+02   51
 52   2.40   2.51E+02    4047.53       0.00   2.440E+09   -1.48E+03   52
 53   2.50   3.16E+02    4098.06       0.01   2.444E+09   -2.48E+03   53


 M O D E L  A T M O S P H E R E   (CGS UNITS)
    K    TAUROSS   TAU(5000)  GEOM. DEPTH     T        PE          PG         PRAD        PTURB     KAPPAROSS     K
    1  1.0000E-05  2.0851E-07   0.0000E+00  1311.21  2.6969E-07  8.0669E+02  5.7196E-02  0.0000E+00  2.1552E-03   1
    2  1.4125E-05  2.9004E-07   9.1901E+04  1336.26  4.6709E-07  1.1222E+03  5.7205E-02  0.0000E+00  2.4063E-03   2
    3  1.9953E-05  3.9367E-07   1.7834E+05  1362.96  8.0672E-07  1.5210E+03  5.7216E-02  0.0000E+00  2.6606E-03   3
    4  2.8184E-05  5.2674E-07   2.6226E+05  1390.24  1.3747E-06  2.0335E+03  5.7229E-02  0.0000E+00  2.9107E-03   4
    5  3.9811E-05  6.9923E-07   3.4548E+05  1418.11  2.3186E-06  2.6979E+03  5.7246E-02  0.0000E+00  3.1590E-03   5
    6  5.6234E-05  9.2441E-07   4.2909E+05  1446.55  3.8766E-06  3.5655E+03  5.7268E-02  0.0000E+00  3.4081E-03   6
    7  7.9433E-05  1.2201E-06   5.1383E+05  1475.52  6.4286E-06  4.7048E+03  5.7296E-02  0.0000E+00  3.6572E-03   7
    8  1.1220E-04  1.6103E-06   6.0020E+05  1504.89  1.0568E-05  6.2077E+03  5.7332E-02  0.0000E+00  3.9085E-03   8
    9  1.5849E-04  2.1274E-06   6.8854E+05  1534.59  1.7217E-05  8.2010E+03  5.7379E-02  0.0000E+00  4.1609E-03   9
   10  2.2387E-04  2.8084E-06   7.7834E+05  1564.37  2.7706E-05  1.0823E+04  5.7439E-02  0.0000E+00  4.5127E-03  10
   11  3.1623E-04  3.6866E-06   8.6798E+05  1593.79  4.3727E-05  1.4185E+04  5.7516E-02  0.0000E+00  5.0204E-03  11
   12  4.4668E-04  4.8132E-06   9.5718E+05  1622.91  6.7836E-05  1.8484E+04  5.7611E-02  0.0000E+00  5.5046E-03  12
   13  6.3096E-04  6.2786E-06   1.0474E+06  1652.36  1.0441E-04  2.4049E+04  5.7733E-02  0.0000E+00  5.9810E-03  13
   14  8.9125E-04  8.2050E-06   1.1394E+06  1682.57  1.6030E-04  3.1309E+04  5.7890E-02  0.0000E+00  6.4581E-03  14
   15  1.2589E-03  1.0762E-05   1.2336E+06  1713.80  2.4618E-04  4.0828E+04  5.8092E-02  0.0000E+00  6.9449E-03  15
   16  1.7783E-03  1.4192E-05   1.3304E+06  1746.28  3.7884E-04  5.3356E+04  5.8354E-02  0.0000E+00  7.4414E-03  16
   17  2.5119E-03  1.8855E-05   1.4299E+06  1780.21  5.8495E-04  6.9896E+04  5.8695E-02  0.0000E+00  7.9520E-03  17
   18  3.5481E-03  2.5309E-05   1.5322E+06  1815.89  9.0758E-04  9.1779E+04  5.9139E-02  0.0000E+00  8.4841E-03  18
   19  5.0119E-03  3.4460E-05   1.6374E+06  1853.70  1.4178E-03  1.2079E+05  5.9720E-02  0.0000E+00  9.0478E-03  19
   20  7.0795E-03  4.7773E-05   1.7449E+06  1893.81  2.2271E-03  1.5893E+05  6.0475E-02  0.0000E+00  9.7962E-03  20
   21  1.0000E-02  6.7659E-05   1.8533E+06  1936.10  3.5012E-03  2.0816E+05  6.1446E-02  0.0000E+00  1.0801E-02  21
   22  1.4125E-02  9.8813E-05   1.9621E+06  1981.01  5.5185E-03  2.7138E+05  6.2694E-02  0.0000E+00  1.1841E-02  22
   23  1.9953E-02  1.5100E-04   2.0725E+06  2029.55  8.7748E-03  3.5298E+05  6.4312E-02  0.0000E+00  1.2946E-02  23
   24  2.8184E-02  2.4475E-04   2.1850E+06  2082.70  1.4129E-02  4.5844E+05  6.6422E-02  0.0000E+00  1.4156E-02  24
   25  3.9811E-02  4.2474E-04   2.2998E+06  2141.48  2.3092E-02  5.9434E+05  6.9185E-02  0.0000E+00  1.5558E-02  25
   26  5.6234E-02  7.9113E-04   2.4168E+06  2207.14  3.8382E-02  7.6851E+05  7.2819E-02  0.0000E+00  1.7221E-02  26
   27  7.9433E-02  1.5725E-03   2.5353E+06  2282.07  6.5213E-02  9.8892E+05  7.7622E-02  0.0000E+00  1.9462E-02  27
   28  1.1220E-01  3.3077E-03   2.6526E+06  2374.68  1.1626E-01  1.2562E+06  8.3961E-02  0.0000E+00  2.3280E-02  28
   29  1.5849E-01  7.2045E-03   2.7665E+06  2475.89  2.0535E-01  1.5682E+06  9.2004E-02  0.0000E+00  2.8333E-02  29
   30  2.2387E-01  1.5481E-02   2.8778E+06  2568.82  3.3678E-01  1.9312E+06  1.0167E-01  0.0000E+00  3.4295E-02  30
   31  3.1623E-01  3.1783E-02   2.9878E+06  2655.65  5.2497E-01  2.3546E+06  1.1306E-01  0.0000E+00  4.1565E-02  31
   32  4.4668E-01  6.2078E-02   3.0970E+06  2737.74  7.8837E-01  2.8482E+06  1.2636E-01  0.0000E+00  5.0383E-02  32
   33  6.3096E-01  1.1577E-01   3.2060E+06  2815.99  1.1495E+00  3.4217E+06  1.4172E-01  0.0000E+00  6.1380E-02  33
   34  7.9433E-01  1.7160E-01   3.2777E+06  2866.32  1.4577E+00  3.8542E+06  1.5315E-01  0.0000E+00  6.9925E-02  34
   35  1.1220E+00  3.0064E-01   3.3868E+06  2940.10  2.0494E+00  4.5909E+06  1.7224E-01  0.0000E+00  8.4759E-02  35
   36  1.5849E+00  5.1212E-01   3.4969E+06  3012.17  2.8350E+00  5.4490E+06  1.9358E-01  0.0000E+00  1.0282E-01  36
   37  2.2387E+00  8.5163E-01   3.6082E+06  3083.01  3.8681E+00  6.4490E+06  2.1690E-01  0.0000E+00  1.2454E-01  37
   38  3.1623E+00  1.3879E+00   3.7211E+06  3153.05  5.2171E+00  7.6158E+06  2.4169E-01  0.0000E+00  1.5073E-01  38
   39  4.4668E+00  2.2220E+00   3.8357E+06  3222.60  6.9663E+00  8.9771E+06  2.6744E-01  0.0000E+00  1.8259E-01  39
   40  6.3096E+00  3.5000E+00   3.9520E+06  3291.79  9.2164E+00  1.0562E+07  2.9379E-01  0.0000E+00  2.2178E-01  40
   41  8.9125E+00  5.4289E+00   4.0700E+06  3360.72  1.2087E+01  1.2403E+07  3.2080E-01  0.0000E+00  2.7002E-01  41
   42  1.2589E+01  8.3043E+00   4.1898E+06  3429.60  1.5731E+01  1.4540E+07  3.4881E-01  0.0000E+00  3.2850E-01  42
   43  1.7783E+01  1.2551E+01   4.3114E+06  3498.69  2.0340E+01  1.7021E+07  3.7823E-01  0.0000E+00  3.9981E-01  43
   44  2.5119E+01  1.8767E+01   4.4351E+06  3568.13  2.6146E+01  1.9898E+07  4.0939E-01  0.0000E+00  4.8727E-01  44
   45  3.5481E+01  2.7772E+01   4.5607E+06  3638.00  3.3424E+01  2.3229E+07  4.4252E-01  0.0000E+00  5.9521E-01  45
   46  5.0119E+01  4.0698E+01   4.6883E+06  3708.36  4.2507E+01  2.7076E+07  4.7781E-01  0.0000E+00  7.2827E-01  46
   47  7.0795E+01  5.9111E+01   4.8177E+06  3779.35  5.3811E+01  3.1518E+07  5.1549E-01  0.0000E+00  8.9128E-01  47
   48  1.0000E+02  8.5183E+01   4.9493E+06  3851.13  6.7851E+01  3.6644E+07  5.5581E-01  0.0000E+00  1.0911E+00  48
   49  1.2589E+02  1.0826E+02   5.0374E+06  3899.48  7.9037E+01  4.0492E+07  5.8426E-01  0.0000E+00  1.2484E+00  49
   50  1.5849E+02  1.3718E+02   5.1265E+06  3948.32  9.1945E+01  4.4726E+07  6.1409E-01  0.0000E+00  1.4286E+00  50
   51  1.9953E+02  1.7336E+02   5.2167E+06  3997.65  1.0682E+02  4.9381E+07  6.4537E-01  0.0000E+00  1.6364E+00  51
   52  2.5119E+02  2.1853E+02   5.3080E+06  4047.53  1.2398E+02  5.4501E+07  6.7819E-01  0.0000E+00  1.8720E+00  52
   53  3.1623E+02  2.7488E+02   5.4006E+06  4098.06  1.4376E+02  6.0137E+07  7.1270E-01  0.0000E+00  2.1405E+00  53


 T H E R M O D Y N A M I C A L  Q U A N T I T I E S  AND  C O N V E C T I O N  (CGS UNITS)
   K   TAUROSS   DENSITY     MU         CP          CV       ADGRAD         Q       SOUND VEL.  CONV. VEL. FCONV/F   K
   1  1.000E-05  1.725E-08   2.317   1.339E+08   9.815E+07   2.669E-01   1.001E+00   2.526E+05   0.000E+00  0.00000  1
   2  1.413E-05  2.354E-08   2.317   1.346E+08   9.884E+07   2.656E-01   1.001E+00   2.547E+05   0.000E+00  0.00000  2
   3  1.995E-05  3.129E-08   2.317   1.352E+08   9.949E+07   2.643E-01   1.002E+00   2.570E+05   0.000E+00  0.00000  3
   4  2.818E-05  4.100E-08   2.317   1.358E+08   1.001E+08   2.631E-01   1.002E+00   2.594E+05   0.000E+00  0.00000  4
   5  3.981E-05  5.333E-08   2.317   1.364E+08   1.007E+08   2.620E-01   1.002E+00   2.618E+05   0.000E+00  0.00000  5
   6  5.623E-05  6.910E-08   2.317   1.370E+08   1.012E+08   2.609E-01   1.002E+00   2.642E+05   0.000E+00  0.00000  6
   7  7.943E-05  8.938E-08   2.316   1.376E+08   1.018E+08   2.599E-01   1.002E+00   2.667E+05   0.000E+00  0.00000  7
   8  1.122E-04  1.156E-07   2.316   1.382E+08   1.024E+08   2.588E-01   1.003E+00   2.692E+05   0.000E+00  0.00000  8
   9  1.585E-04  1.498E-07   2.316   1.389E+08   1.030E+08   2.577E-01   1.003E+00   2.716E+05   0.000E+00  0.00000  9
  10  2.239E-04  1.939E-07   2.316   1.395E+08   1.037E+08   2.566E-01   1.004E+00   2.741E+05   0.000E+00  0.00000 10
  11  3.162E-04  2.495E-07   2.316   1.403E+08   1.044E+08   2.554E-01   1.004E+00   2.764E+05   0.000E+00  0.00000 11
  12  4.467E-04  3.192E-07   2.316   1.410E+08   1.051E+08   2.542E-01   1.005E+00   2.788E+05   0.000E+00  0.00000 12
  13  6.310E-04  4.079E-07   2.316   1.418E+08   1.058E+08   2.529E-01   1.005E+00   2.811E+05   0.000E+00  0.00000 13
  14  8.913E-04  5.215E-07   2.316   1.427E+08   1.067E+08   2.515E-01   1.006E+00   2.834E+05   0.000E+00  0.00000 14
  15  1.259E-03  6.676E-07   2.316   1.437E+08   1.076E+08   2.500E-01   1.007E+00   2.858E+05   0.000E+00  0.00000 15
  16  1.778E-03  8.562E-07   2.316   1.448E+08   1.086E+08   2.484E-01   1.008E+00   2.882E+05   0.000E+00  0.00000 16
  17  2.512E-03  1.100E-06   2.315   1.460E+08   1.098E+08   2.465E-01   1.009E+00   2.907E+05   0.000E+00  0.00000 17
  18  3.548E-03  1.416E-06   2.315   1.475E+08   1.111E+08   2.445E-01   1.010E+00   2.932E+05   0.000E+00  0.00000 18
  19  5.012E-03  1.825E-06   2.315   1.491E+08   1.127E+08   2.422E-01   1.012E+00   2.959E+05   0.000E+00  0.00000 19
  20  7.079E-03  2.351E-06   2.315   1.510E+08   1.145E+08   2.395E-01   1.013E+00   2.986E+05   0.000E+00  0.00000 20
  21  1.000E-02  3.011E-06   2.314   1.533E+08   1.166E+08   2.365E-01   1.016E+00   3.015E+05   0.000E+00  0.00000 21
  22  1.413E-02  3.836E-06   2.314   1.560E+08   1.190E+08   2.331E-01   1.018E+00   3.044E+05   0.000E+00  0.00000 22
  23  1.995E-02  4.868E-06   2.313   1.593E+08   1.221E+08   2.292E-01   1.022E+00   3.075E+05   0.000E+00  0.00000 23
  24  2.818E-02  6.159E-06   2.312   1.634E+08   1.258E+08   2.245E-01   1.026E+00   3.107E+05   0.000E+00  0.00000 24
  25  3.981E-02  7.762E-06   2.311   1.686E+08   1.306E+08   2.188E-01   1.032E+00   3.142E+05   0.000E+00  0.00000 25
  26  5.623E-02  9.731E-06   2.309   1.754E+08   1.368E+08   2.121E-01   1.040E+00   3.179E+05   0.000E+00  0.00000 26
  27  7.943E-02  1.210E-05   2.307   1.846E+08   1.452E+08   2.038E-01   1.051E+00   3.220E+05   0.000E+00  0.00000 27
  28  1.122E-01  1.474E-05   2.303   1.993E+08   1.584E+08   1.925E-01   1.069E+00   3.269E+05   1.637E+03  0.00253 28
  29  1.585E-01  1.761E-05   2.297   2.190E+08   1.761E+08   1.799E-01   1.095E+00   3.321E+05   4.683E+03  0.01115 29
  30  2.239E-01  2.083E-05   2.290   2.394E+08   1.942E+08   1.693E-01   1.123E+00   3.370E+05   6.476E+03  0.03675 30
  31  3.162E-01  2.449E-05   2.283   2.601E+08   2.124E+08   1.605E-01   1.153E+00   3.418E+05   7.679E+03  0.07560 31
  32  4.467E-01  2.863E-05   2.274   2.807E+08   2.304E+08   1.533E-01   1.184E+00   3.466E+05   8.589E+03  0.12909 32
  33  6.310E-01  3.332E-05   2.266   3.010E+08   2.479E+08   1.473E-01   1.216E+00   3.512E+05   9.328E+03  0.19968 33
  34  7.943E-01  3.677E-05   2.260   3.142E+08   2.592E+08   1.440E-01   1.237E+00   3.543E+05   9.720E+03  0.25465 34
  35  1.122E+00  4.253E-05   2.251   3.337E+08   2.757E+08   1.396E-01   1.269E+00   3.590E+05   1.017E+04  0.34798 35
  36  1.585E+00  4.906E-05   2.241   3.526E+08   2.915E+08   1.361E-01   1.301E+00   3.636E+05   1.051E+04  0.45426 36
  37  2.239E+00  5.648E-05   2.231   3.708E+08   3.065E+08   1.332E-01   1.333E+00   3.683E+05   1.071E+04  0.56464 37
  38  3.162E+00  6.491E-05   2.221   3.883E+08   3.208E+08   1.308E-01   1.365E+00   3.730E+05   1.075E+04  0.66889 38
  39  4.467E+00  7.451E-05   2.210   4.051E+08   3.343E+08   1.288E-01   1.396E+00   3.778E+05   1.065E+04  0.75758 39
  40  6.310E+00  8.541E-05   2.200   4.210E+08   3.470E+08   1.272E-01   1.426E+00   3.826E+05   1.043E+04  0.82576 40
  41  8.913E+00  9.776E-05   2.189   4.361E+08   3.588E+08   1.260E-01   1.456E+00   3.874E+05   1.014E+04  0.87494 41
  42  1.259E+01  1.117E-04   2.178   4.503E+08   3.697E+08   1.251E-01   1.485E+00   3.923E+05   9.799E+03  0.90973 42
  43  1.778E+01  1.276E-04   2.167   4.637E+08   3.798E+08   1.244E-01   1.513E+00   3.973E+05   9.441E+03  0.93372 43
  44  2.512E+01  1.455E-04   2.156   4.762E+08   3.891E+08   1.240E-01   1.540E+00   4.023E+05   9.080E+03  0.95057 44
  45  3.548E+01  1.657E-04   2.144   4.878E+08   3.975E+08   1.237E-01   1.566E+00   4.074E+05   8.726E+03  0.96272 45
  46  5.012E+01  1.885E-04   2.133   4.986E+08   4.052E+08   1.236E-01   1.591E+00   4.125E+05   8.384E+03  0.97169 46
  47  7.079E+01  2.141E-04   2.122   5.086E+08   4.120E+08   1.237E-01   1.616E+00   4.177E+05   8.055E+03  0.97840 47
  48  1.000E+02  2.430E-04   2.110   5.177E+08   4.181E+08   1.240E-01   1.639E+00   4.230E+05   7.739E+03  0.98360 48
  49  1.259E+02  2.642E-04   2.103   5.234E+08   4.217E+08   1.242E-01   1.654E+00   4.266E+05   7.537E+03  0.98633 49
  50  1.585E+02  2.872E-04   2.095   5.287E+08   4.251E+08   1.245E-01   1.668E+00   4.302E+05   7.341E+03  0.98852 50
  51  1.995E+02  3.120E-04   2.087   5.336E+08   4.281E+08   1.248E-01   1.682E+00   4.338E+05   7.152E+03  0.99034 51
  52  2.512E+02  3.389E-04   2.080   5.382E+08   4.308E+08   1.252E-01   1.696E+00   4.375E+05   6.969E+03  0.99186 52
  53  3.162E+02  3.679E-04   2.072   5.425E+08   4.332E+08   1.256E-01   1.709E+00   4.412E+05   6.768E+03  0.99338 53


 P A R T I A L  P R E S S U R E S    of 15 selected neutral atoms of the 22 calculated in GGchem
     H       He      C       N       O       Na      Mg      Si      Fe      Al      Ca      Cr      Ti      S       K 
  1  -1.459   2.069 -19.482 -13.305 -11.085  -2.693  -1.331  -9.659  -1.411  -4.656  -2.564  -3.221  -7.817  -5.201  -3.791
  2  -1.221   2.212 -18.904 -12.878 -10.710  -2.549  -1.188  -9.287  -1.268  -4.381  -2.420  -3.078  -7.510  -4.970  -3.646
  3  -0.983   2.344 -18.326 -12.446 -10.325  -2.417  -1.056  -8.921  -1.136  -4.106  -2.287  -2.946  -7.214  -4.733  -3.513
  4  -0.752   2.471 -17.761 -12.024  -9.947  -2.290  -0.930  -8.564  -1.009  -3.838  -2.160  -2.820  -6.930  -4.501  -3.386
  5  -0.525   2.593 -17.207 -11.609  -9.575  -2.168  -0.807  -8.215  -0.887  -3.576  -2.037  -2.697  -6.656  -4.273  -3.263
  6  -0.302   2.715 -16.663 -11.202  -9.210  -2.046  -0.686  -7.872  -0.765  -3.320  -1.915  -2.576  -6.389  -4.049  -3.141
  7  -0.082   2.835 -16.129 -10.803  -8.852  -1.926  -0.565  -7.535  -0.645  -3.070  -1.795  -2.455  -6.129  -3.831  -3.021
  8   0.134   2.955 -15.605 -10.412  -8.504  -1.805  -0.445  -7.203  -0.525  -2.825  -1.674  -2.335  -5.875  -3.618  -2.901
  9   0.345   3.076 -15.092 -10.030  -8.165  -1.684  -0.324  -6.876  -0.404  -2.588  -1.554  -2.214  -5.626  -3.411  -2.780
 10   0.551   3.197 -14.594  -9.660  -7.838  -1.564  -0.204  -6.557  -0.283  -2.358  -1.434  -2.093  -5.384  -3.212  -2.660
 11   0.748   3.314 -14.117  -9.306  -7.526  -1.446  -0.086  -6.251  -0.166  -2.141  -1.317  -1.976  -5.152  -3.023  -2.544
 12   0.938   3.429 -13.659  -8.967  -7.229  -1.331   0.029  -5.956  -0.051  -1.935  -1.202  -1.861  -4.930  -2.842  -2.430
 13   1.125   3.543 -13.210  -8.635  -6.939  -1.217   0.143  -5.667   0.063  -1.736  -1.089  -1.747  -4.711  -2.667  -2.317
 14   1.310   3.658 -12.764  -8.306  -6.652  -1.103   0.257  -5.378   0.178  -1.541  -0.975  -1.632  -4.495  -2.493  -2.204
 15   1.495   3.773 -12.318  -7.977  -6.366  -0.988   0.372  -5.090   0.293  -1.350  -0.861  -1.517  -4.278  -2.320  -2.090
 16   1.681   3.890 -11.872  -7.647  -6.079  -0.871   0.488  -4.800   0.409  -1.164  -0.746  -1.401  -4.062  -2.146  -1.976
 17   1.869   4.007 -11.422  -7.315  -5.790  -0.754   0.605  -4.509   0.527  -0.982  -0.630  -1.284  -3.845  -1.973  -1.861
 18   2.058   4.125 -10.967  -6.980  -5.499  -0.636   0.723  -4.214   0.645  -0.804  -0.513  -1.166  -3.626  -1.797  -1.746
 19   2.251   4.244 -10.506  -6.639  -5.201  -0.517   0.842  -3.915   0.764  -0.630  -0.396  -1.046  -3.406  -1.619  -1.630
 20   2.445   4.363 -10.038  -6.293  -4.899  -0.398   0.961  -3.614   0.883  -0.463  -0.278  -0.927  -3.184  -1.438  -1.516
 21   2.640   4.480  -9.570  -5.945  -4.593  -0.281   1.078  -3.312   1.000  -0.305  -0.164  -0.810  -2.965  -1.257  -1.404
 22   2.836   4.595  -9.098  -5.594  -4.283  -0.167   1.192  -3.010   1.115  -0.155  -0.051  -0.695  -2.748  -1.074  -1.296
 23   3.036   4.710  -8.616  -5.234  -3.963  -0.053   1.306  -2.703   1.229  -0.011   0.060  -0.582  -2.530  -0.886  -1.190
 24   3.242   4.823  -8.119  -4.862  -3.629   0.060   1.418  -2.388   1.343   0.126   0.171  -0.468  -2.310  -0.692  -1.088
 25   3.455   4.935  -7.604  -4.475  -3.280   0.172   1.530  -2.065   1.455   0.258   0.280  -0.356  -2.089  -0.491  -0.991
 26   3.675   5.047  -7.069  -4.071  -2.911   0.282   1.641  -1.731   1.567   0.385   0.387  -0.245  -1.866  -0.281  -0.900
 27   3.907   5.156  -6.506  -3.643  -2.516   0.390   1.749  -1.384   1.676   0.507   0.492  -0.136  -1.643  -0.062  -0.820
 28   4.161   5.259  -5.882  -3.162  -2.062   0.491   1.851  -1.007   1.779   0.622   0.592  -0.033  -1.415   0.182  -0.765
 29   4.413   5.354  -5.261  -2.682  -1.604   0.582   1.944  -0.635   1.874   0.726   0.683   0.061  -1.205   0.419  -0.735
 30   4.632   5.443  -4.726  -2.270  -1.216   0.667   2.032  -0.313   1.963   0.820   0.768   0.150  -1.028   0.616  -0.713
 31   4.826   5.528  -4.253  -1.907  -0.876   0.745   2.116  -0.025   2.048   0.908   0.848   0.235  -0.874   0.785  -0.694
 32   5.000   5.609  -3.827  -1.582  -0.576   0.818   2.195   0.235   2.129   0.991   0.924   0.315  -0.738   0.933  -0.676
 33   5.160   5.687  -3.439  -1.288  -0.305   0.888   2.272   0.473   2.207   1.070   0.996   0.393  -0.616   1.067  -0.656
 34   5.259   5.738  -3.198  -1.106  -0.139   0.932   2.321   0.621   2.257   1.121   1.043   0.443  -0.541   1.148  -0.642
 35   5.401   5.812  -2.857  -0.848   0.095   0.995   2.393   0.832   2.331   1.195   1.111   0.517  -0.436   1.263  -0.619
 36   5.533   5.885  -2.536  -0.607   0.313   1.055   2.464   1.029   2.404   1.267   1.177   0.589  -0.338   1.371  -0.594
 37   5.660   5.956  -2.231  -0.379   0.517   1.114   2.533   1.216   2.475   1.338   1.241   0.660  -0.245   1.472  -0.568
 38   5.780   6.027  -1.941  -0.162   0.709   1.169   2.601   1.394   2.545   1.408   1.304   0.729  -0.157   1.568  -0.540
 39   5.896   6.096  -1.663   0.045   0.892   1.223   2.668   1.563   2.614   1.476   1.365   0.798  -0.074   1.660  -0.510
 40   6.008   6.165  -1.395   0.244   1.067   1.275   2.734   1.724   2.683   1.543   1.425   0.866   0.007   1.749  -0.479
 41   6.115   6.232  -1.137   0.434   1.234   1.325   2.799   1.877   2.750   1.610   1.483   0.933   0.085   1.834  -0.447
 42   6.219   6.300  -0.888   0.618   1.395   1.373   2.863   2.024   2.817   1.675   1.539   0.999   0.159   1.917  -0.414
 43   6.321   6.366  -0.646   0.796   1.549   1.420   2.926   2.163   2.883   1.739   1.594   1.064   0.232   1.997  -0.379
 44   6.419   6.432  -0.411   0.969   1.699   1.466   2.989   2.296   2.948   1.803   1.648   1.128   0.302   2.076  -0.344
 45   6.515   6.497  -0.181   1.137   1.843   1.509   3.050   2.423   3.013   1.866   1.700   1.192   0.371   2.152  -0.309
 46   6.609   6.561   0.043   1.300   1.983   1.552   3.111   2.544   3.077   1.928   1.751   1.255   0.437   2.227  -0.272
 47   6.700   6.625   0.261   1.459   2.119   1.593   3.170   2.659   3.140   1.989   1.800   1.317   0.502   2.300  -0.236
 48   6.790   6.688   0.475   1.614   2.251   1.633   3.229   2.769   3.202   2.049   1.848   1.378   0.565   2.372  -0.198
 49   6.849   6.730   0.616   1.716   2.337   1.659   3.268   2.839   3.244   2.089   1.879   1.418   0.606   2.419  -0.173
 50   6.907   6.772   0.755   1.816   2.422   1.685   3.306   2.907   3.285   2.128   1.910   1.459   0.647   2.466  -0.148
 51   6.965   6.813   0.892   1.915   2.506   1.711   3.345   2.972   3.326   2.168   1.940   1.499   0.687   2.512  -0.122
 52   7.022   6.855   1.029   2.012   2.588   1.736   3.382   3.036   3.367   2.207   1.969   1.538   0.727   2.558  -0.096
 53   7.078   6.896   1.164   2.109   2.669   1.761   3.420   3.098   3.407   2.245   1.998   1.578   0.766   2.604  -0.069


 P A R T I A L  P R E S S U R E S   of 13 selected ions of the 82(+)+52(-)=134 calculated in GGchem
     H2+     OH+     AL+     CA+     K+      MG+     NA+     H2-     OH-     H-      K-      NA-     O-     ions+  pe+ions-
  1 -41.599 -43.274 -14.207 -11.563  -6.578 -16.221  -8.546 -20.209 -14.526 -13.060 -16.364 -15.084 -19.836  -6.573  -6.573
  2 -40.564 -42.259 -13.721 -11.198  -6.340 -15.747  -8.251 -19.665 -14.153 -12.657 -16.037 -14.762 -19.347  -6.334  -6.334
  3 -39.508 -41.216 -13.222 -10.830  -6.103 -15.267  -7.956 -19.128 -13.786 -12.259 -15.724 -14.453 -18.854  -6.097  -6.097
  4 -38.471 -40.192 -12.731 -10.471  -5.872 -14.797  -7.668 -18.606 -13.429 -11.871 -15.423 -14.156 -18.371  -5.865  -5.865
  5 -37.454 -39.185 -12.250 -10.118  -5.645 -14.335  -7.385 -18.096 -13.080 -11.492 -15.129 -13.866 -17.897  -5.637  -5.637
  6 -36.455 -38.196 -11.778  -9.772  -5.423 -13.882  -7.107 -17.594 -12.737 -11.119 -14.840 -13.581 -17.432  -5.414  -5.414
  7 -35.475 -37.229 -11.317  -9.431  -5.204 -13.437  -6.833 -17.101 -12.399 -10.752 -14.555 -13.299 -16.976  -5.194  -5.194
  8 -34.519 -36.285 -10.869  -9.098  -4.989 -13.002  -6.565 -16.615 -12.067 -10.392 -14.274 -13.020 -16.530  -4.978  -4.978
  9 -33.587 -35.368 -10.435  -8.773  -4.779 -12.577  -6.302 -16.138 -11.741 -10.038 -13.995 -12.744 -16.095  -4.766  -4.766
 10 -32.686 -34.483 -10.019  -8.456  -4.573 -12.164  -6.046 -15.671 -11.423  -9.693 -13.720 -12.471 -15.673  -4.559  -4.559
 11 -31.827 -33.641  -9.624  -8.154  -4.377 -11.770  -5.802 -15.224 -11.118  -9.363 -13.455 -12.208 -15.271  -4.361  -4.361
 12 -31.006 -32.836  -9.250  -7.864  -4.188 -11.393  -5.566 -14.792 -10.823  -9.044 -13.198 -11.953 -14.885  -4.170  -4.170
 13 -30.204 -32.052  -8.888  -7.580  -4.002 -11.023  -5.335 -14.368 -10.534  -8.731 -12.945 -11.701 -14.508  -3.982  -3.982
 14 -29.409 -31.275  -8.533  -7.298  -3.818 -10.657  -5.106 -13.947 -10.247  -8.421 -12.692 -11.450 -14.134  -3.796  -3.796
 15 -28.616 -30.501  -8.183  -7.016  -3.634 -10.291  -4.877 -13.525  -9.959  -8.110 -12.439 -11.198 -13.761  -3.610  -3.610
 16 -27.821 -29.725  -7.836  -6.734  -3.450  -9.924  -4.647 -13.102  -9.671  -7.798 -12.186 -10.944 -13.388  -3.423  -3.423
 17 -27.020 -28.944  -7.493  -6.449  -3.264  -9.554  -4.415 -12.675  -9.381  -7.484 -11.930 -10.690 -13.012  -3.234  -3.234
 18 -26.211 -28.154  -7.152  -6.162  -3.077  -9.180  -4.180 -12.245  -9.088  -7.167 -11.674 -10.432 -12.632  -3.043  -3.043
 19 -25.387 -27.350  -6.812  -5.870  -2.887  -8.800  -3.942 -11.809  -8.791  -6.846 -11.415 -10.173 -12.245  -2.850  -2.850
 20 -24.550 -26.532  -6.474  -5.573  -2.695  -8.414  -3.700 -11.368  -8.491  -6.522 -11.156  -9.912 -11.854  -2.654  -2.654
 21 -23.706 -25.705  -6.140  -5.276  -2.504  -8.025  -3.457 -10.929  -8.193  -6.198 -10.900  -9.654 -11.461  -2.457  -2.457
 22 -22.850 -24.865  -5.811  -4.975  -2.312  -7.632  -3.212 -10.489  -7.894  -5.874 -10.649  -9.399 -11.064  -2.260  -2.260
 23 -21.969 -23.998  -5.479  -4.667  -2.118  -7.229  -2.961 -10.043  -7.591  -5.544 -10.399  -9.143 -10.658  -2.058  -2.058
 24 -21.054 -23.095  -5.142  -4.348  -1.919  -6.810  -2.701  -9.587  -7.282  -5.207 -10.149  -8.886 -10.238  -1.851  -1.851
 25 -20.096 -22.147  -4.796  -4.016  -1.717  -6.374  -2.431  -9.120  -6.965  -4.861  -9.902  -8.627  -9.802  -1.638  -1.638
 26 -19.088 -21.146  -4.439  -3.668  -1.510  -5.916  -2.149  -8.640  -6.641  -4.506  -9.658  -8.367  -9.348  -1.417  -1.417
 27 -18.012 -20.071  -4.063  -3.298  -1.299  -5.429  -1.850  -8.143  -6.305  -4.137  -9.422  -8.107  -8.869  -1.187  -1.187
 28 -16.783 -18.833  -3.641  -2.880  -1.078  -4.876  -1.514  -7.610  -5.946  -3.739  -9.202  -7.845  -8.333  -0.936  -0.936
 29 -15.545 -17.583  -3.220  -2.460  -0.873  -4.320  -1.178  -7.089  -5.597  -3.351  -9.014  -7.599  -7.801  -0.689  -0.689
 30 -14.490 -16.521  -2.860  -2.099  -0.706  -3.843  -0.890  -6.635  -5.293  -3.014  -8.855  -7.381  -7.345  -0.475  -0.474
 31 -13.568 -15.596  -2.545  -1.783  -0.565  -3.426  -0.638  -6.228  -5.020  -2.712  -8.712  -7.182  -6.944  -0.282  -0.282
 32 -12.748 -14.777  -2.265  -1.502  -0.442  -3.054  -0.415  -5.857  -4.771  -2.437  -8.579  -6.996  -6.583  -0.106  -0.106
 33 -12.010 -14.043  -2.012  -1.249  -0.333  -2.719  -0.215  -5.514  -4.541  -2.184  -8.453  -6.823  -6.255   0.058   0.058
 34 -11.556 -13.592  -1.857  -1.093  -0.267  -2.513  -0.093  -5.299  -4.396  -2.025  -8.372  -6.713  -6.051   0.161   0.161
 35 -10.918 -12.960  -1.638  -0.875  -0.172  -2.222   0.078  -4.992  -4.189  -1.798  -8.252  -6.554  -5.763   0.308   0.308
 36 -10.324 -12.373  -1.434  -0.672  -0.084  -1.952   0.235  -4.700  -3.992  -1.582  -8.135  -6.403  -5.492   0.449   0.449
 37  -9.766 -11.824  -1.242  -0.481   0.001  -1.697   0.382  -4.421  -3.804  -1.376  -8.020  -6.257  -5.236   0.583   0.583
 38  -9.238 -11.305  -1.060  -0.301   0.082  -1.455   0.520  -4.154  -3.623  -1.179  -7.906  -6.117  -4.992   0.713   0.713
 39  -8.735 -10.813  -0.886  -0.130   0.160  -1.225   0.651  -3.895  -3.448  -0.988  -7.794  -5.982  -4.759   0.838   0.838
 40  -8.255 -10.343  -0.719   0.033   0.236  -1.005   0.775  -3.645  -3.280  -0.805  -7.683  -5.851  -4.535   0.959   0.959
 41  -7.795  -9.894  -0.559   0.189   0.311  -0.793   0.892  -3.404  -3.116  -0.627  -7.573  -5.725  -4.320   1.076   1.076
 42  -7.353  -9.464  -0.404   0.339   0.383  -0.590   1.004  -3.169  -2.958  -0.455  -7.465  -5.603  -4.114   1.190   1.190
 43  -6.926  -9.050  -0.254   0.482   0.454  -0.393   1.112  -2.940  -2.804  -0.288  -7.359  -5.484  -3.914   1.301   1.301
 44  -6.512  -8.649  -0.109   0.621   0.525  -0.202   1.215  -2.717  -2.653  -0.125  -7.253  -5.368  -3.719   1.410   1.410
 45  -6.112  -8.261   0.033   0.755   0.593  -0.017   1.315  -2.500  -2.507   0.035  -7.148  -5.256  -3.531   1.516   1.516
 46  -5.722  -7.885   0.170   0.884   0.661   0.163   1.410  -2.287  -2.363   0.190  -7.045  -5.147  -3.348   1.620   1.620
 47  -5.344  -7.520   0.304   1.009   0.728   0.337   1.503  -2.078  -2.223   0.342  -6.942  -5.040  -3.170   1.723   1.723
 48  -4.975  -7.165   0.435   1.130   0.794   0.508   1.592  -1.874  -2.086   0.491  -6.840  -4.936  -2.996   1.824   1.824
 49  -4.733  -6.933   0.520   1.208   0.837   0.619   1.650  -1.739  -1.996   0.589  -6.772  -4.867  -2.882   1.890   1.890
 50  -4.495  -6.705   0.604   1.285   0.881   0.729   1.707  -1.607  -1.907   0.686  -6.705  -4.800  -2.770   1.956   1.956
 51  -4.261  -6.481   0.687   1.360   0.924   0.837   1.763  -1.475  -1.819   0.782  -6.638  -4.733  -2.659   2.022   2.022
 52  -4.029  -6.260   0.769   1.434   0.966   0.943   1.818  -1.344  -1.732   0.877  -6.571  -4.667  -2.550   2.087   2.087
 53  -3.801  -6.041   0.850   1.506   1.009   1.048   1.872  -1.215  -1.646   0.971  -6.503  -4.601  -2.442   2.152   2.152


 P A R T I A L  P R E S S U R E S   of 15 iselected neutral molecules (k1mol) of the 409 calculated in GGchem
     H2      C2      N2      O2      CH      CN      CO      CO2     H2O     CH4     NH3     HCN     C2H2    C3      TIO   
  1   2.838 -27.469  -1.383 -14.838 -18.497 -14.837  -0.471  -4.167  -0.604  -7.571  -6.351  -8.027 -13.480 -30.697  -4.226
  2   2.981 -26.760  -1.240 -14.467 -17.942 -14.400  -0.328  -4.048  -0.460  -7.310  -6.106  -7.743 -13.086 -29.968  -4.047
  3   3.113 -26.062  -1.107 -14.085 -17.394 -13.974  -0.196  -3.940  -0.328  -7.088  -5.885  -7.481 -12.727 -29.266  -3.882
  4   3.239 -25.384  -0.981 -13.710 -16.862 -13.561  -0.070  -3.838  -0.202  -6.881  -5.675  -7.231 -12.385 -28.587  -3.728
  5   3.362 -24.720  -0.859 -13.342 -16.341 -13.158   0.053  -3.738  -0.080  -6.682  -5.471  -6.987 -12.053 -27.924  -3.581
  6   3.483 -24.067  -0.737 -12.980 -15.828 -12.761   0.174  -3.640   0.041  -6.484  -5.270  -6.747 -11.725 -27.272  -3.439
  7   3.604 -23.425  -0.617 -12.625 -15.324 -12.370   0.295  -3.541   0.162  -6.284  -5.069  -6.508 -11.398 -26.629  -3.300
  8   3.724 -22.793  -0.497 -12.279 -14.828 -11.984   0.415  -3.442   0.282  -6.081  -4.867  -6.270 -11.070 -25.993  -3.165
  9   3.845 -22.171  -0.376 -11.943 -14.340 -11.603   0.536  -3.341   0.403  -5.872  -4.663  -6.030 -10.740 -25.363  -3.032
 10   3.965 -21.563  -0.255 -11.619 -13.863 -11.230   0.657  -3.240   0.523  -5.659  -4.459  -5.791 -10.411 -24.745  -2.901
 11   4.083 -20.980  -0.138 -11.310 -13.406 -10.871   0.774  -3.141   0.640  -5.448  -4.259  -5.558 -10.088 -24.148  -2.775
 12   4.198 -20.417  -0.023 -11.015 -12.965 -10.524   0.889  -3.044   0.755  -5.237  -4.062  -5.330  -9.772 -23.571  -2.653
 13   4.312 -19.865   0.091 -10.727 -12.532 -10.183   1.003  -2.946   0.870  -5.026  -3.866  -5.103  -9.457 -23.001  -2.533
 14   4.427 -19.315   0.206 -10.442 -12.101  -9.843   1.118  -2.848   0.984  -4.812  -3.669  -4.876  -9.142 -22.433  -2.413
 15   4.542 -18.764   0.321 -10.158 -11.670  -9.502   1.233  -2.749   1.100  -4.596  -3.470  -4.647  -8.823 -21.864  -2.294
 16   4.658 -18.212   0.437  -9.873 -11.237  -9.160   1.349  -2.649   1.216  -4.377  -3.270  -4.417  -8.502 -21.293  -2.175
 17   4.775 -17.656   0.555  -9.587 -10.801  -8.815   1.467  -2.548   1.333  -4.156  -3.067  -4.184  -8.178 -20.717  -2.055
 18   4.893 -17.094   0.673  -9.297 -10.361  -8.467   1.585  -2.446   1.451  -3.933  -2.864  -3.949  -7.851 -20.136  -1.936
 19   5.012 -16.524   0.792  -9.001  -9.914  -8.115   1.704  -2.342   1.571  -3.710  -2.658  -3.713  -7.522 -19.548  -1.816
 20   5.132 -15.949   0.911  -8.701  -9.463  -7.759   1.823  -2.240   1.690  -3.489  -2.453  -3.476  -7.194 -18.956  -1.697
 21   5.249 -15.375   1.028  -8.397  -9.013  -7.405   1.940  -2.139   1.807  -3.275  -2.253  -3.244  -6.871 -18.369  -1.581
 22   5.364 -14.800   1.143  -8.089  -8.561  -7.051   2.055  -2.040   1.922  -3.069  -2.057  -3.015  -6.555 -17.784  -1.469
 23   5.478 -14.216   1.257  -7.771  -8.102  -6.694   2.169  -1.942   2.036  -2.871  -1.864  -2.788  -6.242 -17.196  -1.359
 24   5.591 -13.619   1.371  -7.440  -7.632  -6.329   2.283  -1.846   2.150  -2.680  -1.674  -2.563  -5.933 -16.599  -1.252
 25   5.703 -13.005   1.483  -7.093  -7.149  -5.956   2.396  -1.751   2.262  -2.499  -1.487  -2.339  -5.627 -15.992  -1.149
 26   5.814 -12.373   1.595  -6.727  -6.650  -5.574   2.507  -1.657   2.373  -2.330  -1.305  -2.118  -5.326 -15.375  -1.051
 27   5.923 -11.716   1.704  -6.334  -6.132  -5.180   2.616  -1.567   2.482  -2.179  -1.130  -1.901  -5.034 -14.745  -0.962
 28   6.025 -11.006   1.807  -5.883  -5.569  -4.761   2.719  -1.485   2.584  -2.072  -0.973  -1.696  -4.764 -14.089  -0.889
 29   6.119 -10.309   1.902  -5.428  -5.015  -4.351   2.814  -1.411   2.679  -1.990  -0.833  -1.507  -4.518 -13.454  -0.834
 30   6.207  -9.700   1.991  -5.041  -4.533  -3.991   2.903  -1.338   2.767  -1.896  -0.697  -1.329  -4.284 -12.891  -0.789
 31   6.290  -9.156   2.076  -4.704  -4.102  -3.667   2.988  -1.268   2.851  -1.792  -0.565  -1.160  -4.059 -12.380  -0.751
 32   6.369  -8.661   2.157  -4.405  -3.711  -3.370   3.069  -1.198   2.931  -1.683  -0.436  -0.999  -3.841 -11.909  -0.718
 33   6.445  -8.206   2.235  -4.135  -3.352  -3.096   3.147  -1.131   3.007  -1.569  -0.310  -0.843  -3.630 -11.470  -0.688
 34   6.494  -7.922   2.286  -3.970  -3.127  -2.923   3.198  -1.086   3.057  -1.491  -0.228  -0.742  -3.492 -11.193  -0.670
 35   6.567  -7.516   2.360  -3.737  -2.807  -2.676   3.272  -1.020   3.130  -1.373  -0.106  -0.594  -3.289 -10.795  -0.645
 36   6.637  -7.131   2.432  -3.520  -2.504  -2.441   3.345  -0.955   3.201  -1.252   0.015  -0.449  -3.089 -10.414  -0.621
 37   6.706  -6.764   2.503  -3.317  -2.215  -2.216   3.416  -0.891   3.271  -1.129   0.134  -0.307  -2.892 -10.048  -0.599
 38   6.774  -6.412   2.573  -3.125  -1.938  -1.999   3.486  -0.827   3.340  -1.005   0.253  -0.167  -2.697  -9.693  -0.577
 39   6.841  -6.072   2.642  -2.942  -1.671  -1.788   3.556  -0.762   3.408  -0.878   0.371  -0.029  -2.504  -9.349  -0.556
 40   6.907  -5.744   2.710  -2.767  -1.413  -1.584   3.624  -0.699   3.475  -0.751   0.487   0.108  -2.313  -9.014  -0.536
 41   6.972  -5.426   2.777  -2.600  -1.163  -1.386   3.692  -0.636   3.541  -0.623   0.603   0.242  -2.124  -8.687  -0.516
 42   7.037  -5.117   2.843  -2.440  -0.921  -1.193   3.759  -0.573   3.607  -0.494   0.718   0.375  -1.936  -8.368  -0.496
 43   7.100  -4.815   2.908  -2.285  -0.684  -1.005   3.825  -0.511   3.671  -0.365   0.832   0.507  -1.750  -8.056  -0.477
 44   7.163  -4.521   2.973  -2.136  -0.454  -0.820   3.891  -0.448   3.735  -0.235   0.945   0.637  -1.565  -7.749  -0.459
 45   7.225  -4.233   3.037  -1.991  -0.228  -0.640   3.956  -0.387   3.799  -0.105   1.057   0.766  -1.382  -7.448  -0.441
 46   7.287  -3.951   3.099  -1.851  -0.008  -0.462   4.020  -0.326   3.861   0.024   1.168   0.894  -1.200  -7.152  -0.423
 47   7.348  -3.674   3.161  -1.716   0.208  -0.288   4.084  -0.265   3.923   0.154   1.278   1.020  -1.019  -6.860  -0.407
 48   7.408  -3.402   3.222  -1.584   0.421  -0.117   4.147  -0.205   3.983   0.284   1.387   1.146  -0.840  -6.573  -0.391
 49   7.447  -3.224   3.262  -1.498   0.560  -0.005   4.189  -0.165   4.024   0.371   1.459   1.229  -0.720  -6.383  -0.380
 50   7.487  -3.046   3.301  -1.414   0.699   0.107   4.230  -0.126   4.063   0.457   1.531   1.311  -0.601  -6.194  -0.370
 51   7.526  -2.870   3.340  -1.331   0.836   0.217   4.272  -0.087   4.103   0.544   1.603   1.393  -0.482  -6.007  -0.361
 52   7.566  -2.696   3.379  -1.249   0.971   0.327   4.313  -0.048   4.142   0.631   1.674   1.475  -0.364  -5.821  -0.352
 53   7.605  -2.522   3.417  -1.169   1.106   0.436   4.354  -0.009   4.180   0.717   1.744   1.557  -0.245  -5.635  -0.343


 P A R T I A L  P R E S S U R E S   of 15 selected neutral molecules (k2mol) of the 409 calculated in GGchem
     OH      MGH     ALH     HS      HCL     NACL    KH      CAH     CAOH    TIH     CRH     FEH     SIO     SIC     SIC2  
  1  -6.752  -4.997  -5.788  -3.462  -3.506  -5.125  -8.223  -4.989  -4.373 -11.625  -7.563  -7.631  -1.402 -23.214 -23.448
  2  -6.467  -4.766  -5.495  -3.265  -3.351  -5.044  -7.982  -4.779  -4.248 -11.235  -7.329  -7.362  -1.257 -22.597 -22.871
  3  -6.181  -4.553  -5.210  -3.071  -3.209  -4.985  -7.756  -4.586  -4.143 -10.861  -7.112  -7.108  -1.124 -21.994 -22.324
  4  -5.902  -4.349  -4.934  -2.883  -3.074  -4.934  -7.541  -4.401  -4.045 -10.502  -6.904  -6.864  -0.997 -21.409 -21.798
  5  -5.628  -4.150  -4.665  -2.699  -2.944  -4.887  -7.331  -4.222  -3.950 -10.155  -6.701  -6.625  -0.873 -20.836 -21.284
  6  -5.360  -3.954  -4.401  -2.518  -2.817  -4.841  -7.124  -4.046  -3.856  -9.816  -6.502  -6.390  -0.750 -20.273 -20.779
  7  -5.095  -3.759  -4.142  -2.340  -2.692  -4.793  -6.919  -3.870  -3.762  -9.484  -6.303  -6.157  -0.629 -19.718 -20.278
  8  -4.837  -3.564  -3.888  -2.166  -2.567  -4.743  -6.716  -3.694  -3.665  -9.159  -6.105  -5.926  -0.507 -19.172 -19.781
  9  -4.583  -3.369  -3.639  -1.995  -2.441  -4.688  -6.512  -3.518  -3.565  -8.838  -5.907  -5.695  -0.385 -18.633 -19.287
 10  -4.336  -3.176  -3.397  -1.828  -2.317  -4.630  -6.310  -3.342  -3.463  -8.525  -5.711  -5.466  -0.264 -18.105 -18.799
 11  -4.100  -2.988  -3.166  -1.668  -2.195  -4.570  -6.113  -3.171  -3.362  -8.224  -5.519  -5.244  -0.145 -17.598 -18.326
 12  -3.873  -2.803  -2.945  -1.514  -2.076  -4.509  -5.922  -3.004  -3.261  -7.933  -5.332  -5.027  -0.029 -17.108 -17.866
 13  -3.651  -2.621  -2.731  -1.364  -1.958  -4.446  -5.732  -2.837  -3.159  -7.648  -5.147  -4.813   0.086 -16.626 -17.412
 14  -3.430  -2.437  -2.521  -1.214  -1.839  -4.381  -5.542  -2.670  -3.056  -7.364  -4.961  -4.599   0.201 -16.146 -16.957
 15  -3.209  -2.253  -2.314  -1.064  -1.719  -4.314  -5.351  -2.502  -2.952  -7.080  -4.774  -4.383   0.318 -15.666 -16.501
 16  -2.987  -2.068  -2.111  -0.914  -1.599  -4.246  -5.159  -2.333  -2.847  -6.795  -4.586  -4.166   0.435 -15.183 -16.043
 17  -2.764  -1.881  -1.912  -0.764  -1.476  -4.177  -4.967  -2.163  -2.740  -6.508  -4.396  -3.947   0.553 -14.697 -15.580
 18  -2.539  -1.692  -1.717  -0.612  -1.353  -4.107  -4.772  -1.991  -2.633  -6.220  -4.205  -3.726   0.672 -14.206 -15.113
 19  -2.310  -1.502  -1.527  -0.459  -1.228  -4.038  -4.577  -1.818  -2.526  -5.929  -4.012  -3.503   0.792 -13.709 -14.642
 20  -2.078  -1.311  -1.344  -0.305  -1.104  -3.970  -4.382  -1.646  -2.421  -5.637  -3.819  -3.279   0.913 -13.208 -14.168
 21  -1.846  -1.124  -1.171  -0.152  -0.981  -3.907  -4.191  -1.476  -2.319  -5.347  -3.629  -3.057   1.031 -12.708 -13.700
 22  -1.611  -0.940  -1.008   0.001  -0.861  -3.849  -4.004  -1.310  -2.221  -5.060  -3.441  -2.837   1.147 -12.208 -13.236
 23  -1.372  -0.756  -0.854   0.155  -0.743  -3.797  -3.820  -1.146  -2.128  -4.772  -3.255  -2.617   1.262 -11.701 -12.771
 24  -1.126  -0.574  -0.708   0.310  -0.625  -3.752  -3.638  -0.984  -2.038  -4.482  -3.069  -2.397   1.377 -11.185 -12.303
 25  -0.871  -0.392  -0.570   0.468  -0.509  -3.715  -3.460  -0.823  -1.954  -4.190  -2.884  -2.174   1.491 -10.656 -11.830
 26  -0.606  -0.211  -0.441   0.628  -0.395  -3.688  -3.289  -0.665  -1.877  -3.896  -2.700  -1.950   1.603 -10.113 -11.354
 27  -0.327  -0.033  -0.322   0.789  -0.284  -3.675  -3.128  -0.511  -1.809  -3.601  -2.519  -1.726   1.714  -9.552 -10.875
 28  -0.018   0.139  -0.221   0.954  -0.180  -3.696  -2.990  -0.367  -1.763  -3.302  -2.343  -1.501   1.819  -8.952 -10.390
 29   0.288   0.298  -0.136   1.107  -0.085  -3.732  -2.882  -0.235  -1.730  -3.024  -2.180  -1.287   1.916  -8.365  -9.928
 30   0.553   0.445  -0.053   1.236   0.003  -3.754  -2.789  -0.111  -1.691  -2.785  -2.030  -1.092   2.006  -7.850  -9.512
 31   0.787   0.584   0.027   1.350   0.086  -3.764  -2.705   0.006  -1.647  -2.573  -1.888  -0.912   2.091  -7.389  -9.128
 32   0.997   0.716   0.107   1.452   0.166  -3.766  -2.626   0.118  -1.599  -2.383  -1.754  -0.743   2.171  -6.969  -8.771
 33   1.189   0.841   0.186   1.546   0.241  -3.763  -2.550   0.225  -1.550  -2.209  -1.626  -0.584   2.247  -6.583  -8.435
 34   1.308   0.922   0.237   1.604   0.290  -3.759  -2.499   0.294  -1.517  -2.101  -1.544  -0.482   2.296  -6.341  -8.221
 35   1.477   1.040   0.314   1.688   0.362  -3.750  -2.425   0.395  -1.465  -1.948  -1.424  -0.334   2.367  -5.996  -7.913
 36   1.635   1.155   0.391   1.768   0.432  -3.738  -2.350   0.494  -1.413  -1.803  -1.307  -0.191   2.435  -5.669  -7.617
 37   1.785   1.267   0.467   1.845   0.500  -3.724  -2.275   0.589  -1.360  -1.666  -1.193  -0.052   2.500  -5.359  -7.331
 38   1.928   1.377   0.544   1.920   0.567  -3.709  -2.200   0.683  -1.307  -1.534  -1.081   0.084   2.563  -5.061  -7.055
 39   2.066   1.485   0.620   1.993   0.634  -3.693  -2.124   0.775  -1.254  -1.407  -0.971   0.216   2.623  -4.776  -6.786
 40   2.198   1.592   0.695   2.064   0.699  -3.676  -2.048   0.865  -1.200  -1.285  -0.863   0.346   2.680  -4.502  -6.525
 41   2.325   1.696   0.770   2.134   0.764  -3.658  -1.973   0.953  -1.147  -1.166  -0.756   0.473   2.734  -4.238  -6.272
 42   2.448   1.799   0.845   2.203   0.827  -3.639  -1.897   1.039  -1.094  -1.051  -0.652   0.598   2.785  -3.985  -6.026
 43   2.567   1.900   0.919   2.271   0.890  -3.621  -1.820   1.123  -1.042  -0.939  -0.549   0.721   2.833  -3.740  -5.787
 44   2.683   2.000   0.993   2.337   0.953  -3.602  -1.744   1.206  -0.991  -0.829  -0.447   0.842   2.878  -3.503  -5.555
 45   2.796   2.099   1.067   2.403   1.014  -3.583  -1.668   1.286  -0.940  -0.723  -0.346   0.962   2.919  -3.275  -5.328
 46   2.906   2.196   1.140   2.468   1.075  -3.564  -1.592   1.365  -0.890  -0.619  -0.247   1.079   2.956  -3.054  -5.108
 47   3.013   2.291   1.212   2.533   1.135  -3.545  -1.516   1.442  -0.842  -0.517  -0.150   1.195   2.990  -2.841  -4.894
 48   3.118   2.386   1.284   2.596   1.195  -3.527  -1.441   1.517  -0.795  -0.417  -0.054   1.309   3.020  -2.635  -4.685
 49   3.186   2.448   1.331   2.638   1.234  -3.514  -1.390   1.566  -0.764  -0.352   0.010   1.385   3.038  -2.501  -4.549
 50   3.254   2.510   1.378   2.680   1.273  -3.502  -1.339   1.615  -0.733  -0.288   0.073   1.459   3.055  -2.370  -4.414
 51   3.321   2.571   1.425   2.722   1.312  -3.489  -1.289   1.662  -0.704  -0.224   0.135   1.533   3.069  -2.241  -4.282
 52   3.386   2.632   1.472   2.763   1.351  -3.477  -1.238   1.709  -0.674  -0.161   0.198   1.607   3.083  -2.115  -4.151
 53   3.451   2.692   1.519   2.805   1.390  -3.464  -1.187   1.755  -0.646  -0.099   0.259   1.680   3.095  -1.990  -4.022


 P A R T I A L  P R E S S U R E S   of 15 iselected neutral molecules (k3mol) of the 409 calculated in GGchem
     CS      VO      CRO     FEO     ZRO     SIS     ALOH    KOH     FES     H2S     H2SO4   PH3     TIO2    O3      TIC   
  1  -8.703  -5.409  -7.373  -7.654  -6.831  -2.311  -2.842  -7.756  -5.226  -1.863 -31.384  -7.383  -4.302 -34.533 -18.542
  2  -8.432  -5.209  -7.201  -7.451  -6.637  -2.177  -2.694  -7.593  -5.099  -1.718 -31.018  -7.148  -4.205 -33.869 -18.054
  3  -8.169  -5.023  -7.040  -7.258  -6.455  -2.054  -2.558  -7.448  -4.983  -1.584 -30.658  -6.939  -4.125 -33.186 -17.587
  4  -7.915  -4.848  -6.885  -7.072  -6.283  -1.938  -2.428  -7.311  -4.873  -1.457 -30.307  -6.742  -4.053 -32.515 -17.140
  5  -7.667  -4.682  -6.734  -6.890  -6.118  -1.826  -2.303  -7.179  -4.767  -1.334 -29.963  -6.551  -3.987 -31.855 -16.706
  6  -7.424  -4.522  -6.585  -6.710  -5.959  -1.715  -2.180  -7.048  -4.663  -1.212 -29.625  -6.363  -3.925 -31.208 -16.283
  7  -7.184  -4.368  -6.438  -6.533  -5.803  -1.605  -2.059  -6.917  -4.559  -1.091 -29.291  -6.176  -3.864 -30.573 -15.867
  8  -6.947  -4.220  -6.291  -6.357  -5.652  -1.495  -1.939  -6.785  -4.455  -0.971 -28.963  -5.989  -3.805 -29.955 -15.459
  9  -6.714  -4.076  -6.144  -6.182  -5.503  -1.385  -1.820  -6.651  -4.351  -0.851 -28.639  -5.799  -3.745 -29.354 -15.056
 10  -6.485  -3.937  -5.999  -6.010  -5.357  -1.275  -1.704  -6.516  -4.246  -0.731 -28.322  -5.610  -3.685 -28.773 -14.662
 11  -6.265  -3.806  -5.858  -5.843  -5.218  -1.168  -1.592  -6.383  -4.144  -0.614 -28.018  -5.424  -3.626 -28.221 -14.283
 12  -6.052  -3.682  -5.720  -5.681  -5.084  -1.063  -1.486  -6.253  -4.045  -0.500 -27.724  -5.242  -3.568 -27.694 -13.916
 13  -5.843  -3.562  -5.584  -5.520  -4.953  -0.959  -1.382  -6.122  -3.945  -0.387 -27.435  -5.062  -3.511 -27.179 -13.556
 14  -5.634  -3.446  -5.447  -5.360  -4.823  -0.855  -1.282  -5.991  -3.846  -0.274 -27.147  -4.881  -3.453 -26.669 -13.198
 15  -5.426  -3.333  -5.310  -5.199  -4.694  -0.751  -1.185  -5.858  -3.746  -0.160 -26.858  -4.699  -3.395 -26.161 -12.839
 16  -5.216  -3.223  -5.172  -5.037  -4.565  -0.645  -1.091  -5.725  -3.646  -0.046 -26.568  -4.518  -3.338 -25.652 -12.480
 17  -5.006  -3.116  -5.033  -4.874  -4.437  -0.540  -1.002  -5.590  -3.545   0.069 -26.276  -4.336  -3.280 -25.139 -12.119
 18  -4.794  -3.013  -4.892  -4.710  -4.308  -0.434  -0.918  -5.455  -3.444   0.184 -25.980  -4.155  -3.222 -24.620 -11.755
 19  -4.580  -2.914  -4.750  -4.543  -4.179  -0.327  -0.841  -5.320  -3.342   0.301 -25.680  -3.975  -3.166 -24.092 -11.388
 20  -4.365  -2.821  -4.608  -4.376  -4.051  -0.222  -0.773  -5.186  -3.242   0.416 -25.376  -3.799  -3.112 -23.554 -11.020
 21  -4.152  -2.735  -4.468  -4.210  -3.926  -0.120  -0.716  -5.056  -3.145   0.528 -25.073  -3.630  -3.061 -23.012 -10.656
 22  -3.941  -2.658  -4.329  -4.046  -3.804  -0.021  -0.671  -4.931  -3.051   0.637 -24.770  -3.470  -3.014 -22.460 -10.296
 23  -3.729  -2.588  -4.191  -3.881  -3.684   0.076  -0.638  -4.811  -2.961   0.744 -24.462  -3.318  -2.973 -21.891  -9.936
 24  -3.515  -2.528  -4.053  -3.715  -3.564   0.168  -0.619  -4.697  -2.874   0.848 -24.148  -3.175  -2.936 -21.299  -9.573
 25  -3.300  -2.477  -3.914  -3.548  -3.447   0.257  -0.613  -4.589  -2.791   0.949 -23.827  -3.043  -2.907 -20.678  -9.209
 26  -3.083  -2.437  -3.776  -3.378  -3.330   0.341  -0.623  -4.491  -2.714   1.045 -23.496  -2.924  -2.887 -20.023  -8.843
 27  -2.866  -2.411  -3.638  -3.207  -3.217   0.416  -0.653  -4.409  -2.647   1.133 -23.156  -2.826  -2.881 -19.321  -8.476
 28  -2.647  -2.411  -3.502  -3.033  -3.110   0.471  -0.723  -4.361  -2.601   1.202 -22.794  -2.769  -2.904 -18.514  -8.108
 29  -2.444  -2.426  -3.373  -2.866  -3.012   0.508  -0.809  -4.343  -2.572   1.255 -22.445  -2.741  -2.945 -17.700  -7.766
 30  -2.268  -2.435  -3.257  -2.716  -2.922   0.543  -0.872  -4.327  -2.544   1.304 -22.142  -2.707  -2.982 -17.008  -7.469
 31  -2.110  -2.439  -3.148  -2.579  -2.837   0.577  -0.917  -4.310  -2.516   1.351 -21.872  -2.666  -3.014 -16.405  -7.204
 32  -1.966  -2.438  -3.046  -2.451  -2.756   0.611  -0.950  -4.289  -2.486   1.397 -21.626  -2.620  -3.044 -15.870  -6.965
 33  -1.832  -2.433  -2.950  -2.331  -2.680   0.645  -0.971  -4.266  -2.454   1.442 -21.400  -2.569  -3.070 -15.388  -6.745
 34  -1.747  -2.428  -2.888  -2.255  -2.631   0.667  -0.981  -4.248  -2.433   1.473 -21.257  -2.533  -3.087 -15.092  -6.608
 35  -1.624  -2.418  -2.799  -2.145  -2.559   0.701  -0.990  -4.218  -2.399   1.519 -21.054  -2.476  -3.110 -14.675  -6.412
 36  -1.507  -2.406  -2.712  -2.039  -2.491   0.735  -0.993  -4.186  -2.365   1.565 -20.859  -2.416  -3.131 -14.288  -6.227
 37  -1.392  -2.392  -2.628  -1.936  -2.425   0.769  -0.992  -4.150  -2.328   1.612 -20.673  -2.354  -3.150 -13.924  -6.050
 38  -1.281  -2.376  -2.545  -1.837  -2.361   0.802  -0.986  -4.112  -2.290   1.660 -20.492  -2.288  -3.168 -13.581  -5.880
 39  -1.172  -2.359  -2.465  -1.739  -2.300   0.835  -0.977  -4.071  -2.252   1.709 -20.316  -2.221  -3.185 -13.254  -5.716
 40  -1.066  -2.340  -2.386  -1.644  -2.241   0.867  -0.965  -4.028  -2.211   1.759 -20.145  -2.152  -3.200 -12.942  -5.557
 41  -0.961  -2.320  -2.309  -1.551  -2.185   0.898  -0.950  -3.984  -2.170   1.809 -19.978  -2.081  -3.215 -12.644  -5.402
 42  -0.857  -2.299  -2.233  -1.460  -2.131   0.927  -0.933  -3.938  -2.128   1.860 -19.814  -2.009  -3.228 -12.358  -5.252
 43  -0.755  -2.278  -2.159  -1.371  -2.080   0.954  -0.914  -3.891  -2.085   1.911 -19.653  -1.936  -3.240 -12.082  -5.106
 44  -0.655  -2.256  -2.085  -1.283  -2.032   0.980  -0.894  -3.843  -2.042   1.962 -19.495  -1.861  -3.252 -11.815  -4.963
 45  -0.555  -2.233  -2.014  -1.197  -1.987   1.003  -0.872  -3.794  -1.998   2.015 -19.340  -1.787  -3.264 -11.557  -4.822
 46  -0.457  -2.210  -1.943  -1.112  -1.944   1.024  -0.850  -3.744  -1.954   2.067 -19.188  -1.712  -3.275 -11.308  -4.685
 47  -0.359  -2.187  -1.874  -1.029  -1.905   1.042  -0.827  -3.694  -1.909   2.119 -19.039  -1.636  -3.286 -11.065  -4.551
 48  -0.262  -2.165  -1.807  -0.947  -1.869   1.058  -0.803  -3.643  -1.864   2.172 -18.892  -1.560  -3.297 -10.830  -4.419
 49  -0.198  -2.149  -1.762  -0.893  -1.847   1.067  -0.786  -3.609  -1.834   2.207 -18.796  -1.509  -3.305 -10.677  -4.332
 50  -0.134  -2.134  -1.718  -0.840  -1.827   1.076  -0.770  -3.575  -1.804   2.242 -18.701  -1.458  -3.313 -10.526  -4.246
 51  -0.070  -2.119  -1.675  -0.788  -1.807   1.082  -0.754  -3.541  -1.773   2.277 -18.607  -1.407  -3.322 -10.378  -4.161
 52  -0.007  -2.104  -1.633  -0.736  -1.789   1.088  -0.738  -3.506  -1.743   2.313 -18.514  -1.356  -3.330 -10.232  -4.077
 53   0.057  -2.090  -1.591  -0.685  -1.773   1.093  -0.721  -3.472  -1.712   2.348 -18.422  -1.304  -3.340 -10.088  -3.994


 P A R T I A L  P R E S S U R E S  -- overview of all the 565 neutral and ionized species from GGchem
          22 neutral atoms (atnames), 409 neutral molecules, 82 positive ions, 52 negative ions (molnames):
     H       He      C       N       O       Na      Mg      Si      F       Fe      Al      Ca      Cr      Ti      S 
      1       2       3       4       5       6       7       8       9      10      11      12      13      14      15
  1  -1.459   2.069 -19.482 -13.305 -11.085  -2.693  -1.331  -9.659 -14.644  -1.411  -4.656  -2.564  -3.221  -7.817  -5.201
 53   7.078   6.896   1.164   2.109   2.669   1.761   3.420   3.098  -1.579   3.407   2.245   1.998   1.578   0.766   2.604
     Cl      K       Li      V       Zr      Be      P 
     16      17      18      19      20      21      22
  1  -7.881  -3.791  -8.149  -7.360 -15.144 -10.783  -5.923
 53   0.673  -0.069  -3.232  -0.049  -1.908  -2.746   1.121
     H2      LI2     C2      N2      O2      F2      NA2     MG2     AL2     SI2     P2      S2      CL2     K2      H2+     
      1       2       3       4       5       6       7       8       9      10      11      12      13      14      15
  1   2.838 -22.561 -27.469  -1.383 -14.838 -35.321 -12.635 -12.094 -13.459 -18.666  -4.272  -5.453 -18.036 -15.252 -41.599
 53   7.605 -15.725  -2.522   3.417  -1.169 -13.783  -5.943  -3.753  -4.350  -1.608  -3.727  -1.649  -7.817  -9.781  -3.801
     HE2+    C2+     N2+     O2+     P2+     S2+     H2-     C2-     LIH     BEH     CH      NH      OH      HF      NAH     
     16      17      18      19      20      21      22      23      24      25      26      27      28      29      30
  1 -77.218 -56.310 -46.748 -47.007 -29.767 -28.066 -20.209 -26.619 -10.835 -13.722 -18.497 -13.227  -6.752  -5.108  -6.630
 53 -17.549  -9.710  -8.631  -9.306  -8.950  -6.689  -1.215  -4.848  -4.073  -3.490   1.106   1.762   3.451   0.522   0.669
     MGH     ALH     SIH     PH      HS      HCL     KH      CAH     TIH     CRH     FEH     HEH+    BEH+    CH+     NH+     
     31      32      33      34      35      36      37      38      39      40      41      42      43      44      45
  1  -4.997  -5.788 -10.343  -6.874  -3.462  -3.506  -8.223  -4.989 -11.625  -7.563  -7.631 -41.254 -32.881 -45.784 -49.616
 53   2.692   1.519   2.666   0.710   2.805   1.390  -1.187   1.755  -0.099   0.259   1.680  -5.126  -7.672  -5.920  -7.358
     OH+     HF+     MGH+    ALH+    SIH+    PH+     SH+     HCL+    CH-     OH-     SIH-    HS-     CN      CO      CF      
     46      47      48      49      50      51      52      53      54      55      56      57      58      59      60
  1 -43.274 -51.734 -20.768 -19.355 -27.221 -30.906 -29.577 -37.635 -28.135 -14.526 -19.627  -9.490 -14.837  -0.471 -24.387
 53  -6.041 -11.625  -0.452  -0.400  -0.980  -4.757  -3.540  -6.884  -4.311  -1.646  -2.506  -1.715   0.436   4.354  -5.661
     SIC     CP      CS      CCL     CN+     CO+     CN-     CS-     NO      FN      ALN     SIN     PN      SN      NCL     
     61      62      63      64      65      66      67      68      69      70      71      72      73      74      75
  1 -23.214 -13.994  -8.703 -25.462 -54.254 -39.808 -14.721 -21.101 -11.051 -27.286 -17.750 -12.842  -3.818 -10.684 -19.166
 53  -1.990  -2.433   0.057  -5.670  -9.502  -5.844  -2.019  -5.686   0.628  -7.321  -3.237   0.185  -0.232  -0.968  -4.523
     TIN     ZRN     NO+     NS+     LIO     BEO     FO      NAO     MGO     ALO     SIO     PO      SO      CLO     KO      
     76      77      78      79      80      81      82      83      84      85      86      87      88      89      90
  1 -14.201 -25.514 -33.145 -36.151 -17.216 -16.069 -28.723 -13.581 -10.021  -7.266  -1.402  -5.160  -7.520 -19.790 -14.776
 53  -3.502  -7.486  -4.770  -7.661  -7.571  -6.215  -8.149  -2.950  -0.427  -0.587   3.095  -0.640  -0.397  -5.089  -4.719
     CAO     TIO     VO      CRO     FEO     ZRO     SIO+    PO+     SO+     FEO-    LIF     BEF     NAF     MGF     ALF     
     91      92      93      94      95      96      97      98      99     100     101     102     103     104     105
  1  -9.694  -4.226  -5.409  -7.373  -7.654  -6.831 -31.074 -23.203 -32.972 -17.907 -11.110 -13.635  -9.529  -8.315  -4.382
 53  -1.742  -0.343  -2.090  -1.591  -0.685  -1.773  -4.089  -4.462  -6.364  -6.811  -9.101  -8.390  -5.159  -3.305  -2.968
     SIF     PF      SF      KF      CAF     LINA    BES     MGS     ALS     SIS     PS      CAS     TIS     CRS     LICL    
    106     107     108     109     110     111     112     113     114     115     116     117     118     119     120
  1 -14.006 -14.099 -17.762  -9.769  -6.781 -17.407 -13.816  -6.143  -6.797  -2.311  -4.323  -5.554  -8.017  -7.306  -8.096
 53  -3.377  -6.401  -6.481  -6.621  -3.754 -10.436  -7.098  -0.915  -2.132   1.093  -2.078  -2.064  -3.327  -4.022  -7.804
     BECL    NACL    MGCL    ALCL    SICL    PCL     KCL     CACL    FECL    ALCLF   ALCLF2  ALOCL   ALCL2   ALCL2F  ALCL3   
    121     122     123     124     125     126     127     128     129     130     131     132     133     134     135
  1 -14.049  -5.125  -7.241  -4.103 -13.923 -12.491  -5.478  -4.704  -8.793  -9.737 -14.488  -6.817  -9.588 -13.925 -13.828
 53  -8.185  -3.464  -2.647  -2.525  -3.013  -5.541  -4.956  -2.796  -3.448  -9.232 -16.773  -6.192  -9.064 -16.204 -16.163
     ALOF    ALF2    ALF2O   ALF3    NAALF4  ALOH    HALO    ALO2H   ALO2    AL2CL6  (ALF3)2 AL2O    AL2O2   ALC     CFCLO   
    136     137     138     139     140     141     142     143     144     145     146     147     148     149     150
  1  -6.279 -10.695  -8.287 -15.375 -24.735  -2.842 -11.221  -5.272 -14.966 -36.056 -36.376  -3.087  -7.322 -21.362 -27.564
 53  -6.342 -10.104 -11.770 -17.717 -31.382  -0.721  -3.094  -3.716  -5.470 -43.305 -46.084  -4.201  -8.224  -3.726 -15.208
     CCLF3   CCLN    CCLO    CCL2    CCL2F2  COCL2   CCL3    CCL3F   CCL4    CFN     CFO     CF2     CF2O    CF3     CF4     
    151     152     153     154     155     156     157     158     159     160     161     162     163     164     165
  1 -51.999 -18.976 -16.616 -30.671 -51.582 -27.231 -40.447 -50.984 -50.445 -23.664 -21.417 -31.587 -28.278 -44.805 -52.507
 53 -32.328  -6.400  -5.314 -12.668 -31.646 -14.877 -21.629 -31.148 -30.992  -8.300  -7.460 -13.964 -16.074 -24.059 -33.353
     CF4O    CF8S    CHCL    CHCL3   CHF     CHFO    CHF3    HCN     CHNO    HCO     PCH     CH2     CH2CL2  CH2CLF  CH2F2   
    166     167     168     169     170     171     172     173     174     175     176     177     178     179     180
  1 -71.671 -99.000 -23.440 -38.485 -23.939 -18.617 -41.341  -8.027 -12.560 -10.383  -7.188 -14.868 -27.623 -29.502 -31.125
 53 -40.994 -85.327  -5.663 -22.228  -6.452  -7.834 -24.378   1.557  -2.593   0.957  -1.234   1.332 -14.120 -14.907 -16.051
     H2CO    CH3     CH3CL   CH3F    CH4     KCN     NACN    CNO     CNN     NCN     COS     CO2     CS2     SI2C    C2CL2   
    181     182     183     184     185     186     187     188     189     190     191     192     193     194     195
  1  -9.645 -10.505 -17.391 -20.196  -7.571 -12.557 -11.493 -18.036 -27.881 -23.647  -6.666  -4.167  -9.787 -21.276 -34.366
 53  -0.294   1.487  -6.484  -7.774   0.717  -5.496  -3.789  -3.232  -5.993  -4.668  -2.211  -0.009  -5.056  -4.650 -15.929
     C2CL4   C2CL6   C2F2    C2F3N   C2F4    C2F6    C2H     C2HCL   C2HF    C2H2    C2H4    C2H4O   (KCN)2  C2N     C2N2    
    196     197     198     199     200     201     202     203     204     205     206     207     208     209     210
  1 -57.388 -84.883 -44.662 -55.938 -66.649 -89.453 -18.021 -23.468 -28.639 -13.480 -16.298 -26.750 -31.089 -23.328 -21.682
 53 -34.436 -54.333 -20.073 -31.938 -38.751 -58.221  -0.508  -7.787  -9.720  -0.245  -3.305  -9.633 -21.069  -3.387  -5.963
     (NACN)2 SIC2    C2O     C3      C3O2    C4      C4N2    C5      FE(CO)5 CACL2   CAF2    CAOH    CA(OH)2 CA2     CLF     
    211     212     213     214     215     216     217     218     219     220     221     222     223     224     225
  1 -28.124 -23.448 -19.693 -30.697 -23.433 -42.240 -38.673 -47.217 -47.403  -5.157  -9.938  -4.373  -5.797 -13.790 -24.421
 53 -17.640  -4.022  -2.711  -5.635  -8.614 -11.376 -14.325 -14.880 -32.407  -7.812  -9.962  -0.646  -3.890  -6.012  -9.906
     MGCLF   CLFO2S  CLFO3   PCLF2O  CLF3    CLF3SI  CLF5    CLF5S   CHCLF2  CHCL2F  OHCL    SIH3CL  NOCL    NO2CL   TIOCL   
    226     227     228     229     230     231     232     233     234     235     236     237     238     239     240
  1 -10.842 -40.375 -69.666 -33.048 -68.513 -27.505 -99.000 -92.289 -40.548 -39.634 -17.510 -15.109 -24.685 -38.353  -8.460
 53  -9.676 -25.319 -33.448 -27.129 -35.113 -24.872 -62.137 -60.387 -23.310 -22.649  -5.352  -6.039  -8.834 -16.612  -7.359
     CLO2    CLO3    SCL     CLS2    TICL    CL2FOP  FECL2   SIH2CL2 (KCL)2  MGCL2   (NACL)2 CLOCL   CLCLO   TIOCL2  CLO2CL  
    241     242     243     244     245     246     247     248     249     250     251     252     253     254     255
  1 -34.142 -52.724 -14.711 -17.918  -9.321 -31.922  -8.735 -18.743 -15.723  -8.703 -14.890 -34.444 -34.431 -11.206 -50.574
 53 -12.463 -21.591  -5.188 -10.350  -4.219 -25.999  -8.662 -11.690 -19.459  -8.193 -16.749 -15.142 -14.889 -13.058 -22.729
     CLOCLO  SO2CL2  SCL2    SICL2   TICL2   SIFCL3  FECL3   SIHCL3  PCL3O   PCL3    PCL3S   SICL3   TICL3   FE2CL4  MG2CL4  
    256     257     258     259     260     261     262     263     264     265     266     267     268     269     270
  1 -51.836 -39.779 -23.351 -14.869 -10.001 -28.688 -19.670 -22.927 -31.654 -27.479 -31.444 -21.792 -13.700 -24.172 -23.379
 53 -22.801 -24.875 -13.430  -8.758 -10.357 -24.370 -17.518 -17.795 -25.767 -21.309 -27.365 -16.311 -17.003 -27.713 -26.506
     SICL4   TICL4   PCL5    (FECL3)2CRN     CRO2    CRO3    FEF     FHO     FHO3S   SIH3F   FNO     FNO2    FNO3    TIOF    
    271     272     273     274     275     276     277     278     279     280     281     282     283     284     285
  1 -27.959 -20.507 -57.217 -46.710 -13.358 -11.092 -18.247  -9.818 -25.196 -35.888 -14.584 -28.880 -42.319 -60.987  -9.757
 53 -24.480 -24.611 -42.213 -45.549  -3.399  -5.586 -11.537  -4.447  -8.036 -21.982  -6.252 -10.632 -18.223 -26.546  -8.130
     OFO     FOO     PSF     TIF     FEF2    H2F2    SIH2F2  K2F2    MGF2    F2N     F2N2(cisF2N2(traNA2F2   F2O     F2OS    
    286     287     288     289     290     291     292     293     294     295     296     297     298     299     300
  1 -53.412 -38.927 -15.724  -9.248 -16.681 -20.967 -17.651 -23.879 -12.873 -43.267 -52.483 -52.783 -22.012 -49.734 -34.521
 53 -18.609 -13.738 -11.151  -4.495 -11.909 -10.297 -12.094 -22.917 -10.330 -18.143 -24.022 -23.965 -20.174 -20.667 -20.519
     SIOF2   TIOF2   F2O2    F2O2S   PF2     SF2     FSSF    F2S2    SIF2    TIF2    FEF3    SIHF3   F3H3    NF3     NOF3    
    301     302     303     304     305     306     307     308     309     310     311     312     313     314     315
  1 -15.712 -14.327 -63.527 -41.540 -20.719 -29.780 -35.194 -32.730 -15.777  -9.465 -23.628 -21.293 -36.883 -61.659 -75.173
 53 -12.931 -15.184 -27.462 -26.353 -14.066 -16.135 -22.181 -21.507  -9.751 -10.725 -19.948 -18.376 -20.826 -30.273 -37.570
     POF3    PF3     PSF3    SF3     SIF3    TIF3    F4H4    MG2F4   N2F4    SF4     SIF4    TIF4    F5H5    PF5     SF5     
    316     317     318     319     320     321     322     323     324     325     326     327     328     329     330
  1 -30.693 -27.340 -33.045 -45.851 -20.478 -13.557 -52.358 -29.838 -98.955 -60.653 -25.258 -23.738 -67.865 -52.358 -80.488
 53 -26.788 -22.429 -29.136 -26.747 -16.929 -17.496 -30.980 -31.090 -50.545 -37.597 -25.078 -26.600 -41.198 -42.714 -50.356
     F6H6    SF6     F7H7    F10S2   FE(OH)2 FES     KOH     MGOH    HNO     HONO    HNO2    HNO3    NAOH    HO2     (KOH)2  
    331     332     333     334     335     336     337     338     339     340     341     342     343     344     345
  1 -82.957 -94.779 -99.000 -99.000  -7.859  -5.226  -7.756  -5.701 -16.107 -23.233 -23.327 -35.960  -7.388 -18.882 -21.849
 53 -51.329 -62.203 -61.803 -99.000  -4.408  -1.712  -3.472  -0.164  -1.872  -6.815  -6.857 -14.058  -1.913  -2.879 -18.374
     MG(OH)2 NH2     N2H2    (NAOH)2 H2O     H2SO4   PH2     H2S     NH3     PH3     N2H4    SIH4    K2SO4   MGN     NO2     
    346     347     348     349     350     351     352     353     354     355     356     357     358     359     360
  1  -8.035 -10.389 -18.902 -20.492  -0.604 -31.384  -6.132  -1.863  -6.351  -7.383 -23.323 -11.857 -32.440 -11.711 -23.131
 53  -4.093   1.778  -3.635 -15.256   4.180 -18.422   0.279   2.348   1.744  -1.304  -6.269  -0.816 -31.146  -0.741  -6.175
     NO3     SI2N    VN      N2O     N2O3    N2O4    N2O5    N3      NA2SO4  S2O     PO2     SO2     SIO2    TIO2    VO2     
    361     362     363     364     365     366     367     368     369     370     371     372     373     374     375
  1 -39.661 -18.225 -13.882 -18.932 -45.844 -58.785 -72.193 -24.644 -31.561 -11.859  -7.752  -9.966  -7.996  -4.302  -5.008
 53 -14.555  -3.918  -4.172  -4.879 -17.956 -25.683 -32.032  -5.913 -28.158  -6.143  -4.233  -4.179  -1.987  -3.340  -4.558
     O3      SO3     P4O6    P4O10   P4      P4S3    S3      S4      S5      S6      S7      S8      SI3     AL+     AL-     
    376     377     378     379     380     381     382     383     384     385     386     387     388     389     390
  1 -34.533 -21.353 -13.403 -45.906 -13.371 -29.349 -12.907 -19.851 -27.391 -33.618 -40.196 -47.381 -25.056 -14.207 -16.958
 53 -10.088 -11.447 -37.235 -60.337 -18.093 -38.395  -8.502 -14.923 -23.065 -29.076 -34.841 -42.005  -6.276   0.850  -3.679
     ALCL+   ALCLF+  ALCL2+  ALCL2-  ALF+    ALF2+   ALF2-   ALF2O-  ALF4-   ALOH+   ALOH-   ALO+    ALO-    ALO2-   AL2O+   
    391     392     393     394     395     396     397     398     399     400     401     402     403     404     405
  1 -25.841 -26.863 -26.446 -16.204 -27.854 -28.750 -16.839 -15.160 -23.449 -16.515 -13.983 -28.978  -8.590 -14.293 -19.957
 53  -7.146 -13.046 -12.722 -13.476  -8.021 -14.282 -14.385 -16.473 -28.271  -2.363  -5.656  -4.931  -3.552  -8.122  -7.083
     AL2O2+  C+      C-      CF+     CF2+    CF3+    HCO+    CO2-    CA+     CAOH+   CL+     MGCL+   SCL+    CL-     SCL2+   
    406     407     408     409     410     411     412     413     414     415     416     417     418     419     420
  1 -30.707 -48.745 -29.166 -46.178 -61.617 -66.435 -28.404 -15.364 -11.563 -12.641 -43.374 -20.775 -36.453  -8.855 -45.220
 53 -13.166  -6.136  -4.339 -10.874 -21.204 -29.198  -3.175  -5.023   1.506  -1.299  -8.369  -4.820 -10.047  -2.349 -18.035
     CR+     CR-     F+      F-      MGF+    PF+     PF-     SF+     SF-     F2K-    MGF2+   NAF2-   PF2+    PF2-    SF2+    
    421     422     423     424     425     426     427     428     429     430     431     432     433     434     435
  1 -15.091 -14.924 -67.251 -16.501 -23.852 -37.677 -24.013 -42.382 -24.617 -33.453 -50.714 -32.904 -44.832 -29.442 -54.827
 53  -0.147  -4.507 -16.102  -4.890  -5.733 -11.801 -11.702 -12.238 -11.106 -21.606 -19.861 -20.149 -19.794 -19.243 -21.752
     SF2-    SF3+    SF3-    SF4+    SF4-    SF5+    SF5-    SF6-    FE+     FE-     H+      H-      KOH+    MGOH+   NAOH+   
    436     437     438     439     440     441     442     443     444     445     446     447     448     449     450
  1 -39.543 -68.182 -49.719 -92.494 -69.203 -99.000 -79.776 -99.000 -17.342 -14.971 -39.829 -13.060 -21.667 -21.390 -27.064
 53 -20.956 -32.513 -30.387 -45.094 -41.747 -57.656 -51.660 -66.771   0.664  -3.149  -3.214   0.971  -5.217  -3.189  -5.494
     H3O+    HE+     K+      K-      KO-     MG+     N+      N-      NO2-    N2-     N2O+    NA+     NA-     NAO-    O+      
    451     452     453     454     455     456     457     458     459     460     461     462     463     464     465
  1 -24.055 -77.935  -6.578 -16.364 -21.502 -16.221 -54.660 -27.436 -28.309 -21.048 -53.498  -8.546 -15.084 -20.469 -49.545
 53  -2.330 -16.309   1.009  -6.503  -9.481   1.048  -8.694  -4.365 -10.058  -4.548 -13.090   1.872  -4.601  -7.758  -7.687
     O-      O2-     P+      P-      S+      S-      SI+     SI-     TI+     TI-     V+      V-      LIALF4  BE+     BECL+   
    466     467     468     469     470     471     472     473     474     475     476     477     478     479     480
  1 -19.836 -27.048 -31.821 -16.941 -31.091 -11.575 -26.985 -18.819 -19.567 -21.563 -19.088 -19.593 -27.878 -31.699 -36.404
 53  -2.442  -7.011  -4.747  -4.354  -3.731  -1.756  -0.403  -2.206  -0.573  -5.843  -1.641  -6.387 -35.850  -7.046 -13.190
     BECLF   BECL2   BEF2    BEF3LI  BEHO    BEHO+   BEH2    BEH2O2  BEN     BE2     BE2CL4  BE2F2O  BE2O    BE2O2   BE3O3   
    481     482     483     484     485     486     487     488     489     490     491     492     493     494     495
  1 -13.125 -13.170 -13.399 -49.023 -10.471 -31.158 -11.373  -7.482 -19.892 -31.264 -37.199 -20.166 -18.040 -18.641 -18.804
 53 -13.451 -13.369 -14.134 -40.837  -5.167  -9.794  -4.034  -7.808  -6.751 -16.515 -37.859 -25.682 -14.515 -17.651 -29.127
     BE4O4   BE5O5   BE6O6   C2BE    LI2CLF  LIOCL   ZRCL    (LICL)2 ZRCL2   (LICL)3 ZRCL3   ZRCL4   LIOF    ZRF     LIF2-   
    496     497     498     499     500     501     502     503     504     505     506     507     508     509     510
  1 -22.592 -27.527 -31.545 -27.013 -24.009 -28.891 -13.356 -20.838 -13.405 -35.067 -15.212 -17.648 -34.402 -17.130 -35.122
 53 -40.884 -53.614 -66.120 -10.362 -27.333 -16.858  -6.291 -25.525 -11.644 -44.712 -17.308 -23.889 -18.788  -7.683 -24.555
     LI2F2   ZRF2    LI3F3   ZRF3    ZRF4    LIOH    LIOH+   ZRH     (LIOH)2 LI+     LI-     LIN     LINO    LINAO   LIO-    
    511     512     513     514     515     516     517     518     519     520     521     522     523     524     525
  1 -25.037 -15.474 -39.808 -18.218 -20.691  -9.512 -34.808 -14.932 -23.678 -14.976 -20.274 -20.220 -27.938 -19.992 -26.258
 53 -27.780 -12.694 -46.297 -19.102 -26.097  -5.999 -11.488  -2.258 -23.218  -3.437  -9.513  -8.149 -13.251 -14.070 -13.075
     LI2O    LI2O2   LI2SO4  ZRO2    ZR+     ZR-     TIC     SI(CH3)4SICH3CL3SIH2    SIH3    TIC2    C3H     CRC2    SI2C2   
    526     527     528     529     530     531     532     533     534     535     536     537     538     539     540
  1 -21.336 -31.505 -37.779  -6.425 -27.150 -27.598 -18.542 -53.931 -47.249 -11.542 -10.628 -25.530 -24.588 -25.507 -30.466
 53 -17.807 -22.981 -36.536  -4.182  -3.455  -8.200  -3.994 -31.053 -40.294   0.951   0.873  -7.856  -4.626  -8.204  -8.778
     VC2     TIC4    VC4     
    541     542     543
  1 -25.397 -41.869 -42.577
 53  -9.064 -16.483 -17.956


 P A R T I A L  P R E S S U R E S  -- illustrative sums

positive ions   negative ions  neutral atoms  neutral molecules  sum{el,at,mol}  electron pres   static el.pres
  ppH2  ppCH4  ppNH3  ppH2O  ppH  ppHe 

 I   pat+    pat-    pnat    pnmol    psum    pel  pel-stat   ppH2   ppCH4   ppNH3   ppH2O    ppH    ppHe
 1  -6.573  -8.367   2.069   2.838   2.906  -6.580  -6.569   2.838  -7.571  -6.351  -0.604  -1.459   2.069
 2  -6.334  -8.140   2.213   2.982   3.050  -6.341  -6.331   2.981  -7.310  -6.106  -0.460  -1.221   2.212
 3  -6.097  -7.921   2.345   3.114   3.182  -6.103  -6.093   3.113  -7.088  -5.885  -0.328  -0.983   2.344
 4  -5.865  -7.711   2.471   3.240   3.308  -5.871  -5.862   3.239  -6.881  -5.675  -0.202  -0.752   2.471
 5  -5.637  -7.506   2.594   3.363   3.431  -5.643  -5.635   3.362  -6.682  -5.471  -0.080  -0.525   2.593
 6  -5.414  -7.304   2.715   3.484   3.552  -5.419  -5.412   3.483  -6.484  -5.270   0.041  -0.302   2.715
 7  -5.194  -7.106   2.836   3.604   3.673  -5.199  -5.192   3.604  -6.284  -5.069   0.162  -0.082   2.835
 8  -4.978  -6.910   2.956   3.725   3.793  -4.983  -4.976   3.724  -6.081  -4.867   0.282   0.134   2.955
 9  -4.766  -6.717   3.077   3.845   3.914  -4.771  -4.764   3.845  -5.872  -4.663   0.403   0.345   3.076
10  -4.559  -6.528   3.198   3.966   4.034  -4.564  -4.557   3.965  -5.659  -4.459   0.523   0.551   3.197
11  -4.361  -6.346   3.316   4.083   4.152  -4.365  -4.359   4.083  -5.448  -4.259   0.640   0.748   3.314
12  -4.170  -6.172   3.431   4.198   4.267  -4.174  -4.169   4.198  -5.237  -4.062   0.755   0.938   3.429
13  -3.982  -6.001   3.545   4.313   4.381  -3.987  -3.981   4.312  -5.026  -3.866   0.870   1.125   3.543
14  -3.796  -5.833   3.660   4.427   4.496  -3.800  -3.795   4.427  -4.812  -3.669   0.984   1.310   3.658
15  -3.610  -5.667   3.776   4.542   4.611  -3.614  -3.609   4.542  -4.596  -3.470   1.100   1.495   3.773
16  -3.423  -5.502   3.893   4.659   4.727  -3.426  -3.422   4.658  -4.377  -3.270   1.216   1.681   3.890
17  -3.234  -5.339   4.010   4.776   4.844  -3.237  -3.233   4.775  -4.156  -3.067   1.333   1.869   4.007
18  -3.043  -5.178   4.129   4.894   4.963  -3.046  -3.042   4.893  -3.933  -2.864   1.451   2.058   4.125
19  -2.850  -5.019   4.249   5.013   5.082  -2.853  -2.848   5.012  -3.710  -2.658   1.571   2.251   4.244
20  -2.654  -4.862   4.369   5.132   5.201  -2.656  -2.652   5.132  -3.489  -2.453   1.690   2.445   4.363
21  -2.457  -4.709   4.487   5.249   5.318  -2.460  -2.456   5.249  -3.275  -2.253   1.807   2.640   4.480
22  -2.260  -4.558   4.603   5.364   5.434  -2.262  -2.258   5.364  -3.069  -2.057   1.922   2.836   4.595
23  -2.058  -4.406   4.719   5.478   5.548  -2.060  -2.057   5.478  -2.871  -1.864   2.036   3.036   4.710
24  -1.851  -4.247   4.835   5.591   5.661  -1.853  -1.850   5.591  -2.680  -1.674   2.150   3.242   4.823
25  -1.638  -4.078   4.950   5.703   5.774  -1.640  -1.637   5.703  -2.499  -1.487   2.262   3.455   4.935
26  -1.417  -3.892   5.065   5.814   5.886  -1.419  -1.416   5.814  -2.330  -1.305   2.373   3.675   5.047
27  -1.187  -3.681   5.180   5.923   5.995  -1.189  -1.186   5.923  -2.179  -1.130   2.482   3.907   5.156
28  -0.936  -3.430   5.293   6.025   6.099  -0.938  -0.935   6.025  -2.072  -0.973   2.584   4.161   5.259
29  -0.689  -3.150   5.402   6.119   6.195  -0.691  -0.688   6.119  -1.990  -0.833   2.679   4.413   5.354
30  -0.475  -2.878   5.506   6.207   6.286  -0.476  -0.473   6.207  -1.896  -0.697   2.767   4.632   5.443
31  -0.282  -2.617   5.607   6.290   6.372  -0.284  -0.280   6.290  -1.792  -0.565   2.851   4.826   5.528
32  -0.106  -2.368   5.705   6.369   6.455  -0.108  -0.103   6.369  -1.683  -0.436   2.931   5.000   5.609
33   0.058  -2.132   5.801   6.446   6.534   0.055   0.061   6.445  -1.569  -0.310   3.007   5.160   5.687
34   0.161  -1.981   5.863   6.495   6.586   0.158   0.164   6.494  -1.491  -0.228   3.057   5.259   5.738
35   0.308  -1.764   5.955   6.567   6.662   0.305   0.312   6.567  -1.373  -0.106   3.130   5.401   5.812
36   0.449  -1.555   6.045   6.637   6.736   0.445   0.453   6.637  -1.252   0.015   3.201   5.533   5.885
37   0.583  -1.354   6.134   6.706   6.809   0.578   0.587   6.706  -1.129   0.134   3.271   5.660   5.956
38   0.713  -1.160   6.222   6.774   6.882   0.707   0.717   6.774  -1.005   0.253   3.340   5.780   6.027
39   0.838  -0.973   6.309   6.841   6.953   0.831   0.843   6.841  -0.878   0.371   3.408   5.896   6.096
40   0.959  -0.791   6.394   6.907   7.024   0.951   0.965   6.907  -0.751   0.487   3.475   6.008   6.165
41   1.076  -0.616   6.479   6.973   7.094   1.067   1.082   6.972  -0.623   0.603   3.541   6.115   6.232
42   1.190  -0.445   6.562   7.037   7.163   1.180   1.197   7.037  -0.494   0.718   3.607   6.219   6.300
43   1.301  -0.278   6.645   7.100   7.231   1.290   1.308   7.100  -0.365   0.832   3.671   6.321   6.366
44   1.410  -0.116   6.727   7.163   7.299   1.397   1.417   7.163  -0.235   0.945   3.735   6.419   6.432
45   1.516   0.043   6.807   7.226   7.366   1.501   1.524   7.225  -0.105   1.057   3.799   6.515   6.497
46   1.620   0.197   6.887   7.287   7.433   1.604   1.628   7.287   0.024   1.168   3.861   6.609   6.561
47   1.723   0.349   6.966   7.348   7.499   1.704   1.731   7.348   0.154   1.278   3.923   6.700   6.625
48   1.824   0.498   7.043   7.408   7.564   1.803   1.832   7.408   0.284   1.387   3.983   6.790   6.688
49   1.890   0.596   7.095   7.448   7.607   1.868   1.898   7.447   0.371   1.459   4.024   6.849   6.730
50   1.956   0.693   7.146   7.488   7.651   1.932   1.964   7.487   0.457   1.531   4.063   6.907   6.772
51   2.022   0.789   7.197   7.527   7.694   1.996   2.029   7.526   0.544   1.603   4.103   6.965   6.813
52   2.087   0.884   7.247   7.566   7.736   2.059   2.093   7.566   0.631   1.674   4.142   7.022   6.855
53   2.152   0.978   7.298   7.605   7.779   2.122   2.158   7.605   0.717   1.744   4.180   7.078   6.896
 
 
  
  
 84 MOLECULES(/+ATOMS) HAVE BEEN CONSIDERED IN THE OPACITY
 A B S O R P T I O N   C O E F F I C I E N T S  [CM/MOL]
 K  SO2   TiH   CO2   OH    CrH   CH    AlCl  ZrO   PO    NaCl  SiS   NO    LiF   HCN   C3    C2H2  MgH   TiO   CaH   SiO   LiCl  PH3   H2    C2    KCl   HCl   CP    LiH   NaH   AlF   FeH   BeH   MgF   CaF   CH4   CO    CN    H2CO  NH3   AlO   VO    SiH   PN    CS    KF    H2O   PS    SN    AlH   NaF   HS    NH  
  Al    Be    Ca    Cl    C     Cr    Fe    F     K     Li    Mg    Na    N     O     P     Si    S     Ti    V     Zr    O2    O3    COS   N2O   SO3   H2S   CS2   NO2   N2    S2    SO    C2H4
  1 10.97 10.89  9.66 10.11  9.61 10.69 11.33 11.03  5.97  4.66  6.33 10.38  6.58  6.83  7.40 11.08 10.79 10.92 11.04 10.61  6.81  6.93 -0.55 10.11  4.95 10.75  8.82  7.07 10.71  6.73  9.49  8.26  6.76 11.08 10.45 10.69 10.42  7.17 10.75 10.03 10.76  9.29  9.29 11.00  6.39 10.45  8.35  5.57 10.08  6.50 10.83 10.61
***  8.29 10.44  3.99  4.57 10.46 11.57  3.21 15.40 10.42 11.27  7.92  2.94  2.78  8.26 11.47  7.77 10.64 11.05 11.36 10.66 10.73  7.57  7.33  7.14  5.45 11.61 10.81-57.17 10.73 11.22  6.59
  2 10.97 10.89  9.66 10.11  9.61 10.69 11.32 11.03  5.97  4.66  6.33 10.38  6.59  6.83  7.40 11.08 10.79 10.92 11.03 10.61  6.81  6.93 -0.55 10.12  4.96 10.75  8.82  7.07 10.71  6.73  9.49  8.27  6.77 11.08 10.45 10.69 10.42  7.16 10.75 10.03 10.76  9.29  9.29 11.00  6.39 10.45  8.35  5.57 10.08  6.50 10.83 10.61
***  8.29 10.44  3.99  4.57 10.46 11.57  3.21 15.24 10.42 11.27  8.06  2.94  2.78  8.26 11.47  7.77 10.64 11.05 11.36 10.66 10.73  7.57  7.33  7.14  5.46 11.61 10.81-56.87 10.73 11.22  6.59
  3 10.97 10.88  9.66 10.11  9.61 10.69 11.32 11.03  5.98  4.67  6.33 10.38  6.59  6.84  7.40 11.08 10.79 10.92 11.03 10.61  6.81  6.92 -0.55 10.12  4.96 10.75  8.81  7.08 10.71  6.73  9.48  8.28  6.78 11.08 10.45 10.69 10.42  7.16 10.75 10.03 10.76  9.29  9.30 11.00  6.39 10.45  8.34  5.58 10.09  6.49 10.83 10.61
***  8.29 10.44  3.99  4.57 10.46 11.57  3.21 15.14 10.42 11.27  8.19  2.94  2.78  8.26 11.47  7.77 10.64 11.05 11.36 10.66 10.73  7.56  7.33  7.14  5.47 11.61 10.81-56.69 10.73 11.22  6.59
  4 10.97 10.88  9.66 10.11  9.61 10.69 11.31 11.03  5.98  4.68  6.33 10.38  6.59  6.84  7.40 11.08 10.79 10.92 11.03 10.61  6.81  6.92 -0.55 10.12  4.97 10.75  8.81  7.08 10.71  6.73  9.48  8.29  6.79 11.08 10.45 10.69 10.42  7.15 10.75 10.03 10.76  9.28  9.30 11.00  6.38 10.45  8.34  5.58 10.09  6.49 10.83 10.61
***  8.29 10.44  3.99  4.57 10.46 11.57  3.21 14.99 10.42 11.27  8.29  2.94  2.78  8.26 11.47  7.77 10.64 11.05 11.36 10.66 10.73  7.56  7.33  7.14  5.48 11.61 10.81-56.55 10.73 11.22  6.59
  5 10.97 10.87  9.66 10.11  9.61 10.69 11.31 11.04  5.99  4.69  6.33 10.38  6.60  6.84  7.40 11.08 10.79 10.92 11.03 10.61  6.81  6.91 -0.55 10.12  4.98 10.75  8.81  7.08 10.71  6.73  9.47  8.30  6.81 11.08 10.45 10.69 10.42  7.15 10.75 10.04 10.76  9.28  9.30 11.00  6.38 10.45  8.34  5.58 10.09  6.49 10.83 10.61
***  8.29 10.44  3.99  4.57 10.46 11.57  3.21 14.90 10.42 11.27  8.43  2.94  2.78  8.26 11.47  7.77 10.64 11.05 11.36 10.66 10.73  7.56  7.33  7.14  5.49 11.61 10.81-56.45 10.73 11.22  6.59
  6 10.97 10.86  9.66 10.11  9.61 10.69 11.30 11.04  5.99  4.70  6.33 10.38  6.60  6.85  7.40 11.08 10.79 10.92 11.03 10.61  6.81  6.91 -0.56 10.13  4.98 10.75  8.80  7.08 10.71  6.73  9.47  8.31  6.82 11.08 10.45 10.69 10.42  7.14 10.75 10.04 10.76  9.28  9.30 11.00  6.37 10.45  8.34  5.58 10.09  6.49 10.83 10.61
***  8.29 10.44  3.99  4.57 10.46 11.57  3.21 14.82 10.42 11.27  8.55  2.94  2.78  8.26 11.47  7.77 10.64 11.05 11.36 10.66 10.73  7.56  7.33  7.14  5.50 11.61 10.81-56.37 10.73 11.22  6.59
  7 10.97 10.86  9.66 10.11  9.61 10.69 11.30 11.04  6.00  4.71  6.32 10.38  6.61  6.85  7.40 11.08 10.79 10.92 11.03 10.61  6.81  6.90 -0.56 10.13  4.99 10.75  8.80  7.08 10.71  6.74  9.47  8.32  6.83 11.09 10.45 10.69 10.42  7.14 10.75 10.04 10.76  9.27  9.30 11.00  6.37 10.45  8.34  5.59 10.09  6.48 10.83 10.61
***  8.29 10.44  3.99  4.57 10.46 11.57  3.21 14.69 10.42 11.27  8.63  2.94  2.78  8.26 11.47  7.77 10.64 11.05 11.36 10.66 10.73  7.56  7.33  7.14  5.51 11.61 10.81-56.29 10.72 11.22  6.59
  8 10.97 10.85  9.66 10.11  9.61 10.69 11.29 11.04  6.00  4.72  6.32 10.38  6.61  6.86  7.40 11.08 10.79 10.92 11.03 10.61  6.81  6.90 -0.56 10.13  5.00 10.75  8.80  7.08 10.71  6.74  9.46  8.33  6.84 11.09 10.45 10.69 10.42  7.13 10.75 10.04 10.76  9.27  9.30 11.00  6.36 10.45  8.34  5.59 10.09  6.48 10.83 10.61
***  8.29 10.44  3.99  4.57 10.46 11.57  3.21 14.62 10.42 11.27  8.77  2.94  2.78  8.26 11.47  7.77 10.64 11.05 11.36 10.66 10.73  7.55  7.32  7.14  5.52 11.61 10.81-56.23 10.72 11.22  6.59
  9 10.97 10.85  9.66 10.11  9.61 10.69 11.29 11.05  6.01  4.73  6.32 10.38  6.62  6.86  7.40 11.08 10.79 10.92 11.03 10.61  6.81  6.89 -0.56 10.14  5.00 10.75  8.79  7.09 10.71  6.74  9.46  8.34  6.85 11.09 10.45 10.69 10.42  7.13 10.75 10.04 10.76  9.27  9.30 11.00  6.36 10.45  8.33  5.59 10.09  6.48 10.83 10.61
***  8.29 10.44  3.99  4.57 10.46 11.57  3.21 14.48 10.42 11.27  8.88  2.94  2.78  8.26 11.47  7.77 10.64 11.05 11.36 10.66 10.73  7.55  7.32  7.14  5.52 11.61 10.81-56.18 10.72 11.22  6.59
 10 10.97 10.84  9.66 10.11  9.61 10.69 11.29 11.05  6.01  4.74  6.32 10.38  6.62  6.86  7.40 11.08 10.79 10.92 11.03 10.61  6.81  6.89 -0.56 10.14  5.01 10.75  8.79  7.09 10.71  6.74  9.45  8.35  6.86 11.09 10.45 10.69 10.42  7.12 10.75 10.04 10.76  9.26  9.31 11.00  6.35 10.45  8.33  5.59 10.09  6.48 10.83 10.61
***  8.29 10.44  3.99  4.57 10.46 11.57  3.21 14.33 10.42 11.27  8.99  2.94  2.78  8.26 11.47  7.77 10.64 11.05 11.36 10.66 10.73  7.55  7.32  7.14  5.53 11.61 10.81-52.19 10.72 11.22  6.59
 11 10.97 10.83  9.66 10.11  9.61 10.69 11.28 11.05  6.02  4.75  6.32 10.38  6.62  6.87  7.40 11.08 10.78 10.92 11.03 10.61  6.81  6.88 -0.56 10.14  5.01 10.75  8.78  7.09 10.71  6.74  9.45  8.36  6.87 11.09 10.45 10.69 10.42  7.12 10.75 10.04 10.76  9.26  9.31 11.00  6.35 10.45  8.33  5.60 10.09  6.47 10.83 10.61
***  8.29 10.44  3.99  4.57 10.46 11.57  3.21 14.21 10.42 11.27  9.12  2.94  2.78  8.26 11.47  7.77 10.64 11.05 11.36 10.66 10.73  7.55  7.32  7.14  5.54 11.61 10.81-51.60 10.72 11.22  6.59
 12 10.97 10.83  9.66 10.11  9.61 10.69 11.28 11.05  6.02  4.76  6.31 10.38  6.63  6.87  7.39 11.08 10.78 10.92 11.03 10.61  6.80  6.87 -0.56 10.14  5.02 10.75  8.78  7.09 10.71  6.74  9.44  8.37  6.88 11.09 10.45 10.69 10.42  7.11 10.75 10.04 10.76  9.26  9.31 11.00  6.34 10.45  8.33  5.60 10.09  6.47 10.83 10.61
***  8.29 10.44  3.99  4.57 10.46 11.57  3.21 14.09 10.42 11.27  9.21  2.94  2.78  8.26 11.47  7.77 10.64 11.05 11.36 10.66 10.73  7.54  7.32  7.14  5.55 11.61 10.81-51.36 10.72 11.22  6.59
 13 10.97 10.82  9.66 10.11  9.61 10.69 11.27 11.05  6.02  4.76  6.31 10.38  6.63  6.87  7.39 11.08 10.78 10.92 11.03 10.61  6.80  6.86 -0.56 10.15  5.02 10.75  8.78  7.09 10.71  6.74  9.44  8.37  6.89 11.09 10.45 10.69 10.42  7.10 10.75 10.04 10.76  9.25  9.31 11.00  6.34 10.45  8.33  5.60 10.09  6.47 10.83 10.61
***  8.29 10.44  3.99  4.57 10.46 11.57  3.21 13.97 10.42 11.27  9.33  2.94  2.78  8.26 11.47  7.77 10.64 11.05 11.36 10.66 10.73  7.54  7.31  7.14  5.55 11.61 10.81-51.21 10.72 11.22  6.59
 14 10.97 10.82  9.66 10.11  9.61 10.69 11.27 11.05  6.03  4.77  6.31 10.38  6.64  6.88  7.39 11.08 10.78 10.92 11.03 10.61  6.80  6.86 -0.56 10.15  5.03 10.75  8.77  7.09 10.71  6.74  9.43  8.38  6.90 11.09 10.45 10.69 10.42  7.09 10.75 10.04 10.76  9.25  9.31 11.00  6.34 10.45  8.33  5.60 10.09  6.46 10.83 10.61
***  8.29 10.44  3.99  4.57 10.46 11.57  3.21 13.88 10.42 11.27  9.45  2.94  2.78  8.26 11.47  7.77 10.64 11.05 11.36 10.66 10.73  7.54  7.31  7.14  5.56 11.61 10.81-51.09 10.72 11.22  6.59
 15 10.97 10.81  9.66 10.11  9.61 10.69 11.26 11.05  6.03  4.78  6.31 10.38  6.64  6.88  7.39 11.08 10.78 10.92 11.03 10.61  6.80  6.85 -0.56 10.15  5.03 10.75  8.77  7.09 10.71  6.75  9.43  8.39  6.91 11.09 10.45 10.69 10.42  7.08 10.75 10.03 10.76  9.25  9.31 11.00  6.33 10.45  8.32  5.61 10.09  6.46 10.83 10.61
***  8.29 10.44  3.99  4.57 10.46 11.57  3.21 13.76 10.42 11.27  9.54  2.94  2.78  8.26 11.47  7.77 10.64 11.05 11.36 10.66 10.73  7.53  7.31  7.14  5.57 11.61 10.81-51.00 10.72 11.22  6.59
 16 10.97 10.81  9.66 10.11  9.61 10.69 11.26 11.06  6.04  4.79  6.31 10.38  6.64  6.88  7.39 11.08 10.78 10.92 11.03 10.61  6.80  6.84 -0.57 10.15  5.04 10.75  8.77  7.09 10.71  6.75  9.42  8.40  6.92 11.09 10.45 10.69 10.42  7.07 10.75 10.03 10.75  9.24  9.31 11.00  6.33 10.45  8.32  5.61 10.09  6.46 10.83 10.61
***  8.29 10.44  3.99  4.57 10.46 11.57  3.21 13.64 10.42 11.27  9.66  2.94  2.78  8.26 11.47  7.77 10.64 11.05 11.36 10.66 10.73  7.53  7.30  7.14  5.58 11.61 10.81-50.92 10.72 11.22  6.59
 17 10.97 10.80  9.66 10.11  9.61 10.69 11.25 11.06  6.04  4.80  6.30 10.38  6.65  6.89  7.39 11.08 10.78 10.92 11.03 10.61  6.80  6.83 -0.57 10.15  5.04 10.75  8.76  7.09 10.71  6.75  9.42  8.41  6.93 11.09 10.45 10.69 10.42  7.07 10.75 10.03 10.75  9.24  9.32 11.00  6.32 10.45  8.32  5.61 10.09  6.45 10.83 10.61
***  8.29 10.44  3.99  4.57 10.46 11.57  3.21 13.55 10.42 11.27  9.78  2.94  2.78  8.26 11.47  7.77 10.64 11.05 11.36 10.66 10.73  7.53  7.30  7.14  5.58 11.61 10.81-50.85 10.71 11.22  6.59
 18 10.97 10.79  9.66 10.11  9.61 10.70 11.24 11.06  6.04  4.81  6.30 10.38  6.65  6.89  7.39 11.08 10.78 10.92 11.03 10.60  6.80  6.82 -0.57 10.16  5.05 10.75  8.76  7.09 10.71  6.75  9.41  8.41  6.94 11.09 10.45 10.69 10.42  7.06 10.75 10.03 10.75  9.24  9.32 11.00  6.31 10.45  8.32  5.61 10.09  6.45 10.83 10.61
***  8.29 10.44  3.99  4.57 10.46 11.57  3.21 13.42 10.42 11.27  9.88  2.94  2.78  8.26 11.47  7.77 10.64 11.05 11.36 10.66 10.73  7.52  7.30  7.14  5.59 11.61 10.81-50.78 10.71 11.22  6.59
 19 10.97 10.79  9.66 10.11  9.61 10.70 11.24 11.06  6.05  4.82  6.30 10.38  6.66  6.90  7.38 11.08 10.78 10.92 11.03 10.60  6.80  6.81 -0.57 10.16  5.05 10.75  8.75  7.09 10.71  6.75  9.41  8.42  6.96 11.10 10.45 10.69 10.41  7.04 10.75 10.03 10.75  9.23  9.32 11.00  6.31 10.45  8.32  5.62 10.08  6.45 10.83 10.61
***  8.29 10.44  3.99  4.57 10.46 11.57  3.21 13.31 10.42 11.27 10.01  2.94  2.78  8.26 11.47  7.77 10.64 11.05 11.36 10.66 10.73  7.52  7.29  7.14  5.60 11.61 10.81-50.72 10.71 11.22  6.59
 20 10.97 10.78  9.66 10.11  9.61 10.70 11.23 11.06  6.05  4.83  6.30 10.38  6.66  6.90  7.38 11.08 10.77 10.92 11.03 10.60  6.80  6.79 -0.57 10.16  5.06 10.75  8.75  7.09 10.71  6.75  9.40  8.43  6.97 11.10 10.45 10.69 10.41  7.03 10.75 10.03 10.75  9.23  9.32 11.00  6.30 10.45  8.31  5.62 10.08  6.44 10.83 10.61
***  8.29 10.44  3.99  4.57 10.46 11.57  3.21 13.21 10.42 11.27 10.12  2.94  2.78  8.26 11.47  7.77 10.64 11.05 11.36 10.66 10.73  7.52  7.29  7.14  5.61 11.61 10.81-47.40 10.71 11.22  6.59
 21 10.97 10.77  9.66 10.11  9.61 10.70 11.23 11.06  6.06  4.84  6.30 10.38  6.67  6.91  7.38 11.08 10.77 10.92 11.03 10.60  6.80  6.78 -0.57 10.16  5.06 10.75  8.75  7.09 10.71  6.75  9.39  8.44  6.98 11.10 10.45 10.69 10.41  7.02 10.75 10.03 10.75  9.22  9.32 11.00  6.30 10.45  8.31  5.62 10.08  6.44 10.83 10.61
***  8.29 10.44  3.99  4.57 10.46 11.57  3.21 13.10 10.42 11.27 10.21  2.94  2.78  8.26 11.47  7.77 10.64 11.05 11.36 10.66 10.73  7.51  7.28  7.14  5.61 11.61 10.81-46.84 10.71 11.22  6.59
 22 10.97 10.76  9.66 10.11  9.61 10.70 11.22 11.06  6.06  4.85  6.29 10.38  6.67  6.91  7.37 11.08 10.77 10.92 11.03 10.60  6.79  6.76 -0.57 10.17  5.07 10.75  8.74  7.09 10.71  6.75  9.39  8.45  6.99 11.10 10.45 10.69 10.41  7.00 10.75 10.03 10.75  9.22  9.32 11.00  6.29 10.45  8.31  5.62 10.08  6.43 10.83 10.61
***  8.29 10.44  3.99  4.57 10.46 11.57  3.21 13.04 10.42 11.27 10.34  2.94  2.78  8.26 11.47  7.77 10.64 11.05 11.36 10.66 10.73  7.50  7.28  7.14  5.62 11.61 10.81-46.59 10.71 11.22  6.59
 23 10.97 10.76  9.66 10.11  9.61 10.70 11.21 11.07  6.06  4.87  6.29 10.38  6.67  6.92  7.37 11.08 10.77 10.92 11.03 10.60  6.79  6.75 -0.57 10.17  5.08 10.75  8.74  7.09 10.71  6.75  9.38  8.45  7.00 11.10 10.45 10.69 10.41  6.99 10.75 10.02 10.75  9.21  9.33 11.00  6.28 10.45  8.31  5.63 10.07  6.43 10.83 10.61
***  8.29 10.44  3.99  4.57 10.46 11.57  3.21 12.94 10.42 11.28 10.44  2.94  2.78  8.26 11.47  7.77 10.64 11.05 11.36 10.66 10.73  7.50  7.27  7.14  5.62 11.61 10.81-46.42 10.71 11.22  6.59
 24 10.97 10.75  9.66 10.11  9.61 10.70 11.20 11.07  6.07  4.88  6.29 10.38  6.68  6.92  7.36 11.08 10.76 10.92 11.02 10.60  6.79  6.73 -0.58 10.17  5.08 10.75  8.73  7.09 10.71  6.75  9.37  8.46  7.01 11.10 10.45 10.69 10.40  6.97 10.75 10.02 10.74  9.21  9.33 11.00  6.27 10.45  8.30  5.63 10.07  6.42 10.83 10.61
***  8.29 10.44  3.99  4.57 10.46 11.57  3.21 12.79 10.42 11.30 10.52  2.94  2.78  8.26 11.47  7.77 10.64 11.05 11.36 10.66 10.73  7.49  7.26  7.14  5.63 11.61 10.81-46.29 10.71 11.22  6.59
 25 10.97 10.74  9.66 10.11  9.61 10.70 11.19 11.07  6.07  4.89  6.29 10.38  6.68  6.93  7.36 11.08 10.76 10.92 11.02 10.60  6.79  6.70 -0.58 10.17  5.09 10.75  8.73  7.08 10.71  6.75  9.36  8.47  7.03 11.10 10.45 10.69 10.40  6.95 10.75 10.02 10.74  9.20  9.33 11.00  6.27 10.45  8.30  5.63 10.06  6.41 10.83 10.61
***  8.29 10.44  3.99  4.58 10.46 11.57  3.21 12.69 10.42 11.33 10.65  2.94  2.78  8.26 11.47  7.77 10.64 11.05 11.36 10.66 10.73  7.48  7.25  7.14  5.64 11.61 10.81-46.18 10.71 11.22  6.59
 26 10.97 10.73  9.66 10.11  9.61 10.70 11.18 11.07  6.07  4.91  6.28 10.38  6.69  6.93  7.35 11.08 10.76 10.92 11.02 10.60  6.78  6.68 -0.58 10.17  5.09 10.75  8.72  7.08 10.71  6.75  9.35  8.48  7.04 11.10 10.45 10.69 10.40  6.92 10.75 10.02 10.74  9.20  9.33 11.00  6.26 10.45  8.30  5.64 10.06  6.41 10.83 10.61
***  8.29 10.44  3.99  4.58 10.46 11.57  3.21 12.57 10.42 11.36 10.74  2.94  2.78  8.26 11.47  7.77 10.64 11.05 11.36 10.66 10.73  7.47  7.24  7.14  5.64 11.61 10.81-46.08 10.70 11.22  6.59
 27 10.97 10.71  9.66 10.11  9.61 10.70 11.17 11.07  6.08  4.92  6.28 10.38  6.70  6.94  7.35 11.08 10.75 10.92 11.02 10.60  6.78  6.64 -0.58 10.17  5.10 10.75  8.71  7.08 10.70  6.75  9.34  8.49  7.06 11.10 10.45 10.69 10.39  6.89 10.75 10.01 10.73  9.19  9.34 11.00  6.24 10.45  8.29  5.64 10.05  6.40 10.83 10.61
***  8.29 10.44  3.99  4.59 10.46 11.57  3.21 12.45 10.42 11.40 10.82  2.94  2.78  8.26 11.47  7.77 10.64 11.05 11.36 10.66 10.73  7.46  7.23  7.14  5.65 11.61 10.81-43.49 10.70 11.22  6.59
 28 10.97 10.70  9.66 10.11  9.60 10.70 11.16 11.07  6.08  4.94  6.28 10.37  6.70  6.94  7.34 11.08 10.75 10.92 11.02 10.60  6.77  6.61 -0.58 10.18  5.11 10.75  8.70  7.08 10.70  6.75  9.32  8.50  7.07 11.10 10.45 10.69 10.39  6.86 10.75 10.01 10.73  9.18  9.34 11.00  6.23 10.45  8.29  5.65 10.04  6.39 10.83 10.61
***  8.29 10.44  3.99  4.59 10.46 11.57  3.21 12.39 10.42 11.43 10.91  2.94  2.78  8.26 11.47  7.77 10.64 11.05 11.36 10.66 10.73  7.44  7.21  7.14  5.65 11.61 10.81-42.59 10.70 11.22  6.59
 29 10.97 10.69  9.66 10.11  9.60 10.70 11.14 11.07  6.09  4.96  6.27 10.37  6.70  6.95  7.32 11.08 10.74 10.91 11.02 10.60  6.77  6.57 -0.59 10.18  5.12 10.75  8.69  7.07 10.70  6.75  9.31  8.51  7.09 11.10 10.45 10.69 10.38  6.83 10.75 10.00 10.72  9.17  9.34 11.00  6.22 10.45  8.28  5.65 10.03  6.38 10.83 10.61
***  8.29 10.44  3.99  4.60 10.46 11.57  3.21 12.32 10.42 11.46 10.99  2.94  2.78  8.26 11.47  7.77 10.64 11.05 11.36 10.66 10.73  7.42  7.19  7.14  5.65 11.61 10.81-42.30 10.70 11.22  6.59
 30 10.97 10.67  9.66 10.11  9.60 10.70 11.13 11.07  6.09  4.98  6.27 10.37  6.71  6.96  7.31 11.08 10.73 10.91 11.02 10.60  6.76  6.53 -0.59 10.18  5.12 10.75  8.68  7.07 10.70  6.75  9.29  8.52  7.10 11.10 10.45 10.69 10.37  6.79 10.75  9.99 10.72  9.16  9.34 11.00  6.21 10.45  8.28  5.66 10.02  6.37 10.83 10.61
***  8.29 10.46  3.99  4.61 10.48 11.57  3.21 12.24 10.48 11.48 11.05  2.94  2.78  8.31 11.48  7.78 10.66 11.06 11.34 10.66 10.73  7.41  7.18  7.14  5.65 11.61 10.81-42.13 10.70 11.22  6.59
 31 10.97 10.66  9.66 10.11  9.60 10.70 11.12 11.07  6.09  5.00  6.27 10.37  6.71  6.96  7.30 11.08 10.73 10.91 11.02 10.60  6.76  6.50 -0.59 10.18  5.13 10.75  8.67  7.06 10.70  6.75  9.28  8.52  7.12 11.11 10.45 10.69 10.37  6.75 10.75  9.98 10.71  9.15  9.35 11.00  6.19 10.45  8.27  5.66 10.01  6.36 10.83 10.61
***  8.29 10.47  3.99  4.63 10.52 11.56  3.21 12.17 10.53 11.50 11.11  2.94  2.78  8.37 11.48  7.78 10.69 11.08 11.33 10.66 10.73  7.39  7.16  7.14  5.65 11.61 10.81-42.02 10.70 11.22  6.59
 32 10.97 10.64  9.66 10.11  9.59 10.70 11.10 11.07  6.10  5.01  6.26 10.37  6.72  6.97  7.29 11.08 10.72 10.91 11.02 10.60  6.75  6.45 -0.59 10.18  5.13 10.75  8.67  7.06 10.70  6.75  9.26  8.53  7.13 11.11 10.45 10.69 10.36  6.72 10.75  9.98 10.71  9.14  9.35 11.00  6.18 10.45  8.27  5.66 10.00  6.35 10.83 10.61
***  8.29 10.47  3.99  4.64 10.54 11.56  3.21 12.12 10.58 11.52 11.18  2.94  2.78  8.43 11.48  7.78 10.71 11.09 11.32 10.66 10.73  7.37  7.14  7.14  5.66 11.61 10.81-41.94 10.69 11.22  6.59
 33 10.97 10.63  9.66 10.11  9.60 10.70 11.09 11.07  6.10  5.04  6.26 10.37  6.72  6.97  7.28 11.08 10.71 10.91 11.01 10.59  6.75  6.45 -0.59 10.18  5.15 10.75  8.67  7.06 10.70  6.75  9.25  8.53  7.14 11.11 10.45 10.69 10.35  6.71 10.75  9.97 10.70  9.14  9.35 11.00  6.17 10.45  8.27  5.67  9.99  6.34 10.83 10.61
***  8.29 10.48  3.99  4.65 10.57 11.55  3.21 12.08 10.63 11.53 11.23  2.94  2.78  8.49 11.48  7.78 10.74 11.11 11.31 10.66 10.73  7.36  7.12  7.14  5.66 11.61 10.81-39.22 10.69 11.22  6.59
 34 10.97 10.63  9.66 10.11  9.61 10.70 11.09 11.07  6.10  5.06  6.26 10.37  6.71  6.97  7.27 11.08 10.71 10.91 11.01 10.59  6.74  6.45 -0.59 10.18  5.16 10.75  8.67  7.05 10.69  6.74  9.25  8.53  7.14 11.11 10.45 10.69 10.35  6.71 10.75  9.97 10.70  9.13  9.35 11.00  6.17 10.45  8.26  5.67  9.99  6.34 10.83 10.61
***  8.29 10.47  3.99  4.66 10.59 11.55  3.21 12.05 10.66 11.54 11.26  2.94  2.78  8.54 11.48  7.78 10.75 11.11 11.30 10.66 10.73  7.35  7.11  7.14  5.66 11.61 10.81-39.00 10.69 11.22  6.59
 35 10.97 10.62  9.66 10.11  9.62 10.70 11.08 11.07  6.10  5.08  6.26 10.37  6.71  6.97  7.26 11.08 10.71 10.91 11.01 10.59  6.74  6.45 -0.60 10.18  5.17 10.75  8.67  7.05 10.69  6.74  9.23  8.53  7.15 11.11 10.45 10.69 10.35  6.71 10.75  9.96 10.69  9.12  9.35 11.00  6.16 10.45  8.26  5.67  9.98  6.33 10.83 10.61
***  8.29 10.48  3.99  4.67 10.61 11.55  3.21 12.00 10.70 11.57 11.29  2.94  2.78  8.61 11.48  7.79 10.78 11.13 11.29 10.66 10.73  7.33  7.10  7.14  5.66 11.61 10.81-38.80 10.69 11.22  6.59
 36 10.97 10.61  9.66 10.11  9.62 10.70 11.07 11.07  6.10  5.11  6.26 10.37  6.71  6.97  7.25 11.08 10.70 10.91 11.01 10.59  6.73  6.45 -0.60 10.18  5.19 10.75  8.67  7.05 10.69  6.74  9.22  8.53  7.16 11.11 10.45 10.69 10.34  6.71 10.75  9.95 10.68  9.12  9.35 11.00  6.15 10.45  8.25  5.68  9.97  6.32 10.83 10.61
***  8.29 10.50  3.99  4.68 10.64 11.55  3.21 11.96 10.74 11.59 11.32  2.94  2.78  8.67 11.48  7.79 10.80 11.14 11.28 10.66 10.73  7.32  7.08  7.14  5.66 11.61 10.81-38.66 10.69 11.22  6.59
 37 10.97 10.60  9.66 10.11  9.63 10.70 11.06 11.07  6.10  5.13  6.25 10.37  6.71  6.97  7.24 11.08 10.69 10.91 11.01 10.59  6.73  6.45 -0.60 10.18  5.20 10.75  8.67  7.04 10.69  6.74  9.21  8.53  7.17 11.11 10.45 10.69 10.34  6.71 10.75  9.95 10.68  9.11  9.35 11.00  6.14 10.45  8.25  5.68  9.96  6.32 10.83 10.61
***  8.29 10.50  3.99  4.69 10.66 11.55  3.21 11.92 10.78 11.60 11.36  2.95  2.78  8.73 11.48  7.79 10.82 11.15 11.27 10.66 10.73  7.30  7.06  7.14  5.66 11.61 10.81-38.56 10.69 11.22  6.59
 38 10.97 10.59  9.66 10.11  9.64 10.70 11.05 11.07  6.10  5.15  6.25 10.37  6.71  6.97  7.23 11.08 10.69 10.90 11.01 10.59  6.72  6.45 -0.60 10.17  5.21 10.75  8.67  7.04 10.69  6.73  9.20  8.54  7.17 11.11 10.45 10.69 10.33  6.70 10.75  9.94 10.67  9.10  9.36 11.00  6.13 10.45  8.25  5.68  9.95  6.31 10.83 10.61
***  8.29 10.51  3.99  4.70 10.68 11.55  3.21 11.86 10.81 11.61 11.40  2.95  2.78  8.79 11.48  7.79 10.84 11.15 11.26 10.66 10.73  7.29  7.04  7.14  5.66 11.61 10.81-38.48 10.69 11.22  6.59
 39 10.97 10.58  9.66 10.11  9.64 10.70 11.04 11.07  6.11  5.17  6.25 10.37  6.71  6.97  7.22 11.08 10.68 10.90 11.01 10.59  6.71  6.45 -0.60 10.17  5.23 10.75  8.67  7.04 10.69  6.73  9.19  8.54  7.18 11.11 10.45 10.69 10.33  6.70 10.75  9.94 10.66  9.10  9.36 11.00  6.12 10.45  8.24  5.68  9.94  6.30 10.83 10.61
***  8.29 10.53  3.99  4.72 10.70 11.54  3.21 11.80 10.83 11.62 11.43  2.95  2.78  8.86 11.48  7.79 10.86 11.16 11.25 10.66 10.73  7.27  7.03  7.14  5.66 11.61 10.81-38.42 10.69 11.22  6.59
 40 10.97 10.57  9.66 10.11  9.65 10.70 11.03 11.07  6.11  5.18  6.25 10.37  6.71  6.97  7.21 11.08 10.68 10.90 11.01 10.59  6.71  6.45 -0.60 10.17  5.24 10.75  8.67  7.03 10.69  6.73  9.18  8.54  7.19 11.11 10.45 10.69 10.32  6.70 10.75  9.93 10.66  9.09  9.36 11.00  6.12 10.45  8.24  5.69  9.93  6.29 10.83 10.61
***  8.29 10.54  3.99  4.73 10.72 11.54  3.21 11.75 10.86 11.63 11.46  2.96  2.78  8.93 11.48  7.79 10.88 11.18 11.24 10.66 10.73  7.25  7.01  7.14  5.66 11.61 10.81-38.36 10.69 11.22  6.59
 41 10.97 10.56  9.66 10.11  9.66 10.70 11.02 11.07  6.11  5.21  6.25 10.37  6.71  6.97  7.20 11.08 10.67 10.90 11.01 10.59  6.70  6.45 -0.60 10.17  5.26 10.75  8.67  7.03 10.69  6.73  9.17  8.53  7.19 11.11 10.45 10.69 10.32  6.71 10.75  9.92 10.65  9.08  9.36 11.00  6.11 10.45  8.23  5.69  9.92  6.29 10.83 10.61
***  8.29 10.54  3.99  4.74 10.74 11.53  3.21 11.71 10.89 11.65 11.46  2.97  2.78  9.01 11.48  7.79 10.89 11.19 11.23 10.66 10.73  7.24  6.99  7.14  5.66 11.61 10.81-36.25 10.69 11.22  6.59
 42 10.97 10.55  9.66 10.11  9.68 10.70 11.01 11.07  6.11  5.24  6.25 10.37  6.71  6.97  7.19 11.08 10.67 10.90 11.01 10.59  6.70  6.45 -0.60 10.17  5.28 10.75  8.67  7.03 10.69  6.72  9.16  8.53  7.20 11.11 10.45 10.69 10.31  6.73 10.75  9.92 10.64  9.08  9.36 11.00  6.10 10.45  8.23  5.69  9.91  6.28 10.83 10.61
***  8.29 10.54  3.99  4.76 10.76 11.53  3.21 11.68 10.92 11.66 11.47  2.97  2.78  9.07 11.48  7.79 10.91 11.19 11.23 10.66 10.73  7.23  6.98  7.14  5.66 11.61 10.81-35.87 10.69 11.22  6.59
 43 10.97 10.54  9.66 10.11  9.69 10.70 11.01 11.07  6.11  5.27  6.25 10.37  6.71  6.97  7.18 11.08 10.66 10.90 11.00 10.59  6.69  6.45 -0.60 10.17  5.30 10.75  8.68  7.02 10.69  6.72  9.15  8.53  7.20 11.11 10.45 10.69 10.31  6.74 10.75  9.91 10.64  9.07  9.36 11.00  6.09 10.45  8.23  5.69  9.91  6.27 10.83 10.61
***  8.29 10.55  3.99  4.77 10.78 11.53  3.21 11.63 10.94 11.66 11.47  2.98  2.78  9.13 11.48  7.79 10.93 11.20 11.22 10.66 10.73  7.21  6.96  7.14  5.66 11.61 10.81-35.68 10.69 11.22  6.59
 44 10.97 10.53  9.66 10.11  9.70 10.70 11.00 11.07  6.11  5.30  6.24 10.37  6.70  6.97  7.17 11.08 10.66 10.89 11.00 10.59  6.69  6.45 -0.60 10.17  5.32 10.75  8.68  7.02 10.69  6.71  9.14  8.52  7.21 11.11 10.45 10.69 10.30  6.75 10.75  9.90 10.63  9.06  9.36 11.00  6.09 10.45  8.22  5.69  9.90  6.27 10.83 10.61
***  8.29 10.56  3.99  4.78 10.79 11.52  3.21 11.59 10.97 11.68 11.48  2.99  2.78  9.17 11.48  7.80 10.94 11.21 11.21 10.66 10.73  7.20  6.95  7.14  5.66 11.61 10.81-35.54 10.69 11.22  6.59
 45 10.97 10.52  9.66 10.11  9.71 10.70 10.99 11.07  6.11  5.32  6.24 10.36  6.70  6.96  7.15 11.08 10.65 10.89 11.00 10.58  6.68  6.45 -0.60 10.17  5.34 10.75  8.69  7.02 10.68  6.71  9.13  8.52  7.21 11.11 10.45 10.69 10.30  6.77 10.75  9.90 10.62  9.05  9.36 11.00  6.08 10.45  8.22  5.70  9.89  6.26 10.83 10.61
***  8.29 10.57  3.99  4.80 10.81 11.52  3.21 11.56 10.99 11.68 11.48  3.00  2.78  9.23 11.48  7.80 10.96 11.21 11.20 10.66 10.73  7.18  6.93  7.14  5.66 11.61 10.81-35.43 10.68 11.22  6.59
 46 10.97 10.51  9.66 10.11  9.73 10.70 10.98 11.07  6.11  5.34  6.24 10.36  6.70  6.96  7.14 11.08 10.65 10.89 11.00 10.58  6.67  6.45 -0.60 10.16  5.36 10.75  8.69  7.02 10.68  6.71  9.12  8.52  7.22 11.11 10.45 10.69 10.29  6.78 10.75  9.89 10.62  9.05  9.36 11.00  6.07 10.45  8.21  5.70  9.88  6.26 10.83 10.61
***  8.29 10.58  3.99  4.81 10.83 11.52  3.21 11.54 11.01 11.68 11.47  3.02  2.78  9.29 11.47  7.80 10.97 11.22 11.19 10.66 10.73  7.17  6.91  7.14  5.66 11.61 10.81-35.35 10.68 11.22  6.59
 47 10.97 10.50  9.66 10.11  9.74 10.70 10.97 11.06  6.11  5.37  6.24 10.36  6.69  6.96  7.13 11.08 10.64 10.89 11.00 10.58  6.67  6.45 -0.60 10.16  5.38 10.75  8.69  7.01 10.68  6.70  9.11  8.51  7.22 11.11 10.45 10.69 10.29  6.79 10.75  9.88 10.61  9.04  9.36 11.00  6.06 10.45  8.21  5.70  9.87  6.25 10.83 10.61
***  8.29 10.58  3.99  4.83 10.85 11.51  3.21 11.52 11.04 11.68 11.46  3.04  2.78  9.35 11.47  7.80 10.99 11.23 11.18 10.66 10.73  7.15  6.90  7.14  5.66 11.61 10.81-35.28 10.68 11.22  6.59
 48 10.97 10.49  9.66 10.11  9.75 10.70 10.96 11.06  6.11  5.39  6.24 10.36  6.69  6.96  7.12 11.08 10.64 10.89 11.00 10.58  6.66  6.45 -0.60 10.16  5.39 10.75  8.70  7.01 10.68  6.70  9.10  8.51  7.22 11.11 10.45 10.69 10.28  6.81 10.75  9.88 10.60  9.03  9.36 11.00  6.06 10.45  8.20  5.70  9.86  6.24 10.83 10.61
***  8.29 10.58  3.99  4.84 10.86 11.51  3.21 11.51 11.07 11.69 11.45  3.06  2.78  9.43 11.47  7.80 11.00 11.23 11.17 10.66 10.73  7.14  6.88  7.14  5.66 11.61 10.81-35.22 10.68 11.22  6.59
 49 10.97 10.49  9.66 10.11  9.76 10.70 10.96 11.06  6.11  5.40  6.24 10.36  6.69  6.96  7.11 11.08 10.63 10.89 11.00 10.58  6.66  6.45 -0.60 10.16  5.40 10.75  8.70  7.01 10.68  6.70  9.09  8.51  7.23 11.11 10.45 10.69 10.28  6.81 10.75  9.87 10.60  9.03  9.37 11.00  6.05 10.45  8.20  5.70  9.85  6.24 10.83 10.61
***  8.29 10.58  3.99  4.85 10.87 11.51  3.21 11.50 11.08 11.71 11.44  3.07  2.78  9.48 11.47  7.80 11.01 11.24 11.17 10.66 10.73  7.13  6.86  7.14  5.66 11.61 10.81-35.18 10.68 11.22  6.59
 50 10.97 10.48  9.66 10.11  9.77 10.70 10.95 11.06  6.11  5.42  6.24 10.36  6.69  6.96  7.10 11.08 10.63 10.88 11.00 10.58  6.65  6.45 -0.60 10.16  5.41 10.75  8.70  7.01 10.68  6.69  9.09  8.50  7.23 11.11 10.45 10.69 10.28  6.82 10.75  9.87 10.59  9.02  9.37 11.00  6.05 10.45  8.20  5.71  9.85  6.23 10.83 10.61
***  8.29 10.59  3.99  4.87 10.88 11.50  3.21 11.48 11.09 11.71 11.44  3.09  2.79  9.50 11.47  7.80 11.02 11.24 11.16 10.66 10.73  7.11  6.85  7.14  5.66 11.61 10.81-35.14 10.68 11.22  6.59
 51 10.97 10.47  9.66 10.11  9.77 10.70 10.94 11.06  6.11  5.43  6.24 10.36  6.68  6.95  7.09 11.08 10.63 10.88 11.00 10.58  6.65  6.45 -0.60 10.16  5.43 10.75  8.71  7.01 10.68  6.69  9.08  8.50  7.23 11.11 10.45 10.69 10.27  6.83 10.75  9.86 10.58  9.02  9.37 11.00  6.04 10.45  8.19  5.71  9.84  6.23 10.83 10.61
***  8.29 10.59  3.99  4.88 10.89 11.50  3.21 11.48 11.10 11.71 11.43  3.10  2.79  9.51 11.47  7.80 11.03 11.25 11.16 10.66 10.73  7.10  6.83  7.14  5.66 11.61 10.81-35.11 10.68 11.22  6.59
 52 10.97 10.47  9.66 10.11  9.77 10.70 10.94 11.06  6.11  5.43  6.24 10.36  6.68  6.95  7.09 11.08 10.63 10.88 11.00 10.58  6.65  6.45 -0.60 10.16  5.43 10.75  8.71  7.01 10.68  6.69  9.08  8.50  7.23 11.11 10.45 10.69 10.27  6.83 10.75  9.86 10.58  9.02  9.37 11.00  6.04 10.45  8.19  5.71  9.84  6.23 10.83 10.61
***  8.29 10.60  3.99  4.89 10.90 11.50  3.21 11.48 11.11 11.71 11.43  3.12  2.79  9.56 11.47  7.80 11.04 11.25 11.15 10.66 10.73  7.10  6.83  7.14  5.66 11.61 10.81-35.11 10.68 11.22  6.59
 53 10.97 10.47  9.66 10.11  9.77 10.70 10.94 11.06  6.11  5.43  6.24 10.36  6.68  6.95  7.09 11.08 10.63 10.88 11.00 10.58  6.65  6.45 -0.60 10.16  5.43 10.75  8.71  7.01 10.68  6.69  9.08  8.50  7.23 11.11 10.45 10.69 10.27  6.83 10.75  9.86 10.58  9.02  9.37 11.00  6.04 10.45  8.19  5.71  9.84  6.23 10.83 10.61
***  8.29 10.61  3.99  4.90 10.91 11.50  3.21 11.48 11.12 11.72 11.44  3.14  2.79  9.60 11.47  7.80 11.05 11.25 11.14 10.66 10.73  7.10  6.83  7.14  5.66 11.61 10.81-35.11 10.68 11.22  6.59
  
  
 I N T E G R A T E D   O P A C I T Y   [CM/G*]
 K  SO2   TiH   CO2   OH    CrH   CH    AlCl  ZrO   PO    NaCl  SiS   NO    LiF   HCN   C3    C2H2  MgH   TiO   CaH   SiO   LiCl  PH3   H2    C2    KCl   HCl   CP    LiH   NaH   AlF   FeH   BeH   MgF   CaF   CH4   CO    CN    H2CO  NH3   AlO   VO    SiH   PN    CS    KF    H2O   PS    SN    AlH   NaF   HS    NH  
  Al    Be    Ca    Cl    C     Cr    Fe    F     K     Li    Mg    Na    N     O     P     Si    S     Ti    V     Zr    O2    O3    COS   N2O   SO3   H2S   CS2   NO2   N2    S2    SO    C2H4
  1  -2.3  -4.0   2.2   0.1  -1.2 -11.1   3.9   0.9  -2.5  -3.7   0.7  -3.9  -7.8  -4.5 -26.6  -5.7   2.5   3.4   2.8   5.9  -4.6  -3.7  -1.0 -20.6  -3.8   4.0  -8.4  -7.0   0.8  -0.9  -1.4  -8.7  -4.8   1.0  -0.4   6.9  -7.7  -5.8   1.1  -0.5   2.1  -4.3   2.2  -1.0  -6.6   6.6   0.8  -8.4   1.0  -6.3   4.1  -5.9
***  -5.8   4.6  -7.2 -18.2   4.0   6.9 -14.7   8.3  -1.0   6.7   2.0 -13.6 -11.6  -0.9  -1.5  -0.7  -0.5   0.4  -7.1  -7.5 -27.1  -2.4 -14.9 -17.5   0.3  -1.5 -15.6 -61.8   2.0   0.4 -13.0
  2  -2.2  -3.8   2.2   0.2  -1.1 -10.7   3.9   1.0  -2.4  -3.8   0.7  -3.8  -7.8  -4.3 -26.0  -5.4   2.6   3.5   2.8   5.9  -4.6  -3.6  -1.0 -20.1  -3.9   4.0  -8.2  -6.9   0.9  -0.9  -1.3  -8.4  -4.8   1.0  -0.3   6.9  -7.4  -5.6   1.2  -0.4   2.1  -4.1   2.2  -0.8  -6.7   6.6   0.7  -8.2   1.2  -6.3   4.1  -5.6
***  -5.5   4.6  -7.1 -17.8   4.0   6.9 -14.5   8.2  -0.9   6.7   2.1 -13.4 -11.4  -0.8  -1.2  -0.6  -0.3   0.6  -6.8  -7.2 -26.6  -2.4 -14.6 -17.3   0.3  -1.4 -15.3 -61.5   2.0   0.5 -12.7
  3  -2.2  -3.5   2.2   0.4  -1.0 -10.3   3.9   1.0  -2.4  -3.9   0.7  -3.6  -7.8  -4.2 -25.4  -5.2   2.7   3.5   2.9   5.9  -4.7  -3.6  -1.0 -19.5  -3.9   4.0  -8.0  -6.8   1.0  -0.9  -1.2  -8.1  -4.8   1.0  -0.2   6.9  -7.1  -5.5   1.3  -0.3   2.2  -3.8   2.2  -0.7  -6.7   6.6   0.7  -8.1   1.3  -6.3   4.2  -5.3
***  -5.3   4.6  -6.9 -17.3   4.0   6.9 -14.2   8.1  -0.9   6.7   2.2 -13.1 -11.1  -0.7  -1.0  -0.5  -0.1   0.7  -6.5  -7.0 -26.0  -2.4 -14.4 -17.2   0.3  -1.4 -14.9 -61.3   2.0   0.6 -12.5
  4  -2.2  -3.3   2.1   0.5  -1.0  -9.8   3.9   1.1  -2.3  -3.9   0.7  -3.4  -7.9  -4.1 -24.9  -5.0   2.8   3.5   3.0   5.9  -4.8  -3.5  -1.0 -18.9  -4.0   4.0  -7.7  -6.7   1.0  -0.9  -1.1  -7.8  -4.7   0.9  -0.1   6.9  -6.8  -5.4   1.4  -0.1   2.2  -3.6   2.2  -0.6  -6.7   6.6   0.7  -7.9   1.5  -6.3   4.3  -5.0
***  -5.0   4.6  -6.8 -16.9   4.0   6.9 -14.0   7.9  -0.8   6.7   2.3 -12.8 -10.8  -0.6  -0.8  -0.4   0.0   0.9  -6.2  -6.7 -25.5  -2.4 -14.1 -17.0   0.3  -1.4 -14.6 -61.2   2.0   0.7 -12.3
  5  -2.1  -3.1   2.1   0.7  -0.9  -9.4   3.9   1.1  -2.3  -4.0   0.7  -3.2  -7.9  -3.9 -24.3  -4.8   2.8   3.5   3.0   5.9  -4.9  -3.4  -1.0 -18.4  -4.1   4.0  -7.5  -6.6   1.1  -0.9  -0.9  -7.5  -4.7   0.9  -0.0   6.9  -6.5  -5.3   1.5   0.0   2.3  -3.4   2.3  -0.5  -6.7   6.6   0.7  -7.8   1.6  -6.3   4.3  -4.8
***  -4.8   4.6  -6.7 -16.4   4.0   6.9 -13.8   7.8  -0.8   6.7   2.5 -12.5 -10.6  -0.5  -0.5  -0.3   0.2   1.1  -6.0  -6.5 -24.9  -2.4 -13.9 -16.9   0.4  -1.3 -14.3 -61.1   2.0   0.8 -12.1
  6  -2.1  -2.9   2.1   0.8  -0.8  -9.1   3.9   1.2  -2.3  -4.1   0.7  -3.0  -7.9  -3.8 -23.8  -4.6   2.9   3.6   3.1   5.9  -5.0  -3.4  -1.0 -17.9  -4.2   4.0  -7.3  -6.6   1.2  -1.0  -0.8  -7.2  -4.7   0.9   0.1   6.9  -6.3  -5.2   1.6   0.1   2.3  -3.2   2.3  -0.3  -6.7   6.6   0.7  -7.6   1.8  -6.3   4.4  -4.5
***  -4.6   4.6  -6.6 -16.0   4.0   6.9 -13.5   7.8  -0.8   6.7   2.6 -12.2 -10.4  -0.4  -0.3  -0.2   0.3   1.2  -5.7  -6.2 -24.4  -2.4 -13.6 -16.7   0.4  -1.3 -13.9 -61.0   2.0   0.8 -11.9
  7  -2.0  -2.7   2.1   1.0  -0.7  -8.7   3.9   1.2  -2.2  -4.1   0.7  -2.8  -8.0  -3.7 -23.3  -4.4   3.0   3.6   3.1   5.9  -5.0  -3.3  -1.0 -17.3  -4.3   4.0  -7.1  -6.5   1.3  -1.0  -0.7  -6.9  -4.7   0.8   0.1   6.9  -6.0  -5.1   1.6   0.3   2.4  -2.9   2.3  -0.2  -6.7   6.6   0.7  -7.5   1.9  -6.3   4.4  -4.2
***  -4.3   4.6  -6.5 -15.6   4.0   6.9 -13.3   7.6  -0.8   6.7   2.7 -11.9 -10.1  -0.3  -0.1  -0.1   0.5   1.3  -5.4  -6.0 -23.9  -2.4 -13.4 -16.5   0.4  -1.3 -13.6 -61.0   2.0   0.9 -11.7
  8  -2.0  -2.5   2.1   1.1  -0.7  -8.3   3.9   1.2  -2.2  -4.2   0.7  -2.6  -8.0  -3.6 -22.8  -4.1   3.1   3.6   3.2   5.9  -5.1  -3.2  -1.0 -16.8  -4.3   4.0  -6.9  -6.4   1.3  -1.0  -0.6  -6.6  -4.7   0.8   0.2   6.9  -5.7  -5.0   1.7   0.4   2.4  -2.7   2.3  -0.1  -6.7   6.6   0.7  -7.3   2.0  -6.3   4.5  -4.0
***  -4.1   4.6  -6.4 -15.2   4.0   6.9 -13.1   7.6  -0.7   6.7   2.8 -11.6  -9.9  -0.2   0.1  -0.0   0.6   1.5  -5.2  -5.8 -23.4  -2.4 -13.2 -16.4   0.4  -1.3 -13.3 -60.9   2.1   1.0 -11.5
  9  -2.0  -2.3   2.0   1.2  -0.6  -7.9   3.9   1.3  -2.1  -4.2   0.7  -2.5  -8.1  -3.5 -22.2  -3.9   3.1   3.6   3.2   5.9  -5.2  -3.2  -1.0 -16.3  -4.4   4.0  -6.7  -6.4   1.4  -1.0  -0.5  -6.3  -4.6   0.8   0.3   6.9  -5.5  -4.9   1.8   0.5   2.4  -2.5   2.3   0.0  -6.8   6.6   0.7  -7.2   2.2  -6.3   4.6  -3.7
***  -3.9   4.6  -6.3 -14.8   4.0   6.9 -12.9   7.4  -0.7   6.7   2.9 -11.4  -9.7  -0.1   0.3   0.1   0.7   1.6  -5.0  -5.6 -22.9  -2.4 -12.9 -16.3   0.4  -1.2 -13.0 -60.8   2.1   1.1 -11.3
 10  -1.9  -2.1   2.0   1.4  -0.5  -7.6   3.8   1.3  -2.1  -4.3   0.6  -2.3  -8.1  -3.3 -21.7  -3.7   3.2   3.6   3.3   5.9  -5.3  -3.1  -1.0 -15.8  -4.5   4.0  -6.5  -6.3   1.5  -1.0  -0.4  -6.1  -4.6   0.7   0.4   6.9  -5.2  -4.8   1.9   0.6   2.4  -2.3   2.3   0.1  -6.8   6.6   0.7  -7.0   2.3  -6.3   4.6  -3.5
***  -3.7   4.6  -6.2 -14.4   4.0   6.9 -12.7   7.3  -0.7   6.7   3.0 -11.1  -9.5  -0.0   0.5   0.2   0.9   1.7  -4.7  -5.4 -22.4  -2.4 -12.7 -16.1   0.4  -1.2 -12.7 -56.8   2.0   1.1 -11.1
 11  -1.9  -1.9   2.0   1.5  -0.4  -7.2   3.8   1.3  -2.1  -4.3   0.6  -2.2  -8.1  -3.2 -21.3  -3.5   3.3   3.6   3.3   5.9  -5.4  -3.1  -1.0 -15.4  -4.5   4.0  -6.3  -6.2   1.5  -1.0  -0.3  -5.8  -4.6   0.7   0.5   6.9  -5.0  -4.7   2.0   0.7   2.4  -2.1   2.3   0.2  -6.8   6.6   0.6  -6.9   2.4  -6.3   4.6  -3.2
***  -3.6   4.6  -6.2 -14.1   4.0   6.9 -12.5   7.1  -0.7   6.7   3.2 -10.9  -9.3   0.1   0.7   0.2   1.0   1.8  -4.5  -5.2 -22.0  -2.4 -12.5 -16.0   0.4  -1.2 -12.5 -56.3   2.0   1.2 -10.9
 12  -1.9  -1.7   2.0   1.6  -0.4  -6.9   3.8   1.3  -2.1  -4.4   0.6  -2.0  -8.2  -3.1 -20.8  -3.3   3.3   3.6   3.4   5.9  -5.5  -3.0  -1.0 -14.9  -4.6   4.0  -6.1  -6.2   1.6  -1.0  -0.2  -5.6  -4.5   0.7   0.6   6.9  -4.7  -4.6   2.1   0.7   2.4  -1.9   2.3   0.3  -6.8   6.6   0.6  -6.8   2.5  -6.3   4.7  -3.0
***  -3.4   4.6  -6.1 -13.7   4.0   6.9 -12.3   7.0  -0.7   6.7   3.2 -10.7  -9.1   0.1   0.9   0.3   1.1   1.9  -4.3  -5.0 -21.6  -2.4 -12.3 -15.9   0.4  -1.2 -12.2 -56.0   2.0   1.2 -10.7
 13  -1.9  -1.6   2.0   1.7  -0.3  -6.6   3.8   1.4  -2.0  -4.4   0.6  -1.9  -8.2  -3.0 -20.4  -3.1   3.4   3.6   3.4   5.9  -5.6  -2.9  -1.0 -14.5  -4.6   4.0  -6.0  -6.1   1.7  -1.0  -0.1  -5.4  -4.5   0.7   0.7   6.9  -4.5  -4.5   2.1   0.8   2.4  -1.7   2.3   0.4  -6.8   6.6   0.6  -6.7   2.6  -6.3   4.7  -2.8
***  -3.3   4.6  -6.0 -13.4   4.0   6.9 -12.1   6.9  -0.7   6.7   3.4 -10.4  -8.9   0.2   1.1   0.4   1.2   2.0  -4.1  -4.8 -21.2  -2.4 -12.1 -15.8   0.4  -1.1 -12.0 -55.9   2.0   1.3 -10.5
 14  -1.9  -1.4   1.9   1.8  -0.2  -6.3   3.8   1.4  -2.0  -4.5   0.6  -1.7  -8.3  -2.9 -19.9  -2.9   3.5   3.6   3.5   5.9  -5.7  -2.9  -1.0 -14.0  -4.7   4.0  -5.8  -6.1   1.7  -1.0  -0.0  -5.3  -4.5   0.7   0.8   6.9  -4.3  -4.4   2.2   0.9   2.4  -1.6   2.3   0.5  -6.8   6.6   0.6  -6.6   2.7  -6.2   4.8  -2.6
***  -3.1   4.6  -5.9 -13.1   4.0   6.9 -12.0   6.8  -0.7   6.7   3.5 -10.2  -8.7   0.3   1.2   0.4   1.3   2.1  -4.0  -4.6 -20.8  -2.4 -11.9 -15.7   0.4  -1.1 -11.7 -55.7   2.0   1.3 -10.3
 15  -1.8  -1.2   1.9   1.9  -0.1  -6.0   3.7   1.4  -2.0  -4.5   0.6  -1.6  -8.3  -2.7 -19.5  -2.7   3.5   3.6   3.5   5.9  -5.8  -2.8  -1.0 -13.6  -4.8   4.1  -5.6  -6.0   1.8  -1.1   0.1  -5.1  -4.4   0.7   0.9   6.9  -4.1  -4.3   2.3   1.0   2.4  -1.4   2.3   0.6  -6.8   6.6   0.5  -6.5   2.8  -6.2   4.8  -2.4
***  -3.0   4.6  -5.9 -12.7   4.0   6.9 -11.8   6.7  -0.7   6.7   3.6 -10.0  -8.6   0.3   1.4   0.5   1.4   2.1  -3.8  -4.5 -20.4  -2.4 -11.8 -15.6   0.4  -1.1 -11.5 -55.7   2.0   1.4 -10.1
 16  -1.8  -1.1   1.9   2.0  -0.1  -5.6   3.7   1.4  -2.0  -4.5   0.6  -1.5  -8.3  -2.6 -19.0  -2.5   3.6   3.7   3.6   5.9  -5.9  -2.8  -1.0 -13.2  -4.8   4.1  -5.4  -6.0   1.9  -1.1   0.2  -4.9  -4.4   0.6   1.0   6.9  -3.8  -4.2   2.4   1.0   2.4  -1.2   2.3   0.7  -6.8   6.6   0.5  -6.4   2.9  -6.2   4.8  -2.2
***  -2.9   4.6  -5.8 -12.4   4.0   6.9 -11.6   6.6  -0.7   6.7   3.7  -9.8  -8.4   0.4   1.6   0.5   1.5   2.2  -3.6  -4.3 -20.0  -2.4 -11.6 -15.5   0.4  -1.1 -11.2 -55.6   2.0   1.4  -9.9
 17  -1.8  -0.9   1.9   2.1   0.0  -5.3   3.6   1.4  -2.0  -4.6   0.6  -1.3  -8.4  -2.5 -18.5  -2.3   3.7   3.7   3.7   5.9  -5.9  -2.7  -1.0 -12.7  -4.9   4.1  -5.3  -5.9   1.9  -1.1   0.3  -4.8  -4.4   0.6   1.1   6.9  -3.6  -4.1   2.5   1.1   2.4  -1.0   2.3   0.8  -6.8   6.6   0.5  -6.3   3.0  -6.2   4.9  -1.9
***  -2.8   4.6  -5.7 -12.1   4.0   6.9 -11.4   6.5  -0.7   6.7   3.8  -9.6  -8.2   0.4   1.8   0.6   1.6   2.3  -3.4  -4.1 -19.6  -2.4 -11.4 -15.4   0.4  -1.1 -11.0 -55.5   2.0   1.4  -9.6
 18  -1.8  -0.8   1.9   2.2   0.1  -5.0   3.6   1.4  -2.0  -4.6   0.5  -1.2  -8.4  -2.4 -18.1  -2.1   3.8   3.7   3.7   5.9  -6.0  -2.7  -1.0 -12.3  -4.9   4.1  -5.1  -5.9   2.0  -1.1   0.4  -4.6  -4.3   0.6   1.2   6.9  -3.4  -3.9   2.6   1.1   2.4  -0.8   2.3   0.9  -6.8   6.6   0.5  -6.2   3.0  -6.2   4.9  -1.7
***  -2.8   4.6  -5.6 -11.7   4.0   6.9 -11.2   6.3  -0.7   6.7   3.9  -9.4  -8.1   0.5   1.9   0.6   1.7   2.4  -3.2  -4.0 -19.2  -2.4 -11.2 -15.3   0.4  -1.1 -10.7 -55.4   1.9   1.5  -9.4
 19  -1.8  -0.6   1.9   2.4   0.2  -4.7   3.5   1.4  -2.0  -4.7   0.5  -1.1  -8.4  -2.3 -17.6  -1.9   3.8   3.7   3.8   5.9  -6.1  -2.6  -1.0 -11.8  -5.0   4.1  -4.9  -5.8   2.1  -1.2   0.5  -4.5  -4.3   0.6   1.3   6.9  -3.1  -3.8   2.6   1.2   2.4  -0.6   2.3   1.0  -6.8   6.6   0.4  -6.0   3.1  -6.2   4.9  -1.5
***  -2.7   4.6  -5.6 -11.4   4.0   6.9 -11.1   6.2  -0.7   6.7   4.0  -9.1  -7.9   0.6   2.1   0.7   1.8   2.4  -3.0  -3.8 -18.8  -2.4 -11.0 -15.2   0.5  -1.0 -10.5 -55.4   1.9   1.5  -9.2
 20  -1.8  -0.4   1.9   2.5   0.2  -4.3   3.5   1.4  -2.0  -4.7   0.5  -0.9  -8.5  -2.1 -17.1  -1.7   3.9   3.7   3.8   5.9  -6.2  -2.6  -1.0 -11.4  -5.0   4.1  -4.8  -5.8   2.2  -1.2   0.6  -4.4  -4.2   0.6   1.4   6.9  -2.9  -3.7   2.7   1.2   2.4  -0.4   2.3   1.1  -6.8   6.6   0.4  -5.9   3.2  -6.1   5.0  -1.3
***  -2.7   4.6  -5.5 -11.0   4.0   6.9 -10.9   6.1  -0.7   6.7   4.2  -8.9  -7.7   0.6   2.3   0.8   1.9   2.5  -2.8  -3.6 -18.4  -2.4 -10.8 -15.1   0.5  -1.0 -10.2 -52.1   1.9   1.6  -9.0
 21  -1.7  -0.3   1.8   2.6   0.3  -4.0   3.4   1.5  -2.0  -4.8   0.5  -0.8  -8.5  -2.0 -16.7  -1.5   4.0   3.7   3.9   5.9  -6.3  -2.5  -1.0 -10.9  -5.1   4.1  -4.6  -5.8   2.2  -1.3   0.7  -4.3  -4.2   0.6   1.5   6.9  -2.7  -3.7   2.8   1.3   2.3  -0.3   2.3   1.2  -6.8   6.6   0.3  -5.8   3.2  -6.1   5.0  -1.0
***  -2.6   4.6  -5.4 -10.7   4.0   6.9 -10.7   6.0  -0.7   6.7   4.2  -8.7  -7.5   0.7   2.5   0.8   2.0   2.5  -2.7  -3.4 -18.0  -2.4 -10.6 -14.9   0.5  -1.0  -9.9 -51.5   1.9   1.6  -8.8
 22  -1.7  -0.1   1.8   2.7   0.4  -3.7   3.3   1.5  -2.0  -4.8   0.5  -0.6  -8.5  -1.9 -16.2  -1.3   4.0   3.7   3.9   6.0  -6.4  -2.5  -1.0 -10.4  -5.2   4.1  -4.4  -5.7   2.3  -1.4   0.7  -4.2  -4.2   0.6   1.6   6.9  -2.4  -3.6   2.9   1.3   2.3  -0.1   2.3   1.3  -6.8   6.6   0.3  -5.7   3.3  -6.1   5.0  -0.8
***  -2.6   4.6  -5.3 -10.3   4.0   6.9 -10.5   5.9  -0.7   6.7   4.4  -8.5  -7.3   0.7   2.7   0.9   2.1   2.6  -2.5  -3.2 -17.5  -2.4 -10.4 -14.8   0.5  -1.0  -9.7 -51.2   1.9   1.7  -8.6
 23  -1.7   0.1   1.8   2.8   0.4  -3.3   3.2   1.5  -2.0  -4.8   0.5  -0.5  -8.6  -1.8 -15.7  -1.1   4.1   3.6   4.0   6.0  -6.5  -2.5  -1.0 -10.0  -5.2   4.1  -4.3  -5.7   2.4  -1.4   0.8  -4.1  -4.1   0.6   1.7   6.9  -2.2  -3.5   3.0   1.3   2.2   0.1   2.3   1.4  -6.8   6.6   0.2  -5.6   3.3  -6.1   5.1  -0.6
***  -2.6   4.6  -5.2 -10.0   4.0   6.9 -10.3   5.8  -0.7   6.7   4.5  -8.2  -7.1   0.8   2.9   1.0   2.2   2.6  -2.3  -3.0 -17.1  -2.4 -10.2 -14.7   0.5  -1.0  -9.4 -51.1   1.8   1.7  -8.4
 24  -1.7   0.2   1.8   3.0   0.5  -3.0   3.1   1.5  -2.0  -4.9   0.4  -0.3  -8.6  -1.7 -15.3  -0.9   4.2   3.6   4.0   6.0  -6.6  -2.5  -1.0  -9.5  -5.3   4.1  -4.1  -5.6   2.4  -1.5   0.9  -4.1  -4.1   0.5   1.7   6.9  -2.0  -3.4   3.0   1.3   2.2   0.3   2.2   1.5  -6.8   6.6   0.2  -5.4   3.3  -6.1   5.1  -0.3
***  -2.6   4.6  -5.1  -9.6   4.0   6.9 -10.1   5.7  -0.7   6.7   4.6  -8.0  -6.9   0.8   3.1   1.1   2.3   2.7  -2.1  -2.8 -16.6  -2.4 -10.0 -14.5   0.4  -1.0  -9.1 -50.9   1.8   1.8  -8.2
 25  -1.6   0.4   1.8   3.1   0.6  -2.6   3.0   1.5  -2.0  -5.0   0.4  -0.1  -8.7  -1.6 -14.8  -0.7   4.2   3.6   4.1   6.0  -6.8  -2.5  -1.0  -9.0  -5.4   4.1  -4.0  -5.6   2.5  -1.7   1.0  -4.0  -4.1   0.5   1.8   6.9  -1.7  -3.3   3.1   1.3   2.1   0.5   2.2   1.6  -6.8   6.6   0.1  -5.3   3.4  -6.1   5.2  -0.1
***  -2.6   4.6  -5.0  -9.2   4.0   6.9  -9.8   5.6  -0.7   6.7   4.7  -7.7  -6.6   0.9   3.3   1.1   2.4   2.7  -1.8  -2.6 -16.1  -2.4  -9.7 -14.4   0.4  -1.0  -8.8 -50.8   1.8   1.9  -8.0
 26  -1.6   0.6   1.8   3.3   0.7  -2.2   2.8   1.5  -2.0  -5.0   0.4   0.1  -8.8  -1.4 -14.3  -0.5   4.3   3.6   4.1   6.0  -6.9  -2.5  -1.0  -8.5  -5.5   4.1  -3.8  -5.5   2.6  -1.8   1.1  -3.9  -4.1   0.4   1.9   6.9  -1.4  -3.2   3.2   1.3   2.0   0.8   2.2   1.7  -6.9   6.6   0.0  -5.2   3.4  -6.1   5.2   0.2
***  -2.5   4.6  -4.9  -8.7   4.0   6.9  -9.6   5.4  -0.7   6.7   4.8  -7.4  -6.4   1.0   3.5   1.2   2.5   2.8  -1.6  -2.3 -15.5  -2.5  -9.5 -14.2   0.4  -1.0  -8.4 -50.7   1.8   2.0  -7.9
 27  -1.5   0.8   1.7   3.4   0.7  -1.8   2.7   1.5  -2.0  -5.1   0.3   0.3  -8.9  -1.3 -13.8  -0.3   4.4   3.6   4.2   6.0  -7.0  -2.5  -1.0  -7.9  -5.6   4.1  -3.7  -5.5   2.6  -2.0   1.2  -3.8  -4.1   0.4   1.9   6.9  -1.1  -3.1   3.3   1.3   2.0   1.0   2.1   1.8  -7.0   6.6  -0.0  -5.0   3.4  -6.2   5.3   0.5
***  -2.5   4.6  -4.8  -8.3   4.0   6.9  -9.4   5.3  -0.7   6.8   4.8  -7.1  -6.1   1.0   3.7   1.4   2.6   2.8  -1.4  -2.0 -14.9  -2.5  -9.3 -14.1   0.4  -1.0  -8.1 -48.2   1.8   2.0  -7.7
 28  -1.5   0.9   1.7   3.6   0.8  -1.3   2.4   1.5  -2.0  -5.2   0.3   0.5  -9.0  -1.2 -13.2  -0.1   4.4   3.6   4.2   6.0  -7.2  -2.6  -1.0  -7.3  -5.8   4.1  -3.5  -5.5   2.7  -2.2   1.4  -3.8  -4.1   0.3   1.9   6.9  -0.8  -3.1   3.3   1.3   1.9   1.2   2.0   1.9  -7.1   6.6  -0.2  -4.8   3.4  -6.2   5.3   0.8
***  -2.5   4.6  -4.7  -7.8   4.0   6.9  -9.1   5.2  -0.7   6.8   4.9  -6.7  -5.7   1.1   4.0   1.5   2.8   2.8  -1.1  -1.7 -14.2  -2.5  -9.0 -13.8   0.4  -1.0  -7.6 -47.2   1.8   2.2  -7.6
 29  -1.4   1.1   1.7   3.8   0.9  -0.9   2.2   1.5  -2.0  -5.3   0.2   0.8  -9.2  -1.1 -12.7   0.0   4.5   3.5   4.2   6.0  -7.4  -2.7  -1.0  -6.7  -6.0   4.1  -3.4  -5.5   2.7  -2.4   1.5  -3.7  -4.1   0.2   1.9   6.9  -0.5  -3.0   3.4   1.3   1.7   1.5   1.9   2.0  -7.3   6.6  -0.3  -4.7   3.3  -6.3   5.4   1.2
***  -2.5   4.6  -4.5  -7.2   4.0   6.9  -8.8   5.0  -0.7   6.8   5.0  -6.3  -5.4   1.1   4.3   1.6   2.9   2.8  -0.8  -1.3 -13.5  -2.6  -8.7 -13.6   0.3  -1.1  -7.2 -47.0   1.8   2.3  -7.5
 30  -1.3   1.2   1.7   4.0   0.9  -0.5   2.0   1.5  -2.0  -5.4   0.2   1.0  -9.3  -1.0 -12.2   0.2   4.5   3.5   4.3   6.0  -7.6  -2.8  -1.0  -6.2  -6.2   4.1  -3.3  -5.4   2.8  -2.6   1.6  -3.7  -4.2   0.1   1.9   6.9  -0.3  -3.0   3.4   1.3   1.6   1.7   1.9   2.1  -7.4   6.6  -0.4  -4.5   3.3  -6.4   5.4   1.4
***  -2.5   4.6  -4.4  -6.8   4.0   6.9  -8.6   4.9  -0.6   6.9   5.1  -6.0  -5.1   1.2   4.5   1.7   3.0   2.9  -0.6  -1.0 -12.9  -2.6  -8.4 -13.4   0.3  -1.1  -6.8 -46.8   1.7   2.4  -7.4
 31  -1.3   1.4   1.7   4.2   1.0  -0.1   1.9   1.5  -2.1  -5.5   0.1   1.2  -9.4  -0.9 -11.8   0.3   4.6   3.4   4.3   6.0  -7.7  -2.9  -1.0  -5.7  -6.4   4.1  -3.2  -5.4   2.8  -2.8   1.6  -3.6  -4.2  -0.0   1.9   6.9  -0.0  -2.9   3.4   1.3   1.5   1.9   1.8   2.2  -7.5   6.6  -0.5  -4.4   3.3  -6.4   5.4   1.7
***  -2.5   4.6  -4.3  -6.4   4.0   6.9  -8.4   4.7  -0.6   6.9   5.1  -5.7  -4.8   1.3   4.7   1.8   3.1   2.9  -0.4  -0.8 -12.4  -2.7  -8.2 -13.3   0.3  -1.2  -6.5 -46.7   1.7   2.4  -7.3
 32  -1.3   1.4   1.6   4.3   1.0   0.2   1.7   1.5  -2.1  -5.6   0.1   1.4  -9.5  -0.8 -11.4   0.4   4.6   3.4   4.3   6.0  -7.9  -3.0  -1.0  -5.3  -6.5   4.1  -3.1  -5.4   2.9  -2.9   1.7  -3.6  -4.2  -0.1   2.0   6.9   0.2  -2.9   3.5   1.3   1.5   2.0   1.7   2.2  -7.6   6.6  -0.6  -4.3   3.3  -6.5   5.5   1.9
***  -2.5   4.6  -4.2  -6.0   4.0   6.9  -8.2   4.6  -0.5   6.9   5.2  -5.5  -4.6   1.4   4.9   1.9   3.2   2.9  -0.3  -0.6 -12.0  -2.7  -8.0 -13.2   0.2  -1.2  -6.2 -46.6   1.7   2.5  -7.2
 33  -1.3   1.5   1.6   4.4   1.1   0.5   1.6   1.5  -2.1  -5.6   0.0   1.5  -9.6  -0.8 -11.1   0.6   4.7   3.3   4.3   5.9  -8.0  -3.0  -1.0  -4.9  -6.6   4.1  -3.0  -5.4   2.9  -3.0   1.8  -3.5  -4.2  -0.1   2.0   6.9   0.4  -2.8   3.5   1.3   1.4   2.2   1.7   2.3  -7.7   6.6  -0.7  -4.2   3.3  -6.5   5.5   2.1
***  -2.5   4.6  -4.1  -5.7   4.1   6.9  -8.0   4.5  -0.5   6.9   5.2  -5.2  -4.4   1.5   5.1   2.0   3.2   2.9  -0.1  -0.4 -11.5  -2.8  -7.9 -13.1   0.2  -1.3  -6.0 -43.9   1.6   2.5  -7.1
 34  -1.2   1.6   1.6   4.5   1.1   0.6   1.5   1.5  -2.1  -5.6  -0.0   1.6  -9.6  -0.7 -10.9   0.6   4.7   3.3   4.4   5.9  -8.0  -3.0  -1.0  -4.7  -6.7   4.1  -2.9  -5.4   2.9  -3.1   1.8  -3.5  -4.2  -0.2   2.0   6.9   0.5  -2.8   3.6   1.3   1.3   2.3   1.6   2.3  -7.8   6.6  -0.8  -4.2   3.3  -6.5   5.5   2.2
***  -2.5   4.6  -4.1  -5.5   4.1   6.9  -7.9   4.5  -0.5   6.9   5.2  -5.1  -4.3   1.5   5.2   2.0   3.3   3.0  -0.0  -0.2 -11.3  -2.8  -7.8 -13.0   0.2  -1.3  -5.9 -43.7   1.6   2.6  -7.0
 35  -1.2   1.7   1.6   4.6   1.2   0.9   1.4   1.5  -2.2  -5.7  -0.1   1.7  -9.7  -0.6 -10.6   0.8   4.7   3.2   4.4   5.9  -8.1  -3.0  -1.0  -4.4  -6.8   4.1  -2.9  -5.3   3.0  -3.2   1.9  -3.5  -4.2  -0.2   2.1   6.9   0.7  -2.7   3.6   1.3   1.3   2.4   1.6   2.4  -7.9   6.6  -0.9  -4.1   3.3  -6.6   5.5   2.4
***  -2.5   4.6  -4.0  -5.2   4.1   6.9  -7.8   4.4  -0.4   6.9   5.3  -4.9  -4.1   1.6   5.3   2.0   3.3   3.0   0.1  -0.1 -11.0  -2.8  -7.6 -12.9   0.2  -1.3  -5.6 -43.5   1.5   2.6  -6.9
 36  -1.2   1.7   1.6   4.7   1.2   1.1   1.3   1.5  -2.2  -5.7  -0.1   1.8  -9.8  -0.6 -10.3   0.9   4.8   3.2   4.4   5.9  -8.2  -3.1  -1.0  -4.0  -6.9   4.1  -2.8  -5.3   3.0  -3.3   1.9  -3.5  -4.2  -0.3   2.1   6.9   0.8  -2.7   3.7   1.3   1.2   2.5   1.5   2.4  -8.0   6.6  -1.0  -4.0   3.3  -6.6   5.5   2.6
***  -2.5   4.6  -3.9  -4.9   4.1   6.9  -7.7   4.3  -0.4   7.0   5.3  -4.8  -4.0   1.7   5.4   2.1   3.4   3.0   0.2   0.1 -10.6  -2.9  -7.5 -12.9   0.1  -1.4  -5.4 -43.3   1.5   2.6  -6.8
 37  -1.2   1.8   1.6   4.7   1.3   1.3   1.2   1.5  -2.2  -5.8  -0.1   1.9  -9.8  -0.5 -10.0   1.0   4.8   3.1   4.4   5.9  -8.3  -3.1  -1.1  -3.8  -7.0   4.1  -2.7  -5.3   3.0  -3.4   2.0  -3.4  -4.2  -0.3   2.2   6.9   1.0  -2.6   3.7   1.3   1.1   2.6   1.5   2.4  -8.0   6.6  -1.1  -4.0   3.3  -6.6   5.5   2.7
***  -2.5   4.6  -3.9  -4.7   4.2   6.9  -7.6   4.2  -0.4   7.0   5.3  -4.6  -3.9   1.8   5.5   2.1   3.4   3.0   0.3   0.2 -10.4  -2.9  -7.4 -12.8   0.1  -1.4  -5.3 -43.2   1.5   2.6  -6.7
 38  -1.2   1.8   1.6   4.8   1.3   1.5   1.2   1.5  -2.3  -5.8  -0.2   2.0  -9.9  -0.4  -9.7   1.2   4.8   3.1   4.5   5.9  -8.4  -3.1  -1.1  -3.5  -7.0   4.1  -2.7  -5.3   3.1  -3.5   2.1  -3.4  -4.2  -0.3   2.2   6.9   1.1  -2.5   3.8   1.3   1.1   2.7   1.5   2.5  -8.1   6.6  -1.1  -3.9   3.3  -6.7   5.5   2.9
***  -2.5   4.6  -3.8  -4.5   4.2   6.9  -7.5   4.1  -0.3   7.0   5.3  -4.4  -3.7   1.8   5.6   2.1   3.5   3.0   0.4   0.3 -10.1  -2.9  -7.3 -12.8   0.1  -1.4  -5.1 -43.1   1.4   2.6  -6.5
 39  -1.2   1.9   1.6   4.9   1.4   1.7   1.1   1.5  -2.3  -5.8  -0.2   2.1  -9.9  -0.4  -9.4   1.3   4.9   3.0   4.5   5.9  -8.5  -3.1  -1.1  -3.2  -7.1   4.1  -2.6  -5.3   3.1  -3.6   2.1  -3.4  -4.2  -0.4   2.3   6.9   1.2  -2.5   3.8   1.3   1.0   2.8   1.4   2.5  -8.2   6.6  -1.2  -3.8   3.3  -6.7   5.5   3.0
***  -2.5   4.6  -3.8  -4.2   4.2   6.9  -7.4   4.0  -0.3   7.0   5.4  -4.3  -3.6   1.9   5.7   2.1   3.5   3.0   0.5   0.4  -9.8  -3.0  -7.1 -12.7   0.1  -1.4  -4.9 -43.1   1.4   2.7  -6.4
 40  -1.2   1.9   1.6   4.9   1.4   1.9   1.0   1.5  -2.3  -5.9  -0.3   2.2 -10.0  -0.3  -9.2   1.4   4.9   3.0   4.5   5.9  -8.5  -3.1  -1.1  -2.9  -7.2   4.1  -2.5  -5.3   3.1  -3.7   2.2  -3.3  -4.2  -0.4   2.3   6.9   1.4  -2.4   3.9   1.3   0.9   2.9   1.4   2.6  -8.2   6.6  -1.3  -3.8   3.3  -6.7   5.5   3.1
***  -2.5   4.6  -3.8  -4.0   4.2   6.9  -7.3   3.9  -0.3   7.0   5.4  -4.2  -3.5   2.0   5.8   2.2   3.5   3.0   0.6   0.5  -9.6  -3.0  -7.0 -12.7   0.0  -1.5  -4.8 -43.0   1.3   2.7  -6.3
 41  -1.2   2.0   1.6   5.0   1.5   2.1   0.9   1.4  -2.3  -5.9  -0.3   2.3 -10.0  -0.2  -8.9   1.5   4.9   2.9   4.5   5.9  -8.6  -3.1  -1.1  -2.7  -7.2   4.1  -2.5  -5.2   3.1  -3.8   2.2  -3.3  -4.2  -0.4   2.4   6.9   1.5  -2.3   3.9   1.3   0.9   3.0   1.3   2.6  -8.3   6.5  -1.4  -3.7   3.3  -6.7   5.5   3.2
***  -2.5   4.6  -3.7  -3.8   4.2   6.8  -7.2   3.8  -0.3   7.0   5.4  -4.0  -3.4   2.0   5.9   2.2   3.5   3.0   0.6   0.6  -9.3  -3.0  -7.0 -12.6   0.0  -1.5  -4.6 -40.9   1.3   2.7  -6.2
 42  -1.2   2.0   1.6   5.1   1.5   2.3   0.9   1.4  -2.4  -5.9  -0.3   2.3 -10.1  -0.2  -8.7   1.6   5.0   2.9   4.5   5.9  -8.7  -3.1  -1.1  -2.5  -7.3   4.1  -2.4  -5.2   3.1  -3.8   2.3  -3.3  -4.2  -0.5   2.5   6.9   1.6  -2.2   4.0   1.2   0.8   3.1   1.3   2.6  -8.3   6.5  -1.4  -3.7   3.3  -6.8   5.5   3.4
***  -2.5   4.6  -3.7  -3.6   4.3   6.8  -7.1   3.8  -0.3   7.0   5.3  -3.9  -3.3   2.1   6.0   2.2   3.6   3.0   0.7   0.7  -9.1  -3.0  -6.9 -12.6   0.0  -1.5  -4.5 -40.5   1.2   2.7  -6.0
 43  -1.2   2.0   1.6   5.1   1.6   2.4   0.8   1.4  -2.4  -5.9  -0.4   2.4 -10.1  -0.1  -8.5   1.8   5.0   2.8   4.6   5.8  -8.7  -3.1  -1.1  -2.2  -7.3   4.1  -2.3  -5.2   3.2  -3.9   2.3  -3.3  -4.2  -0.5   2.5   6.9   1.7  -2.2   4.0   1.2   0.8   3.2   1.3   2.7  -8.4   6.5  -1.5  -3.7   3.3  -6.8   5.5   3.5
***  -2.5   4.6  -3.7  -3.4   4.3   6.8  -7.0   3.7  -0.3   7.0   5.3  -3.8  -3.2   2.2   6.1   2.2   3.6   3.1   0.8   0.8  -8.9  -3.1  -6.8 -12.6  -0.0  -1.5  -4.4 -40.3   1.2   2.7  -5.9
 44  -1.2   2.1   1.6   5.2   1.6   2.6   0.7   1.4  -2.4  -5.9  -0.4   2.5 -10.2  -0.0  -8.2   1.9   5.0   2.8   4.6   5.8  -8.8  -3.0  -1.1  -2.0  -7.4   4.1  -2.3  -5.2   3.2  -4.0   2.3  -3.2  -4.2  -0.5   2.6   6.9   1.8  -2.1   4.1   1.2   0.7   3.2   1.2   2.7  -8.4   6.5  -1.6  -3.6   3.3  -6.8   5.5   3.6
***  -2.5   4.6  -3.6  -3.3   4.3   6.8  -6.9   3.6  -0.2   7.0   5.3  -3.7  -3.2   2.2   6.1   2.2   3.6   3.1   0.8   0.9  -8.7  -3.1  -6.7 -12.5  -0.0  -1.5  -4.2 -40.2   1.2   2.7  -5.8
 45  -1.3   2.1   1.6   5.2   1.7   2.8   0.7   1.4  -2.5  -6.0  -0.5   2.5 -10.2   0.0  -8.0   2.0   5.1   2.8   4.6   5.8  -8.9  -3.0  -1.1  -1.8  -7.4   4.1  -2.2  -5.2   3.2  -4.0   2.4  -3.2  -4.2  -0.6   2.6   6.9   2.0  -2.0   4.1   1.2   0.7   3.3   1.2   2.7  -8.5   6.5  -1.6  -3.6   3.3  -6.9   5.5   3.7
***  -2.5   4.6  -3.6  -3.1   4.3   6.8  -6.9   3.5  -0.2   7.0   5.3  -3.6  -3.1   2.3   6.2   2.2   3.6   3.1   0.9   1.0  -8.5  -3.1  -6.6 -12.5  -0.0  -1.5  -4.1 -40.1   1.1   2.7  -5.6
 46  -1.3   2.1   1.6   5.3   1.7   2.9   0.6   1.4  -2.5  -6.0  -0.5   2.6 -10.3   0.1  -7.8   2.1   5.1   2.7   4.6   5.8  -8.9  -3.0  -1.1  -1.6  -7.4   4.1  -2.1  -5.2   3.2  -4.1   2.4  -3.2  -4.2  -0.6   2.7   6.9   2.1  -1.9   4.1   1.2   0.6   3.3   1.2   2.8  -8.5   6.5  -1.7  -3.5   3.3  -6.9   5.5   3.8
***  -2.5   4.6  -3.6  -2.9   4.3   6.8  -6.8   3.5  -0.2   7.0   5.3  -3.4  -3.0   2.3   6.3   2.3   3.6   3.1   0.9   1.0  -8.3  -3.1  -6.5 -12.5  -0.0  -1.5  -4.0 -40.0   1.1   2.7  -5.5
 47  -1.3   2.2   1.6   5.3   1.8   3.1   0.5   1.3  -2.5  -6.0  -0.5   2.7 -10.3   0.2  -7.6   2.2   5.1   2.7   4.6   5.7  -9.0  -3.0  -1.1  -1.3  -7.5   4.1  -2.1  -5.2   3.2  -4.1   2.5  -3.2  -4.2  -0.6   2.8   6.9   2.2  -1.9   4.2   1.2   0.6   3.4   1.2   2.8  -8.5   6.5  -1.8  -3.5   3.3  -6.9   5.5   3.9
***  -2.5   4.6  -3.5  -2.7   4.3   6.8  -6.7   3.5  -0.2   7.0   5.2  -3.3  -2.9   2.4   6.3   2.3   3.7   3.1   1.0   1.1  -8.2  -3.1  -6.4 -12.5  -0.1  -1.5  -3.9 -39.9   1.1   2.7  -5.4
 48  -1.3   2.2   1.6   5.3   1.8   3.2   0.5   1.3  -2.5  -6.0  -0.6   2.7 -10.4   0.2  -7.3   2.4   5.1   2.6   4.6   5.7  -9.1  -3.0  -1.1  -1.1  -7.5   4.1  -2.0  -5.2   3.2  -4.2   2.5  -3.2  -4.2  -0.6   2.8   6.9   2.3  -1.8   4.2   1.2   0.5   3.4   1.1   2.8  -8.6   6.5  -1.8  -3.5   3.3  -6.9   5.5   4.0
***  -2.5   4.5  -3.5  -2.6   4.3   6.8  -6.7   3.4  -0.2   7.0   5.2  -3.2  -2.9   2.5   6.3   2.3   3.7   3.1   1.0   1.2  -8.0  -3.2  -6.4 -12.4  -0.1  -1.5  -3.8 -39.9   1.0   2.7  -5.3
 49  -1.3   2.2   1.6   5.4   1.8   3.3   0.5   1.3  -2.6  -6.0  -0.6   2.8 -10.4   0.3  -7.2   2.4   5.1   2.6   4.6   5.7  -9.1  -3.0  -1.1  -1.0  -7.5   4.0  -2.0  -5.2   3.2  -4.2   2.5  -3.1  -4.2  -0.7   2.9   6.9   2.3  -1.7   4.3   1.2   0.5   3.5   1.1   2.9  -8.6   6.5  -1.8  -3.4   3.2  -7.0   5.5   4.0
***  -2.5   4.5  -3.5  -2.5   4.4   6.8  -6.6   3.4  -0.2   7.0   5.2  -3.1  -2.8   2.5   6.4   2.3   3.7   3.1   1.1   1.2  -7.9  -3.2  -6.3 -12.4  -0.1  -1.5  -3.7 -39.9   1.0   2.7  -5.2
 50  -1.3   2.2   1.6   5.4   1.9   3.4   0.4   1.3  -2.6  -6.1  -0.7   2.8 -10.4   0.3  -7.1   2.5   5.2   2.5   4.6   5.7  -9.1  -3.0  -1.1  -0.9  -7.5   4.0  -1.9  -5.2   3.2  -4.3   2.6  -3.1  -4.2  -0.7   2.9   6.9   2.4  -1.7   4.3   1.2   0.5   3.5   1.1   2.9  -8.6   6.5  -1.9  -3.4   3.2  -7.0   5.5   4.1
***  -2.5   4.5  -3.5  -2.4   4.4   6.8  -6.6   3.4  -0.2   7.0   5.1  -3.1  -2.8   2.5   6.4   2.3   3.7   3.1   1.1   1.3  -7.8  -3.2  -6.3 -12.4  -0.1  -1.5  -3.7 -39.8   1.0   2.7  -5.1
 51  -1.3   2.2   1.6   5.4   1.9   3.5   0.4   1.2  -2.6  -6.1  -0.7   2.8 -10.5   0.3  -6.9   2.6   5.2   2.5   4.6   5.6  -9.2  -3.0  -1.1  -0.7  -7.6   4.0  -1.9  -5.2   3.2  -4.3   2.6  -3.1  -4.2  -0.7   3.0   6.9   2.5  -1.6   4.3   1.2   0.4   3.5   1.1   2.9  -8.6   6.5  -1.9  -3.4   3.2  -7.0   5.5   4.2
***  -2.5   4.5  -3.5  -2.2   4.4   6.8  -6.6   3.3  -0.2   7.0   5.1  -3.0  -2.7   2.5   6.4   2.3   3.7   3.1   1.1   1.3  -7.7  -3.2  -6.3 -12.4  -0.1  -1.5  -3.6 -39.8   1.0   2.7  -5.0
 52  -1.3   2.3   1.6   5.4   1.9   3.6   0.3   1.2  -2.6  -6.1  -0.7   2.9 -10.5   0.4  -6.8   2.7   5.2   2.5   4.6   5.6  -9.2  -3.0  -1.1  -0.6  -7.6   4.0  -1.9  -5.2   3.2  -4.3   2.6  -3.1  -4.2  -0.7   3.0   6.9   2.5  -1.6   4.4   1.2   0.4   3.6   1.1   2.9  -8.7   6.5  -2.0  -3.4   3.3  -7.0   5.5   4.2
***  -2.6   4.5  -3.5  -2.1   4.4   6.8  -6.5   3.3  -0.2   7.0   5.1  -2.9  -2.7   2.6   6.4   2.3   3.7   3.1   1.1   1.4  -7.6  -3.2  -6.2 -12.4  -0.1  -1.5  -3.5 -39.8   1.0   2.7  -4.9
 53  -1.3   2.3   1.5   5.5   1.9   3.7   0.3   1.2  -2.6  -6.1  -0.8   2.9 -10.5   0.4  -6.6   2.7   5.2   2.4   4.7   5.6  -9.3  -3.0  -1.1  -0.5  -7.6   4.0  -1.8  -5.2   3.2  -4.4   2.7  -3.1  -4.2  -0.7   3.1   6.9   2.6  -1.6   4.4   1.2   0.4   3.6   1.0   3.0  -8.7   6.5  -2.0  -3.4   3.3  -7.0   5.5   4.3
***  -2.6   4.5  -3.4  -2.0   4.4   6.8  -6.5   3.3  -0.2   7.0   5.1  -2.9  -2.6   2.6   6.5   2.3   3.7   3.1   1.1   1.4  -7.5  -3.2  -6.1 -12.4  -0.1  -1.5  -3.5 -39.8   0.9   2.7  -4.8
  
  
 LAMBDA FOR ABS-. AND SCAT.COEF. = 
          20
    3300.000    3800.000    4999.500    6000.000    7000.000    8000.000    9000.000   10000.000   11000.000   13749.000
   15600.000   16000.000   16300.000   16600.000   17000.000   22000.000   33000.000   45000.000   60000.000    8000.000
  
 ABSORBTION COEF. AND SCATTERING COEF. I EACH TAU:
  
   1   0.100E-04
 1.38064E-06 1.66796E-08 2.59420E-08 3.95773E-08 3.04711E-08 1.95464E-09 1.24131E-09 1.23301E-09 1.17779E-09 8.54343E-10
 6.24426E-10 6.03082E-10 5.99313E-10 6.14324E-10 6.45470E-10 1.14369E-09 2.58722E-09 4.80210E-09 7.98277E-09 1.95464E-09
 1.75799E-03 9.63092E-04 3.06403E-04 1.44812E-04 7.72469E-05 4.49360E-05 2.79072E-05 1.82419E-05 1.24252E-05 5.06697E-06
 3.05160E-06 2.75682E-06 2.55883E-06 2.37830E-06 2.16167E-06 7.69061E-07 1.51685E-07 4.38797E-08 1.39185E-08 4.49360E-05
   2   0.141E-04
 1.47409E-06 1.86188E-08 2.88963E-08 4.38838E-08 3.40423E-08 2.99500E-09 2.23504E-09 2.21640E-09 2.11214E-09 1.51018E-09
 1.08061E-09 1.03909E-09 1.03010E-09 1.05515E-09 1.10865E-09 1.96132E-09 4.43053E-09 8.19738E-09 1.35952E-08 2.99500E-09
 1.75800E-03 9.63095E-04 3.06403E-04 1.44813E-04 7.72471E-05 4.49361E-05 2.79073E-05 1.82419E-05 1.24253E-05 5.06700E-06
 3.05162E-06 2.75684E-06 2.55885E-06 2.37832E-06 2.16169E-06 7.69077E-07 1.51700E-07 4.38939E-08 1.39326E-08 4.49361E-05
   3   0.200E-04
 1.58094E-06 2.12508E-08 3.28465E-08 4.95129E-08 3.88281E-08 4.87558E-09 4.07827E-09 4.03557E-09 3.83394E-09 2.69023E-09
 1.87023E-09 1.78731E-09 1.76578E-09 1.80688E-09 1.89850E-09 3.35314E-09 7.56279E-09 1.39462E-08 2.30731E-08 4.87558E-09
 1.75801E-03 9.63100E-04 3.06405E-04 1.44813E-04 7.72474E-05 4.49363E-05 2.79075E-05 1.82420E-05 1.24253E-05 5.06704E-06
 3.05166E-06 2.75687E-06 2.55888E-06 2.37835E-06 2.16172E-06 7.69099E-07 1.51720E-07 4.39137E-08 1.39523E-08 4.49363E-05
   4   0.282E-04
 1.69862E-06 2.48757E-08 3.81935E-08 5.69306E-08 4.53078E-08 8.17593E-09 7.36637E-09 7.27375E-09 6.88931E-09 4.74306E-09
 3.19784E-09 3.03532E-09 2.98736E-09 3.05340E-09 3.20821E-09 5.65696E-09 1.27381E-08 2.34114E-08 3.86378E-08 8.17593E-09
 1.75802E-03 9.63105E-04 3.06406E-04 1.44814E-04 7.72478E-05 4.49366E-05 2.79076E-05 1.82421E-05 1.24254E-05 5.06709E-06
 3.05169E-06 2.75691E-06 2.55891E-06 2.37839E-06 2.16175E-06 7.69128E-07 1.51745E-07 4.39390E-08 1.39774E-08 4.49366E-05
   5   0.398E-04
 1.82876E-06 3.01292E-08 4.58078E-08 6.72027E-08 5.45097E-08 1.39417E-08 1.31676E-08 1.29762E-08 1.22553E-08 8.28502E-09
 5.41634E-09 5.10468E-09 5.00382E-09 5.10823E-09 5.36718E-09 9.44765E-09 2.12392E-08 3.89048E-08 6.40505E-08 1.39417E-08
 1.75803E-03 9.63112E-04 3.06408E-04 1.44815E-04 7.72483E-05 4.49369E-05 2.79078E-05 1.82423E-05 1.24255E-05 5.06715E-06
 3.05174E-06 2.75696E-06 2.55896E-06 2.37843E-06 2.16180E-06 7.69164E-07 1.51778E-07 4.39708E-08 1.40090E-08 4.49369E-05
   6   0.562E-04
 1.97343E-06 3.80877E-08 5.71600E-08 8.21245E-08 6.81486E-08 2.39457E-08 2.32927E-08 2.29124E-08 2.15828E-08 1.43446E-08
 9.09896E-09 8.51364E-09 8.31094E-09 8.47369E-09 8.90314E-09 1.56447E-08 3.51116E-08 6.40996E-08 1.05271E-07 2.39457E-08
 1.75805E-03 9.63121E-04 3.06411E-04 1.44816E-04 7.72490E-05 4.49373E-05 2.79081E-05 1.82424E-05 1.24256E-05 5.06723E-06
 3.05181E-06 2.75702E-06 2.55902E-06 2.37849E-06 2.16185E-06 7.69209E-07 1.51818E-07 4.40103E-08 1.40483E-08 4.49373E-05
   7   0.794E-04
 2.13516E-06 5.05282E-08 7.46739E-08 1.04647E-07 8.90208E-08 4.11164E-08 4.07310E-08 4.00012E-08 3.75916E-08 2.46002E-08
 1.51616E-08 1.40853E-08 1.36931E-08 1.39436E-08 1.46500E-08 2.56981E-08 5.75731E-08 1.04752E-07 1.71614E-07 4.11164E-08
 1.75807E-03 9.63131E-04 3.06414E-04 1.44818E-04 7.72498E-05 4.49377E-05 2.79084E-05 1.82427E-05 1.24258E-05 5.06732E-06
 3.05188E-06 2.75709E-06 2.55909E-06 2.37856E-06 2.16192E-06 7.69264E-07 1.51868E-07 4.40587E-08 1.40965E-08 4.49377E-05
   8   0.112E-03
 2.31710E-06 7.03023E-08 1.02233E-07 1.39491E-07 1.21588E-07 7.01667E-08 7.02925E-08 6.89354E-08 6.46495E-08 4.17261E-08
 2.50378E-08 2.31010E-08 2.23674E-08 2.27484E-08 2.39005E-08 4.18512E-08 9.35892E-08 1.69713E-07 2.77364E-07 7.01667E-08
 1.75809E-03 9.63144E-04 3.06418E-04 1.44820E-04 7.72507E-05 4.49383E-05 2.79087E-05 1.82429E-05 1.24260E-05 5.06743E-06
 3.05197E-06 2.75718E-06 2.55917E-06 2.37864E-06 2.16200E-06 7.69330E-07 1.51927E-07 4.41170E-08 1.41544E-08 4.49383E-05
   9   0.158E-03
 2.52377E-06 1.01881E-07 1.45926E-07 1.94048E-07 1.72821E-07 1.18485E-07 1.19516E-07 1.17069E-07 1.09598E-07 6.98984E-08
 4.09502E-08 3.75434E-08 3.62147E-08 3.67886E-08 3.86510E-08 6.75615E-08 1.50795E-07 2.72544E-07 4.44355E-07 1.18485E-07
 1.75812E-03 9.63159E-04 3.06422E-04 1.44822E-04 7.72518E-05 4.49390E-05 2.79092E-05 1.82432E-05 1.24262E-05 5.06757E-06
 3.05208E-06 2.75728E-06 2.55928E-06 2.37874E-06 2.16210E-06 7.69408E-07 1.51997E-07 4.41859E-08 1.42229E-08 4.49390E-05
  10   0.224E-03
 2.76056E-06 1.51805E-07 2.14652E-07 2.79102E-07 2.52949E-07 1.96970E-07 1.99521E-07 1.95239E-07 1.82512E-07 1.15228E-07
 6.61043E-08 6.02590E-08 5.79277E-08 5.87828E-08 6.17571E-08 1.07762E-07 2.40052E-07 4.32450E-07 7.03411E-07 1.96970E-07
 1.75816E-03 9.63176E-04 3.06427E-04 1.44824E-04 7.72531E-05 4.49397E-05 2.79097E-05 1.82436E-05 1.24265E-05 5.06772E-06
 3.05220E-06 2.75740E-06 2.55939E-06 2.37886E-06 2.16221E-06 7.69498E-07 1.52079E-07 4.42658E-08 1.43024E-08 4.49397E-05
  11   0.316E-03
 3.03250E-06 2.28692E-07 3.20117E-07 4.08805E-07 3.75471E-07 3.20083E-07 3.25050E-07 3.17806E-07 2.96720E-07 1.85712E-07
 1.04587E-07 9.48467E-08 9.08932E-08 9.21447E-08 9.68046E-08 1.68629E-07 3.74900E-07 6.73245E-07 1.09260E-06 3.20083E-07
 1.75819E-03 9.63196E-04 3.06433E-04 1.44827E-04 7.72545E-05 4.49406E-05 2.79102E-05 1.82440E-05 1.24268E-05 5.06790E-06
 3.05235E-06 2.75754E-06 2.55953E-06 2.37899E-06 2.16233E-06 7.69601E-07 1.52171E-07 4.43565E-08 1.43926E-08 4.49406E-05
  12   0.447E-03
 3.35114E-06 3.45072E-07 4.79359E-07 6.03750E-07 5.60301E-07 5.09020E-07 5.17721E-07 5.05832E-07 4.71787E-07 2.93157E-07
 1.62515E-07 1.46720E-07 1.40220E-07 1.42028E-07 1.49206E-07 2.59474E-07 5.75727E-07 1.03072E-06 1.66908E-06 5.09020E-07
 1.75824E-03 9.63218E-04 3.06440E-04 1.44830E-04 7.72562E-05 4.49416E-05 2.79109E-05 1.82444E-05 1.24271E-05 5.06809E-06
 3.05250E-06 2.75769E-06 2.55967E-06 2.37913E-06 2.16247E-06 7.69717E-07 1.52275E-07 4.44584E-08 1.44940E-08 4.49416E-05
  13   0.631E-03
 3.74059E-06 5.22736E-07 7.22005E-07 8.99717E-07 8.42501E-07 8.00956E-07 8.15429E-07 7.96222E-07 7.41969E-07 4.58126E-07
 2.50413E-07 2.25150E-07 2.14637E-07 2.17231E-07 2.28203E-07 3.96181E-07 8.77275E-07 1.56580E-06 2.53008E-06 8.00956E-07
 1.75828E-03 9.63243E-04 3.06447E-04 1.44833E-04 7.72580E-05 4.49427E-05 2.79116E-05 1.82449E-05 1.24275E-05 5.06832E-06
 3.05268E-06 2.75786E-06 2.55984E-06 2.37930E-06 2.16264E-06 7.69849E-07 1.52394E-07 4.45750E-08 1.46099E-08 4.49427E-05
  14   0.891E-03
 4.23522E-06 7.95900E-07 1.09453E-06 1.35272E-06 1.27755E-06 1.25482E-06 1.27824E-06 1.24746E-06 1.16152E-06 7.13066E-07
 3.84733E-07 3.44595E-07 3.27727E-07 3.31437E-07 3.48165E-07 6.03406E-07 1.33333E-06 2.37252E-06 3.82534E-06 1.25482E-06
 1.75834E-03 9.63272E-04 3.06456E-04 1.44837E-04 7.72601E-05 4.49440E-05 2.79125E-05 1.82455E-05 1.24280E-05 5.06858E-06
 3.05289E-06 2.75807E-06 2.56004E-06 2.37949E-06 2.16282E-06 7.70001E-07 1.52532E-07 4.47101E-08 1.47443E-08 4.49440E-05
  15   0.126E-02
 4.88511E-06 1.21761E-06 1.66893E-06 2.04926E-06 1.95283E-06 1.96360E-06 2.00092E-06 1.95176E-06 1.81597E-06 1.10895E-06
 5.91115E-07 5.27522E-07 5.00569E-07 5.05868E-07 5.31379E-07 9.19303E-07 2.02691E-06 3.59552E-06 5.78462E-06 1.96360E-06
 1.75841E-03 9.63305E-04 3.06465E-04 1.44842E-04 7.72626E-05 4.49454E-05 2.79134E-05 1.82462E-05 1.24285E-05 5.06888E-06
 3.05314E-06 2.75830E-06 2.56027E-06 2.37972E-06 2.16304E-06 7.70180E-07 1.52693E-07 4.48679E-08 1.49013E-08 4.49454E-05
  16   0.178E-02
 5.76596E-06 1.87055E-06 2.55727E-06 3.12352E-06 3.00708E-06 3.07497E-06 3.13398E-06 3.05558E-06 2.84106E-06 1.72641E-06
 9.09796E-07 8.09102E-07 7.66099E-07 7.73665E-07 8.12646E-07 1.40333E-06 3.08701E-06 5.45878E-06 8.76302E-06 3.07497E-06
 1.75848E-03 9.63344E-04 3.06477E-04 1.44847E-04 7.72655E-05 4.49472E-05 2.79146E-05 1.82470E-05 1.24291E-05 5.06923E-06
 3.05342E-06 2.75858E-06 2.56054E-06 2.37998E-06 2.16330E-06 7.70390E-07 1.52882E-07 4.50537E-08 1.50860E-08 4.49472E-05
  17   0.251E-02
 6.99647E-06 2.88679E-06 3.93838E-06 4.78905E-06 4.66525E-06 4.82849E-06 4.92148E-06 4.79627E-06 4.45664E-06 2.69543E-06
 1.40485E-06 1.24512E-06 1.17643E-06 1.18722E-06 1.24697E-06 2.14926E-06 4.71649E-06 8.31341E-06 1.33158E-05 4.82849E-06
 1.75857E-03 9.63391E-04 3.06491E-04 1.44853E-04 7.72690E-05 4.49493E-05 2.79159E-05 1.82480E-05 1.24298E-05 5.06966E-06
 3.05376E-06 2.75891E-06 2.56086E-06 2.38029E-06 2.16360E-06 7.70639E-07 1.53107E-07 4.52739E-08 1.53051E-08 4.49493E-05
  18   0.355E-02
 8.76814E-06 4.48171E-06 6.10362E-06 7.39283E-06 7.29875E-06 7.61972E-06 7.76636E-06 7.56552E-06 7.02526E-06 4.22923E-06
 2.18007E-06 1.92554E-06 1.81535E-06 1.83069E-06 1.92273E-06 3.30738E-06 7.23947E-06 1.27185E-05 2.03254E-05 7.61972E-06
 1.75868E-03 9.63446E-04 3.06507E-04 1.44861E-04 7.72731E-05 4.49517E-05 2.79175E-05 1.82491E-05 1.24307E-05 5.07016E-06
 3.05417E-06 2.75930E-06 2.56125E-06 2.38067E-06 2.16397E-06 7.70937E-07 1.53376E-07 4.55379E-08 1.55676E-08 4.49517E-05
  19   0.501E-02
 1.13983E-05 7.01488E-06 9.53892E-06 1.15122E-05 1.15356E-05 1.21175E-05 1.23497E-05 1.20251E-05 1.11590E-05 6.68588E-06
 3.40729E-06 2.99862E-06 2.82054E-06 2.84221E-06 2.98493E-06 5.12374E-06 1.11850E-05 1.95833E-05 3.12237E-05 1.21175E-05
 1.75881E-03 9.63514E-04 3.06527E-04 1.44870E-04 7.72780E-05 4.49547E-05 2.79195E-05 1.82505E-05 1.24317E-05 5.07077E-06
 3.05467E-06 2.75978E-06 2.56171E-06 2.38112E-06 2.16441E-06 7.71300E-07 1.53703E-07 4.58591E-08 1.58872E-08 4.49547E-05
  20   0.708E-02
 1.53855E-05 1.10597E-05 1.50184E-05 1.80649E-05 1.83875E-05 1.93995E-05 1.97686E-05 1.92401E-05 1.78422E-05 1.06379E-05
 5.35713E-06 4.69659E-06 4.40688E-06 4.43714E-06 4.65961E-06 7.98068E-06 1.73717E-05 3.03090E-05 4.82109E-05 1.93995E-05
 1.75897E-03 9.63596E-04 3.06552E-04 1.44882E-04 7.72841E-05 4.49584E-05 2.79219E-05 1.82522E-05 1.24330E-05 5.07152E-06
 3.05527E-06 2.76036E-06 2.56228E-06 2.38168E-06 2.16495E-06 7.71746E-07 1.54106E-07 4.62543E-08 1.62803E-08 4.49584E-05
  21   0.100E-01
 2.15027E-05 1.75159E-05 2.37560E-05 2.84871E-05 2.94528E-05 3.11675E-05 3.17545E-05 3.08902E-05 2.86246E-05 1.69761E-05
 8.43777E-06 7.36582E-06 6.89247E-06 6.93344E-06 7.28050E-06 1.24406E-05 2.69980E-05 4.69366E-05 7.44825E-05 3.11675E-05
 1.75917E-03 9.63697E-04 3.06582E-04 1.44896E-04 7.72916E-05 4.49629E-05 2.79249E-05 1.82543E-05 1.24346E-05 5.07244E-06
 3.05602E-06 2.76108E-06 2.56299E-06 2.38237E-06 2.16562E-06 7.72296E-07 1.54602E-07 4.67419E-08 1.67653E-08 4.49629E-05
  22   0.141E-01
 3.11115E-05 2.79642E-05 3.78831E-05 4.53005E-05 4.75389E-05 5.04101E-05 5.13457E-05 4.99204E-05 4.62207E-05 2.72495E-05
 1.33443E-05 1.15915E-05 1.08119E-05 1.08646E-05 1.14074E-05 1.94445E-05 4.20635E-05 7.28611E-05 1.15346E-04 5.04101E-05
 1.75941E-03 9.63824E-04 3.06619E-04 1.44913E-04 7.73011E-05 4.49686E-05 2.79286E-05 1.82569E-05 1.24365E-05 5.07360E-06
 3.05696E-06 2.76199E-06 2.56387E-06 2.38324E-06 2.16647E-06 7.72985E-07 1.55225E-07 4.73528E-08 1.73730E-08 4.49686E-05
  23   0.200E-01
 4.67060E-05 4.53033E-05 6.13084E-05 7.31277E-05 7.77910E-05 8.26030E-05 8.41080E-05 8.17229E-05 7.55967E-05 4.42775E-05
 2.13236E-05 1.84180E-05 1.71157E-05 1.71776E-05 1.80340E-05 3.06586E-05 6.60966E-05 1.14057E-04 1.80128E-04 8.26030E-05
 1.75973E-03 9.63987E-04 3.06667E-04 1.44936E-04 7.73131E-05 4.49758E-05 2.79334E-05 1.82603E-05 1.24391E-05 5.07509E-06
 3.05816E-06 2.76315E-06 2.56501E-06 2.38435E-06 2.16755E-06 7.73872E-07 1.56027E-07 4.81395E-08 1.81556E-08 4.49758E-05
  24   0.282E-01
 7.29240E-05 7.49512E-05 1.01334E-04 1.20601E-04 1.29823E-04 1.37973E-04 1.40428E-04 1.36349E-04 1.25995E-04 7.32455E-05
 3.45911E-05 2.96751E-05 2.74534E-05 2.75110E-05 2.88792E-05 4.89544E-05 1.05152E-04 1.80737E-04 2.84739E-04 1.37973E-04
 1.76015E-03 9.64203E-04 3.06731E-04 1.44965E-04 7.73291E-05 4.49854E-05 2.79397E-05 1.82647E-05 1.24424E-05 5.07706E-06
 3.05976E-06 2.76469E-06 2.56651E-06 2.38581E-06 2.16897E-06 7.75042E-07 1.57083E-07 4.91767E-08 1.91873E-08 4.49854E-05
  25   0.398E-01
 1.18397E-04 1.27024E-04 1.71590E-04 2.03828E-04 2.21582E-04 2.35606E-04 2.39676E-04 2.32529E-04 2.14617E-04 1.23720E-04
 5.71291E-05 4.86178E-05 4.47370E-05 4.47493E-05 4.69684E-05 7.93659E-05 1.69794E-04 2.90647E-04 4.56786E-04 2.35606E-04
 1.76071E-03 9.64494E-04 3.06817E-04 1.45005E-04 7.73507E-05 4.49984E-05 2.79482E-05 1.82708E-05 1.24469E-05 5.07972E-06
 3.06191E-06 2.76677E-06 2.56854E-06 2.38779E-06 2.17090E-06 7.76621E-07 1.58509E-07 5.05759E-08 2.05791E-08 4.49984E-05
  26   0.562E-01
 1.99949E-04 2.21285E-04 2.98700E-04 3.54261E-04 3.88099E-04 4.12738E-04 4.19618E-04 4.06741E-04 3.74908E-04 2.14096E-04
 9.63360E-05 8.12042E-05 7.42403E-05 7.40967E-05 7.77583E-05 1.30932E-04 2.78895E-04 4.75381E-04 7.45371E-04 4.12738E-04
 1.76150E-03 9.64900E-04 3.06937E-04 1.45061E-04 7.73807E-05 4.50164E-05 2.79600E-05 1.82791E-05 1.24532E-05 5.08340E-06
 3.06488E-06 2.76964E-06 2.57134E-06 2.39054E-06 2.17357E-06 7.78805E-07 1.60480E-07 5.25097E-08 2.25026E-08 4.50164E-05
  27   0.794E-01
 3.53440E-04 3.99910E-04 5.39454E-04 6.38963E-04 7.04062E-04 7.48710E-04 7.60650E-04 7.36543E-04 6.77857E-04 3.82928E-04
 1.67096E-04 1.39202E-04 1.26236E-04 1.25640E-04 1.31822E-04 2.21086E-04 4.68674E-04 7.95387E-04 1.24447E-03 7.48710E-04
 1.76264E-03 9.65491E-04 3.07112E-04 1.45142E-04 7.74245E-05 4.50427E-05 2.79772E-05 1.82913E-05 1.24624E-05 5.08874E-06
 3.06920E-06 2.77381E-06 2.57541E-06 2.39451E-06 2.17743E-06 7.81965E-07 1.63329E-07 5.53049E-08 2.52829E-08 4.50427E-05
  28   0.112E+00
 6.81880E-04 7.84053E-04 1.05693E-03 1.25044E-03 1.38368E-03 1.47090E-03 1.49291E-03 1.44360E-03 1.32587E-03 7.38294E-04
 3.08705E-04 2.52784E-04 2.26469E-04 2.24448E-04 2.35429E-04 3.92935E-04 8.28321E-04 1.39940E-03 2.18594E-03 1.47090E-03
 1.76460E-03 9.66499E-04 3.07411E-04 1.45281E-04 7.74990E-05 4.50874E-05 2.80065E-05 1.83119E-05 1.24778E-05 5.09775E-06
 3.07646E-06 2.78081E-06 2.58224E-06 2.40118E-06 2.18392E-06 7.87249E-07 1.68084E-07 5.99676E-08 2.99200E-08 4.50874E-05
  29   0.158E+00
 1.32096E-03 1.53417E-03 2.06701E-03 2.44331E-03 2.71077E-03 2.88034E-03 2.92067E-03 2.82045E-03 2.58536E-03 1.42011E-03
 5.69410E-04 4.57997E-04 4.05015E-04 3.99552E-04 4.18969E-04 6.95657E-04 1.45818E-03 2.45425E-03 3.83193E-03 2.88034E-03
 1.76748E-03 9.67986E-04 3.07850E-04 1.45485E-04 7.76088E-05 4.51533E-05 2.80496E-05 1.83422E-05 1.25005E-05 5.11092E-06
 3.08704E-06 2.79101E-06 2.59219E-06 2.41091E-06 2.19336E-06 7.94923E-07 1.74977E-07 6.67240E-08 3.66386E-08 4.51533E-05
  30   0.224E+00
 2.32357E-03 2.71370E-03 3.65502E-03 4.31809E-03 4.79793E-03 5.09637E-03 5.16429E-03 4.98249E-03 4.56103E-03 2.48310E-03
 9.68911E-04 7.69960E-04 6.74773E-04 6.63492E-04 6.95533E-04 1.14935E-03 2.39868E-03 4.02774E-03 6.29423E-03 5.09637E-03
 1.77078E-03 9.69687E-04 3.08353E-04 1.45719E-04 7.77343E-05 4.52285E-05 2.80988E-05 1.83768E-05 1.25264E-05 5.12594E-06
 3.09910E-06 2.80265E-06 2.60353E-06 2.42199E-06 2.20413E-06 8.03659E-07 1.82820E-07 7.44118E-08 4.42833E-08 4.52285E-05
  31   0.316E+00
 3.81466E-03 4.47047E-03 6.01996E-03 7.10962E-03 7.90692E-03 8.39663E-03 8.50438E-03 8.19955E-03 7.49888E-03 4.05888E-03
 1.55723E-03 1.22804E-03 1.06999E-03 1.04982E-03 1.10021E-03 1.81027E-03 3.76526E-03 6.31315E-03 9.88202E-03 8.39663E-03
 1.77443E-03 9.71572E-04 3.08911E-04 1.45978E-04 7.78736E-05 4.53121E-05 2.81535E-05 1.84153E-05 1.25553E-05 5.14271E-06
 3.11260E-06 2.81566E-06 2.61623E-06 2.43439E-06 2.21618E-06 8.13466E-07 1.91636E-07 8.30554E-08 5.28791E-08 4.53121E-05
  32   0.447E+00
 5.94764E-03 6.98607E-03 9.40621E-03 1.11063E-02 1.23593E-02 1.31221E-02 1.32855E-02 1.28030E-02 1.17011E-02 6.30990E-03
 2.39737E-03 1.88234E-03 1.63459E-03 1.60167E-03 1.67812E-03 2.75100E-03 5.70667E-03 9.55857E-03 1.49916E-02 1.31221E-02
 1.77839E-03 9.73615E-04 3.09516E-04 1.46258E-04 7.80248E-05 4.54029E-05 2.82130E-05 1.84573E-05 1.25868E-05 5.16116E-06
 3.12749E-06 2.83004E-06 2.63026E-06 2.44810E-06 2.22951E-06 8.24365E-07 2.01462E-07 9.26949E-08 6.24668E-08 4.54029E-05
  33   0.631E+00
 8.90573E-03 1.04774E-02 1.41057E-02 1.66528E-02 1.85393E-02 1.96803E-02 1.99193E-02 1.91885E-02 1.75287E-02 9.43154E-03
 3.56735E-03 2.79571E-03 2.42424E-03 2.37391E-03 2.48660E-03 4.06349E-03 8.41312E-03 1.40819E-02 2.21334E-02 1.96803E-02
 1.78262E-03 9.75796E-04 3.10161E-04 1.46559E-04 7.81865E-05 4.55001E-05 2.82769E-05 1.85025E-05 1.26209E-05 5.18122E-06
 3.14376E-06 2.84575E-06 2.64560E-06 2.46310E-06 2.24411E-06 8.36363E-07 2.12315E-07 1.03349E-07 7.30651E-08 4.55001E-05
  34   0.794E+00
 1.14273E-02 1.34548E-02 1.81138E-02 2.13830E-02 2.38105E-02 2.52739E-02 2.55770E-02 2.46335E-02 2.24973E-02 1.20959E-02
 4.57382E-03 3.58461E-03 3.10840E-03 3.04367E-03 3.18765E-03 5.19898E-03 1.07527E-02 1.79969E-02 2.83302E-02 2.52739E-02
 1.78554E-03 9.77300E-04 3.10607E-04 1.46766E-04 7.82983E-05 4.55675E-05 2.83213E-05 1.85340E-05 1.26446E-05 5.19535E-06
 3.15527E-06 2.85689E-06 2.65648E-06 2.47375E-06 2.25448E-06 8.44942E-07 2.20104E-07 1.11000E-07 8.06785E-08 4.55675E-05
  35   0.112E+01
 1.62695E-02 1.91744E-02 2.58138E-02 3.04704E-02 3.39378E-02 3.60205E-02 3.64456E-02 3.50913E-02 3.20387E-02 1.72184E-02
 6.52451E-03 5.11985E-03 4.44397E-03 4.35243E-03 4.55728E-03 7.41271E-03 1.53140E-02 2.56401E-02 4.04590E-02 3.60205E-02
 1.79013E-03 9.79671E-04 3.11309E-04 1.47093E-04 7.84749E-05 4.56740E-05 2.83916E-05 1.85839E-05 1.26825E-05 5.21798E-06
 3.17379E-06 2.87480E-06 2.67399E-06 2.49090E-06 2.27118E-06 8.58821E-07 2.32738E-07 1.23418E-07 9.30363E-08 4.56740E-05
  36   0.158E+01
 2.26341E-02 2.66951E-02 3.59390E-02 4.24201E-02 4.72565E-02 5.01527E-02 5.07369E-02 4.88415E-02 4.45845E-02 2.39703E-02
 9.12948E-03 7.18342E-03 6.24811E-03 6.12333E-03 6.41025E-03 1.04020E-02 2.14655E-02 3.59670E-02 5.69005E-02 5.01527E-02
 1.79491E-03 9.82139E-04 3.12041E-04 1.47434E-04 7.86593E-05 4.57855E-05 2.84653E-05 1.86365E-05 1.27224E-05 5.24215E-06
 3.19367E-06 2.89406E-06 2.69282E-06 2.50935E-06 2.28917E-06 8.73877E-07 2.46499E-07 1.36953E-07 1.06509E-07 4.57855E-05
  37   0.224E+01
 3.08909E-02 3.64546E-02 4.90786E-02 5.79281E-02 6.45426E-02 6.84931E-02 6.92818E-02 6.66843E-02 6.08676E-02 3.27595E-02
 1.25696E-02 9.92807E-03 8.66063E-03 8.49579E-03 8.89246E-03 1.44011E-02 2.96754E-02 4.97806E-02 7.89731E-02 6.84931E-02
 1.79988E-03 9.84703E-04 3.12801E-04 1.47788E-04 7.88514E-05 4.59019E-05 2.85425E-05 1.86918E-05 1.27646E-05 5.26786E-06
 3.21493E-06 2.91467E-06 2.71300E-06 2.52913E-06 2.30847E-06 8.90126E-07 2.61403E-07 1.51623E-07 1.21114E-07 4.59019E-05
  38   0.316E+01
 4.14890E-02 4.89844E-02 6.59487E-02 7.78400E-02 8.67392E-02 9.20416E-02 9.30907E-02 8.95933E-02 8.17793E-02 4.40864E-02
 1.70743E-02 1.35497E-02 1.18622E-02 1.16504E-02 1.21928E-02 1.97121E-02 4.05536E-02 6.81302E-02 1.08400E-01 9.20416E-02
 1.80503E-03 9.87362E-04 3.13590E-04 1.48157E-04 7.90512E-05 4.60233E-05 2.86232E-05 1.87497E-05 1.28089E-05 5.29515E-06
 3.23760E-06 2.93666E-06 2.73454E-06 2.55026E-06 2.32911E-06 9.07600E-07 2.77482E-07 1.67460E-07 1.36883E-07 4.60233E-05
  39   0.447E+01
 5.49230E-02 6.48703E-02 8.73405E-02 1.03090E-01 1.14888E-01 1.21904E-01 1.23283E-01 1.18649E-01 1.08303E-01 5.85158E-02
 2.29226E-02 1.82910E-02 1.60792E-02 1.58137E-02 1.65474E-02 2.67083E-02 5.48823E-02 9.23080E-02 1.47279E-01 1.21904E-01
 1.81033E-03 9.90097E-04 3.14402E-04 1.48536E-04 7.92574E-05 4.61487E-05 2.87069E-05 1.88099E-05 1.28552E-05 5.32394E-06
 3.26164E-06 2.96001E-06 2.75743E-06 2.57272E-06 2.35107E-06 9.26304E-07 2.94752E-07 1.84480E-07 1.53835E-07 4.61487E-05
  40   0.631E+01
 7.18090E-02 8.48417E-02 1.14237E-01 1.34838E-01 1.50284E-01 1.59452E-01 1.61246E-01 1.55191E-01 1.41665E-01 7.67481E-02
 3.04553E-02 2.44488E-02 2.15890E-02 2.12639E-02 2.22468E-02 3.58530E-02 7.35981E-02 1.23914E-01 1.98254E-01 1.59452E-01
 1.81579E-03 9.92918E-04 3.15240E-04 1.48928E-04 7.94707E-05 4.62788E-05 2.87938E-05 1.88727E-05 1.29035E-05 5.35428E-06
 3.28708E-06 2.98474E-06 2.78168E-06 2.59653E-06 2.37436E-06 9.46237E-07 3.13206E-07 2.02677E-07 1.71960E-07 4.62788E-05
  41   0.891E+01
 9.27128E-02 1.09569E-01 1.47543E-01 1.74156E-01 1.94122E-01 2.05952E-01 2.08261E-01 2.00462E-01 1.83003E-01 9.94646E-02
 4.00477E-02 3.23621E-02 2.87151E-02 2.83275E-02 2.96320E-02 4.76879E-02 9.78032E-02 1.64805E-01 2.64379E-01 2.05952E-01
 1.82133E-03 9.95779E-04 3.16091E-04 1.49327E-04 7.96878E-05 4.64115E-05 2.88829E-05 1.89373E-05 1.29535E-05 5.38594E-06
 3.31378E-06 3.01071E-06 2.80716E-06 2.62158E-06 2.39887E-06 9.67350E-07 3.32819E-07 2.22030E-07 1.91240E-07 4.64115E-05
  42   0.126E+02
 1.18415E-01 1.39976E-01 1.88504E-01 2.22513E-01 2.48041E-01 2.63151E-01 2.66097E-01 2.56151E-01 2.33889E-01 1.27586E-01
 5.21782E-02 4.24590E-02 3.78648E-02 3.74159E-02 3.91337E-02 6.29075E-02 1.28941E-01 2.17575E-01 3.49936E-01 2.63151E-01
 1.82696E-03 9.98684E-04 3.16955E-04 1.49732E-04 7.99091E-05 4.65472E-05 2.89742E-05 1.90037E-05 1.30051E-05 5.41897E-06
 3.34177E-06 3.03797E-06 2.83393E-06 2.64789E-06 2.42465E-06 9.89676E-07 3.53623E-07 2.42568E-07 2.11705E-07 4.65472E-05
  43   0.178E+02
 1.50018E-01 1.77366E-01 2.38877E-01 2.81987E-01 3.14357E-01 3.33504E-01 3.37239E-01 3.24656E-01 2.96521E-01 1.62392E-01
 6.75060E-02 5.53234E-02 4.95891E-02 4.90835E-02 5.13308E-02 8.24346E-02 1.68908E-01 2.85475E-01 4.60312E-01 3.33504E-01
 1.83276E-03 1.00168E-03 3.17847E-04 1.50150E-04 8.01379E-05 4.66876E-05 2.90689E-05 1.90728E-05 1.30589E-05 5.45364E-06
 3.37125E-06 3.06669E-06 2.86214E-06 2.67564E-06 2.45184E-06 1.01331E-06 3.75684E-07 2.64357E-07 2.33418E-07 4.66876E-05
  44   0.251E+02
 1.88453E-01 2.22842E-01 3.00153E-01 3.54340E-01 3.95035E-01 4.19102E-01 4.23808E-01 4.08020E-01 3.72797E-01 2.05056E-01
 8.67295E-02 7.16015E-02 6.45144E-02 6.39656E-02 6.68875E-02 1.07331E-01 2.19893E-01 3.72312E-01 6.01800E-01 4.19102E-01
 1.83865E-03 1.00472E-03 3.18753E-04 1.50576E-04 8.03710E-05 4.68311E-05 2.91660E-05 1.91439E-05 1.31145E-05 5.48979E-06
 3.40213E-06 3.09680E-06 2.89174E-06 2.70477E-06 2.48040E-06 1.03826E-06 3.99046E-07 2.87441E-07 2.56426E-07 4.68311E-05
  45   0.355E+02
 2.34860E-01 2.77754E-01 3.74155E-01 4.41728E-01 4.92482E-01 5.22496E-01 5.28386E-01 5.08754E-01 4.65024E-01 2.57019E-01
 1.10711E-01 9.20917E-02 8.34146E-02 8.28477E-02 8.66238E-02 1.38891E-01 2.84527E-01 4.82564E-01 7.81865E-01 5.22496E-01
 1.84459E-03 1.00779E-03 3.19668E-04 1.51007E-04 8.06075E-05 4.69771E-05 2.92652E-05 1.92168E-05 1.31717E-05 5.52740E-06
 3.43442E-06 3.12832E-06 2.92273E-06 2.73529E-06 2.51035E-06 1.06456E-06 4.23743E-07 3.11858E-07 2.80765E-07 4.69771E-05
  46   0.501E+02
 2.90641E-01 3.43760E-01 4.63126E-01 5.46799E-01 6.09656E-01 6.46818E-01 6.54143E-01 6.29942E-01 5.76031E-01 3.20049E-01
 1.40515E-01 1.17780E-01 1.07247E-01 1.06700E-01 1.11554E-01 1.78711E-01 3.66048E-01 6.21712E-01 1.00969E+00 6.46818E-01
 1.85062E-03 1.01090E-03 3.20597E-04 1.51444E-04 8.08481E-05 4.71261E-05 2.93667E-05 1.92917E-05 1.32308E-05 5.56657E-06
 3.46819E-06 3.16130E-06 2.95519E-06 2.76726E-06 2.54175E-06 1.09227E-06 4.49820E-07 3.37652E-07 3.06480E-07 4.71261E-05
  47   0.708E+02
 3.57448E-01 4.22815E-01 5.69706E-01 6.72676E-01 7.50039E-01 7.95769E-01 8.04833E-01 7.75213E-01 7.09180E-01 3.96265E-01
 1.77441E-01 1.49879E-01 1.37190E-01 1.36722E-01 1.42928E-01 2.28781E-01 4.68554E-01 7.96873E-01 1.29715E+00 7.95769E-01
 1.85673E-03 1.01406E-03 3.21541E-04 1.51889E-04 8.10934E-05 4.72783E-05 2.94708E-05 1.93688E-05 1.32917E-05 5.60739E-06
 3.50354E-06 3.19585E-06 2.98920E-06 2.80079E-06 2.57470E-06 1.12146E-06 4.77362E-07 3.64907E-07 3.33655E-07 4.72783E-05
  48   0.100E+03
 4.37270E-01 5.17267E-01 6.97072E-01 8.23114E-01 9.17822E-01 9.73795E-01 9.84961E-01 9.48941E-01 8.68513E-01 4.88248E-01
 2.23110E-01 1.89907E-01 1.74728E-01 1.74421E-01 1.82325E-01 2.91592E-01 5.97151E-01 1.01683E+00 1.65897E+00 9.73795E-01
 1.86295E-03 1.01728E-03 3.22501E-04 1.52343E-04 8.13439E-05 4.74343E-05 2.95777E-05 1.94483E-05 1.33549E-05 5.65001E-06
 3.54060E-06 3.23211E-06 3.02491E-06 2.83600E-06 2.60931E-06 1.15227E-06 5.06486E-07 3.93739E-07 3.62406E-07 4.74343E-05
  49   0.126E+03
 4.98622E-01 5.89862E-01 7.94978E-01 9.38766E-01 1.04682E+00 1.11067E+00 1.12348E+00 1.08259E+00 9.91188E-01 5.59596E-01
 2.59298E-01 2.21844E-01 2.04808E-01 2.04670E-01 2.13933E-01 3.41979E-01 7.00299E-01 1.19347E+00 1.95002E+00 1.11067E+00
 1.86711E-03 1.01943E-03 3.23145E-04 1.52647E-04 8.15123E-05 4.75394E-05 2.96501E-05 1.95023E-05 1.33980E-05 5.67938E-06
 3.56625E-06 3.25722E-06 3.04966E-06 2.86042E-06 2.63333E-06 1.17373E-06 5.26827E-07 4.13884E-07 3.82497E-07 4.75394E-05
  50   0.158E+03
 5.67466E-01 6.71318E-01 9.04841E-01 1.06855E+00 1.19158E+00 1.26430E+00 1.27897E+00 1.23264E+00 1.12906E+00 6.40245E-01
 3.00903E-01 2.58752E-01 2.39683E-01 2.39774E-01 2.50609E-01 4.00476E-01 8.20040E-01 1.39886E+00 2.28886E+00 1.26430E+00
 1.87131E-03 1.02160E-03 3.23795E-04 1.52955E-04 8.16829E-05 4.76462E-05 2.97238E-05 1.95575E-05 1.34421E-05 5.70965E-06
 3.59277E-06 3.28318E-06 3.07525E-06 2.88568E-06 2.65819E-06 1.19602E-06 5.47980E-07 4.34840E-07 4.03398E-07 4.76462E-05
  51   0.200E+03
 6.44740E-01 7.62744E-01 1.02816E+00 1.21425E+00 1.35410E+00 1.43678E+00 1.45357E+00 1.40118E+00 1.28404E+00 7.31439E-01
 3.48732E-01 3.01394E-01 2.80100E-01 2.80494E-01 2.93150E-01 4.68334E-01 9.58941E-01 1.63740E+00 2.68294E+00 1.43678E+00
 1.87557E-03 1.02380E-03 3.24455E-04 1.53268E-04 8.18566E-05 4.77550E-05 2.97991E-05 1.96140E-05 1.34874E-05 5.74090E-06
 3.62021E-06 3.31006E-06 3.10176E-06 2.91185E-06 2.68395E-06 1.21917E-06 5.69981E-07 4.56641E-07 4.25143E-07 4.77550E-05
  52   0.251E+03
 7.31282E-01 8.65105E-01 1.16625E+00 1.37741E+00 1.53609E+00 1.62992E+00 1.64912E+00 1.59001E+00 1.45783E+00 8.34358E-01
 4.03648E-01 3.50605E-01 3.26889E-01 3.27678E-01 3.42438E-01 5.46967E-01 1.11989E+00 1.91410E+00 3.14066E+00 1.62992E+00
 1.87987E-03 1.02603E-03 3.25121E-04 1.53584E-04 8.20324E-05 4.78655E-05 2.98758E-05 1.96717E-05 1.35338E-05 5.77314E-06
 3.64860E-06 3.33790E-06 3.12922E-06 2.93897E-06 2.71066E-06 1.24325E-06 5.92892E-07 4.79350E-07 4.47796E-07 4.78655E-05
  53   0.316E+03
 8.27739E-01 9.79179E-01 1.32015E+00 1.55927E+00 1.73896E+00 1.84525E+00 1.86718E+00 1.80067E+00 1.65191E+00 9.50118E-01
 4.66587E-01 4.07310E-01 3.80979E-01 3.82277E-01 3.99467E-01 6.37966E-01 1.30609E+00 2.23456E+00 3.67133E+00 1.84525E+00
 1.88413E-03 1.02823E-03 3.25783E-04 1.53899E-04 8.22080E-05 4.79763E-05 2.99530E-05 1.97301E-05 1.35810E-05 5.80629E-06
 3.67794E-06 3.36668E-06 3.15763E-06 2.96704E-06 2.73832E-06 1.26830E-06 6.16792E-07 5.03049E-07 4.71440E-07 4.79763E-05
  


 I O N I Z A T I O N  C O N D I T I O N S  AND  A B S O R P T I O N  M E C H A N I S M S

 ****************
 * TAU=  0.0000 *
 ****************

 T=  1311.  PE= 2.70E-07 lag:  1 lg10_tau(kr)=  -5.00
 ELEMENT  ABUNDANCE ELCONT IONIZATION FRACTIONS                 PARTITION FUNCTIONS
                              I       II      III     IV            I         II        III       IV
      H    1.000E+00 0.000  1.0000  0.0000
      HE   8.511E-02 0.000  1.0000  0.0000
      C    2.455E-04 0.000  1.0000  0.0000  0.0000
      N    6.026E-05 0.000  1.0000  0.0000  0.0000
      O    4.571E-04 0.000  1.0000  0.0000
      NE   6.918E-05 0.000  1.0000  0.0000
      NA   1.479E-06 0.010  1.0000  0.0000
      MG   3.388E-05 0.000  1.0000  0.0000  0.0000
      AL   2.344E-06 0.000  1.0000  0.0000  0.0000  0.0000
      SI   3.236E-05 0.000  1.0000  0.0000  0.0000
      S    1.380E-05 0.000  1.0000  0.0000  0.0000
      K    1.202E-07 0.990  0.9984  0.0016
      CA   2.042E-06 0.000  1.0000  0.0000  0.0000
      CR   4.365E-07 0.000  1.0000  0.0000  0.0000
      FE   2.818E-05 0.000  1.0000  0.0000  0.0000
      NI   1.698E-06 0.000  1.0000  0.0000  0.0000




                F R A C T I O N S  O F  C O N T I N U O U S  A B S O R P T I O N  A N D  S C A T T E R I N G
 WAVELENGTH   ABS       SCAT     H-    H BF  (H+H) H2+   H2-   C I   MG I  AL I  SI I  HE I  HE-   H2PR  HEPR  ELSC  H-SC  H2SC 
      3300. 1.381E-06 1.758E-03 0.000 0.000 0.000 0.000 0.000 0.000 1.000 0.000 0.000 0.000 0.000 0.000 0.000 0.000 0.000 1.000
      3800. 1.668E-08 9.631E-04 0.034 0.000 0.000 0.000 0.002 0.000 0.962 0.002 0.000 0.000 0.000 0.000 0.000 0.000 0.000 1.000
      5000. 2.594E-08 3.064E-04 0.029 0.000 0.000 0.000 0.002 0.000 0.966 0.002 0.000 0.000 0.000 0.000 0.000 0.000 0.000 1.000
      6000. 3.958E-08 1.448E-04 0.022 0.000 0.000 0.000 0.002 0.000 0.974 0.002 0.000 0.000 0.000 0.000 0.000 0.000 0.000 1.000
      7000. 3.047E-08 7.725E-05 0.032 0.000 0.000 0.000 0.003 0.000 0.964 0.000 0.000 0.000 0.001 0.000 0.000 0.000 0.000 1.000
      8000. 1.955E-09 4.494E-05 0.535 0.000 0.000 0.000 0.065 0.000 0.387 0.000 0.000 0.000 0.013 0.000 0.000 0.000 0.000 1.000
      9000. 1.241E-09 2.791E-05 0.848 0.000 0.000 0.000 0.128 0.000 0.000 0.000 0.000 0.000 0.024 0.000 0.000 0.000 0.000 1.000
     10000. 1.233E-09 1.824E-05 0.816 0.000 0.000 0.000 0.155 0.000 0.000 0.000 0.000 0.000 0.030 0.000 0.000 0.000 0.000 1.000
     11000. 1.178E-09 1.243E-05 0.771 0.000 0.000 0.000 0.192 0.000 0.000 0.000 0.000 0.000 0.037 0.000 0.000 0.000 0.000 1.000
     13749. 8.543E-10 5.067E-06 0.510 0.000 0.000 0.000 0.414 0.000 0.000 0.000 0.000 0.000 0.076 0.000 0.000 0.000 0.000 1.000
     15600. 6.244E-10 3.052E-06 0.133 0.000 0.000 0.000 0.735 0.000 0.000 0.000 0.000 0.000 0.132 0.000 0.000 0.000 0.000 1.000
     16000. 6.031E-10 2.757E-06 0.056 0.000 0.000 0.000 0.801 0.000 0.000 0.000 0.000 0.000 0.144 0.000 0.000 0.000 0.000 1.000
     16300. 5.993E-10 2.559E-06 0.013 0.000 0.000 0.000 0.837 0.000 0.000 0.000 0.000 0.000 0.150 0.000 0.000 0.000 0.000 1.000
     16600. 6.143E-10 2.378E-06 0.000 0.000 0.000 0.000 0.848 0.000 0.000 0.000 0.000 0.000 0.151 0.000 0.000 0.000 0.000 1.000
     17000. 6.455E-10 2.162E-06 0.000 0.000 0.000 0.000 0.849 0.000 0.000 0.000 0.000 0.000 0.151 0.000 0.000 0.000 0.000 1.000
     22000. 1.144E-09 7.691E-07 0.000 0.000 0.000 0.000 0.859 0.000 0.000 0.000 0.000 0.000 0.141 0.000 0.000 0.000 0.000 1.000
     33000. 2.587E-09 1.517E-07 0.000 0.000 0.000 0.000 0.863 0.000 0.000 0.000 0.000 0.000 0.137 0.000 0.000 0.000 0.000 0.999
     45000. 4.802E-09 4.388E-08 0.000 0.000 0.000 0.000 0.867 0.000 0.000 0.000 0.000 0.000 0.133 0.000 0.000 0.001 0.000 0.998
     60000. 7.983E-09 1.392E-08 0.000 0.000 0.000 0.000 0.867 0.000 0.000 0.000 0.000 0.000 0.132 0.000 0.000 0.004 0.000 0.996
      8000. 1.955E-09 4.494E-05 0.535 0.000 0.000 0.000 0.065 0.000 0.387 0.000 0.000 0.000 0.013 0.000 0.000 0.000 0.000 1.000
1

 ****************
 * TAU=  0.0001 *
 ****************

 T=  1505.  PE= 1.06E-05 lag:  8 lg10_tau(kr)=  -3.95
 ELEMENT  ABUNDANCE ELCONT IONIZATION FRACTIONS                 PARTITION FUNCTIONS
                              I       II      III     IV            I         II        III       IV
      H    1.000E+00 0.000  1.0000  0.0000
      HE   8.511E-02 0.000  1.0000  0.0000
      C    2.455E-04 0.000  1.0000  0.0000  0.0000
      N    6.026E-05 0.000  1.0000  0.0000  0.0000
      O    4.571E-04 0.000  1.0000  0.0000
      NE   6.918E-05 0.000  1.0000  0.0000
      NA   1.479E-06 0.025  1.0000  0.0000
      MG   3.388E-05 0.000  1.0000  0.0000  0.0000
      AL   2.344E-06 0.000  1.0000  0.0000  0.0000  0.0000
      SI   3.236E-05 0.000  1.0000  0.0000  0.0000
      S    1.380E-05 0.000  1.0000  0.0000  0.0000
      K    1.202E-07 0.974  0.9919  0.0081
      CA   2.042E-06 0.000  1.0000  0.0000  0.0000
      CR   4.365E-07 0.000  1.0000  0.0000  0.0000
      FE   2.818E-05 0.000  1.0000  0.0000  0.0000
      NI   1.698E-06 0.000  1.0000  0.0000  0.0000




                F R A C T I O N S  O F  C O N T I N U O U S  A B S O R P T I O N  A N D  S C A T T E R I N G
 WAVELENGTH   ABS       SCAT     H-    H BF  (H+H) H2+   H2-   C I   MG I  AL I  SI I  HE I  HE-   H2PR  HEPR  ELSC  H-SC  H2SC 
      3300. 2.317E-06 1.758E-03 0.012 0.000 0.000 0.000 0.000 0.000 0.986 0.001 0.000 0.000 0.000 0.000 0.000 0.000 0.000 0.999
      3800. 7.030E-08 9.631E-04 0.483 0.000 0.000 0.000 0.018 0.000 0.439 0.056 0.000 0.000 0.003 0.000 0.000 0.000 0.000 1.000
      5000. 1.022E-07 3.064E-04 0.446 0.000 0.000 0.000 0.020 0.000 0.476 0.055 0.000 0.000 0.004 0.000 0.000 0.000 0.000 1.000
      6000. 1.395E-07 1.448E-04 0.384 0.000 0.000 0.000 0.020 0.000 0.536 0.056 0.000 0.000 0.004 0.000 0.000 0.000 0.000 1.000
      7000. 1.216E-07 7.725E-05 0.490 0.000 0.000 0.000 0.030 0.000 0.474 0.000 0.000 0.000 0.006 0.000 0.000 0.000 0.000 1.000
      8000. 7.017E-08 4.494E-05 0.898 0.000 0.000 0.000 0.066 0.000 0.023 0.001 0.000 0.000 0.012 0.000 0.000 0.000 0.000 1.000
      9000. 7.029E-08 2.791E-05 0.903 0.000 0.000 0.000 0.082 0.000 0.000 0.000 0.000 0.000 0.015 0.000 0.000 0.000 0.000 1.000
     10000. 6.894E-08 1.824E-05 0.880 0.000 0.000 0.000 0.101 0.000 0.000 0.000 0.000 0.000 0.019 0.000 0.000 0.000 0.000 1.000
     11000. 6.465E-08 1.243E-05 0.847 0.000 0.000 0.000 0.129 0.000 0.000 0.000 0.000 0.000 0.024 0.000 0.000 0.000 0.000 0.999
     13749. 4.173E-08 5.067E-06 0.630 0.000 0.000 0.000 0.314 0.000 0.000 0.000 0.000 0.000 0.056 0.000 0.000 0.000 0.000 0.999
     15600. 2.504E-08 3.052E-06 0.201 0.000 0.000 0.000 0.681 0.000 0.000 0.000 0.000 0.000 0.118 0.000 0.000 0.000 0.000 0.999
     16000. 2.310E-08 2.757E-06 0.088 0.000 0.000 0.000 0.777 0.000 0.000 0.000 0.000 0.000 0.135 0.000 0.000 0.000 0.000 0.999
     16300. 2.237E-08 2.559E-06 0.022 0.000 0.000 0.000 0.834 0.000 0.000 0.000 0.000 0.000 0.144 0.000 0.000 0.000 0.000 0.999
     16600. 2.275E-08 2.379E-06 0.002 0.000 0.000 0.000 0.851 0.000 0.000 0.000 0.000 0.000 0.147 0.000 0.000 0.000 0.000 0.999
     17000. 2.390E-08 2.162E-06 0.002 0.000 0.000 0.000 0.852 0.000 0.000 0.000 0.000 0.000 0.147 0.000 0.000 0.000 0.000 0.999
     22000. 4.185E-08 7.693E-07 0.001 0.000 0.000 0.000 0.860 0.000 0.000 0.000 0.000 0.000 0.139 0.000 0.000 0.000 0.000 0.999
     33000. 9.359E-08 1.519E-07 0.001 0.000 0.000 0.000 0.863 0.000 0.000 0.000 0.000 0.000 0.136 0.000 0.000 0.002 0.000 0.998
     45000. 1.697E-07 4.412E-08 0.001 0.000 0.000 0.000 0.866 0.000 0.000 0.000 0.000 0.000 0.133 0.000 0.000 0.007 0.000 0.993
     60000. 2.774E-07 1.415E-08 0.002 0.000 0.000 0.000 0.866 0.000 0.000 0.000 0.000 0.000 0.132 0.000 0.000 0.021 0.000 0.979
      8000. 7.017E-08 4.494E-05 0.898 0.000 0.000 0.000 0.066 0.000 0.023 0.001 0.000 0.000 0.012 0.000 0.000 0.000 0.000 1.000
1

 ****************
 * TAU=  0.0009 *
 ****************

 T=  1683.  PE= 1.60E-04 lag: 14 lg10_tau(kr)=  -3.05
 ELEMENT  ABUNDANCE ELCONT IONIZATION FRACTIONS                 PARTITION FUNCTIONS
                              I       II      III     IV            I         II        III       IV
      H    1.000E+00 0.000  1.0000  0.0000
      HE   8.511E-02 0.000  1.0000  0.0000
      C    2.455E-04 0.000  1.0000  0.0000  0.0000
      N    6.026E-05 0.000  1.0000  0.0000  0.0000
      O    4.571E-04 0.000  1.0000  0.0000
      NE   6.918E-05 0.000  1.0000  0.0000
      NA   1.479E-06 0.048  0.9999  0.0001
      MG   3.388E-05 0.000  1.0000  0.0000  0.0000
      AL   2.344E-06 0.000  1.0000  0.0000  0.0000  0.0000
      SI   3.236E-05 0.000  1.0000  0.0000  0.0000
      S    1.380E-05 0.000  1.0000  0.0000  0.0000
      K    1.202E-07 0.951  0.9763  0.0237
      CA   2.042E-06 0.000  1.0000  0.0000  0.0000
      CR   4.365E-07 0.000  1.0000  0.0000  0.0000
      FE   2.818E-05 0.000  1.0000  0.0000  0.0000
      NI   1.698E-06 0.000  1.0000  0.0000  0.0000




                F R A C T I O N S  O F  C O N T I N U O U S  A B S O R P T I O N  A N D  S C A T T E R I N G
 WAVELENGTH   ABS       SCAT     H-    H BF  (H+H) H2+   H2-   C I   MG I  AL I  SI I  HE I  HE-   H2PR  HEPR  ELSC  H-SC  H2SC 
      3300. 4.235E-06 1.758E-03 0.126 0.000 0.000 0.000 0.003 0.000 0.855 0.015 0.000 0.000 0.001 0.000 0.000 0.000 0.001 0.999
      3800. 7.959E-07 9.633E-04 0.793 0.000 0.000 0.000 0.022 0.000 0.071 0.110 0.000 0.000 0.004 0.000 0.000 0.000 0.001 0.999
      5000. 1.095E-06 3.065E-04 0.774 0.000 0.000 0.000 0.026 0.000 0.081 0.113 0.000 0.000 0.005 0.000 0.000 0.000 0.001 0.999
      6000. 1.353E-06 1.448E-04 0.737 0.000 0.000 0.000 0.029 0.000 0.101 0.127 0.000 0.000 0.005 0.000 0.000 0.000 0.001 0.999
      7000. 1.278E-06 7.726E-05 0.868 0.000 0.000 0.000 0.040 0.000 0.084 0.001 0.000 0.000 0.007 0.000 0.000 0.000 0.001 0.999
      8000. 1.255E-06 4.494E-05 0.934 0.000 0.000 0.000 0.053 0.000 0.003 0.001 0.000 0.000 0.010 0.000 0.000 0.000 0.001 0.999
      9000. 1.278E-06 2.791E-05 0.923 0.000 0.000 0.000 0.065 0.000 0.000 0.000 0.000 0.000 0.012 0.000 0.000 0.000 0.001 0.999
     10000. 1.247E-06 1.825E-05 0.904 0.000 0.000 0.000 0.081 0.000 0.000 0.000 0.000 0.000 0.015 0.000 0.000 0.000 0.001 0.999
     11000. 1.162E-06 1.243E-05 0.877 0.000 0.000 0.000 0.105 0.000 0.000 0.000 0.000 0.000 0.019 0.000 0.000 0.000 0.001 0.999
     13749. 7.131E-07 5.069E-06 0.686 0.000 0.000 0.000 0.268 0.000 0.000 0.000 0.000 0.000 0.046 0.000 0.000 0.000 0.001 0.999
     15600. 3.847E-07 3.053E-06 0.244 0.000 0.000 0.000 0.646 0.000 0.000 0.000 0.000 0.000 0.109 0.000 0.000 0.000 0.001 0.999
     16000. 3.446E-07 2.758E-06 0.112 0.000 0.000 0.000 0.760 0.000 0.000 0.000 0.000 0.000 0.128 0.000 0.000 0.000 0.001 0.999
     16300. 3.277E-07 2.560E-06 0.030 0.000 0.000 0.000 0.830 0.000 0.000 0.000 0.000 0.000 0.140 0.000 0.000 0.000 0.001 0.999
     16600. 3.314E-07 2.379E-06 0.004 0.000 0.000 0.000 0.852 0.000 0.000 0.000 0.000 0.000 0.143 0.000 0.000 0.000 0.001 0.999
     17000. 3.482E-07 2.163E-06 0.004 0.000 0.000 0.000 0.852 0.000 0.000 0.000 0.000 0.000 0.143 0.000 0.000 0.000 0.001 0.999
     22000. 6.034E-07 7.700E-07 0.004 0.000 0.000 0.000 0.859 0.000 0.000 0.000 0.000 0.000 0.136 0.000 0.000 0.001 0.001 0.998
     33000. 1.333E-06 1.525E-07 0.004 0.000 0.000 0.000 0.861 0.000 0.000 0.000 0.000 0.000 0.134 0.000 0.000 0.006 0.001 0.993
     45000. 2.373E-06 4.471E-08 0.004 0.000 0.000 0.000 0.864 0.000 0.000 0.000 0.000 0.000 0.132 0.000 0.000 0.020 0.001 0.979
     60000. 3.825E-06 1.474E-08 0.005 0.000 0.000 0.000 0.864 0.000 0.000 0.000 0.000 0.000 0.131 0.000 0.000 0.060 0.001 0.939
      8000. 1.255E-06 4.494E-05 0.934 0.000 0.000 0.000 0.053 0.000 0.003 0.001 0.000 0.000 0.010 0.000 0.000 0.000 0.001 0.999
1

 ****************
 * TAU=  0.0100 *
 ****************

 T=  1936.  PE= 3.50E-03 lag: 21 lg10_tau(kr)=  -2.00
 ELEMENT  ABUNDANCE ELCONT IONIZATION FRACTIONS                 PARTITION FUNCTIONS
                              I       II      III     IV            I         II        III       IV
      H    1.000E+00 0.000  1.0000  0.0000
      HE   8.511E-02 0.000  1.0000  0.0000
      C    2.455E-04 0.000  1.0000  0.0000  0.0000
      N    6.026E-05 0.000  1.0000  0.0000  0.0000
      O    4.571E-04 0.000  1.0000  0.0000
      NE   6.918E-05 0.000  1.0000  0.0000
      NA   1.479E-06 0.099  0.9993  0.0007
      MG   3.388E-05 0.000  1.0000  0.0000  0.0000
      AL   2.344E-06 0.000  1.0000  0.0000  0.0000  0.0000
      SI   3.236E-05 0.000  1.0000  0.0000  0.0000
      S    1.380E-05 0.000  1.0000  0.0000  0.0000
      K    1.202E-07 0.899  0.9263  0.0737
      CA   2.042E-06 0.002  1.0000  0.0000  0.0000
      CR   4.365E-07 0.000  1.0000  0.0000  0.0000
      FE   2.818E-05 0.000  1.0000  0.0000  0.0000
      NI   1.698E-06 0.000  1.0000  0.0000  0.0000




                F R A C T I O N S  O F  C O N T I N U O U S  A B S O R P T I O N  A N D  S C A T T E R I N G
 WAVELENGTH   ABS       SCAT     H-    H BF  (H+H) H2+   H2-   C I   MG I  AL I  SI I  HE I  HE-   H2PR  HEPR  ELSC  H-SC  H2SC 
      3300. 2.150E-05 1.759E-03 0.625 0.000 0.000 0.000 0.013 0.000 0.323 0.036 0.000 0.000 0.002 0.000 0.000 0.000 0.002 0.998
      3800. 1.752E-05 9.637E-04 0.908 0.000 0.000 0.000 0.020 0.000 0.007 0.060 0.000 0.000 0.004 0.000 0.000 0.000 0.002 0.998
      5000. 2.376E-05 3.066E-04 0.899 0.000 0.000 0.000 0.024 0.000 0.009 0.064 0.000 0.000 0.004 0.000 0.000 0.000 0.002 0.998
      6000. 2.849E-05 1.449E-04 0.882 0.000 0.000 0.000 0.028 0.000 0.011 0.074 0.000 0.000 0.005 0.000 0.000 0.000 0.002 0.998
      7000. 2.945E-05 7.729E-05 0.949 0.000 0.000 0.000 0.036 0.000 0.009 0.000 0.000 0.000 0.006 0.000 0.000 0.000 0.002 0.998
      8000. 3.117E-05 4.496E-05 0.948 0.000 0.000 0.000 0.043 0.000 0.000 0.001 0.000 0.000 0.008 0.000 0.000 0.000 0.002 0.998
      9000. 3.175E-05 2.792E-05 0.937 0.000 0.000 0.000 0.054 0.000 0.000 0.000 0.000 0.000 0.009 0.000 0.000 0.000 0.002 0.998
     10000. 3.089E-05 1.825E-05 0.921 0.000 0.000 0.000 0.068 0.000 0.000 0.000 0.000 0.000 0.012 0.000 0.000 0.000 0.002 0.998
     11000. 2.862E-05 1.243E-05 0.897 0.000 0.000 0.000 0.088 0.000 0.000 0.000 0.000 0.000 0.015 0.000 0.000 0.000 0.002 0.998
     13749. 1.698E-05 5.072E-06 0.726 0.000 0.000 0.000 0.235 0.000 0.000 0.000 0.000 0.000 0.039 0.000 0.000 0.001 0.002 0.997
     15600. 8.438E-06 3.056E-06 0.285 0.000 0.000 0.000 0.614 0.000 0.000 0.000 0.000 0.000 0.100 0.000 0.000 0.001 0.002 0.997
     16000. 7.366E-06 2.761E-06 0.138 0.000 0.000 0.000 0.741 0.000 0.000 0.000 0.000 0.000 0.121 0.000 0.000 0.001 0.002 0.997
     16300. 6.892E-06 2.563E-06 0.044 0.000 0.000 0.000 0.822 0.000 0.000 0.000 0.000 0.000 0.134 0.000 0.000 0.001 0.002 0.997
     16600. 6.933E-06 2.382E-06 0.013 0.000 0.000 0.000 0.849 0.000 0.000 0.000 0.000 0.000 0.138 0.000 0.000 0.001 0.002 0.997
     17000. 7.280E-06 2.166E-06 0.013 0.000 0.000 0.000 0.849 0.000 0.000 0.000 0.000 0.000 0.138 0.000 0.000 0.001 0.002 0.997
     22000. 1.244E-05 7.723E-07 0.012 0.000 0.000 0.000 0.855 0.000 0.000 0.000 0.000 0.000 0.133 0.000 0.000 0.004 0.002 0.994
     33000. 2.700E-05 1.546E-07 0.013 0.000 0.000 0.000 0.856 0.000 0.000 0.000 0.000 0.000 0.131 0.000 0.000 0.019 0.002 0.979
     45000. 4.694E-05 4.674E-08 0.013 0.000 0.000 0.000 0.858 0.000 0.000 0.000 0.000 0.000 0.129 0.000 0.000 0.062 0.002 0.936
     60000. 7.448E-05 1.677E-08 0.014 0.000 0.000 0.000 0.857 0.000 0.000 0.000 0.000 0.000 0.128 0.000 0.000 0.173 0.001 0.825
      8000. 3.117E-05 4.496E-05 0.948 0.000 0.000 0.000 0.043 0.000 0.000 0.001 0.000 0.000 0.008 0.000 0.000 0.000 0.002 0.998
1

 ****************
 * TAU=  0.1122 *
 ****************

 T=  2375.  PE= 1.16E-01 lag: 28 lg10_tau(kr)=  -0.95
 ELEMENT  ABUNDANCE ELCONT IONIZATION FRACTIONS                 PARTITION FUNCTIONS
                              I       II      III     IV            I         II        III       IV
      H    1.000E+00 0.000  1.0000  0.0000
      HE   8.511E-02 0.000  1.0000  0.0000
      C    2.455E-04 0.000  1.0000  0.0000  0.0000
      N    6.026E-05 0.000  1.0000  0.0000  0.0000
      O    4.571E-04 0.000  1.0000  0.0000
      NE   6.918E-05 0.000  1.0000  0.0000
      NA   1.479E-06 0.263  0.9903  0.0097
      MG   3.388E-05 0.000  1.0000  0.0000  0.0000
      AL   2.344E-06 0.002  0.9999  0.0001  0.0000  0.0000
      SI   3.236E-05 0.000  1.0000  0.0000  0.0000
      S    1.380E-05 0.000  1.0000  0.0000  0.0000
      K    1.202E-07 0.721  0.6724  0.3276
      CA   2.042E-06 0.013  0.9997  0.0003  0.0000
      CR   4.365E-07 0.000  1.0000  0.0000  0.0000
      FE   2.818E-05 0.000  1.0000  0.0000  0.0000
      NI   1.698E-06 0.000  1.0000  0.0000  0.0000




                F R A C T I O N S  O F  C O N T I N U O U S  A B S O R P T I O N  A N D  S C A T T E R I N G
 WAVELENGTH   ABS       SCAT     H-    H BF  (H+H) H2+   H2-   C I   MG I  AL I  SI I  HE I  HE-   H2PR  HEPR  ELSC  H-SC  H2SC 
      3300. 6.819E-04 1.765E-03 0.949 0.000 0.000 0.000 0.012 0.000 0.031 0.006 0.000 0.000 0.002 0.000 0.000 0.000 0.011 0.989
      3800. 7.841E-04 9.665E-04 0.976 0.000 0.000 0.000 0.013 0.000 0.001 0.007 0.000 0.000 0.002 0.000 0.000 0.000 0.010 0.989
      5000. 1.057E-03 3.074E-04 0.972 0.000 0.000 0.000 0.016 0.000 0.001 0.008 0.000 0.000 0.003 0.000 0.000 0.000 0.010 0.990
      6000. 1.250E-03 1.453E-04 0.967 0.000 0.000 0.000 0.019 0.000 0.001 0.009 0.000 0.000 0.003 0.000 0.000 0.000 0.010 0.990
      7000. 1.384E-03 7.750E-05 0.972 0.000 0.000 0.000 0.023 0.000 0.001 0.000 0.000 0.000 0.004 0.000 0.000 0.000 0.010 0.990
      8000. 1.471E-03 4.509E-05 0.967 0.000 0.000 0.000 0.028 0.000 0.000 0.000 0.000 0.000 0.005 0.000 0.000 0.000 0.010 0.990
      9000. 1.493E-03 2.801E-05 0.959 0.000 0.000 0.000 0.035 0.000 0.000 0.000 0.000 0.000 0.006 0.000 0.000 0.001 0.010 0.989
     10000. 1.444E-03 1.831E-05 0.948 0.000 0.000 0.000 0.045 0.000 0.000 0.000 0.000 0.000 0.007 0.000 0.000 0.001 0.010 0.989
     11000. 1.326E-03 1.248E-05 0.931 0.000 0.000 0.000 0.059 0.000 0.000 0.000 0.000 0.000 0.010 0.000 0.000 0.001 0.010 0.989
     13749. 7.383E-04 5.098E-06 0.806 0.000 0.000 0.000 0.168 0.000 0.000 0.000 0.000 0.000 0.026 0.000 0.000 0.003 0.010 0.987
     15600. 3.087E-04 3.076E-06 0.398 0.000 0.000 0.000 0.521 0.000 0.000 0.000 0.000 0.000 0.081 0.000 0.000 0.005 0.010 0.985
     16000. 2.528E-04 2.781E-06 0.227 0.000 0.000 0.000 0.669 0.000 0.000 0.000 0.000 0.000 0.104 0.000 0.000 0.006 0.010 0.984
     16300. 2.265E-04 2.582E-06 0.104 0.000 0.000 0.000 0.775 0.000 0.000 0.000 0.000 0.000 0.120 0.000 0.000 0.006 0.010 0.984
     16600. 2.244E-04 2.401E-06 0.063 0.000 0.000 0.000 0.812 0.000 0.000 0.000 0.000 0.000 0.126 0.000 0.000 0.007 0.010 0.983
     17000. 2.354E-04 2.184E-06 0.062 0.000 0.000 0.000 0.812 0.000 0.000 0.000 0.000 0.000 0.125 0.000 0.000 0.007 0.010 0.983
     22000. 3.929E-04 7.872E-07 0.060 0.000 0.000 0.000 0.816 0.000 0.000 0.000 0.000 0.000 0.123 0.000 0.000 0.020 0.009 0.970
     33000. 8.283E-04 1.681E-07 0.063 0.000 0.000 0.000 0.817 0.000 0.000 0.000 0.000 0.000 0.121 0.000 0.000 0.095 0.009 0.896
     45000. 1.399E-03 5.997E-08 0.068 0.000 0.000 0.000 0.814 0.000 0.000 0.000 0.000 0.000 0.119 0.000 0.000 0.267 0.007 0.726
     60000. 2.186E-03 2.992E-08 0.076 0.000 0.000 0.000 0.807 0.000 0.000 0.000 0.000 0.000 0.117 0.000 0.000 0.535 0.004 0.460
      8000. 1.471E-03 4.509E-05 0.967 0.000 0.000 0.000 0.028 0.000 0.000 0.000 0.000 0.000 0.005 0.000 0.000 0.000 0.010 0.990
1

 ****************
 * TAU=  1.1220 *
 ****************

 T=  2940.  PE= 2.05E+00 lag: 35 lg10_tau(kr)=   0.05
 ELEMENT  ABUNDANCE ELCONT IONIZATION FRACTIONS                 PARTITION FUNCTIONS
                              I       II      III     IV            I         II        III       IV
      H    1.000E+00 0.000  1.0000  0.0000
      HE   8.511E-02 0.000  1.0000  0.0000
      C    2.455E-04 0.000  1.0000  0.0000  0.0000
      N    6.026E-05 0.000  1.0000  0.0000  0.0000
      O    4.571E-04 0.000  1.0000  0.0000
      NE   6.918E-05 0.000  1.0000  0.0000
      NA   1.479E-06 0.581  0.8935  0.1065
      MG   3.388E-05 0.003  1.0000  0.0000  0.0000
      AL   2.344E-06 0.013  0.9985  0.0015  0.0000  0.0000
      SI   3.236E-05 0.000  1.0000  0.0000  0.0000
      S    1.380E-05 0.000  1.0000  0.0000  0.0000
      K    1.202E-07 0.326  0.2645  0.7355
      CA   2.042E-06 0.076  0.9899  0.0101  0.0000
      CR   4.365E-07 0.001  0.9997  0.0003  0.0000
      FE   2.818E-05 0.001  1.0000  0.0000  0.0000
      NI   1.698E-06 0.000  1.0000  0.0000  0.0000




                F R A C T I O N S  O F  C O N T I N U O U S  A B S O R P T I O N  A N D  S C A T T E R I N G
 WAVELENGTH   ABS       SCAT     H-    H BF  (H+H) H2+   H2-   C I   MG I  AL I  SI I  HE I  HE-   H2PR  HEPR  ELSC  H-SC  H2SC 
      3300. 1.627E-02 1.790E-03 0.985 0.000 0.000 0.000 0.008 0.000 0.005 0.001 0.000 0.000 0.001 0.000 0.000 0.000 0.050 0.949
      3800. 1.917E-02 9.797E-04 0.989 0.000 0.000 0.000 0.008 0.000 0.000 0.001 0.000 0.000 0.001 0.000 0.000 0.000 0.049 0.950
      5000. 2.581E-02 3.113E-04 0.986 0.000 0.000 0.000 0.010 0.000 0.000 0.001 0.000 0.000 0.002 0.000 0.000 0.000 0.048 0.951
      6000. 3.047E-02 1.471E-04 0.984 0.000 0.000 0.000 0.012 0.000 0.000 0.002 0.000 0.000 0.002 0.000 0.000 0.001 0.047 0.952
      7000. 3.394E-02 7.847E-05 0.982 0.000 0.000 0.000 0.015 0.000 0.000 0.000 0.000 0.000 0.002 0.000 0.000 0.001 0.047 0.952
      8000. 3.602E-02 4.567E-05 0.979 0.000 0.000 0.000 0.019 0.000 0.000 0.000 0.000 0.000 0.003 0.000 0.000 0.002 0.047 0.951
      9000. 3.645E-02 2.839E-05 0.973 0.000 0.000 0.000 0.023 0.000 0.000 0.000 0.000 0.000 0.004 0.000 0.000 0.003 0.047 0.950
     10000. 3.509E-02 1.858E-05 0.966 0.000 0.000 0.000 0.030 0.000 0.000 0.000 0.000 0.000 0.005 0.000 0.000 0.004 0.047 0.949
     11000. 3.204E-02 1.268E-05 0.954 0.000 0.000 0.000 0.040 0.000 0.000 0.000 0.000 0.000 0.006 0.000 0.000 0.006 0.046 0.947
     13749. 1.722E-02 5.218E-06 0.866 0.000 0.000 0.000 0.117 0.000 0.000 0.000 0.000 0.000 0.018 0.000 0.000 0.015 0.046 0.939
     15600. 6.525E-03 3.174E-06 0.544 0.000 0.000 0.000 0.397 0.000 0.000 0.000 0.000 0.000 0.059 0.000 0.000 0.025 0.045 0.929
     16000. 5.120E-03 2.875E-06 0.389 0.000 0.000 0.000 0.532 0.000 0.000 0.000 0.000 0.000 0.079 0.000 0.000 0.027 0.045 0.927
     16300. 4.444E-03 2.674E-06 0.271 0.000 0.000 0.000 0.635 0.000 0.000 0.000 0.000 0.000 0.094 0.000 0.000 0.030 0.045 0.925
     16600. 4.352E-03 2.491E-06 0.228 0.000 0.000 0.000 0.672 0.000 0.000 0.000 0.000 0.000 0.099 0.000 0.000 0.032 0.045 0.923
     17000. 4.557E-03 2.271E-06 0.228 0.000 0.000 0.000 0.673 0.000 0.000 0.000 0.000 0.000 0.099 0.000 0.000 0.035 0.045 0.920
     22000. 7.413E-03 8.588E-07 0.227 0.000 0.000 0.000 0.675 0.000 0.000 0.000 0.000 0.000 0.098 0.000 0.000 0.092 0.042 0.866
     33000. 1.531E-02 2.327E-07 0.239 0.000 0.000 0.000 0.666 0.000 0.000 0.000 0.000 0.000 0.095 0.000 0.000 0.339 0.031 0.630
     45000. 2.564E-02 1.234E-07 0.261 0.000 0.000 0.000 0.648 0.000 0.000 0.000 0.000 0.000 0.091 0.000 0.000 0.640 0.017 0.343
     60000. 4.046E-02 9.304E-08 0.290 0.000 0.000 0.000 0.623 0.000 0.000 0.000 0.000 0.000 0.087 0.000 0.000 0.849 0.007 0.144
      8000. 3.602E-02 4.567E-05 0.979 0.000 0.000 0.000 0.019 0.000 0.000 0.000 0.000 0.000 0.003 0.000 0.000 0.002 0.047 0.951
1

 ****************
 * TAU=  8.9125 *
 ****************

 T=  3361.  PE= 1.21E+01 lag: 41 lg10_tau(kr)=   0.95
 ELEMENT  ABUNDANCE ELCONT IONIZATION FRACTIONS                 PARTITION FUNCTIONS
                              I       II      III     IV            I         II        III       IV
      H    1.000E+00 0.000  1.0000  0.0000
      HE   8.511E-02 0.000  1.0000  0.0000
      C    2.455E-04 0.000  1.0000  0.0000  0.0000
      N    6.026E-05 0.000  1.0000  0.0000  0.0000
      O    4.571E-04 0.000  1.0000  0.0000
      NE   6.918E-05 0.000  1.0000  0.0000
      NA   1.479E-06 0.633  0.7362  0.2638
      MG   3.388E-05 0.014  0.9997  0.0003  0.0000
      AL   2.344E-06 0.025  0.9934  0.0066  0.0000  0.0000
      SI   3.236E-05 0.001  1.0000  0.0000  0.0000
      S    1.380E-05 0.000  1.0000  0.0000  0.0000
      K    1.202E-07 0.165  0.1517  0.8483
      CA   2.042E-06 0.157  0.9526  0.0474  0.0000
      CR   4.365E-07 0.001  0.9980  0.0020  0.0000
      FE   2.818E-05 0.004  0.9999  0.0001  0.0000
      NI   1.698E-06 0.000  1.0000  0.0000  0.0000




                F R A C T I O N S  O F  C O N T I N U O U S  A B S O R P T I O N  A N D  S C A T T E R I N G
 WAVELENGTH   ABS       SCAT     H-    H BF  (H+H) H2+   H2-   C I   MG I  AL I  SI I  HE I  HE-   H2PR  HEPR  ELSC  H-SC  H2SC 
      3300. 9.271E-02 1.821E-03 0.988 0.000 0.000 0.000 0.007 0.000 0.003 0.000 0.000 0.000 0.001 0.000 0.000 0.000 0.097 0.902
      3800. 1.096E-01 9.958E-04 0.990 0.000 0.000 0.000 0.008 0.000 0.000 0.001 0.000 0.000 0.001 0.000 0.000 0.000 0.095 0.904
      5000. 1.475E-01 3.161E-04 0.988 0.000 0.000 0.000 0.010 0.000 0.000 0.001 0.000 0.000 0.002 0.000 0.000 0.001 0.093 0.906
      6000. 1.742E-01 1.493E-04 0.985 0.000 0.000 0.000 0.012 0.000 0.000 0.001 0.000 0.000 0.002 0.000 0.000 0.001 0.092 0.906
      7000. 1.941E-01 7.969E-05 0.983 0.000 0.000 0.000 0.014 0.000 0.000 0.000 0.000 0.000 0.002 0.000 0.000 0.002 0.091 0.906
      8000. 2.060E-01 4.641E-05 0.979 0.000 0.000 0.000 0.018 0.000 0.000 0.000 0.000 0.000 0.003 0.000 0.000 0.004 0.091 0.905
      9000. 2.083E-01 2.888E-05 0.974 0.000 0.000 0.000 0.022 0.000 0.000 0.000 0.000 0.000 0.003 0.000 0.000 0.006 0.090 0.903
     10000. 2.005E-01 1.894E-05 0.967 0.000 0.000 0.000 0.029 0.000 0.000 0.000 0.000 0.000 0.004 0.000 0.000 0.009 0.090 0.900
     11000. 1.830E-01 1.295E-05 0.956 0.000 0.000 0.000 0.038 0.000 0.000 0.000 0.000 0.000 0.006 0.000 0.000 0.014 0.089 0.897
     13749. 9.946E-02 5.386E-06 0.874 0.000 0.000 0.000 0.110 0.000 0.000 0.000 0.000 0.000 0.016 0.000 0.000 0.033 0.087 0.879
     15600. 4.005E-02 3.314E-06 0.598 0.000 0.000 0.000 0.350 0.000 0.000 0.000 0.000 0.000 0.052 0.000 0.000 0.053 0.086 0.861
     16000. 3.236E-02 3.011E-06 0.478 0.000 0.000 0.000 0.455 0.000 0.000 0.000 0.000 0.000 0.067 0.000 0.000 0.059 0.085 0.856
     16300. 2.872E-02 2.807E-06 0.391 0.000 0.000 0.000 0.531 0.000 0.000 0.000 0.000 0.000 0.078 0.000 0.000 0.063 0.085 0.852
     16600. 2.833E-02 2.622E-06 0.361 0.000 0.000 0.000 0.557 0.000 0.000 0.000 0.000 0.000 0.082 0.000 0.000 0.068 0.084 0.848
     17000. 2.963E-02 2.399E-06 0.360 0.000 0.000 0.000 0.558 0.000 0.000 0.000 0.000 0.000 0.082 0.000 0.000 0.074 0.084 0.842
     22000. 4.769E-02 9.673E-07 0.363 0.000 0.000 0.000 0.556 0.000 0.000 0.000 0.000 0.000 0.081 0.000 0.000 0.183 0.074 0.743
     33000. 9.780E-02 3.328E-07 0.384 0.000 0.000 0.000 0.539 0.000 0.000 0.000 0.000 0.000 0.077 0.000 0.000 0.532 0.042 0.426
     45000. 1.648E-01 2.220E-07 0.416 0.000 0.000 0.000 0.511 0.000 0.000 0.000 0.000 0.000 0.072 0.000 0.000 0.797 0.018 0.184
     60000. 2.644E-01 1.912E-07 0.456 0.000 0.000 0.000 0.477 0.000 0.000 0.000 0.000 0.000 0.067 0.000 0.000 0.926 0.007 0.068
      8000. 2.060E-01 4.641E-05 0.979 0.000 0.000 0.000 0.018 0.000 0.000 0.000 0.000 0.000 0.003 0.000 0.000 0.004 0.091 0.905
1

 ****************
 * TAU=316.2278 *
 ****************

 T=  4098.  PE= 1.44E+02 lag: 53 lg10_tau(kr)=   2.50
 ELEMENT  ABUNDANCE ELCONT IONIZATION FRACTIONS                 PARTITION FUNCTIONS
                              I       II      III     IV            I         II        III       IV
      H    1.000E+00 0.000  1.0000  0.0000
      HE   8.511E-02 0.000  1.0000  0.0000
      C    2.455E-04 0.000  1.0000  0.0000  0.0000
      N    6.026E-05 0.000  1.0000  0.0000  0.0000
      O    4.571E-04 0.000  1.0000  0.0000
      NE   6.918E-05 0.000  1.0000  0.0000
      NA   1.479E-06 0.481  0.4527  0.5473
      MG   3.388E-05 0.081  0.9960  0.0040  0.0000
      AL   2.344E-06 0.051  0.9633  0.0367  0.0000  0.0000
      SI   3.236E-05 0.006  0.9997  0.0003  0.0000
      S    1.380E-05 0.000  1.0000  0.0000  0.0000
      K    1.202E-07 0.066  0.0825  0.9175
      CA   2.042E-06 0.284  0.7662  0.2338  0.0000
      CR   4.365E-07 0.005  0.9825  0.0175  0.0000
      FE   2.818E-05 0.026  0.9984  0.0016  0.0000
      NI   1.698E-06 0.001  0.9993  0.0007  0.0000




                F R A C T I O N S  O F  C O N T I N U O U S  A B S O R P T I O N  A N D  S C A T T E R I N G
 WAVELENGTH   ABS       SCAT     H-    H BF  (H+H) H2+   H2-   C I   MG I  AL I  SI I  HE I  HE-   H2PR  HEPR  ELSC  H-SC  H2SC 
      3300. 8.277E-01 1.884E-03 0.988 0.000 0.001 0.000 0.008 0.000 0.002 0.000 0.000 0.000 0.001 0.000 0.000 0.000 0.187 0.812
      3800. 9.792E-01 1.028E-03 0.989 0.000 0.000 0.000 0.009 0.000 0.000 0.000 0.000 0.000 0.001 0.000 0.000 0.000 0.184 0.815
      5000. 1.320E+00 3.258E-04 0.986 0.000 0.000 0.000 0.011 0.000 0.000 0.000 0.000 0.000 0.002 0.000 0.000 0.001 0.180 0.819
      6000. 1.559E+00 1.539E-04 0.984 0.000 0.000 0.000 0.014 0.000 0.000 0.000 0.000 0.000 0.002 0.000 0.000 0.003 0.178 0.819
      7000. 1.739E+00 8.221E-05 0.980 0.000 0.000 0.000 0.017 0.000 0.000 0.000 0.000 0.000 0.003 0.000 0.000 0.006 0.176 0.818
      8000. 1.845E+00 4.798E-05 0.976 0.000 0.000 0.000 0.021 0.000 0.000 0.000 0.000 0.000 0.003 0.000 0.000 0.010 0.175 0.815
      9000. 1.867E+00 2.995E-05 0.970 0.000 0.000 0.000 0.026 0.000 0.000 0.000 0.000 0.000 0.004 0.000 0.000 0.015 0.174 0.811
     10000. 1.801E+00 1.973E-05 0.962 0.000 0.000 0.000 0.033 0.000 0.000 0.000 0.000 0.000 0.005 0.000 0.000 0.023 0.172 0.805
     11000. 1.652E+00 1.358E-05 0.950 0.000 0.000 0.000 0.044 0.000 0.000 0.000 0.000 0.000 0.007 0.000 0.000 0.034 0.170 0.796
     13749. 9.501E-01 5.806E-06 0.865 0.000 0.000 0.000 0.117 0.000 0.000 0.000 0.000 0.000 0.018 0.000 0.000 0.079 0.162 0.760
     15600. 4.666E-01 3.678E-06 0.652 0.000 0.000 0.000 0.302 0.000 0.000 0.000 0.000 0.000 0.046 0.000 0.000 0.124 0.153 0.722
     16000. 4.073E-01 3.367E-06 0.582 0.000 0.000 0.000 0.363 0.000 0.000 0.000 0.000 0.000 0.055 0.000 0.000 0.136 0.151 0.713
     16300. 3.810E-01 3.158E-06 0.538 0.000 0.000 0.000 0.401 0.000 0.000 0.000 0.000 0.000 0.061 0.000 0.000 0.145 0.150 0.705
     16600. 3.823E-01 2.967E-06 0.524 0.000 0.000 0.000 0.413 0.000 0.000 0.000 0.000 0.000 0.063 0.000 0.000 0.154 0.148 0.698
     17000. 3.995E-01 2.738E-06 0.524 0.000 0.000 0.000 0.413 0.000 0.000 0.000 0.000 0.000 0.062 0.000 0.000 0.167 0.146 0.687
     22000. 6.380E-01 1.268E-06 0.533 0.000 0.000 0.000 0.406 0.000 0.000 0.000 0.000 0.000 0.061 0.000 0.000 0.360 0.112 0.528
     33000. 1.306E+00 6.168E-07 0.566 0.000 0.000 0.000 0.378 0.000 0.000 0.000 0.000 0.000 0.056 0.000 0.000 0.741 0.045 0.214
     45000. 2.235E+00 5.030E-07 0.605 0.000 0.000 0.000 0.345 0.000 0.000 0.000 0.000 0.000 0.050 0.000 0.000 0.908 0.016 0.076
     60000. 3.671E+00 4.714E-07 0.648 0.000 0.000 0.000 0.308 0.000 0.000 0.000 0.000 0.000 0.045 0.000 0.000 0.969 0.005 0.026
      8000. 1.845E+00 4.798E-05 0.976 0.000 0.000 0.000 0.021 0.000 0.000 0.000 0.000 0.000 0.003 0.000 0.000 0.010 0.175 0.815
 Model written out successfully.
