   1249.78  1.5359E-09  6.1434E-09
   1250.62  1.5573E-09  6.2290E-09
   1251.45  1.5918E-09  6.3673E-09
   1252.29  1.6047E-09  6.4187E-09
   1253.12  1.6360E-09  6.5441E-09
   1253.96  1.6697E-09  6.6790E-09
   1254.79  1.6955E-09  6.7819E-09
   1255.63  1.7545E-09  7.0178E-09
   1256.47  1.7933E-09  7.1733E-09
   1257.31  1.8431E-09  7.3724E-09
   1258.14  1.9032E-09  7.6127E-09
   1258.98  1.8443E-09  7.3771E-09
   1259.82  1.8988E-09  7.5951E-09
   1260.66  1.9429E-09  7.7716E-09
   1261.50  1.8787E-09  7.5148E-09
   1262.34  1.9139E-09  7.6555E-09
   1263.19  1.9469E-09  7.7878E-09
   1264.03  1.9748E-09  7.8993E-09
   1264.87  2.2671E-09  9.0684E-09
   1265.71  2.3167E-09  9.2668E-09
   1266.56  2.3515E-09  9.4061E-09
   1267.40  2.3873E-09  9.5492E-09
   1268.25  2.3829E-09  9.5316E-09
   1269.09  2.4584E-09  9.8337E-09
   1269.94  2.5242E-09  1.0097E-08
   1270.79  2.6171E-09  1.0468E-08
   1271.64  2.7174E-09  1.0870E-08
   1272.48  2.8268E-09  1.1307E-08
   1273.33  2.9243E-09  1.1697E-08
   1274.18  2.9999E-09  1.1999E-08
   1275.03  2.9836E-09  1.1934E-08
   1275.88  3.0624E-09  1.2250E-08
   1276.73  3.1096E-09  1.2438E-08
   1277.58  3.1522E-09  1.2609E-08
   1278.44  2.7928E-09  1.1171E-08
   1279.29  2.8425E-09  1.1370E-08
   1280.14  2.9069E-09  1.1628E-08
   1280.99  3.1222E-09  1.2489E-08
   1281.85  3.2038E-09  1.2815E-08
   1282.70  3.2910E-09  1.3164E-08
   1283.56  3.3898E-09  1.3559E-08
   1284.41  3.5217E-09  1.4087E-08
   1285.27  3.8211E-09  1.5284E-08
   1286.13  3.9715E-09  1.5886E-08
   1286.99  4.0313E-09  1.6125E-08
   1287.84  4.1504E-09  1.6602E-08
   1288.70  4.7656E-09  1.9062E-08
   1289.56  4.9018E-09  1.9607E-08
   1290.42  5.0443E-09  2.0177E-08
   1291.28  5.1136E-09  2.0454E-08
   1292.14  5.0313E-09  2.0125E-08
   1293.01  5.1363E-09  2.0545E-08
   1293.87  5.2698E-09  2.1079E-08
   1294.73  4.6741E-09  1.8696E-08
   1295.59  4.8229E-09  1.9292E-08
   1296.46  5.0012E-09  2.0005E-08
   1297.32  5.2052E-09  2.0821E-08
   1298.19  4.0202E-09  1.6081E-08
   1299.05  4.1601E-09  1.6640E-08
   1299.92  4.2670E-09  1.7068E-08
   1300.79  4.0564E-09  1.6226E-08
   1301.65  4.2847E-09  1.7139E-08
   1302.52  4.3913E-09  1.7565E-08
   1303.39  5.4384E-09  2.1754E-08
   1304.26  5.5278E-09  2.2111E-08
   1305.13  5.7428E-09  2.2971E-08
   1306.00  5.8263E-09  2.3305E-08
   1306.87  7.8543E-09  3.1417E-08
   1307.74  8.0222E-09  3.2089E-08
   1308.62  8.3628E-09  3.3451E-08
   1309.49  8.8575E-09  3.5430E-08
   1310.36  9.4346E-09  3.7738E-08
   1311.23  1.0021E-08  4.0084E-08
   1312.11  1.0557E-08  4.2228E-08
   1312.98  1.0840E-08  4.3361E-08
   1313.86  9.4750E-09  3.7900E-08
   1314.74  9.7675E-09  3.9070E-08
   1315.61  9.9494E-09  3.9797E-08
   1316.49  6.8161E-09  2.7265E-08
   1317.37  6.9074E-09  2.7630E-08
   1318.25  7.0186E-09  2.8074E-08
   1319.13  5.8000E-09  2.3200E-08
   1320.01  5.9604E-09  2.3841E-08
   1320.89  5.5863E-09  2.2345E-08
   1321.77  5.7427E-09  2.2971E-08
   1322.65  6.3142E-09  2.5257E-08
   1323.53  6.5207E-09  2.6083E-08
   1324.41  6.7390E-09  2.6956E-08
   1325.30  7.7009E-09  3.0804E-08
   1326.18  9.8016E-09  3.9206E-08
   1327.06  1.0119E-08  4.0475E-08
   1327.95  1.3902E-08  5.5608E-08
   1328.83  1.4257E-08  5.7027E-08
   1329.72  1.4464E-08  5.7856E-08
   1330.61  1.7220E-08  6.8879E-08
   1331.49  1.7331E-08  6.9326E-08
   1332.38  1.7569E-08  7.0277E-08
   1333.27  1.8403E-08  7.3612E-08
   1334.16  1.9008E-08  7.6033E-08
   1335.05  1.5230E-08  6.0919E-08
   1335.94  1.5621E-08  6.2485E-08
   1336.83  1.6192E-08  6.4767E-08
   1337.72  1.3004E-08  5.2015E-08
   1338.61  1.3465E-08  5.3859E-08
   1339.51  8.9638E-09  3.5855E-08
   1340.40  9.2035E-09  3.6814E-08
   1341.29  9.4530E-09  3.7812E-08
   1342.19  9.2895E-09  3.7158E-08
   1343.08  9.2011E-09  3.6804E-08
   1343.98  9.4397E-09  3.7759E-08
   1344.88  9.6841E-09  3.8736E-08
   1345.77  1.0135E-08  4.0541E-08
   1346.67  1.0716E-08  4.2866E-08
   1347.57  1.1597E-08  4.6386E-08
   1348.47  1.8148E-08  7.2593E-08
   1349.37  1.8679E-08  7.4716E-08
   1350.27  1.9242E-08  7.6967E-08
   1351.17  1.9808E-08  7.9232E-08
   1352.07  2.7075E-08  1.0830E-07
   1352.97  2.7751E-08  1.1100E-07
   1353.87  3.6129E-08  1.4452E-07
   1354.77  3.7250E-08  1.4900E-07
   1355.68  3.8670E-08  1.5468E-07
   1356.58  2.7291E-08  1.0917E-07
   1357.49  2.8199E-08  1.1280E-07
   1358.39  2.9121E-08  1.1649E-07
   1359.30  2.0322E-08  8.1289E-08
   1360.20  2.0867E-08  8.3466E-08
   1361.11  2.1392E-08  8.5567E-08
   1362.02  1.7829E-08  7.1316E-08
   1362.93  1.6043E-08  6.4172E-08
   1363.84  1.6450E-08  6.5801E-08
   1364.75  1.6244E-08  6.4977E-08
   1365.66  1.6659E-08  6.6635E-08
   1366.57  1.7084E-08  6.8334E-08
   1367.48  1.7519E-08  7.0076E-08
   1368.39  1.8035E-08  7.2139E-08
   1369.30  1.8494E-08  7.3977E-08
   1370.22  1.8965E-08  7.5859E-08
   1371.13  1.9888E-08  7.9552E-08
   1372.04  2.2933E-08  9.1731E-08
   1372.96  2.3511E-08  9.4042E-08
   1373.87  3.3716E-08  1.3486E-07
   1374.79  3.4513E-08  1.3805E-07
   1375.71  3.5308E-08  1.4123E-07
   1376.62  4.7299E-08  1.8920E-07
   1377.54  4.8495E-08  1.9398E-07
   1378.46  4.2870E-08  1.7148E-07
   1379.38  4.4119E-08  1.7648E-07
   1380.30  4.5422E-08  1.8169E-07
   1381.22  4.6761E-08  1.8705E-07
   1382.14  4.8114E-08  1.9246E-07
   1383.06  3.9010E-08  1.5604E-07
   1383.99  3.9974E-08  1.5989E-07
   1384.91  2.9198E-08  1.1679E-07
   1385.83  2.9933E-08  1.1973E-07
   1386.76  3.0683E-08  1.2273E-07
   1387.68  3.0336E-08  1.2134E-07
   1388.61  3.1095E-08  1.2438E-07
   1389.53  3.1873E-08  1.2749E-07
   1390.46  3.2551E-08  1.3020E-07
   1391.39  3.3364E-08  1.3346E-07
   1392.31  3.4195E-08  1.3678E-07
   1393.24  3.5048E-08  1.4019E-07
   1394.17  3.5931E-08  1.4372E-07
   1395.10  3.6826E-08  1.4730E-07
   1396.03  3.7869E-08  1.5147E-07
   1396.96  3.8810E-08  1.5524E-07
   1397.89  4.1225E-08  1.6490E-07
   1398.83  4.2253E-08  1.6901E-07
   1399.76  5.0806E-08  2.0322E-07
   1400.69  5.2099E-08  2.0840E-07
   1401.63  6.8704E-08  2.7482E-07
   1402.56  7.0442E-08  2.8177E-07
   1403.50  7.2192E-08  2.8877E-07
   1404.43  8.0221E-08  3.2088E-07
   1405.37  8.2149E-08  3.2860E-07
   1406.31  8.4074E-08  3.3630E-07
   1407.24  8.6002E-08  3.4401E-07
   1408.18  6.8672E-08  2.7469E-07
   1409.12  6.9757E-08  2.7903E-07
   1410.06  6.0526E-08  2.4210E-07
   1411.00  5.9736E-08  2.3894E-07
   1411.94  5.7809E-08  2.3123E-07
   1412.88  5.9227E-08  2.3691E-07
   1413.83  5.9962E-08  2.3985E-07
   1414.77  6.1431E-08  2.4572E-07
   1415.71  6.2935E-08  2.5174E-07
   1416.66  6.4474E-08  2.5790E-07
   1417.60  6.6050E-08  2.6420E-07
   1418.55  6.7663E-08  2.7065E-07
   1419.49  6.9314E-08  2.7726E-07
   1420.44  7.1004E-08  2.8402E-07
   1421.39  7.2739E-08  2.9096E-07
   1422.34  7.4510E-08  2.9804E-07
   1423.28  7.6354E-08  3.0542E-07
   1424.23  7.8342E-08  3.1337E-07
   1425.18  8.1028E-08  3.2411E-07
   1426.13  8.3383E-08  3.3353E-07
   1427.08  9.6538E-08  3.8615E-07
   1428.04  9.8845E-08  3.9538E-07
   1428.99  1.0122E-07  4.0490E-07
   1429.94  1.2802E-07  5.1206E-07
   1430.89  1.3097E-07  5.2390E-07
   1431.85  1.3400E-07  5.3601E-07
   1432.80  1.3715E-07  5.4861E-07
   1433.76  1.4037E-07  5.6149E-07
   1434.72  1.4369E-07  5.7475E-07
   1435.67  1.2839E-07  5.1355E-07
   1436.63  1.1598E-07  4.6392E-07
   1437.59  1.1876E-07  4.7506E-07
   1438.55  1.1330E-07  4.5321E-07
   1439.51  1.1602E-07  4.6409E-07
   1440.47  1.1733E-07  4.6933E-07
   1441.43  1.2015E-07  4.8058E-07
   1442.39  1.2296E-07  4.9183E-07
   1443.35  1.2590E-07  5.0360E-07
   1444.31  1.2891E-07  5.1565E-07
   1445.27  1.3199E-07  5.2797E-07
   1446.24  1.3514E-07  5.4058E-07
   1447.20  1.3837E-07  5.5348E-07
   1448.17  1.4167E-07  5.6668E-07
   1449.13  1.4505E-07  5.8018E-07
   1450.10  1.4850E-07  5.9399E-07
   1451.07  1.5204E-07  6.0815E-07
   1452.03  1.5565E-07  6.2260E-07
   1453.00  1.5969E-07  6.3875E-07
   1453.97  1.6348E-07  6.5391E-07
   1454.94  1.6735E-07  6.6941E-07
   1455.91  1.7690E-07  7.0758E-07
   1456.88  1.9741E-07  7.8964E-07
   1457.85  2.0198E-07  8.0792E-07
   1458.83  2.1992E-07  8.7968E-07
   1459.80  2.3663E-07  9.4651E-07
   1460.77  2.4227E-07  9.6906E-07
   1461.75  2.4811E-07  9.9245E-07
   1462.72  2.5412E-07  1.0165E-06
   1463.70  2.6028E-07  1.0411E-06
   1464.67  2.4738E-07  9.8950E-07
   1465.65  2.2674E-07  9.0695E-07
   1466.63  2.3207E-07  9.2829E-07
   1467.61  2.3752E-07  9.5008E-07
   1468.58  2.3257E-07  9.3029E-07
   1469.56  2.3802E-07  9.5209E-07
   1470.54  2.4240E-07  9.6962E-07
   1471.52  2.4808E-07  9.9232E-07
   1472.51  2.5388E-07  1.0155E-06
   1473.49  2.5982E-07  1.0393E-06
   1474.47  2.6588E-07  1.0635E-06
   1475.45  2.7209E-07  1.0884E-06
   1476.44  2.7843E-07  1.1137E-06
   1477.42  2.8492E-07  1.1397E-06
   1478.41  2.9155E-07  1.1662E-06
   1479.39  2.9834E-07  1.1934E-06
   1480.38  3.0528E-07  1.2211E-06
   1481.37  3.1237E-07  1.2495E-06
   1482.35  3.1962E-07  1.2785E-06
   1483.34  3.3519E-07  1.3408E-06
   1484.33  3.4294E-07  1.3718E-06
   1485.32  3.5087E-07  1.4035E-06
   1486.31  3.5897E-07  1.4359E-06
   1487.30  3.9750E-07  1.5900E-06
   1488.30  4.0659E-07  1.6264E-06
   1489.29  4.6146E-07  1.8458E-06
   1490.28  4.7186E-07  1.8875E-06
   1491.28  5.0479E-07  2.0191E-06
   1492.27  5.1610E-07  2.0644E-06
   1493.26  5.2767E-07  2.1107E-06
   1494.26  5.1108E-07  2.0443E-06
   1495.26  5.2261E-07  2.0904E-06
   1496.25  5.3440E-07  2.1376E-06
   1497.25  5.4645E-07  2.1858E-06
   1498.25  4.6953E-07  1.8781E-06
   1499.25  4.8027E-07  1.9211E-06
   1500.25  4.9125E-07  1.9650E-06
   1501.25  5.0246E-07  2.0099E-06
   1502.25  5.0450E-07  2.0180E-06
   1503.25  5.1602E-07  2.0641E-06
   1504.26  5.2718E-07  2.1087E-06
   1505.26  5.3921E-07  2.1568E-06
   1506.26  5.5148E-07  2.2059E-06
   1507.27  5.6404E-07  2.2561E-06
   1508.27  5.7687E-07  2.3075E-06
   1509.28  5.8998E-07  2.3599E-06
   1510.28  6.0338E-07  2.4135E-06
   1511.29  6.1708E-07  2.4683E-06
   1512.30  6.3107E-07  2.5243E-06
   1513.31  6.4538E-07  2.5815E-06
   1514.32  6.5999E-07  2.6400E-06
   1515.33  6.7493E-07  2.6997E-06
   1516.34  6.9126E-07  2.7650E-06
   1517.35  7.0687E-07  2.8275E-06
   1518.36  8.0458E-07  3.2183E-06
   1519.37  8.2252E-07  3.2901E-06
   1520.39  8.4084E-07  3.3634E-06
   1521.40  8.5956E-07  3.4382E-06
   1522.41  1.0156E-06  4.0624E-06
   1523.43  1.0378E-06  4.1511E-06
   1524.45  1.2600E-06  5.0400E-06
   1525.46  1.2867E-06  5.1469E-06
   1526.48  1.3141E-06  5.2562E-06
   1527.50  1.2613E-06  5.0453E-06
   1528.52  1.2883E-06  5.1533E-06
   1529.54  1.3158E-06  5.2634E-06
   1530.56  1.3439E-06  5.3756E-06
   1531.58  1.3725E-06  5.4900E-06
   1532.60  1.2309E-06  4.9237E-06
   1533.62  1.2575E-06  5.0300E-06
   1534.64  1.0924E-06  4.3697E-06
   1535.67  1.1166E-06  4.4663E-06
   1536.69  1.0852E-06  4.3410E-06
   1537.71  1.1094E-06  4.4374E-06
   1538.74  1.1271E-06  4.5083E-06
   1539.77  1.1521E-06  4.6084E-06
   1540.79  1.1744E-06  4.6975E-06
   1541.82  1.2004E-06  4.8016E-06
   1542.85  1.2270E-06  4.9079E-06
   1543.88  1.2541E-06  5.0165E-06
   1544.91  1.2820E-06  5.1280E-06
   1545.94  1.3103E-06  5.2413E-06
   1546.97  1.3393E-06  5.3573E-06
   1548.00  1.3694E-06  5.4777E-06
   1549.03  1.4008E-06  5.6033E-06
   1550.07  1.4437E-06  5.7748E-06
   1551.10  1.4818E-06  5.9271E-06
   1552.13  1.5508E-06  6.2031E-06
   1553.17  1.6153E-06  6.4611E-06
   1554.20  2.3439E-06  9.3755E-06
   1555.24  2.3907E-06  9.5630E-06
   1556.28  2.4391E-06  9.7566E-06
   1557.32  2.4863E-06  9.9451E-06
   1558.35  3.0777E-06  1.2311E-05
   1559.39  3.1364E-06  1.2546E-05
   1560.43  3.1982E-06  1.2793E-05
   1561.47  4.0017E-06  1.6007E-05
   1562.52  4.0811E-06  1.6324E-05
   1563.56  4.1607E-06  1.6643E-05
   1564.60  4.4594E-06  1.7837E-05
   1565.64  4.5461E-06  1.8184E-05
   1566.69  4.6251E-06  1.8500E-05
   1567.73  4.7029E-06  1.8812E-05
   1568.78  5.0842E-06  2.0337E-05
   1569.82  5.2249E-06  2.0900E-05
   1570.87  5.3140E-06  2.1256E-05
   1571.92  5.4192E-06  2.1677E-05
   1572.97  5.5140E-06  2.2056E-05
   1574.02  5.6084E-06  2.2434E-05
   1575.06  5.6883E-06  2.2753E-05
   1576.12  5.7254E-06  2.2902E-05
   1577.17  5.8935E-06  2.3574E-05
   1578.22  5.9602E-06  2.3841E-05
   1579.27  6.2604E-06  2.5041E-05
   1580.32  6.3911E-06  2.5565E-05
   1581.38  6.3756E-06  2.5502E-05
   1582.43  6.6167E-06  2.6467E-05
   1583.49  6.6868E-06  2.6747E-05
   1584.54  6.8123E-06  2.7249E-05
   1585.60  6.9361E-06  2.7744E-05
   1586.66  7.0531E-06  2.8213E-05
   1587.72  7.1447E-06  2.8579E-05
   1588.77  7.1976E-06  2.8790E-05
   1589.83  7.4851E-06  2.9940E-05
   1590.89  8.0537E-06  3.2215E-05
   1591.95  8.1459E-06  3.2584E-05
   1593.02  8.1526E-06  3.2610E-05
   1594.08  8.3831E-06  3.3533E-05
   1595.14  8.4488E-06  3.3795E-05
   1596.21  8.5001E-06  3.4000E-05
   1597.27  8.8524E-06  3.5410E-05
   1598.34  9.0818E-06  3.6327E-05
   1599.40  9.2174E-06  3.6870E-05
   1600.47  9.0966E-06  3.6386E-05
   1601.54  9.1108E-06  3.6443E-05
   1602.60  9.4940E-06  3.7976E-05
   1603.67  9.4835E-06  3.7934E-05
   1604.74  9.9059E-06  3.9624E-05
   1605.81  9.9538E-06  3.9815E-05
   1606.88  1.0260E-05  4.1040E-05
   1607.95  1.0613E-05  4.2453E-05
   1609.03  1.0561E-05  4.2242E-05
   1610.10  1.1195E-05  4.4779E-05
   1611.17  1.1463E-05  4.5853E-05
   1612.25  1.1446E-05  4.5783E-05
   1613.32  1.1393E-05  4.5573E-05
   1614.40  1.1343E-05  4.5371E-05
   1615.47  1.1949E-05  4.7796E-05
   1616.55  1.2263E-05  4.9053E-05
   1617.63  1.2086E-05  4.8343E-05
   1618.71  1.1924E-05  4.7695E-05
   1619.79  1.2091E-05  4.8365E-05
   1620.87  1.2801E-05  5.1204E-05
   1621.95  1.3271E-05  5.3085E-05
   1623.03  1.3059E-05  5.2235E-05
   1624.11  1.3885E-05  5.5540E-05
   1625.20  1.3717E-05  5.4866E-05
   1626.28  1.4507E-05  5.8027E-05
   1627.36  1.4706E-05  5.8826E-05
   1628.45  1.5565E-05  6.2259E-05
   1629.54  1.4417E-05  5.7670E-05
   1630.62  1.5924E-05  6.3696E-05
   1631.71  1.7520E-05  7.0080E-05
   1632.80  1.7214E-05  6.8854E-05
   1633.89  1.6916E-05  6.7663E-05
   1634.98  1.7713E-05  7.0852E-05
   1636.07  1.7795E-05  7.1181E-05
   1637.16  1.7960E-05  7.1840E-05
   1638.25  1.8295E-05  7.3181E-05
   1639.34  1.7923E-05  7.1691E-05
   1640.44  1.8689E-05  7.4757E-05
   1641.53  1.9929E-05  7.9718E-05
   1642.62  1.9949E-05  7.9794E-05
   1643.72  2.0413E-05  8.1652E-05
   1644.82  2.1654E-05  8.6614E-05
   1645.91  2.2254E-05  8.9017E-05
   1647.01  1.9768E-05  7.9071E-05
   1648.11  2.1636E-05  8.6544E-05
   1649.21  2.3973E-05  9.5893E-05
   1650.31  2.1872E-05  8.7488E-05
   1651.41  2.2758E-05  9.1031E-05
   1652.51  2.3458E-05  9.3833E-05
   1653.61  2.5539E-05  1.0216E-04
   1654.71  2.3999E-05  9.5995E-05
   1655.82  2.4068E-05  9.6272E-05
   1656.92  2.6360E-05  1.0544E-04
   1658.03  2.7613E-05  1.1045E-04
   1659.13  2.6246E-05  1.0498E-04
   1660.24  2.6320E-05  1.0528E-04
   1661.35  2.3905E-05  9.5620E-05
   1662.45  2.5977E-05  1.0391E-04
   1663.56  2.7653E-05  1.1061E-04
   1664.67  2.9931E-05  1.1972E-04
   1665.78  2.6984E-05  1.0794E-04
   1666.89  2.8478E-05  1.1391E-04
   1668.00  3.3658E-05  1.3463E-04
   1669.12  2.7524E-05  1.1010E-04
   1670.23  2.3765E-05  9.5058E-05
   1671.34  2.7823E-05  1.1129E-04
   1672.46  3.6251E-05  1.4500E-04
   1673.57  3.5127E-05  1.4051E-04
   1674.69  3.7584E-05  1.5033E-04
   1675.81  3.5567E-05  1.4227E-04
   1676.92  4.2045E-05  1.6818E-04
   1678.04  2.9007E-05  1.1603E-04
   1679.16  4.0919E-05  1.6367E-04
   1680.28  4.1363E-05  1.6545E-04
   1681.40  4.5088E-05  1.8035E-04
   1682.52  3.4927E-05  1.3971E-04
   1683.64  4.7426E-05  1.8970E-04
   1684.77  4.3862E-05  1.7545E-04
   1685.89  4.4482E-05  1.7793E-04
   1687.02  3.1642E-05  1.2657E-04
   1688.14  3.0824E-05  1.2330E-04
   1689.27  2.0841E-05  8.3364E-05
   1690.39  5.3602E-05  2.1441E-04
   1691.52  4.7994E-05  1.9198E-04
   1692.65  5.1190E-05  2.0476E-04
   1693.78  4.5883E-05  1.8353E-04
   1694.91  5.3348E-05  2.1339E-04
   1696.04  5.9368E-05  2.3747E-04
   1697.17  5.7122E-05  2.2849E-04
   1698.30  5.5204E-05  2.2082E-04
   1699.43  4.9418E-05  1.9767E-04
   1700.57  5.7442E-05  2.2977E-04
   1701.70  6.2988E-05  2.5195E-04
   1702.83  6.7014E-05  2.6805E-04
   1703.97  6.6754E-05  2.6702E-04
   1705.11  6.6837E-05  2.6735E-04
   1706.24  4.4945E-05  1.7978E-04
   1707.38  6.9935E-05  2.7974E-04
   1708.52  5.3157E-05  2.1263E-04
   1709.66  5.5643E-05  2.2257E-04
   1710.80  5.7906E-05  2.3162E-04
   1711.94  6.0785E-05  2.4314E-04
   1713.08  8.0671E-05  3.2268E-04
   1714.22  8.1533E-05  3.2613E-04
   1715.37  7.0998E-05  2.8399E-04
   1716.51  6.0375E-05  2.4150E-04
   1717.66  6.1295E-05  2.4518E-04
   1718.80  5.1789E-05  2.0715E-04
   1719.95  8.6198E-05  3.4479E-04
   1721.09  9.1666E-05  3.6666E-04
   1722.24  8.8587E-05  3.5435E-04
   1723.39  8.6568E-05  3.4627E-04
   1724.54  9.2619E-05  3.7048E-04
   1725.69  6.0232E-05  2.4093E-04
   1726.84  1.0989E-04  4.3955E-04
   1727.99  1.0879E-04  4.3514E-04
   1729.14  1.0604E-04  4.2416E-04
   1730.30  1.1739E-04  4.6955E-04
   1731.45  1.1954E-04  4.7815E-04
   1732.61  4.3436E-05  1.7374E-04
   1733.76  9.0255E-05  3.6102E-04
   1734.92  8.9449E-05  3.5780E-04
   1736.07  6.7702E-05  2.7081E-04
   1737.23  8.2901E-05  3.3160E-04
   1738.39  1.3368E-04  5.3471E-04
   1739.55  1.0450E-04  4.1798E-04
   1740.71  1.3698E-04  5.4791E-04
   1741.87  1.4476E-04  5.7903E-04
   1743.03  1.4865E-04  5.9458E-04
   1744.19  1.4752E-04  5.9007E-04
   1745.36  1.3242E-04  5.2968E-04
   1746.52  8.7776E-05  3.5110E-04
   1747.69  1.5849E-04  6.3395E-04
   1748.85  1.6268E-04  6.5070E-04
   1750.02  1.5752E-04  6.3010E-04
   1751.19  1.5457E-04  6.1827E-04
   1752.35  1.3297E-04  5.3190E-04
   1753.52  1.1567E-04  4.6267E-04
   1754.69  1.6533E-04  6.6131E-04
   1755.86  1.8243E-04  7.2973E-04
   1757.03  1.2006E-04  4.8025E-04
   1758.20  9.8320E-05  3.9328E-04
   1759.38  1.4472E-04  5.7888E-04
   1760.55  1.8685E-04  7.4741E-04
   1761.72  1.3474E-04  5.3897E-04
   1762.90  1.5987E-04  6.3948E-04
   1764.07  1.0088E-04  4.0352E-04
   1765.25  1.9534E-04  7.8136E-04
   1766.43  1.0522E-04  4.2087E-04
   1767.61  2.4066E-04  9.6262E-04
   1768.78  2.4689E-04  9.8757E-04
   1769.96  2.5030E-04  1.0012E-03
   1771.14  2.6461E-04  1.0584E-03
   1772.33  1.7370E-04  6.9480E-04
   1773.51  2.8346E-04  1.1338E-03
   1774.69  1.4490E-04  5.7958E-04
   1775.87  2.9612E-04  1.1845E-03
   1777.06  2.7215E-04  1.0886E-03
   1778.24  2.9250E-04  1.1700E-03
   1779.43  1.9770E-04  7.9080E-04
   1780.62  3.3438E-04  1.3375E-03
   1781.80  3.4636E-04  1.3854E-03
   1782.99  3.1302E-04  1.2521E-03
   1784.18  3.4734E-04  1.3894E-03
   1785.37  1.7629E-04  7.0516E-04
   1786.56  3.8643E-04  1.5457E-03
   1787.75  3.9595E-04  1.5838E-03
   1788.94  3.8861E-04  1.5544E-03
   1790.14  2.0404E-04  8.1616E-04
   1791.33  2.5971E-04  1.0388E-03
   1792.53  1.7078E-04  6.8311E-04
   1793.72  1.5919E-04  6.3676E-04
   1794.92  1.5874E-04  6.3498E-04
   1796.11  4.8421E-04  1.9368E-03
   1797.31  3.6091E-04  1.4436E-03
   1798.51  4.4907E-04  1.7963E-03
   1799.71  2.1147E-04  8.4589E-04
   1800.91  5.1840E-04  2.0736E-03
   1802.11  3.3821E-04  1.3528E-03
   1803.31  5.5255E-04  2.2102E-03
   1804.52  4.1272E-04  1.6509E-03
   1805.72  6.1261E-04  2.4504E-03
   1806.92  6.1435E-04  2.4574E-03
   1808.13  5.7794E-04  2.3118E-03
   1809.33  6.1571E-04  2.4628E-03
   1810.54  5.8784E-04  2.3514E-03
   1811.75  4.6675E-04  1.8670E-03
   1812.96  3.2321E-04  1.2928E-03
   1814.16  5.3057E-04  2.1223E-03
   1815.37  4.7261E-04  1.8905E-03
   1816.59  7.7694E-04  3.1078E-03
   1817.80  7.7779E-04  3.1112E-03
   1819.01  4.0792E-04  1.6317E-03
   1820.22  6.1216E-04  2.4487E-03
   1821.44  8.5229E-04  3.4091E-03
   1822.65  8.6234E-04  3.4494E-03
   1823.87  7.3357E-04  2.9343E-03
   1825.08  7.5939E-04  3.0376E-03
   1826.30  7.6620E-04  3.0648E-03
   1827.52  9.5838E-04  3.8335E-03
   1828.74  1.0108E-03  4.0431E-03
   1829.96  8.1611E-04  3.2644E-03
   1831.18  9.0699E-04  3.6280E-03
   1832.40  5.5954E-04  2.2382E-03
   1833.62  6.7703E-04  2.7081E-03
   1834.84  1.0248E-03  4.0993E-03
   1836.07  9.0215E-04  3.6086E-03
   1837.29  7.0266E-04  2.8107E-03
   1838.51  4.7763E-04  1.9105E-03
   1839.74  4.5330E-04  1.8132E-03
   1840.97  6.5106E-04  2.6043E-03
   1842.20  1.1867E-03  4.7468E-03
   1843.42  4.2011E-04  1.6804E-03
   1844.65  3.8779E-04  1.5512E-03
   1845.88  1.1931E-03  4.7724E-03
   1847.11  4.0221E-04  1.6088E-03
   1848.35  1.2979E-03  5.1916E-03
   1849.58  8.3297E-04  3.3319E-03
   1850.81  1.1681E-03  4.6725E-03
   1852.05  1.2768E-03  5.1073E-03
   1853.28  9.6641E-04  3.8656E-03
   1854.52  1.0956E-03  4.3826E-03
   1855.75  1.2376E-03  4.9504E-03
   1856.99  1.3395E-03  5.3581E-03
   1858.23  7.4600E-04  2.9840E-03
   1859.47  7.5158E-04  3.0063E-03
   1860.71  4.5487E-04  1.8195E-03
   1861.95  1.4877E-03  5.9508E-03
   1863.19  8.8450E-04  3.5380E-03
   1864.43  6.2340E-04  2.4936E-03
   1865.68  1.4649E-03  5.8598E-03
   1866.92  1.7993E-03  7.1974E-03
   1868.17  1.5576E-03  6.2304E-03
   1869.41  1.8584E-03  7.4338E-03
   1870.66  9.1029E-04  3.6412E-03
   1871.91  1.6624E-03  6.6497E-03
   1873.15  1.6702E-03  6.6809E-03
   1874.40  1.4014E-03  5.6057E-03
   1875.65  1.0927E-03  4.3708E-03
   1876.90  8.4804E-04  3.3922E-03
   1878.16  1.7819E-03  7.1275E-03
   1879.41  1.1059E-03  4.4234E-03
   1880.66  1.3512E-03  5.4047E-03
   1881.92  1.8396E-03  7.3585E-03
   1883.17  1.8861E-03  7.5445E-03
   1884.43  1.8573E-03  7.4291E-03
   1885.68  2.2974E-03  9.1895E-03
   1886.94  1.8456E-03  7.3826E-03
   1888.20  1.2328E-03  4.9313E-03
   1889.46  1.0582E-03  4.2328E-03
   1890.72  1.9366E-03  7.7462E-03
   1891.98  2.1380E-03  8.5521E-03
   1893.24  1.3816E-03  5.5264E-03
   1894.50  1.6647E-03  6.6588E-03
   1895.77  1.7680E-03  7.0718E-03
   1897.03  1.5384E-03  6.1536E-03
   1898.30  2.6213E-03  1.0485E-02
   1899.56  2.2186E-03  8.8745E-03
   1900.83  1.4720E-03  5.8880E-03
   1902.10  1.4389E-03  5.7555E-03
   1903.37  2.7444E-03  1.0977E-02
   1904.63  1.4729E-03  5.8915E-03
   1905.90  2.8189E-03  1.1276E-02
   1907.18  1.7449E-03  6.9795E-03
   1908.45  2.2034E-03  8.8137E-03
   1909.72  2.6930E-03  1.0772E-02
   1910.99  1.3660E-03  5.4641E-03
   1912.27  2.0288E-03  8.1154E-03
   1913.54  1.6825E-03  6.7299E-03
   1914.82  2.2762E-03  9.1048E-03
   1916.10  3.0769E-03  1.2308E-02
   1917.37  2.7155E-03  1.0862E-02
   1918.65  1.1960E-03  4.7840E-03
   1919.93  1.4733E-03  5.8932E-03
   1921.21  3.0884E-03  1.2353E-02
   1922.49  1.7476E-03  6.9902E-03
   1923.78  1.9120E-03  7.6480E-03
   1925.06  3.4759E-03  1.3904E-02
   1926.34  1.4610E-03  5.8438E-03
   1927.63  3.0107E-03  1.2043E-02
   1928.91  3.6579E-03  1.4632E-02
   1930.20  1.9029E-03  7.6117E-03
   1931.49  2.9540E-03  1.1816E-02
   1932.77  3.3942E-03  1.3577E-02
   1934.06  3.9019E-03  1.5608E-02
   1935.35  3.4078E-03  1.3631E-02
   1936.64  1.6906E-03  6.7623E-03
   1937.93  3.8096E-03  1.5238E-02
   1939.23  2.8311E-03  1.1324E-02
   1940.52  4.1088E-03  1.6435E-02
   1941.81  3.5747E-03  1.4299E-02
   1943.11  4.0748E-03  1.6299E-02
   1944.41  4.1436E-03  1.6574E-02
   1945.70  3.3195E-03  1.3278E-02
   1947.00  2.3206E-03  9.2826E-03
   1948.30  4.1199E-03  1.6480E-02
   1949.60  1.1359E-03  4.5435E-03
   1950.90  2.7146E-03  1.0858E-02
   1952.20  4.8500E-03  1.9400E-02
   1953.50  4.2492E-03  1.6997E-02
   1954.80  3.5828E-03  1.4331E-02
   1956.11  2.5485E-03  1.0194E-02
   1957.41  4.5789E-03  1.8316E-02
   1958.72  1.4070E-03  5.6279E-03
   1960.02  4.8178E-03  1.9271E-02
   1961.33  4.5345E-03  1.8138E-02
   1962.64  4.6519E-03  1.8608E-02
   1963.95  5.2483E-03  2.0993E-02
   1965.26  5.0658E-03  2.0263E-02
   1966.57  1.4364E-03  5.7455E-03
   1967.88  5.7225E-03  2.2890E-02
   1969.19  5.6036E-03  2.2415E-02
   1970.50  3.3097E-03  1.3239E-02
   1971.82  4.7224E-03  1.8889E-02
   1973.13  5.3447E-03  2.1379E-02
   1974.45  4.1863E-03  1.6745E-02
   1975.76  5.5950E-03  2.2380E-02
   1977.08  5.0520E-03  2.0208E-02
   1978.40  4.3042E-03  1.7217E-02
   1979.72  3.4355E-03  1.3742E-02
   1981.04  6.3902E-03  2.5561E-02
   1982.36  5.8222E-03  2.3289E-02
   1983.68  5.8895E-03  2.3558E-02
   1985.01  6.1749E-03  2.4700E-02
   1986.33  6.5298E-03  2.6119E-02
   1987.65  5.8616E-03  2.3447E-02
   1988.98  1.6919E-03  6.7676E-03
   1990.31  6.6713E-03  2.6685E-02
   1991.63  7.4452E-03  2.9781E-02
   1992.96  6.9740E-03  2.7896E-02
   1994.29  6.5772E-03  2.6309E-02
   1995.62  6.6333E-03  2.6533E-02
   1996.95  6.2106E-03  2.4842E-02
   1998.28  5.6566E-03  2.2627E-02
   1999.62  7.0192E-03  2.8077E-02
   2000.95  7.4754E-03  2.9902E-02
   2002.28  6.8409E-03  2.7363E-02
   2003.62  5.6106E-03  2.2442E-02
   2004.96  7.0644E-03  2.8258E-02
   2006.29  6.8410E-03  2.7364E-02
   2007.63  8.5003E-03  3.4001E-02
   2008.97  8.1905E-03  3.2762E-02
   2010.31  6.6312E-03  2.6525E-02
   2011.65  8.4248E-03  3.3699E-02
   2012.99  8.1947E-03  3.2779E-02
   2014.33  7.5637E-03  3.0255E-02
   2015.68  7.3736E-03  2.9494E-02
   2017.02  7.5919E-03  3.0367E-02
   2018.37  7.1756E-03  2.8702E-02
   2019.71  7.2500E-03  2.9000E-02
   2021.06  8.9235E-03  3.5694E-02
   2022.41  6.0667E-03  2.4267E-02
   2023.76  6.4721E-03  2.5888E-02
   2025.10  6.4773E-03  2.5909E-02
   2026.46  2.6358E-03  1.0543E-02
   2027.81  7.6562E-03  3.0625E-02
   2029.16  8.8718E-03  3.5487E-02
   2030.51  7.1438E-03  2.8575E-02
   2031.87  7.5024E-03  3.0010E-02
   2033.22  7.5146E-03  3.0058E-02
   2034.58  8.5205E-03  3.4082E-02
   2035.93  1.1119E-02  4.4475E-02
   2037.29  9.8533E-03  3.9413E-02
   2038.65  1.0893E-02  4.3574E-02
   2040.01  1.0585E-02  4.2340E-02
   2041.37  9.2787E-03  3.7115E-02
   2042.73  9.6357E-03  3.8543E-02
   2044.09  8.9764E-03  3.5906E-02
   2045.46  9.2717E-03  3.7087E-02
   2046.82  6.8852E-03  2.7541E-02
   2048.19  7.3233E-03  2.9293E-02
   2049.55  1.2060E-02  4.8238E-02
   2050.92  9.7475E-03  3.8990E-02
   2052.29  1.2692E-02  5.0769E-02
   2053.65  9.8240E-03  3.9296E-02
   2055.02  1.1114E-02  4.4457E-02
   2056.39  1.0104E-02  4.0418E-02
   2057.77  1.3398E-02  5.3594E-02
   2059.14  1.2075E-02  4.8302E-02
   2060.51  1.0566E-02  4.2262E-02
   2061.89  1.1975E-02  4.7900E-02
   2063.26  7.9219E-03  3.1688E-02
   2064.64  1.3536E-02  5.4144E-02
   2066.01  9.7529E-03  3.9012E-02
   2067.39  1.3883E-02  5.5532E-02
   2068.77  9.6020E-03  3.8408E-02
   2070.15  8.3845E-03  3.3538E-02
   2071.53  1.3511E-02  5.4044E-02
   2072.91  7.5644E-03  3.0258E-02
   2074.29  1.5026E-02  6.0104E-02
   2075.68  1.5849E-02  6.3397E-02
   2077.06  9.3006E-03  3.7203E-02
   2078.45  1.1360E-02  4.5439E-02
   2079.83  1.7384E-02  6.9537E-02
   2081.22  1.5812E-02  6.3247E-02
   2082.61  1.0608E-02  4.2430E-02
   2084.00  1.0071E-02  4.0285E-02
   2085.39  1.6531E-02  6.6123E-02
   2086.78  1.9648E-02  7.8593E-02
   2088.17  5.3181E-03  2.1273E-02
   2089.56  2.8734E-02  1.1494E-01
   2090.95  2.3426E-02  9.3703E-02
   2092.35  1.3255E-02  5.3020E-02
   2093.74  1.0694E-02  4.2778E-02
   2095.14  1.8235E-02  7.2939E-02
   2096.54  7.5825E-03  3.0330E-02
   2097.94  1.2827E-02  5.1309E-02
   2099.33  2.0091E-02  8.0365E-02
   2100.73  1.6060E-02  6.4241E-02
   2102.14  1.4501E-02  5.8003E-02
   2103.54  1.2163E-02  4.8653E-02
   2104.94  1.9590E-02  7.8359E-02
   2106.34  9.3261E-03  3.7304E-02
   2107.75  2.2134E-02  8.8537E-02
   2109.15  1.0039E-02  4.0157E-02
   2110.56  1.6698E-02  6.6793E-02
   2111.97  1.9674E-02  7.8696E-02
   2113.38  1.7690E-02  7.0761E-02
   2114.79  1.2663E-02  5.0653E-02
   2116.20  2.2557E-02  9.0228E-02
   2117.61  9.8064E-03  3.9226E-02
   2119.02  9.2138E-03  3.6855E-02
   2120.43  2.0516E-02  8.2065E-02
   2121.85  2.4181E-02  9.6725E-02
   2123.26  1.8649E-02  7.4596E-02
   2124.68  2.7798E-02  1.1119E-01
   2126.09  2.0047E-02  8.0189E-02
   2127.51  1.4962E-02  5.9848E-02
   2128.93  1.6466E-02  6.5865E-02
   2130.35  3.1339E-02  1.2536E-01
   2131.77  3.4901E-02  1.3960E-01
   2133.19  1.5540E-02  6.2160E-02
   2134.62  1.0963E-02  4.3854E-02
   2136.04  1.3852E-02  5.5407E-02
   2137.46  2.1868E-02  8.7473E-02
   2138.89  2.8867E-02  1.1547E-01
   2140.31  2.4540E-02  9.8160E-02
   2141.74  1.3087E-02  5.2346E-02
   2143.17  1.6904E-02  6.7615E-02
   2144.60  2.3376E-02  9.3505E-02
   2146.03  2.1433E-02  8.5732E-02
   2147.46  2.4182E-02  9.6729E-02
   2148.89  3.7014E-02  1.4805E-01
   2150.33  2.6718E-02  1.0687E-01
   2151.76  1.0463E-02  4.1853E-02
   2153.19  2.3222E-02  9.2886E-02
   2154.63  3.1451E-02  1.2580E-01
   2156.07  2.8591E-02  1.1436E-01
   2157.51  1.5109E-02  6.0438E-02
   2158.94  1.6041E-02  6.4166E-02
   2160.38  6.2079E-02  2.4832E-01
   2161.82  3.5218E-02  1.4087E-01
   2163.27  2.3436E-02  9.3743E-02
   2164.71  2.6568E-02  1.0627E-01
   2166.15  2.8101E-02  1.1240E-01
   2167.60  1.2822E-02  5.1287E-02
   2169.04  1.2818E-02  5.1272E-02
   2170.49  2.4190E-02  9.6760E-02
   2171.94  5.1610E-02  2.0644E-01
   2173.38  2.4754E-02  9.9017E-02
   2174.83  4.6060E-02  1.8424E-01
   2176.28  2.5824E-02  1.0330E-01
   2177.74  2.0241E-02  8.0966E-02
   2179.19  1.8234E-02  7.2935E-02
   2180.64  1.6186E-02  6.4743E-02
   2182.10  3.1472E-02  1.2589E-01
   2183.55  1.7665E-02  7.0660E-02
   2185.01  1.7997E-02  7.1988E-02
   2186.46  2.5841E-02  1.0336E-01
   2187.92  2.3239E-02  9.2957E-02
   2189.38  1.7321E-02  6.9285E-02
   2190.84  3.9061E-02  1.5624E-01
   2192.30  1.8466E-02  7.3864E-02
   2193.76  1.7016E-02  6.8063E-02
   2195.23  2.3243E-02  9.2973E-02
   2196.69  1.8793E-02  7.5173E-02
   2198.16  2.7298E-02  1.0919E-01
   2199.62  1.9946E-02  7.9786E-02
   2201.09  5.4659E-02  2.1863E-01
   2202.56  7.7955E-02  3.1182E-01
   2204.03  4.2559E-02  1.7024E-01
   2205.49  8.6786E-02  3.4714E-01
   2206.97  2.0663E-02  8.2651E-02
   2208.44  2.7280E-02  1.0912E-01
   2209.91  1.4235E-01  5.6941E-01
   2211.38  7.0370E-02  2.8148E-01
   2212.86  2.9981E-02  1.1993E-01
   2214.33  7.8761E-02  3.1505E-01
   2215.81  6.5675E-02  2.6270E-01
   2217.29  2.3659E-02  9.4636E-02
   2218.77  3.0232E-02  1.2093E-01
   2220.25  2.1314E-02  8.5256E-02
   2221.73  2.5389E-02  1.0156E-01
   2223.21  3.9977E-02  1.5991E-01
   2224.69  3.6663E-02  1.4665E-01
   2226.18  5.0347E-02  2.0139E-01
   2227.66  2.3149E-02  9.2596E-02
   2229.15  4.8921E-02  1.9568E-01
   2230.63  1.1811E-01  4.7243E-01
   2232.12  2.6275E-02  1.0510E-01
   2233.61  7.3277E-02  2.9311E-01
   2235.10  6.2375E-02  2.4950E-01
   2236.59  1.4553E-01  5.8212E-01
   2238.08  3.4497E-02  1.3799E-01
   2239.57  2.8884E-01  1.1554E+00
   2241.07  3.0892E-02  1.2357E-01
   2242.56  1.1638E-01  4.6551E-01
   2244.06  3.4348E-02  1.3739E-01
   2245.55  4.5033E-02  1.8013E-01
   2247.05  7.5075E-02  3.0030E-01
   2248.55  4.9730E-02  1.9892E-01
   2250.05  1.4523E-01  5.8091E-01
   2251.55  4.5753E-02  1.8301E-01
   2253.05  1.0110E-01  4.0438E-01
   2254.55  3.6521E-02  1.4608E-01
   2256.06  8.9584E-02  3.5834E-01
   2257.56  3.2910E-02  1.3164E-01
   2259.07  3.1377E-02  1.2551E-01
   2260.57  3.0435E-02  1.2174E-01
   2262.08  3.9139E-02  1.5655E-01
   2263.59  4.1169E-02  1.6468E-01
   2265.10  8.6387E-02  3.4555E-01
   2266.61  5.3244E-02  2.1298E-01
   2268.12  5.6614E-02  2.2646E-01
   2269.63  2.0066E-01  8.0263E-01
   2271.15  2.9016E-01  1.1606E+00
   2272.66  1.0493E-01  4.1973E-01
   2274.18  2.2889E-01  9.1554E-01
   2275.69  4.3375E-01  1.7350E+00
   2277.21  3.6015E-02  1.4406E-01
   2278.73  1.2763E-01  5.1050E-01
   2280.25  1.4904E-01  5.9616E-01
   2281.77  4.8615E-02  1.9446E-01
   2283.29  6.3199E-02  2.5280E-01
   2284.81  4.1186E-02  1.6475E-01
   2286.34  1.9298E-01  7.7190E-01
   2287.86  2.5397E-01  1.0159E+00
   2289.39  1.7165E-01  6.8660E-01
   2290.91  1.3948E-01  5.5793E-01
   2292.44  1.5193E-01  6.0771E-01
   2293.97  3.5799E-01  1.4320E+00
   2295.50  9.3563E-02  3.7425E-01
   2297.03  1.2261E-01  4.9042E-01
   2298.56  1.5367E-01  6.1468E-01
   2300.10  5.3204E-02  2.1282E-01
   2301.63  7.5512E-02  3.0205E-01
   2303.16  4.4751E-02  1.7900E-01
   2304.70  4.8294E-02  1.9318E-01
   2306.24  5.3069E-02  2.1227E-01
   2307.77  4.8854E-02  1.9542E-01
   2309.31  7.5515E-02  3.0206E-01
   2310.85  1.1597E-01  4.6387E-01
   2312.39  8.3691E-02  3.3477E-01
   2313.94  3.8902E-01  1.5561E+00
   2315.48  1.0174E-01  4.0694E-01
   2317.02  5.4861E-02  2.1944E-01
   2318.57  1.0628E-01  4.2513E-01
   2320.12  1.0985E-01  4.3939E-01
   2321.66  3.1794E-01  1.2718E+00
   2323.21  1.4884E-01  5.9534E-01
   2324.76  5.8950E-02  2.3580E-01
   2326.31  1.2059E-01  4.8235E-01
   2327.86  3.4963E-01  1.3985E+00
   2329.41  1.2031E-01  4.8122E-01
   2330.97  1.5201E-01  6.0802E-01
   2332.52  2.0778E-01  8.3112E-01
   2334.08  4.4844E-01  1.7938E+00
   2335.63  2.8328E-01  1.1331E+00
   2337.19  1.3684E-01  5.4738E-01
   2338.75  9.0743E-02  3.6297E-01
   2340.31  6.5955E-01  2.6382E+00
   2341.87  1.5414E-01  6.1655E-01
   2343.43  1.4784E-01  5.9134E-01
   2344.99  8.1023E-02  3.2409E-01
   2346.56  1.7287E-01  6.9150E-01
   2348.12  1.9448E-01  7.7792E-01
   2349.69  8.9145E-02  3.5658E-01
   2351.26  8.5469E-02  3.4188E-01
   2352.82  1.0459E+00  4.1838E+00
   2354.39  1.0150E-01  4.0600E-01
   2355.96  4.8228E-01  1.9291E+00
   2357.53  1.9761E-01  7.9044E-01
   2359.11  1.8246E-01  7.2984E-01
   2360.68  1.2478E-01  4.9913E-01
   2362.25  1.5064E-01  6.0257E-01
   2363.83  8.6775E-02  3.4710E-01
   2365.41  2.0477E-01  8.1909E-01
   2366.98  1.5072E-01  6.0288E-01
   2368.56  1.0166E-01  4.0663E-01
   2370.14  9.2089E-02  3.6836E-01
   2371.72  1.0715E-01  4.2860E-01
   2373.30  1.3940E-01  5.5762E-01
   2374.89  1.4795E-01  5.9181E-01
   2376.47  1.4518E-01  5.8072E-01
   2378.05  3.7056E-01  1.4822E+00
   2379.64  5.0205E-01  2.0082E+00
   2381.23  5.8261E-01  2.3304E+00
   2382.82  2.5115E-01  1.0046E+00
   2384.40  1.9636E+00  7.8545E+00
   2385.99  1.6056E-01  6.4225E-01
   2387.59  3.1993E-01  1.2797E+00
   2389.18  1.7121E-01  6.8486E-01
   2390.77  1.8755E-01  7.5018E-01
   2392.37  1.8983E-01  7.5933E-01
   2393.96  1.8048E-01  7.2191E-01
   2395.56  5.0593E-01  2.0237E+00
   2397.15  2.1533E-01  8.6131E-01
   2398.75  2.9043E+00  1.1617E+01
   2400.35  1.2720E+00  5.0878E+00
   2401.95  1.9044E-01  7.6174E-01
   2403.56  3.6559E-01  1.4624E+00
   2405.16  4.9468E-01  1.9787E+00
   2406.76  6.0523E-01  2.4209E+00
   2408.37  1.2115E+00  4.8458E+00
   2409.97  1.4029E+00  5.6115E+00
   2411.58  9.3529E-01  3.7411E+00
   2413.19  6.6983E-01  2.6793E+00
   2414.80  1.3645E-01  5.4580E-01
   2416.41  1.3441E-01  5.3766E-01
   2418.02  2.4093E-01  9.6373E-01
   2419.63  3.8582E-01  1.5433E+00
   2421.25  1.2779E-01  5.1115E-01
   2422.86  1.2639E-01  5.0556E-01
   2424.48  1.6215E-01  6.4860E-01
   2426.09  1.6719E-01  6.6877E-01
   2427.71  1.6926E-01  6.7705E-01
   2429.33  2.2449E-01  8.9797E-01
   2430.95  1.5003E+00  6.0013E+00
   2432.57  2.3561E+00  9.4243E+00
   2434.19  1.5928E-01  6.3712E-01
   2435.82  1.0819E+00  4.3276E+00
   2437.44  5.9544E-01  2.3818E+00
   2439.07  6.8910E-01  2.7564E+00
   2440.69  1.5531E+00  6.2125E+00
   2442.32  8.2109E-01  3.2843E+00
   2443.95  2.0203E-01  8.0813E-01
   2445.58  1.6996E+00  6.7986E+00
   2447.21  7.0677E-01  2.8271E+00
   2448.84  1.1766E+00  4.7063E+00
   2450.47  2.8506E+00  1.1402E+01
   2452.11  2.8496E-01  1.1398E+00
   2453.74  1.3591E+00  5.4363E+00
   2455.38  1.8507E+00  7.4027E+00
   2457.02  3.1807E-01  1.2723E+00
   2458.66  4.3507E-01  1.7403E+00
   2460.30  5.3142E-01  2.1257E+00
   2461.94  6.5442E-01  2.6177E+00
   2463.58  5.7040E-01  2.2816E+00
   2465.22  4.4347E-01  1.7739E+00
   2466.87  6.5570E-01  2.6228E+00
   2468.51  1.9956E+00  7.9822E+00
   2470.16  5.4730E-01  2.1892E+00
   2471.80  6.5409E-01  2.6164E+00
   2473.45  4.9153E-01  1.9661E+00
   2475.10  9.2905E-01  3.7162E+00
   2476.75  2.5625E+00  1.0250E+01
   2478.40  2.5739E+00  1.0296E+01
   2480.06  9.4399E-01  3.7760E+00
   2481.71  8.2265E-01  3.2906E+00
   2483.37  5.3886E-01  2.1554E+00
   2485.02  5.1451E-01  2.0580E+00
   2486.68  1.0244E+00  4.0976E+00
   2488.34  4.5486E-01  1.8194E+00
   2490.00  2.8337E-01  1.1335E+00
   2491.66  5.2813E-01  2.1125E+00
   2493.32  3.5431E-01  1.4172E+00
   2494.98  2.4799E-01  9.9197E-01
   2496.64  2.7803E-01  1.1121E+00
   2498.31  9.7941E-01  3.9176E+00
   2499.98  5.0479E-01  2.0191E+00
   2501.64  4.2876E-01  1.7150E+00
   2503.31  3.9463E-01  1.5785E+00
   2504.98  1.0981E+00  4.3925E+00
   2506.65  5.2111E-01  2.0844E+00
   2508.32  8.9769E-01  3.5908E+00
   2510.00  9.8889E-01  3.9556E+00
   2511.67  4.6594E-01  1.8638E+00
   2513.34  6.1735E-01  2.4694E+00
   2515.02  6.1575E-01  2.4630E+00
   2516.70  4.5536E+00  1.8214E+01
   2518.38  1.4156E+00  5.6624E+00
   2520.06  6.9705E-01  2.7882E+00
   2521.74  6.5586E-01  2.6234E+00
   2523.42  5.0128E-01  2.0051E+00
   2525.10  7.7920E-01  3.1168E+00
   2526.78  5.4551E+00  2.1820E+01
   2528.47  1.2403E+00  4.9611E+00
   2530.16  3.1108E+00  1.2443E+01
   2531.84  2.5461E+00  1.0184E+01
   2533.53  5.5361E+00  2.2144E+01
   2535.22  1.5434E+01  6.1734E+01
   2536.91  1.6219E+01  6.4875E+01
   2538.60  4.8214E+00  1.9286E+01
   2540.30  1.3613E+00  5.4452E+00
   2541.99  1.3262E+00  5.3050E+00
   2543.69  7.5862E+00  3.0345E+01
   2545.38  1.0176E+01  4.0706E+01
   2547.08  4.8972E+00  1.9589E+01
   2548.78  2.6634E+00  1.0654E+01
   2550.48  1.7039E+00  6.8157E+00
   2552.18  4.6717E+00  1.8687E+01
   2553.88  1.3297E+00  5.3189E+00
   2555.58  8.9675E+00  3.5870E+01
   2557.29  1.0690E+01  4.2761E+01
   2558.99  2.4679E+00  9.8718E+00
   2560.70  2.8382E+00  1.1353E+01
   2562.41  2.4591E+00  9.8364E+00
   2564.12  4.4198E+01  1.7679E+02
   2565.83  8.6271E+00  3.4508E+01
   2567.54  1.7740E+00  7.0959E+00
   2569.25  8.1292E-01  3.2517E+00
   2570.96  1.7963E+00  7.1850E+00
   2572.68  2.2258E+01  8.9030E+01
   2574.39  4.2268E+01  1.6907E+02
   2576.11  1.0175E+00  4.0699E+00
   2577.83  8.0991E-01  3.2396E+00
   2579.55  4.9738E+00  1.9895E+01
   2581.27  9.1086E-01  3.6434E+00
   2582.99  6.1132E+00  2.4453E+01
   2584.71  1.9230E+00  7.6919E+00
   2586.43  1.1588E+00  4.6350E+00
   2588.16  1.2530E+00  5.0122E+00
   2589.88  1.1109E+00  4.4436E+00
   2591.61  1.3177E+00  5.2709E+00
   2593.34  9.0762E-01  3.6305E+00
   2595.07  9.7765E-01  3.9106E+00
   2596.80  1.0194E+00  4.0775E+00
   2598.53  4.2661E+00  1.7064E+01
   2600.26  4.0445E+00  1.6178E+01
   2602.00  6.5162E+00  2.6065E+01
   2603.73  4.3480E+00  1.7392E+01
   2605.47  4.1524E+01  1.6610E+02
   2607.21  5.1235E+00  2.0494E+01
   2608.95  1.0193E+01  4.0774E+01
   2610.69  6.1636E+00  2.4655E+01
   2612.43  2.8363E+00  1.1345E+01
   2614.17  1.9188E+00  7.6753E+00
   2615.91  2.1118E+00  8.4472E+00
   2617.66  2.8908E+00  1.1563E+01
   2619.40  2.6361E+00  1.0545E+01
   2621.15  1.9729E+00  7.8916E+00
   2622.90  4.4860E+00  1.7944E+01
   2624.65  2.0296E+00  8.1183E+00
   2626.40  3.0332E+00  1.2133E+01
   2628.15  6.6971E+00  2.6788E+01
   2629.90  7.7750E+00  3.1100E+01
   2631.65  5.4424E+00  2.1770E+01
   2633.41  4.6021E+00  1.8408E+01
   2635.17  6.6939E+00  2.6776E+01
   2636.92  8.4963E+00  3.3985E+01
   2638.68  1.1081E+02  4.4323E+02
   2640.44  4.6122E+00  1.8449E+01
   2642.20  1.3530E+01  5.4121E+01
   2643.96  2.2966E+00  9.1864E+00
   2645.73  2.6494E+00  1.0598E+01
   2647.49  1.8543E+01  7.4172E+01
   2649.26  1.1795E+02  4.7181E+02
   2651.02  2.0460E+00  8.1840E+00
   2652.79  2.3350E+00  9.3399E+00
   2654.56  2.6650E+00  1.0660E+01
   2656.33  3.3259E+00  1.3304E+01
   2658.10  6.6633E+00  2.6653E+01
   2659.87  3.1056E+01  1.2422E+02
   2661.65  7.3606E+00  2.9443E+01
   2663.42  2.1685E+01  8.6741E+01
   2665.20  6.9246E+01  2.7698E+02
   2666.98  1.8206E+01  7.2824E+01
   2668.76  4.9840E+01  1.9936E+02
   2670.54  2.4874E+00  9.9495E+00
   2672.32  2.7522E+00  1.1009E+01
   2674.10  1.8057E+02  7.2228E+02
   2675.88  1.0318E+02  4.1273E+02
   2677.67  3.3326E+00  1.3331E+01
   2679.45  1.8598E+01  7.4391E+01
   2681.24  2.0080E+00  8.0319E+00
   2683.03  2.9435E+00  1.1774E+01
   2684.82  3.1745E+01  1.2698E+02
   2686.61  7.1797E+00  2.8719E+01
   2688.40  4.1575E+00  1.6630E+01
   2690.19  1.7031E+01  6.8124E+01
   2691.98  1.0166E+01  4.0663E+01
   2693.78  5.8123E+01  2.3249E+02
   2695.58  4.6545E+00  1.8618E+01
   2697.37  4.2695E+01  1.7078E+02
   2699.17  9.0842E+01  3.6337E+02
   2700.97  1.3818E+01  5.5272E+01
   2702.77  1.2358E+00  4.9432E+00
   2704.58  4.1605E+01  1.6642E+02
   2706.38  1.2177E+01  4.8706E+01
   2708.18  6.0002E+00  2.4001E+01
   2709.99  4.4120E+00  1.7648E+01
   2711.80  5.6413E+00  2.2565E+01
   2713.61  1.0189E+01  4.0755E+01
   2715.42  6.0490E+00  2.4196E+01
   2717.23  8.2244E+00  3.2897E+01
   2719.04  6.6779E+00  2.6711E+01
   2720.85  4.5013E+00  1.8005E+01
   2722.67  6.1494E+01  2.4598E+02
   2724.48  4.8872E+00  1.9549E+01
   2726.30  6.9313E+01  2.7725E+02
   2728.12  9.5105E+00  3.8042E+01
   2729.94  4.2876E+01  1.7150E+02
   2731.76  1.6101E+00  6.4404E+00
   2733.58  1.0009E+01  4.0037E+01
   2735.40  1.5744E+00  6.2975E+00
   2737.23  2.4046E+01  9.6182E+01
   2739.05  6.0467E+01  2.4187E+02
   2740.88  7.5286E+01  3.0114E+02
   2742.71  8.7329E+00  3.4931E+01
   2744.53  1.5051E+01  6.0204E+01
   2746.36  2.5833E+02  1.0333E+03
   2748.20  4.0193E+01  1.6077E+02
   2750.03  4.7139E+01  1.8855E+02
   2751.86  1.3523E+02  5.4092E+02
   2753.70  1.9764E+01  7.9055E+01
   2755.53  2.9823E+01  1.1929E+02
   2757.37  7.8276E+01  3.1310E+02
   2759.21  7.7375E+01  3.0950E+02
   2761.05  5.4198E+01  2.1679E+02
   2762.89  4.1038E+01  1.6415E+02
   2764.73  6.4094E+01  2.5637E+02
   2766.58  6.6916E+01  2.6767E+02
   2768.42  3.1181E+01  1.2473E+02
   2770.27  7.2555E+02  2.9022E+03
   2772.12  1.6103E+01  6.4411E+01
   2773.96  1.4004E+02  5.6015E+02
   2775.81  9.8847E+01  3.9539E+02
   2777.67  2.1765E+02  8.7062E+02
   2779.52  8.8216E+01  3.5286E+02
   2781.37  9.5742E+00  3.8297E+01
   2783.23  1.0892E+01  4.3569E+01
   2785.08  1.3210E+01  5.2839E+01
   2786.94  2.0099E+01  8.0396E+01
   2788.80  4.6577E+01  1.8631E+02
   2790.66  1.2015E+02  4.8059E+02
   2792.52  1.2720E+01  5.0882E+01
   2794.38  1.3498E+01  5.3993E+01
   2796.24  2.5175E+01  1.0070E+02
   2798.11  1.2387E+01  4.9548E+01
   2799.98  2.6381E+02  1.0552E+03
   2801.84  5.3449E+01  2.1380E+02
   2803.71  2.8787E+01  1.1515E+02
   2805.58  1.1530E+02  4.6121E+02
   2807.45  4.1239E+01  1.6496E+02
   2809.32  2.2367E+01  8.9470E+01
   2811.20  2.8123E+01  1.1249E+02
   2813.07  1.4915E+01  5.9658E+01
   2814.95  1.8390E+01  7.3559E+01
   2816.83  1.2825E+01  5.1299E+01
   2818.70  1.7406E+02  6.9624E+02
   2820.58  3.6172E+01  1.4469E+02
   2822.46  4.4925E+00  1.7970E+01
   2824.35  1.1465E+02  4.5860E+02
   2826.23  5.4169E+00  2.1668E+01
   2828.11  3.5892E+01  1.4357E+02
   2830.00  6.0033E+00  2.4013E+01
   2831.89  8.2189E+01  3.2876E+02
   2833.78  4.2869E+01  1.7148E+02
   2835.67  9.4586E+01  3.7834E+02
   2837.56  2.3009E+02  9.2036E+02
   2839.45  9.0276E+01  3.6111E+02
   2841.34  6.8654E+01  2.7462E+02
   2843.24  5.2984E+01  2.1194E+02
   2845.13  2.9099E+01  1.1639E+02
   2847.03  2.3945E+01  9.5780E+01
   2848.93  1.2371E+01  4.9484E+01
   2850.83  4.6091E+00  1.8436E+01
   2852.73  2.0227E+00  8.0907E+00
   2854.63  5.9032E+00  2.3613E+01
   2856.54  1.2424E+01  4.9697E+01
   2858.44  2.3527E+01  9.4107E+01
   2860.35  9.2553E+00  3.7021E+01
   2862.26  4.7326E+01  1.8930E+02
   2864.16  4.8020E+01  1.9208E+02
   2866.07  2.9792E+01  1.1917E+02
   2867.99  6.4227E+01  2.5691E+02
   2869.90  2.3179E+02  9.2715E+02
   2871.81  1.8567E+01  7.4269E+01
   2873.73  9.6132E+01  3.8453E+02
   2875.64  6.6728E+01  2.6691E+02
   2877.56  2.4065E+01  9.6259E+01
   2879.48  6.1350E+00  2.4540E+01
   2881.40  6.4103E+00  2.5641E+01
   2883.32  4.8257E+01  1.9303E+02
   2885.24  3.7779E+02  1.5111E+03
   2887.17  1.4271E+02  5.7086E+02
   2889.09  4.1051E+01  1.6420E+02
   2891.02  7.4765E+01  2.9906E+02
   2892.95  4.6073E+02  1.8429E+03
   2894.88  3.4973E+01  1.3989E+02
   2896.81  4.2684E+01  1.7073E+02
   2898.74  1.8179E+02  7.2717E+02
   2900.67  4.1779E+01  1.6712E+02
   2902.61  1.3913E+02  5.5651E+02
   2904.54  4.0198E+01  1.6079E+02
   2906.48  1.0322E+03  4.1287E+03
   2908.42  1.7328E+02  6.9311E+02
   2910.36  1.2119E+02  4.8476E+02
   2912.30  1.0870E+02  4.3481E+02
   2914.24  4.4924E+01  1.7969E+02
   2916.18  1.3041E+02  5.2165E+02
   2918.13  4.9137E+01  1.9655E+02
   2920.07  4.8364E+01  1.9345E+02
   2922.02  4.5027E+01  1.8011E+02
   2923.97  4.4868E+01  1.7947E+02
   2925.92  5.5515E+01  2.2206E+02
   2927.87  1.1745E+02  4.6980E+02
   2929.82  3.0236E+00  1.2094E+01
   2931.78  1.6453E+02  6.5813E+02
   2933.73  2.8641E+02  1.1456E+03
   2935.69  6.5435E+02  2.6174E+03
   2937.65  1.3065E+01  5.2261E+01
   2939.61  1.2248E+02  4.8991E+02
   2941.57  1.3765E+01  5.5058E+01
   2943.53  8.2247E+02  3.2899E+03
   2945.49  1.8253E+01  7.3012E+01
   2947.46  5.3353E+02  2.1341E+03
   2949.42  4.2597E+01  1.7039E+02
   2951.39  7.3954E+02  2.9582E+03
   2953.36  3.8549E+02  1.5419E+03
   2955.33  2.0794E+02  8.3178E+02
   2957.30  1.4387E+02  5.7547E+02
   2959.27  2.8141E+02  1.1257E+03
   2961.24  4.2148E+01  1.6859E+02
   2963.22  5.6224E+01  2.2490E+02
   2965.19  1.0713E+02  4.2854E+02
   2967.17  9.9856E+01  3.9942E+02
   2969.15  4.1640E+02  1.6656E+03
   2971.13  1.3629E+02  5.4514E+02
   2973.11  2.4122E+01  9.6487E+01
   2975.09  3.4336E+02  1.3734E+03
   2977.08  6.6115E+02  2.6446E+03
   2979.06  1.7150E+03  6.8602E+03
   2981.05  3.6284E+02  1.4514E+03
   2983.04  5.5732E+02  2.2293E+03
   2985.03  2.3070E+02  9.2280E+02
   2987.02  3.2927E+02  1.3171E+03
   2989.01  1.3852E+03  5.5409E+03
   2991.00  6.5436E+02  2.6174E+03
   2993.00  3.5445E+01  1.4178E+02
   2994.99  4.8718E+01  1.9487E+02
   2996.99  4.4266E+02  1.7707E+03
   2998.99  6.9787E+02  2.7915E+03
   3000.99  4.7983E+02  1.9193E+03
   3002.99  7.4576E+01  2.9830E+02
   3004.99  2.6226E+02  1.0491E+03
   3007.00  1.3171E+03  5.2683E+03
   3009.00  4.4745E+00  1.7898E+01
   3011.01  8.8300E+01  3.5320E+02
   3013.02  1.1258E+03  4.5031E+03
   3015.03  1.0437E+01  4.1746E+01
   3017.04  4.8294E+00  1.9317E+01
   3019.05  6.6228E+02  2.6491E+03
   3021.06  2.7401E+01  1.0960E+02
   3023.08  1.6612E+02  6.6448E+02
   3025.09  7.4045E+02  2.9618E+03
   3027.11  2.3487E+02  9.3949E+02
   3029.13  1.6762E+03  6.7048E+03
   3031.15  2.7036E+02  1.0814E+03
   3033.17  7.6010E+02  3.0404E+03
   3035.19  1.5556E+03  6.2225E+03
   3037.22  3.8732E+02  1.5493E+03
   3039.24  1.1552E+03  4.6207E+03
   3041.27  6.2973E+00  2.5189E+01
   3043.30  1.1244E+03  4.4977E+03
   3045.33  2.0611E+02  8.2445E+02
   3047.36  6.9418E+02  2.7767E+03
   3049.39  3.7582E+02  1.5033E+03
   3051.42  2.6283E+03  1.0513E+04
   3053.46  1.1679E+03  4.6715E+03
   3055.49  1.1703E+03  4.6814E+03
   3057.53  6.5706E+02  2.6282E+03
   3059.57  1.6871E+02  6.7483E+02
   3061.61  1.2181E+03  4.8726E+03
   3063.65  1.6909E+03  6.7634E+03
   3065.69  3.1430E+02  1.2572E+03
   3067.74  3.2466E+02  1.2986E+03
   3069.79  7.5051E+02  3.0020E+03
   3071.83  4.4895E+02  1.7958E+03
   3073.88  8.0515E+02  3.2206E+03
   3075.93  1.4684E+01  5.8738E+01
   3077.98  9.1927E+02  3.6771E+03
   3080.03  1.0304E+03  4.1215E+03
   3082.09  1.9973E+01  7.9893E+01
   3084.14  7.3224E+00  2.9290E+01
   3086.20  3.8007E+02  1.5203E+03
   3088.26  2.0304E+01  8.1215E+01
   3090.32  1.5110E+03  6.0440E+03
   3092.38  2.3303E+02  9.3212E+02
   3094.44  3.0452E+01  1.2181E+02
   3096.50  1.6208E+03  6.4831E+03
   3098.57  1.4320E+03  5.7281E+03
   3100.64  4.5058E+02  1.8023E+03
   3102.70  2.4499E+03  9.7995E+03
   3104.77  1.8465E+03  7.3860E+03
   3106.84  9.1101E+00  3.6440E+01
   3108.92  1.0037E+03  4.0149E+03
   3110.99  9.8109E+00  3.9243E+01
   3113.06  2.9424E+01  1.1769E+02
   3115.14  4.8266E+01  1.9306E+02
   3117.22  5.4271E+01  2.1708E+02
   3119.30  5.2009E+01  2.0804E+02
   3121.38  5.4531E+01  2.1812E+02
   3123.46  5.1797E+01  2.0719E+02
   3125.54  1.0629E+02  4.2516E+02
   3127.62  3.3913E+01  1.3565E+02
   3129.71  5.3356E+02  2.1342E+03
   3131.80  3.7277E+02  1.4911E+03
   3133.89  1.2148E+03  4.8593E+03
   3135.98  1.4259E+03  5.7035E+03
   3138.07  1.0185E+03  4.0739E+03
   3140.16  1.8590E+03  7.4360E+03
   3142.25  2.0004E+03  8.0016E+03
   3144.35  1.1588E+03  4.6351E+03
   3146.45  2.6179E+01  1.0472E+02
   3148.54  9.6007E+02  3.8403E+03
   3150.64  2.6550E+01  1.0620E+02
   3152.74  1.1280E+01  4.5120E+01
   3154.85  2.0475E+03  8.1900E+03
   3156.95  1.0275E+02  4.1100E+02
   3159.06  1.6755E+03  6.7019E+03
   3161.16  6.2862E+02  2.5145E+03
   3163.27  1.1495E+03  4.5981E+03
   3165.38  5.0645E+01  2.0258E+02
   3167.49  6.0771E+02  2.4308E+03
   3169.60  1.5214E+03  6.0854E+03
   3171.72  1.3944E+03  5.5774E+03
   3173.83  3.1430E+02  1.2572E+03
   3175.95  6.1914E+02  2.4766E+03
   3178.07  3.9565E+02  1.5826E+03
   3180.19  2.5730E+02  1.0292E+03
   3182.31  7.0649E+02  2.8259E+03
   3184.43  5.0877E+01  2.0351E+02
   3186.55  9.7771E+01  3.9108E+02
   3188.68  1.4912E+03  5.9648E+03
   3190.80  1.0524E+03  4.2096E+03
   3192.93  6.7381E+01  2.6952E+02
   3195.06  5.9679E+02  2.3872E+03
   3197.19  1.3083E+03  5.2332E+03
   3199.32  1.3903E+03  5.5612E+03
   3201.46  1.0821E+03  4.3282E+03
   3203.59  7.9884E+01  3.1954E+02
   3205.73  1.1272E+03  4.5089E+03
   3207.87  2.0470E+03  8.1879E+03
   3210.01  1.4244E+03  5.6975E+03
   3212.15  1.7601E+03  7.0402E+03
   3214.29  4.1768E+01  1.6707E+02
   3216.43  2.4852E+03  9.9409E+03
   3218.58  1.9863E+02  7.9453E+02
   3220.72  1.0069E+03  4.0274E+03
   3222.87  2.8506E+02  1.1402E+03
   3225.02  2.6190E+03  1.0476E+04
   3227.17  2.9022E+03  1.1609E+04
   3229.32  3.2020E+03  1.2808E+04
   3231.48  1.0042E+02  4.0170E+02
   3233.63  3.7094E+03  1.4838E+04
   3235.79  4.5336E+01  1.8134E+02
   3237.95  3.1044E+03  1.2417E+04
   3240.11  3.3462E+03  1.3385E+04
   3242.27  6.9074E+02  2.7630E+03
   3244.43  3.3159E+03  1.3264E+04
   3246.59  5.5342E+03  2.2137E+04
   3248.76  4.1087E+03  1.6435E+04
   3250.92  1.9099E+03  7.6396E+03
   3253.09  3.8236E+03  1.5294E+04
   3255.26  1.0624E+02  4.2496E+02
   3257.43  1.7434E+03  6.9736E+03
   3259.60  1.2460E+03  4.9840E+03
   3261.78  3.1801E+03  1.2720E+04
   3263.95  6.0637E+02  2.4255E+03
   3266.13  1.1149E+03  4.4596E+03
   3268.31  1.5138E+03  6.0554E+03
   3270.49  1.8383E+03  7.3532E+03
   3272.67  5.6015E+03  2.2406E+04
   3274.85  1.8764E+03  7.5058E+03
   3277.03  1.6609E+02  6.6435E+02
   3279.22  4.1888E+03  1.6755E+04
   3281.41  5.0576E+03  2.0230E+04
   3283.59  3.8439E+03  1.5376E+04
   3285.78  5.0301E+03  2.0121E+04
   3287.98  4.9733E+03  1.9893E+04
   3290.17  2.5212E+03  1.0085E+04
   3292.36  6.3971E+02  2.5588E+03
   3294.56  5.3156E+03  2.1262E+04
   3296.75  5.0155E+03  2.0062E+04
   3298.95  7.9553E+02  3.1821E+03
   3301.15  2.7921E+03  1.1168E+04
   3303.35  1.1109E+02  4.4438E+02
   3305.56  1.1122E+03  4.4487E+03
   3307.76  3.6343E+03  1.4537E+04
   3309.97  4.9221E+03  1.9689E+04
   3312.17  3.8480E+03  1.5392E+04
   3314.38  4.0507E+03  1.6203E+04
   3316.59  6.8306E+03  2.7322E+04
   3318.81  6.5602E+03  2.6241E+04
   3321.02  4.7159E+03  1.8864E+04
   3323.23  2.8167E+03  1.1267E+04
   3325.45  1.1403E+02  4.5613E+02
   3327.67  3.4756E+03  1.3903E+04
   3329.89  3.7497E+03  1.4999E+04
   3332.11  5.2488E+03  2.0995E+04
   3334.33  2.3261E+03  9.3044E+03
   3336.55  4.7559E+03  1.9024E+04
   3338.78  5.3830E+03  2.1532E+04
   3341.00  5.7172E+03  2.2869E+04
   3343.23  1.8326E+03  7.3306E+03
   3345.46  3.6336E+03  1.4534E+04
   3347.69  5.0019E+03  2.0008E+04
   3349.93  4.5542E+03  1.8217E+04
   3352.16  4.3521E+03  1.7408E+04
   3354.39  6.0565E+03  2.4226E+04
   3356.63  7.3380E+03  2.9352E+04
   3358.87  1.6146E+03  6.4585E+03
   3361.11  5.8930E+02  2.3572E+03
   3363.35  6.8899E+03  2.7560E+04
   3365.59  2.6790E+03  1.0716E+04
   3367.84  5.0153E+03  2.0061E+04
   3370.08  2.7708E+03  1.1083E+04
   3372.33  3.6396E+02  1.4558E+03
   3374.58  6.3054E+03  2.5222E+04
   3376.83  1.6564E+03  6.6255E+03
   3379.08  1.7434E+03  6.9736E+03
   3381.34  6.6808E+03  2.6723E+04
   3383.59  5.8459E+03  2.3384E+04
   3385.85  7.3944E+03  2.9578E+04
   3388.11  3.5972E+03  1.4389E+04
   3390.37  6.7107E+03  2.6843E+04
   3392.63  7.2251E+03  2.8900E+04
   3394.89  3.1903E+03  1.2761E+04
   3397.15  2.3434E+03  9.3737E+03
   3399.42  7.7373E+03  3.0949E+04
   3401.68  8.0740E+03  3.2296E+04
   3403.95  4.1278E+03  1.6511E+04
   3406.22  3.0853E+03  1.2341E+04
   3408.49  4.4709E+03  1.7884E+04
   3410.77  1.7701E+03  7.0806E+03
   3413.04  6.6937E+03  2.6775E+04
   3415.32  7.1028E+03  2.8411E+04
   3417.60  3.1124E+03  1.2450E+04
   3419.87  8.2592E+03  3.3037E+04
   3422.16  4.0951E+03  1.6380E+04
   3424.44  5.1003E+03  2.0401E+04
   3426.72  6.4967E+03  2.5987E+04
   3429.01  2.7369E+03  1.0948E+04
   3431.29  2.9490E+03  1.1796E+04
   3433.58  5.1076E+03  2.0431E+04
   3435.87  7.5895E+03  3.0358E+04
   3438.16  6.9532E+03  2.7813E+04
   3440.46  3.4689E+03  1.3876E+04
   3442.75  3.2089E+03  1.2836E+04
   3445.05  4.6342E+03  1.8537E+04
   3447.34  3.0492E+02  1.2197E+03
   3449.64  8.4863E+03  3.3945E+04
   3451.94  5.4412E+03  2.1765E+04
   3454.24  5.7396E+03  2.2958E+04
   3456.55  5.4840E+02  2.1936E+03
   3458.85  8.5961E+03  3.4384E+04
   3461.16  8.6959E+03  3.4784E+04
   3463.47  5.0788E+03  2.0315E+04
   3465.78  1.0606E+03  4.2425E+03
   3468.09  8.1104E+03  3.2442E+04
   3470.40  7.7943E+03  3.1177E+04
   3472.72  8.4208E+03  3.3683E+04
   3475.03  8.3231E+03  3.3293E+04
   3477.35  6.4624E+03  2.5850E+04
   3479.67  8.6951E+03  3.4780E+04
   3481.99  7.6582E+03  3.0633E+04
   3484.31  9.2200E+03  3.6880E+04
   3486.63  2.2205E+02  8.8822E+02
   3488.96  8.9863E+03  3.5945E+04
   3491.29  2.0471E+03  8.1886E+03
   3493.61  8.6808E+03  3.4723E+04
   3495.94  4.2113E+03  1.6845E+04
   3498.27  8.5518E+03  3.4207E+04
   3500.61  8.2322E+03  3.2929E+04
   3502.94  8.9896E+03  3.5959E+04
   3505.28  8.7094E+03  3.4838E+04
   3507.62  2.3196E+02  9.2785E+02
   3509.95  7.9202E+03  3.1681E+04
   3512.30  9.7050E+03  3.8820E+04
   3514.64  4.2262E+03  1.6905E+04
   3516.98  9.7266E+03  3.8906E+04
   3519.33  9.6635E+03  3.8654E+04
   3521.67  9.0873E+03  3.6349E+04
   3524.02  9.3299E+03  3.7320E+04
   3526.37  9.2355E+03  3.6942E+04
   3528.72  3.6640E+03  1.4656E+04
   3531.08  4.4654E+03  1.7862E+04
   3533.43  9.3854E+03  3.7542E+04
   3535.79  9.6841E+03  3.8737E+04
   3538.15  9.6167E+03  3.8467E+04
   3540.51  3.9518E+03  1.5807E+04
   3542.87  9.2961E+03  3.7184E+04
   3545.23  6.6935E+03  2.6774E+04
   3547.59  8.7306E+03  3.4922E+04
   3549.96  9.9982E+03  3.9993E+04
   3552.33  1.0106E+04  4.0426E+04
   3554.70  5.1526E+02  2.0610E+03
   3557.07  8.9001E+03  3.5600E+04
   3559.44  4.9332E+02  1.9733E+03
   3561.81  9.9369E+03  3.9748E+04
   3564.19  1.0004E+04  4.0018E+04
   3566.56  3.0252E+02  1.2101E+03
   3568.94  8.8296E+03  3.5319E+04
   3571.32  1.3030E+03  5.2120E+03
   3573.70  6.0712E+02  2.4285E+03
   3576.09  3.6628E+02  1.4651E+03
   3578.47  5.0946E+03  2.0378E+04
   3580.86  3.1024E+03  1.2410E+04
   3583.25  3.0585E+03  1.2234E+04
   3585.64  1.1699E+02  4.6798E+02
   3588.03  1.0949E+03  4.3798E+03
   3590.42  2.7312E+02  1.0925E+03
   3592.81  6.5315E+03  2.6126E+04
   3595.21  2.8338E+03  1.1335E+04
   3597.61  8.3108E+03  3.3243E+04
   3600.01  1.0225E+04  4.0901E+04
   3602.41  4.3910E+03  1.7564E+04
   3604.81  4.1099E+02  1.6440E+03
   3607.21  4.6914E+03  1.8765E+04
   3609.62  2.1850E+03  8.7401E+03
   3612.03  9.0206E+03  3.6083E+04
   3614.43  8.8335E+02  3.5334E+03
   3616.85  1.0122E+04  4.0490E+04
   3619.26  2.7723E+03  1.1089E+04
   3621.67  1.0771E+04  4.3083E+04
   3624.09  2.7089E+03  1.0836E+04
   3626.50  1.1669E+04  4.6674E+04
   3628.92  4.3835E+03  1.7534E+04
   3631.34  4.1024E+02  1.6410E+03
   3633.76  1.0268E+04  4.1072E+04
   3636.19  9.8538E+01  3.9415E+02
   3638.61  1.0517E+04  4.2068E+04
   3641.04  1.1176E+04  4.4703E+04
   3643.47  4.6714E+03  1.8685E+04
   3645.89  1.1677E+04  4.6706E+04
   3648.33  6.5113E+03  2.6045E+04
   3650.76  1.0072E+04  4.0289E+04
   3653.19  1.1164E+04  4.4654E+04
   3655.63  7.7415E+03  3.0966E+04
   3658.07  1.1795E+04  4.7179E+04
   3660.51  1.7868E+02  7.1471E+02
   3662.95  1.1927E+04  4.7706E+04
   3665.39  7.4476E+03  2.9790E+04
   3667.84  9.9814E+03  3.9926E+04
   3670.28  1.1043E+04  4.4172E+04
   3672.73  7.2305E+03  2.8922E+04
   3675.18  1.1827E+04  4.7307E+04
   3677.63  1.2044E+04  4.8176E+04
   3680.08  1.0365E+04  4.1462E+04
   3682.54  1.2113E+04  4.8452E+04
   3684.99  1.2074E+04  4.8295E+04
   3687.45  7.5430E+03  3.0172E+04
   3689.91  1.1473E+04  4.5892E+04
   3692.37  1.0948E+04  4.3793E+04
   3694.83  1.2452E+04  4.9809E+04
   3697.29  1.2519E+04  5.0076E+04
   3699.76  5.2632E+03  2.1053E+04
   3702.23  8.7764E+03  3.5106E+04
   3704.70  4.7820E+02  1.9128E+03
   3707.17  7.4735E+03  2.9894E+04
   3709.64  1.9593E+03  7.8372E+03
   3712.11  1.2432E+04  4.9730E+04
   3714.59  1.1606E+04  4.6422E+04
   3717.07  1.0786E+04  4.3145E+04
   3719.54  9.4790E+03  3.7916E+04
   3722.02  9.0485E+03  3.6194E+04
   3724.51  1.1620E+04  4.6482E+04
   3726.99  1.1785E+04  4.7142E+04
   3729.48  6.8092E+03  2.7237E+04
   3731.96  5.3212E+02  2.1285E+03
   3734.45  2.8078E+03  1.1231E+04
   3736.94  5.7621E+03  2.3049E+04
   3739.43  9.6797E+03  3.8719E+04
   3741.93  7.8110E+03  3.1244E+04
   3744.42  7.0014E+02  2.8006E+03
   3746.92  6.8338E+01  2.7335E+02
   3749.42  1.6796E+03  6.7183E+03
   3751.92  1.0252E+04  4.1008E+04
   3754.42  1.1868E+04  4.7472E+04
   3756.93  1.2817E+04  5.1268E+04
   3759.43  1.2877E+03  5.1509E+03
   3761.94  4.8836E+03  1.9534E+04
   3764.45  5.2450E+03  2.0980E+04
   3766.96  1.2299E+04  4.9196E+04
   3769.47  1.2842E+04  5.1368E+04
   3771.98  1.3785E+04  5.5141E+04
   3774.50  1.3485E+04  5.3940E+04
   3777.01  1.3666E+04  5.4663E+04
   3779.53  1.2185E+03  4.8740E+03
   3782.05  1.2543E+04  5.0174E+04
   3784.58  1.2037E+04  4.8150E+04
   3787.10  3.8291E+03  1.5316E+04
   3789.63  1.3237E+04  5.2947E+04
   3792.15  1.1831E+04  4.7326E+04
   3794.68  2.6537E+03  1.0615E+04
   3797.21  1.1319E+04  4.5275E+04
   3799.74  7.5328E+03  3.0131E+04
   3802.28  1.2285E+04  4.9140E+04
   3804.81  2.0310E+03  8.1242E+03
   3807.35  1.1140E+04  4.4561E+04
   3809.89  9.5802E+03  3.8321E+04
   3812.43  2.4566E+03  9.8262E+03
   3814.97  1.8169E+03  7.2677E+03
   3817.52  9.9654E+03  3.9862E+04
   3820.06  7.8879E+03  3.1551E+04
   3822.61  4.4848E+03  1.7939E+04
   3825.16  7.7529E+03  3.1012E+04
   3827.71  6.9190E+03  2.7676E+04
   3830.26  6.1352E+03  2.4541E+04
   3832.82  7.6273E+03  3.0509E+04
   3835.37  9.4249E+02  3.7699E+03
   3837.93  4.7059E+03  1.8824E+04
   3840.49  1.1599E+04  4.6398E+04
   3843.05  5.7433E+03  2.2973E+04
   3845.61  1.5040E+04  6.0160E+04
   3848.18  1.2151E+04  4.8605E+04
   3850.75  7.2950E+03  2.9180E+04
   3853.31  6.0042E+03  2.4017E+04
   3855.88  6.7677E+03  2.7071E+04
   3858.45  1.3211E+04  5.2845E+04
   3861.03  3.8807E+02  1.5523E+03
   3863.60  1.1684E+04  4.6735E+04
   3866.18  7.6116E+03  3.0447E+04
   3868.76  2.9364E+03  1.1746E+04
   3871.34  8.5812E+03  3.4325E+04
   3873.92  1.0009E+04  4.0037E+04
   3876.50  4.7354E+03  1.8941E+04
   3879.09  2.1683E+02  8.6732E+02
   3881.67  4.9183E+03  1.9673E+04
   3884.26  5.6474E+03  2.2590E+04
   3886.85  1.1198E+04  4.4793E+04
   3889.44  3.6350E+03  1.4540E+04
   3892.04  1.2674E+04  5.0695E+04
   3894.63  9.8249E+03  3.9300E+04
   3897.23  5.1621E+03  2.0649E+04
   3899.83  1.4928E+04  5.9713E+04
   3902.43  1.5567E+04  6.2268E+04
   3905.03  1.4661E+04  5.8643E+04
   3907.64  1.0891E+04  4.3563E+04
   3910.24  3.3366E+03  1.3346E+04
   3912.85  1.1293E+04  4.5173E+04
   3915.46  7.9624E+03  3.1850E+04
   3918.07  1.3522E+04  5.4088E+04
   3920.68  1.6154E+04  6.4614E+04
   3923.30  1.5084E+04  6.0337E+04
   3925.91  1.2222E+04  4.8887E+04
   3928.53  1.3664E+04  5.4655E+04
   3931.15  9.0689E+03  3.6275E+04
   3933.77  1.5311E+04  6.1243E+04
   3936.40  4.5420E+03  1.8168E+04
   3939.02  8.2038E+03  3.2815E+04
   3941.65  1.0245E+04  4.0980E+04
   3944.28  7.1961E+03  2.8784E+04
   3946.91  1.1012E+04  4.4047E+04
   3949.54  6.3284E+03  2.5314E+04
   3952.17  1.0705E+04  4.2819E+04
   3954.81  1.4083E+04  5.6331E+04
   3957.45  1.0164E+03  4.0657E+03
   3960.09  1.2942E+04  5.1769E+04
   3962.73  4.0165E+02  1.6066E+03
   3965.37  8.8799E+02  3.5520E+03
   3968.01  1.4708E+04  5.8833E+04
   3970.66  5.3128E+03  2.1251E+04
   3973.31  1.5317E+04  6.1270E+04
   3975.96  3.6273E+03  1.4509E+04
   3978.61  1.5405E+04  6.1621E+04
   3981.26  5.7834E+03  2.3133E+04
   3983.92  7.4340E+03  2.9736E+04
   3986.57  1.1930E+04  4.7718E+04
   3989.23  1.4887E+04  5.9549E+04
   3991.89  1.1419E+04  4.5678E+04
   3994.55  1.7677E+04  7.0709E+04
   3997.22  1.7477E+04  6.9906E+04
   3999.88  5.4998E+03  2.1999E+04
   4002.55  8.4995E+03  3.3998E+04
   4005.22  1.5873E+04  6.3492E+04
   4007.89  1.4914E+04  5.9657E+04
   4010.56  1.5867E+04  6.3469E+04
   4013.24  9.7238E+03  3.8895E+04
   4015.92  1.4656E+04  5.8623E+04
   4018.59  1.4370E+04  5.7481E+04
   4021.27  1.7888E+04  7.1552E+04
   4023.95  1.8265E+04  7.3062E+04
   4026.64  1.8410E+04  7.3639E+04
   4029.32  1.7021E+04  6.8084E+04
   4032.01  1.8256E+04  7.3023E+04
   4034.70  1.6944E+04  6.7776E+04
   4037.39  1.8484E+04  7.3937E+04
   4040.08  1.4658E+04  5.8631E+04
   4042.78  1.7334E+04  6.9335E+04
   4045.47  1.5576E+04  6.2306E+04
   4048.17  1.5429E+04  6.1714E+04
   4050.87  3.8969E+03  1.5588E+04
   4053.57  6.4050E+03  2.5620E+04
   4056.27  1.7858E+04  7.1431E+04
   4058.98  1.2949E+04  5.1794E+04
   4061.69  1.7288E+04  6.9154E+04
   4064.39  7.3184E+03  2.9274E+04
   4067.11  8.8862E+03  3.5545E+04
   4069.82  4.0578E+03  1.6231E+04
   4072.53  7.5440E+03  3.0176E+04
   4075.25  1.6243E+04  6.4974E+04
   4077.97  2.6163E+03  1.0465E+04
   4080.68  1.7676E+04  7.0704E+04
   4083.41  1.7998E+04  7.1993E+04
   4086.13  1.4101E+04  5.6403E+04
   4088.85  1.1913E+04  4.7653E+04
   4091.58  3.2264E+03  1.2906E+04
   4094.31  1.9308E+04  7.7231E+04
   4097.04  2.0493E+03  8.1972E+03
   4099.77  1.2881E+04  5.1524E+04
   4102.51  9.0209E+03  3.6084E+04
   4105.24  6.3099E+03  2.5240E+04
   4107.98  1.6359E+04  6.5436E+04
   4110.72  5.1259E+03  2.0504E+04
   4113.46  5.4955E+03  2.1982E+04
   4116.20  1.8053E+03  7.2210E+03
   4118.95  4.4461E+03  1.7784E+04
   4121.69  8.2720E+03  3.3088E+04
   4124.44  1.3973E+04  5.5891E+04
   4127.19  1.3155E+04  5.2620E+04
   4129.95  2.3913E+03  9.5651E+03
   4132.70  1.7932E+04  7.1730E+04
   4135.46  7.0152E+02  2.8061E+03
   4138.21  1.1805E+04  4.7218E+04
   4140.97  1.2725E+04  5.0899E+04
   4143.74  1.1613E+03  4.6452E+03
   4146.50  1.3502E+04  5.4007E+04
   4149.26  8.0906E+03  3.2362E+04
   4152.03  1.2420E+04  4.9682E+04
   4154.80  1.4481E+04  5.7923E+04
   4157.57  4.3700E+03  1.7480E+04
   4160.34  1.6022E+04  6.4089E+04
   4163.12  8.1190E+03  3.2476E+04
   4165.89  5.0079E+03  2.0032E+04
   4168.67  2.9367E+03  1.1747E+04
   4171.45  1.8219E+04  7.2875E+04
   4174.23  8.7272E+03  3.4909E+04
   4177.02  1.8041E+04  7.2163E+04
   4179.80  1.7302E+04  6.9209E+04
   4182.59  8.1747E+03  3.2699E+04
   4185.38  9.2141E+03  3.6856E+04
   4188.17  9.0924E+02  3.6370E+03
   4190.96  8.9702E+02  3.5881E+03
   4193.76  1.8536E+04  7.4143E+04
   4196.55  1.5311E+04  6.1244E+04
   4199.35  2.0107E+03  8.0427E+03
   4202.15  1.4028E+04  5.6111E+04
   4204.96  1.6902E+04  6.7606E+04
   4207.76  1.5996E+04  6.3986E+04
   4210.57  1.6134E+04  6.4537E+04
   4213.37  1.5803E+04  6.3212E+04
   4216.18  1.0786E+04  4.3144E+04
   4219.00  8.2693E+03  3.3077E+04
   4221.81  5.7493E+03  2.2997E+04
   4224.62  2.7910E+03  1.1164E+04
   4227.44  3.8835E+02  1.5534E+03
   4230.26  1.7358E+03  6.9433E+03
   4233.08  7.1197E+03  2.8479E+04
   4235.90  3.7901E+03  1.5160E+04
   4238.73  1.0424E+04  4.1697E+04
   4241.56  3.1037E+03  1.2415E+04
   4244.38  1.3078E+04  5.2312E+04
   4247.21  5.3141E+03  2.1256E+04
   4250.05  1.9484E+04  7.7937E+04
   4252.88  6.8790E+03  2.7516E+04
   4255.72  4.9546E+03  1.9819E+04
   4258.56  1.6770E+04  6.7080E+04
   4261.40  1.7363E+03  6.9450E+03
   4264.24  3.8721E+03  1.5488E+04
   4267.08  1.2142E+04  4.8568E+04
   4269.93  1.1898E+04  4.7592E+04
   4272.77  5.4922E+03  2.1969E+04
   4275.62  8.3657E+03  3.3463E+04
   4278.47  1.8848E+03  7.5391E+03
   4281.33  8.6128E+03  3.4451E+04
   4284.18  9.7906E+02  3.9162E+03
   4287.04  1.6903E+04  6.7612E+04
   4289.90  1.2824E+04  5.1297E+04
   4292.76  1.9447E+04  7.7790E+04
   4295.62  1.8964E+04  7.5855E+04
   4298.49  1.7690E+04  7.0759E+04
   4301.35  1.3587E+04  5.4346E+04
   4304.22  1.6273E+04  6.5091E+04
   4307.09  3.8863E+03  1.5545E+04
   4309.96  1.5155E+04  6.0619E+04
   4312.84  1.4964E+04  5.9854E+04
   4315.71  1.6318E+04  6.5271E+04
   4318.59  9.3600E+03  3.7440E+04
   4321.47  1.2855E+03  5.1419E+03
   4324.35  1.4224E+04  5.6895E+04
   4327.24  1.1534E+04  4.6135E+04
   4330.12  1.9595E+04  7.8379E+04
   4333.01  1.1886E+04  4.7545E+04
   4335.90  1.9544E+04  7.8175E+04
   4338.79  1.1157E+04  4.4630E+04
   4341.69  1.3823E+04  5.5292E+04
   4344.58  1.3615E+04  5.4460E+04
   4347.48  1.1215E+04  4.4861E+04
   4350.38  1.8371E+04  7.3484E+04
   4353.28  1.5474E+04  6.1897E+04
   4356.18  4.4397E+03  1.7759E+04
   4359.09  1.4960E+04  5.9840E+04
   4361.99  2.9710E+03  1.1884E+04
   4364.90  1.5459E+04  6.1837E+04
   4367.81  1.4263E+04  5.7053E+04
   4370.73  1.5921E+03  6.3684E+03
   4373.64  1.9939E+04  7.9757E+04
   4376.56  1.0210E+04  4.0839E+04
   4379.48  6.3925E+03  2.5570E+04
   4382.40  1.7268E+04  6.9072E+04
   4385.32  3.9635E+03  1.5854E+04
   4388.24  1.6676E+04  6.6705E+04
   4391.17  5.6912E+02  2.2765E+03
   4394.10  8.1179E+03  3.2472E+04
   4397.03  1.4492E+04  5.7967E+04
   4399.96  5.3487E+03  2.1395E+04
   4402.89  1.0995E+04  4.3979E+04
   4405.83  4.4568E+03  1.7827E+04
   4408.77  5.1997E+02  2.0799E+03
   4411.71  1.9625E+04  7.8500E+04
   4414.65  1.9084E+04  7.6335E+04
   4417.60  3.1232E+03  1.2493E+04
   4420.54  2.0980E+04  8.3919E+04
   4423.49  1.7185E+04  6.8740E+04
   4426.44  1.3843E+04  5.5374E+04
   4429.39  1.7760E+04  7.1038E+04
   4432.34  1.6659E+04  6.6634E+04
   4435.30  1.4801E+04  5.9203E+04
   4438.26  1.8491E+04  7.3965E+04
   4441.22  1.4562E+04  5.8248E+04
   4444.18  1.6440E+04  6.5761E+04
   4447.14  1.7040E+04  6.8159E+04
   4450.11  1.4204E+04  5.6816E+04
   4453.08  1.6191E+04  6.4766E+04
   4456.05  5.5890E+03  2.2356E+04
   4459.02  1.9278E+04  7.7112E+04
   4461.99  1.8611E+04  7.4445E+04
   4464.97  1.5132E+04  6.0527E+04
   4467.94  6.4229E+03  2.5692E+04
   4470.92  8.0384E+03  3.2154E+04
   4473.91  1.0577E+04  4.2306E+04
   4476.89  9.3677E+03  3.7471E+04
   4479.87  1.7624E+04  7.0495E+04
   4482.86  1.5883E+04  6.3531E+04
   4485.85  1.3716E+04  5.4865E+04
   4488.84  1.1486E+04  4.5942E+04
   4491.84  1.5171E+04  6.0683E+04
   4494.83  7.1341E+03  2.8537E+04
   4497.83  6.7210E+03  2.6884E+04
   4500.83  1.1757E+04  4.7029E+04
   4503.83  1.7038E+04  6.8154E+04
   4506.83  1.5848E+04  6.3394E+04
   4509.84  6.8146E+03  2.7258E+04
   4512.85  1.1455E+04  4.5819E+04
   4515.86  1.4808E+04  5.9233E+04
   4518.87  7.3491E+03  2.9396E+04
   4521.88  1.4563E+04  5.8251E+04
   4524.90  1.3643E+04  5.4573E+04
   4527.91  1.6530E+04  6.6119E+04
   4530.93  1.4085E+04  5.6338E+04
   4533.95  1.5665E+04  6.2661E+04
   4536.98  1.1060E+04  4.4239E+04
   4540.00  1.2909E+04  5.1635E+04
   4543.03  6.5413E+03  2.6165E+04
   4546.06  1.3591E+04  5.4364E+04
   4549.09  9.6355E+03  3.8542E+04
   4552.13  1.4640E+04  5.8561E+04
   4555.16  1.2005E+04  4.8018E+04
   4558.20  9.7870E+03  3.9148E+04
   4561.24  1.9328E+04  7.7314E+04
   4564.28  1.2591E+04  5.0363E+04
   4567.32  7.4976E+03  2.9991E+04
   4570.37  1.4984E+04  5.9937E+04
   4573.42  2.0448E+04  8.1790E+04
   4576.47  1.4421E+04  5.7682E+04
   4579.52  1.3509E+04  5.4036E+04
   4582.57  1.4224E+03  5.6895E+03
   4585.63  5.5852E+03  2.2341E+04
   4588.69  1.3307E+04  5.3230E+04
   4591.75  1.3943E+04  5.5772E+04
   4594.81  9.6426E+03  3.8571E+04
   4597.87  8.5460E+03  3.4184E+04
   4600.94  1.4224E+04  5.6896E+04
   4604.01  1.1094E+04  4.4376E+04
   4607.08  1.2930E+04  5.1720E+04
   4610.15  1.0250E+04  4.1000E+04
   4613.23  2.1177E+04  8.4708E+04
   4616.30  2.2550E+04  9.0200E+04
   4619.38  1.2528E+04  5.0110E+04
   4622.46  9.8381E+03  3.9352E+04
   4625.54  7.5569E+03  3.0228E+04
   4628.63  1.1619E+04  4.6476E+04
   4631.71  8.9363E+03  3.5745E+04
   4634.80  7.6377E+03  3.0551E+04
   4637.89  6.4474E+03  2.5790E+04
   4640.99  6.9759E+03  2.7904E+04
   4644.08  6.8311E+03  2.7324E+04
   4647.18  5.8525E+03  2.3410E+04
   4650.28  6.7818E+03  2.7127E+04
   4653.38  5.8369E+02  2.3347E+03
   4656.48  9.9875E+03  3.9950E+04
   4659.59  1.0028E+04  4.0112E+04
   4662.70  4.7810E+03  1.9124E+04
   4665.80  6.5724E+03  2.6290E+04
   4668.92  9.4559E+03  3.7824E+04
   4672.03  1.0916E+04  4.3663E+04
   4675.15  1.4370E+04  5.7479E+04
   4678.26  8.2543E+03  3.3017E+04
   4681.38  9.1160E+03  3.6464E+04
   4684.50  6.1010E+03  2.4404E+04
   4687.63  1.4065E+04  5.6261E+04
   4690.75  4.7151E+03  1.8861E+04
   4693.88  4.9290E+03  1.9716E+04
   4697.01  1.5412E+04  6.1648E+04
   4700.15  8.9957E+03  3.5983E+04
   4703.28  9.5637E+03  3.8255E+04
   4706.42  1.2464E+04  4.9855E+04
   4709.55  1.7057E+04  6.8229E+04
   4712.70  9.5250E+03  3.8100E+04
   4715.84  1.5052E+04  6.0208E+04
   4718.98  1.2858E+04  5.1430E+04
   4722.13  7.0023E+03  2.8009E+04
   4725.28  4.8927E+03  1.9571E+04
   4728.43  6.0810E+03  2.4324E+04
   4731.58  1.6311E+04  6.5245E+04
   4734.74  8.1600E+03  3.2640E+04
   4737.90  1.6246E+04  6.4985E+04
   4741.06  1.7813E+04  7.1254E+04
   4744.22  6.2744E+03  2.5098E+04
   4747.38  8.7971E+03  3.5188E+04
   4750.55  1.4249E+04  5.6997E+04
   4753.71  1.4156E+04  5.6624E+04
   4756.88  3.3412E+03  1.3365E+04
   4760.06  9.8399E+03  3.9359E+04
   4763.23  4.3800E+03  1.7520E+04
   4766.41  8.2689E+03  3.3076E+04
   4769.59  3.5787E+03  1.4315E+04
   4772.77  4.8080E+03  1.9232E+04
   4775.95  4.3690E+03  1.7476E+04
   4779.13  3.0227E+03  1.2091E+04
   4782.32  3.3542E+03  1.3417E+04
   4785.51  8.2632E+03  3.3053E+04
   4788.70  2.8805E+03  1.1522E+04
   4791.90  2.7249E+03  1.0899E+04
   4795.09  8.1596E+03  3.2638E+04
   4798.29  3.0425E+03  1.2170E+04
   4801.49  2.8410E+03  1.1364E+04
   4804.69  3.0515E+03  1.2206E+04
   4807.89  5.5860E+03  2.2344E+04
   4811.10  4.5628E+03  1.8251E+04
   4814.31  4.8375E+03  1.9350E+04
   4817.52  7.3114E+03  2.9245E+04
   4820.73  4.7087E+03  1.8835E+04
   4823.95  4.9748E+03  1.9899E+04
   4827.16  6.8698E+03  2.7479E+04
   4830.38  7.5141E+03  3.0057E+04
   4833.60  4.1162E+03  1.6465E+04
   4836.83  4.2468E+03  1.6987E+04
   4840.05  1.7513E+04  7.0052E+04
   4843.28  6.7682E+03  2.7073E+04
   4846.51  1.8096E+04  7.2385E+04
   4849.74  4.4209E+03  1.7684E+04
   4852.98  6.8211E+03  2.7284E+04
   4856.21  7.8377E+03  3.1351E+04
   4859.45  7.4497E+03  2.9799E+04
   4862.69  9.1355E+03  3.6542E+04
   4865.94  6.0125E+03  2.4050E+04
   4869.18  1.6955E+04  6.7820E+04
   4872.43  1.1554E+04  4.6216E+04
   4875.68  4.5560E+03  1.8224E+04
   4878.93  1.0869E+04  4.3476E+04
   4882.18  5.4899E+03  2.1960E+04
   4885.44  1.1743E+04  4.6971E+04
   4888.70  1.0294E+04  4.1177E+04
   4891.96  7.6140E+03  3.0456E+04
   4895.22  1.2245E+04  4.8981E+04
   4898.48  1.3549E+04  5.4195E+04
   4901.75  6.0010E+03  2.4004E+04
   4905.02  9.3146E+03  3.7258E+04
   4908.29  1.6736E+04  6.6944E+04
   4911.56  1.7266E+04  6.9065E+04
   4914.84  1.8486E+04  7.3942E+04
   4918.11  9.8299E+03  3.9319E+04
   4921.39  1.0703E+04  4.2811E+04
   4924.68  2.6915E+04  1.0766E+05
   4927.96  1.5345E+04  6.1382E+04
   4931.25  1.7149E+04  6.8594E+04
   4934.53  2.1489E+04  8.5958E+04
   4937.83  1.2491E+04  4.9962E+04
   4941.12  2.1206E+04  8.4826E+04
   4944.41  1.7458E+04  6.9832E+04
   4947.71  1.1253E+04  4.5010E+04
   4951.01  2.0979E+04  8.3915E+04
   4954.31  2.9116E+04  1.1647E+05
   4957.62  1.3651E+04  5.4603E+04
   4960.92  4.3308E+03  1.7323E+04
   4964.23  4.7732E+03  1.9093E+04
   4967.54  4.5644E+03  1.8258E+04
   4970.85  2.4312E+03  9.7249E+03
   4974.17  1.0799E+04  4.3196E+04
   4977.49  1.0036E+04  4.0144E+04
   4980.80  4.3384E+03  1.7354E+04
   4984.13  5.7325E+03  2.2930E+04
   4987.45  4.8403E+03  1.9361E+04
   4990.78  6.9281E+03  2.7712E+04
   4994.10  4.4093E+03  1.7637E+04
   4997.43  8.6788E+03  3.4715E+04
   5000.77  2.2376E+03  8.9505E+03
   5004.10  4.8370E+03  1.9348E+04
   5007.44  3.4427E+03  1.3771E+04
   5010.78  2.5579E+03  1.0231E+04
   5014.12  7.3258E+03  2.9303E+04
   5017.46  1.2996E+03  5.1985E+03
   5020.81  7.8893E+03  3.1557E+04
   5024.16  1.3912E+03  5.5649E+03
   5027.51  8.5063E+03  3.4025E+04
   5030.86  1.2155E+04  4.8620E+04
   5034.22  4.8362E+03  1.9345E+04
   5037.57  1.6285E+04  6.5141E+04
   5040.93  1.2988E+04  5.1953E+04
   5044.29  1.1921E+04  4.7683E+04
   5047.66  4.3380E+03  1.7352E+04
   5051.02  3.0904E+03  1.2362E+04
   5054.39  2.4269E+03  9.7076E+03
   5057.76  2.3122E+03  9.2488E+03
   5061.14  3.4614E+03  1.3846E+04
   5064.51  1.4646E+04  5.8584E+04
   5067.89  1.1440E+04  4.5759E+04
   5071.27  2.2039E+03  8.8156E+03
   5074.65  2.8463E+03  1.1385E+04
   5078.03  4.0496E+03  1.6199E+04
   5081.42  5.3420E+03  2.1368E+04
   5084.81  1.1958E+04  4.7831E+04
   5088.20  1.8232E+04  7.2929E+04
   5091.59  2.7159E+03  1.0864E+04
   5094.99  1.6314E+04  6.5254E+04
   5098.39  6.1811E+03  2.4724E+04
   5101.79  2.5506E+03  1.0203E+04
   5105.19  3.1710E+03  1.2684E+04
   5108.59  3.6971E+03  1.4788E+04
   5112.00  2.3634E+04  9.4537E+04
   5115.41  5.3944E+03  2.1578E+04
   5118.82  6.4025E+03  2.5610E+04
   5122.23  8.0579E+03  3.2232E+04
   5125.65  2.1452E+03  8.5808E+03
   5129.07  4.9838E+03  1.9935E+04
   5132.49  4.9584E+03  1.9834E+04
   5135.91  2.4171E+03  9.6683E+03
   5139.34  5.2773E+03  2.1109E+04
   5142.76  4.8155E+03  1.9262E+04
   5146.19  4.0819E+03  1.6328E+04
   5149.62  2.3117E+03  9.2469E+03
   5153.06  3.3170E+03  1.3268E+04
   5156.49  3.4863E+03  1.3945E+04
   5159.93  2.4668E+03  9.8671E+03
   5163.37  2.4052E+04  9.6206E+04
   5166.82  2.0787E+03  8.3149E+03
   5170.26  1.8113E+03  7.2452E+03
   5173.71  3.0705E+03  1.2282E+04
   5177.16  3.4947E+03  1.3979E+04
   5180.61  7.0262E+03  2.8105E+04
   5184.07  5.2240E+03  2.0896E+04
   5187.53  6.0348E+03  2.4139E+04
   5190.98  3.4184E+03  1.3674E+04
   5194.45  4.2468E+03  1.6987E+04
   5197.91  3.3850E+03  1.3540E+04
   5201.38  8.4656E+03  3.3862E+04
   5204.85  7.8861E+03  3.1544E+04
   5208.32  3.1470E+03  1.2588E+04
   5211.79  2.2282E+03  8.9129E+03
   5215.27  1.7916E+04  7.1665E+04
   5218.74  4.4806E+03  1.7923E+04
   5222.22  9.2309E+03  3.6924E+04
   5225.71  1.3288E+04  5.3150E+04
   5229.19  8.3403E+03  3.3361E+04
   5232.68  9.2972E+03  3.7189E+04
   5236.17  2.1704E+04  8.6814E+04
   5239.66  8.0642E+03  3.2257E+04
   5243.15  6.4997E+03  2.5999E+04
   5246.65  9.8640E+03  3.9456E+04
   5250.15  1.0681E+04  4.2724E+04
   5253.65  1.5642E+04  6.2568E+04
   5257.15  8.0708E+03  3.2283E+04
   5260.66  2.5684E+04  1.0274E+05
   5264.17  2.6632E+04  1.0653E+05
   5267.68  2.3253E+04  9.3010E+04
   5271.19  1.1532E+04  4.6128E+04
   5274.71  9.4129E+03  3.7651E+04
   5278.22  1.0686E+04  4.2745E+04
   5281.74  8.7286E+03  3.4914E+04
   5285.27  1.5913E+04  6.3652E+04
   5288.79  2.0342E+04  8.1368E+04
   5292.32  6.9971E+03  2.7988E+04
   5295.85  1.6890E+04  6.7559E+04
   5299.38  5.7257E+03  2.2903E+04
   5302.91  1.7448E+04  6.9792E+04
   5306.45  2.3252E+04  9.3010E+04
   5309.99  8.5561E+03  3.4224E+04
   5313.53  1.7965E+04  7.1861E+04
   5317.07  1.1066E+04  4.4266E+04
   5320.62  8.1170E+03  3.2468E+04
   5324.16  1.1395E+04  4.5581E+04
   5327.72  2.1265E+04  8.5058E+04
   5331.27  1.4342E+04  5.7368E+04
   5334.82  2.0316E+04  8.1262E+04
   5338.38  1.6418E+04  6.5673E+04
   5341.94  1.4139E+04  5.6557E+04
   5345.50  1.1923E+04  4.7690E+04
   5349.07  2.6676E+04  1.0670E+05
   5352.64  2.1322E+04  8.5289E+04
   5356.20  7.8945E+03  3.1578E+04
   5359.78  2.0740E+04  8.2962E+04
   5363.35  1.9959E+04  7.9835E+04
   5366.93  1.1574E+04  4.6296E+04
   5370.51  1.1484E+04  4.5936E+04
   5374.09  1.9469E+04  7.7875E+04
   5377.67  1.1581E+04  4.6322E+04
   5381.26  1.9180E+04  7.6719E+04
   5384.85  1.0492E+04  4.1968E+04
   5388.44  1.1284E+04  4.5134E+04
   5392.03  2.2144E+04  8.8577E+04
   5395.63  1.2728E+04  5.0914E+04
   5399.22  1.2500E+04  5.0001E+04
   5402.83  7.5330E+03  3.0132E+04
   5406.43  2.0166E+04  8.0665E+04
   5410.03  2.1359E+04  8.5437E+04
   5413.64  7.8511E+03  3.1404E+04
   5417.25  1.4505E+04  5.8021E+04
   5420.86  2.1233E+04  8.4934E+04
   5424.48  2.0372E+04  8.1488E+04
   5428.10  2.0808E+04  8.3232E+04
   5431.72  1.4594E+04  5.8376E+04
   5435.34  1.6395E+04  6.5581E+04
   5438.96  1.6689E+04  6.6755E+04
   5442.59  1.7884E+04  7.1538E+04
   5446.22  7.8866E+03  3.1546E+04
   5449.85  8.6261E+03  3.4504E+04
   5453.49  9.8391E+03  3.9356E+04
   5457.12  1.1121E+04  4.4483E+04
   5460.76  8.4852E+03  3.3941E+04
   5464.40  8.0250E+03  3.2100E+04
   5468.05  7.5562E+03  3.0225E+04
   5471.69  7.9829E+03  3.1931E+04
   5475.34  8.9646E+03  3.5858E+04
   5478.99  1.6842E+04  6.7369E+04
   5482.65  8.1729E+03  3.2692E+04
   5486.30  7.9196E+03  3.1678E+04
   5489.96  7.3665E+03  2.9466E+04
   5493.62  9.7423E+03  3.8969E+04
   5497.29  7.6438E+03  3.0575E+04
   5500.95  1.1812E+04  4.7248E+04
   5504.62  5.6526E+03  2.2610E+04
   5508.29  1.0634E+04  4.2536E+04
   5511.97  1.4871E+04  5.9482E+04
   5515.64  1.2312E+04  4.9246E+04
   5519.32  2.1714E+04  8.6856E+04
   5523.00  1.3084E+04  5.2335E+04
   5526.68  6.1093E+03  2.4437E+04
   5530.37  1.6239E+04  6.4957E+04
   5534.06  6.0845E+03  2.4338E+04
   5537.75  1.5062E+04  6.0247E+04
   5541.44  1.4574E+04  5.8295E+04
   5545.14  1.0391E+04  4.1566E+04
   5548.83  1.1601E+04  4.6403E+04
   5552.53  7.4337E+03  2.9735E+04
   5556.24  1.3078E+04  5.2312E+04
   5559.94  1.2072E+04  4.8287E+04
   5563.65  1.5290E+04  6.1161E+04
   5567.36  1.7089E+04  6.8357E+04
   5571.07  1.0295E+04  4.1179E+04
   5574.79  1.0816E+04  4.3263E+04
   5578.51  1.7712E+04  7.0848E+04
   5582.23  1.3450E+04  5.3800E+04
   5585.95  8.8300E+03  3.5320E+04
   5589.67  1.5497E+04  6.1987E+04
   5593.40  1.3406E+04  5.3626E+04
   5597.13  1.4795E+04  5.9178E+04
   5600.86  7.8489E+03  3.1396E+04
   5604.60  9.3085E+03  3.7234E+04
   5608.34  8.1211E+03  3.2485E+04
   5612.08  1.2439E+04  4.9757E+04
   5615.82  1.4020E+04  5.6081E+04
   5619.56  1.0367E+04  4.1466E+04
   5623.31  1.0970E+04  4.3881E+04
   5627.06  6.4706E+03  2.5882E+04
   5630.81  5.2858E+03  2.1143E+04
   5634.57  8.4316E+03  3.3726E+04
   5638.33  1.1615E+04  4.6459E+04
   5642.09  7.4335E+03  2.9734E+04
   5645.85  7.4963E+03  2.9985E+04
   5649.61  1.2834E+04  5.1337E+04
   5653.38  1.0845E+04  4.3379E+04
   5657.15  1.3783E+04  5.5131E+04
   5660.92  1.3529E+04  5.4115E+04
   5664.70  1.2904E+04  5.1618E+04
   5668.48  1.2234E+04  4.8938E+04
   5672.26  6.2238E+03  2.4895E+04
   5676.04  9.7723E+03  3.9089E+04
   5679.82  1.2480E+04  4.9921E+04
   5683.61  1.1028E+04  4.4113E+04
   5687.40  1.2810E+04  5.1242E+04
   5691.20  1.4170E+04  5.6678E+04
   5694.99  1.3689E+04  5.4756E+04
   5698.79  1.4438E+04  5.7753E+04
   5702.59  1.4223E+04  5.6890E+04
   5706.39  9.1065E+03  3.6426E+04
   5710.20  1.6263E+04  6.5053E+04
   5714.01  1.5794E+04  6.3175E+04
   5717.82  1.1523E+04  4.6091E+04
   5721.63  1.1117E+04  4.4468E+04
   5725.44  1.2580E+04  5.0318E+04
   5729.26  1.4959E+04  5.9834E+04
   5733.08  1.1543E+04  4.6173E+04
   5736.91  1.0975E+04  4.3899E+04
   5740.73  2.0268E+04  8.1071E+04
   5744.56  1.9203E+04  7.6812E+04
   5748.39  1.8661E+04  7.4646E+04
   5752.22  1.4596E+04  5.8385E+04
   5756.06  1.4043E+04  5.6170E+04
   5759.90  1.2536E+04  5.0144E+04
   5763.74  1.2646E+04  5.0583E+04
   5767.58  1.5147E+04  6.0589E+04
   5771.43  1.4591E+04  5.8363E+04
   5775.28  1.3031E+04  5.2125E+04
   5779.13  1.1929E+04  4.7715E+04
   5782.98  1.5544E+04  6.2175E+04
   5786.84  1.5856E+04  6.3426E+04
   5790.70  1.8866E+04  7.5463E+04
   5794.56  1.5905E+04  6.3621E+04
   5798.43  1.8265E+04  7.3059E+04
   5802.29  2.0097E+04  8.0388E+04
   5806.16  1.8132E+04  7.2528E+04
   5810.03  1.4881E+04  5.9522E+04
   5813.91  1.7376E+04  6.9505E+04
   5817.78  1.8442E+04  7.3767E+04
   5821.66  1.8060E+04  7.2242E+04
   5825.55  1.6301E+04  6.5202E+04
   5829.43  1.3610E+04  5.4439E+04
   5833.32  1.1762E+04  4.7048E+04
   5837.21  1.3311E+04  5.3242E+04
   5841.10  1.7749E+04  7.0995E+04
   5845.00  1.3443E+04  5.3772E+04
   5848.90  1.5341E+04  6.1365E+04
   5852.80  1.3231E+04  5.2923E+04
   5856.70  1.5524E+04  6.2095E+04
   5860.60  1.8747E+04  7.4990E+04
   5864.51  9.3886E+03  3.7555E+04
   5868.42  1.1241E+04  4.4965E+04
   5872.34  1.1516E+04  4.6065E+04
   5876.25  1.2537E+04  5.0150E+04
   5880.17  9.3016E+03  3.7206E+04
   5884.09  9.5343E+03  3.8137E+04
   5888.02  8.9316E+03  3.5727E+04
   5891.94  4.5198E+03  1.8079E+04
   5895.87  7.2585E+03  2.9034E+04
   5899.80  7.0153E+03  2.8061E+04
   5903.74  9.0488E+03  3.6195E+04
   5907.68  7.6870E+03  3.0748E+04
   5911.62  6.8494E+03  2.7398E+04
   5915.56  1.0091E+04  4.0366E+04
   5919.50  8.3885E+03  3.3554E+04
   5923.45  8.2538E+03  3.3015E+04
   5927.40  7.5953E+03  3.0381E+04
   5931.35  9.0200E+03  3.6080E+04
   5935.31  1.0429E+04  4.1715E+04
   5939.27  7.3716E+03  2.9486E+04
   5943.23  6.0864E+03  2.4346E+04
   5947.19  8.2416E+03  3.2967E+04
   5951.16  9.6721E+03  3.8689E+04
   5955.12  9.9747E+03  3.9899E+04
   5959.10  8.2269E+03  3.2907E+04
   5963.07  9.5367E+03  3.8147E+04
   5967.05  1.0711E+04  4.2843E+04
   5971.03  1.2315E+04  4.9261E+04
   5975.01  1.0188E+04  4.0753E+04
   5978.99  8.9429E+03  3.5772E+04
   5982.98  1.0333E+04  4.1334E+04
   5986.97  1.0787E+04  4.3148E+04
   5990.96  1.7719E+04  7.0876E+04
   5994.96  1.0762E+04  4.3049E+04
   5998.95  1.2695E+04  5.0780E+04
   6002.96  1.3234E+04  5.2935E+04
   6006.96  1.2077E+04  4.8306E+04
   6010.96  1.0274E+04  4.1096E+04
   6014.97  1.5684E+04  6.2738E+04
   6018.98  1.5507E+04  6.2027E+04
   6023.00  1.2123E+04  4.8493E+04
   6027.01  2.0450E+04  8.1799E+04
   6031.03  1.3841E+04  5.5364E+04
   6035.06  1.7475E+04  6.9902E+04
   6039.08  1.3941E+04  5.5765E+04
   6043.11  1.7161E+04  6.8646E+04
   6047.14  1.7338E+04  6.9351E+04
   6051.17  1.2885E+04  5.1538E+04
   6055.21  1.6082E+04  6.4328E+04
   6059.24  1.5354E+04  6.1418E+04
   6063.28  1.8914E+04  7.5657E+04
   6067.33  1.7097E+04  6.8387E+04
   6071.37  1.6659E+04  6.6635E+04
   6075.42  1.6705E+04  6.6820E+04
   6079.47  1.7266E+04  6.9064E+04
   6083.53  1.8209E+04  7.2834E+04
   6087.58  2.1713E+04  8.6853E+04
   6091.64  1.9027E+04  7.6107E+04
   6095.71  2.2873E+04  9.1491E+04
   6099.77  2.4187E+04  9.6748E+04
   6103.84  1.6542E+04  6.6170E+04
   6107.91  2.2587E+04  9.0348E+04
   6111.98  1.9624E+04  7.8497E+04
   6116.06  2.2427E+04  8.9706E+04
   6120.14  2.0274E+04  8.1096E+04
   6124.22  1.4643E+04  5.8570E+04
   6128.30  2.7094E+04  1.0838E+05
   6132.39  2.2023E+04  8.8093E+04
   6136.48  1.9070E+04  7.6281E+04
   6140.57  2.2795E+04  9.1182E+04
   6144.67  3.2548E+04  1.3019E+05
   6148.76  2.8496E+04  1.1398E+05
   6152.86  2.3028E+04  9.2112E+04
   6156.97  2.7667E+04  1.1067E+05
   6161.07  1.0740E+04  4.2959E+04
   6165.18  1.4025E+04  5.6100E+04
   6169.29  7.9071E+03  3.1628E+04
   6173.41  6.8825E+03  2.7530E+04
   6177.52  7.2311E+03  2.8924E+04
   6181.64  7.6117E+03  3.0447E+04
   6185.77  1.0133E+04  4.0533E+04
   6189.89  7.8610E+03  3.1444E+04
   6194.02  8.4057E+03  3.3623E+04
   6198.15  8.9662E+03  3.5865E+04
   6202.28  8.9482E+03  3.5793E+04
   6206.42  6.2612E+03  2.5045E+04
   6210.56  1.3482E+04  5.3929E+04
   6214.70  1.2103E+04  4.8411E+04
   6218.84  6.3995E+03  2.5598E+04
   6222.99  6.0263E+03  2.4105E+04
   6227.14  7.4314E+03  2.9725E+04
   6231.29  7.1436E+03  2.8575E+04
   6235.45  9.1329E+03  3.6531E+04
   6239.61  6.8121E+03  2.7248E+04
   6243.77  8.9427E+03  3.5771E+04
   6247.93  8.0478E+03  3.2191E+04
   6252.10  9.0446E+03  3.6178E+04
   6256.27  1.1027E+04  4.4108E+04
   6260.44  8.7716E+03  3.5086E+04
   6264.62  1.3285E+04  5.3141E+04
   6268.79  2.0247E+04  8.0987E+04
   6272.97  1.2336E+04  4.9344E+04
   6277.16  1.0929E+04  4.3715E+04
   6281.34  6.8459E+03  2.7384E+04
   6285.53  1.5955E+04  6.3822E+04
   6289.72  1.1704E+04  4.6818E+04
   6293.92  1.2052E+04  4.8209E+04
   6298.11  7.0551E+03  2.8220E+04
   6302.31  7.2058E+03  2.8823E+04
   6306.52  1.5756E+04  6.3026E+04
   6310.72  1.4584E+04  5.8338E+04
   6314.93  1.1080E+04  4.4321E+04
   6319.14  1.0406E+04  4.1624E+04
   6323.36  8.1856E+03  3.2742E+04
   6327.57  1.7234E+04  6.8934E+04
   6331.79  9.3139E+03  3.7255E+04
   6336.02  1.3988E+04  5.5953E+04
   6340.24  1.5740E+04  6.2960E+04
   6344.47  1.5830E+04  6.3322E+04
   6348.70  2.0425E+04  8.1699E+04
   6352.93  1.8798E+04  7.5190E+04
   6357.17  1.1120E+04  4.4480E+04
   6361.41  1.5564E+04  6.2254E+04
   6365.65  1.3272E+04  5.3090E+04
   6369.90  2.1727E+04  8.6907E+04
   6374.14  1.1782E+04  4.7129E+04
   6378.40  1.2696E+04  5.0785E+04
   6382.65  6.8319E+03  2.7328E+04
   6386.91  8.9408E+03  3.5763E+04
   6391.16  1.0782E+04  4.3129E+04
   6395.43  8.2066E+03  3.2826E+04
   6399.69  1.0134E+04  4.0538E+04
   6403.96  1.1596E+04  4.6384E+04
   6408.23  2.2195E+04  8.8779E+04
   6412.50  1.7705E+04  7.0818E+04
   6416.78  1.1611E+04  4.6445E+04
   6421.06  1.2495E+04  4.9979E+04
   6425.34  2.0197E+04  8.0788E+04
   6429.63  2.8978E+04  1.1591E+05
   6433.91  2.2915E+04  9.1661E+04
   6438.20  1.3003E+04  5.2011E+04
   6442.50  2.9649E+04  1.1859E+05
   6446.79  1.3859E+04  5.5437E+04
   6451.09  1.8530E+04  7.4121E+04
   6455.39  2.0474E+04  8.1895E+04
   6459.70  1.9160E+04  7.6639E+04
   6464.01  1.9297E+04  7.7187E+04
   6468.32  1.6063E+04  6.4254E+04
   6472.63  2.5312E+04  1.0125E+05
   6476.95  2.9873E+04  1.1949E+05
   6481.27  2.4701E+04  9.8803E+04
   6485.59  1.7387E+04  6.9547E+04
   6489.91  2.9480E+04  1.1792E+05
   6494.24  1.6424E+04  6.5697E+04
   6498.57  2.4231E+04  9.6925E+04
   6502.91  1.7461E+04  6.9844E+04
   6507.24  2.2749E+04  9.0996E+04
   6511.58  2.1451E+04  8.5802E+04
   6515.92  2.8974E+04  1.1589E+05
   6520.27  2.0774E+04  8.3097E+04
   6524.62  1.6297E+04  6.5189E+04
   6528.97  2.7089E+04  1.0836E+05
   6533.32  3.5432E+04  1.4173E+05
   6537.68  2.9230E+04  1.1692E+05
   6542.04  2.7454E+04  1.0982E+05
   6546.40  2.5241E+04  1.0096E+05
   6550.77  2.0087E+04  8.0349E+04
   6555.14  2.4024E+04  9.6097E+04
   6559.51  2.4439E+04  9.7757E+04
   6563.88  1.8697E+04  7.4788E+04
   6568.26  2.2215E+04  8.8860E+04
   6572.64  2.8388E+04  1.1355E+05
   6577.02  3.3456E+04  1.3382E+05
   6581.41  2.6569E+04  1.0628E+05
   6585.80  2.0666E+04  8.2665E+04
   6590.19  2.4349E+04  9.7398E+04
   6594.58  9.6244E+03  3.8497E+04
   6598.98  2.0180E+04  8.0721E+04
   6603.38  2.1417E+04  8.5669E+04
   6607.79  2.5461E+04  1.0185E+05
   6612.19  1.9387E+04  7.7548E+04
   6616.60  1.9478E+04  7.7913E+04
   6621.01  2.3203E+04  9.2811E+04
   6625.43  1.9546E+04  7.8185E+04
   6629.85  2.2235E+04  8.8942E+04
   6634.27  1.8431E+04  7.3726E+04
   6638.69  1.9676E+04  7.8703E+04
   6643.12  1.8990E+04  7.5960E+04
   6647.55  1.7173E+04  6.8693E+04
   6651.98  1.9475E+04  7.7902E+04
   6656.42  1.6782E+04  6.7128E+04
   6660.86  1.7787E+04  7.1149E+04
   6665.30  1.7183E+04  6.8733E+04
   6669.75  2.3839E+04  9.5356E+04
   6674.19  1.5925E+04  6.3701E+04
   6678.64  2.3169E+04  9.2678E+04
   6683.10  1.1152E+04  4.4608E+04
   6687.55  1.4332E+04  5.7329E+04
   6692.01  1.0173E+04  4.0690E+04
   6696.48  1.7274E+04  6.9095E+04
   6700.94  1.4578E+04  5.8312E+04
   6705.41  1.7598E+04  7.0391E+04
   6709.88  1.2024E+04  4.8094E+04
   6714.36  1.2982E+04  5.1929E+04
   6718.84  1.2917E+04  5.1668E+04
   6723.32  1.4137E+04  5.6550E+04
   6727.80  1.0091E+04  4.0364E+04
   6732.29  1.3350E+04  5.3398E+04
   6736.78  1.2341E+04  4.9366E+04
   6741.27  1.5272E+04  6.1089E+04
   6745.76  1.0649E+04  4.2595E+04
   6750.26  1.0272E+04  4.1086E+04
   6754.76  1.1087E+04  4.4349E+04
   6759.27  1.0329E+04  4.1315E+04
   6763.78  1.0455E+04  4.1820E+04
   6768.29  1.0991E+04  4.3963E+04
   6772.80  1.5794E+04  6.3177E+04
   6777.32  1.8072E+04  7.2290E+04
   6781.84  1.0157E+04  4.0629E+04
   6786.36  1.1136E+04  4.4545E+04
   6790.88  1.5832E+04  6.3326E+04
   6795.41  9.6661E+03  3.8665E+04
   6799.94  9.2602E+03  3.7041E+04
   6804.48  9.7885E+03  3.9154E+04
   6809.02  1.3244E+04  5.2978E+04
   6813.56  1.0857E+04  4.3427E+04
   6818.10  1.3639E+04  5.4557E+04
   6822.65  1.1631E+04  4.6525E+04
   6827.20  1.4245E+04  5.6982E+04
   6831.75  1.0296E+04  4.1185E+04
   6836.31  1.2336E+04  4.9346E+04
   6840.87  8.8498E+03  3.5399E+04
   6845.43  1.0288E+04  4.1150E+04
   6849.99  1.1733E+04  4.6934E+04
   6854.56  1.0004E+04  4.0015E+04
   6859.13  8.6626E+03  3.4650E+04
   6863.71  7.3835E+03  2.9534E+04
   6868.28  8.7916E+03  3.5167E+04
   6872.86  9.2920E+03  3.7168E+04
   6877.45  7.6026E+03  3.0410E+04
   6882.03  9.5864E+03  3.8346E+04
   6886.62  1.3173E+04  5.2693E+04
   6891.21  8.2306E+03  3.2923E+04
   6895.81  1.4878E+04  5.9512E+04
   6900.41  8.2170E+03  3.2868E+04
   6905.01  1.4315E+04  5.7261E+04
   6909.61  1.5415E+04  6.1662E+04
   6914.22  1.1444E+04  4.5777E+04
   6918.83  1.3183E+04  5.2731E+04
   6923.45  9.2989E+03  3.7195E+04
   6928.06  1.5303E+04  6.1210E+04
   6932.68  1.1063E+04  4.4252E+04
   6937.31  1.1148E+04  4.4592E+04
   6941.93  1.1118E+04  4.4472E+04
   6946.56  1.1214E+04  4.4855E+04
   6951.20  9.3275E+03  3.7310E+04
   6955.83  2.4318E+04  9.7271E+04
   6960.47  2.5477E+04  1.0191E+05
   6965.11  1.8248E+04  7.2991E+04
   6969.76  2.9707E+04  1.1883E+05
   6974.40  1.8420E+04  7.3681E+04
   6979.06  9.8103E+03  3.9241E+04
   6983.71  1.0874E+04  4.3495E+04
   6988.37  1.4816E+04  5.9266E+04
   6993.03  1.5833E+04  6.3333E+04
   6997.69  1.9773E+04  7.9090E+04
   7002.36  1.9461E+04  7.7844E+04
   7007.03  2.3799E+04  9.5197E+04
   7011.70  1.8859E+04  7.5436E+04
   7016.37  3.6313E+04  1.4525E+05
   7021.05  3.5454E+04  1.4182E+05
   7025.74  1.8342E+04  7.3366E+04
   7030.42  4.2857E+04  1.7143E+05
   7035.11  1.2813E+04  5.1254E+04
   7039.80  3.7656E+04  1.5062E+05
   7044.50  3.3714E+04  1.3486E+05
   7049.19  4.0261E+04  1.6104E+05
   7053.89  4.2102E+04  1.6841E+05
   7058.60  1.3077E+04  5.2309E+04
   7063.31  1.3637E+04  5.4550E+04
   7068.02  1.1228E+04  4.4912E+04
   7072.73  1.1738E+04  4.6952E+04
   7077.45  2.0006E+04  8.0026E+04
   7082.17  2.0709E+04  8.2834E+04
   7086.89  1.2366E+04  4.9463E+04
   7091.61  1.6414E+04  6.5657E+04
   7096.34  1.9087E+04  7.6348E+04
   7101.08  2.3082E+04  9.2328E+04
   7105.81  1.1000E+04  4.3999E+04
   7110.55  1.7169E+04  6.8676E+04
   7115.29  2.2354E+04  8.9416E+04
   7120.04  2.1528E+04  8.6112E+04
   7124.78  3.7933E+04  1.5173E+05
   7129.54  1.0421E+04  4.1684E+04
   7134.29  1.1578E+04  4.6311E+04
   7139.05  1.0353E+04  4.1411E+04
   7143.81  9.2158E+03  3.6863E+04
   7148.57  1.8412E+04  7.3649E+04
   7153.34  1.8497E+04  7.3986E+04
   7158.11  2.6126E+04  1.0450E+05
   7162.88  1.4676E+04  5.8703E+04
   7167.66  1.4243E+04  5.6971E+04
   7172.44  1.8058E+04  7.2231E+04
   7177.22  2.4134E+04  9.6536E+04
   7182.01  2.4302E+04  9.7206E+04
   7186.80  2.9581E+04  1.1832E+05
   7191.59  3.5329E+04  1.4132E+05
   7196.39  2.3390E+04  9.3559E+04
   7201.19  2.4904E+04  9.9617E+04
   7205.99  2.4090E+04  9.6358E+04
   7210.79  1.9325E+04  7.7300E+04
   7215.60  2.4299E+04  9.7198E+04
   7220.41  1.8823E+04  7.5293E+04
   7225.23  2.1275E+04  8.5098E+04
   7230.05  2.5650E+04  1.0260E+05
   7234.87  1.7410E+04  6.9640E+04
   7239.69  2.1604E+04  8.6415E+04
   7244.52  3.3047E+04  1.3219E+05
   7249.35  2.7810E+04  1.1124E+05
   7254.19  2.0251E+04  8.1005E+04
   7259.03  2.6765E+04  1.0706E+05
   7263.87  2.5416E+04  1.0166E+05
   7268.71  2.0814E+04  8.3258E+04
   7273.56  2.3560E+04  9.4240E+04
   7278.41  2.7148E+04  1.0859E+05
   7283.26  2.0707E+04  8.2829E+04
   7288.12  1.9213E+04  7.6852E+04
   7292.98  2.8297E+04  1.1319E+05
   7297.84  3.4120E+04  1.3648E+05
   7302.71  3.0478E+04  1.2191E+05
   7307.58  2.9591E+04  1.1836E+05
   7312.45  2.5018E+04  1.0007E+05
   7317.33  2.5449E+04  1.0179E+05
   7322.21  4.3330E+04  1.7332E+05
   7327.09  3.9420E+04  1.5768E+05
   7331.98  4.4464E+04  1.7786E+05
   7336.87  3.5784E+04  1.4314E+05
   7341.76  3.9059E+04  1.5624E+05
   7346.66  3.6215E+04  1.4486E+05
   7351.55  4.5530E+04  1.8212E+05
   7356.46  4.6921E+04  1.8768E+05
   7361.36  4.5380E+04  1.8152E+05
   7366.27  4.4446E+04  1.7778E+05
   7371.18  3.2639E+04  1.3056E+05
   7376.10  2.6778E+04  1.0711E+05
   7381.02  3.6258E+04  1.4503E+05
   7385.94  4.8639E+04  1.9456E+05
   7390.87  4.7344E+04  1.8937E+05
   7395.80  2.9684E+04  1.1874E+05
   7400.73  4.1418E+04  1.6567E+05
   7405.66  2.5104E+04  1.0042E+05
   7410.60  2.8536E+04  1.1414E+05
   7415.54  4.8075E+04  1.9230E+05
   7420.49  3.9286E+04  1.5714E+05
   7425.44  4.7365E+04  1.8946E+05
   7430.39  3.6491E+04  1.4596E+05
   7435.34  5.0628E+04  2.0251E+05
   7440.30  3.5003E+04  1.4001E+05
   7445.26  2.6577E+04  1.0631E+05
   7450.23  3.1948E+04  1.2779E+05
   7455.20  5.0963E+04  2.0385E+05
   7460.17  3.5828E+04  1.4331E+05
   7465.14  3.9100E+04  1.5640E+05
   7470.12  2.4746E+04  9.8985E+04
   7475.10  3.5602E+04  1.4241E+05
   7480.09  2.4711E+04  9.8844E+04
   7485.08  4.4771E+04  1.7908E+05
   7490.07  5.1600E+04  2.0640E+05
   7495.06  3.7469E+04  1.4988E+05
   7500.06  4.7921E+04  1.9168E+05
   7505.06  4.6106E+04  1.8442E+05
   7510.07  3.1835E+04  1.2734E+05
   7515.08  4.7231E+04  1.8892E+05
   7520.09  2.9259E+04  1.1704E+05
   7525.10  3.7712E+04  1.5085E+05
   7530.12  2.7349E+04  1.0939E+05
   7535.14  3.1811E+04  1.2724E+05
   7540.17  3.3804E+04  1.3522E+05
   7545.19  5.0328E+04  2.0131E+05
   7550.23  5.2432E+04  2.0973E+05
   7555.26  4.3871E+04  1.7549E+05
   7560.30  4.8736E+04  1.9495E+05
   7565.34  3.4876E+04  1.3950E+05
   7570.39  3.5973E+04  1.4389E+05
   7575.44  3.8067E+04  1.5227E+05
   7580.49  3.0899E+04  1.2359E+05
   7585.54  5.2187E+04  2.0875E+05
   7590.60  2.7781E+04  1.1112E+05
   7595.66  3.4969E+04  1.3988E+05
   7600.73  4.9414E+04  1.9766E+05
   7605.80  2.5538E+04  1.0215E+05
   7610.87  2.7953E+04  1.1181E+05
   7615.94  3.7595E+04  1.5038E+05
   7621.02  5.1995E+04  2.0798E+05
   7626.11  4.3188E+04  1.7275E+05
   7631.19  3.5811E+04  1.4325E+05
   7636.28  3.4562E+04  1.3825E+05
   7641.37  3.8003E+04  1.5201E+05
   7646.47  4.8333E+04  1.9333E+05
   7651.57  2.8668E+04  1.1467E+05
   7656.67  4.0301E+04  1.6120E+05
   7661.78  4.8057E+04  1.9223E+05
   7666.88  5.5204E+03  2.2082E+04
   7672.00  3.7010E+04  1.4804E+05
   7677.11  2.8758E+04  1.1503E+05
   7682.23  2.2882E+04  9.1528E+04
   7687.36  4.5874E+04  1.8350E+05
   7692.48  4.1716E+04  1.6687E+05
   7697.61  3.6818E+04  1.4727E+05
   7702.75  3.4042E+04  1.3617E+05
   7707.88  3.1896E+04  1.2758E+05
   7713.02  2.7697E+04  1.1079E+05
   7718.17  3.5247E+04  1.4099E+05
   7723.31  4.0810E+04  1.6324E+05
   7728.46  4.4429E+04  1.7771E+05
   7733.62  3.2604E+04  1.3042E+05
   7738.78  3.9134E+04  1.5654E+05
   7743.94  4.4452E+04  1.7781E+05
   7749.10  3.7596E+04  1.5038E+05
   7754.27  3.2701E+04  1.3081E+05
   7759.44  2.9215E+04  1.1686E+05
   7764.61  3.8474E+04  1.5390E+05
   7769.79  2.9691E+04  1.1876E+05
   7774.97  3.9816E+04  1.5926E+05
   7780.16  4.2014E+04  1.6805E+05
   7785.35  3.3076E+04  1.3230E+05
   7790.54  4.0217E+04  1.6087E+05
   7795.73  3.8727E+04  1.5491E+05
   7800.93  3.9345E+04  1.5738E+05
   7806.13  3.0513E+04  1.2205E+05
   7811.34  5.0083E+04  2.0033E+05
   7816.55  3.9397E+04  1.5759E+05
   7821.76  4.9709E+04  1.9884E+05
   7826.98  4.0383E+04  1.6153E+05
   7832.20  3.5682E+04  1.4273E+05
   7837.42  3.0266E+04  1.2106E+05
   7842.65  3.5412E+04  1.4165E+05
   7847.88  3.6496E+04  1.4599E+05
   7853.11  4.3998E+04  1.7599E+05
   7858.35  3.8567E+04  1.5427E+05
   7863.59  3.4765E+04  1.3906E+05
   7868.83  4.0686E+04  1.6274E+05
   7874.08  3.8922E+04  1.5569E+05
   7879.33  2.7247E+04  1.0899E+05
   7884.58  4.3470E+04  1.7388E+05
   7889.84  3.7851E+04  1.5140E+05
   7895.10  3.8032E+04  1.5213E+05
   7900.37  4.1620E+04  1.6648E+05
   7905.64  4.5194E+04  1.8077E+05
   7910.91  3.8572E+04  1.5429E+05
   7916.18  4.3531E+04  1.7412E+05
   7921.46  4.1880E+04  1.6752E+05
   7926.75  4.1501E+04  1.6601E+05
   7932.03  4.6599E+04  1.8639E+05
   7937.32  3.9259E+04  1.5704E+05
   7942.61  3.6908E+04  1.4763E+05
   7947.91  4.0145E+04  1.6058E+05
   7953.21  4.1286E+04  1.6515E+05
   7958.52  4.5050E+04  1.8020E+05
   7963.82  3.9099E+04  1.5640E+05
   7969.13  4.8484E+04  1.9394E+05
   7974.45  4.4717E+04  1.7887E+05
   7979.77  4.7594E+04  1.9038E+05
   7985.09  4.5502E+04  1.8201E+05
   7990.41  4.6352E+04  1.8541E+05
   7995.74  4.9271E+04  1.9709E+05
   8001.07  4.7855E+04  1.9142E+05
   8006.41  5.1212E+04  2.0485E+05
   8011.75  4.7130E+04  1.8852E+05
   8017.09  4.8283E+04  1.9313E+05
   8022.44  4.5595E+04  1.8238E+05
   8027.79  4.4153E+04  1.7661E+05
   8033.14  4.2599E+04  1.7040E+05
   8038.50  4.9530E+04  1.9812E+05
   8043.86  4.7502E+04  1.9001E+05
   8049.22  4.8464E+04  1.9386E+05
   8054.59  5.1308E+04  2.0523E+05
   8059.96  4.9164E+04  1.9665E+05
   8065.34  4.9311E+04  1.9724E+05
   8070.71  4.9805E+04  1.9922E+05
   8076.10  5.0016E+04  2.0007E+05
   8081.48  5.3428E+04  2.1371E+05
   8086.87  5.1582E+04  2.0633E+05
   8092.26  5.1645E+04  2.0658E+05
   8097.66  5.0433E+04  2.0173E+05
   8103.06  5.2509E+04  2.1004E+05
   8108.46  4.9644E+04  1.9857E+05
   8113.87  5.2614E+04  2.1046E+05
   8119.28  5.1606E+04  2.0642E+05
   8124.70  5.3127E+04  2.1251E+05
   8130.12  5.3164E+04  2.1266E+05
   8135.54  5.3532E+04  2.1413E+05
   8140.96  5.5877E+04  2.2351E+05
   8146.39  5.5500E+04  2.2200E+05
   8151.82  5.5066E+04  2.2026E+05
   8157.26  5.4040E+04  2.1616E+05
   8162.70  5.5430E+04  2.2172E+05
   8168.14  5.3796E+04  2.1518E+05
   8173.59  5.5375E+04  2.2150E+05
   8179.04  5.3195E+04  2.1278E+05
   8184.50  4.5988E+04  1.8395E+05
   8189.95  5.4526E+04  2.1810E+05
   8195.41  4.6399E+04  1.8560E+05
   8200.88  4.2741E+04  1.7096E+05
   8206.35  5.1170E+04  2.0468E+05
   8211.82  5.0469E+04  2.0188E+05
   8217.30  4.4178E+04  1.7671E+05
   8222.78  5.4063E+04  2.1625E+05
   8228.26  5.0793E+04  2.0317E+05
   8233.75  5.5109E+04  2.2044E+05
   8239.24  5.4373E+04  2.1749E+05
   8244.73  5.2327E+04  2.0931E+05
   8250.23  5.5783E+04  2.2313E+05
   8255.73  4.7893E+04  1.9157E+05
   8261.24  4.9488E+04  1.9795E+05
   8266.75  5.5214E+04  2.2086E+05
   8272.26  5.1908E+04  2.0763E+05
   8277.78  4.6603E+04  1.8641E+05
   8283.30  5.3528E+04  2.1411E+05
   8288.82  4.6573E+04  1.8629E+05
   8294.35  5.0962E+04  2.0385E+05
   8299.88  4.6138E+04  1.8455E+05
   8305.42  4.8648E+04  1.9459E+05
   8310.95  5.1684E+04  2.0674E+05
   8316.50  4.9309E+04  1.9724E+05
   8322.04  4.6457E+04  1.8583E+05
   8327.59  4.6164E+04  1.8465E+05
   8333.15  5.2529E+04  2.1011E+05
   8338.70  5.5621E+04  2.2248E+05
   8344.26  3.9841E+04  1.5937E+05
   8349.83  4.8654E+04  1.9462E+05
   8355.40  5.5023E+04  2.2009E+05
   8360.97  4.8222E+04  1.9289E+05
   8366.54  5.4039E+04  2.1615E+05
   8372.12  5.1960E+04  2.0784E+05
   8377.71  5.0096E+04  2.0038E+05
   8383.29  4.7614E+04  1.9046E+05
   8388.88  4.6838E+04  1.8735E+05
   8394.48  5.3134E+04  2.1253E+05
   8400.08  4.6526E+04  1.8611E+05
   8405.68  5.0576E+04  2.0230E+05
   8411.28  5.1076E+04  2.0430E+05
   8416.89  5.2296E+04  2.0918E+05
   8422.50  5.1178E+04  2.0471E+05
   8428.12  5.2037E+04  2.0815E+05
   8433.74  4.9158E+04  1.9663E+05
   8439.37  4.2375E+04  1.6950E+05
   8444.99  3.9844E+04  1.5938E+05
   8450.63  4.5053E+04  1.8021E+05
   8456.26  4.5253E+04  1.8101E+05
   8461.90  4.1992E+04  1.6797E+05
   8467.54  4.0998E+04  1.6399E+05
   8473.19  4.7123E+04  1.8849E+05
   8478.84  4.9255E+04  1.9702E+05
   8484.49  4.5308E+04  1.8123E+05
   8490.15  4.5682E+04  1.8273E+05
   8495.81  4.5087E+04  1.8035E+05
   8501.48  4.3409E+04  1.7364E+05
   8507.15  3.9499E+04  1.5800E+05
   8512.82  4.1932E+04  1.6773E+05
   8518.50  4.0657E+04  1.6263E+05
   8524.18  4.0928E+04  1.6371E+05
   8529.86  4.5236E+04  1.8094E+05
   8535.55  4.4400E+04  1.7760E+05
   8541.25  5.0085E+04  2.0034E+05
   8546.94  4.8350E+04  1.9340E+05
   8552.64  3.7238E+04  1.4895E+05
   8558.34  5.1843E+04  2.0737E+05
   8564.05  4.4681E+04  1.7872E+05
   8569.76  4.8186E+04  1.9274E+05
   8575.48  4.6558E+04  1.8623E+05
   8581.20  4.9058E+04  1.9623E+05
   8586.92  4.7595E+04  1.9038E+05
   8592.64  4.7259E+04  1.8903E+05
   8598.38  4.6102E+04  1.8441E+05
   8604.11  5.0023E+04  2.0009E+05
   8609.85  4.7633E+04  1.9053E+05
   8615.59  5.2669E+04  2.1068E+05
   8621.33  4.9682E+04  1.9873E+05
   8627.08  5.1915E+04  2.0766E+05
   8632.84  4.8895E+04  1.9558E+05
   8638.59  4.9945E+04  1.9978E+05
   8644.35  4.7879E+04  1.9152E+05
   8650.12  5.3195E+04  2.1278E+05
   8655.89  5.1842E+04  2.0737E+05
   8661.66  5.1531E+04  2.0612E+05
   8667.44  5.0350E+04  2.0140E+05
   8673.22  5.3024E+04  2.1210E+05
   8679.00  5.2251E+04  2.0900E+05
   8684.79  5.3351E+04  2.1341E+05
   8690.58  5.1945E+04  2.0778E+05
   8696.37  4.9585E+04  1.9834E+05
   8702.17  5.0594E+04  2.0238E+05
   8707.98  5.1584E+04  2.0634E+05
   8713.78  4.9986E+04  1.9994E+05
   8719.59  5.2150E+04  2.0860E+05
   8725.41  5.2823E+04  2.1129E+05
   8731.23  5.4068E+04  2.1627E+05
   8737.05  5.2229E+04  2.0891E+05
   8742.88  5.2733E+04  2.1093E+05
   8748.71  5.4656E+04  2.1862E+05
   8754.54  5.5887E+04  2.2355E+05
   8760.38  5.3746E+04  2.1498E+05
   8766.22  5.4422E+04  2.1769E+05
   8772.07  5.2724E+04  2.1090E+05
   8777.92  5.4773E+04  2.1909E+05
   8783.77  5.2228E+04  2.0891E+05
   8789.63  5.4728E+04  2.1891E+05
   8795.49  3.7494E+04  1.4997E+05
   8801.36  5.4404E+04  2.1762E+05
   8807.23  5.4902E+04  2.1961E+05
   8813.10  5.3710E+04  2.1484E+05
   8818.98  5.4719E+04  2.1888E+05
   8824.86  5.6179E+04  2.2472E+05
   8830.74  5.5533E+04  2.2213E+05
   8836.63  5.6457E+04  2.2583E+05
   8842.52  5.6264E+04  2.2506E+05
   8848.42  5.4807E+04  2.1923E+05
   8854.32  5.6353E+04  2.2541E+05
   8860.23  5.6341E+04  2.2536E+05
   8866.13  4.9399E+04  1.9760E+05
   8872.05  4.6267E+04  1.8507E+05
   8877.96  4.1374E+04  1.6550E+05
   8883.88  4.6418E+04  1.8567E+05
   8889.81  3.1509E+04  1.2604E+05
   8895.74  5.2073E+04  2.0829E+05
   8901.67  4.8219E+04  1.9287E+05
   8907.60  4.2059E+04  1.6824E+05
   8913.55  5.2247E+04  2.0899E+05
   8919.49  3.3348E+04  1.3339E+05
   8925.44  3.9209E+04  1.5683E+05
   8931.39  4.7784E+04  1.9114E+05
   8937.35  4.8849E+04  1.9540E+05
   8943.31  4.8949E+04  1.9580E+05
   8949.27  4.0499E+04  1.6200E+05
   8955.24  4.2658E+04  1.7063E+05
   8961.21  3.8282E+04  1.5313E+05
   8967.19  3.9690E+04  1.5876E+05
   8973.17  4.6578E+04  1.8631E+05
   8979.15  4.0729E+04  1.6292E+05
   8985.14  4.7132E+04  1.8853E+05
   8991.13  3.5711E+04  1.4284E+05
   8997.12  4.1746E+04  1.6698E+05
   9003.12  5.0485E+04  2.0194E+05
   9009.13  4.9344E+04  1.9738E+05
   9015.14  4.9900E+04  1.9960E+05
   9021.15  5.2502E+04  2.1001E+05
   9027.16  5.2223E+04  2.0889E+05
   9033.18  5.2410E+04  2.0964E+05
   9039.21  4.4875E+04  1.7950E+05
   9045.24  4.8425E+04  1.9370E+05
   9051.27  4.3503E+04  1.7401E+05
   9057.30  5.4768E+04  2.1907E+05
   9063.34  5.2439E+04  2.0976E+05
   9069.39  5.4363E+04  2.1745E+05
   9075.44  5.3248E+04  2.1299E+05
   9081.49  5.3860E+04  2.1544E+05
   9087.54  4.4949E+04  1.7980E+05
   9093.60  5.3122E+04  2.1249E+05
   9099.67  5.4308E+04  2.1723E+05
   9105.74  5.3713E+04  2.1485E+05
   9111.81  5.5445E+04  2.2178E+05
   9117.89  5.5107E+04  2.2043E+05
   9123.97  4.9068E+04  1.9627E+05
   9130.05  5.4686E+04  2.1874E+05
   9136.14  5.2996E+04  2.1199E+05
   9142.23  5.6296E+04  2.2518E+05
   9148.33  4.0905E+04  1.6362E+05
   9154.43  5.4739E+04  2.1895E+05
   9160.53  5.5546E+04  2.2219E+05
   9166.64  5.4645E+04  2.1858E+05
   9172.76  5.6085E+04  2.2434E+05
   9178.87  4.8799E+04  1.9519E+05
   9184.99  5.6963E+04  2.2785E+05
   9191.12  5.4244E+04  2.1698E+05
   9197.25  5.4486E+04  2.1794E+05
   9203.38  5.5963E+04  2.2385E+05
   9209.52  5.4776E+04  2.1910E+05
   9215.66  5.5028E+04  2.2011E+05
   9221.81  5.4617E+04  2.1847E+05
   9227.96  5.5081E+04  2.2032E+05
   9234.11  5.0369E+04  2.0148E+05
   9240.27  5.2058E+04  2.0823E+05
   9246.43  5.4815E+04  2.1926E+05
   9252.60  5.5227E+04  2.2091E+05
   9258.77  5.5800E+04  2.2320E+05
   9264.94  5.5597E+04  2.2239E+05
   9271.12  5.5277E+04  2.2111E+05
   9277.30  5.5729E+04  2.2292E+05
   9283.49  5.4620E+04  2.1848E+05
   9289.68  5.2606E+04  2.1042E+05
   9295.87  5.4436E+04  2.1775E+05
   9302.07  5.4139E+04  2.1656E+05
   9308.28  5.3516E+04  2.1406E+05
   9314.48  5.4826E+04  2.1930E+05
   9320.70  5.4526E+04  2.1810E+05
   9326.91  5.3500E+04  2.1400E+05
   9333.13  5.4499E+04  2.1800E+05
   9339.35  5.4520E+04  2.1808E+05
   9345.58  5.4544E+04  2.1818E+05
   9351.82  5.4155E+04  2.1662E+05
   9358.05  5.4957E+04  2.1983E+05
   9364.29  5.4393E+04  2.1757E+05
   9370.54  5.4938E+04  2.1975E+05
   9376.79  5.5064E+04  2.2026E+05
   9383.04  4.9778E+04  1.9911E+05
   9389.30  5.3087E+04  2.1235E+05
   9395.56  5.3238E+04  2.1295E+05
   9401.82  5.4473E+04  2.1789E+05
   9408.09  5.4502E+04  2.1801E+05
   9414.37  5.2952E+04  2.1181E+05
   9420.64  5.2893E+04  2.1157E+05
   9426.93  5.4902E+04  2.1961E+05
   9433.21  5.4458E+04  2.1783E+05
   9439.50  5.2321E+04  2.0928E+05
   9445.80  5.3689E+04  2.1476E+05
   9452.10  5.4879E+04  2.1952E+05
   9458.40  5.3118E+04  2.1247E+05
   9464.71  5.4577E+04  2.1831E+05
   9471.02  5.4307E+04  2.1723E+05
   9477.34  5.4790E+04  2.1916E+05
   9483.66  5.2332E+04  2.0933E+05
   9489.98  5.5185E+04  2.2074E+05
   9496.31  5.5139E+04  2.2056E+05
   9502.64  5.4852E+04  2.1941E+05
   9508.98  5.4465E+04  2.1786E+05
   9515.32  5.4449E+04  2.1780E+05
   9521.67  5.4840E+04  2.1936E+05
   9528.02  5.3636E+04  2.1454E+05
   9534.37  5.4171E+04  2.1669E+05
   9540.73  5.5046E+04  2.2019E+05
   9547.09  5.4624E+04  2.1850E+05
   9553.46  5.3806E+04  2.1522E+05
   9559.83  5.5029E+04  2.2011E+05
   9566.20  5.5133E+04  2.2053E+05
   9572.58  5.5181E+04  2.2072E+05
   9578.97  5.4041E+04  2.1616E+05
   9585.35  5.2422E+04  2.0969E+05
   9591.75  5.4781E+04  2.1912E+05
   9598.14  5.4710E+04  2.1884E+05
   9604.54  5.4809E+04  2.1924E+05
   9610.95  5.4244E+04  2.1698E+05
   9617.36  5.4289E+04  2.1716E+05
   9623.77  5.4540E+04  2.1816E+05
   9630.19  5.4572E+04  2.1829E+05
   9636.61  5.4862E+04  2.1945E+05
   9643.04  5.3380E+04  2.1352E+05
   9649.47  5.4516E+04  2.1807E+05
   9655.90  5.4029E+04  2.1611E+05
   9662.34  5.4449E+04  2.1779E+05
   9668.79  5.4854E+04  2.1941E+05
   9675.23  5.4451E+04  2.1780E+05
   9681.69  5.4165E+04  2.1666E+05
   9688.14  5.3963E+04  2.1585E+05
   9694.60  5.4638E+04  2.1855E+05
   9701.07  5.4135E+04  2.1654E+05
   9707.54  5.3328E+04  2.1331E+05
   9714.01  5.1244E+04  2.0498E+05
   9720.49  5.4534E+04  2.1813E+05
   9726.97  5.4004E+04  2.1602E+05
   9733.46  5.1694E+04  2.0678E+05
   9739.95  5.4011E+04  2.1604E+05
   9746.44  5.2770E+04  2.1108E+05
   9752.94  5.4072E+04  2.1629E+05
   9759.45  5.1726E+04  2.0691E+05
   9765.95  5.1951E+04  2.0780E+05
   9772.47  5.4479E+04  2.1792E+05
   9778.98  5.3367E+04  2.1347E+05
   9785.51  5.2539E+04  2.1015E+05
   9792.03  5.0636E+04  2.0254E+05
   9798.56  5.2715E+04  2.1086E+05
   9805.10  5.0456E+04  2.0183E+05
   9811.63  5.3587E+04  2.1435E+05
   9818.18  4.9772E+04  1.9909E+05
   9824.72  5.1355E+04  2.0542E+05
   9831.28  4.9120E+04  1.9648E+05
   9837.83  4.8616E+04  1.9446E+05
   9844.39  5.1625E+04  2.0650E+05
   9850.96  5.1524E+04  2.0610E+05
   9857.53  5.0565E+04  2.0226E+05
   9864.10  4.6957E+04  1.8783E+05
   9870.68  4.7951E+04  1.9180E+05
   9877.26  5.2593E+04  2.1037E+05
   9883.85  5.1016E+04  2.0406E+05
   9890.44  5.0977E+04  2.0391E+05
   9897.04  5.2173E+04  2.0869E+05
   9903.64  4.2344E+04  1.6938E+05
   9910.24  4.6446E+04  1.8578E+05
   9916.85  4.4302E+04  1.7721E+05
   9923.46  4.9669E+04  1.9868E+05
   9930.08  4.2104E+04  1.6842E+05
   9936.70  4.8516E+04  1.9406E+05
   9943.33  5.0349E+04  2.0140E+05
   9949.96  4.9147E+04  1.9659E+05
   9956.59  5.2620E+04  2.1048E+05
   9963.23  5.2545E+04  2.1018E+05
   9969.88  5.3164E+04  2.1265E+05
   9976.53  4.9562E+04  1.9825E+05
   9983.18  5.3193E+04  2.1277E+05
   9989.84  5.2810E+04  2.1124E+05
   9996.50  5.0216E+04  2.0087E+05
  10003.16  4.1913E+04  1.6765E+05
  10009.84  4.8834E+04  1.9534E+05
  10016.51  4.8070E+04  1.9228E+05
  10023.19  5.1738E+04  2.0695E+05
  10029.87  4.8783E+04  1.9513E+05
  10036.56  4.7846E+04  1.9138E+05
  10043.26  5.1038E+04  2.0415E+05
  10049.95  5.2565E+04  2.1026E+05
  10056.66  5.0288E+04  2.0115E+05
  10063.36  4.8081E+04  1.9232E+05
  10070.07  5.1243E+04  2.0497E+05
  10076.79  5.2651E+04  2.1060E+05
  10083.51  5.2674E+04  2.1070E+05
  10090.23  4.9964E+04  1.9986E+05
  10096.96  5.2089E+04  2.0836E+05
  10103.70  5.1206E+04  2.0482E+05
  10110.43  4.7828E+04  1.9131E+05
  10117.18  5.1323E+04  2.0529E+05
  10123.92  5.1285E+04  2.0514E+05
  10130.67  5.1683E+04  2.0673E+05
  10137.43  5.0804E+04  2.0322E+05
  10144.19  5.2229E+04  2.0892E+05
  10150.95  5.1881E+04  2.0752E+05
  10157.72  5.0790E+04  2.0316E+05
  10164.50  4.3585E+04  1.7434E+05
  10171.28  5.0434E+04  2.0174E+05
  10178.06  5.2842E+04  2.1137E+05
  10184.85  5.0197E+04  2.0079E+05
  10191.64  4.1338E+04  1.6535E+05
  10198.43  5.2689E+04  2.1076E+05
  10205.24  5.2028E+04  2.0811E+05
  10212.04  5.2465E+04  2.0986E+05
  10218.85  4.5821E+04  1.8328E+05
  10225.67  5.2673E+04  2.1069E+05
  10232.48  5.1096E+04  2.0438E+05
  10239.31  5.2331E+04  2.0933E+05
  10246.14  5.2451E+04  2.0980E+05
  10252.97  4.9768E+04  1.9907E+05
  10259.81  5.2596E+04  2.1038E+05
  10266.65  5.2117E+04  2.0847E+05
  10273.50  4.8787E+04  1.9515E+05
  10280.35  5.2117E+04  2.0847E+05
  10287.20  4.8329E+04  1.9331E+05
  10294.06  4.8981E+04  1.9592E+05
  10300.93  4.7217E+04  1.8887E+05
  10307.80  5.1301E+04  2.0520E+05
  10314.67  5.1168E+04  2.0467E+05
  10321.55  5.0234E+04  2.0093E+05
  10328.43  4.8676E+04  1.9470E+05
  10335.32  5.2159E+04  2.0864E+05
  10342.21  4.2802E+04  1.7121E+05
  10349.11  4.8139E+04  1.9256E+05
  10356.01  5.0975E+04  2.0390E+05
  10362.92  4.8959E+04  1.9584E+05
  10369.83  5.2038E+04  2.0815E+05
  10376.74  5.1942E+04  2.0777E+05
  10383.66  5.1097E+04  2.0439E+05
  10390.59  4.3482E+04  1.7393E+05
  10397.52  4.9758E+04  1.9903E+05
  10404.45  4.7331E+04  1.8932E+05
  10411.39  5.1925E+04  2.0770E+05
  10418.33  5.1578E+04  2.0631E+05
  10425.28  5.1946E+04  2.0779E+05
  10432.23  5.2003E+04  2.0801E+05
  10439.19  5.1845E+04  2.0738E+05
  10446.15  5.1278E+04  2.0511E+05
  10453.12  5.2303E+04  2.0921E+05
  10460.09  5.2229E+04  2.0892E+05
  10467.06  5.0434E+04  2.0174E+05
  10474.04  4.3697E+04  1.7479E+05
  10481.03  5.1626E+04  2.0650E+05
  10488.02  5.1735E+04  2.0694E+05
  10495.01  5.1352E+04  2.0541E+05
  10502.01  5.1934E+04  2.0774E+05
  10509.01  5.1536E+04  2.0614E+05
  10516.02  4.3623E+04  1.7449E+05
  10523.03  5.1718E+04  2.0687E+05
  10530.05  5.1422E+04  2.0569E+05
  10537.07  5.1559E+04  2.0624E+05
  10544.10  5.1413E+04  2.0565E+05
  10551.13  5.0980E+04  2.0392E+05
  10558.17  5.1399E+04  2.0560E+05
  10565.21  5.1100E+04  2.0440E+05
  10572.25  4.8481E+04  1.9392E+05
  10579.30  4.8922E+04  1.9569E+05
  10586.36  5.1170E+04  2.0468E+05
  10593.42  5.1492E+04  2.0597E+05
  10600.48  5.1156E+04  2.0462E+05
  10607.55  5.1339E+04  2.0535E+05
  10614.63  5.0967E+04  2.0387E+05
  10621.70  5.0610E+04  2.0244E+05
  10628.79  5.1270E+04  2.0508E+05
  10635.88  5.0892E+04  2.0357E+05
  10642.97  5.0625E+04  2.0250E+05
  10650.07  5.1146E+04  2.0458E+05
  10657.17  5.0480E+04  2.0192E+05
  10664.28  3.4640E+04  1.3856E+05
  10671.39  5.1106E+04  2.0443E+05
  10678.50  4.9250E+04  1.9700E+05
  10685.62  5.0977E+04  2.0391E+05
  10692.75  5.0414E+04  2.0165E+05
  10699.88  5.0529E+04  2.0212E+05
  10707.02  4.9529E+04  1.9812E+05
  10714.16  5.0707E+04  2.0283E+05
  10721.30  4.7757E+04  1.9103E+05
  10728.45  5.0749E+04  2.0300E+05
  10735.61  5.1092E+04  2.0437E+05
  10742.76  5.0464E+04  2.0186E+05
  10749.93  4.9961E+04  1.9984E+05
  10757.10  5.0981E+04  2.0393E+05
  10764.27  5.0688E+04  2.0275E+05
  10771.45  4.9662E+04  1.9865E+05
  10778.63  5.0578E+04  2.0231E+05
  10785.82  5.0301E+04  2.0120E+05
  10793.01  5.0034E+04  2.0014E+05
  10800.21  5.0437E+04  2.0175E+05
  10807.41  5.0049E+04  2.0019E+05
  10814.62  4.9960E+04  1.9984E+05
  10821.83  5.0627E+04  2.0251E+05
  10829.05  4.9113E+04  1.9645E+05
  10836.27  5.0159E+04  2.0063E+05
  10843.50  5.0265E+04  2.0106E+05
  10850.73  4.9901E+04  1.9960E+05
  10857.96  4.8313E+04  1.9325E+05
  10865.20  4.9585E+04  1.9834E+05
  10872.45  4.9189E+04  1.9675E+05
  10879.70  4.9494E+04  1.9798E+05
  10886.96  4.8036E+04  1.9214E+05
  10894.22  4.9467E+04  1.9787E+05
  10901.48  4.9831E+04  1.9932E+05
  10908.75  5.0097E+04  2.0039E+05
  10916.03  4.9383E+04  1.9753E+05
  10923.31  4.9062E+04  1.9625E+05
  10930.59  4.9335E+04  1.9734E+05
  10937.88  4.9878E+04  1.9951E+05
  10945.17  4.9083E+04  1.9633E+05
  10952.47  4.9844E+04  1.9937E+05
  10959.78  4.3481E+04  1.7393E+05
  10967.08  4.8076E+04  1.9230E+05
  10974.40  4.9637E+04  1.9855E+05
  10981.72  4.6717E+04  1.8687E+05
  10989.04  4.8077E+04  1.9231E+05
  10996.37  4.9369E+04  1.9748E+05
  11003.70  4.8770E+04  1.9508E+05
  11011.04  4.8801E+04  1.9520E+05
  11018.38  4.8984E+04  1.9594E+05
  11025.73  4.5198E+04  1.8079E+05
  11033.08  4.8719E+04  1.9487E+05
  11040.44  4.7669E+04  1.9068E+05
  11047.80  4.7858E+04  1.9143E+05
  11055.17  4.8196E+04  1.9278E+05
  11062.54  4.8402E+04  1.9361E+05
  11069.92  4.8040E+04  1.9216E+05
  11077.30  4.7337E+04  1.8935E+05
  11084.69  4.8770E+04  1.9508E+05
  11092.08  4.8376E+04  1.9350E+05
  11099.48  4.8418E+04  1.9367E+05
  11106.88  4.8644E+04  1.9458E+05
  11114.29  4.8902E+04  1.9561E+05
  11121.70  4.8251E+04  1.9300E+05
  11129.11  4.7836E+04  1.9135E+05
  11136.54  4.8379E+04  1.9352E+05
  11143.96  4.7897E+04  1.9159E+05
  11151.39  4.7734E+04  1.9094E+05
  11158.83  4.8829E+04  1.9532E+05
  11166.27  4.8531E+04  1.9412E+05
  11173.72  4.6988E+04  1.8795E+05
  11181.17  4.8025E+04  1.9210E+05
  11188.63  4.7127E+04  1.8851E+05
  11196.09  4.7709E+04  1.9084E+05
  11203.55  4.7973E+04  1.9189E+05
  11211.03  4.8426E+04  1.9371E+05
  11218.50  4.8772E+04  1.9509E+05
  11225.98  4.7908E+04  1.9163E+05
  11233.47  4.7576E+04  1.9030E+05
  11240.96  4.6549E+04  1.8619E+05
  11248.46  4.8174E+04  1.9270E+05
  11255.96  2.9567E+04  1.1827E+05
  11263.46  4.7613E+04  1.9045E+05
  11270.98  4.8341E+04  1.9337E+05
  11278.49  4.5430E+04  1.8172E+05
  11286.01  4.7445E+04  1.8978E+05
  11293.54  4.8052E+04  1.9221E+05
  11301.07  4.7599E+04  1.9040E+05
  11308.61  4.6004E+04  1.8402E+05
  11316.15  4.7766E+04  1.9106E+05
  11323.69  4.7354E+04  1.8942E+05
  11331.25  4.7120E+04  1.8848E+05
  11338.80  4.7884E+04  1.9154E+05
  11346.36  4.6497E+04  1.8599E+05
  11353.93  4.7446E+04  1.8978E+05
  11361.50  4.4568E+04  1.7827E+05
  11369.08  4.7545E+04  1.9018E+05
  11376.66  4.7161E+04  1.8864E+05
  11384.25  2.8893E+04  1.1557E+05
  11391.84  4.7165E+04  1.8866E+05
  11399.44  4.6867E+04  1.8747E+05
  11407.04  2.2945E+04  9.1782E+04
  11414.64  4.6793E+04  1.8717E+05
  11422.26  4.7196E+04  1.8878E+05
  11429.87  4.6999E+04  1.8800E+05
  11437.50  4.6488E+04  1.8595E+05
  11445.12  4.7618E+04  1.9047E+05
  11452.76  4.6458E+04  1.8583E+05
  11460.39  4.7070E+04  1.8828E+05
  11468.04  4.7339E+04  1.8936E+05
  11475.68  4.6670E+04  1.8668E+05
  11483.34  4.6185E+04  1.8474E+05
  11490.99  4.7400E+04  1.8960E+05
  11498.66  4.6777E+04  1.8711E+05
  11506.32  4.6318E+04  1.8527E+05
  11514.00  4.6538E+04  1.8615E+05
  11521.68  4.6913E+04  1.8765E+05
  11529.36  4.6572E+04  1.8629E+05
  11537.05  4.7209E+04  1.8884E+05
  11544.74  4.7020E+04  1.8808E+05
  11552.44  4.5658E+04  1.8263E+05
  11560.14  4.6815E+04  1.8726E+05
  11567.85  4.6614E+04  1.8645E+05
  11575.57  4.6752E+04  1.8701E+05
  11583.29  4.6215E+04  1.8486E+05
  11591.01  4.6946E+04  1.8779E+05
  11598.74  4.6574E+04  1.8630E+05
  11606.48  4.5538E+04  1.8215E+05
  11614.22  4.6868E+04  1.8747E+05
  11621.96  4.5609E+04  1.8244E+05
  11629.71  4.6343E+04  1.8537E+05
  11637.47  4.6753E+04  1.8701E+05
  11645.23  4.6596E+04  1.8638E+05
  11652.99  4.6585E+04  1.8634E+05
  11660.76  4.5971E+04  1.8389E+05
  11668.54  4.6195E+04  1.8478E+05
  11676.32  4.6471E+04  1.8588E+05
  11684.11  4.6413E+04  1.8565E+05
  11691.90  4.5651E+04  1.8260E+05
  11699.70  4.5585E+04  1.8234E+05
  11707.50  4.5921E+04  1.8368E+05
  11715.31  4.5783E+04  1.8313E+05
  11723.12  4.6064E+04  1.8426E+05
  11730.94  4.6125E+04  1.8450E+05
  11738.76  4.5436E+04  1.8174E+05
  11746.59  4.5048E+04  1.8019E+05
  11754.42  4.5226E+04  1.8090E+05
  11762.26  4.4732E+04  1.7893E+05
  11770.10  4.5451E+04  1.8181E+05
  11777.95  4.4978E+04  1.7991E+05
  11785.81  4.5799E+04  1.8319E+05
  11793.67  4.5081E+04  1.8032E+05
  11801.53  4.4816E+04  1.7927E+05
  11809.40  4.5360E+04  1.8144E+05
  11817.28  4.5149E+04  1.8059E+05
  11825.16  4.5874E+04  1.8350E+05
  11833.04  4.5244E+04  1.8098E+05
  11840.93  4.5057E+04  1.8023E+05
  11848.83  4.5390E+04  1.8156E+05
  11856.73  4.4626E+04  1.7850E+05
  11864.64  4.5524E+04  1.8210E+05
  11872.55  4.5489E+04  1.8196E+05
  11880.47  4.5377E+04  1.8151E+05
  11888.39  4.5110E+04  1.8044E+05
  11896.32  4.5502E+04  1.8201E+05
  11904.25  4.5264E+04  1.8106E+05
  11912.19  4.5341E+04  1.8136E+05
  11920.14  4.4795E+04  1.7918E+05
  11928.08  4.4784E+04  1.7913E+05
  11936.04  4.5101E+04  1.8040E+05
  11944.00  4.5007E+04  1.8003E+05
  11951.96  4.5276E+04  1.8110E+05
  11959.93  4.5280E+04  1.8112E+05
  11967.91  4.5032E+04  1.8013E+05
  11975.89  1.2844E+04  5.1375E+04
  11983.88  4.3709E+04  1.7484E+05
  11991.87  4.4241E+04  1.7696E+05
  11999.87  4.4715E+04  1.7886E+05
  12007.87  4.5136E+04  1.8055E+05
  12015.88  4.4848E+04  1.7939E+05
  12023.89  4.4732E+04  1.7893E+05
  12031.91  4.4529E+04  1.7812E+05
  12039.93  4.5110E+04  1.8044E+05
  12047.96  4.4662E+04  1.7865E+05
  12055.99  4.0780E+04  1.6312E+05
  12064.03  4.4745E+04  1.7898E+05
  12072.08  4.4378E+04  1.7751E+05
  12080.13  4.3389E+04  1.7356E+05
  12088.19  4.4438E+04  1.7775E+05
  12096.25  4.4305E+04  1.7722E+05
  12104.31  4.4000E+04  1.7600E+05
  12112.39  4.4234E+04  1.7694E+05
  12120.46  4.3327E+04  1.7331E+05
  12128.55  4.3445E+04  1.7378E+05
  12136.63  4.3520E+04  1.7408E+05
  12144.73  4.4097E+04  1.7639E+05
  12152.83  4.4082E+04  1.7633E+05
  12160.93  4.4129E+04  1.7652E+05
  12169.04  4.3437E+04  1.7375E+05
  12177.15  4.4388E+04  1.7755E+05
  12185.28  4.3848E+04  1.7539E+05
  12193.40  3.6477E+04  1.4591E+05
  12201.53  4.3921E+04  1.7569E+05
  12209.67  4.4154E+04  1.7662E+05
  12217.81  4.4158E+04  1.7663E+05
  12225.96  4.3949E+04  1.7580E+05
  12234.11  4.3976E+04  1.7590E+05
  12242.27  4.3609E+04  1.7444E+05
  12250.44  4.4066E+04  1.7626E+05
  12258.60  4.4055E+04  1.7622E+05
  12266.78  4.3299E+04  1.7320E+05
  12274.96  4.3584E+04  1.7434E+05
  12283.15  4.4004E+04  1.7602E+05
  12291.34  4.3558E+04  1.7423E+05
  12299.53  4.3766E+04  1.7507E+05
  12307.74  4.3136E+04  1.7254E+05
  12315.94  4.3640E+04  1.7456E+05
  12324.16  4.3206E+04  1.7282E+05
  12332.37  4.3224E+04  1.7290E+05
  12340.60  4.3776E+04  1.7511E+05
  12348.83  4.3203E+04  1.7281E+05
  12357.06  4.3076E+04  1.7230E+05
  12365.30  4.3407E+04  1.7363E+05
  12373.55  4.3698E+04  1.7479E+05
  12381.80  4.3475E+04  1.7390E+05
  12390.06  4.3624E+04  1.7450E+05
  12398.32  4.3278E+04  1.7311E+05
  12406.59  4.1666E+04  1.6666E+05
  12414.86  4.2621E+04  1.7048E+05
  12423.14  4.2639E+04  1.7056E+05
  12431.43  4.2312E+04  1.6925E+05
  12439.72  4.2171E+04  1.6869E+05
  12448.01  4.3166E+04  1.7267E+05
  12456.31  4.1900E+04  1.6760E+05
  12464.62  4.3018E+04  1.7207E+05
  12472.93  4.2834E+04  1.7134E+05
  12481.25  4.2926E+04  1.7170E+05
  12489.57  4.2736E+04  1.7095E+05
  12497.90  4.2937E+04  1.7175E+05
  12506.24  4.2709E+04  1.7084E+05
  12514.58  4.2462E+04  1.6985E+05
  12522.92  4.2552E+04  1.7021E+05
  12531.27  4.2578E+04  1.7031E+05
  12539.63  4.2811E+04  1.7124E+05
  12547.99  4.2278E+04  1.6911E+05
  12556.36  4.2695E+04  1.7078E+05
  12564.73  4.2597E+04  1.7039E+05
  12573.11  4.2330E+04  1.6932E+05
  12581.50  4.1346E+04  1.6538E+05
  12589.89  4.2562E+04  1.7025E+05
  12598.28  4.1693E+04  1.6677E+05
  12606.68  4.2416E+04  1.6966E+05
  12615.09  4.2352E+04  1.6941E+05
  12623.50  4.1248E+04  1.6499E+05
  12631.92  4.1518E+04  1.6607E+05
  12640.35  4.2351E+04  1.6941E+05
  12648.78  4.2142E+04  1.6857E+05
  12657.21  4.2293E+04  1.6917E+05
  12665.65  4.2315E+04  1.6926E+05
  12674.10  4.2239E+04  1.6896E+05
  12682.55  2.1203E+04  8.4811E+04
  12691.01  4.1816E+04  1.6726E+05
  12699.47  4.2012E+04  1.6805E+05
  12707.94  4.1799E+04  1.6720E+05
  12716.41  4.1936E+04  1.6774E+05
  12724.89  4.1800E+04  1.6720E+05
  12733.38  4.2001E+04  1.6800E+05
  12741.87  2.6314E+04  1.0526E+05
  12750.37  4.1933E+04  1.6773E+05
  12758.87  4.1723E+04  1.6689E+05
  12767.38  4.1632E+04  1.6653E+05
  12775.89  4.1686E+04  1.6674E+05
  12784.41  4.1877E+04  1.6751E+05
  12792.94  4.0417E+04  1.6167E+05
  12801.47  4.1547E+04  1.6619E+05
  12810.01  4.1652E+04  1.6661E+05
  12818.55  4.0249E+04  1.6100E+05
  12827.10  4.1656E+04  1.6663E+05
  12835.65  4.1224E+04  1.6490E+05
  12844.21  3.8032E+04  1.5213E+05
  12852.78  4.1687E+04  1.6675E+05
  12861.35  4.1309E+04  1.6524E+05
  12869.92  4.1401E+04  1.6560E+05
  12878.51  4.1553E+04  1.6621E+05
  12887.10  4.1298E+04  1.6519E+05
  12895.69  4.0508E+04  1.6203E+05
  12904.29  4.1171E+04  1.6468E+05
  12912.89  4.0848E+04  1.6339E+05
  12921.51  4.1431E+04  1.6572E+05
  12930.12  4.1335E+04  1.6534E+05
  12938.74  4.1258E+04  1.6503E+05
  12947.37  4.1215E+04  1.6486E+05
  12956.01  4.0701E+04  1.6280E+05
  12964.65  4.0888E+04  1.6355E+05
  12973.29  4.1222E+04  1.6489E+05
  12981.94  4.1032E+04  1.6413E+05
  12990.60  4.0292E+04  1.6117E+05
  12999.26  4.1007E+04  1.6403E+05
  13007.93  4.1003E+04  1.6401E+05
  13016.61  4.0987E+04  1.6395E+05
  13025.29  4.0795E+04  1.6318E+05
  13033.97  4.0943E+04  1.6377E+05
  13042.67  4.0908E+04  1.6363E+05
  13051.36  4.0785E+04  1.6314E+05
  13060.07  4.0669E+04  1.6268E+05
  13068.78  4.0764E+04  1.6306E+05
  13077.49  4.0778E+04  1.6311E+05
  13086.21  4.0398E+04  1.6159E+05
  13094.94  4.0469E+04  1.6188E+05
  13103.67  4.0553E+04  1.6221E+05
  13112.41  4.0616E+04  1.6246E+05
  13121.16  4.0645E+04  1.6258E+05
  13129.91  4.0016E+04  1.6006E+05
  13138.66  4.0235E+04  1.6094E+05
  13147.42  4.0473E+04  1.6189E+05
  13156.19  3.9748E+04  1.5899E+05
  13164.96  4.0456E+04  1.6183E+05
  13173.74  4.0049E+04  1.6020E+05
  13182.53  4.0251E+04  1.6101E+05
  13191.32  4.0049E+04  1.6020E+05
  13200.12  3.9697E+04  1.5879E+05
  13208.92  4.0022E+04  1.6009E+05
  13217.73  3.9828E+04  1.5931E+05
  13226.54  3.9976E+04  1.5990E+05
  13235.36  3.9977E+04  1.5991E+05
  13244.19  4.0105E+04  1.6042E+05
  13253.02  3.9865E+04  1.5946E+05
  13261.86  3.8895E+04  1.5558E+05
  13270.70  3.8522E+04  1.5409E+05
  13279.55  3.9598E+04  1.5839E+05
  13288.41  3.8321E+04  1.5328E+05
  13297.27  3.8510E+04  1.5404E+05
  13306.14  3.9171E+04  1.5668E+05
  13315.01  3.8517E+04  1.5407E+05
  13323.89  3.6592E+04  1.4637E+05
  13332.78  3.9390E+04  1.5756E+05
  13341.67  3.6976E+04  1.4790E+05
  13350.56  3.4628E+04  1.3851E+05
  13359.47  3.6428E+04  1.4571E+05
  13368.38  3.9167E+04  1.5667E+05
  13377.29  3.1287E+04  1.2515E+05
  13386.21  3.8868E+04  1.5547E+05
  13395.14  3.9476E+04  1.5790E+05
  13404.07  3.9147E+04  1.5659E+05
  13413.01  3.8686E+04  1.5475E+05
  13421.95  3.7089E+04  1.4836E+05
  13430.90  3.8506E+04  1.5402E+05
  13439.86  3.6058E+04  1.4423E+05
  13448.82  3.4663E+04  1.3865E+05
  13457.79  3.8481E+04  1.5392E+05
  13466.77  3.8478E+04  1.5391E+05
  13475.75  3.8962E+04  1.5585E+05
  13484.73  3.8065E+04  1.5226E+05
  13493.73  3.9079E+04  1.5631E+05
  13502.73  3.6680E+04  1.4672E+05
  13511.73  3.9040E+04  1.5616E+05
  13520.74  3.8926E+04  1.5571E+05
  13529.76  3.7470E+04  1.4988E+05
  13538.78  3.6964E+04  1.4785E+05
  13547.81  3.8935E+04  1.5574E+05
  13556.84  3.6339E+04  1.4536E+05
  13565.88  3.3383E+04  1.3353E+05
  13574.93  3.3530E+04  1.3412E+05
  13583.98  3.6508E+04  1.4603E+05
  13593.04  3.8148E+04  1.5259E+05
  13602.11  3.6564E+04  1.4625E+05
  13611.18  3.6007E+04  1.4403E+05
  13620.25  3.5927E+04  1.4371E+05
  13629.34  3.5900E+04  1.4360E+05
  13638.43  3.6708E+04  1.4683E+05
  13647.52  3.7017E+04  1.4807E+05
  13656.62  3.8231E+04  1.5292E+05
  13665.73  3.4923E+04  1.3969E+05
  13674.84  3.7153E+04  1.4861E+05
  13683.96  3.7387E+04  1.4955E+05
  13693.09  3.4278E+04  1.3711E+05
  13702.22  3.7062E+04  1.4825E+05
  13711.36  3.7934E+04  1.5174E+05
  13720.50  3.6142E+04  1.4457E+05
  13729.65  3.6123E+04  1.4449E+05
  13738.80  3.6851E+04  1.4741E+05
  13747.97  3.7260E+04  1.4904E+05
  13757.13  3.6660E+04  1.4664E+05
  13766.31  3.7815E+04  1.5126E+05
  13775.49  3.7197E+04  1.4879E+05
  13784.68  3.4495E+04  1.3798E+05
  13793.87  3.6421E+04  1.4568E+05
  13803.07  3.7045E+04  1.4818E+05
  13812.27  3.6002E+04  1.4401E+05
  13821.48  3.7193E+04  1.4877E+05
  13830.70  3.5620E+04  1.4248E+05
  13839.92  3.7446E+04  1.4978E+05
  13849.15  3.6873E+04  1.4749E+05
  13858.39  3.0734E+04  1.2294E+05
  13867.63  3.7467E+04  1.4987E+05
  13876.88  3.6981E+04  1.4792E+05
  13886.13  3.5521E+04  1.4208E+05
  13895.39  3.5537E+04  1.4215E+05
  13904.66  3.5398E+04  1.4159E+05
  13913.93  3.1249E+04  1.2499E+05
  13923.21  3.7129E+04  1.4851E+05
  13932.49  2.5367E+04  1.0147E+05
  13941.79  3.4087E+04  1.3635E+05
  13951.08  3.3755E+04  1.3502E+05
  13960.39  3.0957E+04  1.2383E+05
  13969.70  3.7011E+04  1.4804E+05
  13979.01  3.6476E+04  1.4590E+05
  13988.33  3.2149E+04  1.2860E+05
  13997.66  3.3039E+04  1.3215E+05
  14007.00  2.0888E+04  8.3552E+04
  14016.34  3.5778E+04  1.4311E+05
  14025.68  3.5803E+04  1.4321E+05
  14035.04  3.5955E+04  1.4382E+05
  14044.40  2.4053E+04  9.6211E+04
  14053.76  3.6013E+04  1.4405E+05
  14063.14  3.4871E+04  1.3949E+05
  14072.51  3.1824E+04  1.2729E+05
  14081.90  3.4966E+04  1.3986E+05
  14091.29  3.5503E+04  1.4201E+05
  14100.69  3.3691E+04  1.3477E+05
  14110.09  3.5600E+04  1.4240E+05
  14119.50  3.5518E+04  1.4207E+05
  14128.91  3.4182E+04  1.3673E+05
  14138.34  3.6219E+04  1.4488E+05
  14147.76  3.5125E+04  1.4050E+05
  14157.20  3.4171E+04  1.3668E+05
  14166.64  3.3108E+04  1.3243E+05
  14176.09  3.0872E+04  1.2349E+05
  14185.54  2.8041E+04  1.1216E+05
  14195.00  3.4134E+04  1.3653E+05
  14204.47  3.5571E+04  1.4228E+05
  14213.94  3.3992E+04  1.3597E+05
  14223.42  3.0526E+04  1.2211E+05
  14232.90  3.0833E+04  1.2333E+05
  14242.40  3.5064E+04  1.4026E+05
  14251.89  3.3980E+04  1.3592E+05
  14261.40  3.3897E+04  1.3559E+05
  14270.91  3.2299E+04  1.2920E+05
  14280.42  3.1917E+04  1.2767E+05
  14289.95  3.1002E+04  1.2401E+05
  14299.48  3.2519E+04  1.3008E+05
  14309.01  3.4299E+04  1.3720E+05
  14318.55  3.2495E+04  1.2998E+05
  14328.10  3.1965E+04  1.2786E+05
  14337.66  3.0865E+04  1.2346E+05
  14347.22  3.3594E+04  1.3438E+05
  14356.79  2.6846E+04  1.0738E+05
  14366.36  3.5404E+04  1.4162E+05
  14375.94  3.3625E+04  1.3450E+05
  14385.53  3.5605E+04  1.4242E+05
  14395.12  2.5781E+04  1.0312E+05
  14404.72  3.1911E+04  1.2764E+05
  14414.33  3.4801E+04  1.3920E+05
  14423.94  3.3849E+04  1.3540E+05
  14433.56  2.8603E+04  1.1441E+05
  14443.18  3.0203E+04  1.2081E+05
  14452.82  2.9437E+04  1.1775E+05
  14462.45  3.4348E+04  1.3739E+05
  14472.10  3.4160E+04  1.3664E+05
  14481.75  3.4438E+04  1.3775E+05
  14491.41  3.3832E+04  1.3533E+05
  14501.07  3.4333E+04  1.3733E+05
  14510.74  2.5172E+04  1.0069E+05
  14520.42  3.4677E+04  1.3871E+05
  14530.10  3.3693E+04  1.3477E+05
  14539.79  3.3929E+04  1.3571E+05
  14549.49  3.4278E+04  1.3711E+05
  14559.19  3.4175E+04  1.3670E+05
  14568.90  3.2334E+04  1.2934E+05
  14578.61  3.4299E+04  1.3720E+05
  14588.34  3.3412E+04  1.3365E+05
  14598.06  2.9511E+04  1.1804E+05
  14607.80  2.7066E+04  1.0826E+05
  14617.54  2.7364E+04  1.0945E+05
  14627.29  3.0007E+04  1.2003E+05
  14637.04  3.1830E+04  1.2732E+05
  14646.80  3.3668E+04  1.3467E+05
  14656.57  3.4808E+04  1.3923E+05
  14666.35  3.2567E+04  1.3027E+05
  14676.13  3.3033E+04  1.3213E+05
  14685.91  3.2982E+04  1.3193E+05
  14695.71  3.3100E+04  1.3240E+05
  14705.51  3.2025E+04  1.2810E+05
  14715.31  3.2591E+04  1.3036E+05
  14725.13  3.2270E+04  1.2908E+05
  14734.95  3.4389E+04  1.3755E+05
  14744.77  3.3121E+04  1.3248E+05
  14754.61  2.9615E+04  1.1846E+05
  14764.44  2.7912E+04  1.1165E+05
  14774.29  3.1988E+04  1.2795E+05
  14784.14  3.0351E+04  1.2140E+05
  14794.00  3.3382E+04  1.3353E+05
  14803.87  3.2637E+04  1.3055E+05
  14813.74  3.3017E+04  1.3207E+05
  14823.62  3.2324E+04  1.2929E+05
  14833.50  3.1878E+04  1.2751E+05
  14843.40  3.1377E+04  1.2551E+05
  14853.29  3.1301E+04  1.2520E+05
  14863.20  3.3402E+04  1.3361E+05
  14873.11  3.3498E+04  1.3399E+05
  14883.03  3.1762E+04  1.2705E+05
  14892.95  3.3099E+04  1.3240E+05
  14902.89  3.0932E+04  1.2373E+05
  14912.82  3.3509E+04  1.3404E+05
  14922.77  3.3126E+04  1.3251E+05
  14932.72  3.1609E+04  1.2644E+05
  14942.68  3.0775E+04  1.2310E+05
  14952.64  3.3003E+04  1.3201E+05
  14962.62  3.2593E+04  1.3037E+05
  14972.59  3.3136E+04  1.3254E+05
  14982.58  3.1124E+04  1.2449E+05
  14992.57  3.0606E+04  1.2243E+05
  15002.57  3.0359E+04  1.2144E+05
  15012.57  3.0351E+04  1.2140E+05
  15022.58  3.1097E+04  1.2439E+05
  15032.60  3.2851E+04  1.3140E+05
  15042.63  3.3348E+04  1.3339E+05
  15052.66  2.9587E+04  1.1835E+05
  15062.70  3.2055E+04  1.2822E+05
  15072.74  3.3130E+04  1.3252E+05
  15082.79  3.1216E+04  1.2487E+05
  15092.85  3.3160E+04  1.3264E+05
  15102.92  3.1866E+04  1.2746E+05
  15112.99  3.2765E+04  1.3106E+05
  15123.07  3.2492E+04  1.2997E+05
  15133.15  2.9674E+04  1.1869E+05
  15143.24  3.1058E+04  1.2423E+05
  15153.34  3.2215E+04  1.2886E+05
  15163.45  3.2010E+04  1.2804E+05
  15173.56  2.9498E+04  1.1799E+05
  15183.68  3.2073E+04  1.2829E+05
  15193.80  3.0952E+04  1.2381E+05
  15203.93  3.2476E+04  1.2990E+05
  15214.07  3.2942E+04  1.3177E+05
  15224.22  2.9884E+04  1.1954E+05
  15234.37  3.1707E+04  1.2683E+05
  15244.53  2.8523E+04  1.1409E+05
  15254.70  3.1583E+04  1.2633E+05
  15264.87  3.2434E+04  1.2974E+05
  15275.05  3.0611E+04  1.2245E+05
  15285.24  1.9565E+04  7.8260E+04
  15295.43  3.1375E+04  1.2550E+05
  15305.63  3.1096E+04  1.2438E+05
  15315.84  3.1444E+04  1.2578E+05
  15326.05  3.1049E+04  1.2419E+05
  15336.27  3.1117E+04  1.2447E+05
  15346.50  3.2481E+04  1.2992E+05
  15356.73  3.2398E+04  1.2959E+05
  15366.97  3.0972E+04  1.2389E+05
  15377.22  3.1718E+04  1.2687E+05
  15387.47  2.7212E+04  1.0885E+05
  15397.74  3.1836E+04  1.2734E+05
  15408.00  3.1425E+04  1.2570E+05
  15418.28  3.1626E+04  1.2650E+05
  15428.56  3.1503E+04  1.2601E+05
  15438.85  2.5698E+04  1.0279E+05
  15449.15  3.0415E+04  1.2166E+05
  15459.45  3.1786E+04  1.2714E+05
  15469.76  3.0401E+04  1.2160E+05
  15480.07  3.1288E+04  1.2515E+05
  15490.40  3.0273E+04  1.2109E+05
  15500.73  2.9542E+04  1.1817E+05
  15511.06  3.1853E+04  1.2741E+05
  15521.41  3.1253E+04  1.2501E+05
  15531.76  3.1213E+04  1.2485E+05
  15542.12  3.1520E+04  1.2608E+05
  15552.48  3.2758E+04  1.3103E+05
  15562.85  3.2821E+04  1.3129E+05
  15573.23  3.1818E+04  1.2727E+05
  15583.62  3.1170E+04  1.2468E+05
  15594.01  3.1100E+04  1.2440E+05
  15604.41  3.1485E+04  1.2594E+05
  15614.81  3.1831E+04  1.2732E+05
  15625.23  3.2405E+04  1.2962E+05
  15635.65  3.1488E+04  1.2595E+05
  15646.07  3.1121E+04  1.2448E+05
  15656.51  2.9164E+04  1.1666E+05
  15666.95  3.2164E+04  1.2865E+05
  15677.40  3.0533E+04  1.2213E+05
  15687.85  3.0881E+04  1.2352E+05
  15698.31  3.1802E+04  1.2721E+05
  15708.78  3.1080E+04  1.2432E+05
  15719.26  3.1735E+04  1.2694E+05
  15729.74  3.1633E+04  1.2653E+05
  15740.23  3.2035E+04  1.2814E+05
  15750.73  3.1327E+04  1.2531E+05
  15761.23  3.1588E+04  1.2635E+05
  15771.74  3.0959E+04  1.2384E+05
  15782.26  3.0624E+04  1.2250E+05
  15792.78  3.1197E+04  1.2479E+05
  15803.31  3.0416E+04  1.2166E+05
  15813.85  3.0224E+04  1.2090E+05
  15824.40  3.1481E+04  1.2592E+05
  15834.95  3.0839E+04  1.2335E+05
  15845.51  3.1236E+04  1.2495E+05
  15856.08  3.1770E+04  1.2708E+05
  15866.65  3.0339E+04  1.2136E+05
  15877.23  3.1061E+04  1.2425E+05
  15887.82  3.0613E+04  1.2245E+05
  15898.42  2.9660E+04  1.1864E+05
  15909.02  3.0769E+04  1.2308E+05
  15919.63  3.1316E+04  1.2526E+05
  15930.24  3.1136E+04  1.2454E+05
  15940.87  3.1115E+04  1.2446E+05
  15951.50  3.1505E+04  1.2602E+05
  15962.13  3.1471E+04  1.2588E+05
  15972.78  2.9456E+04  1.1782E+05
  15983.43  2.9307E+04  1.1723E+05
  15994.09  3.0217E+04  1.2087E+05
  16004.76  3.0847E+04  1.2339E+05
  16015.43  3.0327E+04  1.2131E+05
  16026.11  3.0775E+04  1.2310E+05
  16036.80  3.1715E+04  1.2686E+05
  16047.49  3.0148E+04  1.2059E+05
  16058.19  3.0733E+04  1.2293E+05
  16068.90  3.1578E+04  1.2631E+05
  16079.62  3.1317E+04  1.2527E+05
  16090.34  3.2032E+04  1.2813E+05
  16101.07  3.1824E+04  1.2729E+05
  16111.81  3.1126E+04  1.2451E+05
  16122.55  3.0378E+04  1.2151E+05
  16133.30  3.1238E+04  1.2495E+05
  16144.06  3.0763E+04  1.2305E+05
  16154.83  3.1084E+04  1.2434E+05
  16165.60  3.1630E+04  1.2652E+05
  16176.38  3.1550E+04  1.2620E+05
  16187.17  3.0619E+04  1.2248E+05
  16197.96  3.1183E+04  1.2473E+05
  16208.76  2.9436E+04  1.1774E+05
  16219.57  3.0428E+04  1.2171E+05
  16230.39  2.5946E+04  1.0378E+05
  16241.21  3.0704E+04  1.2282E+05
  16252.04  1.8687E+04  7.4748E+04
  16262.88  3.0285E+04  1.2114E+05
  16273.73  2.9745E+04  1.1898E+05
  16284.58  3.0923E+04  1.2369E+05
  16295.44  3.0306E+04  1.2122E+05
  16306.31  3.1155E+04  1.2462E+05
  16317.18  2.6663E+04  1.0665E+05
  16328.06  3.0813E+04  1.2325E+05
  16338.95  3.0600E+04  1.2240E+05
  16349.85  3.0025E+04  1.2010E+05
  16360.75  3.0407E+04  1.2163E+05
  16371.66  2.4865E+04  9.9458E+04
  16382.58  3.0520E+04  1.2208E+05
  16393.50  2.9040E+04  1.1616E+05
  16404.43  2.8247E+04  1.1299E+05
  16415.37  3.0128E+04  1.2051E+05
  16426.32  3.0674E+04  1.2270E+05
  16437.28  2.9008E+04  1.1603E+05
  16448.24  2.7663E+04  1.1065E+05
  16459.21  2.8879E+04  1.1552E+05
  16470.18  3.0684E+04  1.2273E+05
  16481.17  2.8942E+04  1.1577E+05
  16492.16  3.0073E+04  1.2029E+05
  16503.15  3.0638E+04  1.2255E+05
  16514.16  3.0317E+04  1.2127E+05
  16525.17  3.0287E+04  1.2115E+05
  16536.19  2.9857E+04  1.1943E+05
  16547.22  3.0076E+04  1.2030E+05
  16558.25  3.0380E+04  1.2152E+05
  16569.30  3.0505E+04  1.2202E+05
  16580.35  2.9812E+04  1.1925E+05
  16591.40  2.9705E+04  1.1882E+05
  16602.47  3.0303E+04  1.2121E+05
  16613.54  2.9797E+04  1.1919E+05
  16624.62  2.9899E+04  1.1960E+05
  16635.70  2.9363E+04  1.1745E+05
  16646.80  2.9127E+04  1.1651E+05
  16657.90  2.7773E+04  1.1109E+05
  16669.01  2.9588E+04  1.1835E+05
  16680.12  2.8144E+04  1.1258E+05
  16691.25  2.9925E+04  1.1970E+05
  16702.38  2.9236E+04  1.1694E+05
  16713.52  2.9475E+04  1.1790E+05
  16724.66  2.8936E+04  1.1574E+05
  16735.82  2.9236E+04  1.1695E+05
  16746.98  2.9413E+04  1.1765E+05
  16758.14  2.9531E+04  1.1812E+05
  16769.32  2.9070E+04  1.1628E+05
  16780.50  2.9011E+04  1.1604E+05
  16791.69  2.9066E+04  1.1626E+05
  16802.89  2.9078E+04  1.1631E+05
  16814.10  2.9097E+04  1.1639E+05
  16825.31  2.9016E+04  1.1606E+05
  16836.53  2.9332E+04  1.1733E+05
  16847.76  2.8277E+04  1.1311E+05
  16858.99  2.8865E+04  1.1546E+05
  16870.23  2.7396E+04  1.0959E+05
  16881.48  2.8826E+04  1.1530E+05
  16892.74  2.7987E+04  1.1195E+05
  16904.01  2.8446E+04  1.1378E+05
  16915.28  2.8844E+04  1.1538E+05
  16926.56  2.8242E+04  1.1297E+05
  16937.85  2.8995E+04  1.1598E+05
  16949.14  2.7714E+04  1.1086E+05
  16960.45  2.6979E+04  1.0791E+05
  16971.76  2.6958E+04  1.0783E+05
  16983.07  2.8598E+04  1.1439E+05
  16994.40  2.8224E+04  1.1289E+05
  17005.73  2.8458E+04  1.1383E+05
  17017.07  2.8340E+04  1.1336E+05
  17028.42  2.8114E+04  1.1246E+05
  17039.78  2.8041E+04  1.1216E+05
  17051.14  2.8007E+04  1.1203E+05
  17062.51  2.8322E+04  1.1329E+05
  17073.89  2.7783E+04  1.1113E+05
  17085.28  2.6971E+04  1.0788E+05
  17096.67  2.7404E+04  1.0962E+05
  17108.07  2.6306E+04  1.0522E+05
  17119.48  2.7055E+04  1.0822E+05
  17130.90  2.6842E+04  1.0737E+05
  17142.32  2.6307E+04  1.0523E+05
  17153.75  2.7179E+04  1.0872E+05
  17165.19  2.7078E+04  1.0831E+05
  17176.64  2.6848E+04  1.0739E+05
  17188.09  2.3973E+04  9.5894E+04
  17199.55  2.6116E+04  1.0446E+05
  17211.02  2.3851E+04  9.5403E+04
  17222.50  2.6805E+04  1.0722E+05
  17233.99  2.6978E+04  1.0791E+05
  17245.48  2.7394E+04  1.0958E+05
  17256.98  2.5331E+04  1.0132E+05
  17268.49  2.6390E+04  1.0556E+05
  17280.00  2.6514E+04  1.0606E+05
  17291.53  2.6624E+04  1.0649E+05
  17303.06  2.4809E+04  9.9235E+04
  17314.60  2.6859E+04  1.0744E+05
  17326.14  2.3157E+04  9.2630E+04
  17337.70  2.6532E+04  1.0613E+05
  17349.26  2.4851E+04  9.9406E+04
  17360.83  2.6181E+04  1.0472E+05
  17372.41  2.5739E+04  1.0296E+05
  17383.99  2.0432E+04  8.1729E+04
  17395.58  2.5922E+04  1.0369E+05
  17407.19  2.3998E+04  9.5994E+04
  17418.79  2.5799E+04  1.0320E+05
  17430.41  2.5496E+04  1.0198E+05
  17442.03  2.5585E+04  1.0234E+05
  17453.66  2.1937E+04  8.7747E+04
  17465.30  2.6101E+04  1.0440E+05
  17476.95  2.5341E+04  1.0137E+05
  17488.61  2.5511E+04  1.0205E+05
  17500.27  2.0740E+04  8.2961E+04
  17511.94  2.5903E+04  1.0361E+05
  17523.62  2.5707E+04  1.0283E+05
  17535.30  2.5682E+04  1.0273E+05
  17547.00  2.4009E+04  9.6035E+04
  17558.70  1.7378E+04  6.9511E+04
  17570.41  2.1977E+04  8.7909E+04
  17582.12  2.4348E+04  9.7392E+04
  17593.85  2.1400E+04  8.5600E+04
  17605.58  2.3499E+04  9.3995E+04
  17617.32  2.4583E+04  9.8333E+04
  17629.07  2.5139E+04  1.0056E+05
  17640.83  2.2021E+04  8.8086E+04
  17652.59  2.2203E+04  8.8812E+04
  17664.36  2.4644E+04  9.8575E+04
  17676.14  2.3552E+04  9.4209E+04
  17687.93  2.4042E+04  9.6167E+04
  17699.73  2.3851E+04  9.5405E+04
  17711.53  2.3174E+04  9.2695E+04
  17723.34  1.7841E+04  7.1364E+04
  17735.16  2.2465E+04  8.9861E+04
  17746.99  2.3016E+04  9.2065E+04
  17758.82  2.0359E+04  8.1435E+04
  17770.66  2.3820E+04  9.5279E+04
  17782.52  2.3023E+04  9.2091E+04
  17794.37  1.8287E+04  7.3149E+04
  17806.24  2.4221E+04  9.6884E+04
  17818.11  2.0293E+04  8.1173E+04
  17830.00  1.6980E+04  6.7921E+04
  17841.89  2.2547E+04  9.0189E+04
  17853.79  2.1607E+04  8.6429E+04
  17865.69  1.7967E+04  7.1866E+04
  17877.61  2.0525E+04  8.2100E+04
  17889.53  2.3645E+04  9.4581E+04
  17901.46  2.2410E+04  8.9642E+04
  17913.40  1.9515E+04  7.8060E+04
  17925.34  2.3651E+04  9.4604E+04
  17937.30  2.1265E+04  8.5058E+04
  17949.26  2.0960E+04  8.3839E+04
  17961.23  2.0997E+04  8.3986E+04
  17973.20  2.3630E+04  9.4518E+04
  17985.19  2.3526E+04  9.4106E+04
  17997.18  2.2924E+04  9.1698E+04
  18009.19  1.3897E+04  5.5589E+04
  18021.20  2.3941E+04  9.5762E+04
  18033.21  2.0404E+04  8.1614E+04
  18045.24  2.1598E+04  8.6390E+04
  18057.27  2.3536E+04  9.4143E+04
  18069.31  2.0773E+04  8.3092E+04
  18081.36  1.7328E+04  6.9311E+04
  18093.42  2.1707E+04  8.6827E+04
  18105.49  1.7151E+04  6.8605E+04
  18117.56  2.2116E+04  8.8464E+04
  18129.64  2.3025E+04  9.2100E+04
  18141.73  2.1931E+04  8.7725E+04
  18153.83  2.1930E+04  8.7720E+04
  18165.94  2.2680E+04  9.0720E+04
  18178.05  1.9266E+04  7.7062E+04
  18190.17  2.2661E+04  9.0645E+04
  18202.31  1.7437E+04  6.9746E+04
  18214.44  2.1995E+04  8.7978E+04
  18226.59  1.9968E+04  7.9872E+04
  18238.75  2.1382E+04  8.5529E+04
  18250.91  2.0515E+04  8.2058E+04
  18263.08  1.0988E+04  4.3950E+04
  18275.26  1.8411E+04  7.3643E+04
  18287.44  2.1701E+04  8.6805E+04
  18299.64  1.9972E+04  7.9888E+04
  18311.84  2.1111E+04  8.4445E+04
  18324.06  2.1282E+04  8.5128E+04
  18336.27  2.2201E+04  8.8805E+04
  18348.50  2.1943E+04  8.7773E+04
  18360.74  2.2182E+04  8.8728E+04
  18372.98  2.2154E+04  8.8617E+04
  18385.24  1.9771E+04  7.9086E+04
  18397.50  1.4597E+04  5.8389E+04
  18409.76  2.1833E+04  8.7330E+04
  18422.04  1.9784E+04  7.9137E+04
  18434.33  1.8424E+04  7.3698E+04
  18446.62  1.8682E+04  7.4729E+04
  18458.92  1.8557E+04  7.4229E+04
  18471.23  1.5932E+04  6.3729E+04
  18483.55  1.7208E+04  6.8832E+04
  18495.87  1.2143E+04  4.8573E+04
  18508.21  1.7594E+04  7.0377E+04
  18520.55  2.1165E+04  8.4661E+04
  18532.90  1.7991E+04  7.1962E+04
  18545.26  2.0668E+04  8.2670E+04
  18557.63  1.6958E+04  6.7831E+04
  18570.00  1.8756E+04  7.5024E+04
  18582.39  2.0585E+04  8.2341E+04
  18594.78  1.8793E+04  7.5172E+04
  18607.18  1.9949E+04  7.9795E+04
  18619.59  1.9259E+04  7.7037E+04
  18632.01  1.7220E+04  6.8879E+04
  18644.43  2.0782E+04  8.3129E+04
  18656.86  1.8224E+04  7.2896E+04
  18669.31  1.9153E+04  7.6610E+04
  18681.76  1.1956E+04  4.7823E+04
  18694.21  2.0519E+04  8.2074E+04
  18706.68  2.1068E+04  8.4274E+04
  18719.15  1.7025E+04  6.8099E+04
  18731.64  1.4170E+04  5.6682E+04
  18744.13  1.7519E+04  7.0076E+04
  18756.63  1.7966E+04  7.1863E+04
  18769.14  1.8068E+04  7.2270E+04
  18781.65  2.0385E+04  8.1539E+04
  18794.18  1.8013E+04  7.2053E+04
  18806.71  2.0424E+04  8.1695E+04
  18819.25  1.8545E+04  7.4180E+04
  18831.80  1.9707E+04  7.8828E+04
  18844.36  1.6999E+04  6.7997E+04
  18856.93  1.8264E+04  7.3057E+04
  18869.50  1.5220E+04  6.0879E+04
  18882.09  1.7770E+04  7.1079E+04
  18894.68  2.0376E+04  8.1504E+04
  18907.28  1.6533E+04  6.6134E+04
  18919.89  1.5528E+04  6.2111E+04
  18932.50  1.5703E+04  6.2813E+04
  18945.13  1.9362E+04  7.7447E+04
  18957.76  1.7715E+04  7.0860E+04
  18970.41  1.9449E+04  7.7797E+04
  18983.06  1.5994E+04  6.3975E+04
  18995.72  1.9299E+04  7.7197E+04
  19008.38  2.0051E+04  8.0205E+04
  19021.06  1.9815E+04  7.9260E+04
  19033.74  1.8637E+04  7.4549E+04
  19046.44  1.7036E+04  6.8145E+04
  19059.14  1.6950E+04  6.7799E+04
  19071.85  1.8101E+04  7.2405E+04
  19084.57  1.9173E+04  7.6690E+04
  19097.29  1.8684E+04  7.4737E+04
  19110.03  1.7868E+04  7.1471E+04
  19122.77  1.9530E+04  7.8121E+04
  19135.53  1.8748E+04  7.4991E+04
  19148.29  1.6139E+04  6.4556E+04
  19161.06  1.4691E+04  5.8762E+04
  19173.83  1.7667E+04  7.0668E+04
  19186.62  1.6432E+04  6.5729E+04
  19199.41  1.6651E+04  6.6603E+04
  19212.22  1.8349E+04  7.3395E+04
  19225.03  1.4653E+04  5.8613E+04
  19237.85  1.7452E+04  6.9810E+04
  19250.68  1.7735E+04  7.0938E+04
  19263.52  1.4794E+04  5.9178E+04
  19276.36  1.7897E+04  7.1588E+04
  19289.22  1.7746E+04  7.0986E+04
  19302.08  1.6099E+04  6.4398E+04
  19314.95  1.7271E+04  6.9082E+04
  19327.83  1.6780E+04  6.7122E+04
  19340.72  1.8721E+04  7.4882E+04
  19353.62  1.7779E+04  7.1118E+04
  19366.53  1.6568E+04  6.6273E+04
  19379.44  1.8286E+04  7.3145E+04
  19392.37  1.7846E+04  7.1382E+04
  19405.30  1.6803E+04  6.7213E+04
  19418.24  1.5179E+04  6.0717E+04
  19431.19  1.5735E+04  6.2938E+04
  19444.15  1.7177E+04  6.8706E+04
  19457.11  1.7411E+04  6.9644E+04
  19470.09  1.8130E+04  7.2519E+04
  19483.07  1.6026E+04  6.4106E+04
  19496.06  1.7812E+04  7.1250E+04
  19509.07  1.7311E+04  6.9245E+04
  19522.08  1.7146E+04  6.8583E+04
  19535.09  1.6821E+04  6.7286E+04
  19548.12  1.7974E+04  7.1895E+04
  19561.16  1.5548E+04  6.2191E+04
  19574.20  1.7248E+04  6.8993E+04
  19587.26  1.5355E+04  6.1418E+04
  19600.32  1.7472E+04  6.9889E+04
  19613.39  1.6062E+04  6.4246E+04
  19626.47  1.8053E+04  7.2211E+04
  19639.56  1.4587E+04  5.8346E+04
  19652.65  1.3311E+04  5.3244E+04
  19665.76  1.7723E+04  7.0892E+04
  19678.87  9.6014E+03  3.8406E+04
  19692.00  1.7858E+04  7.1430E+04
  19705.13  1.7493E+04  6.9973E+04
  19718.27  1.3508E+04  5.4030E+04
  19731.42  1.4201E+04  5.6805E+04
  19744.58  1.6517E+04  6.6070E+04
  19757.74  1.6820E+04  6.7281E+04
  19770.92  1.6783E+04  6.7132E+04
  19784.10  1.7307E+04  6.9228E+04
  19797.30  1.7065E+04  6.8258E+04
  19810.50  1.6634E+04  6.6535E+04
  19823.71  1.2074E+04  4.8295E+04
  19836.93  1.7301E+04  6.9203E+04
  19850.16  1.6106E+04  6.4423E+04
  19863.40  1.5996E+04  6.3985E+04
  19876.64  1.5854E+04  6.3418E+04
  19889.90  1.6634E+04  6.6535E+04
  19903.16  1.6975E+04  6.7900E+04
  19916.43  1.4980E+04  5.9922E+04
  19929.72  1.7262E+04  6.9048E+04
  19943.01  1.4568E+04  5.8271E+04
  19956.31  1.5297E+04  6.1189E+04
  19969.61  1.7041E+04  6.8164E+04
  19982.93  1.5569E+04  6.2276E+04
  19996.26  1.4117E+04  5.6467E+04
  20009.59  1.4249E+04  5.6996E+04
  20022.94  1.1285E+04  4.5142E+04
  20036.29  1.6873E+04  6.7494E+04
  20049.65  1.6320E+04  6.5281E+04
  20063.02  1.0991E+04  4.3965E+04
  20076.40  1.4524E+04  5.8096E+04
  20089.79  1.5269E+04  6.1078E+04
  20103.19  1.7062E+04  6.8248E+04
  20116.59  1.6308E+04  6.5231E+04
  20130.01  1.5364E+04  6.1455E+04
  20143.43  1.2977E+04  5.1908E+04
  20156.86  1.5676E+04  6.2704E+04
  20170.31  1.2768E+04  5.1074E+04
  20183.76  1.2366E+04  4.9464E+04
  20197.22  1.2319E+04  4.9275E+04
  20210.69  1.5252E+04  6.1006E+04
  20224.16  1.6170E+04  6.4679E+04
  20237.65  1.6319E+04  6.5276E+04
  20251.15  1.5461E+04  6.1844E+04
  20264.65  1.2322E+04  4.9287E+04
  20278.16  1.3644E+04  5.4575E+04
  20291.69  1.2216E+04  4.8863E+04
  20305.22  1.1897E+04  4.7589E+04
  20318.76  1.3485E+04  5.3941E+04
  20332.31  1.4935E+04  5.9738E+04
  20345.87  1.2657E+04  5.0627E+04
  20359.44  1.5129E+04  6.0516E+04
  20373.01  1.5528E+04  6.2111E+04
  20386.60  1.1842E+04  4.7370E+04
  20400.19  1.5462E+04  6.1849E+04
  20413.80  1.2070E+04  4.8281E+04
  20427.41  1.4262E+04  5.7048E+04
  20441.03  1.5767E+04  6.3069E+04
  20454.67  1.4943E+04  5.9771E+04
  20468.31  1.4989E+04  5.9955E+04
  20481.96  1.5962E+04  6.3848E+04
  20495.61  1.4484E+04  5.7937E+04
  20509.28  1.3463E+04  5.3854E+04
  20522.96  1.3203E+04  5.2810E+04
  20536.65  1.5094E+04  6.0374E+04
  20550.34  1.5635E+04  6.2539E+04
  20564.05  1.4668E+04  5.8673E+04
  20577.76  1.2294E+04  4.9177E+04
  20591.48  1.4334E+04  5.7337E+04
  20605.21  1.1987E+04  4.7950E+04
  20618.95  1.5406E+04  6.1624E+04
  20632.70  1.4693E+04  5.8773E+04
  20646.46  1.4924E+04  5.9695E+04
  20660.23  1.1947E+04  4.7789E+04
  20674.01  1.3053E+04  5.2210E+04
  20687.80  1.4603E+04  5.8413E+04
  20701.59  1.4603E+04  5.8410E+04
  20715.40  1.4044E+04  5.6177E+04
  20729.21  1.4872E+04  5.9487E+04
  20743.04  1.3916E+04  5.5662E+04
  20756.87  1.5038E+04  6.0151E+04
  20770.71  1.4114E+04  5.6457E+04
  20784.56  1.4589E+04  5.8354E+04
  20798.42  1.3674E+04  5.4696E+04
  20812.29  1.3355E+04  5.3420E+04
  20826.17  1.4219E+04  5.6876E+04
  20840.06  1.1832E+04  4.7329E+04
  20853.96  1.4826E+04  5.9305E+04
  20867.86  1.3353E+04  5.3412E+04
  20881.78  1.3363E+04  5.3453E+04
  20895.71  1.3113E+04  5.2451E+04
  20909.64  1.3068E+04  5.2272E+04
  20923.58  1.4826E+04  5.9303E+04
  20937.54  1.2768E+04  5.1074E+04
  20951.50  1.4002E+04  5.6008E+04
  20965.47  1.1324E+04  4.5296E+04
  20979.45  1.3773E+04  5.5093E+04
  20993.44  1.2549E+04  5.0196E+04
  21007.44  1.4137E+04  5.6547E+04
  21021.45  1.2081E+04  4.8322E+04
  21035.47  1.3680E+04  5.4721E+04
  21049.50  1.4003E+04  5.6012E+04
  21063.54  1.2160E+04  4.8640E+04
  21077.58  1.3922E+04  5.5689E+04
  21091.64  1.3572E+04  5.4290E+04
  21105.70  1.2722E+04  5.0889E+04
  21119.78  1.1342E+04  4.5367E+04
  21133.86  1.3559E+04  5.4235E+04
  21147.96  1.3741E+04  5.4965E+04
  21162.06  1.4317E+04  5.7267E+04
  21176.17  1.3226E+04  5.2906E+04
  21190.29  1.3713E+04  5.4850E+04
  21204.42  1.3755E+04  5.5018E+04
  21218.56  1.4115E+04  5.6458E+04
  21232.71  1.2205E+04  4.8820E+04
  21246.87  1.3070E+04  5.2281E+04
  21261.04  1.2002E+04  4.8006E+04
  21275.22  1.3320E+04  5.3279E+04
  21289.41  1.3569E+04  5.4276E+04
  21303.61  1.3795E+04  5.5181E+04
  21317.81  1.3200E+04  5.2800E+04
  21332.03  1.3676E+04  5.4705E+04
  21346.25  1.2230E+04  4.8919E+04
  21360.49  1.3250E+04  5.2998E+04
  21374.73  1.3527E+04  5.4106E+04
  21388.99  1.2864E+04  5.1455E+04
  21403.25  1.0078E+04  4.0312E+04
  21417.52  1.1878E+04  4.7514E+04
  21431.81  1.3400E+04  5.3599E+04
  21446.10  1.2909E+04  5.1637E+04
  21460.40  1.3166E+04  5.2666E+04
  21474.71  1.3719E+04  5.4874E+04
  21489.03  1.2920E+04  5.1682E+04
  21503.36  1.1786E+04  4.7145E+04
  21517.70  1.3379E+04  5.3518E+04
  21532.05  1.2042E+04  4.8170E+04
  21546.41  1.3574E+04  5.4297E+04
  21560.78  1.3467E+04  5.3867E+04
  21575.16  1.3539E+04  5.4157E+04
  21589.55  1.3203E+04  5.2810E+04
  21603.94  1.1747E+04  4.6990E+04
  21618.35  1.3255E+04  5.3021E+04
  21632.77  1.3085E+04  5.2338E+04
  21647.19  1.3083E+04  5.2333E+04
  21661.63  1.2420E+04  4.9680E+04
  21676.07  1.2605E+04  5.0419E+04
  21690.53  1.2763E+04  5.1052E+04
  21704.99  1.2652E+04  5.0608E+04
  21719.47  1.2434E+04  4.9735E+04
  21733.95  1.3012E+04  5.2049E+04
  21748.45  1.3182E+04  5.2728E+04
  21762.95  1.2671E+04  5.0684E+04
  21777.46  1.2994E+04  5.1976E+04
  21791.99  1.2448E+04  4.9792E+04
  21806.52  1.2729E+04  5.0916E+04
  21821.06  1.2636E+04  5.0544E+04
  21835.61  1.2973E+04  5.1892E+04
  21850.17  1.3199E+04  5.2796E+04
  21864.74  1.2704E+04  5.0816E+04
  21879.32  1.2699E+04  5.0797E+04
  21893.92  1.2489E+04  4.9957E+04
  21908.52  1.2706E+04  5.0824E+04
  21923.13  1.2434E+04  4.9736E+04
  21937.75  1.2812E+04  5.1247E+04
  21952.38  1.3150E+04  5.2599E+04
  21967.01  1.2801E+04  5.1206E+04
  21981.66  1.2809E+04  5.1234E+04
  21996.32  1.2566E+04  5.0265E+04
  22010.99  1.2769E+04  5.1078E+04
  22025.67  1.2593E+04  5.0370E+04
  22040.36  1.2579E+04  5.0316E+04
  22055.06  1.2552E+04  5.0209E+04
  22069.76  1.2388E+04  4.9553E+04
  22084.48  1.1938E+04  4.7753E+04
  22099.21  1.1930E+04  4.7721E+04
  22113.95  1.2265E+04  4.9059E+04
  22128.69  1.2484E+04  4.9935E+04
  22143.45  1.2474E+04  4.9895E+04
  22158.22  1.1908E+04  4.7631E+04
  22172.99  1.1903E+04  4.7612E+04
  22187.78  1.2483E+04  4.9932E+04
  22202.58  1.1778E+04  4.7111E+04
  22217.38  1.2327E+04  4.9308E+04
  22232.20  1.2316E+04  4.9265E+04
  22247.02  1.2316E+04  4.9265E+04
  22261.86  1.2421E+04  4.9684E+04
  22276.71  1.2192E+04  4.8768E+04
  22291.56  1.2466E+04  4.9864E+04
  22306.43  1.2368E+04  4.9473E+04
  22321.30  1.2340E+04  4.9361E+04
  22336.19  1.2253E+04  4.9013E+04
  22351.08  1.2211E+04  4.8844E+04
  22365.99  1.1881E+04  4.7523E+04
  22380.90  1.2170E+04  4.8680E+04
  22395.83  1.2393E+04  4.9572E+04
  22410.76  1.1937E+04  4.7748E+04
  22425.71  1.1803E+04  4.7211E+04
  22440.66  1.1447E+04  4.5788E+04
  22455.63  1.2155E+04  4.8619E+04
  22470.60  1.1758E+04  4.7031E+04
  22485.59  1.2209E+04  4.8837E+04
  22500.58  1.0998E+04  4.3991E+04
  22515.59  1.2185E+04  4.8741E+04
  22530.60  1.2083E+04  4.8332E+04
  22545.63  1.1977E+04  4.7908E+04
  22560.66  1.1945E+04  4.7782E+04
  22575.71  1.1879E+04  4.7517E+04
  22590.76  1.1781E+04  4.7126E+04
  22605.83  1.1887E+04  4.7547E+04
  22620.90  1.1773E+04  4.7091E+04
  22635.99  1.1810E+04  4.7238E+04
  22651.08  1.1928E+04  4.7711E+04
  22666.19  1.1705E+04  4.6820E+04
  22681.30  1.1295E+04  4.5180E+04
  22696.43  1.1877E+04  4.7509E+04
  22711.56  1.1828E+04  4.7311E+04
  22726.71  1.1634E+04  4.6537E+04
  22741.86  1.1636E+04  4.6544E+04
  22757.03  1.1561E+04  4.6243E+04
  22772.21  1.1638E+04  4.6550E+04
  22787.39  1.1576E+04  4.6303E+04
  22802.59  1.1425E+04  4.5702E+04
  22817.80  1.1592E+04  4.6369E+04
  22833.01  1.1507E+04  4.6028E+04
  22848.24  1.1481E+04  4.5923E+04
  22863.47  1.1700E+04  4.6800E+04
  22878.72  1.1400E+04  4.5602E+04
  22893.98  1.1317E+04  4.5267E+04
  22909.25  1.1410E+04  4.5642E+04
  22924.52  1.1592E+04  4.6369E+04
  22939.81  1.1045E+04  4.4180E+04
  22955.11  1.0957E+04  4.3829E+04
  22970.42  1.1382E+04  4.5526E+04
  22985.73  1.1219E+04  4.4875E+04
  23001.06  1.1403E+04  4.5610E+04
  23016.40  1.1234E+04  4.4938E+04
  23031.75  1.1129E+04  4.4515E+04
  23047.11  1.1315E+04  4.5261E+04
  23062.48  1.1237E+04  4.4947E+04
  23077.86  5.8509E+03  2.3404E+04
  23093.25  1.1038E+04  4.4153E+04
  23108.65  1.0967E+04  4.3866E+04
  23124.06  5.9916E+03  2.3966E+04
  23139.48  1.0575E+04  4.2299E+04
  23154.91  1.1103E+04  4.4412E+04
  23170.35  1.0175E+04  4.0701E+04
  23185.80  1.0939E+04  4.3757E+04
  23201.27  1.1053E+04  4.4212E+04
  23216.74  1.0901E+04  4.3602E+04
  23232.22  7.4821E+03  2.9928E+04
  23247.71  1.0571E+04  4.2283E+04
  23263.22  1.0136E+04  4.0544E+04
  23278.73  1.0026E+04  4.0105E+04
  23294.25  6.0133E+03  2.4053E+04
  23309.79  1.0175E+04  4.0699E+04
  23325.33  1.0683E+04  4.2733E+04
  23340.89  1.0734E+04  4.2937E+04
  23356.45  1.0400E+04  4.1598E+04
  23372.03  1.0006E+04  4.0024E+04
  23387.61  1.0271E+04  4.1083E+04
  23403.21  9.6615E+03  3.8646E+04
  23418.82  1.0416E+04  4.1665E+04
  23434.43  9.2235E+03  3.6894E+04
  23450.06  1.0655E+04  4.2620E+04
  23465.70  1.0269E+04  4.1076E+04
  23481.35  5.7098E+03  2.2839E+04
  23497.01  8.9246E+03  3.5698E+04
  23512.68  1.0468E+04  4.1873E+04
  23528.36  6.3416E+03  2.5366E+04
  23544.05  6.2661E+03  2.5064E+04
  23559.75  7.9964E+03  3.1986E+04
  23575.46  9.7447E+03  3.8979E+04
  23591.18  8.1448E+03  3.2579E+04
  23606.91  5.9203E+03  2.3681E+04
  23622.66  1.0049E+04  4.0196E+04
  23638.41  9.5718E+03  3.8287E+04
  23654.17  5.8198E+03  2.3279E+04
  23669.95  9.6834E+03  3.8733E+04
  23685.73  1.0424E+04  4.1694E+04
  23701.53  1.0163E+04  4.0653E+04
  23717.33  8.7382E+03  3.4953E+04
  23733.15  1.0206E+04  4.0822E+04
  23748.98  1.0216E+04  4.0866E+04
  23764.81  6.0665E+03  2.4266E+04
  23780.66  1.0119E+04  4.0476E+04
  23796.52  8.8943E+03  3.5577E+04
  23812.39  1.0225E+04  4.0901E+04
  23828.27  8.3654E+03  3.3462E+04
  23844.16  6.4623E+03  2.5849E+04
  23860.06  9.2306E+03  3.6923E+04
  23875.97  9.2305E+03  3.6922E+04
  23891.89  8.2173E+03  3.2869E+04
  23907.83  9.9326E+03  3.9731E+04
  23923.77  9.6725E+03  3.8690E+04
  23939.72  9.9231E+03  3.9692E+04
  23955.69  9.6333E+03  3.8533E+04
  23971.66  9.9124E+03  3.9650E+04
  23987.65  7.4308E+03  2.9723E+04
  24003.64  8.1838E+03  3.2735E+04
  24019.65  9.5402E+03  3.8161E+04
  24035.67  9.3377E+03  3.7351E+04
  24051.70  9.0405E+03  3.6162E+04
  24067.74  9.7359E+03  3.8944E+04
  24083.79  9.0583E+03  3.6233E+04
  24099.85  9.6275E+03  3.8510E+04
  24115.92  9.1398E+03  3.6559E+04
  24132.00  9.8090E+03  3.9236E+04
  24148.09  6.4667E+03  2.5867E+04
  24164.20  6.0122E+03  2.4049E+04
  24180.31  9.1793E+03  3.6717E+04
  24196.44  6.1165E+03  2.4466E+04
  24212.57  9.1883E+03  3.6753E+04
  24228.72  6.9304E+03  2.7722E+04
  24244.88  8.4636E+03  3.3855E+04
  24261.05  8.9041E+03  3.5616E+04
  24277.22  9.4504E+03  3.7801E+04
  24293.41  7.5505E+03  3.0202E+04
  24309.61  6.4309E+03  2.5724E+04
  24325.83  9.4113E+03  3.7645E+04
  24342.05  7.0052E+03  2.8021E+04
  24358.28  9.0251E+03  3.6100E+04
  24374.52  9.1220E+03  3.6488E+04
  24390.78  9.0724E+03  3.6290E+04
  24407.04  5.6056E+03  2.2422E+04
  24423.32  7.7038E+03  3.0815E+04
  24439.61  8.2984E+03  3.3193E+04
  24455.91  8.5143E+03  3.4057E+04
  24472.21  8.8384E+03  3.5354E+04
  24488.53  7.8519E+03  3.1408E+04
  24504.87  8.6848E+03  3.4739E+04
  24521.21  6.8824E+03  2.7530E+04
  24537.56  8.3771E+03  3.3508E+04
  24553.92  8.8012E+03  3.5205E+04
  24570.30  6.0320E+03  2.4128E+04
  24586.68  8.8721E+03  3.5488E+04
  24603.08  7.8777E+03  3.1511E+04
  24619.48  6.3555E+03  2.5422E+04
  24635.90  8.9494E+03  3.5798E+04
  24652.33  5.6495E+03  2.2598E+04
  24668.77  7.8073E+03  3.1229E+04
  24685.22  7.9590E+03  3.1836E+04
  24701.68  7.3684E+03  2.9474E+04
  24718.16  6.5393E+03  2.6157E+04
  24734.64  8.2445E+03  3.2978E+04
  24751.13  5.3559E+03  2.1424E+04
  24767.64  8.2213E+03  3.2885E+04
  24784.16  5.9008E+03  2.3603E+04
  24800.68  5.7601E+03  2.3040E+04
  24817.22  7.9861E+03  3.1944E+04
  24833.77  6.5308E+03  2.6123E+04
  24850.33  6.5542E+03  2.6217E+04
  24866.91  6.6368E+03  2.6547E+04
  24883.49  7.8231E+03  3.1293E+04
  24900.08  4.9359E+03  1.9744E+04
  24916.69  8.3142E+03  3.3257E+04
  24933.30  5.8518E+03  2.3407E+04
  24949.93  6.6133E+03  2.6453E+04
  24966.57  7.0274E+03  2.8110E+04
  24983.22  7.6293E+03  3.0517E+04
  24999.88  7.2065E+03  2.8826E+04
  25016.55  6.6269E+03  2.6508E+04
  25033.23  7.0595E+03  2.8238E+04
  25049.93  7.5673E+03  3.0269E+04
  25066.63  6.9715E+03  2.7886E+04
  25083.35  7.1932E+03  2.8773E+04
  25100.08  7.6868E+03  3.0747E+04
  25116.81  6.6604E+03  2.6642E+04
  25133.56  7.6499E+03  3.0600E+04
  25150.32  6.8946E+03  2.7579E+04
  25167.10  7.2166E+03  2.8866E+04
  25183.88  5.6790E+03  2.2716E+04
  25200.67  6.6580E+03  2.6632E+04
  25217.48  5.2762E+03  2.1105E+04
  25234.30  7.7269E+03  3.0908E+04
  25251.12  5.7240E+03  2.2896E+04
  25267.96  7.8213E+03  3.1285E+04
  25284.81  6.6319E+03  2.6528E+04
  25301.68  6.9867E+03  2.7947E+04
  25318.55  5.0341E+03  2.0136E+04
  25335.43  5.8326E+03  2.3331E+04
  25352.33  6.4130E+03  2.5652E+04
  25369.23  4.3478E+03  1.7391E+04
  25386.15  6.4561E+03  2.5824E+04
  25403.08  7.4265E+03  2.9706E+04
  25420.02  7.1744E+03  2.8697E+04
  25436.97  5.8292E+03  2.3317E+04
  25453.94  7.2268E+03  2.8907E+04
  25470.91  6.3053E+03  2.5221E+04
  25487.90  6.6621E+03  2.6649E+04
  25504.89  7.3135E+03  2.9254E+04
  25521.90  4.4940E+03  1.7976E+04
  25538.92  5.9784E+03  2.3913E+04
  25555.95  6.6490E+03  2.6596E+04
  25573.00  7.8653E+03  3.1461E+04
  25590.05  4.9463E+03  1.9785E+04
  25607.11  4.4646E+03  1.7858E+04
  25624.19  5.0372E+03  2.0149E+04
  25641.28  7.3086E+03  2.9234E+04
  25658.38  5.0770E+03  2.0308E+04
  25675.49  7.1761E+03  2.8705E+04
  25692.61  5.6008E+03  2.2403E+04
  25709.74  6.6944E+03  2.6778E+04
  25726.89  5.9674E+03  2.3870E+04
  25744.05  6.7607E+03  2.7043E+04
  25761.21  5.4941E+03  2.1977E+04
  25778.39  5.1473E+03  2.0589E+04
  25795.58  4.5447E+03  1.8179E+04
  25812.79  4.1650E+03  1.6660E+04
  25830.00  6.2127E+03  2.4851E+04
  25847.22  5.4833E+03  2.1933E+04
  25864.46  5.7539E+03  2.3016E+04
  25881.71  5.0454E+03  2.0182E+04
  25898.97  6.0091E+03  2.4036E+04
  25916.24  7.0768E+03  2.8307E+04
  25933.52  6.4587E+03  2.5835E+04
  25950.82  5.1008E+03  2.0403E+04
  25968.12  6.8611E+03  2.7444E+04
  25985.44  7.1364E+03  2.8546E+04
  26002.77  5.8783E+03  2.3513E+04
  26020.11  6.7926E+03  2.7170E+04
  26037.46  5.0755E+03  2.0302E+04
  26054.82  6.4202E+03  2.5681E+04
  26072.20  6.9928E+03  2.7971E+04
  26089.59  5.0352E+03  2.0141E+04
  26106.98  5.1668E+03  2.0667E+04
  26124.39  5.2993E+03  2.1197E+04
  26141.82  6.2043E+03  2.4817E+04
  26159.25  5.2563E+03  2.1025E+04
  26176.69  5.1979E+03  2.0792E+04
  26194.15  4.7219E+03  1.8888E+04
  26211.62  5.9594E+03  2.3838E+04
  26229.10  5.6775E+03  2.2710E+04
  26246.59  7.1054E+03  2.8421E+04
  26264.09  5.9309E+03  2.3724E+04
  26281.61  6.1550E+03  2.4620E+04
  26299.13  6.1920E+03  2.4768E+04
  26316.67  6.6079E+03  2.6432E+04
  26334.22  5.8359E+03  2.3344E+04
  26351.78  6.6570E+03  2.6628E+04
  26369.36  5.6390E+03  2.2556E+04
  26386.94  6.2896E+03  2.5158E+04
  26404.54  5.8177E+03  2.3271E+04
  26422.15  4.2820E+03  1.7128E+04
  26439.77  5.6122E+03  2.2449E+04
  26457.40  5.1125E+03  2.0450E+04
  26475.04  5.7894E+03  2.3158E+04
  26492.70  5.0103E+03  2.0041E+04
  26510.36  6.0409E+03  2.4164E+04
  26528.04  5.0429E+03  2.0172E+04
  26545.73  5.7451E+03  2.2980E+04
  26563.44  6.0241E+03  2.4096E+04
  26581.15  5.9894E+03  2.3958E+04
  26598.88  6.4112E+03  2.5645E+04
  26616.61  6.4669E+03  2.5868E+04
  26634.36  5.0556E+03  2.0222E+04
  26652.12  6.0694E+03  2.4278E+04
  26669.90  6.1794E+03  2.4718E+04
  26687.68  6.4081E+03  2.5633E+04
  26705.48  5.4620E+03  2.1848E+04
  26723.29  6.7512E+03  2.7005E+04
  26741.11  5.5804E+03  2.2322E+04
  26758.94  5.3177E+03  2.1271E+04
  26776.79  5.6992E+03  2.2797E+04
  26794.64  6.2384E+03  2.4954E+04
  26812.51  6.0369E+03  2.4148E+04
  26830.39  6.2114E+03  2.4846E+04
  26848.29  6.0827E+03  2.4331E+04
  26866.19  6.4324E+03  2.5730E+04
  26884.11  6.2000E+03  2.4800E+04
  26902.03  5.3148E+03  2.1259E+04
  26919.97  5.9691E+03  2.3876E+04
  26937.93  6.2350E+03  2.4940E+04
  26955.89  5.4423E+03  2.1769E+04
  26973.87  4.6222E+03  1.8489E+04
  26991.85  5.8436E+03  2.3374E+04
  27009.85  6.3777E+03  2.5511E+04
  27027.87  5.1733E+03  2.0693E+04
  27045.89  3.8654E+03  1.5462E+04
  27063.93  6.5002E+03  2.6001E+04
  27081.97  6.1229E+03  2.4492E+04
  27100.03  4.5879E+03  1.8351E+04
  27118.11  5.7852E+03  2.3141E+04
  27136.19  6.3817E+03  2.5527E+04
  27154.29  6.2243E+03  2.4897E+04
  27172.39  6.2352E+03  2.4941E+04
  27190.52  5.9567E+03  2.3827E+04
  27208.65  5.9551E+03  2.3821E+04
  27226.79  6.1330E+03  2.4532E+04
  27244.95  5.5245E+03  2.2098E+04
  27263.12  5.4009E+03  2.1604E+04
  27281.30  5.1792E+03  2.0717E+04
  27299.49  6.3103E+03  2.5241E+04
  27317.70  6.0640E+03  2.4256E+04
  27335.91  5.4429E+03  2.1772E+04
  27354.14  4.8337E+03  1.9335E+04
  27372.38  5.4207E+03  2.1683E+04
  27390.64  3.2386E+03  1.2954E+04
  27408.90  5.9900E+03  2.3960E+04
  27427.18  4.9849E+03  1.9940E+04
  27445.47  5.8872E+03  2.3549E+04
  27463.78  4.4401E+03  1.7760E+04
  27482.09  5.7787E+03  2.3115E+04
  27500.42  3.7046E+03  1.4818E+04
  27518.76  4.9930E+03  1.9972E+04
  27537.11  4.0619E+03  1.6248E+04
  27555.47  5.7240E+03  2.2896E+04
  27573.85  5.8640E+03  2.3456E+04
  27592.23  5.4524E+03  2.1810E+04
  27610.64  5.7441E+03  2.2976E+04
  27629.05  6.0278E+03  2.4111E+04
  27647.47  3.4679E+03  1.3872E+04
  27665.91  3.3954E+03  1.3581E+04
  27684.36  5.1712E+03  2.0685E+04
  27702.82  4.6733E+03  1.8693E+04
  27721.30  3.5342E+03  1.4137E+04
  27739.78  4.3855E+03  1.7542E+04
  27758.28  4.9852E+03  1.9941E+04
  27776.79  5.4504E+03  2.1802E+04
  27795.31  4.2121E+03  1.6848E+04
  27813.85  5.3994E+03  2.1598E+04
  27832.40  4.5990E+03  1.8396E+04
  27850.96  4.1426E+03  1.6570E+04
  27869.53  5.0774E+03  2.0310E+04
  27888.12  3.9106E+03  1.5642E+04
  27906.71  4.9627E+03  1.9851E+04
  27925.32  3.6757E+03  1.4703E+04
  27943.95  4.3358E+03  1.7343E+04
  27962.58  4.3424E+03  1.7370E+04
  27981.23  5.3741E+03  2.1496E+04
  27999.89  5.3277E+03  2.1311E+04
  28018.56  4.7788E+03  1.9115E+04
  28037.25  4.4897E+03  1.7959E+04
  28055.94  4.0330E+03  1.6132E+04
  28074.65  5.3379E+03  2.1352E+04
  28093.37  3.7919E+03  1.5168E+04
  28112.11  3.9445E+03  1.5778E+04
  28130.86  4.3304E+03  1.7321E+04
  28149.62  5.4050E+03  2.1620E+04
  28168.39  4.6512E+03  1.8605E+04
  28187.17  3.8948E+03  1.5579E+04
  28205.97  2.9058E+03  1.1623E+04
  28224.78  3.9136E+03  1.5654E+04
  28243.60  4.1390E+03  1.6556E+04
  28262.44  5.3440E+03  2.1376E+04
  28281.28  5.0828E+03  2.0331E+04
  28300.14  4.2542E+03  1.7017E+04
  28319.02  5.0624E+03  2.0250E+04
  28337.90  4.2368E+03  1.6947E+04
  28356.80  3.0727E+03  1.2291E+04
  28375.71  3.4974E+03  1.3989E+04
  28394.63  5.1073E+03  2.0429E+04
  28413.57  4.2226E+03  1.6891E+04
  28432.51  4.1191E+03  1.6476E+04
  28451.48  4.5688E+03  1.8275E+04
  28470.45  5.0807E+03  2.0323E+04
  28489.43  4.1099E+03  1.6439E+04
  28508.43  4.4856E+03  1.7942E+04
  28527.44  5.5075E+03  2.2030E+04
  28546.47  3.5996E+03  1.4399E+04
  28565.51  3.6667E+03  1.4667E+04
  28584.55  5.3082E+03  2.1233E+04
  28603.62  4.9531E+03  1.9813E+04
  28622.69  3.5699E+03  1.4280E+04
  28641.78  4.7135E+03  1.8854E+04
  28660.88  4.6828E+03  1.8731E+04
  28679.99  3.3618E+03  1.3447E+04
  28699.12  4.0049E+03  1.6020E+04
  28718.26  4.1778E+03  1.6711E+04
  28737.41  3.1551E+03  1.2620E+04
  28756.57  4.8202E+03  1.9281E+04
  28775.75  4.0115E+03  1.6046E+04
  28794.94  4.6852E+03  1.8741E+04
  28814.14  4.1976E+03  1.6790E+04
  28833.36  4.8196E+03  1.9278E+04
  28852.58  5.0221E+03  2.0088E+04
  28871.82  4.2618E+03  1.7047E+04
  28891.08  4.5439E+03  1.8175E+04
  28910.35  3.0348E+03  1.2139E+04
  28929.62  3.6745E+03  1.4698E+04
  28948.92  4.8882E+03  1.9553E+04
  28968.22  4.0207E+03  1.6083E+04
  28987.54  2.9862E+03  1.1945E+04
  29006.87  2.9435E+03  1.1774E+04
  29026.21  3.7745E+03  1.5098E+04
  29045.57  4.5210E+03  1.8084E+04
  29064.94  3.4728E+03  1.3891E+04
  29084.32  3.0933E+03  1.2373E+04
  29103.72  3.3403E+03  1.3361E+04
  29123.13  4.3193E+03  1.7277E+04
  29142.55  3.7951E+03  1.5180E+04
  29161.98  4.2797E+03  1.7119E+04
  29181.43  4.0905E+03  1.6362E+04
  29200.89  3.5960E+03  1.4384E+04
  29220.36  3.3775E+03  1.3510E+04
  29239.85  4.4211E+03  1.7684E+04
  29259.35  3.2907E+03  1.3163E+04
  29278.86  3.5845E+03  1.4338E+04
  29298.38  4.2089E+03  1.6835E+04
  29317.92  2.9916E+03  1.1966E+04
  29337.47  4.5129E+03  1.8052E+04
  29357.04  4.4492E+03  1.7797E+04
  29376.62  4.2703E+03  1.7081E+04
  29396.21  4.2492E+03  1.6997E+04
  29415.81  3.8047E+03  1.5219E+04
  29435.43  2.7992E+03  1.1197E+04
  29455.05  3.6450E+03  1.4580E+04
  29474.70  3.3574E+03  1.3429E+04
  29494.35  4.2791E+03  1.7117E+04
  29514.02  4.5493E+03  1.8197E+04
  29533.70  3.2023E+03  1.2809E+04
  29553.40  4.1844E+03  1.6738E+04
  29573.11  4.1822E+03  1.6729E+04
  29592.83  4.1838E+03  1.6735E+04
  29612.56  3.4386E+03  1.3755E+04
  29632.31  3.6077E+03  1.4431E+04
  29652.07  4.4974E+03  1.7990E+04
  29671.85  3.6866E+03  1.4746E+04
  29691.63  3.0166E+03  1.2067E+04
  29711.43  4.0009E+03  1.6003E+04
  29731.25  3.9298E+03  1.5719E+04
  29751.07  4.1487E+03  1.6595E+04
  29770.91  3.0385E+03  1.2154E+04
  29790.77  4.0375E+03  1.6150E+04
  29810.63  3.0882E+03  1.2353E+04
  29830.51  3.1789E+03  1.2716E+04
  29850.41  4.0954E+03  1.6381E+04
  29870.31  3.8646E+03  1.5458E+04
  29890.23  3.5323E+03  1.4129E+04
  29910.16  2.9399E+03  1.1760E+04
  29930.11  3.6596E+03  1.4638E+04
  29950.07  3.3932E+03  1.3573E+04
  29970.04  3.2820E+03  1.3128E+04
  29990.03  3.7127E+03  1.4851E+04
  30010.03  4.0059E+03  1.6024E+04
  30030.04  3.9060E+03  1.5624E+04
  30050.07  3.6014E+03  1.4406E+04
  30070.11  3.7874E+03  1.5149E+04
  30090.16  3.9620E+03  1.5848E+04
  30110.22  3.4575E+03  1.3830E+04
  30130.30  3.8637E+03  1.5455E+04
  30150.40  4.3981E+03  1.7592E+04
  30170.50  3.5163E+03  1.4065E+04
  30190.62  3.7034E+03  1.4814E+04
  30210.76  3.5988E+03  1.4395E+04
  30230.90  4.3481E+03  1.7392E+04
  30251.06  2.9645E+03  1.1858E+04
  30271.24  4.2012E+03  1.6805E+04
  30291.42  2.5195E+03  1.0078E+04
  30311.62  2.4656E+03  9.8624E+03
  30331.84  4.0219E+03  1.6087E+04
  30352.06  3.1315E+03  1.2526E+04
  30372.31  3.2624E+03  1.3050E+04
  30392.56  2.5286E+03  1.0115E+04
  30412.83  3.5255E+03  1.4102E+04
  30433.11  2.5417E+03  1.0167E+04
  30453.40  3.4028E+03  1.3611E+04
  30473.71  3.7177E+03  1.4871E+04
  30494.03  3.1531E+03  1.2613E+04
  30514.37  3.5088E+03  1.4035E+04
  30534.72  4.0050E+03  1.6020E+04
  30555.08  4.3031E+03  1.7212E+04
  30575.46  3.8629E+03  1.5452E+04
  30595.85  3.7323E+03  1.4929E+04
  30616.25  3.1354E+03  1.2542E+04
  30636.67  3.7971E+03  1.5188E+04
  30657.10  3.5643E+03  1.4257E+04
  30677.54  3.3995E+03  1.3598E+04
  30698.00  3.7853E+03  1.5141E+04
  30718.47  3.6163E+03  1.4465E+04
  30738.96  3.4707E+03  1.3883E+04
  30759.45  3.4137E+03  1.3655E+04
  30779.97  3.7319E+03  1.4928E+04
  30800.49  3.1826E+03  1.2730E+04
  30821.03  3.3418E+03  1.3367E+04
  30841.59  3.6587E+03  1.4635E+04
  30862.15  3.8036E+03  1.5214E+04
  30882.74  2.8404E+03  1.1362E+04
  30903.33  3.4249E+03  1.3700E+04
  30923.94  3.6859E+03  1.4744E+04
  30944.56  3.8114E+03  1.5246E+04
  30965.20  3.8169E+03  1.5268E+04
  30985.85  2.7462E+03  1.0985E+04
  31006.51  3.3954E+03  1.3581E+04
  31027.19  3.7767E+03  1.5107E+04
  31047.88  3.4204E+03  1.3682E+04
  31068.58  3.2914E+03  1.3166E+04
  31089.30  2.7478E+03  1.0991E+04
  31110.03  3.3284E+03  1.3314E+04
  31130.78  3.1186E+03  1.2474E+04
  31151.54  3.3462E+03  1.3385E+04
  31172.31  3.6284E+03  1.4514E+04
  31193.10  2.9787E+03  1.1915E+04
  31213.90  3.6205E+03  1.4482E+04
  31234.72  3.5305E+03  1.4122E+04
  31255.55  3.5756E+03  1.4302E+04
  31276.39  2.8364E+03  1.1345E+04
  31297.25  2.9054E+03  1.1622E+04
  31318.12  3.4047E+03  1.3619E+04
  31339.00  3.1963E+03  1.2785E+04
  31359.90  3.3285E+03  1.3314E+04
  31380.82  3.2568E+03  1.3027E+04
  31401.74  3.5101E+03  1.4040E+04
  31422.68  3.5594E+03  1.4237E+04
  31443.64  3.4177E+03  1.3671E+04
  31464.61  2.6237E+03  1.0495E+04
  31485.59  3.2897E+03  1.3159E+04
  31506.59  3.1854E+03  1.2742E+04
  31527.60  3.0670E+03  1.2268E+04
  31548.62  3.4562E+03  1.3825E+04
  31569.66  2.4864E+03  9.9458E+03
  31590.71  2.9590E+03  1.1836E+04
  31611.78  3.4986E+03  1.3994E+04
  31632.86  3.6052E+03  1.4421E+04
  31653.96  2.3355E+03  9.3419E+03
  31675.07  2.9462E+03  1.1785E+04
  31696.19  3.1584E+03  1.2634E+04
  31717.33  3.2876E+03  1.3150E+04
  31738.48  3.1691E+03  1.2676E+04
  31759.64  3.5783E+03  1.4313E+04
  31780.82  2.4430E+03  9.7720E+03
  31802.01  3.4759E+03  1.3904E+04
  31823.22  3.6463E+03  1.4585E+04
  31844.44  3.5989E+03  1.4396E+04
  31865.68  3.4193E+03  1.3677E+04
  31886.93  3.0185E+03  1.2074E+04
  31908.19  3.3736E+03  1.3494E+04
  31929.47  2.9637E+03  1.1855E+04
  31950.77  3.1851E+03  1.2741E+04
  31972.07  2.9512E+03  1.1805E+04
  31993.39  2.9751E+03  1.1900E+04
  32014.73  2.8580E+03  1.1432E+04
  32036.08  2.7753E+03  1.1101E+04
  32057.44  3.5723E+03  1.4289E+04
  32078.82  3.3004E+03  1.3202E+04
  32100.21  2.5879E+03  1.0352E+04
  32121.62  3.3471E+03  1.3388E+04
  32143.04  3.2268E+03  1.2907E+04
  32164.48  3.0682E+03  1.2273E+04
  32185.93  3.0411E+03  1.2164E+04
  32207.39  3.3834E+03  1.3534E+04
  32228.87  2.6321E+03  1.0528E+04
  32250.36  3.4562E+03  1.3825E+04
  32271.87  3.0743E+03  1.2297E+04
  32293.39  2.6831E+03  1.0732E+04
  32314.92  3.5811E+03  1.4325E+04
  32336.47  3.1103E+03  1.2441E+04
  32358.04  3.1616E+03  1.2646E+04
  32379.61  2.6897E+03  1.0759E+04
  32401.21  2.6375E+03  1.0550E+04
  32422.81  3.0882E+03  1.2353E+04
  32444.44  2.9382E+03  1.1753E+04
  32466.07  2.8025E+03  1.1210E+04
  32487.72  2.9696E+03  1.1878E+04
  32509.39  3.4168E+03  1.3667E+04
  32531.07  2.8491E+03  1.1397E+04
  32552.76  2.5621E+03  1.0248E+04
  32574.47  2.8873E+03  1.1549E+04
  32596.19  2.8749E+03  1.1499E+04
  32617.93  2.9016E+03  1.1606E+04
  32639.68  2.8456E+03  1.1382E+04
  32661.45  2.7253E+03  1.0901E+04
  32683.23  2.4310E+03  9.7241E+03
  32705.02  3.0013E+03  1.2005E+04
  32726.83  3.0529E+03  1.2211E+04
  32748.66  2.9442E+03  1.1777E+04
  32770.50  3.3059E+03  1.3224E+04
  32792.35  3.0044E+03  1.2017E+04
  32814.22  2.0883E+03  8.3534E+03
  32836.10  3.0462E+03  1.2185E+04
  32858.00  3.1156E+03  1.2463E+04
  32879.91  2.6711E+03  1.0684E+04
  32901.84  3.1437E+03  1.2575E+04
  32923.78  2.9775E+03  1.1910E+04
  32945.73  2.7686E+03  1.1074E+04
  32967.71  3.0923E+03  1.2369E+04
  32989.69  2.8228E+03  1.1291E+04
  33011.69  3.1001E+03  1.2401E+04
  33033.70  3.0172E+03  1.2069E+04
  33055.73  2.6903E+03  1.0761E+04
  33077.78  2.6487E+03  1.0595E+04
  33099.84  2.7462E+03  1.0985E+04
  33121.91  2.5412E+03  1.0165E+04
  33144.00  2.7053E+03  1.0821E+04
  33166.10  2.5751E+03  1.0300E+04
  33188.22  2.9349E+03  1.1740E+04
  33210.35  2.9287E+03  1.1715E+04
  33232.50  3.0093E+03  1.2037E+04
  33254.66  3.0435E+03  1.2174E+04
  33276.83  2.9770E+03  1.1908E+04
  33299.02  3.0419E+03  1.2168E+04
  33321.23  3.0459E+03  1.2184E+04
  33343.45  2.9813E+03  1.1925E+04
  33365.69  2.3022E+03  9.2089E+03
  33387.94  2.8462E+03  1.1385E+04
  33410.20  2.9553E+03  1.1821E+04
  33432.48  2.7294E+03  1.0918E+04
  33454.78  2.7893E+03  1.1157E+04
  33477.09  2.6925E+03  1.0770E+04
  33499.41  2.8742E+03  1.1497E+04
  33521.75  2.7651E+03  1.1060E+04
  33544.11  2.9917E+03  1.1967E+04
  33566.48  2.2965E+03  9.1861E+03
  33588.86  2.8655E+03  1.1462E+04
  33611.26  2.7809E+03  1.1124E+04
  33633.67  2.5664E+03  1.0266E+04
  33656.10  2.9028E+03  1.1611E+04
  33678.55  2.5590E+03  1.0236E+04
  33701.01  2.9678E+03  1.1871E+04
  33723.48  2.8508E+03  1.1403E+04
  33745.97  2.8459E+03  1.1384E+04
  33768.47  2.8363E+03  1.1345E+04
  33790.99  2.7120E+03  1.0848E+04
  33813.53  2.5017E+03  1.0007E+04
  33836.08  2.7266E+03  1.0907E+04
  33858.64  2.4220E+03  9.6880E+03
  33881.22  2.9477E+03  1.1791E+04
  33903.81  2.8462E+03  1.1385E+04
  33926.42  2.8347E+03  1.1339E+04
  33949.05  1.7673E+03  7.0693E+03
  33971.69  2.9096E+03  1.1638E+04
  33994.34  2.7847E+03  1.1139E+04
  34017.01  2.5583E+03  1.0233E+04
  34039.70  2.5623E+03  1.0249E+04
  34062.40  2.2260E+03  8.9038E+03
  34085.11  2.6716E+03  1.0686E+04
  34107.84  2.2982E+03  9.1929E+03
  34130.59  2.5341E+03  1.0136E+04
  34153.35  2.5557E+03  1.0223E+04
  34176.12  2.8339E+03  1.1336E+04
  34198.91  2.5719E+03  1.0288E+04
  34221.72  2.5722E+03  1.0289E+04
  34244.54  2.7987E+03  1.1195E+04
  34267.38  2.8129E+03  1.1252E+04
  34290.23  2.0116E+03  8.0463E+03
  34313.10  2.8126E+03  1.1250E+04
  34335.98  2.5733E+03  1.0293E+04
  34358.88  2.6340E+03  1.0536E+04
  34381.79  2.7851E+03  1.1140E+04
  34404.72  2.6849E+03  1.0740E+04
  34427.66  2.5029E+03  1.0012E+04
  34450.62  2.3065E+03  9.2262E+03
  34473.59  2.7895E+03  1.1158E+04
  34496.58  2.7617E+03  1.1047E+04
  34519.59  1.9076E+03  7.6302E+03
  34542.61  2.6225E+03  1.0490E+04
  34565.64  2.5608E+03  1.0243E+04
  34588.69  2.7285E+03  1.0914E+04
  34611.76  2.3632E+03  9.4528E+03
  34634.84  2.6879E+03  1.0752E+04
  34657.94  2.7470E+03  1.0988E+04
  34681.05  2.7387E+03  1.0955E+04
  34704.18  2.6574E+03  1.0630E+04
  34727.32  2.6803E+03  1.0721E+04
  34750.48  2.2712E+03  9.0847E+03
  34773.65  2.6089E+03  1.0435E+04
  34796.84  2.7175E+03  1.0870E+04
  34820.05  2.5373E+03  1.0149E+04
  34843.27  2.6218E+03  1.0487E+04
  34866.50  2.5311E+03  1.0124E+04
  34889.75  2.4797E+03  9.9187E+03
  34913.02  2.4172E+03  9.6688E+03
  34936.30  2.6012E+03  1.0405E+04
  34959.60  2.5341E+03  1.0136E+04
  34982.92  2.6610E+03  1.0644E+04
  35006.24  2.4598E+03  9.8392E+03
  35029.59  2.4743E+03  9.8973E+03
  35052.95  2.3168E+03  9.2671E+03
  35076.32  2.2746E+03  9.0986E+03
  35099.72  2.4724E+03  9.8898E+03
  35123.12  2.4774E+03  9.9094E+03
  35146.54  2.6445E+03  1.0578E+04
  35169.98  2.6044E+03  1.0418E+04
  35193.44  2.3803E+03  9.5213E+03
  35216.91  2.6287E+03  1.0515E+04
  35240.39  2.4670E+03  9.8679E+03
  35263.89  2.6868E+03  1.0747E+04
  35287.41  2.5772E+03  1.0309E+04
  35310.94  2.6609E+03  1.0644E+04
  35334.49  2.4882E+03  9.9530E+03
  35358.05  2.4687E+03  9.8749E+03
  35381.63  2.4144E+03  9.6576E+03
  35405.22  2.5134E+03  1.0053E+04
  35428.84  2.5127E+03  1.0051E+04
  35452.46  2.5622E+03  1.0249E+04
  35476.10  2.1540E+03  8.6160E+03
  35499.76  2.3908E+03  9.5634E+03
  35523.44  2.4877E+03  9.9508E+03
  35547.12  2.4782E+03  9.9130E+03
  35570.83  2.4509E+03  9.8035E+03
  35594.55  2.4415E+03  9.7658E+03
  35618.29  2.4025E+03  9.6098E+03
  35642.04  2.3990E+03  9.5962E+03
  35665.81  2.4601E+03  9.8402E+03
  35689.59  2.4578E+03  9.8311E+03
  35713.39  2.4379E+03  9.7515E+03
  35737.21  2.5152E+03  1.0061E+04
  35761.04  2.5122E+03  1.0049E+04
  35784.89  2.4802E+03  9.9207E+03
  35808.75  2.4382E+03  9.7530E+03
  35832.63  2.5368E+03  1.0147E+04
  35856.53  2.1691E+03  8.6765E+03
  35880.44  2.4084E+03  9.6335E+03
  35904.37  2.4799E+03  9.9195E+03
  35928.31  2.3054E+03  9.2216E+03
  35952.27  2.3597E+03  9.4388E+03
  35976.25  2.5120E+03  1.0048E+04
  36000.24  2.4960E+03  9.9841E+03
  36024.24  2.0576E+03  8.2305E+03
  36048.27  2.4692E+03  9.8769E+03
  36072.31  2.4043E+03  9.6171E+03
  36096.36  2.3566E+03  9.4263E+03
  36120.43  2.4126E+03  9.6503E+03
  36144.52  2.3634E+03  9.4535E+03
  36168.62  2.3915E+03  9.5661E+03
  36192.74  2.3194E+03  9.2777E+03
  36216.88  2.2792E+03  9.1168E+03
  36241.03  2.3629E+03  9.4517E+03
  36265.20  2.3232E+03  9.2926E+03
  36289.38  2.4127E+03  9.6510E+03
  36313.58  2.0145E+03  8.0581E+03
  36337.80  2.1682E+03  8.6727E+03
  36362.03  2.2755E+03  9.1019E+03
  36386.28  2.3811E+03  9.5243E+03
  36410.55  2.0011E+03  8.0043E+03
  36434.83  2.2799E+03  9.1195E+03
  36459.12  2.3077E+03  9.2306E+03
  36483.44  2.2577E+03  9.0310E+03
  36507.77  2.3577E+03  9.4309E+03
  36532.11  2.1746E+03  8.6986E+03
  36556.48  1.9710E+03  7.8840E+03
  36580.85  1.4633E+03  5.8530E+03
  36605.25  2.1932E+03  8.7729E+03
  36629.66  2.2701E+03  9.0803E+03
  36654.09  2.0828E+03  8.3311E+03
  36678.53  2.3074E+03  9.2295E+03
  36702.99  2.3410E+03  9.3641E+03
  36727.47  2.2584E+03  9.0336E+03
  36751.96  2.2914E+03  9.1657E+03
  36776.47  2.2334E+03  8.9334E+03
  36800.99  2.1441E+03  8.5765E+03
  36825.53  2.0617E+03  8.2468E+03
  36850.09  2.0940E+03  8.3760E+03
  36874.66  2.1335E+03  8.5339E+03
  36899.25  2.2587E+03  9.0350E+03
  36923.86  2.1659E+03  8.6635E+03
  36948.49  2.1123E+03  8.4492E+03
  36973.12  1.7505E+03  7.0021E+03
  36997.78  1.9941E+03  7.9762E+03
  37022.45  2.2427E+03  8.9708E+03
  37047.14  2.1484E+03  8.5935E+03
  37071.85  2.1845E+03  8.7380E+03
  37096.57  2.1683E+03  8.6731E+03
  37121.31  2.1818E+03  8.7271E+03
  37146.06  2.0883E+03  8.3530E+03
  37170.83  1.8316E+03  7.3263E+03
  37195.62  1.9075E+03  7.6300E+03
  37220.43  2.0884E+03  8.3535E+03
  37245.25  2.2239E+03  8.8954E+03
  37270.09  2.1523E+03  8.6091E+03
  37294.94  2.1763E+03  8.7052E+03
  37319.81  1.9332E+03  7.7327E+03
  37344.70  2.0126E+03  8.0506E+03
  37369.60  1.5152E+03  6.0606E+03
  37394.52  2.1966E+03  8.7863E+03
  37419.46  2.1161E+03  8.4645E+03
  37444.41  2.1500E+03  8.5999E+03
  37469.38  2.0246E+03  8.0985E+03
  37494.37  2.1521E+03  8.6083E+03
  37519.38  2.0919E+03  8.3675E+03
  37544.40  2.1087E+03  8.4347E+03
  37569.43  2.1249E+03  8.4996E+03
  37594.49  2.1208E+03  8.4833E+03
  37619.56  2.1388E+03  8.5551E+03
  37644.64  2.1005E+03  8.4022E+03
  37669.75  2.1015E+03  8.4060E+03
  37694.87  2.0828E+03  8.3314E+03
  37720.01  2.1231E+03  8.4923E+03
  37745.16  1.9900E+03  7.9599E+03
  37770.33  2.1274E+03  8.5097E+03
  37795.52  1.9962E+03  7.9847E+03
  37820.72  2.1168E+03  8.4674E+03
  37845.95  2.0247E+03  8.0989E+03
  37871.18  2.0380E+03  8.1518E+03
  37896.44  2.0725E+03  8.2899E+03
  37921.71  2.0314E+03  8.1257E+03
  37947.00  2.0842E+03  8.3370E+03
  37972.30  2.0061E+03  8.0243E+03
  37997.63  2.0045E+03  8.0181E+03
  38022.97  2.0357E+03  8.1429E+03
  38048.32  1.9870E+03  7.9481E+03
  38073.70  1.9674E+03  7.8697E+03
  38099.09  1.8774E+03  7.5096E+03
  38124.49  1.8397E+03  7.3587E+03
  38149.92  2.0189E+03  8.0755E+03
  38175.36  2.0120E+03  8.0480E+03
  38200.82  1.9948E+03  7.9794E+03
  38226.29  1.9189E+03  7.6757E+03
  38251.78  2.0057E+03  8.0228E+03
  38277.29  2.0331E+03  8.1323E+03
  38302.82  2.0065E+03  8.0262E+03
  38328.36  2.0309E+03  8.1237E+03
  38353.92  1.9938E+03  7.9752E+03
  38379.50  1.9234E+03  7.6935E+03
  38405.09  1.9024E+03  7.6097E+03
  38430.70  1.9608E+03  7.8431E+03
  38456.33  2.0018E+03  8.0071E+03
  38481.98  1.9523E+03  7.8091E+03
  38507.64  1.9937E+03  7.9747E+03
  38533.32  1.7755E+03  7.1019E+03
  38559.01  1.9900E+03  7.9598E+03
  38584.73  1.9369E+03  7.7477E+03
  38610.46  1.9653E+03  7.8612E+03
  38636.21  1.9310E+03  7.7239E+03
  38661.97  1.8892E+03  7.5569E+03
  38687.75  1.9683E+03  7.8733E+03
  38713.55  1.9354E+03  7.7417E+03
  38739.37  1.9199E+03  7.6795E+03
  38765.20  1.9406E+03  7.7624E+03
  38791.06  1.8504E+03  7.4018E+03
  38816.92  1.9212E+03  7.6846E+03
  38842.81  1.9423E+03  7.7693E+03
  38868.71  1.9127E+03  7.6507E+03
  38894.63  1.7996E+03  7.1984E+03
  38920.57  1.8745E+03  7.4980E+03
  38946.53  1.2636E+03  5.0543E+03
  38972.50  1.8896E+03  7.5585E+03
  38998.49  1.9178E+03  7.6713E+03
  39024.49  1.8937E+03  7.5750E+03
  39050.52  1.8323E+03  7.3290E+03
  39076.56  1.8898E+03  7.5590E+03
  39102.62  1.8441E+03  7.3764E+03
  39128.69  1.8604E+03  7.4416E+03
  39154.79  1.8361E+03  7.3443E+03
  39180.90  1.8543E+03  7.4173E+03
  39207.03  1.8884E+03  7.5537E+03
  39233.17  1.8469E+03  7.3875E+03
  39259.34  1.8365E+03  7.3459E+03
  39285.52  1.8298E+03  7.3193E+03
  39311.72  1.7982E+03  7.1927E+03
  39337.93  1.8607E+03  7.4426E+03
  39364.16  1.7446E+03  6.9784E+03
  39390.42  1.8112E+03  7.2448E+03
  39416.68  1.8480E+03  7.3920E+03
  39442.97  1.8388E+03  7.3550E+03
  39469.27  1.7606E+03  7.0425E+03
  39495.59  1.7992E+03  7.1969E+03
  39521.93  1.8083E+03  7.2333E+03
  39548.29  1.7577E+03  7.0306E+03
  39574.66  1.7892E+03  7.1567E+03
  39601.05  1.7609E+03  7.0436E+03
  39627.46  1.6579E+03  6.6314E+03
  39653.89  1.8000E+03  7.1999E+03
  39680.33  1.7089E+03  6.8357E+03
  39706.79  1.7654E+03  7.0618E+03
  39733.27  1.8075E+03  7.2302E+03
  39759.77  1.7627E+03  7.0507E+03
  39786.28  1.7542E+03  7.0170E+03
  39812.81  1.6895E+03  6.7578E+03
  39839.36  1.6937E+03  6.7747E+03
  39865.93  1.7207E+03  6.8826E+03
  39892.52  1.6730E+03  6.6921E+03
  39919.12  1.7362E+03  6.9447E+03
  39945.74  1.7332E+03  6.9328E+03
  39972.38  1.6988E+03  6.7951E+03
  39999.04  1.7453E+03  6.9812E+03
  40025.71  1.6872E+03  6.7487E+03
  40052.40  1.7105E+03  6.8421E+03
  40079.11  1.7264E+03  6.9054E+03
  40105.84  1.7416E+03  6.9665E+03
  40132.58  1.6803E+03  6.7211E+03
  40159.35  1.5750E+03  6.2998E+03
  40186.13  1.7039E+03  6.8157E+03
  40212.93  1.6207E+03  6.4829E+03
  40239.74  1.6670E+03  6.6681E+03
  40266.58  1.6230E+03  6.4920E+03
  40293.43  1.6723E+03  6.6893E+03
  40320.30  1.6163E+03  6.4653E+03
  40347.19  1.7068E+03  6.8272E+03
  40374.09  1.6650E+03  6.6598E+03
  40401.02  1.5845E+03  6.3381E+03
  40427.96  1.5315E+03  6.1259E+03
  40454.92  1.6080E+03  6.4318E+03
  40481.90  1.6453E+03  6.5812E+03
  40508.90  1.5770E+03  6.3081E+03
  40535.91  1.6393E+03  6.5571E+03
  40562.94  1.6333E+03  6.5331E+03
  40589.99  1.5914E+03  6.3656E+03
  40617.06  1.4427E+03  5.7707E+03
  40644.15  1.6265E+03  6.5061E+03
  40671.25  1.6119E+03  6.4478E+03
  40698.37  1.6428E+03  6.5714E+03
  40725.51  1.5942E+03  6.3766E+03
  40752.67  1.6454E+03  6.5817E+03
  40779.85  1.6058E+03  6.4234E+03
  40807.04  1.5659E+03  6.2638E+03
  40834.26  1.3465E+03  5.3861E+03
  40861.49  1.5604E+03  6.2415E+03
  40888.74  1.4263E+03  5.7051E+03
  40916.00  1.5211E+03  6.0843E+03
  40943.29  1.5606E+03  6.2423E+03
  40970.59  1.5252E+03  6.1009E+03
  40997.91  1.5591E+03  6.2363E+03
  41025.25  1.2073E+03  4.8293E+03
  41052.61  1.5783E+03  6.3133E+03
  41079.99  1.5604E+03  6.2417E+03
  41107.38  1.2419E+03  4.9675E+03
  41134.80  1.5411E+03  6.1645E+03
  41162.23  1.5439E+03  6.1757E+03
  41189.68  1.5224E+03  6.0895E+03
  41217.15  1.5532E+03  6.2129E+03
  41244.63  1.5456E+03  6.1823E+03
  41272.14  1.5140E+03  6.0560E+03
  41299.66  1.4006E+03  5.6025E+03
  41327.20  1.3262E+03  5.3049E+03
  41354.76  1.4250E+03  5.6998E+03
  41382.34  1.4986E+03  5.9945E+03
  41409.94  1.5007E+03  6.0029E+03
  41437.55  1.5233E+03  6.0931E+03
  41465.18  1.3166E+03  5.2665E+03
  41492.84  1.4898E+03  5.9592E+03
  41520.51  1.5132E+03  6.0530E+03
  41548.19  1.3591E+03  5.4364E+03
  41575.90  1.4492E+03  5.7966E+03
  41603.63  1.3646E+03  5.4585E+03
  41631.37  1.4501E+03  5.8003E+03
  41659.13  1.3444E+03  5.3774E+03
  41686.92  1.4067E+03  5.6269E+03
  41714.71  1.3750E+03  5.5000E+03
  41742.53  1.4251E+03  5.7004E+03
  41770.37  1.3665E+03  5.4662E+03
  41798.22  1.2968E+03  5.1871E+03
  41826.10  1.4555E+03  5.8220E+03
  41853.99  1.2254E+03  4.9018E+03
  41881.90  1.4691E+03  5.8763E+03
  41909.83  1.4561E+03  5.8244E+03
  41937.78  1.3419E+03  5.3675E+03
  41965.75  1.3983E+03  5.5933E+03
  41993.73  1.2585E+03  5.0341E+03
  42021.74  1.4246E+03  5.6983E+03
  42049.76  1.2386E+03  4.9545E+03
  42077.80  1.4530E+03  5.8121E+03
  42105.86  1.2629E+03  5.0516E+03
  42133.94  1.4103E+03  5.6411E+03
  42162.04  1.3463E+03  5.3854E+03
  42190.15  1.3826E+03  5.5304E+03
  42218.29  1.3626E+03  5.4503E+03
  42246.44  1.4167E+03  5.6668E+03
  42274.62  1.3716E+03  5.4866E+03
  42302.81  1.3647E+03  5.4589E+03
  42331.02  1.3489E+03  5.3955E+03
  42359.25  1.4142E+03  5.6569E+03
  42387.50  1.3061E+03  5.2244E+03
  42415.76  1.3771E+03  5.5082E+03
  42444.05  1.2758E+03  5.1033E+03
  42472.35  1.2761E+03  5.1044E+03
  42500.68  1.3710E+03  5.4838E+03
  42529.02  1.2947E+03  5.1788E+03
  42557.38  1.3609E+03  5.4436E+03
  42585.76  1.3258E+03  5.3032E+03
  42614.16  1.3418E+03  5.3671E+03
  42642.58  1.2754E+03  5.1016E+03
  42671.01  1.3887E+03  5.5548E+03
  42699.47  1.2357E+03  4.9428E+03
  42727.94  1.1855E+03  4.7418E+03
  42756.44  1.1190E+03  4.4758E+03
  42784.95  1.3360E+03  5.3442E+03
  42813.48  1.3350E+03  5.3402E+03
  42842.03  1.3520E+03  5.4081E+03
  42870.60  1.2596E+03  5.0385E+03
  42899.19  1.2463E+03  4.9853E+03
  42927.80  1.2113E+03  4.8453E+03
  42956.43  1.0549E+03  4.2195E+03
  42985.07  1.1035E+03  4.4142E+03
  43013.74  1.3268E+03  5.3073E+03
  43042.42  1.1893E+03  4.7573E+03
  43071.13  1.0374E+03  4.1498E+03
  43099.85  1.1117E+03  4.4469E+03
  43128.59  1.3170E+03  5.2682E+03
  43157.35  1.2001E+03  4.8004E+03
  43186.13  1.1987E+03  4.7947E+03
  43214.93  1.1790E+03  4.7159E+03
  43243.75  1.1224E+03  4.4895E+03
  43272.59  1.2621E+03  5.0484E+03
  43301.45  1.3083E+03  5.2333E+03
  43330.32  1.0834E+03  4.3337E+03
  43359.22  1.3198E+03  5.2791E+03
  43388.13  7.5424E+02  3.0170E+03
  43417.07  7.4088E+02  2.9635E+03
  43446.02  8.1676E+02  3.2671E+03
  43474.99  7.3209E+02  2.9284E+03
  43503.98  9.1379E+02  3.6552E+03
  43533.00  8.9400E+02  3.5760E+03
  43562.03  1.2866E+03  5.1462E+03
  43591.08  9.9628E+02  3.9851E+03
  43620.15  8.7092E+02  3.4837E+03
  43649.24  8.4231E+02  3.3692E+03
  43678.34  1.2018E+03  4.8072E+03
  43707.47  1.0586E+03  4.2343E+03
  43736.62  1.1358E+03  4.5433E+03
  43765.78  1.2117E+03  4.8468E+03
  43794.97  1.1227E+03  4.4907E+03
  43824.18  1.2133E+03  4.8532E+03
  43853.40  1.2024E+03  4.8094E+03
  43882.65  1.2005E+03  4.8018E+03
  43911.91  1.1802E+03  4.7209E+03
  43941.19  6.9770E+02  2.7908E+03
  43970.50  1.1818E+03  4.7271E+03
  43999.82  1.1529E+03  4.6116E+03
  44029.16  1.2232E+03  4.8927E+03
  44058.52  1.1821E+03  4.7285E+03
  44087.90  8.6909E+02  3.4764E+03
  44117.30  1.1727E+03  4.6907E+03
  44146.72  1.0555E+03  4.2218E+03
  44176.16  1.0805E+03  4.3219E+03
  44205.62  6.7422E+02  2.6969E+03
  44235.10  1.1094E+03  4.4375E+03
  44264.60  1.1671E+03  4.6685E+03
  44294.12  1.1579E+03  4.6316E+03
  44323.66  1.1490E+03  4.5962E+03
  44353.22  1.1159E+03  4.4634E+03
  44382.79  1.0269E+03  4.1074E+03
  44412.39  9.8149E+02  3.9259E+03
  44442.01  1.1438E+03  4.5751E+03
  44471.65  1.1291E+03  4.5164E+03
  44501.30  9.5660E+02  3.8264E+03
  44530.98  7.8941E+02  3.1576E+03
  44560.67  1.1296E+03  4.5182E+03
  44590.39  1.0626E+03  4.2505E+03
  44620.13  1.1473E+03  4.5891E+03
  44649.88  1.0053E+03  4.0213E+03
  44679.66  9.5659E+02  3.8264E+03
  44709.45  1.0438E+03  4.1753E+03
  44739.27  1.0897E+03  4.3588E+03
  44769.10  1.1094E+03  4.4374E+03
  44798.96  1.0756E+03  4.3023E+03
  44828.83  1.0613E+03  4.2451E+03
  44858.73  1.1498E+03  4.5993E+03
  44888.64  6.2688E+02  2.5075E+03
  44918.58  1.0128E+03  4.0512E+03
  44948.53  6.3428E+02  2.5371E+03
  44978.51  1.0868E+03  4.3474E+03
  45008.50  6.2446E+02  2.4978E+03
  45038.52  1.0894E+03  4.3577E+03
  45068.55  6.1822E+02  2.4729E+03
  45098.61  9.7580E+02  3.9032E+03
  45128.68  1.0369E+03  4.1477E+03
  45158.78  1.0270E+03  4.1079E+03
  45188.89  1.0644E+03  4.2577E+03
  45219.03  6.5763E+02  2.6305E+03
  45249.18  9.5130E+02  3.8052E+03
  45279.36  1.0959E+03  4.3837E+03
  45309.55  1.0372E+03  4.1488E+03
  45339.77  1.0955E+03  4.3821E+03
  45370.00  1.0859E+03  4.3437E+03
  45400.26  8.2264E+02  3.2906E+03
  45430.53  1.0597E+03  4.2390E+03
  45460.83  1.0476E+03  4.1903E+03
  45491.15  1.0875E+03  4.3500E+03
  45521.48  5.9812E+02  2.3925E+03
  45551.84  1.0635E+03  4.2539E+03
  45582.22  1.0628E+03  4.2513E+03
  45612.61  1.0324E+03  4.1295E+03
  45643.03  1.0604E+03  4.2416E+03
  45673.47  8.3115E+02  3.3246E+03
  45703.93  1.0681E+03  4.2724E+03
  45734.41  1.0065E+03  4.0261E+03
  45764.90  8.6615E+02  3.4646E+03
  45795.42  9.6312E+02  3.8525E+03
  45825.96  1.0449E+03  4.1798E+03
  45856.52  9.0930E+02  3.6372E+03
  45887.10  1.0170E+03  4.0680E+03
  45917.70  1.0308E+03  4.1231E+03
  45948.32  6.5301E+02  2.6120E+03
  45978.97  1.0402E+03  4.1608E+03
  46009.63  1.0457E+03  4.1826E+03
  46040.31  9.0693E+02  3.6277E+03
  46071.01  9.9914E+02  3.9965E+03
  46101.74  1.0144E+03  4.0576E+03
  46132.48  9.9400E+02  3.9760E+03
  46163.24  8.0683E+02  3.2273E+03
  46194.03  9.9869E+02  3.9948E+03
  46224.83  9.5221E+02  3.8088E+03
  46255.66  1.0067E+03  4.0270E+03
  46286.51  1.0097E+03  4.0387E+03
  46317.37  9.5939E+02  3.8375E+03
  46348.26  9.8347E+02  3.9339E+03
  46379.17  8.3276E+02  3.3311E+03
  46410.10  9.4559E+02  3.7823E+03
  46441.05  8.6588E+02  3.4635E+03
  46472.02  9.9886E+02  3.9954E+03
  46503.01  8.2579E+02  3.3031E+03
  46534.02  9.7045E+02  3.8818E+03
  46565.05  9.7532E+02  3.9013E+03
  46596.10  8.7983E+02  3.5193E+03
  46627.18  9.6147E+02  3.8459E+03
  46658.27  1.0035E+03  4.0141E+03
  46689.39  9.1883E+02  3.6753E+03
  46720.52  9.4196E+02  3.7678E+03
  46751.68  5.7824E+02  2.3130E+03
  46782.85  9.5560E+02  3.8224E+03
  46814.05  9.7059E+02  3.8824E+03
  46845.27  8.9113E+02  3.5645E+03
  46876.51  9.3559E+02  3.7424E+03
  46907.77  8.8096E+02  3.5238E+03
  46939.05  9.5609E+02  3.8243E+03
  46970.35  9.0345E+02  3.6138E+03
  47001.68  9.1802E+02  3.6721E+03
  47033.02  8.8968E+02  3.5587E+03
  47064.39  9.3937E+02  3.7575E+03
  47095.77  9.3815E+02  3.7526E+03
  47127.18  7.1891E+02  2.8756E+03
  47158.61  9.4933E+02  3.7973E+03
  47190.05  5.8618E+02  2.3447E+03
  47221.52  8.7970E+02  3.5188E+03
  47253.01  9.2125E+02  3.6850E+03
  47284.53  9.1280E+02  3.6512E+03
  47316.06  9.2149E+02  3.6860E+03
  47347.61  9.0945E+02  3.6378E+03
  47379.19  6.8147E+02  2.7259E+03
  47410.78  5.7934E+02  2.3174E+03
  47442.40  9.0534E+02  3.6214E+03
  47474.04  9.0395E+02  3.6158E+03
  47505.70  9.4062E+02  3.7625E+03
  47537.38  6.2955E+02  2.5182E+03
  47569.08  7.5259E+02  3.0103E+03
  47600.80  9.2431E+02  3.6972E+03
  47632.54  8.1680E+02  3.2672E+03
  47664.31  8.0909E+02  3.2364E+03
  47696.09  8.3787E+02  3.3515E+03
  47727.90  6.9127E+02  2.7651E+03
  47759.73  9.1398E+02  3.6559E+03
  47791.58  7.8781E+02  3.1512E+03
  47823.45  8.7422E+02  3.4969E+03
  47855.34  6.4040E+02  2.5616E+03
  47887.25  8.9123E+02  3.5649E+03
  47919.19  8.0848E+02  3.2339E+03
  47951.14  5.2294E+02  2.0917E+03
  47983.12  8.9885E+02  3.5954E+03
  48015.12  6.3483E+02  2.5393E+03
  48047.14  6.7170E+02  2.6868E+03
  48079.18  8.5093E+02  3.4037E+03
  48111.24  8.2820E+02  3.3128E+03
  48143.32  8.4139E+02  3.3656E+03
  48175.43  7.9804E+02  3.1922E+03
  48207.56  8.6833E+02  3.4733E+03
  48239.70  5.8842E+02  2.3537E+03
  48271.87  7.2577E+02  2.9031E+03
  48304.06  8.4023E+02  3.3609E+03
  48336.28  7.9451E+02  3.1780E+03
  48368.51  7.9096E+02  3.1638E+03
  48400.77  8.4962E+02  3.3985E+03
  48433.04  5.1073E+02  2.0429E+03
  48465.34  5.9795E+02  2.3918E+03
  48497.66  8.2796E+02  3.3118E+03
  48530.00  8.1413E+02  3.2565E+03
  48562.37  7.1865E+02  2.8746E+03
  48594.75  8.6060E+02  3.4424E+03
  48627.16  8.4632E+02  3.3853E+03
  48659.58  7.7073E+02  3.0829E+03
  48692.03  8.2698E+02  3.3079E+03
  48724.51  6.6393E+02  2.6557E+03
  48757.00  8.1053E+02  3.2421E+03
  48789.51  5.6430E+02  2.2572E+03
  48822.05  7.8790E+02  3.1516E+03
  48854.61  7.9474E+02  3.1790E+03
  48887.19  8.4189E+02  3.3675E+03
  48919.79  6.8723E+02  2.7489E+03
  48952.41  7.9625E+02  3.1850E+03
  48985.05  6.2429E+02  2.4972E+03
  49017.72  6.8992E+02  2.7597E+03
  49050.41  5.1167E+02  2.0467E+03
  49083.12  8.1013E+02  3.2405E+03
  49115.85  7.8626E+02  3.1451E+03
  49148.61  7.0135E+02  2.8054E+03
  49181.38  7.6867E+02  3.0747E+03
  49214.18  6.1842E+02  2.4737E+03
  49247.00  6.2545E+02  2.5018E+03
  49279.84  7.9173E+02  3.1669E+03
  49312.70  8.2623E+02  3.3049E+03
  49345.59  7.8046E+02  3.1219E+03
  49378.49  4.6459E+02  1.8584E+03
  49411.42  8.0327E+02  3.2131E+03
  49444.37  7.6359E+02  3.0544E+03
  49477.35  7.8291E+02  3.1317E+03
  49510.34  7.9069E+02  3.1628E+03
  49543.36  7.5886E+02  3.0354E+03
  49576.40  7.3340E+02  2.9336E+03
  49609.46  5.3970E+02  2.1588E+03
  49642.54  6.6324E+02  2.6530E+03
  49675.65  7.1518E+02  2.8607E+03
  49708.77  7.5026E+02  3.0011E+03
  49741.92  7.8212E+02  3.1285E+03
  49775.09  7.1609E+02  2.8644E+03
  49808.29  7.1188E+02  2.8475E+03
  49841.50  7.0563E+02  2.8225E+03
  49874.74  7.7618E+02  3.1047E+03
  49908.00  7.1610E+02  2.8644E+03
  49941.28  7.0021E+02  2.8009E+03
  49974.59  6.9043E+02  2.7617E+03
  50007.91  5.9722E+02  2.3889E+03
  50041.26  7.1427E+02  2.8571E+03
  50074.63  7.6623E+02  3.0649E+03
  50108.02  7.6991E+02  3.0796E+03
  50141.44  5.8400E+02  2.3360E+03
  50174.88  7.0693E+02  2.8277E+03
  50208.34  7.1935E+02  2.8774E+03
  50241.82  6.8611E+02  2.7445E+03
  50275.32  5.1894E+02  2.0758E+03
  50308.85  7.2729E+02  2.9092E+03
  50342.40  7.0753E+02  2.8301E+03
  50375.97  7.3830E+02  2.9532E+03
  50409.57  7.3914E+02  2.9566E+03
  50443.18  7.0123E+02  2.8049E+03
  50476.82  6.7502E+02  2.7001E+03
  50510.48  7.0681E+02  2.8273E+03
  50544.17  5.2190E+02  2.0876E+03
  50577.87  6.9008E+02  2.7603E+03
  50611.60  5.4863E+02  2.1945E+03
  50645.35  6.7800E+02  2.7120E+03
  50679.13  6.5394E+02  2.6158E+03
  50712.92  6.6668E+02  2.6667E+03
  50746.74  5.7165E+02  2.2866E+03
  50780.58  7.0508E+02  2.8203E+03
  50814.45  6.7908E+02  2.7163E+03
  50848.33  6.8893E+02  2.7557E+03
  50882.24  6.9417E+02  2.7767E+03
  50916.17  6.7628E+02  2.7051E+03
  50950.13  7.1749E+02  2.8700E+03
  50984.10  6.6815E+02  2.6726E+03
  51018.10  7.1262E+02  2.8505E+03
  51052.13  4.2054E+02  1.6821E+03
  51086.17  6.9316E+02  2.7727E+03
  51120.24  6.4619E+02  2.5848E+03
  51154.33  5.8952E+02  2.3581E+03
  51188.44  6.8478E+02  2.7391E+03
  51222.58  6.3248E+02  2.5299E+03
  51256.74  6.8232E+02  2.7293E+03
  51290.92  6.2589E+02  2.5036E+03
  51325.12  4.1210E+02  1.6484E+03
  51359.35  6.8524E+02  2.7410E+03
  51393.60  5.6315E+02  2.2526E+03
  51427.87  6.4800E+02  2.5920E+03
  51462.17  5.3698E+02  2.1479E+03
  51496.49  5.8348E+02  2.3339E+03
  51530.83  6.7695E+02  2.7078E+03
  51565.19  5.7776E+02  2.3110E+03
  51599.58  4.6070E+02  1.8428E+03
  51633.99  6.4348E+02  2.5739E+03
  51668.42  6.6289E+02  2.6516E+03
  51702.88  6.4900E+02  2.5960E+03
  51737.36  4.5861E+02  1.8344E+03
  51771.86  6.4635E+02  2.5854E+03
  51806.38  6.4509E+02  2.5803E+03
  51840.93  5.9999E+02  2.4000E+03
  51875.50  6.4036E+02  2.5614E+03
  51910.10  5.9590E+02  2.3836E+03
  51944.71  6.1913E+02  2.4765E+03
  51979.35  5.8973E+02  2.3589E+03
  52014.02  5.8135E+02  2.3254E+03
  52048.70  6.0925E+02  2.4370E+03
  52083.41  6.3841E+02  2.5536E+03
  52118.15  4.2023E+02  1.6809E+03
  52152.90  6.0534E+02  2.4214E+03
  52187.68  6.5024E+02  2.6009E+03
  52222.48  5.8422E+02  2.3369E+03
  52257.31  5.9335E+02  2.3734E+03
  52292.16  6.5897E+02  2.6359E+03
  52327.03  6.2603E+02  2.5041E+03
  52361.92  4.3313E+02  1.7325E+03
  52396.84  4.4014E+02  1.7606E+03
  52431.78  5.6210E+02  2.2484E+03
  52466.75  6.1383E+02  2.4553E+03
  52501.74  5.4556E+02  2.1822E+03
  52536.75  5.6817E+02  2.2727E+03
  52571.78  5.5745E+02  2.2298E+03
  52606.84  5.9461E+02  2.3784E+03
  52641.92  5.9096E+02  2.3638E+03
  52677.03  6.2671E+02  2.5069E+03
  52712.16  6.2015E+02  2.4806E+03
  52747.31  4.9416E+02  1.9766E+03
  52782.49  5.5441E+02  2.2176E+03
  52817.68  3.8807E+02  1.5523E+03
  52852.91  5.7531E+02  2.3012E+03
  52888.15  5.5437E+02  2.2175E+03
  52923.42  5.5747E+02  2.2299E+03
  52958.72  5.1702E+02  2.0681E+03
  52994.03  4.5810E+02  1.8324E+03
  53029.37  5.3502E+02  2.1401E+03
  53064.73  5.1117E+02  2.0447E+03
  53100.12  5.9165E+02  2.3666E+03
  53135.53  5.1589E+02  2.0636E+03
  53170.97  5.5771E+02  2.2308E+03
  53206.43  5.0112E+02  2.0045E+03
  53241.91  6.0572E+02  2.4229E+03
  53277.41  5.8350E+02  2.3340E+03
  53312.94  5.3250E+02  2.1300E+03
  53348.49  5.0359E+02  2.0144E+03
  53384.07  5.4595E+02  2.1838E+03
  53419.67  5.0267E+02  2.0107E+03
  53455.29  5.4331E+02  2.1732E+03
  53490.94  4.7707E+02  1.9083E+03
  53526.61  4.7408E+02  1.8963E+03
  53562.31  5.7491E+02  2.2996E+03
  53598.03  5.2314E+02  2.0925E+03
  53633.77  4.9599E+02  1.9839E+03
  53669.54  4.9115E+02  1.9646E+03
  53705.33  5.8282E+02  2.3313E+03
  53741.14  5.8880E+02  2.3552E+03
  53776.98  4.7164E+02  1.8865E+03
  53812.84  5.7801E+02  2.3120E+03
  53848.73  5.6587E+02  2.2635E+03
  53884.64  4.3063E+02  1.7225E+03
  53920.57  4.2930E+02  1.7172E+03
  53956.53  5.8475E+02  2.3390E+03
  53992.51  5.1755E+02  2.0702E+03
  54028.52  5.1052E+02  2.0421E+03
  54064.55  4.0306E+02  1.6122E+03
  54100.60  4.8532E+02  1.9413E+03
  54136.68  4.7812E+02  1.9125E+03
  54172.78  4.2806E+02  1.7122E+03
  54208.91  4.3422E+02  1.7369E+03
  54245.06  4.1882E+02  1.6753E+03
  54281.23  5.5892E+02  2.2357E+03
  54317.43  5.4457E+02  2.1783E+03
  54353.65  4.4107E+02  1.7643E+03
  54389.90  4.4559E+02  1.7823E+03
  54426.17  4.3978E+02  1.7591E+03
  54462.46  5.3994E+02  2.1598E+03
  54498.78  3.6423E+02  1.4569E+03
  54535.13  4.4976E+02  1.7990E+03
  54571.49  5.5417E+02  2.2167E+03
  54607.89  4.6800E+02  1.8720E+03
  54644.30  5.0134E+02  2.0054E+03
  54680.74  5.1024E+02  2.0409E+03
  54717.21  5.5191E+02  2.2077E+03
  54753.70  5.4900E+02  2.1960E+03
  54790.21  5.2248E+02  2.0899E+03
  54826.75  3.5733E+02  1.4293E+03
  54863.31  4.4744E+02  1.7898E+03
  54899.90  4.9145E+02  1.9658E+03
  54936.51  3.5959E+02  1.4384E+03
  54973.14  4.3260E+02  1.7304E+03
  55009.80  4.9300E+02  1.9720E+03
  55046.49  4.7874E+02  1.9150E+03
  55083.19  4.7926E+02  1.9170E+03
  55119.93  5.2348E+02  2.0939E+03
  55156.69  5.1593E+02  2.0637E+03
  55193.47  5.1081E+02  2.0433E+03
  55230.27  4.9297E+02  1.9719E+03
  55267.11  5.1799E+02  2.0719E+03
  55303.96  4.5293E+02  1.8117E+03
  55340.84  4.0657E+02  1.6263E+03
  55377.75  4.9316E+02  1.9727E+03
  55414.68  5.1864E+02  2.0746E+03
  55451.63  5.1038E+02  2.0415E+03
  55488.61  4.0468E+02  1.6187E+03
  55525.61  4.4931E+02  1.7972E+03
  55562.64  5.2196E+02  2.0878E+03
  55599.69  4.5389E+02  1.8156E+03
  55636.77  4.7633E+02  1.9053E+03
  55673.87  4.2977E+02  1.7191E+03
  55711.00  4.4983E+02  1.7993E+03
  55748.15  5.0464E+02  2.0186E+03
  55785.33  3.7794E+02  1.5118E+03
  55822.53  4.4332E+02  1.7733E+03
  55859.76  3.7069E+02  1.4828E+03
  55897.01  4.8426E+02  1.9370E+03
  55934.28  4.7390E+02  1.8956E+03
  55971.58  4.9455E+02  1.9782E+03
  56008.91  4.7299E+02  1.8920E+03
  56046.26  4.1845E+02  1.6738E+03
  56083.64  3.5071E+02  1.4028E+03
  56121.04  4.0983E+02  1.6393E+03
  56158.46  4.0342E+02  1.6137E+03
  56195.91  4.5847E+02  1.8339E+03
  56233.39  4.3390E+02  1.7356E+03
  56270.89  4.9757E+02  1.9903E+03
  56308.41  4.0118E+02  1.6047E+03
  56345.96  4.7380E+02  1.8952E+03
  56383.54  4.8692E+02  1.9477E+03
  56421.14  4.7123E+02  1.8849E+03
  56458.76  3.9229E+02  1.5691E+03
  56496.41  3.8395E+02  1.5358E+03
  56534.09  4.1560E+02  1.6624E+03
  56571.79  4.8005E+02  1.9202E+03
  56609.52  3.7588E+02  1.5035E+03
  56647.27  3.4892E+02  1.3957E+03
  56685.04  3.8452E+02  1.5381E+03
  56722.84  4.3874E+02  1.7550E+03
  56760.67  4.7241E+02  1.8896E+03
  56798.52  4.2382E+02  1.6953E+03
  56836.40  3.4927E+02  1.3971E+03
  56874.30  4.3196E+02  1.7278E+03
  56912.23  3.6048E+02  1.4419E+03
  56950.18  3.4835E+02  1.3934E+03
  56988.16  4.6759E+02  1.8703E+03
  57026.16  4.7275E+02  1.8910E+03
  57064.19  4.4859E+02  1.7944E+03
  57102.25  4.4411E+02  1.7765E+03
  57140.33  4.3111E+02  1.7244E+03
  57178.43  4.5867E+02  1.8347E+03
  57216.56  3.7414E+02  1.4965E+03
  57254.72  4.5559E+02  1.8223E+03
  57292.90  3.8408E+02  1.5363E+03
  57331.11  4.1096E+02  1.6438E+03
  57369.34  3.6728E+02  1.4691E+03
  57407.60  4.4870E+02  1.7948E+03
  57445.88  4.2002E+02  1.6801E+03
  57484.19  4.4489E+02  1.7796E+03
  57522.52  3.9623E+02  1.5849E+03
  57560.88  3.4919E+02  1.3968E+03
  57599.27  4.0855E+02  1.6342E+03
  57637.68  3.1161E+02  1.2464E+03
  57676.12  4.2581E+02  1.7033E+03
  57714.58  4.0920E+02  1.6368E+03
  57753.07  3.0777E+02  1.2311E+03
  57791.58  3.3790E+02  1.3516E+03
  57830.12  3.1588E+02  1.2635E+03
  57868.68  4.0493E+02  1.6197E+03
  57907.27  4.2305E+02  1.6922E+03
  57945.89  4.0640E+02  1.6256E+03
  57984.53  3.7584E+02  1.5034E+03
  58023.20  3.9603E+02  1.5841E+03
  58061.89  3.1915E+02  1.2766E+03
  58100.61  4.0906E+02  1.6362E+03
  58139.36  4.1416E+02  1.6566E+03
  58178.13  3.0459E+02  1.2184E+03
  58216.93  4.3012E+02  1.7205E+03
  58255.75  3.7078E+02  1.4831E+03
  58294.60  3.9686E+02  1.5874E+03
  58333.47  3.8014E+02  1.5206E+03
  58372.37  4.3825E+02  1.7530E+03
  58411.30  3.7271E+02  1.4909E+03
  58450.25  4.0160E+02  1.6064E+03
  58489.23  3.6350E+02  1.4540E+03
  58528.24  3.8432E+02  1.5373E+03
  58567.27  3.6725E+02  1.4690E+03
  58606.32  3.8479E+02  1.5392E+03
  58645.41  3.5677E+02  1.4271E+03
  58684.52  4.0803E+02  1.6321E+03
  58723.65  3.6359E+02  1.4544E+03
  58762.81  3.2583E+02  1.3033E+03
  58802.00  3.9958E+02  1.5983E+03
  58841.21  4.2362E+02  1.6945E+03
  58880.45  4.1051E+02  1.6420E+03
  58919.72  4.0991E+02  1.6396E+03
  58959.01  4.0812E+02  1.6325E+03
  58998.32  3.9354E+02  1.5742E+03
  59037.67  3.7954E+02  1.5181E+03
  59077.04  3.8223E+02  1.5289E+03
  59116.44  3.9653E+02  1.5861E+03
  59155.86  3.6176E+02  1.4470E+03
  59195.31  3.9326E+02  1.5730E+03
  59234.78  3.5180E+02  1.4072E+03
  59274.28  3.7461E+02  1.4985E+03
  59313.81  3.8713E+02  1.5485E+03
  59353.37  3.2340E+02  1.2936E+03
  59392.95  3.7884E+02  1.5153E+03
  59432.55  3.6293E+02  1.4517E+03
  59472.19  3.8940E+02  1.5576E+03
  59511.85  4.0565E+02  1.6226E+03
  59551.53  3.7820E+02  1.5128E+03
  59591.25  3.4794E+02  1.3918E+03
  59630.99  3.6680E+02  1.4672E+03
  59670.75  2.9727E+02  1.1891E+03
  59710.55  4.0313E+02  1.6125E+03
  59750.36  3.8546E+02  1.5418E+03
  59790.21  3.5754E+02  1.4302E+03
  59830.08  3.5253E+02  1.4101E+03
  59869.98  3.0522E+02  1.2209E+03
  59909.91  2.9281E+02  1.1713E+03
  59949.86  3.7411E+02  1.4964E+03
  59989.84  3.5539E+02  1.4216E+03
  60029.84  3.8129E+02  1.5252E+03
  60069.87  3.5791E+02  1.4316E+03
  60109.93  3.5333E+02  1.4133E+03
  60150.02  3.8031E+02  1.5212E+03
  60190.13  3.6206E+02  1.4482E+03
  60230.27  2.7125E+02  1.0850E+03
  60270.43  3.8716E+02  1.5486E+03
  60310.63  3.1387E+02  1.2555E+03
  60350.85  3.7109E+02  1.4844E+03
  60391.09  3.0547E+02  1.2219E+03
  60431.36  3.4526E+02  1.3810E+03
  60471.66  3.3078E+02  1.3231E+03
  60511.99  3.7894E+02  1.5158E+03
  60552.34  3.5351E+02  1.4140E+03
  60592.72  3.4981E+02  1.3992E+03
  60633.13  3.5260E+02  1.4104E+03
  60673.57  3.8211E+02  1.5284E+03
  60714.03  3.7811E+02  1.5124E+03
  60754.52  2.5877E+02  1.0351E+03
  60795.03  3.6256E+02  1.4502E+03
  60835.57  3.3864E+02  1.3546E+03
  60876.14  3.4885E+02  1.3954E+03
  60916.74  3.5541E+02  1.4217E+03
  60957.36  3.5103E+02  1.4041E+03
  60998.01  3.4722E+02  1.3889E+03
  61038.69  3.5192E+02  1.4077E+03
  61079.39  3.5555E+02  1.4222E+03
  61120.13  3.6178E+02  1.4471E+03
  61160.88  2.8234E+02  1.1294E+03
  61201.67  3.2197E+02  1.2879E+03
  61242.48  3.2131E+02  1.2852E+03
  61283.32  3.3942E+02  1.3577E+03
  61324.19  3.4093E+02  1.3637E+03
  61365.09  3.4740E+02  1.3896E+03
  61406.01  3.4230E+02  1.3692E+03
  61446.96  3.0736E+02  1.2295E+03
  61487.94  3.5778E+02  1.4311E+03
  61528.94  3.0354E+02  1.2142E+03
  61569.97  3.4454E+02  1.3781E+03
  61611.03  3.4497E+02  1.3799E+03
  61652.12  3.4180E+02  1.3672E+03
  61693.23  3.5320E+02  1.4128E+03
  61734.37  2.9384E+02  1.1754E+03
  61775.54  3.4663E+02  1.3865E+03
  61816.74  3.3373E+02  1.3349E+03
  61857.96  3.5166E+02  1.4067E+03
  61899.21  3.1678E+02  1.2671E+03
  61940.49  3.3906E+02  1.3562E+03
  61981.80  3.2454E+02  1.2982E+03
  62023.13  3.3224E+02  1.3290E+03
  62064.49  3.2458E+02  1.2983E+03
  62105.88  3.4713E+02  1.3885E+03
  62147.30  3.1467E+02  1.2587E+03
  62188.74  2.4707E+02  9.8826E+02
  62230.21  3.2120E+02  1.2848E+03
  62271.71  3.0421E+02  1.2168E+03
  62313.24  3.3342E+02  1.3337E+03
  62354.79  3.2019E+02  1.2807E+03
  62396.38  3.2201E+02  1.2880E+03
  62437.99  3.3213E+02  1.3285E+03
  62479.62  3.2872E+02  1.3149E+03
  62521.29  3.1145E+02  1.2458E+03
  62562.98  3.3476E+02  1.3391E+03
  62604.70  2.6100E+02  1.0440E+03
  62646.45  3.0127E+02  1.2051E+03
  62688.23  3.0117E+02  1.2047E+03
  62730.03  2.6236E+02  1.0495E+03
  62771.87  2.9509E+02  1.1803E+03
  62813.73  2.8351E+02  1.1340E+03
  62855.62  3.2855E+02  1.3142E+03
  62897.53  2.5983E+02  1.0393E+03
  62939.48  2.3839E+02  9.5355E+02
  62981.45  3.1449E+02  1.2580E+03
  63023.45  3.2223E+02  1.2889E+03
  63065.48  3.1267E+02  1.2507E+03
  63107.53  3.2428E+02  1.2971E+03
  63149.62  3.2254E+02  1.2901E+03
  63191.73  3.0523E+02  1.2209E+03
  63233.87  2.9665E+02  1.1866E+03
  63276.04  2.8894E+02  1.1558E+03
  63318.23  3.0545E+02  1.2218E+03
  63360.46  3.1018E+02  1.2407E+03
  63402.71  2.8227E+02  1.1291E+03
  63444.99  3.0887E+02  1.2355E+03
  63487.30  3.0266E+02  1.2106E+03
  63529.64  2.5173E+02  1.0069E+03
  63572.01  2.8100E+02  1.1240E+03
  63614.40  3.0037E+02  1.2015E+03
  63656.82  3.1065E+02  1.2426E+03
  63699.27  2.9393E+02  1.1757E+03
  63741.75  2.9869E+02  1.1948E+03
  63784.26  2.9662E+02  1.1865E+03
  63826.80  2.8591E+02  1.1437E+03
  63869.36  2.8986E+02  1.1594E+03
  63911.95  2.9803E+02  1.1921E+03
  63954.57  2.9782E+02  1.1913E+03
  63997.22  3.0479E+02  1.2192E+03
  64039.90  2.8517E+02  1.1407E+03
  64082.61  3.0273E+02  1.2109E+03
  64125.34  3.0252E+02  1.2101E+03
  64168.10  3.0233E+02  1.2093E+03
  64210.89  2.9785E+02  1.1914E+03
  64253.71  2.8318E+02  1.1327E+03
  64296.56  2.2499E+02  8.9995E+02
  64339.44  2.5081E+02  1.0032E+03
  64382.35  2.7888E+02  1.1155E+03
  64425.28  2.8602E+02  1.1441E+03
  64468.24  2.3828E+02  9.5312E+02
  64511.24  2.6606E+02  1.0643E+03
  64554.26  2.9517E+02  1.1807E+03
  64597.31  2.7449E+02  1.0979E+03
  64640.38  2.8789E+02  1.1515E+03
  64683.49  2.3936E+02  9.5743E+02
  64726.62  2.4624E+02  9.8497E+02
  64769.79  2.7866E+02  1.1146E+03
  64812.98  2.0813E+02  8.3252E+02
  64856.20  2.0609E+02  8.2436E+02
  64899.45  2.4476E+02  9.7903E+02
  64942.73  2.3263E+02  9.3050E+02
  64986.04  2.3231E+02  9.2924E+02
  65029.38  2.2046E+02  8.8185E+02
  65072.74  2.8052E+02  1.1221E+03
  65116.14  2.6767E+02  1.0707E+03
  65159.56  2.6175E+02  1.0470E+03
  65203.02  2.7114E+02  1.0846E+03
  65246.50  2.1449E+02  8.5796E+02
  65290.01  2.0055E+02  8.0220E+02
  65333.55  2.6915E+02  1.0766E+03
  65377.12  2.8477E+02  1.1391E+03
  65420.71  2.1776E+02  8.7105E+02
  65464.34  2.6043E+02  1.0417E+03
  65508.00  2.7359E+02  1.0943E+03
  65551.68  1.9356E+02  7.7426E+02
  65595.40  2.3657E+02  9.4629E+02
  65639.14  2.5927E+02  1.0371E+03
  65682.91  2.5420E+02  1.0168E+03
  65726.71  2.5470E+02  1.0188E+03
  65770.54  2.3374E+02  9.3497E+02
  65814.41  2.6450E+02  1.0580E+03
  65858.29  2.2802E+02  9.1209E+02
  65902.21  2.0010E+02  8.0039E+02
  65946.16  2.1933E+02  8.7731E+02
  65990.14  1.9575E+02  7.8299E+02
  66034.15  2.5495E+02  1.0198E+03
  66078.18  2.0736E+02  8.2946E+02
  66122.25  1.8549E+02  7.4197E+02
  66166.34  2.5709E+02  1.0284E+03
  66210.47  1.8969E+02  7.5878E+02
  66254.62  2.7122E+02  1.0849E+03
  66298.80  1.8377E+02  7.3508E+02
  66343.01  2.5856E+02  1.0342E+03
  66387.26  1.8575E+02  7.4299E+02
  66431.53  2.2632E+02  9.0527E+02
  66475.83  2.6315E+02  1.0526E+03
  66520.16  2.3663E+02  9.4653E+02
  66564.52  1.9066E+02  7.6264E+02
  66608.91  2.1510E+02  8.6038E+02
  66653.33  2.0257E+02  8.1026E+02
  66697.78  2.0721E+02  8.2885E+02
  66742.26  2.3302E+02  9.3209E+02
  66786.76  1.8327E+02  7.3306E+02
  66831.30  1.9558E+02  7.8234E+02
  66875.87  2.1004E+02  8.4016E+02
  66920.47  2.1321E+02  8.5283E+02
  66965.09  1.8372E+02  7.3487E+02
  67009.75  2.1269E+02  8.5077E+02
  67054.44  2.2601E+02  9.0405E+02
  67099.15  2.3109E+02  9.2437E+02
  67143.90  1.9443E+02  7.7771E+02
  67188.68  1.9267E+02  7.7067E+02
  67233.48  2.3349E+02  9.3394E+02
  67278.32  2.3858E+02  9.5433E+02
  67323.18  2.4398E+02  9.7591E+02
  67368.08  2.1562E+02  8.6246E+02
  67413.00  2.4043E+02  9.6172E+02
  67457.96  2.2410E+02  8.9642E+02
  67502.95  1.8281E+02  7.3123E+02
  67547.96  2.3006E+02  9.2025E+02
  67593.01  2.1758E+02  8.7032E+02
  67638.08  2.0352E+02  8.1406E+02
  67683.19  2.0150E+02  8.0601E+02
  67728.32  1.7202E+02  6.8807E+02
  67773.49  1.9103E+02  7.6413E+02
  67818.68  1.9342E+02  7.7369E+02
  67863.91  1.7034E+02  6.8137E+02
  67909.17  2.4024E+02  9.6097E+02
  67954.45  2.0402E+02  8.1608E+02
  67999.77  2.3725E+02  9.4898E+02
  68045.12  2.0964E+02  8.3854E+02
  68090.49  2.0362E+02  8.1446E+02
  68135.90  1.6842E+02  6.7369E+02
  68181.34  2.2053E+02  8.8212E+02
  68226.81  1.8826E+02  7.5304E+02
  68272.30  2.2901E+02  9.1605E+02
  68317.83  1.9833E+02  7.9332E+02
  68363.39  2.2837E+02  9.1348E+02
  68408.98  1.9985E+02  7.9941E+02
  68454.60  2.3796E+02  9.5185E+02
  68500.25  1.7825E+02  7.1299E+02
  68545.93  1.8179E+02  7.2718E+02
  68591.64  2.0641E+02  8.2565E+02
  68637.38  1.8712E+02  7.4847E+02
  68683.16  2.0996E+02  8.3985E+02
  68728.96  1.7818E+02  7.1273E+02
  68774.79  2.0785E+02  8.3140E+02
  68820.65  1.6726E+02  6.6903E+02
  68866.55  1.6810E+02  6.7239E+02
  68912.47  1.9245E+02  7.6980E+02
  68958.43  1.9778E+02  7.9112E+02
  69004.42  1.9418E+02  7.7672E+02
  69050.43  2.1643E+02  8.6571E+02
  69096.48  1.8047E+02  7.2189E+02
  69142.56  1.6816E+02  6.7265E+02
  69188.67  1.8818E+02  7.5271E+02
  69234.81  1.9554E+02  7.8218E+02
  69280.98  1.7440E+02  6.9760E+02
  69327.18  2.0914E+02  8.3656E+02
  69373.41  1.8154E+02  7.2616E+02
  69419.67  1.6521E+02  6.6084E+02
  69465.97  2.0624E+02  8.2495E+02
  69512.29  2.0122E+02  8.0490E+02
  69558.65  1.8382E+02  7.3528E+02
  69605.03  1.6960E+02  6.7839E+02
  69651.45  1.7179E+02  6.8717E+02
  69697.90  1.6964E+02  6.7855E+02
  69744.38  1.7854E+02  7.1417E+02
  69790.89  1.9161E+02  7.6646E+02
  69837.43  1.6798E+02  6.7190E+02
  69884.00  2.0159E+02  8.0636E+02
  69930.60  1.6480E+02  6.5921E+02
  69977.24  1.8248E+02  7.2994E+02
  70023.90  1.8889E+02  7.5556E+02
  70070.60  1.6985E+02  6.7941E+02
  70117.33  1.6899E+02  6.7597E+02
  70164.09  2.0294E+02  8.1175E+02
  70210.88  1.7603E+02  7.0412E+02
  70257.70  2.0299E+02  8.1195E+02
  70304.55  1.6441E+02  6.5766E+02
  70351.44  1.9062E+02  7.6250E+02
  70398.35  1.6650E+02  6.6600E+02
  70445.30  1.6509E+02  6.6038E+02
  70492.27  1.8909E+02  7.5635E+02
  70539.28  1.6179E+02  6.4716E+02
  70586.32  2.0061E+02  8.0244E+02
  70633.39  1.5412E+02  6.1649E+02
  70680.50  2.0371E+02  8.1486E+02
  70727.63  1.6983E+02  6.7933E+02
  70774.80  1.7906E+02  7.1624E+02
  70822.00  1.6975E+02  6.7901E+02
  70869.22  1.9277E+02  7.7109E+02
  70916.48  1.9817E+02  7.9267E+02
  70963.78  1.7801E+02  7.1203E+02
  71011.10  1.8227E+02  7.2908E+02
  71058.46  1.7132E+02  6.8529E+02
  71105.84  1.5053E+02  6.0212E+02
  71153.26  1.8725E+02  7.4899E+02
  71200.71  1.7045E+02  6.8181E+02
  71248.19  1.6701E+02  6.6805E+02
  71295.70  1.5478E+02  6.1911E+02
  71343.25  1.7277E+02  6.9107E+02
  71390.83  1.9613E+02  7.8452E+02
  71438.43  1.7578E+02  7.0310E+02
  71486.07  1.5647E+02  6.2586E+02
  71533.74  1.9548E+02  7.8193E+02
  71581.45  1.5195E+02  6.0779E+02
  71629.18  1.8895E+02  7.5580E+02
  71676.95  1.8118E+02  7.2472E+02
  71724.75  1.9051E+02  7.6202E+02
  71772.58  1.7637E+02  7.0550E+02
  71820.44  1.8479E+02  7.3918E+02
  71868.34  1.8893E+02  7.5573E+02
  71916.26  1.8146E+02  7.2585E+02
  71964.22  1.8495E+02  7.3978E+02
  72012.21  1.6908E+02  6.7633E+02
  72060.24  1.5085E+02  6.0340E+02
  72108.29  1.8369E+02  7.3475E+02
  72156.38  1.8035E+02  7.2139E+02
  72204.50  1.5186E+02  6.0744E+02
  72252.65  1.5839E+02  6.3356E+02
  72300.83  1.5923E+02  6.3691E+02
  72349.04  1.5620E+02  6.2481E+02
  72397.29  1.5780E+02  6.3121E+02
  72445.57  1.8305E+02  7.3221E+02
  72493.88  1.6654E+02  6.6615E+02
  72542.23  1.4217E+02  5.6867E+02
  72590.60  1.7000E+02  6.8000E+02
  72639.01  1.6799E+02  6.7198E+02
  72687.45  1.7849E+02  7.1395E+02
  72735.92  1.5004E+02  6.0016E+02
  72784.43  1.7287E+02  6.9148E+02
  72832.97  1.7493E+02  6.9972E+02
  72881.54  1.6129E+02  6.4518E+02
  72930.14  1.5544E+02  6.2175E+02
  72978.77  1.4948E+02  5.9792E+02
  73027.44  1.6636E+02  6.6542E+02
  73076.14  1.4987E+02  5.9947E+02
  73124.87  1.7204E+02  6.8815E+02
  73173.64  1.7032E+02  6.8126E+02
  73222.43  1.6265E+02  6.5058E+02
  73271.26  1.5468E+02  6.1872E+02
  73320.13  1.6182E+02  6.4726E+02
  73369.02  1.6601E+02  6.6406E+02
  73417.95  1.7532E+02  7.0129E+02
  73466.91  1.5244E+02  6.0975E+02
  73515.90  1.3906E+02  5.5625E+02
  73564.93  1.5414E+02  6.1655E+02
  73613.98  1.7263E+02  6.9051E+02
  73663.07  1.3992E+02  5.5970E+02
  73712.20  1.6026E+02  6.4102E+02
  73761.35  1.3796E+02  5.5182E+02
  73810.54  1.2934E+02  5.1735E+02
  73859.76  1.3499E+02  5.3996E+02
  73909.02  1.4273E+02  5.7094E+02
  73958.31  1.5815E+02  6.3262E+02
  74007.63  1.5449E+02  6.1795E+02
  74056.98  1.5645E+02  6.2579E+02
  74106.37  1.5943E+02  6.3770E+02
  74155.79  1.5166E+02  6.0664E+02
  74205.24  1.5256E+02  6.1023E+02
  74254.72  1.6206E+02  6.4823E+02
  74304.24  1.3839E+02  5.5357E+02
  74353.79  1.2637E+02  5.0548E+02
  74403.38  1.3072E+02  5.2288E+02
  74452.99  1.5258E+02  6.1032E+02
  74502.64  1.5248E+02  6.0991E+02
  74552.33  1.7048E+02  6.8192E+02
  74602.04  1.5448E+02  6.1792E+02
  74651.79  1.4897E+02  5.9588E+02
  74701.58  1.6168E+02  6.4671E+02
  74751.39  1.3881E+02  5.5523E+02
  74801.24  1.6265E+02  6.5060E+02
  74851.12  1.4611E+02  5.8444E+02
  74901.04  1.5971E+02  6.3883E+02
  74950.99  1.3725E+02  5.4899E+02
  75000.97  1.5174E+02  6.0698E+02
  75050.99  1.5073E+02  6.0294E+02
  75101.03  1.3893E+02  5.5571E+02
  75151.12  1.3756E+02  5.5023E+02
  75201.23  1.5532E+02  6.2126E+02
  75251.38  1.2493E+02  4.9972E+02
  75301.56  1.3488E+02  5.3953E+02
  75351.78  1.4825E+02  5.9300E+02
  75402.03  1.4755E+02  5.9019E+02
  75452.31  1.3277E+02  5.3108E+02
  75502.63  1.6012E+02  6.4046E+02
  75552.98  1.5187E+02  6.0748E+02
  75603.36  1.2443E+02  4.9770E+02
  75653.78  1.2819E+02  5.1276E+02
  75704.23  1.4180E+02  5.6721E+02
  75754.72  1.5008E+02  6.0032E+02
  75805.24  1.5151E+02  6.0604E+02
  75855.79  1.3822E+02  5.5289E+02
  75906.37  1.4574E+02  5.8296E+02
  75956.99  1.4448E+02  5.7793E+02
  76007.65  1.4142E+02  5.6568E+02
  76058.33  1.1303E+02  4.5210E+02
  76109.05  1.3180E+02  5.2720E+02
  76159.81  1.2958E+02  5.1834E+02
  76210.60  1.5924E+02  6.3697E+02
  76261.42  1.2419E+02  4.9678E+02
  76312.28  1.2749E+02  5.0996E+02
  76363.17  1.5031E+02  6.0124E+02
  76414.09  1.4176E+02  5.6702E+02
  76465.05  1.4427E+02  5.7708E+02
  76516.04  1.2357E+02  4.9427E+02
  76567.07  1.2927E+02  5.1710E+02
  76618.13  1.4359E+02  5.7437E+02
  76669.22  1.5020E+02  6.0081E+02
  76720.35  1.3487E+02  5.3948E+02
  76771.51  1.1347E+02  4.5387E+02
  76822.71  1.3645E+02  5.4581E+02
  76873.94  1.2772E+02  5.1089E+02
  76925.20  1.2189E+02  4.8758E+02
  76976.50  1.2306E+02  4.9226E+02
  77027.83  1.4261E+02  5.7043E+02
  77079.20  1.1626E+02  4.6505E+02
  77130.60  1.2890E+02  5.1560E+02
  77182.04  1.1867E+02  4.7466E+02
  77233.51  1.2667E+02  5.0666E+02
  77285.01  1.3727E+02  5.4908E+02
  77336.55  1.3644E+02  5.4578E+02
  77388.12  1.0830E+02  4.3319E+02
  77439.73  1.3035E+02  5.2138E+02
  77491.37  1.2898E+02  5.1594E+02
  77543.05  1.3223E+02  5.2891E+02
  77594.76  1.1288E+02  4.5154E+02
  77646.51  1.1011E+02  4.4045E+02
  77698.29  1.3230E+02  5.2920E+02
  77750.10  1.0433E+02  4.1733E+02
  77801.95  1.4468E+02  5.7870E+02
  77853.83  1.0913E+02  4.3652E+02
  77905.75  1.2557E+02  5.0228E+02
  77957.70  1.3332E+02  5.3330E+02
  78009.69  1.3170E+02  5.2681E+02
  78061.71  1.0389E+02  4.1555E+02
  78113.77  1.2102E+02  4.8407E+02
  78165.86  1.1355E+02  4.5421E+02
  78217.99  1.3361E+02  5.3444E+02
  78270.15  1.1950E+02  4.7801E+02
  78322.34  1.3317E+02  5.3267E+02
  78374.58  1.3044E+02  5.2177E+02
  78426.84  1.2141E+02  4.8565E+02
  78479.14  1.0716E+02  4.2863E+02
  78531.48  1.1426E+02  4.5705E+02
  78583.85  1.1247E+02  4.4986E+02
  78636.25  1.0017E+02  4.0070E+02
  78688.69  1.3216E+02  5.2864E+02
  78741.17  1.0155E+02  4.0619E+02
  78793.68  1.1027E+02  4.4109E+02
  78846.22  1.0039E+02  4.0154E+02
  78898.80  1.0017E+02  4.0068E+02
  78951.42  1.2612E+02  5.0446E+02
  79004.07  9.7651E+01  3.9060E+02
  79056.75  1.2993E+02  5.1971E+02
  79109.47  1.2666E+02  5.0666E+02
  79162.23  1.2339E+02  4.9356E+02
  79215.02  1.1875E+02  4.7502E+02
  79267.84  1.2036E+02  4.8143E+02
  79320.70  1.2272E+02  4.9090E+02
  79373.60  1.0143E+02  4.0573E+02
  79426.53  1.1872E+02  4.7488E+02
  79479.50  1.0876E+02  4.3504E+02
  79532.50  1.0007E+02  4.0027E+02
  79585.54  1.0586E+02  4.2345E+02
  79638.61  1.0859E+02  4.3435E+02
  79691.72  1.2711E+02  5.0844E+02
  79744.86  9.6795E+01  3.8718E+02
  79798.04  9.8884E+01  3.9553E+02
  79851.26  1.0677E+02  4.2707E+02
  79904.51  9.6373E+01  3.8549E+02
  79957.79  1.2530E+02  5.0119E+02
  80011.11  1.1580E+02  4.6318E+02
  80064.47  1.0071E+02  4.0282E+02
  80117.86  1.0375E+02  4.1499E+02
  80171.29  1.1963E+02  4.7853E+02
  80224.76  1.1223E+02  4.4891E+02
  80278.25  1.0072E+02  4.0289E+02
  80331.79  9.6764E+01  3.8706E+02
  80385.36  1.1342E+02  4.5367E+02
  80438.97  1.1291E+02  4.5164E+02
  80492.61  1.2766E+02  5.1062E+02
  80546.29  1.1224E+02  4.4894E+02
  80600.00  1.2204E+02  4.8815E+02
  80653.75  1.0253E+02  4.1013E+02
  80707.53  1.1006E+02  4.4022E+02
  80761.36  1.0156E+02  4.0623E+02
  80815.21  9.9557E+01  3.9823E+02
  80869.11  1.0930E+02  4.3720E+02
  80923.03  1.0517E+02  4.2066E+02
  80977.00  1.0300E+02  4.1202E+02
  81031.00  1.1538E+02  4.6154E+02
  81085.04  9.9497E+01  3.9799E+02
  81139.11  1.1590E+02  4.6362E+02
  81193.22  9.2227E+01  3.6891E+02
  81247.36  1.1774E+02  4.7096E+02
  81301.55  1.2254E+02  4.9018E+02
  81355.76  9.5982E+01  3.8393E+02
  81410.02  1.2333E+02  4.9334E+02
  81464.31  9.9319E+01  3.9727E+02
  81518.63  1.1326E+02  4.5306E+02
  81572.99  1.0990E+02  4.3961E+02
  81627.39  1.1524E+02  4.6098E+02
  81681.83  1.0823E+02  4.3294E+02
  81736.30  1.0497E+02  4.1989E+02
  81790.80  1.0401E+02  4.1604E+02
  81845.35  1.0240E+02  4.0958E+02
  81899.93  1.0593E+02  4.2374E+02
  81954.54  9.8161E+01  3.9265E+02
  82009.20  9.3469E+01  3.7387E+02
  82063.89  8.7793E+01  3.5117E+02
  82118.61  8.9348E+01  3.5739E+02
  82173.37  1.0376E+02  4.1506E+02
  82228.17  1.1507E+02  4.6028E+02
  82283.01  1.1212E+02  4.4847E+02
  82337.88  1.1177E+02  4.4706E+02
  82392.79  8.6712E+01  3.4685E+02
  82447.73  1.0430E+02  4.1718E+02
  82502.72  1.0119E+02  4.0476E+02
  82557.73  9.5263E+01  3.8105E+02
  82612.79  1.0907E+02  4.3628E+02
  82667.88  9.3993E+01  3.7597E+02
  82723.01  9.1579E+01  3.6632E+02
  82778.17  1.0342E+02  4.1370E+02
  82833.38  8.7227E+01  3.4891E+02
  82888.61  8.7131E+01  3.4852E+02
  82943.89  1.1229E+02  4.4916E+02
  82999.20  1.0825E+02  4.3298E+02
  83054.55  9.1575E+01  3.6630E+02
  83109.94  9.8191E+01  3.9277E+02
  83165.36  8.5712E+01  3.4285E+02
  83220.82  1.1022E+02  4.4089E+02
  83276.32  9.2067E+01  3.6827E+02
  83331.85  8.7532E+01  3.5013E+02
  83387.42  1.1315E+02  4.5262E+02
  83443.03  1.0084E+02  4.0336E+02
  83498.68  8.7925E+01  3.5170E+02
  83554.36  1.0405E+02  4.1620E+02
  83610.08  9.9889E+01  3.9956E+02
  83665.84  8.8831E+01  3.5532E+02
  83721.63  9.2046E+01  3.6818E+02
  83777.46  9.2782E+01  3.7113E+02
  83833.33  8.9606E+01  3.5842E+02
  83889.24  9.6197E+01  3.8479E+02
  83945.18  9.8862E+01  3.9545E+02
  84001.16  8.4913E+01  3.3965E+02
  84057.18  8.4889E+01  3.3956E+02
  84113.23  9.2580E+01  3.7032E+02
  84169.32  1.0333E+02  4.1333E+02
  84225.45  8.8116E+01  3.5246E+02
  84281.62  8.7942E+01  3.5177E+02
  84337.83  1.0323E+02  4.1291E+02
  84394.07  9.1284E+01  3.6513E+02
  84450.35  7.8838E+01  3.1535E+02
  84506.66  1.0473E+02  4.1891E+02
  84563.02  7.9735E+01  3.1894E+02
  84619.41  8.3233E+01  3.3293E+02
  84675.84  8.6876E+01  3.4750E+02
  84732.31  8.1266E+01  3.2506E+02
  84788.81  8.5009E+01  3.4003E+02
  84845.36  1.0285E+02  4.1142E+02
  84901.94  8.3489E+01  3.3396E+02
  84958.56  7.8577E+01  3.1431E+02
  85015.21  9.2872E+01  3.7149E+02
  85071.91  8.7601E+01  3.5040E+02
  85128.64  9.8024E+01  3.9210E+02
  85185.41  8.9332E+01  3.5733E+02
  85242.21  7.4949E+01  2.9980E+02
  85299.06  8.8496E+01  3.5398E+02
  85355.94  1.0145E+02  4.0579E+02
  85412.86  8.2154E+01  3.2861E+02
  85469.82  9.1501E+01  3.6600E+02
  85526.82  8.8608E+01  3.5443E+02
  85583.85  9.1955E+01  3.6782E+02
  85640.93  7.7427E+01  3.0971E+02
  85698.04  7.5054E+01  3.0021E+02
  85755.19  9.1716E+01  3.6686E+02
  85812.38  8.3815E+01  3.3526E+02
  85869.60  8.3149E+01  3.3260E+02
  85926.86  9.4894E+01  3.7957E+02
  85984.17  9.2512E+01  3.7005E+02
  86041.51  7.4983E+01  2.9993E+02
  86098.88  9.4540E+01  3.7816E+02
  86156.30  8.3360E+01  3.3344E+02
  86213.76  9.2741E+01  3.7096E+02
  86271.25  8.4207E+01  3.3683E+02
  86328.78  8.5351E+01  3.4140E+02
  86386.35  8.4706E+01  3.3883E+02
  86443.96  9.6989E+01  3.8795E+02
  86501.60  8.3832E+01  3.3533E+02
  86559.29  9.1987E+01  3.6795E+02
  86617.01  8.1722E+01  3.2689E+02
  86674.77  7.6206E+01  3.0482E+02
  86732.58  7.7896E+01  3.1158E+02
  86790.41  8.3322E+01  3.3329E+02
  86848.29  8.4472E+01  3.3789E+02
  86906.21  7.0210E+01  2.8084E+02
  86964.16  8.6356E+01  3.4543E+02
  87022.16  9.0891E+01  3.6356E+02
  87080.19  8.1463E+01  3.2585E+02
  87138.26  8.7922E+01  3.5169E+02
  87196.37  7.9206E+01  3.1682E+02
  87254.52  8.1350E+01  3.2540E+02
  87312.70  7.6796E+01  3.0718E+02
  87370.93  8.9793E+01  3.5917E+02
  87429.20  8.3185E+01  3.3274E+02
  87487.50  7.3620E+01  2.9448E+02
  87545.84  7.3362E+01  2.9345E+02
  87604.22  7.9766E+01  3.1907E+02
  87662.64  8.3668E+01  3.3467E+02
  87721.10  7.0852E+01  2.8341E+02
  87779.60  8.9086E+01  3.5634E+02
  87838.14  8.0885E+01  3.2354E+02
  87896.71  7.8783E+01  3.1513E+02
  87955.33  7.5879E+01  3.0352E+02
  88013.98  9.1986E+01  3.6794E+02
  88072.68  8.4267E+01  3.3707E+02
  88131.41  7.5605E+01  3.0242E+02
  88190.18  6.8414E+01  2.7366E+02
  88248.99  7.5747E+01  3.0299E+02
  88307.84  7.5400E+01  3.0160E+02
  88366.73  8.3184E+01  3.3273E+02
  88425.66  6.9705E+01  2.7882E+02
  88484.63  8.4932E+01  3.3973E+02
  88543.64  6.9382E+01  2.7753E+02
  88602.68  6.9166E+01  2.7666E+02
  88661.77  8.6665E+01  3.4666E+02
  88720.90  7.6424E+01  3.0570E+02
  88780.06  6.7483E+01  2.6993E+02
  88839.27  7.9371E+01  3.1748E+02
  88898.51  7.7534E+01  3.1014E+02
  88957.79  7.6326E+01  3.0530E+02
  89017.12  7.8110E+01  3.1244E+02
  89076.48  6.4659E+01  2.5863E+02
  89135.88  8.1233E+01  3.2493E+02
  89195.32  8.1604E+01  3.2642E+02
  89254.80  8.1085E+01  3.2434E+02
  89314.33  7.2994E+01  2.9198E+02
  89373.89  7.8075E+01  3.1230E+02
  89433.49  7.4308E+01  2.9723E+02
  89493.13  7.3416E+01  2.9367E+02
  89552.81  7.6321E+01  3.0528E+02
  89612.53  7.6518E+01  3.0607E+02
  89672.29  7.6665E+01  3.0666E+02
  89732.09  8.1211E+01  3.2484E+02
  89791.93  7.7037E+01  3.0815E+02
  89851.80  7.0445E+01  2.8178E+02
  89911.72  7.9508E+01  3.1803E+02
  89971.68  7.3572E+01  2.9429E+02
  90031.68  8.0324E+01  3.2130E+02
  90091.72  6.4971E+01  2.5989E+02
  90151.80  7.7928E+01  3.1171E+02
  90211.92  8.1721E+01  3.2689E+02
  90272.08  7.7232E+01  3.0893E+02
  90332.28  6.4793E+01  2.5917E+02
  90392.52  6.4715E+01  2.5886E+02
  90452.80  6.9652E+01  2.7861E+02
  90513.12  7.4997E+01  2.9999E+02
  90573.48  7.1887E+01  2.8755E+02
  90633.88  7.2374E+01  2.8950E+02
  90694.32  6.8616E+01  2.7446E+02
  90754.80  7.0981E+01  2.8392E+02
  90815.32  7.6033E+01  3.0413E+02
  90875.88  7.2265E+01  2.8906E+02
  90936.48  7.6421E+01  3.0568E+02
  90997.13  7.3938E+01  2.9575E+02
  91057.81  6.1416E+01  2.4566E+02
  91118.53  5.9941E+01  2.3976E+02
  91179.30  6.6695E+01  2.6678E+02
  91240.10  7.2821E+01  2.9128E+02
  91300.95  7.0897E+01  2.8359E+02
  91361.83  6.1505E+01  2.4602E+02
  91422.76  7.6025E+01  3.0410E+02
  91483.73  6.2385E+01  2.4954E+02
  91544.73  6.4791E+01  2.5916E+02
  91605.78  7.6684E+01  3.0673E+02
  91666.87  6.8428E+01  2.7371E+02
  91728.00  6.1729E+01  2.4692E+02
  91789.17  6.9353E+01  2.7741E+02
  91850.38  7.5731E+01  3.0292E+02
  91911.63  7.2917E+01  2.9167E+02
  91972.93  6.9147E+01  2.7659E+02
  92034.26  6.4338E+01  2.5735E+02
  92095.63  6.7493E+01  2.6997E+02
  92157.05  6.6470E+01  2.6588E+02
  92218.51  7.3117E+01  2.9247E+02
  92280.00  6.4887E+01  2.5955E+02
  92341.54  6.7458E+01  2.6983E+02
  92403.12  7.0735E+01  2.8294E+02
  92464.74  6.9187E+01  2.7675E+02
  92526.40  6.4316E+01  2.5726E+02
  92588.11  6.3274E+01  2.5309E+02
  92649.85  7.1512E+01  2.8605E+02
  92711.64  7.1403E+01  2.8561E+02
  92773.46  7.0882E+01  2.8353E+02
  92835.33  6.3328E+01  2.5331E+02
  92897.24  6.4622E+01  2.5849E+02
  92959.19  6.2533E+01  2.5013E+02
  93021.18  5.6615E+01  2.2646E+02
  93083.21  6.2190E+01  2.4876E+02
  93145.29  7.2966E+01  2.9186E+02
  93207.40  6.2059E+01  2.4823E+02
  93269.56  6.8370E+01  2.7348E+02
  93331.76  6.2469E+01  2.4988E+02
  93394.00  6.4072E+01  2.5629E+02
  93456.28  6.9054E+01  2.7622E+02
  93518.60  6.8410E+01  2.7364E+02
  93580.97  6.0650E+01  2.4260E+02
  93643.37  7.0209E+01  2.8084E+02
  93705.82  6.9596E+01  2.7838E+02
  93768.31  6.4782E+01  2.5913E+02
  93830.84  6.1058E+01  2.4423E+02
  93893.41  5.9708E+01  2.3883E+02
  93956.03  6.3583E+01  2.5433E+02
  94018.68  5.9763E+01  2.3905E+02
  94081.38  6.7666E+01  2.7066E+02
  94144.12  6.5425E+01  2.6170E+02
  94206.90  5.7283E+01  2.2913E+02
  94269.73  6.1509E+01  2.4604E+02
  94332.59  6.5437E+01  2.6175E+02
  94395.50  6.6608E+01  2.6643E+02
  94458.45  5.7567E+01  2.3027E+02
  94521.44  6.0736E+01  2.4295E+02
  94584.47  5.5783E+01  2.2313E+02
  94647.55  5.9409E+01  2.3764E+02
  94710.66  5.4076E+01  2.1630E+02
  94773.82  6.3010E+01  2.5204E+02
  94837.03  6.3186E+01  2.5274E+02
  94900.27  6.1922E+01  2.4769E+02
  94963.55  5.6226E+01  2.2490E+02
  95026.88  6.5738E+01  2.6295E+02
  95090.25  5.7773E+01  2.3109E+02
  95153.67  6.2016E+01  2.4806E+02
  95217.12  5.5248E+01  2.2099E+02
  95280.62  5.6235E+01  2.2494E+02
  95344.16  5.2338E+01  2.0935E+02
  95407.74  5.4435E+01  2.1774E+02
  95471.36  6.4727E+01  2.5891E+02
  95535.03  5.9178E+01  2.3671E+02
  95598.74  5.9971E+01  2.3988E+02
  95662.49  5.5174E+01  2.2069E+02
  95726.28  6.0881E+01  2.4352E+02
  95790.12  5.9187E+01  2.3675E+02
  95854.00  5.3731E+01  2.1492E+02
  95917.92  5.8437E+01  2.3375E+02
  95981.89  5.9611E+01  2.3845E+02
  96045.89  6.2332E+01  2.4933E+02
  96109.94  6.0499E+01  2.4200E+02
  96174.04  5.5837E+01  2.2335E+02
  96238.17  5.8840E+01  2.3536E+02
  96302.35  6.0254E+01  2.4101E+02
  96366.57  5.1161E+01  2.0464E+02
  96430.83  5.3304E+01  2.1321E+02
  96495.14  5.8914E+01  2.3566E+02
  96559.49  5.5066E+01  2.2026E+02
  96623.88  5.9094E+01  2.3638E+02
  96688.32  6.2941E+01  2.5177E+02
  96752.80  5.9569E+01  2.3827E+02
  96817.32  5.3459E+01  2.1383E+02
  96881.88  5.4615E+01  2.1846E+02
  96946.49  5.7592E+01  2.3037E+02
  97011.14  5.5269E+01  2.2108E+02
  97075.83  6.2152E+01  2.4861E+02
  97140.57  5.2931E+01  2.1172E+02
  97205.35  5.3527E+01  2.1411E+02
  97270.17  5.3889E+01  2.1555E+02
  97335.04  5.7753E+01  2.3101E+02
  97399.95  5.3268E+01  2.1307E+02
  97464.90  5.6962E+01  2.2785E+02
  97529.90  5.6514E+01  2.2606E+02
  97594.94  5.3212E+01  2.1285E+02
  97660.02  5.3341E+01  2.1337E+02
  97725.14  5.6228E+01  2.2491E+02
  97790.31  5.5432E+01  2.2173E+02
  97855.53  6.0239E+01  2.4096E+02
  97920.78  4.7750E+01  1.9100E+02
  97986.08  5.8149E+01  2.3260E+02
  98051.43  5.3088E+01  2.1235E+02
  98116.82  5.6634E+01  2.2654E+02
  98182.25  5.4058E+01  2.1623E+02
  98247.72  5.3323E+01  2.1329E+02
  98313.24  5.4754E+01  2.1901E+02
  98378.80  5.5369E+01  2.2147E+02
  98444.41  5.3883E+01  2.1553E+02
  98510.06  5.6525E+01  2.2610E+02
  98575.75  5.3820E+01  2.1528E+02
  98641.49  4.9905E+01  1.9962E+02
  98707.27  5.1399E+01  2.0560E+02
  98773.09  5.9992E+01  2.3997E+02
  98838.96  5.0585E+01  2.0234E+02
  98904.87  5.5622E+01  2.2249E+02
  98970.83  5.3942E+01  2.1577E+02
  99036.83  4.9462E+01  1.9785E+02
  99102.87  5.4779E+01  2.1912E+02
  99168.96  5.5743E+01  2.2297E+02
  99235.09  5.2592E+01  2.1037E+02
  99301.27  5.3385E+01  2.1354E+02
  99367.49  5.2260E+01  2.0904E+02
  99433.76  4.6388E+01  1.8555E+02
  99500.06  5.5289E+01  2.2116E+02
  99566.42  5.5992E+01  2.2397E+02
  99632.82  4.7510E+01  1.9004E+02
  99699.26  4.7379E+01  1.8951E+02
  99765.74  5.3438E+01  2.1375E+02
  99832.27  5.2257E+01  2.0903E+02
  99898.85  5.3831E+01  2.1532E+02
  99965.47  4.8274E+01  1.9310E+02
 100032.13  5.3532E+01  2.1413E+02
 100098.84  4.7915E+01  1.9166E+02
 100165.59  4.3555E+01  1.7422E+02
 100232.39  5.3062E+01  2.1225E+02
 100299.23  4.8869E+01  1.9548E+02
 100366.12  4.8514E+01  1.9406E+02
 100433.05  5.1028E+01  2.0411E+02
 100500.02  4.8305E+01  1.9322E+02
 100567.04  5.2649E+01  2.1060E+02
 100634.11  4.6380E+01  1.8552E+02
 100701.22  4.4432E+01  1.7773E+02
 100768.37  4.8238E+01  1.9295E+02
 100835.57  5.0972E+01  2.0389E+02
 100902.82  5.2610E+01  2.1044E+02
 100970.10  4.6891E+01  1.8756E+02
 101037.44  4.7678E+01  1.9071E+02
 101104.82  4.9660E+01  1.9864E+02
 101172.24  4.9187E+01  1.9675E+02
 101239.71  4.8656E+01  1.9462E+02
 101307.22  4.2876E+01  1.7150E+02
 101374.78  4.9010E+01  1.9604E+02
 101442.38  4.8619E+01  1.9447E+02
 101510.03  5.0439E+01  2.0175E+02
 101577.73  4.1137E+01  1.6455E+02
 101645.46  4.7316E+01  1.8926E+02
 101713.25  4.2773E+01  1.7109E+02
 101781.08  4.7872E+01  1.9149E+02
 101848.95  4.3401E+01  1.7361E+02
 101916.87  4.3264E+01  1.7306E+02
 101984.84  4.5821E+01  1.8328E+02
 102052.85  5.1806E+01  2.0722E+02
 102120.90  4.4046E+01  1.7618E+02
 102189.00  4.4698E+01  1.7879E+02
 102257.15  4.1537E+01  1.6615E+02
 102325.34  3.9484E+01  1.5793E+02
 102393.58  4.1677E+01  1.6671E+02
 102461.86  4.7372E+01  1.8949E+02
 102530.19  4.6506E+01  1.8602E+02
 102598.56  4.7792E+01  1.9117E+02
 102666.98  4.9768E+01  1.9907E+02
 102735.45  4.6154E+01  1.8462E+02
 102803.96  4.2412E+01  1.6965E+02
 102872.52  4.3498E+01  1.7399E+02
 102941.12  4.9941E+01  1.9977E+02
 103009.77  4.8596E+01  1.9438E+02
 103078.46  4.2466E+01  1.6986E+02
 103147.20  4.3830E+01  1.7532E+02
 103215.99  4.1341E+01  1.6537E+02
 103284.82  4.3920E+01  1.7568E+02
 103353.69  4.0462E+01  1.6185E+02
 103422.62  4.8487E+01  1.9395E+02
 103491.59  4.5619E+01  1.8248E+02
 103560.60  4.5670E+01  1.8268E+02
 103629.66  4.6762E+01  1.8705E+02
 103698.77  4.0735E+01  1.6294E+02
 103767.92  4.1038E+01  1.6415E+02
 103837.12  3.9922E+01  1.5969E+02
 103906.37  4.4694E+01  1.7877E+02
 103975.66  4.1167E+01  1.6467E+02
 104045.00  4.3755E+01  1.7502E+02
 104114.38  4.3226E+01  1.7291E+02
 104183.81  4.6752E+01  1.8701E+02
 104253.29  3.9348E+01  1.5739E+02
 104322.81  4.0036E+01  1.6015E+02
 104392.38  4.2890E+01  1.7156E+02
 104462.00  4.1149E+01  1.6460E+02
 104531.66  4.3315E+01  1.7326E+02
 104601.37  3.9372E+01  1.5749E+02
 104671.12  4.0832E+01  1.6333E+02
 104740.92  4.5436E+01  1.8174E+02
 104810.77  4.3815E+01  1.7526E+02
 104880.67  4.2843E+01  1.7137E+02
 104950.61  4.4646E+01  1.7859E+02
 105020.60  3.8049E+01  1.5220E+02
 105090.63  4.1938E+01  1.6775E+02
 105160.71  4.3858E+01  1.7543E+02
 105230.84  4.0153E+01  1.6061E+02
 105301.02  4.1352E+01  1.6541E+02
 105371.24  4.2016E+01  1.6806E+02
 105441.51  4.4124E+01  1.7649E+02
 105511.82  3.7643E+01  1.5057E+02
 105582.18  3.5688E+01  1.4275E+02
 105652.59  3.7999E+01  1.5199E+02
 105723.05  4.0509E+01  1.6204E+02
 105793.55  3.5787E+01  1.4315E+02
 105864.10  4.5334E+01  1.8133E+02
 105934.70  3.6930E+01  1.4772E+02
 106005.34  4.0654E+01  1.6262E+02
 106076.04  4.1932E+01  1.6773E+02
 106146.77  3.4735E+01  1.3894E+02
 106217.56  4.1454E+01  1.6581E+02
 106288.39  4.2540E+01  1.7016E+02
 106359.27  4.2864E+01  1.7145E+02
 106430.20  3.6663E+01  1.4665E+02
 106501.18  4.1244E+01  1.6498E+02
 106572.20  3.6209E+01  1.4484E+02
 106643.27  4.1816E+01  1.6726E+02
 106714.38  3.6527E+01  1.4611E+02
 106785.55  3.6824E+01  1.4729E+02
 106856.76  3.6177E+01  1.4471E+02
 106928.02  3.8338E+01  1.5335E+02
 106999.33  4.1588E+01  1.6635E+02
 107070.68  3.4695E+01  1.3878E+02
 107142.08  4.2458E+01  1.6983E+02
 107213.53  3.3386E+01  1.3354E+02
 107285.03  4.1648E+01  1.6659E+02
 107356.57  3.5948E+01  1.4379E+02
 107428.17  3.6913E+01  1.4765E+02
 107499.81  3.8505E+01  1.5402E+02
 107571.49  3.6163E+01  1.4465E+02
 107643.23  3.3946E+01  1.3579E+02
 107715.01  3.6460E+01  1.4584E+02
 107786.85  4.0107E+01  1.6043E+02
 107858.73  3.5101E+01  1.4041E+02
 107930.65  3.7967E+01  1.5187E+02
 108002.63  3.9431E+01  1.5772E+02
 108074.65  3.8850E+01  1.5540E+02
 108146.72  3.3799E+01  1.3520E+02
 108218.84  4.1251E+01  1.6500E+02
 108291.01  4.0635E+01  1.6254E+02
 108363.23  3.7943E+01  1.5177E+02
 108435.49  3.3542E+01  1.3417E+02
 108507.80  3.7069E+01  1.4828E+02
 108580.16  3.6796E+01  1.4718E+02
 108652.57  3.9036E+01  1.5614E+02
 108725.03  3.9562E+01  1.5825E+02
 108797.53  3.8520E+01  1.5408E+02
 108870.09  3.1987E+01  1.2795E+02
 108942.69  3.0291E+01  1.2116E+02
 109015.34  3.6414E+01  1.4565E+02
 109088.04  3.7029E+01  1.4812E+02
 109160.78  3.5279E+01  1.4112E+02
 109233.58  3.9904E+01  1.5962E+02
 109306.42  3.6450E+01  1.4580E+02
 109379.32  3.5996E+01  1.4398E+02
 109452.26  3.5215E+01  1.4086E+02
 109525.25  3.6126E+01  1.4450E+02
 109598.29  3.6356E+01  1.4543E+02
 109671.37  3.4670E+01  1.3868E+02
 109744.51  3.6774E+01  1.4709E+02
 109817.69  3.5520E+01  1.4208E+02
 109890.93  3.0854E+01  1.2342E+02
 109964.21  3.0526E+01  1.2210E+02
 110037.54  3.5724E+01  1.4289E+02
 110110.92  3.6204E+01  1.4482E+02
 110184.35  3.1033E+01  1.2413E+02
 110257.83  3.7954E+01  1.5182E+02
 110331.36  3.4191E+01  1.3676E+02
 110404.93  2.9824E+01  1.1930E+02
 110478.56  3.5284E+01  1.4114E+02
 110552.23  3.4219E+01  1.3687E+02
 110625.96  3.4832E+01  1.3933E+02
 110699.73  3.0370E+01  1.2148E+02
 110773.55  3.4557E+01  1.3823E+02
 110847.42  3.0087E+01  1.2035E+02
 110921.34  3.6434E+01  1.4573E+02
 110995.31  3.4152E+01  1.3661E+02
 111069.33  3.4276E+01  1.3710E+02
 111143.40  3.3588E+01  1.3435E+02
 111217.52  3.1829E+01  1.2732E+02
 111291.69  3.4915E+01  1.3966E+02
 111365.90  3.0676E+01  1.2270E+02
 111440.17  3.5677E+01  1.4271E+02
 111514.49  2.9810E+01  1.1924E+02
 111588.85  3.3070E+01  1.3228E+02
 111663.27  3.2843E+01  1.3137E+02
 111737.73  2.9820E+01  1.1928E+02
 111812.24  3.3946E+01  1.3579E+02
 111886.81  3.0263E+01  1.2105E+02
 111961.42  2.8669E+01  1.1467E+02
 112036.08  3.4430E+01  1.3772E+02
 112110.80  3.2907E+01  1.3163E+02
 112185.56  3.0615E+01  1.2246E+02
 112260.37  3.2551E+01  1.3020E+02
 112335.24  3.1961E+01  1.2784E+02
 112410.15  3.4376E+01  1.3750E+02
 112485.11  3.4707E+01  1.3883E+02
 112560.12  3.1550E+01  1.2620E+02
 112635.19  3.3801E+01  1.3520E+02
 112710.30  3.2891E+01  1.3157E+02
 112785.46  2.9820E+01  1.1928E+02
 112860.68  3.1477E+01  1.2591E+02
 112935.94  3.3234E+01  1.3293E+02
 113011.25  3.4338E+01  1.3735E+02
 113086.61  3.2075E+01  1.2830E+02
 113162.03  3.2171E+01  1.2868E+02
 113237.49  2.7730E+01  1.1092E+02
 113313.01  2.6387E+01  1.0555E+02
 113388.57  2.6858E+01  1.0743E+02
 113464.19  2.9417E+01  1.1767E+02
 113539.85  2.7876E+01  1.1151E+02
 113615.57  3.2571E+01  1.3029E+02
 113691.33  2.7020E+01  1.0808E+02
 113767.15  2.9937E+01  1.1975E+02
 113843.02  3.1175E+01  1.2470E+02
 113918.94  2.8540E+01  1.1416E+02
 113994.91  2.8620E+01  1.1448E+02
 114070.93  2.8902E+01  1.1561E+02
 114147.00  3.3065E+01  1.3226E+02
 114223.12  3.0862E+01  1.2345E+02
 114299.29  2.7762E+01  1.1105E+02
 114375.51  2.5022E+01  1.0009E+02
 114451.78  2.5337E+01  1.0135E+02
 114528.11  2.9372E+01  1.1749E+02
 114604.48  2.7137E+01  1.0855E+02
 114680.91  2.9630E+01  1.1852E+02
 114757.39  2.7504E+01  1.1001E+02
 114833.91  3.0208E+01  1.2083E+02
 114910.49  3.2901E+01  1.3160E+02
 114987.12  2.9245E+01  1.1698E+02
 115063.80  2.6269E+01  1.0508E+02
 115140.54  2.7646E+01  1.1058E+02
 115217.32  2.9497E+01  1.1799E+02
 115294.15  2.6767E+01  1.0707E+02
 115371.04  3.1094E+01  1.2437E+02
 115447.98  2.5197E+01  1.0079E+02
 115524.96  2.5629E+01  1.0252E+02
 115602.00  3.1692E+01  1.2677E+02
 115679.10  2.8983E+01  1.1593E+02
 115756.24  2.6984E+01  1.0794E+02
 115833.43  2.7982E+01  1.1193E+02
 115910.68  2.8989E+01  1.1596E+02
 115987.97  2.8442E+01  1.1377E+02
 116065.32  2.4869E+01  9.9474E+01
 116142.72  2.3825E+01  9.5299E+01
 116220.17  2.8120E+01  1.1248E+02
 116297.68  2.3764E+01  9.5058E+01
 116375.23  2.6716E+01  1.0687E+02
 116452.84  2.8972E+01  1.1589E+02
 116530.50  2.8452E+01  1.1381E+02
 116608.21  2.7061E+01  1.0824E+02
 116685.97  3.1777E+01  1.2711E+02
 116763.78  2.6262E+01  1.0505E+02
 116841.65  2.7340E+01  1.0936E+02
 116919.57  2.9618E+01  1.1847E+02
 116997.54  2.7871E+01  1.1149E+02
 117075.56  2.5554E+01  1.0222E+02
 117153.63  2.7726E+01  1.1091E+02
 117231.76  3.0413E+01  1.2165E+02
 117309.94  2.4514E+01  9.8056E+01
 117388.17  2.7015E+01  1.0806E+02
 117466.45  2.3814E+01  9.5256E+01
 117544.78  2.6348E+01  1.0539E+02
 117623.17  2.9112E+01  1.1645E+02
 117701.61  2.5025E+01  1.0010E+02
 117780.10  2.5266E+01  1.0106E+02
 117858.65  2.8566E+01  1.1427E+02
 117937.24  2.8461E+01  1.1384E+02
 118015.89  2.4378E+01  9.7511E+01
 118094.59  2.7711E+01  1.1085E+02
 118173.34  2.2588E+01  9.0350E+01
 118252.15  2.2990E+01  9.1960E+01
 118331.01  2.3250E+01  9.3002E+01
 118409.92  2.8429E+01  1.1372E+02
 118488.88  2.3991E+01  9.5962E+01
 118567.90  2.8671E+01  1.1468E+02
 118646.97  2.4580E+01  9.8320E+01
 118726.09  2.3336E+01  9.3343E+01
 118805.26  2.1537E+01  8.6147E+01
 118884.49  2.8711E+01  1.1484E+02
 118963.77  2.6422E+01  1.0569E+02
 119043.10  2.1578E+01  8.6310E+01
 119122.49  2.4859E+01  9.9436E+01
 119201.93  2.5894E+01  1.0358E+02
 119281.42  2.5970E+01  1.0388E+02
 119360.97  2.2945E+01  9.1782E+01
 119440.56  2.4239E+01  9.6957E+01
 119520.21  2.4505E+01  9.8022E+01
 119599.92  2.5191E+01  1.0076E+02
 119679.68  2.1474E+01  8.5895E+01
 119759.49  2.7982E+01  1.1193E+02
 119839.35  2.5213E+01  1.0085E+02
 119919.27  2.4532E+01  9.8130E+01
 119999.24  2.2309E+01  8.9236E+01
 120079.26  2.5845E+01  1.0338E+02
 120159.34  2.6803E+01  1.0721E+02
 120239.47  2.0737E+01  8.2950E+01
 120319.65  2.2733E+01  9.0933E+01
 120399.89  2.3957E+01  9.5830E+01
 120480.18  2.4639E+01  9.8557E+01
 120560.52  2.5523E+01  1.0209E+02
 120640.92  2.3040E+01  9.2161E+01
 120721.37  2.2477E+01  8.9908E+01
 120801.88  2.2983E+01  9.1934E+01
 120882.44  2.5945E+01  1.0378E+02
 120963.05  2.6246E+01  1.0498E+02
 121043.71  2.0800E+01  8.3201E+01
 121124.44  2.3432E+01  9.3727E+01
 121205.21  2.5295E+01  1.0118E+02
 121286.04  2.5031E+01  1.0012E+02
 121366.92  2.2700E+01  9.0800E+01
 121447.85  2.5218E+01  1.0087E+02
 121528.84  2.3300E+01  9.3199E+01
 121609.89  2.0348E+01  8.1394E+01
 121690.98  2.5030E+01  1.0012E+02
 121772.14  2.3389E+01  9.3555E+01
 121853.34  2.3596E+01  9.4383E+01
 121934.60  2.6115E+01  1.0446E+02
 122015.92  2.5087E+01  1.0035E+02
 122097.28  2.1519E+01  8.6077E+01
 122178.71  1.9448E+01  7.7793E+01
 122260.18  2.4640E+01  9.8560E+01
 122341.72  2.2958E+01  9.1830E+01
 122423.30  2.2381E+01  8.9524E+01
 122504.94  2.4163E+01  9.6651E+01
 122586.64  2.2048E+01  8.8194E+01
 122668.38  2.2020E+01  8.8079E+01
 122750.19  2.1487E+01  8.5948E+01
 122832.05  2.4030E+01  9.6120E+01
 122913.96  2.2357E+01  8.9427E+01
 122995.93  2.0537E+01  8.2146E+01
 123077.95  1.9976E+01  7.9904E+01
 123160.02  1.9026E+01  7.6105E+01
 123242.16  2.4034E+01  9.6138E+01
 123324.34  2.0380E+01  8.1519E+01
 123406.58  2.3298E+01  9.3190E+01
 123488.88  2.1659E+01  8.6635E+01
 123571.23  2.0101E+01  8.0406E+01
 123653.63  1.9754E+01  7.9014E+01
 123736.09  2.2925E+01  9.1701E+01
 123818.61  2.1949E+01  8.7796E+01
 123901.18  1.9771E+01  7.9083E+01
 123983.81  2.1125E+01  8.4502E+01
 124066.49  2.0845E+01  8.3381E+01
 124149.22  1.9865E+01  7.9459E+01
 124232.01  2.0372E+01  8.1488E+01
 124314.86  2.1948E+01  8.7792E+01
 124397.76  1.8074E+01  7.2297E+01
 124480.72  2.2189E+01  8.8757E+01
 124563.73  1.9005E+01  7.6021E+01
 124646.80  2.2456E+01  8.9822E+01
 124729.92  1.8632E+01  7.4530E+01
 124813.10  1.8879E+01  7.5515E+01
 124896.33  2.3056E+01  9.2225E+01
 124979.62  1.9059E+01  7.6236E+01
 125062.97  2.2395E+01  8.9581E+01
 125146.37  1.9832E+01  7.9329E+01
 125229.82  2.1428E+01  8.5713E+01
 125313.33  1.8814E+01  7.5255E+01
 125396.90  2.0914E+01  8.3655E+01
 125480.52  1.8539E+01  7.4155E+01
 125564.20  2.0691E+01  8.2766E+01
 125647.94  2.0449E+01  8.1796E+01
 125731.73  1.9289E+01  7.7158E+01
 125815.57  2.1749E+01  8.6997E+01
 125899.48  2.1541E+01  8.6165E+01
 125983.43  2.0898E+01  8.3593E+01
 126067.45  2.0515E+01  8.2062E+01
 126151.52  2.0324E+01  8.1296E+01
 126235.65  2.1250E+01  8.4999E+01
 126319.83  2.2412E+01  8.9646E+01
 126404.07  1.8740E+01  7.4958E+01
 126488.36  1.8671E+01  7.4683E+01
 126572.71  1.7006E+01  6.8022E+01
 126657.12  1.8918E+01  7.5672E+01
 126741.58  1.9097E+01  7.6387E+01
 126826.10  2.1509E+01  8.6035E+01
 126910.68  1.9427E+01  7.7708E+01
 126995.31  1.8943E+01  7.5772E+01
 127080.00  2.2537E+01  9.0147E+01
 127164.74  2.0017E+01  8.0068E+01
 127249.55  2.1681E+01  8.6724E+01
 127334.41  1.8495E+01  7.3981E+01
 127419.32  2.0761E+01  8.3045E+01
 127504.29  2.2175E+01  8.8700E+01
 127589.32  1.6856E+01  6.7426E+01
 127674.41  2.0448E+01  8.1792E+01
 127759.55  1.6839E+01  6.7355E+01
 127844.75  1.9466E+01  7.7863E+01
 127930.00  1.8937E+01  7.5747E+01
 128015.31  2.0429E+01  8.1716E+01
 128100.68  1.7711E+01  7.0844E+01
 128186.11  1.8439E+01  7.3756E+01
 128271.59  1.8544E+01  7.4178E+01
 128357.13  1.9847E+01  7.9389E+01
 128442.73  1.9920E+01  7.9679E+01
 128528.38  1.8372E+01  7.3488E+01
 128614.09  1.8754E+01  7.5017E+01
 128699.86  1.9524E+01  7.8097E+01
 128785.69  2.1343E+01  8.5371E+01
 128871.57  2.1791E+01  8.7164E+01
 128957.51  1.6356E+01  6.5424E+01
 129043.51  1.6497E+01  6.5988E+01
 129129.56  2.0872E+01  8.3489E+01
 129215.68  1.7632E+01  7.0529E+01
 129301.85  1.7355E+01  6.9420E+01
 129388.07  1.6247E+01  6.4989E+01
 129474.36  1.9601E+01  7.8403E+01
 129560.70  1.8648E+01  7.4590E+01
 129647.10  1.9496E+01  7.7982E+01
 129733.56  2.0037E+01  8.0147E+01
 129820.07  1.8938E+01  7.5751E+01
 129906.64  1.6388E+01  6.5551E+01
 129993.27  1.9424E+01  7.7694E+01
 130079.96  1.6294E+01  6.5176E+01
 130166.71  1.8345E+01  7.3381E+01
 130253.51  1.9959E+01  7.9837E+01
 130340.37  1.4920E+01  5.9682E+01
 130427.29  1.8697E+01  7.4788E+01
 130514.27  1.6248E+01  6.4993E+01
 130601.31  1.8734E+01  7.4934E+01
 130688.40  1.7658E+01  7.0631E+01
 130775.55  1.7658E+01  7.0633E+01
 130862.76  1.9255E+01  7.7020E+01
 130950.03  1.5651E+01  6.2604E+01
 131037.36  1.9952E+01  7.9809E+01
 131124.74  1.8839E+01  7.5356E+01
 131212.18  1.9791E+01  7.9165E+01
 131299.69  1.9851E+01  7.9405E+01
 131387.24  1.7694E+01  7.0777E+01
 131474.86  1.4559E+01  5.8236E+01
 131562.54  1.5018E+01  6.0073E+01
 131650.27  1.9348E+01  7.7393E+01
 131738.07  2.0379E+01  8.1515E+01
 131825.92  1.7092E+01  6.8367E+01
 131913.83  1.8616E+01  7.4465E+01
 132001.80  1.8520E+01  7.4080E+01
 132089.83  1.6330E+01  6.5318E+01
 132177.91  1.6594E+01  6.6376E+01
 132266.06  1.8197E+01  7.2787E+01
 132354.26  1.5410E+01  6.1638E+01
 132442.52  1.8154E+01  7.2617E+01
 132530.84  1.5785E+01  6.3140E+01
 132619.22  1.7406E+01  6.9624E+01
 132707.66  1.5406E+01  6.1626E+01
 132796.16  1.8678E+01  7.4712E+01
 132884.72  1.8649E+01  7.4597E+01
 132973.34  1.5502E+01  6.2008E+01
 133062.01  1.8090E+01  7.2360E+01
 133150.75  1.5203E+01  6.0811E+01
 133239.54  1.8892E+01  7.5568E+01
 133328.39  1.4342E+01  5.7366E+01
 133417.31  1.6317E+01  6.5267E+01
 133506.28  1.4197E+01  5.6786E+01
 133595.31  1.7202E+01  6.8807E+01
 133684.40  1.4847E+01  5.9386E+01
 133773.55  1.6819E+01  6.7276E+01
 133862.76  1.7204E+01  6.8815E+01
 133952.03  1.6100E+01  6.4402E+01
 134041.35  1.7262E+01  6.9046E+01
 134130.74  1.5969E+01  6.3875E+01
 134220.19  1.6405E+01  6.5619E+01
 134309.70  1.7405E+01  6.9621E+01
 134399.26  1.6270E+01  6.5079E+01
 134488.89  1.8179E+01  7.2716E+01
 134578.57  1.6834E+01  6.7337E+01
 134668.32  1.4540E+01  5.8160E+01
 134758.13  1.5098E+01  6.0393E+01
 134847.99  1.4023E+01  5.6092E+01
 134937.92  1.5526E+01  6.2104E+01
 135027.90  1.5212E+01  6.0849E+01
 135117.95  1.5535E+01  6.2138E+01
 135208.05  1.8722E+01  7.4888E+01
 135298.22  1.5051E+01  6.0205E+01
 135388.45  1.4273E+01  5.7093E+01
 135478.73  1.5741E+01  6.2963E+01
 135569.08  1.3971E+01  5.5883E+01
 135659.49  1.5559E+01  6.2236E+01
 135749.95  1.3108E+01  5.2430E+01
 135840.48  1.7078E+01  6.8312E+01
 135931.07  1.5177E+01  6.0708E+01
 136021.71  1.4872E+01  5.9490E+01
 136112.42  1.3580E+01  5.4320E+01
 136203.19  1.4335E+01  5.7341E+01
 136294.02  1.6400E+01  6.5601E+01
 136384.91  1.6193E+01  6.4773E+01
 136475.86  1.4380E+01  5.7521E+01
 136566.87  1.3758E+01  5.5033E+01
 136657.94  1.5733E+01  6.2932E+01
 136749.08  1.4294E+01  5.7178E+01
 136840.27  1.5105E+01  6.0422E+01
 136931.53  1.6650E+01  6.6601E+01
 137022.84  1.4067E+01  5.6266E+01
 137114.22  1.5370E+01  6.1480E+01
 137205.65  1.4982E+01  5.9927E+01
 137297.15  1.2934E+01  5.1734E+01
 137388.71  1.3219E+01  5.2875E+01
 137480.33  1.4957E+01  5.9829E+01
 137572.01  1.4316E+01  5.7265E+01
 137663.75  1.2042E+01  4.8169E+01
 137755.56  1.2988E+01  5.1953E+01
 137847.42  1.3554E+01  5.4216E+01
 137939.35  1.2599E+01  5.0394E+01
 138031.33  1.4091E+01  5.6365E+01
 138123.38  1.3786E+01  5.5143E+01
 138215.49  1.3375E+01  5.3498E+01
 138307.66  1.4444E+01  5.7776E+01
 138399.90  1.5017E+01  6.0068E+01
 138492.19  1.2490E+01  4.9959E+01
 138584.55  1.2987E+01  5.1947E+01
 138676.96  1.3341E+01  5.3364E+01
 138769.44  1.4100E+01  5.6400E+01
 138861.98  1.1716E+01  4.6864E+01
 138954.59  1.2777E+01  5.1108E+01
 139047.25  1.4013E+01  5.6052E+01
 139139.98  1.2562E+01  5.0248E+01
 139232.76  1.3355E+01  5.3422E+01
 139325.61  1.2989E+01  5.1956E+01
 139418.53  1.2863E+01  5.1453E+01
 139511.50  1.4147E+01  5.6588E+01
 139604.53  1.2486E+01  4.9946E+01
 139697.63  1.3921E+01  5.5684E+01
 139790.79  1.4490E+01  5.7960E+01
 139884.01  1.2278E+01  4.9113E+01
 139977.30  1.3283E+01  5.3131E+01
 140070.64  1.1490E+01  4.5961E+01
 140164.05  1.4006E+01  5.6024E+01
 140257.52  1.2511E+01  5.0045E+01
 140351.06  1.4440E+01  5.7760E+01
 140444.65  1.1089E+01  4.4358E+01
 140538.31  1.2308E+01  4.9231E+01
 140632.03  1.3819E+01  5.5275E+01
 140725.81  1.2507E+01  5.0029E+01
 140819.66  1.1433E+01  4.5732E+01
 140913.57  1.2914E+01  5.1656E+01
 141007.54  1.2384E+01  4.9537E+01
 141101.57  1.1072E+01  4.4289E+01
 141195.67  1.4267E+01  5.7068E+01
 141289.82  1.2061E+01  4.8242E+01
 141384.05  1.3448E+01  5.3792E+01
 141478.33  1.4422E+01  5.7687E+01
 141572.68  1.2754E+01  5.1017E+01
 141667.09  1.3719E+01  5.4877E+01
 141761.56  1.1960E+01  4.7839E+01
 141856.10  1.2952E+01  5.1808E+01
 141950.70  1.2863E+01  5.1453E+01
 142045.36  1.3934E+01  5.5736E+01
 142140.08  1.2174E+01  4.8695E+01
 142234.87  1.4230E+01  5.6921E+01
 142329.72  1.4273E+01  5.7094E+01
 142424.64  1.4420E+01  5.7680E+01
 142519.62  1.3113E+01  5.2451E+01
 142614.66  1.4503E+01  5.8013E+01
 142709.76  1.1702E+01  4.6809E+01
 142804.93  1.2575E+01  5.0299E+01
 142900.16  1.3225E+01  5.2899E+01
 142995.46  1.4168E+01  5.6673E+01
 143090.82  1.1404E+01  4.5615E+01
 143186.24  1.2457E+01  4.9828E+01
 143281.73  1.0881E+01  4.3525E+01
 143377.28  1.0634E+01  4.2534E+01
 143472.89  1.0603E+01  4.2411E+01
 143568.57  1.0222E+01  4.0889E+01
 143664.31  1.2232E+01  4.8928E+01
 143760.11  1.1236E+01  4.4944E+01
 143855.98  1.2256E+01  4.9025E+01
 143951.91  1.2193E+01  4.8772E+01
 144047.91  1.4125E+01  5.6499E+01
 144143.97  1.2169E+01  4.8677E+01
 144240.10  1.0999E+01  4.3994E+01
 144336.29  1.1818E+01  4.7274E+01
 144432.54  1.0673E+01  4.2693E+01
 144528.86  1.3199E+01  5.2798E+01
 144625.24  1.3239E+01  5.2954E+01
 144721.68  1.0742E+01  4.2969E+01
 144818.19  1.2047E+01  4.8187E+01
 144914.77  1.0396E+01  4.1584E+01
 145011.41  1.1582E+01  4.6329E+01
 145108.11  1.2702E+01  5.0807E+01
 145204.88  1.2574E+01  5.0298E+01
 145301.71  1.0366E+01  4.1464E+01
 145398.61  1.3485E+01  5.3938E+01
 145495.57  1.1288E+01  4.5152E+01
 145592.59  1.3256E+01  5.3023E+01
 145689.69  1.1556E+01  4.6224E+01
 145786.84  1.3948E+01  5.5793E+01
 145884.06  1.3735E+01  5.4941E+01
 145981.35  1.2426E+01  4.9705E+01
 146078.70  1.1146E+01  4.4583E+01
 146176.11  1.1282E+01  4.5129E+01
 146273.59  1.3045E+01  5.2179E+01
 146371.14  1.1302E+01  4.5210E+01
 146468.75  1.1175E+01  4.4698E+01
 146566.42  9.9416E+00  3.9766E+01
 146664.16  1.1890E+01  4.7559E+01
 146761.97  1.2370E+01  4.9482E+01
 146859.84  1.2088E+01  4.8351E+01
 146957.77  1.0560E+01  4.2239E+01
 147055.78  1.2799E+01  5.1197E+01
 147153.84  1.2970E+01  5.1881E+01
 147251.97  1.1851E+01  4.7405E+01
 147350.17  1.2520E+01  5.0081E+01
 147448.43  9.6976E+00  3.8790E+01
 147546.76  9.8680E+00  3.9472E+01
 147645.16  1.0717E+01  4.2870E+01
 147743.62  9.9068E+00  3.9627E+01
 147842.14  1.1516E+01  4.6063E+01
 147940.73  9.8999E+00  3.9599E+01
 148039.39  1.0688E+01  4.2752E+01
 148138.11  1.2008E+01  4.8034E+01
 148236.90  1.2865E+01  5.1460E+01
 148335.75  9.8922E+00  3.9569E+01
 148434.67  9.3346E+00  3.7338E+01
 148533.66  1.0565E+01  4.2258E+01
 148632.71  1.0557E+01  4.2227E+01
 148731.83  9.5023E+00  3.8009E+01
 148831.02  1.0767E+01  4.3068E+01
 148930.27  9.0960E+00  3.6384E+01
 149029.58  1.1278E+01  4.5111E+01
 149128.97  1.1209E+01  4.4836E+01
 149228.41  1.0266E+01  4.1063E+01
 149327.93  1.0021E+01  4.0083E+01
 149427.51  1.0110E+01  4.0441E+01
 149527.16  1.0935E+01  4.3742E+01
 149626.87  9.3885E+00  3.7554E+01
 149726.66  1.0948E+01  4.3791E+01
 149826.50  1.0633E+01  4.2534E+01
 149926.42  1.0526E+01  4.2104E+01
 150026.40  1.0520E+01  4.2079E+01
 150126.45  1.0528E+01  4.2113E+01
 150226.56  1.0118E+01  4.0471E+01
 150326.74  1.1811E+01  4.7243E+01
 150426.99  1.0783E+01  4.3133E+01
 150527.30  1.0312E+01  4.1248E+01
 150627.69  1.1751E+01  4.7005E+01
 150728.14  1.0778E+01  4.3113E+01
 150828.65  1.0918E+01  4.3672E+01
 150929.23  1.0782E+01  4.3126E+01
 151029.88  9.4333E+00  3.7733E+01
 151130.60  9.1499E+00  3.6599E+01
 151231.38  8.7326E+00  3.4930E+01
 151332.23  1.0781E+01  4.3122E+01
 151433.15  1.1365E+01  4.5461E+01
 151534.14  1.0431E+01  4.1726E+01
 151635.19  8.9370E+00  3.5748E+01
 151736.31  1.0533E+01  4.2132E+01
 151837.50  9.7668E+00  3.9067E+01
 151938.76  1.0652E+01  4.2610E+01
 152040.08  1.0177E+01  4.0707E+01
 152141.47  1.1124E+01  4.4497E+01
 152242.93  9.7280E+00  3.8912E+01
 152344.45  9.1835E+00  3.6734E+01
 152446.05  1.0478E+01  4.1913E+01
 152547.71  8.7529E+00  3.5012E+01
 152649.44  1.0902E+01  4.3610E+01
 152751.23  8.9014E+00  3.5606E+01
 152853.10  9.9827E+00  3.9931E+01
 152955.03  9.3047E+00  3.7219E+01
 153057.03  1.0301E+01  4.1205E+01
 153159.10  9.2951E+00  3.7180E+01
 153261.24  9.4833E+00  3.7933E+01
 153363.44  8.3005E+00  3.3202E+01
 153465.71  8.1878E+00  3.2751E+01
 153568.06  1.1231E+01  4.4924E+01
 153670.47  9.0034E+00  3.6014E+01
 153772.94  8.7598E+00  3.5039E+01
 153875.49  9.9198E+00  3.9679E+01
 153978.10  8.7118E+00  3.4847E+01
 154080.79  9.5073E+00  3.8029E+01
 154183.54  9.1105E+00  3.6442E+01
 154286.36  1.0929E+01  4.3715E+01
 154389.25  9.7575E+00  3.9030E+01
 154492.20  1.1376E+01  4.5505E+01
 154595.23  8.7168E+00  3.4867E+01
 154698.32  9.6789E+00  3.8716E+01
 154801.49  8.9981E+00  3.5992E+01
 154904.72  9.2429E+00  3.6972E+01
 155008.02  9.3953E+00  3.7581E+01
 155111.39  1.0839E+01  4.3357E+01
 155214.83  9.2688E+00  3.7075E+01
 155318.33  8.7416E+00  3.4966E+01
 155421.91  8.6568E+00  3.4627E+01
 155525.56  9.0337E+00  3.6135E+01
 155629.27  7.6770E+00  3.0708E+01
 155733.06  9.9989E+00  3.9996E+01
 155836.91  1.0494E+01  4.1977E+01
 155940.83  1.0210E+01  4.0842E+01
 156044.82  9.1107E+00  3.6443E+01
 156148.88  7.7204E+00  3.0882E+01
 156253.01  8.4753E+00  3.3901E+01
 156357.21  9.1349E+00  3.6540E+01
 156461.48  8.7401E+00  3.4960E+01
 156565.82  7.8591E+00  3.1436E+01
 156670.23  7.7350E+00  3.0940E+01
 156774.71  7.5978E+00  3.0391E+01
 156879.26  8.9274E+00  3.5710E+01
 156983.88  7.8338E+00  3.1335E+01
 157088.56  9.2201E+00  3.6880E+01
 157193.32  8.9791E+00  3.5916E+01
 157298.15  8.9887E+00  3.5955E+01
 157403.04  1.0067E+01  4.0269E+01
 157508.01  9.3111E+00  3.7244E+01
 157613.05  7.6084E+00  3.0433E+01
 157718.15  9.0891E+00  3.6356E+01
 157823.33  7.6964E+00  3.0786E+01
 157928.58  7.9899E+00  3.1959E+01
 158033.90  7.3173E+00  2.9269E+01
 158139.28  1.0609E+01  4.2437E+01
 158244.74  9.0513E+00  3.6205E+01
 158350.27  7.4573E+00  2.9829E+01
 158455.87  8.4886E+00  3.3954E+01
 158561.54  9.1484E+00  3.6594E+01
 158667.28  8.3167E+00  3.3267E+01
 158773.09  8.4659E+00  3.3863E+01
 158878.97  8.2155E+00  3.2862E+01
 158984.92  7.4856E+00  2.9942E+01
 159090.94  7.6927E+00  3.0771E+01
 159197.03  8.2514E+00  3.3006E+01
 159303.19  8.0731E+00  3.2292E+01
 159409.43  1.2440E+01  4.9759E+01
 159515.73  9.1618E+00  3.6647E+01
 159622.11  8.3856E+00  3.3542E+01
 159728.56  8.0035E+00  3.2014E+01
 159835.07  9.4559E+00  3.7823E+01
 159941.66  7.8135E+00  3.1254E+01
 160048.32  8.7380E+00  3.4952E+01
 160155.05  8.8094E+00  3.5237E+01
 160261.86  9.5093E+00  3.8037E+01
 160368.73  8.8500E+00  3.5400E+01
 160475.67  7.7711E+00  3.1084E+01
 160582.69  9.2489E+00  3.6995E+01
 160689.78  8.7668E+00  3.5067E+01
 160796.93  8.4259E+00  3.3703E+01
 160904.17  7.6372E+00  3.0549E+01
 161011.47  7.0063E+00  2.8025E+01
 161118.84  6.7104E+00  2.6842E+01
 161226.28  7.4176E+00  2.9671E+01
 161333.80  7.3189E+00  2.9275E+01
 161441.39  6.8420E+00  2.7368E+01
 161549.05  6.9205E+00  2.7682E+01
 161656.78  6.9775E+00  2.7910E+01
 161764.58  6.9346E+00  2.7738E+01
 161872.46  9.3643E+00  3.7457E+01
 161980.41  9.0330E+00  3.6132E+01
 162088.43  8.8001E+00  3.5200E+01
 162196.52  7.7788E+00  3.1115E+01
 162304.68  7.4211E+00  2.9684E+01
 162412.92  8.2408E+00  3.2963E+01
 162521.22  8.2920E+00  3.3168E+01
 162629.60  8.9329E+00  3.5732E+01
 162738.06  7.2953E+00  2.9181E+01
 162846.58  7.1382E+00  2.8553E+01
 162955.18  8.2481E+00  3.2992E+01
 163063.85  7.6063E+00  3.0425E+01
 163172.59  6.4453E+00  2.5781E+01
 163281.40  8.9607E+00  3.5843E+01
 163390.29  8.3885E+00  3.3554E+01
 163499.25  8.0259E+00  3.2104E+01
 163608.28  8.7320E+00  3.4928E+01
 163717.39  6.6300E+00  2.6520E+01
 163826.57  7.0522E+00  2.8209E+01
 163935.82  7.9418E+00  3.1767E+01
 164045.14  6.8008E+00  2.7203E+01
 164154.54  8.2234E+00  3.2894E+01
 164264.00  8.7887E+00  3.5155E+01
 164373.55  7.3794E+00  2.9518E+01
 164483.16  8.2706E+00  3.3083E+01
 164592.85  6.1426E+00  2.4570E+01
 164702.61  7.3139E+00  2.9256E+01
 164812.45  7.8382E+00  3.1353E+01
 164922.35  7.3748E+00  2.9499E+01
 165032.34  8.8252E+00  3.5301E+01
 165142.39  7.0819E+00  2.8327E+01
 165252.52  6.7393E+00  2.6957E+01
 165362.72  7.1840E+00  2.8736E+01
 165472.99  6.1448E+00  2.4579E+01
 165583.34  7.5008E+00  3.0003E+01
 165693.76  8.8277E+00  3.5311E+01
 165804.26  6.2889E+00  2.5156E+01
 165914.83  9.4367E+00  3.7747E+01
 166025.47  6.7300E+00  2.6920E+01
 166136.19  7.4809E+00  2.9924E+01
 166246.98  6.9604E+00  2.7841E+01
 166357.85  7.1262E+00  2.8505E+01
 166468.78  7.0799E+00  2.8320E+01
 166579.80  9.4870E+00  3.7948E+01
 166690.88  7.3046E+00  2.9218E+01
 166802.04  6.3827E+00  2.5531E+01
 166913.28  7.2620E+00  2.9048E+01
 167024.59  7.5612E+00  3.0245E+01
 167135.97  7.2802E+00  2.9121E+01
 167247.43  5.6996E+00  2.2798E+01
 167358.96  9.7523E+00  3.9009E+01
 167470.57  8.3773E+00  3.3509E+01
 167582.25  7.0248E+00  2.8099E+01
 167694.00  7.8421E+00  3.1368E+01
 167805.83  7.6885E+00  3.0754E+01
 167917.73  7.0031E+00  2.8012E+01
 168029.71  7.5748E+00  3.0299E+01
 168141.77  6.0710E+00  2.4284E+01
 168253.89  6.6080E+00  2.6432E+01
 168366.10  6.1675E+00  2.4670E+01
 168478.38  6.0401E+00  2.4161E+01
 168590.73  7.7843E+00  3.1137E+01
 168703.16  6.5214E+00  2.6086E+01
 168815.66  6.3644E+00  2.5458E+01
 168928.24  7.0090E+00  2.8036E+01
 169040.89  7.6374E+00  3.0550E+01
 169153.62  6.8432E+00  2.7373E+01
 169266.42  6.1707E+00  2.4683E+01
 169379.30  6.5926E+00  2.6370E+01
 169492.25  6.5309E+00  2.6124E+01
 169605.28  6.9514E+00  2.7806E+01
 169718.38  7.1790E+00  2.8716E+01
 169831.56  6.5288E+00  2.6115E+01
 169944.82  7.5857E+00  3.0343E+01
 170058.15  8.4467E+00  3.3787E+01
 170171.55  8.2055E+00  3.2822E+01
 170285.04  5.5400E+00  2.2160E+01
 170398.59  7.2331E+00  2.8933E+01
 170512.23  6.0044E+00  2.4018E+01
 170625.94  5.9123E+00  2.3649E+01
 170739.72  6.2083E+00  2.4833E+01
 170853.58  5.3739E+00  2.1496E+01
 170967.52  5.9556E+00  2.3822E+01
 171081.53  7.1924E+00  2.8770E+01
 171195.62  6.0785E+00  2.4314E+01
 171309.78  6.7939E+00  2.7176E+01
 171424.02  5.9215E+00  2.3686E+01
 171538.34  5.5450E+00  2.2180E+01
 171652.73  5.7593E+00  2.3037E+01
 171767.20  6.5916E+00  2.6366E+01
 171881.75  5.9280E+00  2.3712E+01
 171996.37  8.9669E+00  3.5868E+01
 172111.07  5.1856E+00  2.0743E+01
 172225.85  7.5758E+00  3.0303E+01
 172340.70  5.1094E+00  2.0438E+01
 172455.63  6.2261E+00  2.4904E+01
 172570.63  5.3743E+00  2.1497E+01
 172685.71  6.0078E+00  2.4031E+01
 172800.87  6.6060E+00  2.6424E+01
 172916.11  5.8638E+00  2.3455E+01
 173031.42  5.3437E+00  2.1375E+01
 173146.81  7.1475E+00  2.8590E+01
 173262.27  6.9724E+00  2.7890E+01
 173377.82  6.7436E+00  2.6975E+01
 173493.44  7.4728E+00  2.9891E+01
 173609.13  5.5281E+00  2.2112E+01
 173724.91  5.0425E+00  2.0170E+01
 173840.76  6.7395E+00  2.6958E+01
 173956.69  5.8296E+00  2.3319E+01
 174072.69  5.5061E+00  2.2024E+01
 174188.78  5.4556E+00  2.1822E+01
 174304.94  6.4042E+00  2.5617E+01
 174421.17  6.4394E+00  2.5758E+01
 174537.49  4.9900E+00  1.9960E+01
 174653.88  6.0851E+00  2.4340E+01
 174770.35  5.0824E+00  2.0330E+01
 174886.90  6.1138E+00  2.4455E+01
 175003.53  5.8794E+00  2.3518E+01
 175120.23  6.2456E+00  2.4983E+01
 175237.01  5.3287E+00  2.1315E+01
 175353.87  4.9248E+00  1.9699E+01
 175470.81  6.3818E+00  2.5527E+01
 175587.83  5.8528E+00  2.3411E+01
 175704.92  5.8780E+00  2.3512E+01
 175822.09  6.4180E+00  2.5672E+01
 175939.34  5.1019E+00  2.0408E+01
 176056.67  6.4348E+00  2.5739E+01
 176174.08  5.2848E+00  2.1139E+01
 176291.56  5.2543E+00  2.1017E+01
 176409.13  4.7555E+00  1.9022E+01
 176526.77  4.8317E+00  1.9327E+01
 176644.49  5.6481E+00  2.2593E+01
 176762.28  4.9915E+00  1.9966E+01
 176880.16  5.0793E+00  2.0317E+01
 176998.12  5.8491E+00  2.3396E+01
 177116.15  5.3081E+00  2.1233E+01
 177234.26  5.6365E+00  2.2546E+01
 177352.46  5.3692E+00  2.1477E+01
 177470.73  5.8118E+00  2.3247E+01
 177589.08  4.9227E+00  1.9691E+01
 177707.50  6.4710E+00  2.5884E+01
 177826.01  5.8882E+00  2.3553E+01
 177944.60  6.5113E+00  2.6045E+01
 178063.26  4.5669E+00  1.8267E+01
 178182.01  5.4132E+00  2.1653E+01
 178300.83  5.2588E+00  2.1035E+01
 178419.73  5.9562E+00  2.3825E+01
 178538.72  4.9481E+00  1.9792E+01
 178657.78  6.1640E+00  2.4656E+01
 178776.92  5.2670E+00  2.1068E+01
 178896.14  5.6176E+00  2.2470E+01
 179015.44  4.6288E+00  1.8515E+01
 179134.82  4.6920E+00  1.8768E+01
 179254.28  4.7018E+00  1.8807E+01
 179373.82  5.8646E+00  2.3458E+01
 179493.43  4.9803E+00  1.9921E+01
 179613.13  4.9455E+00  1.9782E+01
 179732.91  4.8415E+00  1.9366E+01
 179852.77  6.2065E+00  2.4826E+01
 179972.71  5.3693E+00  2.1477E+01
 180092.72  5.3288E+00  2.1315E+01
 180212.82  6.4467E+00  2.5787E+01
 180333.00  4.8915E+00  1.9566E+01
 180453.26  5.3431E+00  2.1372E+01
 180573.60  5.3018E+00  2.1207E+01
 180694.01  5.1026E+00  2.0411E+01
 180814.51  5.4399E+00  2.1760E+01
 180935.09  4.6485E+00  1.8594E+01
 181055.75  4.3617E+00  1.7447E+01
 181176.49  6.0083E+00  2.4033E+01
 181297.31  5.8533E+00  2.3413E+01
 181418.21  5.7415E+00  2.2966E+01
 181539.20  4.3286E+00  1.7315E+01
 181660.26  4.2113E+00  1.6845E+01
 181781.40  5.8229E+00  2.3291E+01
 181902.63  4.4625E+00  1.7850E+01
 182023.93  4.8393E+00  1.9357E+01
 182145.32  5.1242E+00  2.0497E+01
 182266.78  6.7228E+00  2.6891E+01
 182388.33  5.6501E+00  2.2600E+01
 182509.96  6.6821E+00  2.6728E+01
 182631.67  4.8788E+00  1.9515E+01
 182753.46  4.3055E+00  1.7222E+01
 182875.33  5.3765E+00  2.1506E+01
 182997.29  4.6839E+00  1.8736E+01
 183119.32  4.3716E+00  1.7487E+01
 183241.44  5.0067E+00  2.0027E+01
 183363.63  4.4273E+00  1.7709E+01
 183485.91  5.4408E+00  2.1763E+01
 183608.27  4.4085E+00  1.7634E+01
 183730.72  4.1335E+00  1.6534E+01
 183853.24  4.2459E+00  1.6984E+01
 183975.85  5.3100E+00  2.1240E+01
 184098.53  5.9295E+00  2.3718E+01
 184221.30  5.0707E+00  2.0283E+01
 184344.15  3.9958E+00  1.5983E+01
 184467.09  5.2573E+00  2.1029E+01
 184590.10  3.9565E+00  1.5826E+01
 184713.20  5.2076E+00  2.0830E+01
 184836.38  4.9978E+00  1.9991E+01
 184959.64  6.0275E+00  2.4110E+01
 185082.98  4.4963E+00  1.7985E+01
 185206.41  4.9973E+00  1.9989E+01
 185329.92  4.1250E+00  1.6500E+01
 185453.51  5.1732E+00  2.0693E+01
 185577.18  3.9055E+00  1.5622E+01
 185700.93  4.8220E+00  1.9288E+01
 185824.77  4.6372E+00  1.8549E+01
 185948.69  4.3631E+00  1.7452E+01
 186072.69  3.9579E+00  1.5832E+01
 186196.78  4.3507E+00  1.7403E+01
 186320.95  4.6056E+00  1.8422E+01
 186445.20  5.3061E+00  2.1224E+01
 186569.53  4.0219E+00  1.6088E+01
 186693.95  3.9400E+00  1.5760E+01
 186818.45  5.7305E+00  2.2922E+01
 186943.03  4.3366E+00  1.7346E+01
 187067.70  5.8420E+00  2.3368E+01
 187192.45  4.7253E+00  1.8901E+01
 187317.28  4.5982E+00  1.8393E+01
 187442.20  4.0297E+00  1.6119E+01
 187567.20  5.3801E+00  2.1521E+01
 187692.28  5.2366E+00  2.0947E+01
 187817.44  5.1476E+00  2.0590E+01
 187942.69  4.8417E+00  1.9367E+01
 188068.03  4.5873E+00  1.8349E+01
 188193.44  4.2970E+00  1.7188E+01
 188318.94  4.2879E+00  1.7152E+01
 188444.53  4.5157E+00  1.8063E+01
 188570.19  5.8797E+00  2.3519E+01
 188695.94  4.6848E+00  1.8739E+01
 188821.78  3.8674E+00  1.5470E+01
 188947.70  5.5996E+00  2.2398E+01
 189073.70  4.0847E+00  1.6339E+01
 189199.79  3.8373E+00  1.5349E+01
 189325.96  4.8070E+00  1.9228E+01
 189452.21  4.6468E+00  1.8587E+01
 189578.55  4.9140E+00  1.9656E+01
 189704.98  4.2255E+00  1.6902E+01
 189831.49  5.2404E+00  2.0962E+01
 189958.08  4.6216E+00  1.8486E+01
 190084.75  3.6182E+00  1.4473E+01
 190211.52  4.2443E+00  1.6977E+01
 190338.36  4.5692E+00  1.8277E+01
 190465.29  4.4040E+00  1.7616E+01
 190592.31  4.1951E+00  1.6781E+01
 190719.41  4.1823E+00  1.6729E+01
 190846.59  3.6404E+00  1.4561E+01
 190973.86  3.7726E+00  1.5090E+01
 191101.21  4.2861E+00  1.7144E+01
 191228.65  4.2578E+00  1.7031E+01
 191356.18  3.8811E+00  1.5524E+01
 191483.79  5.7496E+00  2.2999E+01
 191611.48  3.9534E+00  1.5814E+01
 191739.26  3.6747E+00  1.4699E+01
 191867.12  4.1367E+00  1.6547E+01
 191995.07  3.8074E+00  1.5230E+01
 192123.11  3.5986E+00  1.4394E+01
 192251.23  3.4767E+00  1.3907E+01
 192379.44  3.7816E+00  1.5126E+01
 192507.73  3.8411E+00  1.5364E+01
 192636.10  4.3818E+00  1.7527E+01
 192764.57  3.4579E+00  1.3831E+01
 192893.12  3.4187E+00  1.3675E+01
 193021.75  3.9448E+00  1.5779E+01
 193150.47  4.0864E+00  1.6345E+01
 193279.27  3.3972E+00  1.3589E+01
 193408.17  3.6582E+00  1.4633E+01
 193537.14  4.6167E+00  1.8467E+01
 193666.21  4.3951E+00  1.7580E+01
 193795.36  4.3814E+00  1.7526E+01
 193924.59  4.9764E+00  1.9905E+01
 194053.91  3.7706E+00  1.5082E+01
 194183.32  5.1011E+00  2.0404E+01
 194312.82  3.8821E+00  1.5529E+01
 194442.40  3.4008E+00  1.3603E+01
 194572.06  4.1738E+00  1.6695E+01
 194701.82  3.5917E+00  1.4367E+01
 194831.66  4.5277E+00  1.8111E+01
 194961.59  4.3267E+00  1.7307E+01
 195091.60  4.6995E+00  1.8798E+01
 195221.70  3.7414E+00  1.4966E+01
 195351.89  3.9657E+00  1.5863E+01
 195482.16  3.7413E+00  1.4965E+01
 195612.52  3.2715E+00  1.3086E+01
 195742.97  4.5495E+00  1.8198E+01
 195873.50  5.4499E+00  2.1799E+01
 196004.12  3.9855E+00  1.5942E+01
 196134.83  3.8072E+00  1.5229E+01
 196265.63  3.4586E+00  1.3834E+01
 196396.51  4.3163E+00  1.7265E+01
 196527.48  3.3712E+00  1.3485E+01
 196658.54  3.5932E+00  1.4373E+01
 196789.68  3.2349E+00  1.2940E+01
 196920.92  3.6296E+00  1.4518E+01
 197052.24  5.1423E+00  2.0569E+01
 197183.64  4.1834E+00  1.6734E+01
 197315.14  3.3912E+00  1.3565E+01
 197446.72  3.3874E+00  1.3549E+01
 197578.39  3.7444E+00  1.4978E+01
 197710.15  3.8675E+00  1.5470E+01
 197842.00  4.1357E+00  1.6543E+01
 197973.93  3.5290E+00  1.4116E+01
 198105.95  3.2788E+00  1.3115E+01
 198238.06  3.8859E+00  1.5544E+01
 198370.26  3.6160E+00  1.4464E+01
 198502.55  3.0793E+00  1.2317E+01
 198634.92  3.0474E+00  1.2189E+01
 198767.39  3.3340E+00  1.3336E+01
 198899.94  4.4935E+00  1.7974E+01
 199032.58  3.2582E+00  1.3033E+01
 199165.31  3.4016E+00  1.3606E+01
 199298.12  4.0709E+00  1.6283E+01
 199431.03  4.0361E+00  1.6144E+01
 199564.02  3.6970E+00  1.4788E+01
 199697.10  3.5738E+00  1.4295E+01
 199830.28  3.1117E+00  1.2447E+01
 199963.54  3.2607E+00  1.3043E+01
 200096.88  3.1476E+00  1.2591E+01
 200230.32  4.4060E+00  1.7624E+01
 200363.85  2.9008E+00  1.1603E+01
 200497.47  3.0201E+00  1.2080E+01
 200631.17  3.4016E+00  1.3606E+01
 200764.96  2.8855E+00  1.1542E+01
 200898.85  3.2659E+00  1.3064E+01
 201032.82  4.0739E+00  1.6296E+01
 201166.88  3.6481E+00  1.4592E+01
 201301.03  3.1352E+00  1.2541E+01
 201435.28  3.5554E+00  1.4222E+01
 201569.61  3.3944E+00  1.3577E+01
 201704.03  3.4804E+00  1.3922E+01
 201838.54  3.4036E+00  1.3614E+01
 201973.14  3.5559E+00  1.4223E+01
 202107.82  3.4166E+00  1.3666E+01
 202242.60  3.1657E+00  1.2663E+01
 202377.47  4.4554E+00  1.7822E+01
 202512.43  2.9153E+00  1.1661E+01
 202647.48  3.3096E+00  1.3238E+01
 202782.62  3.5899E+00  1.4359E+01
 202917.85  4.2504E+00  1.7002E+01
 203053.17  4.0451E+00  1.6180E+01
 203188.58  3.7431E+00  1.4973E+01
 203324.08  3.5052E+00  1.4021E+01
 203459.67  3.3200E+00  1.3280E+01
 203595.35  2.9504E+00  1.1801E+01
 203731.12  3.1221E+00  1.2488E+01
 203866.98  3.2036E+00  1.2814E+01
 204002.93  2.9415E+00  1.1766E+01
 204138.97  3.4302E+00  1.3721E+01
 204275.11  3.9643E+00  1.5857E+01
 204411.33  3.8686E+00  1.5474E+01
 204547.65  3.2949E+00  1.3180E+01
 204684.05  2.6747E+00  1.0699E+01
 204820.55  2.9391E+00  1.1756E+01
 204957.14  3.6549E+00  1.4620E+01
 205093.82  2.8289E+00  1.1316E+01
 205230.59  3.2254E+00  1.2901E+01
 205367.45  3.1599E+00  1.2639E+01
 205504.40  4.0263E+00  1.6105E+01
 205641.45  3.4760E+00  1.3904E+01
 205778.58  4.6712E+00  1.8685E+01
 205915.81  2.9134E+00  1.1654E+01
 206053.13  4.1898E+00  1.6759E+01
 206190.54  2.9350E+00  1.1740E+01
 206328.04  2.6167E+00  1.0467E+01
 206465.63  3.7260E+00  1.4904E+01
 206603.32  4.6283E+00  1.8513E+01
 206741.09  3.8701E+00  1.5480E+01
 206878.96  2.8755E+00  1.1502E+01
 207016.92  3.3857E+00  1.3543E+01
 207154.97  2.7343E+00  1.0937E+01
 207293.12  2.8566E+00  1.1426E+01
 207431.36  3.0512E+00  1.2205E+01
 207569.69  3.1669E+00  1.2668E+01
 207708.11  2.8066E+00  1.1227E+01
 207846.62  3.2855E+00  1.3142E+01
 207985.23  3.3107E+00  1.3243E+01
 208123.92  2.6378E+00  1.0551E+01
 208262.72  3.0568E+00  1.2227E+01
 208401.60  6.0870E+00  2.4348E+01
 208540.58  2.7370E+00  1.0948E+01
 208679.64  3.1455E+00  1.2582E+01
 208818.81  3.1189E+00  1.2475E+01
 208958.06  4.4644E+00  1.7858E+01
 209097.41  2.5820E+00  1.0328E+01
 209236.85  2.7290E+00  1.0916E+01
 209376.38  2.7708E+00  1.1083E+01
 209516.01  2.8899E+00  1.1560E+01
 209655.73  3.3223E+00  1.3289E+01
 209795.54  3.2921E+00  1.3168E+01
 209935.44  3.5350E+00  1.4140E+01
 210075.44  2.5222E+00  1.0089E+01
 210215.54  2.8968E+00  1.1587E+01
 210355.72  2.6218E+00  1.0487E+01
 210496.00  3.3565E+00  1.3426E+01
 210636.37  3.0329E+00  1.2132E+01
 210776.84  3.9035E+00  1.5614E+01
 210917.40  3.1065E+00  1.2426E+01
 211058.05  3.7061E+00  1.4824E+01
 211198.80  3.0933E+00  1.2373E+01
 211339.64  3.4927E+00  1.3971E+01
 211480.58  2.5763E+00  1.0305E+01
 211621.61  2.9912E+00  1.1965E+01
 211762.73  2.6136E+00  1.0454E+01
 211903.95  2.9198E+00  1.1679E+01
 212045.26  3.2160E+00  1.2864E+01
 212186.67  3.3981E+00  1.3593E+01
 212328.17  2.6371E+00  1.0549E+01
 212469.76  2.3196E+00  9.2782E+00
 212611.45  3.5348E+00  1.4139E+01
 212753.23  3.3063E+00  1.3225E+01
 212895.11  2.5366E+00  1.0146E+01
 213037.08  2.5948E+00  1.0379E+01
 213179.15  2.8657E+00  1.1463E+01
 213321.31  3.5021E+00  1.4008E+01
 213463.57  3.2995E+00  1.3198E+01
 213605.92  2.9058E+00  1.1623E+01
 213748.37  2.6442E+00  1.0577E+01
 213890.91  2.4889E+00  9.9558E+00
 214033.55  2.3470E+00  9.3878E+00
 214176.28  2.5699E+00  1.0280E+01
 214319.11  2.6651E+00  1.0660E+01
 214462.03  3.0907E+00  1.2363E+01
 214605.05  3.0050E+00  1.2020E+01
 214748.16  2.8411E+00  1.1364E+01
 214891.37  2.7094E+00  1.0838E+01
 215034.67  2.4590E+00  9.8361E+00
 215178.07  2.6418E+00  1.0567E+01
 215321.57  2.5140E+00  1.0056E+01
 215465.16  2.3338E+00  9.3351E+00
 215608.84  2.5334E+00  1.0134E+01
 215752.62  2.6549E+00  1.0620E+01
 215896.50  2.5149E+00  1.0059E+01
 216040.48  2.9279E+00  1.1712E+01
 216184.55  3.9962E+00  1.5985E+01
 216328.71  2.4316E+00  9.7263E+00
 216472.98  2.3735E+00  9.4941E+00
 216617.33  2.3219E+00  9.2875E+00
 216761.79  2.9753E+00  1.1901E+01
 216906.34  2.3430E+00  9.3719E+00
 217050.99  2.3531E+00  9.4122E+00
 217195.73  2.4678E+00  9.8711E+00
 217340.57  2.7231E+00  1.0893E+01
 217485.51  2.2173E+00  8.8694E+00
 217630.54  2.8866E+00  1.1547E+01
 217775.67  2.3390E+00  9.3560E+00
 217920.90  2.1757E+00  8.7026E+00
 218066.23  2.7609E+00  1.1044E+01
 218211.65  2.4182E+00  9.6727E+00
 218357.17  2.9746E+00  1.1898E+01
 218502.78  2.0635E+00  8.2538E+00
 218648.49  2.1868E+00  8.7471E+00
 218794.30  3.2004E+00  1.2802E+01
 218940.21  2.6675E+00  1.0670E+01
 219086.21  2.1177E+00  8.4708E+00
 219232.31  2.5014E+00  1.0005E+01
 219378.51  2.5827E+00  1.0331E+01
 219524.81  2.0143E+00  8.0573E+00
 219671.20  2.9707E+00  1.1883E+01
 219817.69  3.0233E+00  1.2093E+01
 219964.28  2.8525E+00  1.1410E+01
 220110.97  2.2831E+00  9.1325E+00
 220257.75  2.2969E+00  9.1876E+00
 220404.64  2.7975E+00  1.1190E+01
 220551.62  2.1385E+00  8.5540E+00
 220698.70  2.5610E+00  1.0244E+01
 220845.87  2.1700E+00  8.6800E+00
 220993.15  2.5920E+00  1.0368E+01
 221140.52  1.9658E+00  7.8632E+00
 221287.99  1.9899E+00  7.9594E+00
 221435.56  2.5644E+00  1.0257E+01
 221583.23  3.6451E+00  1.4581E+01
 221731.00  2.4851E+00  9.9404E+00
 221878.86  2.5819E+00  1.0328E+01
 222026.82  3.1008E+00  1.2403E+01
 222174.89  3.1781E+00  1.2712E+01
 222323.05  2.7757E+00  1.1103E+01
 222471.31  2.0831E+00  8.3324E+00
 222619.67  2.1569E+00  8.6277E+00
 222768.12  2.4997E+00  9.9989E+00
 222916.68  2.3437E+00  9.3747E+00
 223065.34  2.1600E+00  8.6400E+00
 223214.09  2.2711E+00  9.0846E+00
 223362.95  2.2145E+00  8.8578E+00
 223511.90  2.5563E+00  1.0225E+01
 223660.95  2.4330E+00  9.7322E+00
 223810.10  2.0978E+00  8.3912E+00
 223959.35  2.7472E+00  1.0989E+01
 224108.71  1.9899E+00  7.9595E+00
 224258.16  2.5269E+00  1.0108E+01
 224407.71  2.7077E+00  1.0831E+01
 224557.36  1.9770E+00  7.9079E+00
 224707.11  2.9923E+00  1.1969E+01
 224856.96  2.4446E+00  9.7785E+00
 225006.91  1.9381E+00  7.7524E+00
 225156.96  2.3111E+00  9.2443E+00
 225307.11  2.0023E+00  8.0092E+00
 225457.36  2.5318E+00  1.0127E+01
 225607.71  2.0742E+00  8.2967E+00
 225758.16  1.8630E+00  7.4518E+00
 225908.71  2.2796E+00  9.1185E+00
 226059.36  2.2271E+00  8.9083E+00
 226210.11  1.8736E+00  7.4946E+00
 226360.96  3.3120E+00  1.3248E+01
 226511.91  2.0737E+00  8.2950E+00
 226662.97  1.8663E+00  7.4652E+00
 226814.12  1.8204E+00  7.2816E+00
 226965.38  2.3430E+00  9.3718E+00
 227116.73  3.0444E+00  1.2178E+01
 227268.19  2.0872E+00  8.3486E+00
 227419.74  2.8555E+00  1.1422E+01
 227571.40  3.3128E+00  1.3251E+01
 227723.16  2.5509E+00  1.0204E+01
 227875.02  2.4895E+00  9.9580E+00
 228026.99  3.3419E+00  1.3368E+01
 228179.05  2.0026E+00  8.0105E+00
 228331.22  1.8110E+00  7.2439E+00
 228483.48  2.3847E+00  9.5388E+00
 228635.85  2.2249E+00  8.8998E+00
 228788.32  2.2379E+00  8.9514E+00
 228940.89  1.9895E+00  7.9581E+00
 229093.56  1.7555E+00  7.0218E+00
 229246.34  2.6428E+00  1.0571E+01
 229399.22  2.5363E+00  1.0145E+01
 229552.19  2.5206E+00  1.0082E+01
 229705.27  2.1327E+00  8.5307E+00
 229858.46  1.8030E+00  7.2118E+00
 230011.74  2.0269E+00  8.1077E+00
 230165.13  2.3513E+00  9.4053E+00
 230318.62  2.0503E+00  8.2012E+00
 230472.21  2.3741E+00  9.4966E+00
 230625.91  2.3078E+00  9.2311E+00
 230779.70  1.7244E+00  6.8976E+00
 230933.60  3.3778E+00  1.3511E+01
 231087.60  1.6878E+00  6.7511E+00
 231241.71  1.7083E+00  6.8332E+00
 231395.92  2.7737E+00  1.1095E+01
 231550.23  2.6630E+00  1.0652E+01
 231704.64  1.9127E+00  7.6507E+00
 231859.15  1.7695E+00  7.0779E+00
 232013.77  2.1389E+00  8.5555E+00
 232168.50  1.7964E+00  7.1854E+00
 232323.32  2.0171E+00  8.0683E+00
 232478.25  1.6738E+00  6.6951E+00
 232633.28  2.2323E+00  8.9290E+00
 232788.42  2.1445E+00  8.5781E+00
 232943.66  3.0947E+00  1.2379E+01
 233099.00  2.1111E+00  8.4443E+00
 233254.44  2.0804E+00  8.3215E+00
 233409.99  2.7228E+00  1.0891E+01
 233565.65  1.6779E+00  6.7116E+00
 233721.40  1.6921E+00  6.7684E+00
 233877.27  1.7805E+00  7.1221E+00
 234033.23  1.8528E+00  7.4112E+00
 234189.30  1.8480E+00  7.3922E+00
 234345.47  2.5632E+00  1.0253E+01
 234501.75  1.8414E+00  7.3655E+00
 234658.13  2.3569E+00  9.4275E+00
 234814.62  2.1261E+00  8.5044E+00
 234971.21  2.1743E+00  8.6971E+00
 235127.90  2.0425E+00  8.1702E+00
 235284.70  1.9685E+00  7.8740E+00
 235441.60  1.6886E+00  6.7545E+00
 235598.61  1.6782E+00  6.7129E+00
 235755.73  1.8143E+00  7.2574E+00
 235912.94  1.7619E+00  7.0478E+00
 236070.27  1.6134E+00  6.4535E+00
 236227.69  2.3098E+00  9.2393E+00
 236385.23  1.6423E+00  6.5693E+00
 236542.86  1.7208E+00  6.8832E+00
 236700.61  2.4040E+00  9.6162E+00
 236858.45  2.1670E+00  8.6680E+00
 237016.41  1.9600E+00  7.8399E+00
 237174.46  1.8694E+00  7.4777E+00
 237332.63  1.6847E+00  6.7388E+00
 237490.90  1.4988E+00  5.9951E+00
 237649.27  1.6836E+00  6.7343E+00
 237807.75  1.7249E+00  6.8995E+00
 237966.34  2.1137E+00  8.4549E+00
 238125.03  2.2757E+00  9.1028E+00
 238283.83  1.6114E+00  6.4457E+00
 238442.73  1.6901E+00  6.7603E+00
 238601.74  1.7403E+00  6.9612E+00
 238760.86  2.0287E+00  8.1149E+00
 238920.08  2.4938E+00  9.9752E+00
 239079.41  1.6541E+00  6.6165E+00
 239238.84  1.5128E+00  6.0514E+00
 239398.38  1.8846E+00  7.5384E+00
 239558.03  1.8760E+00  7.5041E+00
 239717.78  2.2095E+00  8.8379E+00
 239877.64  1.6267E+00  6.5066E+00
 240037.61  1.3828E+00  5.5311E+00
 240197.68  1.4527E+00  5.8108E+00
 240357.86  1.5806E+00  6.3223E+00
 240518.15  1.4678E+00  5.8713E+00
 240678.54  1.5886E+00  6.3544E+00
 240839.04  1.4394E+00  5.7574E+00
 240999.65  1.8898E+00  7.5591E+00
 241160.36  1.6840E+00  6.7359E+00
 241321.18  1.7657E+00  7.0629E+00
 241482.11  1.3686E+00  5.4746E+00
 241643.15  1.8676E+00  7.4703E+00
 241804.29  2.2447E+00  8.9788E+00
 241965.55  1.7458E+00  6.9831E+00
 242126.90  1.9937E+00  7.9747E+00
 242288.37  1.9015E+00  7.6061E+00
 242449.94  1.6356E+00  6.5423E+00
 242611.63  1.4372E+00  5.7489E+00
 242773.42  1.5906E+00  6.3622E+00
 242935.31  1.8982E+00  7.5927E+00
 243097.32  1.4556E+00  5.8222E+00
 243259.43  1.4194E+00  5.6776E+00
 243421.65  1.5212E+00  6.0848E+00
 243583.98  2.4272E+00  9.7087E+00
 243746.42  1.6621E+00  6.6484E+00
 243908.97  1.4275E+00  5.7099E+00
 244071.62  1.3731E+00  5.4924E+00
 244234.39  1.5570E+00  6.2279E+00
 244397.26  1.4770E+00  5.9079E+00
 244560.24  1.4985E+00  5.9940E+00
 244723.33  1.4049E+00  5.6196E+00
 244886.53  1.3705E+00  5.4822E+00
 245049.83  1.7812E+00  7.1250E+00
 245213.25  1.3447E+00  5.3786E+00
 245376.77  1.3180E+00  5.2720E+00
 245540.41  1.6970E+00  6.7880E+00
 245704.15  1.6173E+00  6.4692E+00
 245868.00  1.6516E+00  6.6064E+00
 246031.96  1.5445E+00  6.1779E+00
 246196.03  1.2910E+00  5.1639E+00
 246360.21  1.6554E+00  6.6217E+00
 246524.50  2.0468E+00  8.1870E+00
 246688.90  1.4562E+00  5.8248E+00
 246853.41  1.3837E+00  5.5349E+00
 247018.03  1.5139E+00  6.0557E+00
 247182.76  1.5215E+00  6.0859E+00
 247347.59  1.7581E+00  7.0323E+00
 247512.54  1.3660E+00  5.4640E+00
 247677.60  1.2796E+00  5.1186E+00
 247842.77  1.6509E+00  6.6037E+00
 248008.04  1.4157E+00  5.6627E+00
 248173.43  1.2701E+00  5.0803E+00
 248338.93  1.7215E+00  6.8858E+00
 248504.54  1.3718E+00  5.4871E+00
 248670.26  1.8389E+00  7.3555E+00
 248836.09  1.4614E+00  5.8457E+00
 249002.03  1.9004E+00  7.6016E+00
 249168.08  1.4652E+00  5.8609E+00
 249334.24  1.6920E+00  6.7679E+00
 249500.52  1.5820E+00  6.3279E+00
 249666.90  1.3182E+00  5.2728E+00
 249833.39  1.7030E+00  6.8121E+00
 250000.00  1.2337E+00  4.9347E+00
