  0.12497842E+004  0.15006825E-007
  0.12506176E+004  0.15293036E-007
  0.12514516E+004  0.15584474E-007
  0.12522861E+004  0.15881231E-007
  0.12531213E+004  0.16183399E-007
  0.12539569E+004  0.16491073E-007
  0.12547931E+004  0.16804348E-007
  0.12556299E+004  0.17123321E-007
  0.12564673E+004  0.17448092E-007
  0.12573052E+004  0.17778760E-007
  0.12581436E+004  0.18115428E-007
  0.12589826E+004  0.18458200E-007
  0.12598222E+004  0.18807181E-007
  0.12606623E+004  0.19162478E-007
  0.12615030E+004  0.19524200E-007
  0.12623443E+004  0.19892458E-007
  0.12631861E+004  0.20267365E-007
  0.12640285E+004  0.20649034E-007
  0.12648714E+004  0.21037583E-007
  0.12657149E+004  0.21433129E-007
  0.12665590E+004  0.21835793E-007
  0.12674036E+004  0.22245696E-007
  0.12682488E+004  0.22662963E-007
  0.12690945E+004  0.23087719E-007
  0.12699409E+004  0.23520093E-007
  0.12707877E+004  0.23960214E-007
  0.12716352E+004  0.24408216E-007
  0.12724832E+004  0.24864232E-007
  0.12733318E+004  0.25328399E-007
  0.12741809E+004  0.25800855E-007
  0.12750306E+004  0.26281743E-007
  0.12758809E+004  0.26771204E-007
  0.12767317E+004  0.27269385E-007
  0.12775832E+004  0.27776434E-007
  0.12784351E+004  0.28292501E-007
  0.12792877E+004  0.28817738E-007
  0.12801408E+004  0.29352301E-007
  0.12809945E+004  0.29896347E-007
  0.12818487E+004  0.30450037E-007
  0.12827036E+004  0.31013534E-007
  0.12835589E+004  0.31587002E-007
  0.12844149E+004  0.32170609E-007
  0.12852714E+004  0.32764527E-007
  0.12861285E+004  0.33368929E-007
  0.12869862E+004  0.33983990E-007
  0.12878445E+004  0.34609891E-007
  0.12887033E+004  0.35246812E-007
  0.12895627E+004  0.35894938E-007
  0.12904226E+004  0.36554457E-007
  0.12912832E+004  0.37225559E-007
  0.12921443E+004  0.37908438E-007
  0.12930060E+004  0.38603291E-007
  0.12938683E+004  0.39310317E-007
  0.12947311E+004  0.40029719E-007
  0.12955945E+004  0.40761704E-007
  0.12964585E+004  0.41506480E-007
  0.12973231E+004  0.42264260E-007
  0.12981882E+004  0.43035261E-007
  0.12990539E+004  0.43819701E-007
  0.12999202E+004  0.44617804E-007
  0.13007871E+004  0.45429796E-007
  0.13016545E+004  0.46255906E-007
  0.13025226E+004  0.47096368E-007
  0.13033912E+004  0.47951419E-007
  0.13042604E+004  0.48821301E-007
  0.13051301E+004  0.49706256E-007
  0.13060005E+004  0.50606535E-007
  0.13068714E+004  0.51522388E-007
  0.13077429E+004  0.52454073E-007
  0.13086150E+004  0.53401849E-007
  0.13094877E+004  0.54365981E-007
  0.13103609E+004  0.55346736E-007
  0.13112348E+004  0.56344387E-007
  0.13121092E+004  0.57359212E-007
  0.13129842E+004  0.58391490E-007
  0.13138598E+004  0.59441507E-007
  0.13147359E+004  0.60509553E-007
  0.13156127E+004  0.61595921E-007
  0.13164900E+004  0.62700911E-007
  0.13173680E+004  0.63824826E-007
  0.13182465E+004  0.64967974E-007
  0.13191256E+004  0.66130666E-007
  0.13200052E+004  0.67313222E-007
  0.13208855E+004  0.68515962E-007
  0.13217664E+004  0.69739215E-007
  0.13226478E+004  0.70983313E-007
  0.13235298E+004  0.72248592E-007
  0.13244125E+004  0.73535396E-007
  0.13252957E+004  0.74844073E-007
  0.13261795E+004  0.76174974E-007
  0.13270638E+004  0.77528459E-007
  0.13279488E+004  0.78904891E-007
  0.13288344E+004  0.80304641E-007
  0.13297205E+004  0.81728082E-007
  0.13306073E+004  0.83175596E-007
  0.13314946E+004  0.84647568E-007
  0.13323826E+004  0.86144392E-007
  0.13332711E+004  0.87666466E-007
  0.13341602E+004  0.89214193E-007
  0.13350499E+004  0.90787985E-007
  0.13359402E+004  0.92388257E-007
  0.13368311E+004  0.94015433E-007
  0.13377226E+004  0.95669941E-007
  0.13386147E+004  0.97352218E-007
  0.13395073E+004  0.99062706E-007
  0.13404006E+004  0.10080185E-006
  0.13412945E+004  0.10257012E-006
  0.13421889E+004  0.10436795E-006
  0.13430840E+004  0.10619584E-006
  0.13439797E+004  0.10805425E-006
  0.13448759E+004  0.10994367E-006
  0.13457728E+004  0.11186458E-006
  0.13466702E+004  0.11381749E-006
  0.13475683E+004  0.11580290E-006
  0.13484669E+004  0.11782132E-006
  0.13493662E+004  0.11987327E-006
  0.13502660E+004  0.12195929E-006
  0.13511665E+004  0.12407991E-006
  0.13520675E+004  0.12623567E-006
  0.13529692E+004  0.12842712E-006
  0.13538714E+004  0.13065483E-006
  0.13547743E+004  0.13291936E-006
  0.13556777E+004  0.13522130E-006
  0.13565818E+004  0.13756122E-006
  0.13574864E+004  0.13993971E-006
  0.13583917E+004  0.14235739E-006
  0.13592976E+004  0.14481487E-006
  0.13602040E+004  0.14731276E-006
  0.13611111E+004  0.14985170E-006
  0.13620188E+004  0.15243232E-006
  0.13629271E+004  0.15505527E-006
  0.13638360E+004  0.15772121E-006
  0.13647455E+004  0.16043081E-006
  0.13656556E+004  0.16318475E-006
  0.13665663E+004  0.16598371E-006
  0.13674776E+004  0.16882838E-006
  0.13683895E+004  0.17171949E-006
  0.13693020E+004  0.17465774E-006
  0.13702152E+004  0.17764386E-006
  0.13711289E+004  0.18067859E-006
  0.13720433E+004  0.18376269E-006
  0.13729583E+004  0.18689690E-006
  0.13738738E+004  0.19008200E-006
  0.13747900E+004  0.19331878E-006
  0.13757068E+004  0.19660803E-006
  0.13766243E+004  0.19995055E-006
  0.13775423E+004  0.20334716E-006
  0.13784609E+004  0.20679869E-006
  0.13793802E+004  0.21030598E-006
  0.13803000E+004  0.21386988E-006
  0.13812205E+004  0.21749125E-006
  0.13821416E+004  0.22117098E-006
  0.13830633E+004  0.22490995E-006
  0.13839856E+004  0.22870906E-006
  0.13849086E+004  0.23256924E-006
  0.13858321E+004  0.23649141E-006
  0.13867563E+004  0.24047650E-006
  0.13876810E+004  0.24452549E-006
  0.13886064E+004  0.24863932E-006
  0.13895325E+004  0.25281900E-006
  0.13904591E+004  0.25706551E-006
  0.13913863E+004  0.26137986E-006
  0.13923142E+004  0.26576309E-006
  0.13932427E+004  0.27021622E-006
  0.13941718E+004  0.27474032E-006
  0.13951015E+004  0.27933646E-006
  0.13960319E+004  0.28400570E-006
  0.13969629E+004  0.28874917E-006
  0.13978944E+004  0.29356797E-006
  0.13988266E+004  0.29846324E-006
  0.13997595E+004  0.30343611E-006
  0.14006929E+004  0.30848776E-006
  0.14016270E+004  0.31361936E-006
  0.14025617E+004  0.31883211E-006
  0.14034970E+004  0.32412722E-006
  0.14044330E+004  0.32950592E-006
  0.14053695E+004  0.33496947E-006
  0.14063067E+004  0.34051911E-006
  0.14072446E+004  0.34615614E-006
  0.14081830E+004  0.35188185E-006
  0.14091221E+004  0.35769757E-006
  0.14100618E+004  0.36360462E-006
  0.14110021E+004  0.36960437E-006
  0.14119430E+004  0.37569819E-006
  0.14128846E+004  0.38188747E-006
  0.14138268E+004  0.38817362E-006
  0.14147697E+004  0.39455808E-006
  0.14157131E+004  0.40104230E-006
  0.14166572E+004  0.40762774E-006
  0.14176019E+004  0.41431591E-006
  0.14185473E+004  0.42110830E-006
  0.14194933E+004  0.42800647E-006
  0.14204399E+004  0.43501196E-006
  0.14213871E+004  0.44212634E-006
  0.14223350E+004  0.44935122E-006
  0.14232835E+004  0.45668822E-006
  0.14242326E+004  0.46413898E-006
  0.14251824E+004  0.47170515E-006
  0.14261328E+004  0.47938844E-006
  0.14270839E+004  0.48719055E-006
  0.14280355E+004  0.49511321E-006
  0.14289879E+004  0.50315818E-006
  0.14299408E+004  0.51132724E-006
  0.14308944E+004  0.51962220E-006
  0.14318486E+004  0.52804489E-006
  0.14328034E+004  0.53659716E-006
  0.14337589E+004  0.54528090E-006
  0.14347151E+004  0.55409801E-006
  0.14356718E+004  0.56305042E-006
  0.14366292E+004  0.57214008E-006
  0.14375873E+004  0.58136900E-006
  0.14385459E+004  0.59073916E-006
  0.14395053E+004  0.60025263E-006
  0.14404652E+004  0.60991145E-006
  0.14414258E+004  0.61971772E-006
  0.14423871E+004  0.62967357E-006
  0.14433489E+004  0.63978114E-006
  0.14443115E+004  0.65004262E-006
  0.14452746E+004  0.66046022E-006
  0.14462384E+004  0.67103616E-006
  0.14472029E+004  0.68177273E-006
  0.14481680E+004  0.69267221E-006
  0.14491337E+004  0.70373694E-006
  0.14501001E+004  0.71496928E-006
  0.14510671E+004  0.72637162E-006
  0.14520348E+004  0.73794639E-006
  0.14530031E+004  0.74969604E-006
  0.14539720E+004  0.76162305E-006
  0.14549417E+004  0.77372996E-006
  0.14559119E+004  0.78601931E-006
  0.14568828E+004  0.79849370E-006
  0.14578544E+004  0.81115575E-006
  0.14588265E+004  0.82400811E-006
  0.14597994E+004  0.83705349E-006
  0.14607729E+004  0.85029460E-006
  0.14617470E+004  0.86373422E-006
  0.14627218E+004  0.87737515E-006
  0.14636973E+004  0.89122022E-006
  0.14646733E+004  0.90527231E-006
  0.14656501E+004  0.91953433E-006
  0.14666275E+004  0.93400924E-006
  0.14676055E+004  0.94870002E-006
  0.14685842E+004  0.96360971E-006
  0.14695636E+004  0.97874137E-006
  0.14705436E+004  0.99409812E-006
  0.14715242E+004  0.10096831E-005
  0.14725055E+004  0.10254995E-005
  0.14734875E+004  0.10415506E-005
  0.14744701E+004  0.10578396E-005
  0.14754534E+004  0.10743698E-005
  0.14764373E+004  0.10911447E-005
  0.14774219E+004  0.11081675E-005
  0.14784072E+004  0.11254418E-005
  0.14793931E+004  0.11429711E-005
  0.14803796E+004  0.11607589E-005
  0.14813668E+004  0.11788087E-005
  0.14823547E+004  0.11971243E-005
  0.14833432E+004  0.12157092E-005
  0.14843324E+004  0.12345673E-005
  0.14853223E+004  0.12537022E-005
  0.14863128E+004  0.12731178E-005
  0.14873040E+004  0.12928180E-005
  0.14882958E+004  0.13128067E-005
  0.14892883E+004  0.13330879E-005
  0.14902815E+004  0.13536655E-005
  0.14912753E+004  0.13745437E-005
  0.14922698E+004  0.13957265E-005
  0.14932649E+004  0.14172183E-005
  0.14942607E+004  0.14390231E-005
  0.14952572E+004  0.14611452E-005
  0.14962543E+004  0.14835891E-005
  0.14972521E+004  0.15063590E-005
  0.14982506E+004  0.15294596E-005
  0.14992497E+004  0.15528951E-005
  0.15002495E+004  0.15766703E-005
  0.15012500E+004  0.16007897E-005
  0.15022511E+004  0.16252581E-005
  0.15032529E+004  0.16500801E-005
  0.15042554E+004  0.16752605E-005
  0.15052585E+004  0.17008043E-005
  0.15062623E+004  0.17267163E-005
  0.15072668E+004  0.17530015E-005
  0.15082720E+004  0.17796650E-005
  0.15092778E+004  0.18067118E-005
  0.15102843E+004  0.18341472E-005
  0.15112914E+004  0.18619764E-005
  0.15122993E+004  0.18902046E-005
  0.15133078E+004  0.19188373E-005
  0.15143169E+004  0.19478798E-005
  0.15153268E+004  0.19773378E-005
  0.15163373E+004  0.20072167E-005
  0.15173485E+004  0.20375222E-005
  0.15183604E+004  0.20682600E-005
  0.15193729E+004  0.20994359E-005
  0.15203861E+004  0.21310558E-005
  0.15214000E+004  0.21631255E-005
  0.15224146E+004  0.21956511E-005
  0.15234298E+004  0.22286387E-005
  0.15244458E+004  0.22620944E-005
  0.15254624E+004  0.22960243E-005
  0.15264796E+004  0.23304350E-005
  0.15274976E+004  0.23653326E-005
  0.15285162E+004  0.24007237E-005
  0.15295356E+004  0.24366148E-005
  0.15305556E+004  0.24730125E-005
  0.15315762E+004  0.25099236E-005
  0.15325976E+004  0.25473548E-005
  0.15336196E+004  0.25853129E-005
  0.15346423E+004  0.26238050E-005
  0.15356657E+004  0.26628380E-005
  0.15366898E+004  0.27024191E-005
  0.15377146E+004  0.27425555E-005
  0.15387401E+004  0.27832545E-005
  0.15397662E+004  0.28245234E-005
  0.15407930E+004  0.28663697E-005
  0.15418205E+004  0.29088011E-005
  0.15428487E+004  0.29518251E-005
  0.15438776E+004  0.29954495E-005
  0.15449071E+004  0.30396822E-005
  0.15459374E+004  0.30845310E-005
  0.15469683E+004  0.31300041E-005
  0.15479999E+004  0.31761095E-005
  0.15490322E+004  0.32228555E-005
  0.15500652E+004  0.32702503E-005
  0.15510989E+004  0.33183025E-005
  0.15521333E+004  0.33670206E-005
  0.15531684E+004  0.34164132E-005
  0.15542041E+004  0.34664889E-005
  0.15552406E+004  0.35172568E-005
  0.15562777E+004  0.35687256E-005
  0.15573155E+004  0.36209045E-005
  0.15583541E+004  0.36738026E-005
  0.15593933E+004  0.37274292E-005
  0.15604332E+004  0.37817937E-005
  0.15614738E+004  0.38369055E-005
  0.15625151E+004  0.38927743E-005
  0.15635571E+004  0.39494097E-005
  0.15645998E+004  0.40068217E-005
  0.15656431E+004  0.40650201E-005
  0.15666872E+004  0.41240151E-005
  0.15677320E+004  0.41838168E-005
  0.15687774E+004  0.42444355E-005
  0.15698236E+004  0.43058816E-005
  0.15708705E+004  0.43681658E-005
  0.15719180E+004  0.44312986E-005
  0.15729663E+004  0.44952909E-005
  0.15740153E+004  0.45601537E-005
  0.15750649E+004  0.46258979E-005
  0.15761153E+004  0.46925347E-005
  0.15771663E+004  0.47600755E-005
  0.15782181E+004  0.48285318E-005
  0.15792706E+004  0.48979150E-005
  0.15803237E+004  0.49682370E-005
  0.15813776E+004  0.50395095E-005
  0.15824322E+004  0.51117447E-005
  0.15834874E+004  0.51849545E-005
  0.15845434E+004  0.52591513E-005
  0.15856001E+004  0.53343475E-005
  0.15866575E+004  0.54105557E-005
  0.15877155E+004  0.54877885E-005
  0.15887743E+004  0.55660588E-005
  0.15898338E+004  0.56453797E-005
  0.15908941E+004  0.57257643E-005
  0.15919550E+004  0.58072258E-005
  0.15930166E+004  0.58897777E-005
  0.15940789E+004  0.59734337E-005
  0.15951420E+004  0.60582076E-005
  0.15962057E+004  0.61441131E-005
  0.15972702E+004  0.62311645E-005
  0.15983353E+004  0.63193760E-005
  0.15994012E+004  0.64087620E-005
  0.16004678E+004  0.64993370E-005
  0.16015351E+004  0.65911159E-005
  0.16026031E+004  0.66841134E-005
  0.16036718E+004  0.67783448E-005
  0.16047413E+004  0.68738252E-005
  0.16058114E+004  0.69705702E-005
  0.16068823E+004  0.70685952E-005
  0.16079538E+004  0.71679160E-005
  0.16090261E+004  0.72685487E-005
  0.16100991E+004  0.73705094E-005
  0.16111729E+004  0.74738143E-005
  0.16122473E+004  0.75784800E-005
  0.16133225E+004  0.76845233E-005
  0.16143983E+004  0.77919608E-005
  0.16154749E+004  0.79008098E-005
  0.16165522E+004  0.80110875E-005
  0.16176302E+004  0.81228114E-005
  0.16187090E+004  0.82359991E-005
  0.16197885E+004  0.83506684E-005
  0.16208686E+004  0.84668374E-005
  0.16219495E+004  0.85845244E-005
  0.16230312E+004  0.87037478E-005
  0.16241135E+004  0.88245263E-005
  0.16251966E+004  0.89468787E-005
  0.16262804E+004  0.90708242E-005
  0.16273649E+004  0.91963820E-005
  0.16284501E+004  0.93235716E-005
  0.16295361E+004  0.94524128E-005
  0.16306228E+004  0.95829255E-005
  0.16317102E+004  0.97151299E-005
  0.16327983E+004  0.98490463E-005
  0.16338872E+004  0.99846954E-005
  0.16349767E+004  0.10122098E-004
  0.16360671E+004  0.10261275E-004
  0.16371581E+004  0.10402248E-004
  0.16382499E+004  0.10545039E-004
  0.16393423E+004  0.10689668E-004
  0.16404356E+004  0.10836159E-004
  0.16415295E+004  0.10984534E-004
  0.16426242E+004  0.11134814E-004
  0.16437196E+004  0.11287023E-004
  0.16448158E+004  0.11441184E-004
  0.16459126E+004  0.11597320E-004
  0.16470102E+004  0.11755454E-004
  0.16481086E+004  0.11915610E-004
  0.16492076E+004  0.12077813E-004
  0.16503074E+004  0.12242086E-004
  0.16514080E+004  0.12408454E-004
  0.16525092E+004  0.12576942E-004
  0.16536112E+004  0.12747575E-004
  0.16547140E+004  0.12920378E-004
  0.16558175E+004  0.13095378E-004
  0.16569217E+004  0.13272598E-004
  0.16580266E+004  0.13452067E-004
  0.16591323E+004  0.13633810E-004
  0.16602387E+004  0.13817855E-004
  0.16613459E+004  0.14004227E-004
  0.16624538E+004  0.14192955E-004
  0.16635624E+004  0.14384067E-004
  0.16646718E+004  0.14577589E-004
  0.16657819E+004  0.14773550E-004
  0.16668928E+004  0.14971980E-004
  0.16680043E+004  0.15172905E-004
  0.16691167E+004  0.15376357E-004
  0.16702298E+004  0.15582363E-004
  0.16713436E+004  0.15790955E-004
  0.16724581E+004  0.16002161E-004
  0.16735735E+004  0.16216013E-004
  0.16746895E+004  0.16432541E-004
  0.16758063E+004  0.16651776E-004
  0.16769238E+004  0.16873749E-004
  0.16780421E+004  0.17098492E-004
  0.16791612E+004  0.17326037E-004
  0.16802809E+004  0.17556417E-004
  0.16814015E+004  0.17789664E-004
  0.16825227E+004  0.18025812E-004
  0.16836447E+004  0.18264892E-004
  0.16847675E+004  0.18506941E-004
  0.16858910E+004  0.18751990E-004
  0.16870153E+004  0.19000076E-004
  0.16881403E+004  0.19251233E-004
  0.16892661E+004  0.19505495E-004
  0.16903926E+004  0.19762899E-004
  0.16915198E+004  0.20023480E-004
  0.16926479E+004  0.20287275E-004
  0.16937766E+004  0.20554320E-004
  0.16949062E+004  0.20824653E-004
  0.16960364E+004  0.21098311E-004
  0.16971675E+004  0.21375331E-004
  0.16982993E+004  0.21655752E-004
  0.16994318E+004  0.21939613E-004
  0.17005651E+004  0.22226952E-004
  0.17016991E+004  0.22517809E-004
  0.17028339E+004  0.22812224E-004
  0.17039695E+004  0.23110237E-004
  0.17051058E+004  0.23411889E-004
  0.17062429E+004  0.23717220E-004
  0.17073807E+004  0.24026273E-004
  0.17085193E+004  0.24339088E-004
  0.17096587E+004  0.24655709E-004
  0.17107988E+004  0.24976179E-004
  0.17119397E+004  0.25300540E-004
  0.17130813E+004  0.25628836E-004
  0.17142237E+004  0.25961111E-004
  0.17153669E+004  0.26297409E-004
  0.17165108E+004  0.26637777E-004
  0.17176555E+004  0.26982259E-004
  0.17188009E+004  0.27330901E-004
  0.17199471E+004  0.27683749E-004
  0.17210941E+004  0.28040851E-004
  0.17222419E+004  0.28402253E-004
  0.17233904E+004  0.28768004E-004
  0.17245396E+004  0.29138152E-004
  0.17256897E+004  0.29512745E-004
  0.17268405E+004  0.29891833E-004
  0.17279920E+004  0.30275466E-004
  0.17291444E+004  0.30663694E-004
  0.17302975E+004  0.31056567E-004
  0.17314514E+004  0.31454137E-004
  0.17326060E+004  0.31856455E-004
  0.17337614E+004  0.32263575E-004
  0.17349176E+004  0.32675548E-004
  0.17360746E+004  0.33092429E-004
  0.17372323E+004  0.33514271E-004
  0.17383908E+004  0.33941128E-004
  0.17395501E+004  0.34373055E-004
  0.17407101E+004  0.34810109E-004
  0.17418710E+004  0.35252344E-004
  0.17430326E+004  0.35699818E-004
  0.17441949E+004  0.36152588E-004
  0.17453581E+004  0.36610712E-004
  0.17465220E+004  0.37074247E-004
  0.17476867E+004  0.37543253E-004
  0.17488522E+004  0.38017789E-004
  0.17500184E+004  0.38497915E-004
  0.17511854E+004  0.38983693E-004
  0.17523533E+004  0.39475182E-004
  0.17535218E+004  0.39972445E-004
  0.17546912E+004  0.40475545E-004
  0.17558613E+004  0.40984544E-004
  0.17570323E+004  0.41499506E-004
  0.17582040E+004  0.42020496E-004
  0.17593765E+004  0.42547578E-004
  0.17605497E+004  0.43080817E-004
  0.17617238E+004  0.43620281E-004
  0.17628986E+004  0.44166036E-004
  0.17640742E+004  0.44718149E-004
  0.17652506E+004  0.45276688E-004
  0.17664278E+004  0.45841723E-004
  0.17676058E+004  0.46413322E-004
  0.17687846E+004  0.46991556E-004
  0.17699641E+004  0.47576496E-004
  0.17711444E+004  0.48168212E-004
  0.17723256E+004  0.48766778E-004
  0.17735075E+004  0.49372267E-004
  0.17746901E+004  0.49984750E-004
  0.17758736E+004  0.50604304E-004
  0.17770579E+004  0.51231003E-004
  0.17782430E+004  0.51864922E-004
  0.17794288E+004  0.52506138E-004
  0.17806155E+004  0.53154728E-004
  0.17818029E+004  0.53810771E-004
  0.17829911E+004  0.54474344E-004
  0.17841801E+004  0.55145527E-004
  0.17853699E+004  0.55824400E-004
  0.17865605E+004  0.56511044E-004
  0.17877519E+004  0.57205541E-004
  0.17889441E+004  0.57907972E-004
  0.17901371E+004  0.58618422E-004
  0.17913309E+004  0.59336975E-004
  0.17925255E+004  0.60063714E-004
  0.17937209E+004  0.60798726E-004
  0.17949170E+004  0.61542097E-004
  0.17961140E+004  0.62293913E-004
  0.17973118E+004  0.63054264E-004
  0.17985103E+004  0.63823238E-004
  0.17997097E+004  0.64600925E-004
  0.18009099E+004  0.65387415E-004
  0.18021108E+004  0.66182799E-004
  0.18033126E+004  0.66987170E-004
  0.18045152E+004  0.67800620E-004
  0.18057185E+004  0.68623244E-004
  0.18069227E+004  0.69455137E-004
  0.18081277E+004  0.70296393E-004
  0.18093335E+004  0.71147110E-004
  0.18105401E+004  0.72007385E-004
  0.18117475E+004  0.72877317E-004
  0.18129556E+004  0.73757004E-004
  0.18141646E+004  0.74646547E-004
  0.18153745E+004  0.75546047E-004
  0.18165851E+004  0.76455606E-004
  0.18177965E+004  0.77375327E-004
  0.18190087E+004  0.78305313E-004
  0.18202217E+004  0.79245671E-004
  0.18214356E+004  0.80196504E-004
  0.18226502E+004  0.81157921E-004
  0.18238657E+004  0.82130030E-004
  0.18250820E+004  0.83112937E-004
  0.18262991E+004  0.84106755E-004
  0.18275170E+004  0.85111592E-004
  0.18287357E+004  0.86127562E-004
  0.18299552E+004  0.87154776E-004
  0.18311755E+004  0.88193349E-004
  0.18323967E+004  0.89243395E-004
  0.18336187E+004  0.90305030E-004
  0.18348414E+004  0.91378371E-004
  0.18360650E+004  0.92463536E-004
  0.18372894E+004  0.93560644E-004
  0.18385147E+004  0.94669816E-004
  0.18397407E+004  0.95791171E-004
  0.18409676E+004  0.96924833E-004
  0.18421953E+004  0.98070924E-004
  0.18434238E+004  0.99229570E-004
  0.18446531E+004  0.10040090E-003
  0.18458832E+004  0.10158503E-003
  0.18471142E+004  0.10278209E-003
  0.18483459E+004  0.10399222E-003
  0.18495785E+004  0.10521555E-003
  0.18508120E+004  0.10645219E-003
  0.18520462E+004  0.10770230E-003
  0.18532813E+004  0.10896599E-003
  0.18545172E+004  0.11024341E-003
  0.18557539E+004  0.11153469E-003
  0.18569914E+004  0.11283997E-003
  0.18582298E+004  0.11415939E-003
  0.18594690E+004  0.11549308E-003
  0.18607090E+004  0.11684119E-003
  0.18619498E+004  0.11820386E-003
  0.18631915E+004  0.11958124E-003
  0.18644340E+004  0.12097346E-003
  0.18656773E+004  0.12238067E-003
  0.18669215E+004  0.12380302E-003
  0.18681665E+004  0.12524066E-003
  0.18694123E+004  0.12669374E-003
  0.18706590E+004  0.12816241E-003
  0.18719064E+004  0.12964682E-003
  0.18731548E+004  0.13114712E-003
  0.18744039E+004  0.13266348E-003
  0.18756539E+004  0.13419604E-003
  0.18769047E+004  0.13574496E-003
  0.18781563E+004  0.13731041E-003
  0.18794088E+004  0.13889254E-003
  0.18806621E+004  0.14049152E-003
  0.18819163E+004  0.14210750E-003
  0.18831713E+004  0.14374066E-003
  0.18844271E+004  0.14539115E-003
  0.18856838E+004  0.14705915E-003
  0.18869413E+004  0.14874483E-003
  0.18881996E+004  0.15044835E-003
  0.18894588E+004  0.15216989E-003
  0.18907188E+004  0.15390962E-003
  0.18919796E+004  0.15566771E-003
  0.18932413E+004  0.15744435E-003
  0.18945039E+004  0.15923970E-003
  0.18957673E+004  0.16105395E-003
  0.18970315E+004  0.16288728E-003
  0.18982966E+004  0.16473988E-003
  0.18995625E+004  0.16661191E-003
  0.19008292E+004  0.16850358E-003
  0.19020968E+004  0.17041506E-003
  0.19033653E+004  0.17234655E-003
  0.19046346E+004  0.17429823E-003
  0.19059047E+004  0.17627030E-003
  0.19071757E+004  0.17826295E-003
  0.19084475E+004  0.18027637E-003
  0.19097202E+004  0.18231077E-003
  0.19109937E+004  0.18436633E-003
  0.19122681E+004  0.18644327E-003
  0.19135433E+004  0.18854177E-003
  0.19148194E+004  0.19066205E-003
  0.19160963E+004  0.19280431E-003
  0.19173741E+004  0.19496875E-003
  0.19186527E+004  0.19715559E-003
  0.19199322E+004  0.19936503E-003
  0.19212126E+004  0.20159729E-003
  0.19224938E+004  0.20385257E-003
  0.19237758E+004  0.20613110E-003
  0.19250587E+004  0.20843309E-003
  0.19263425E+004  0.21075876E-003
  0.19276271E+004  0.21310833E-003
  0.19289126E+004  0.21548202E-003
  0.19301989E+004  0.21788006E-003
  0.19314861E+004  0.22030267E-003
  0.19327741E+004  0.22275009E-003
  0.19340630E+004  0.22522253E-003
  0.19353528E+004  0.22772023E-003
  0.19366434E+004  0.23024344E-003
  0.19379349E+004  0.23279237E-003
  0.19392272E+004  0.23536727E-003
  0.19405204E+004  0.23796838E-003
  0.19418145E+004  0.24059593E-003
  0.19431094E+004  0.24325018E-003
  0.19444052E+004  0.24593137E-003
  0.19457019E+004  0.24863974E-003
  0.19469994E+004  0.25137554E-003
  0.19482978E+004  0.25413903E-003
  0.19495971E+004  0.25693046E-003
  0.19508972E+004  0.25975008E-003
  0.19521982E+004  0.26259814E-003
  0.19535000E+004  0.26547492E-003
  0.19548027E+004  0.26838067E-003
  0.19561063E+004  0.27131565E-003
  0.19574108E+004  0.27428013E-003
  0.19587161E+004  0.27727438E-003
  0.19600223E+004  0.28029866E-003
  0.19613294E+004  0.28335326E-003
  0.19626373E+004  0.28643843E-003
  0.19639462E+004  0.28955447E-003
  0.19652559E+004  0.29270164E-003
  0.19665664E+004  0.29588023E-003
  0.19678779E+004  0.29909052E-003
  0.19691902E+004  0.30233279E-003
  0.19705034E+004  0.30560734E-003
  0.19718174E+004  0.30891445E-003
  0.19731324E+004  0.31225442E-003
  0.19744482E+004  0.31562753E-003
  0.19757649E+004  0.31903409E-003
  0.19770824E+004  0.32247439E-003
  0.19784009E+004  0.32594873E-003
  0.19797202E+004  0.32945743E-003
  0.19810404E+004  0.33300078E-003
  0.19823615E+004  0.33657909E-003
  0.19836835E+004  0.34019267E-003
  0.19850063E+004  0.34384184E-003
  0.19863301E+004  0.34752690E-003
  0.19876547E+004  0.35124819E-003
  0.19889802E+004  0.35500602E-003
  0.19903066E+004  0.35880070E-003
  0.19916339E+004  0.36263258E-003
  0.19929620E+004  0.36650197E-003
  0.19942910E+004  0.37040920E-003
  0.19956210E+004  0.37435461E-003
  0.19969518E+004  0.37833853E-003
  0.19982835E+004  0.38236130E-003
  0.19996161E+004  0.38642327E-003
  0.20009496E+004  0.39052477E-003
  0.20022839E+004  0.39466614E-003
  0.20036192E+004  0.39884775E-003
  0.20049553E+004  0.40306994E-003
  0.20062924E+004  0.40733305E-003
  0.20076303E+004  0.41163746E-003
  0.20089691E+004  0.41598351E-003
  0.20103088E+004  0.42037158E-003
  0.20116494E+004  0.42480201E-003
  0.20129909E+004  0.42927519E-003
  0.20143333E+004  0.43379148E-003
  0.20156766E+004  0.43835125E-003
  0.20170208E+004  0.44295488E-003
  0.20183659E+004  0.44760275E-003
  0.20197119E+004  0.45229524E-003
  0.20210588E+004  0.45703273E-003
  0.20224065E+004  0.46181561E-003
  0.20237552E+004  0.46664427E-003
  0.20251048E+004  0.47151910E-003
  0.20264553E+004  0.47644050E-003
  0.20278066E+004  0.48140886E-003
  0.20291589E+004  0.48642459E-003
  0.20305121E+004  0.49148809E-003
  0.20318662E+004  0.49659977E-003
  0.20332212E+004  0.50176004E-003
  0.20345770E+004  0.50696931E-003
  0.20359338E+004  0.51222800E-003
  0.20372915E+004  0.51753653E-003
  0.20386501E+004  0.52289532E-003
  0.20400096E+004  0.52830480E-003
  0.20413701E+004  0.53376539E-003
  0.20427314E+004  0.53927754E-003
  0.20440936E+004  0.54484166E-003
  0.20454567E+004  0.55045820E-003
  0.20468208E+004  0.55612761E-003
  0.20481857E+004  0.56185032E-003
  0.20495516E+004  0.56762679E-003
  0.20509184E+004  0.57345747E-003
  0.20522861E+004  0.57934280E-003
  0.20536547E+004  0.58528325E-003
  0.20550242E+004  0.59127928E-003
  0.20563946E+004  0.59733136E-003
  0.20577660E+004  0.60343994E-003
  0.20591382E+004  0.60960551E-003
  0.20605114E+004  0.61582853E-003
  0.20618855E+004  0.62210949E-003
  0.20632605E+004  0.62844886E-003
  0.20646364E+004  0.63484713E-003
  0.20660132E+004  0.64130478E-003
  0.20673910E+004  0.64782232E-003
  0.20687697E+004  0.65440023E-003
  0.20701493E+004  0.66103901E-003
  0.20715298E+004  0.66773917E-003
  0.20729112E+004  0.67450120E-003
  0.20742936E+004  0.68132563E-003
  0.20756768E+004  0.68821296E-003
  0.20770610E+004  0.69516370E-003
  0.20784462E+004  0.70217839E-003
  0.20798322E+004  0.70925753E-003
  0.20812192E+004  0.71640167E-003
  0.20826071E+004  0.72361132E-003
  0.20839959E+004  0.73088703E-003
  0.20853856E+004  0.73822934E-003
  0.20867763E+004  0.74563878E-003
  0.20881679E+004  0.75311590E-003
  0.20895605E+004  0.76066125E-003
  0.20909539E+004  0.76827539E-003
  0.20923483E+004  0.77595887E-003
  0.20937436E+004  0.78371225E-003
  0.20951399E+004  0.79153610E-003
  0.20965370E+004  0.79943100E-003
  0.20979352E+004  0.80739750E-003
  0.20993342E+004  0.81543619E-003
  0.21007342E+004  0.82354765E-003
  0.21021351E+004  0.83173246E-003
  0.21035369E+004  0.83999121E-003
  0.21049397E+004  0.84832450E-003
  0.21063434E+004  0.85673293E-003
  0.21077481E+004  0.86521708E-003
  0.21091537E+004  0.87377758E-003
  0.21105602E+004  0.88241502E-003
  0.21119676E+004  0.89113003E-003
  0.21133760E+004  0.89992321E-003
  0.21147854E+004  0.90879520E-003
  0.21161957E+004  0.91774661E-003
  0.21176069E+004  0.92677808E-003
  0.21190190E+004  0.93589024E-003
  0.21204321E+004  0.94508372E-003
  0.21218462E+004  0.95435919E-003
  0.21232612E+004  0.96371727E-003
  0.21246771E+004  0.97315862E-003
  0.21260940E+004  0.98268391E-003
  0.21275118E+004  0.99229377E-003
  0.21289306E+004  0.10019889E-002
  0.21303503E+004  0.10117699E-002
  0.21317710E+004  0.10216376E-002
  0.21331926E+004  0.10315925E-002
  0.21346151E+004  0.10416354E-002
  0.21360386E+004  0.10517669E-002
  0.21374631E+004  0.10619877E-002
  0.21388885E+004  0.10722986E-002
  0.21403148E+004  0.10827002E-002
  0.21417421E+004  0.10931933E-002
  0.21431704E+004  0.11037785E-002
  0.21445996E+004  0.11144565E-002
  0.21460298E+004  0.11252282E-002
  0.21474609E+004  0.11360941E-002
  0.21488929E+004  0.11470551E-002
  0.21503260E+004  0.11581118E-002
  0.21517599E+004  0.11692651E-002
  0.21531949E+004  0.11805156E-002
  0.21546308E+004  0.11918641E-002
  0.21560676E+004  0.12033113E-002
  0.21575054E+004  0.12148581E-002
  0.21589442E+004  0.12265051E-002
  0.21603839E+004  0.12382532E-002
  0.21618246E+004  0.12501031E-002
  0.21632663E+004  0.12620555E-002
  0.21647089E+004  0.12741114E-002
  0.21661525E+004  0.12862714E-002
  0.21675970E+004  0.12985363E-002
  0.21690425E+004  0.13109070E-002
  0.21704890E+004  0.13233842E-002
  0.21719364E+004  0.13359688E-002
  0.21733848E+004  0.13486616E-002
  0.21748341E+004  0.13614633E-002
  0.21762845E+004  0.13743749E-002
  0.21777357E+004  0.13873971E-002
  0.21791880E+004  0.14005308E-002
  0.21806412E+004  0.14137767E-002
  0.21820954E+004  0.14271359E-002
  0.21835506E+004  0.14406090E-002
  0.21850067E+004  0.14541970E-002
  0.21864638E+004  0.14679007E-002
  0.21879219E+004  0.14817210E-002
  0.21893810E+004  0.14956588E-002
  0.21908410E+004  0.15097149E-002
  0.21923020E+004  0.15238902E-002
  0.21937640E+004  0.15381856E-002
  0.21952269E+004  0.15526020E-002
  0.21966908E+004  0.15671403E-002
  0.21981557E+004  0.15818014E-002
  0.21996216E+004  0.15965862E-002
  0.22010885E+004  0.16114956E-002
  0.22025563E+004  0.16265305E-002
  0.22040251E+004  0.16416920E-002
  0.22054949E+004  0.16569808E-002
  0.22069657E+004  0.16723979E-002
  0.22084374E+004  0.16879444E-002
  0.22099102E+004  0.17036210E-002
  0.22113839E+004  0.17194289E-002
  0.22128586E+004  0.17353689E-002
  0.22143343E+004  0.17514420E-002
  0.22158109E+004  0.17676491E-002
  0.22172886E+004  0.17839914E-002
  0.22187672E+004  0.18004697E-002
  0.22202468E+004  0.18170850E-002
  0.22217274E+004  0.18338383E-002
  0.22232090E+004  0.18507307E-002
  0.22246916E+004  0.18677632E-002
  0.22261752E+004  0.18849366E-002
  0.22276598E+004  0.19022522E-002
  0.22291453E+004  0.19197109E-002
  0.22306319E+004  0.19373137E-002
  0.22321194E+004  0.19550616E-002
  0.22336079E+004  0.19729558E-002
  0.22350974E+004  0.19909973E-002
  0.22365879E+004  0.20091871E-002
  0.22380795E+004  0.20275263E-002
  0.22395720E+004  0.20460159E-002
  0.22410654E+004  0.20646571E-002
  0.22425599E+004  0.20834509E-002
  0.22440554E+004  0.21023984E-002
  0.22455519E+004  0.21215007E-002
  0.22470494E+004  0.21407589E-002
  0.22485479E+004  0.21601741E-002
  0.22500474E+004  0.21797474E-002
  0.22515478E+004  0.21994800E-002
  0.22530493E+004  0.22193730E-002
  0.22545518E+004  0.22394274E-002
  0.22560553E+004  0.22596446E-002
  0.22575598E+004  0.22800255E-002
  0.22590653E+004  0.23005713E-002
  0.22605718E+004  0.23212833E-002
  0.22620793E+004  0.23421626E-002
  0.22635878E+004  0.23632103E-002
  0.22650973E+004  0.23844276E-002
  0.22666078E+004  0.24058157E-002
  0.22681193E+004  0.24273759E-002
  0.22696319E+004  0.24491093E-002
  0.22711454E+004  0.24710171E-002
  0.22726600E+004  0.24931005E-002
  0.22741755E+004  0.25153608E-002
  0.22756921E+004  0.25377992E-002
  0.22772097E+004  0.25604169E-002
  0.22787283E+004  0.25832151E-002
  0.22802479E+004  0.26061952E-002
  0.22817685E+004  0.26293583E-002
  0.22832901E+004  0.26527058E-002
  0.22848128E+004  0.26762389E-002
  0.22863365E+004  0.26999588E-002
  0.22878611E+004  0.27238670E-002
  0.22893868E+004  0.27479645E-002
  0.22909135E+004  0.27722529E-002
  0.22924413E+004  0.27967333E-002
  0.22939700E+004  0.28214070E-002
  0.22954998E+004  0.28462755E-002
  0.22970306E+004  0.28713400E-002
  0.22985624E+004  0.28966019E-002
  0.23000952E+004  0.29220624E-002
  0.23016291E+004  0.29477230E-002
  0.23031640E+004  0.29735851E-002
  0.23046999E+004  0.29996499E-002
  0.23062368E+004  0.30259188E-002
  0.23077748E+004  0.30523933E-002
  0.23093137E+004  0.30790747E-002
  0.23108537E+004  0.31059644E-002
  0.23123948E+004  0.31330638E-002
  0.23139368E+004  0.31603744E-002
  0.23154799E+004  0.31878975E-002
  0.23170240E+004  0.32156345E-002
  0.23185692E+004  0.32435870E-002
  0.23201154E+004  0.32717563E-002
  0.23216626E+004  0.33001439E-002
  0.23232108E+004  0.33287512E-002
  0.23247601E+004  0.33575798E-002
  0.23263104E+004  0.33866310E-002
  0.23278617E+004  0.34159064E-002
  0.23294141E+004  0.34454075E-002
  0.23309675E+004  0.34751357E-002
  0.23325220E+004  0.35050926E-002
  0.23340774E+004  0.35352796E-002
  0.23356340E+004  0.35656983E-002
  0.23371915E+004  0.35963502E-002
  0.23387501E+004  0.36272368E-002
  0.23403097E+004  0.36583598E-002
  0.23418704E+004  0.36897206E-002
  0.23434321E+004  0.37213208E-002
  0.23449949E+004  0.37531619E-002
  0.23465587E+004  0.37852456E-002
  0.23481235E+004  0.38175734E-002
  0.23496894E+004  0.38501470E-002
  0.23512563E+004  0.38829679E-002
  0.23528243E+004  0.39160377E-002
  0.23543933E+004  0.39493580E-002
  0.23559634E+004  0.39829306E-002
  0.23575345E+004  0.40167569E-002
  0.23591067E+004  0.40508387E-002
  0.23606799E+004  0.40851776E-002
  0.23622541E+004  0.41197753E-002
  0.23638295E+004  0.41546334E-002
  0.23654058E+004  0.41897536E-002
  0.23669832E+004  0.42251376E-002
  0.23685617E+004  0.42607871E-002
  0.23701412E+004  0.42967037E-002
  0.23717218E+004  0.43328893E-002
  0.23733034E+004  0.43693455E-002
  0.23748861E+004  0.44060740E-002
  0.23764698E+004  0.44430766E-002
  0.23780546E+004  0.44803551E-002
  0.23796404E+004  0.45179111E-002
  0.23812273E+004  0.45557465E-002
  0.23828153E+004  0.45938630E-002
  0.23844043E+004  0.46322624E-002
  0.23859944E+004  0.46709464E-002
  0.23875855E+004  0.47099170E-002
  0.23891777E+004  0.47491759E-002
  0.23907710E+004  0.47887248E-002
  0.23923653E+004  0.48285657E-002
  0.23939607E+004  0.48687004E-002
  0.23955572E+004  0.49091307E-002
  0.23971547E+004  0.49498584E-002
  0.23987533E+004  0.49908855E-002
  0.24003529E+004  0.50322137E-002
  0.24019536E+004  0.50738451E-002
  0.24035554E+004  0.51157813E-002
  0.24051583E+004  0.51580245E-002
  0.24067622E+004  0.52005764E-002
  0.24083672E+004  0.52434390E-002
  0.24099732E+004  0.52866142E-002
  0.24115804E+004  0.53301040E-002
  0.24131886E+004  0.53739102E-002
  0.24147979E+004  0.54180349E-002
  0.24164082E+004  0.54624800E-002
  0.24180196E+004  0.55072474E-002
  0.24196321E+004  0.55523392E-002
  0.24212457E+004  0.55977573E-002
  0.24228603E+004  0.56435038E-002
  0.24244761E+004  0.56895807E-002
  0.24260929E+004  0.57359899E-002
  0.24277107E+004  0.57827335E-002
  0.24293297E+004  0.58298136E-002
  0.24309497E+004  0.58772321E-002
  0.24325709E+004  0.59249912E-002
  0.24341931E+004  0.59730929E-002
  0.24358163E+004  0.60215393E-002
  0.24374407E+004  0.60703325E-002
  0.24390662E+004  0.61194745E-002
  0.24406927E+004  0.61689675E-002
  0.24423203E+004  0.62188136E-002
  0.24439490E+004  0.62690150E-002
  0.24455788E+004  0.63195736E-002
  0.24472097E+004  0.63704918E-002
  0.24488416E+004  0.64217716E-002
  0.24504747E+004  0.64734152E-002
  0.24521088E+004  0.65254249E-002
  0.24537441E+004  0.65778027E-002
  0.24553804E+004  0.66305508E-002
  0.24570178E+004  0.66836715E-002
  0.24586563E+004  0.67371671E-002
  0.24602959E+004  0.67910396E-002
  0.24619366E+004  0.68452914E-002
  0.24635784E+004  0.68999246E-002
  0.24652212E+004  0.69549416E-002
  0.24668652E+004  0.70103446E-002
  0.24685103E+004  0.70661359E-002
  0.24701565E+004  0.71223177E-002
  0.24718037E+004  0.71788924E-002
  0.24734521E+004  0.72358623E-002
  0.24751015E+004  0.72932296E-002
  0.24767521E+004  0.73509968E-002
  0.24784038E+004  0.74091661E-002
  0.24800565E+004  0.74677399E-002
  0.24817104E+004  0.75267205E-002
  0.24833654E+004  0.75861103E-002
  0.24850214E+004  0.76459117E-002
  0.24866786E+004  0.77061271E-002
  0.24883369E+004  0.77667589E-002
  0.24899963E+004  0.78278094E-002
  0.24916568E+004  0.78892811E-002
  0.24933184E+004  0.79511765E-002
  0.24949811E+004  0.80134979E-002
  0.24966449E+004  0.80762478E-002
  0.24983099E+004  0.81394288E-002
  0.24999759E+004  0.82030431E-002
  0.25016430E+004  0.82670934E-002
  0.25033113E+004  0.83315821E-002
  0.25049807E+004  0.83965117E-002
  0.25066512E+004  0.84618848E-002
  0.25083228E+004  0.85277038E-002
  0.25099955E+004  0.85939713E-002
  0.25116693E+004  0.86606899E-002
  0.25133443E+004  0.87278620E-002
  0.25150203E+004  0.87954903E-002
  0.25166975E+004  0.88635774E-002
  0.25183758E+004  0.89321258E-002
  0.25200552E+004  0.90011381E-002
  0.25217358E+004  0.90706169E-002
  0.25234174E+004  0.91405649E-002
  0.25251002E+004  0.92109847E-002
  0.25267841E+004  0.92818789E-002
  0.25284692E+004  0.93532502E-002
  0.25301553E+004  0.94251012E-002
  0.25318426E+004  0.94974347E-002
  0.25335310E+004  0.95702533E-002
  0.25352205E+004  0.96435596E-002
  0.25369112E+004  0.97173565E-002
  0.25386030E+004  0.97916467E-002
  0.25402959E+004  0.98664327E-002
  0.25419899E+004  0.99417175E-002
  0.25436851E+004  0.10017504E-001
  0.25453814E+004  0.10093794E-001
  0.25470788E+004  0.10170592E-001
  0.25487774E+004  0.10247899E-001
  0.25504771E+004  0.10325719E-001
  0.25521779E+004  0.10404054E-001
  0.25538798E+004  0.10482907E-001
  0.25555829E+004  0.10562282E-001
  0.25572872E+004  0.10642180E-001
  0.25589925E+004  0.10722605E-001
  0.25606991E+004  0.10803559E-001
  0.25624067E+004  0.10885047E-001
  0.25641155E+004  0.10967069E-001
  0.25658254E+004  0.11049629E-001
  0.25675365E+004  0.11132731E-001
  0.25692487E+004  0.11216377E-001
  0.25709620E+004  0.11300570E-001
  0.25726765E+004  0.11385313E-001
  0.25743921E+004  0.11470608E-001
  0.25761089E+004  0.11556460E-001
  0.25778268E+004  0.11642870E-001
  0.25795459E+004  0.11729842E-001
  0.25812661E+004  0.11817379E-001
  0.25829875E+004  0.11905484E-001
  0.25847100E+004  0.11994160E-001
  0.25864336E+004  0.12083409E-001
  0.25881585E+004  0.12173236E-001
  0.25898844E+004  0.12263642E-001
  0.25916115E+004  0.12354632E-001
  0.25933398E+004  0.12446208E-001
  0.25950692E+004  0.12538373E-001
  0.25967998E+004  0.12631130E-001
  0.25985315E+004  0.12724482E-001
  0.26002643E+004  0.12818434E-001
  0.26019984E+004  0.12912987E-001
  0.26037336E+004  0.13008144E-001
  0.26054699E+004  0.13103910E-001
  0.26072074E+004  0.13200287E-001
  0.26089461E+004  0.13297278E-001
  0.26106859E+004  0.13394887E-001
  0.26124269E+004  0.13493117E-001
  0.26141690E+004  0.13591970E-001
  0.26159123E+004  0.13691451E-001
  0.26176568E+004  0.13791563E-001
  0.26194024E+004  0.13892308E-001
  0.26211492E+004  0.13993689E-001
  0.26228971E+004  0.14095712E-001
  0.26246463E+004  0.14198377E-001
  0.26263966E+004  0.14301690E-001
  0.26281480E+004  0.14405652E-001
  0.26299006E+004  0.14510269E-001
  0.26316544E+004  0.14615542E-001
  0.26334094E+004  0.14721475E-001
  0.26351655E+004  0.14828071E-001
  0.26369228E+004  0.14935335E-001
  0.26386813E+004  0.15043268E-001
  0.26404410E+004  0.15151876E-001
  0.26422018E+004  0.15261160E-001
  0.26439638E+004  0.15371125E-001
  0.26457269E+004  0.15481773E-001
  0.26474913E+004  0.15593109E-001
  0.26492568E+004  0.15705136E-001
  0.26510235E+004  0.15817857E-001
  0.26527914E+004  0.15931276E-001
  0.26545605E+004  0.16045396E-001
  0.26563307E+004  0.16160221E-001
  0.26581021E+004  0.16275754E-001
  0.26598747E+004  0.16391998E-001
  0.26616485E+004  0.16508958E-001
  0.26634235E+004  0.16626637E-001
  0.26651996E+004  0.16745038E-001
  0.26669769E+004  0.16864165E-001
  0.26687555E+004  0.16984022E-001
  0.26705352E+004  0.17104611E-001
  0.26723161E+004  0.17225938E-001
  0.26740981E+004  0.17348004E-001
  0.26758814E+004  0.17470815E-001
  0.26776659E+004  0.17594373E-001
  0.26794515E+004  0.17718683E-001
  0.26812383E+004  0.17843748E-001
  0.26830264E+004  0.17969571E-001
  0.26848156E+004  0.18096156E-001
  0.26866060E+004  0.18223507E-001
  0.26883976E+004  0.18351629E-001
  0.26901904E+004  0.18480523E-001
  0.26919844E+004  0.18610195E-001
  0.26937796E+004  0.18740647E-001
  0.26955760E+004  0.18871885E-001
  0.26973736E+004  0.19003910E-001
  0.26991724E+004  0.19136728E-001
  0.27009724E+004  0.19270342E-001
  0.27027736E+004  0.19404756E-001
  0.27045759E+004  0.19539973E-001
  0.27063795E+004  0.19675998E-001
  0.27081843E+004  0.19812834E-001
  0.27099903E+004  0.19950486E-001
  0.27117975E+004  0.20088956E-001
  0.27136059E+004  0.20228249E-001
  0.27154156E+004  0.20368369E-001
  0.27172264E+004  0.20509320E-001
  0.27190384E+004  0.20651106E-001
  0.27208516E+004  0.20793729E-001
  0.27226661E+004  0.20937196E-001
  0.27244817E+004  0.21081509E-001
  0.27262986E+004  0.21226672E-001
  0.27281167E+004  0.21372689E-001
  0.27299360E+004  0.21519565E-001
  0.27317565E+004  0.21667303E-001
  0.27335782E+004  0.21815908E-001
  0.27354011E+004  0.21965383E-001
  0.27372253E+004  0.22115732E-001
  0.27390506E+004  0.22266960E-001
  0.27408772E+004  0.22419070E-001
  0.27427050E+004  0.22572067E-001
  0.27445340E+004  0.22725954E-001
  0.27463643E+004  0.22880736E-001
  0.27481957E+004  0.23036417E-001
  0.27500284E+004  0.23193001E-001
  0.27518623E+004  0.23350491E-001
  0.27536974E+004  0.23508893E-001
  0.27555338E+004  0.23668211E-001
  0.27573714E+004  0.23828448E-001
  0.27592102E+004  0.23989608E-001
  0.27610502E+004  0.24151696E-001
  0.27628914E+004  0.24314717E-001
  0.27647339E+004  0.24478674E-001
  0.27665776E+004  0.24643571E-001
  0.27684226E+004  0.24809412E-001
  0.27702687E+004  0.24976203E-001
  0.27721161E+004  0.25143947E-001
  0.27739648E+004  0.25312649E-001
  0.27758146E+004  0.25482312E-001
  0.27776657E+004  0.25652941E-001
  0.27795181E+004  0.25824540E-001
  0.27813716E+004  0.25997114E-001
  0.27832264E+004  0.26170667E-001
  0.27850825E+004  0.26345204E-001
  0.27869398E+004  0.26520727E-001
  0.27887983E+004  0.26697243E-001
  0.27906580E+004  0.26874755E-001
  0.27925190E+004  0.27053268E-001
  0.27943813E+004  0.27232786E-001
  0.27962447E+004  0.27413314E-001
  0.27981095E+004  0.27594855E-001
  0.27999754E+004  0.27777415E-001
  0.28018426E+004  0.27960998E-001
  0.28037111E+004  0.28145608E-001
  0.28055808E+004  0.28331249E-001
  0.28074518E+004  0.28517927E-001
  0.28093239E+004  0.28705645E-001
  0.28111974E+004  0.28894409E-001
  0.28130721E+004  0.29084222E-001
  0.28149480E+004  0.29275089E-001
  0.28168252E+004  0.29467015E-001
  0.28187037E+004  0.29660004E-001
  0.28205834E+004  0.29854061E-001
  0.28224643E+004  0.30049190E-001
  0.28243465E+004  0.30245396E-001
  0.28262300E+004  0.30442684E-001
  0.28281147E+004  0.30641057E-001
  0.28300007E+004  0.30840522E-001
  0.28318879E+004  0.31041081E-001
  0.28337764E+004  0.31242740E-001
  0.28356662E+004  0.31445504E-001
  0.28375572E+004  0.31649378E-001
  0.28394495E+004  0.31854365E-001
  0.28413430E+004  0.32060470E-001
  0.28432378E+004  0.32267699E-001
  0.28451338E+004  0.32476055E-001
  0.28470312E+004  0.32685544E-001
  0.28489298E+004  0.32896171E-001
  0.28508296E+004  0.33107939E-001
  0.28527307E+004  0.33320855E-001
  0.28546331E+004  0.33534921E-001
  0.28565368E+004  0.33750144E-001
  0.28584417E+004  0.33966528E-001
  0.28603479E+004  0.34184078E-001
  0.28622554E+004  0.34402798E-001
  0.28641641E+004  0.34622694E-001
  0.28660741E+004  0.34843770E-001
  0.28679854E+004  0.35066031E-001
  0.28698980E+004  0.35289481E-001
  0.28718118E+004  0.35514127E-001
  0.28737270E+004  0.35739972E-001
  0.28756433E+004  0.35967021E-001
  0.28775610E+004  0.36195279E-001
  0.28794800E+004  0.36424752E-001
  0.28814002E+004  0.36655444E-001
  0.28833217E+004  0.36887359E-001
  0.28852445E+004  0.37120504E-001
  0.28871686E+004  0.37354882E-001
  0.28890939E+004  0.37590499E-001
  0.28910206E+004  0.37827359E-001
  0.28929485E+004  0.38065468E-001
  0.28948777E+004  0.38304831E-001
  0.28968082E+004  0.38545452E-001
  0.28987400E+004  0.38787336E-001
  0.29006731E+004  0.39030489E-001
  0.29026074E+004  0.39274916E-001
  0.29045431E+004  0.39520621E-001
  0.29064800E+004  0.39767610E-001
  0.29084183E+004  0.40015887E-001
  0.29103578E+004  0.40265457E-001
  0.29122986E+004  0.40516327E-001
  0.29142407E+004  0.40768500E-001
  0.29161841E+004  0.41021982E-001
  0.29181288E+004  0.41276777E-001
  0.29200748E+004  0.41532892E-001
  0.29220221E+004  0.41790331E-001
  0.29239707E+004  0.42049099E-001
  0.29259206E+004  0.42309201E-001
  0.29278718E+004  0.42570642E-001
  0.29298243E+004  0.42833428E-001
  0.29317781E+004  0.43097564E-001
  0.29337332E+004  0.43363055E-001
  0.29356897E+004  0.43629905E-001
  0.29376474E+004  0.43898121E-001
  0.29396064E+004  0.44167707E-001
  0.29415667E+004  0.44438669E-001
  0.29435283E+004  0.44711011E-001
  0.29454913E+004  0.44984740E-001
  0.29474555E+004  0.45259859E-001
  0.29494211E+004  0.45536375E-001
  0.29513880E+004  0.45814293E-001
  0.29533561E+004  0.46093617E-001
  0.29553256E+004  0.46374354E-001
  0.29572964E+004  0.46656508E-001
  0.29592686E+004  0.46940085E-001
  0.29612420E+004  0.47225089E-001
  0.29632168E+004  0.47511527E-001
  0.29651928E+004  0.47799404E-001
  0.29671702E+004  0.48088724E-001
  0.29691489E+004  0.48379494E-001
  0.29711290E+004  0.48671718E-001
  0.29731103E+004  0.48965402E-001
  0.29750930E+004  0.49260551E-001
  0.29770770E+004  0.49557170E-001
  0.29790623E+004  0.49855266E-001
  0.29810489E+004  0.50154842E-001
  0.29830369E+004  0.50455906E-001
  0.29850262E+004  0.50758461E-001
  0.29870168E+004  0.51062513E-001
  0.29890087E+004  0.51368069E-001
  0.29910020E+004  0.51675133E-001
  0.29929966E+004  0.51983710E-001
  0.29949925E+004  0.52293806E-001
  0.29969898E+004  0.52605427E-001
  0.29989884E+004  0.52918577E-001
  0.30009883E+004  0.53233263E-001
  0.30029896E+004  0.53549490E-001
  0.30049922E+004  0.53867263E-001
  0.30069961E+004  0.54186587E-001
  0.30090013E+004  0.54507469E-001
  0.30110079E+004  0.54829914E-001
  0.30130159E+004  0.55153926E-001
  0.30150252E+004  0.55479513E-001
  0.30170358E+004  0.55806678E-001
  0.30190477E+004  0.56135428E-001
  0.30210611E+004  0.56465768E-001
  0.30230757E+004  0.56797704E-001
  0.30250917E+004  0.57131241E-001
  0.30271090E+004  0.57466385E-001
  0.30291277E+004  0.57803142E-001
  0.30311477E+004  0.58141516E-001
  0.30331691E+004  0.58481513E-001
  0.30351918E+004  0.58823140E-001
  0.30372159E+004  0.59166401E-001
  0.30392413E+004  0.59511302E-001
  0.30412681E+004  0.59857849E-001
  0.30432962E+004  0.60206047E-001
  0.30453257E+004  0.60555903E-001
  0.30473565E+004  0.60907420E-001
  0.30493887E+004  0.61260606E-001
  0.30514222E+004  0.61615466E-001
  0.30534571E+004  0.61972005E-001
  0.30554933E+004  0.62330229E-001
  0.30575310E+004  0.62690143E-001
  0.30595699E+004  0.63051754E-001
  0.30616102E+004  0.63415067E-001
  0.30636519E+004  0.63780087E-001
  0.30656950E+004  0.64146821E-001
  0.30677394E+004  0.64515273E-001
  0.30697852E+004  0.64885451E-001
  0.30718323E+004  0.65257358E-001
  0.30738808E+004  0.65631001E-001
  0.30759307E+004  0.66006386E-001
  0.30779819E+004  0.66383518E-001
  0.30800345E+004  0.66762403E-001
  0.30820885E+004  0.67143047E-001
  0.30841438E+004  0.67525455E-001
  0.30862005E+004  0.67909633E-001
  0.30882586E+004  0.68295588E-001
  0.30903181E+004  0.68683323E-001
  0.30923789E+004  0.69072846E-001
  0.30944411E+004  0.69464162E-001
  0.30965047E+004  0.69857277E-001
  0.30985696E+004  0.70252196E-001
  0.31006360E+004  0.70648925E-001
  0.31027037E+004  0.71047471E-001
  0.31047728E+004  0.71447838E-001
  0.31068432E+004  0.71850033E-001
  0.31089151E+004  0.72254060E-001
  0.31109883E+004  0.72659927E-001
  0.31130629E+004  0.73067639E-001
  0.31151389E+004  0.73477201E-001
  0.31172163E+004  0.73888620E-001
  0.31192951E+004  0.74301900E-001
  0.31213752E+004  0.74717049E-001
  0.31234568E+004  0.75134071E-001
  0.31255397E+004  0.75552973E-001
  0.31276240E+004  0.75973760E-001
  0.31297097E+004  0.76396438E-001
  0.31317968E+004  0.76821013E-001
  0.31338853E+004  0.77247491E-001
  0.31359752E+004  0.77675877E-001
  0.31380665E+004  0.78106177E-001
  0.31401592E+004  0.78538398E-001
  0.31422532E+004  0.78972545E-001
  0.31443487E+004  0.79408623E-001
  0.31464456E+004  0.79846639E-001
  0.31485438E+004  0.80286598E-001
  0.31506435E+004  0.80728507E-001
  0.31527445E+004  0.81172371E-001
  0.31548470E+004  0.81618196E-001
  0.31569509E+004  0.82065987E-001
  0.31590561E+004  0.82515751E-001
  0.31611628E+004  0.82967494E-001
  0.31632709E+004  0.83421221E-001
  0.31653804E+004  0.83876938E-001
  0.31674912E+004  0.84334650E-001
  0.31696035E+004  0.84794365E-001
  0.31717172E+004  0.85256088E-001
  0.31738323E+004  0.85719824E-001
  0.31759489E+004  0.86185579E-001
  0.31780668E+004  0.86653360E-001
  0.31801862E+004  0.87123172E-001
  0.31823069E+004  0.87595021E-001
  0.31844291E+004  0.88068913E-001
  0.31865527E+004  0.88544853E-001
  0.31886777E+004  0.89022848E-001
  0.31908041E+004  0.89502904E-001
  0.31929319E+004  0.89985026E-001
  0.31950612E+004  0.90469220E-001
  0.31971919E+004  0.90955492E-001
  0.31993240E+004  0.91443848E-001
  0.32014575E+004  0.91934293E-001
  0.32035925E+004  0.92426835E-001
  0.32057288E+004  0.92921478E-001
  0.32078666E+004  0.93418228E-001
  0.32100058E+004  0.93917092E-001
  0.32121465E+004  0.94418075E-001
  0.32142886E+004  0.94921182E-001
  0.32164321E+004  0.95426421E-001
  0.32185770E+004  0.95933797E-001
  0.32207234E+004  0.96443315E-001
  0.32228711E+004  0.96954981E-001
  0.32250204E+004  0.97468802E-001
  0.32271710E+004  0.97984784E-001
  0.32293231E+004  0.98502931E-001
  0.32314767E+004  0.99023250E-001
  0.32336316E+004  0.99545748E-001
  0.32357880E+004  0.10007043E+000
  0.32379459E+004  0.10059730E+000
  0.32401051E+004  0.10112637E+000
  0.32422659E+004  0.10165763E+000
  0.32444280E+004  0.10219111E+000
  0.32465916E+004  0.10272679E+000
  0.32487567E+004  0.10326470E+000
  0.32509231E+004  0.10380483E+000
  0.32530911E+004  0.10434719E+000
  0.32552605E+004  0.10489179E+000
  0.32574313E+004  0.10543863E+000
  0.32596036E+004  0.10598772E+000
  0.32617773E+004  0.10653907E+000
  0.32639524E+004  0.10709267E+000
  0.32661291E+004  0.10764854E+000
  0.32683071E+004  0.10820668E+000
  0.32704867E+004  0.10876709E+000
  0.32726676E+004  0.10932980E+000
  0.32748501E+004  0.10989479E+000
  0.32770340E+004  0.11046207E+000
  0.32792193E+004  0.11103166E+000
  0.32814061E+004  0.11160355E+000
  0.32835944E+004  0.11217775E+000
  0.32857841E+004  0.11275428E+000
  0.32879753E+004  0.11333312E+000
  0.32901679E+004  0.11391430E+000
  0.32923620E+004  0.11449781E+000
  0.32945576E+004  0.11508367E+000
  0.32967546E+004  0.11567187E+000
  0.32989531E+004  0.11626242E+000
  0.33011531E+004  0.11685534E+000
  0.33033545E+004  0.11745061E+000
  0.33055574E+004  0.11804826E+000
  0.33077618E+004  0.11864829E+000
  0.33099676E+004  0.11925070E+000
  0.33121749E+004  0.11985549E+000
  0.33143837E+004  0.12046268E+000
  0.33165939E+004  0.12107227E+000
  0.33188057E+004  0.12168426E+000
  0.33210189E+004  0.12229866E+000
  0.33232335E+004  0.12291548E+000
  0.33254497E+004  0.12353473E+000
  0.33276673E+004  0.12415640E+000
  0.33298864E+004  0.12478050E+000
  0.33321070E+004  0.12540705E+000
  0.33343291E+004  0.12603604E+000
  0.33365527E+004  0.12666748E+000
  0.33387777E+004  0.12730138E+000
  0.33410042E+004  0.12793774E+000
  0.33432322E+004  0.12857657E+000
  0.33454617E+004  0.12921787E+000
  0.33476927E+004  0.12986165E+000
  0.33499251E+004  0.13050792E+000
  0.33521591E+004  0.13115668E+000
  0.33543945E+004  0.13180793E+000
  0.33566315E+004  0.13246169E+000
  0.33588699E+004  0.13311796E+000
  0.33611098E+004  0.13377673E+000
  0.33633512E+004  0.13443803E+000
  0.33655941E+004  0.13510186E+000
  0.33678385E+004  0.13576821E+000
  0.33700844E+004  0.13643710E+000
  0.33723318E+004  0.13710853E+000
  0.33745807E+004  0.13778251E+000
  0.33768311E+004  0.13845905E+000
  0.33790830E+004  0.13913814E+000
  0.33813364E+004  0.13981979E+000
  0.33835913E+004  0.14050402E+000
  0.33858477E+004  0.14119082E+000
  0.33881056E+004  0.14188020E+000
  0.33903651E+004  0.14257217E+000
  0.33926260E+004  0.14326673E+000
  0.33948884E+004  0.14396389E+000
  0.33971523E+004  0.14466365E+000
  0.33994178E+004  0.14536602E+000
  0.34016847E+004  0.14607100E+000
  0.34039532E+004  0.14677861E+000
  0.34062232E+004  0.14748884E+000
  0.34084947E+004  0.14820170E+000
  0.34107677E+004  0.14891719E+000
  0.34130422E+004  0.14963533E+000
  0.34153183E+004  0.15035611E+000
  0.34175958E+004  0.15107955E+000
  0.34198749E+004  0.15180565E+000
  0.34221555E+004  0.15253441E+000
  0.34244376E+004  0.15326584E+000
  0.34267213E+004  0.15399994E+000
  0.34290065E+004  0.15473672E+000
  0.34312931E+004  0.15547619E+000
  0.34335814E+004  0.15621835E+000
  0.34358711E+004  0.15696320E+000
  0.34381624E+004  0.15771075E+000
  0.34404552E+004  0.15846102E+000
  0.34427495E+004  0.15921399E+000
  0.34450453E+004  0.15996968E+000
  0.34473427E+004  0.16072809E+000
  0.34496416E+004  0.16148924E+000
  0.34519421E+004  0.16225311E+000
  0.34542441E+004  0.16301972E+000
  0.34565476E+004  0.16378908E+000
  0.34588527E+004  0.16456119E+000
  0.34611593E+004  0.16533605E+000
  0.34634674E+004  0.16611367E+000
  0.34657771E+004  0.16689405E+000
  0.34680883E+004  0.16767721E+000
  0.34704010E+004  0.16846314E+000
  0.34727153E+004  0.16925185E+000
  0.34750312E+004  0.17004334E+000
  0.34773485E+004  0.17083763E+000
  0.34796675E+004  0.17163471E+000
  0.34819879E+004  0.17243460E+000
  0.34843100E+004  0.17323729E+000
  0.34866335E+004  0.17404279E+000
  0.34889587E+004  0.17485111E+000
  0.34912853E+004  0.17566225E+000
  0.34936135E+004  0.17647621E+000
  0.34959433E+004  0.17729301E+000
  0.34982746E+004  0.17811265E+000
  0.35006075E+004  0.17893512E+000
  0.35029420E+004  0.17976045E+000
  0.35052780E+004  0.18058862E+000
  0.35076155E+004  0.18141965E+000
  0.35099546E+004  0.18225355E+000
  0.35122953E+004  0.18309031E+000
  0.35146375E+004  0.18392994E+000
  0.35169813E+004  0.18477245E+000
  0.35193267E+004  0.18561784E+000
  0.35216736E+004  0.18646612E+000
  0.35240221E+004  0.18731729E+000
  0.35263721E+004  0.18817135E+000
  0.35287238E+004  0.18902832E+000
  0.35310770E+004  0.18988819E+000
  0.35334317E+004  0.19075097E+000
  0.35357880E+004  0.19161667E+000
  0.35381459E+004  0.19248529E+000
  0.35405054E+004  0.19335684E+000
  0.35428665E+004  0.19423131E+000
  0.35452291E+004  0.19510872E+000
  0.35475933E+004  0.19598907E+000
  0.35499590E+004  0.19687237E+000
  0.35523264E+004  0.19775861E+000
  0.35546953E+004  0.19864781E+000
  0.35570658E+004  0.19953996E+000
  0.35594379E+004  0.20043508E+000
  0.35618116E+004  0.20133316E+000
  0.35641868E+004  0.20223422E+000
  0.35665637E+004  0.20313826E+000
  0.35689421E+004  0.20404527E+000
  0.35713221E+004  0.20495528E+000
  0.35737037E+004  0.20586827E+000
  0.35760869E+004  0.20678426E+000
  0.35784717E+004  0.20770325E+000
  0.35808580E+004  0.20862524E+000
  0.35832460E+004  0.20955024E+000
  0.35856355E+004  0.21047826E+000
  0.35880267E+004  0.21140929E+000
  0.35904194E+004  0.21234335E+000
  0.35928137E+004  0.21328043E+000
  0.35952097E+004  0.21422054E+000
  0.35976072E+004  0.21516369E+000
  0.36000063E+004  0.21610988E+000
  0.36024070E+004  0.21705911E+000
  0.36048094E+004  0.21801139E+000
  0.36072133E+004  0.21896672E+000
  0.36096188E+004  0.21992511E+000
  0.36120260E+004  0.22088657E+000
  0.36144347E+004  0.22185108E+000
  0.36168450E+004  0.22281867E+000
  0.36192570E+004  0.22378933E+000
  0.36216706E+004  0.22476307E+000
  0.36240857E+004  0.22573989E+000
  0.36265025E+004  0.22671980E+000
  0.36289209E+004  0.22770280E+000
  0.36313409E+004  0.22868889E+000
  0.36337625E+004  0.22967809E+000
  0.36361858E+004  0.23067038E+000
  0.36386106E+004  0.23166579E+000
  0.36410371E+004  0.23266430E+000
  0.36434652E+004  0.23366593E+000
  0.36458949E+004  0.23467068E+000
  0.36483262E+004  0.23567855E+000
  0.36507592E+004  0.23668955E+000
  0.36531937E+004  0.23770368E+000
  0.36556299E+004  0.23872094E+000
  0.36580677E+004  0.23974134E+000
  0.36605072E+004  0.24076489E+000
  0.36629483E+004  0.24179158E+000
  0.36653909E+004  0.24282142E+000
  0.36678353E+004  0.24385442E+000
  0.36702812E+004  0.24489057E+000
  0.36727288E+004  0.24592989E+000
  0.36751780E+004  0.24697237E+000
  0.36776289E+004  0.24801802E+000
  0.36800814E+004  0.24906684E+000
  0.36825355E+004  0.25011884E+000
  0.36849913E+004  0.25117402E+000
  0.36874487E+004  0.25223239E+000
  0.36899077E+004  0.25329394E+000
  0.36923684E+004  0.25435868E+000
  0.36948307E+004  0.25542661E+000
  0.36972947E+004  0.25649775E+000
  0.36997603E+004  0.25757208E+000
  0.37022275E+004  0.25864962E+000
  0.37046964E+004  0.25973037E+000
  0.37071669E+004  0.26081434E+000
  0.37096391E+004  0.26190151E+000
  0.37121130E+004  0.26299191E+000
  0.37145884E+004  0.26408552E+000
  0.37170656E+004  0.26518237E+000
  0.37195444E+004  0.26628244E+000
  0.37220248E+004  0.26738574E+000
  0.37245069E+004  0.26849228E+000
  0.37269906E+004  0.26960206E+000
  0.37294761E+004  0.27071508E+000
  0.37319631E+004  0.27183134E+000
  0.37344518E+004  0.27295085E+000
  0.37369422E+004  0.27407362E+000
  0.37394343E+004  0.27519964E+000
  0.37419280E+004  0.27632891E+000
  0.37444233E+004  0.27746145E+000
  0.37469204E+004  0.27859725E+000
  0.37494191E+004  0.27973631E+000
  0.37519194E+004  0.28087865E+000
  0.37544215E+004  0.28202426E+000
  0.37569252E+004  0.28317315E+000
  0.37594305E+004  0.28432531E+000
  0.37619376E+004  0.28548075E+000
  0.37644463E+004  0.28663948E+000
  0.37669567E+004  0.28780150E+000
  0.37694687E+004  0.28896681E+000
  0.37719824E+004  0.29013540E+000
  0.37744979E+004  0.29130730E+000
  0.37770149E+004  0.29248249E+000
  0.37795337E+004  0.29366099E+000
  0.37820542E+004  0.29484278E+000
  0.37845763E+004  0.29602789E+000
  0.37871001E+004  0.29721630E+000
  0.37896256E+004  0.29840802E+000
  0.37921528E+004  0.29960306E+000
  0.37946816E+004  0.30080142E+000
  0.37972122E+004  0.30200309E+000
  0.37997444E+004  0.30320809E+000
  0.38022783E+004  0.30441641E+000
  0.38048139E+004  0.30562806E+000
  0.38073512E+004  0.30684303E+000
  0.38098902E+004  0.30806134E+000
  0.38124309E+004  0.30928298E+000
  0.38149733E+004  0.31050796E+000
  0.38175174E+004  0.31173627E+000
  0.38200632E+004  0.31296793E+000
  0.38226106E+004  0.31420293E+000
  0.38251598E+004  0.31544127E+000
  0.38277107E+004  0.31668296E+000
  0.38302632E+004  0.31792801E+000
  0.38328175E+004  0.31917640E+000
  0.38353735E+004  0.32042814E+000
  0.38379312E+004  0.32168325E+000
  0.38404906E+004  0.32294171E+000
  0.38430517E+004  0.32420353E+000
  0.38456145E+004  0.32546871E+000
  0.38481790E+004  0.32673725E+000
  0.38507452E+004  0.32800916E+000
  0.38533131E+004  0.32928444E+000
  0.38558828E+004  0.33056309E+000
  0.38584541E+004  0.33184511E+000
  0.38610272E+004  0.33313050E+000
  0.38636020E+004  0.33441927E+000
  0.38661785E+004  0.33571141E+000
  0.38687567E+004  0.33700693E+000
  0.38713367E+004  0.33830583E+000
  0.38739184E+004  0.33960812E+000
  0.38765017E+004  0.34091378E+000
  0.38790869E+004  0.34222284E+000
  0.38816737E+004  0.34353527E+000
  0.38842622E+004  0.34485110E+000
  0.38868525E+004  0.34617031E+000
  0.38894445E+004  0.34749292E+000
  0.38920383E+004  0.34881892E+000
  0.38946338E+004  0.35014831E+000
  0.38972310E+004  0.35148110E+000
  0.38998299E+004  0.35281728E+000
  0.39024306E+004  0.35415686E+000
  0.39050330E+004  0.35549985E+000
  0.39076371E+004  0.35684623E+000
  0.39102430E+004  0.35819601E+000
  0.39128506E+004  0.35954919E+000
  0.39154599E+004  0.36090578E+000
  0.39180710E+004  0.36226578E+000
  0.39206838E+004  0.36362918E+000
  0.39232984E+004  0.36499598E+000
  0.39259147E+004  0.36636620E+000
  0.39285328E+004  0.36773982E+000
  0.39311526E+004  0.36911686E+000
  0.39337742E+004  0.37049730E+000
  0.39363975E+004  0.37188116E+000
  0.39390225E+004  0.37326843E+000
  0.39416493E+004  0.37465912E+000
  0.39442779E+004  0.37605322E+000
  0.39469082E+004  0.37745073E+000
  0.39495402E+004  0.37885166E+000
  0.39521741E+004  0.38025601E+000
  0.39548096E+004  0.38166377E+000
  0.39574470E+004  0.38307495E+000
  0.39600861E+004  0.38448955E+000
  0.39627269E+004  0.38590757E+000
  0.39653695E+004  0.38732901E+000
  0.39680139E+004  0.38875387E+000
  0.39706600E+004  0.39018215E+000
  0.39733079E+004  0.39161385E+000
  0.39759576E+004  0.39304897E+000
  0.39786090E+004  0.39448751E+000
  0.39812622E+004  0.39592948E+000
  0.39839172E+004  0.39737487E+000
  0.39865739E+004  0.39882368E+000
  0.39892325E+004  0.40027591E+000
  0.39918927E+004  0.40173157E+000
  0.39945548E+004  0.40319065E+000
  0.39972186E+004  0.40465315E+000
  0.39998842E+004  0.40611908E+000
  0.40025516E+004  0.40758843E+000
  0.40052208E+004  0.40906121E+000
  0.40078918E+004  0.41053740E+000
  0.40105645E+004  0.41201702E+000
  0.40132390E+004  0.41350007E+000
  0.40159153E+004  0.41498654E+000
  0.40185934E+004  0.41647643E+000
  0.40212732E+004  0.41796974E+000
  0.40239549E+004  0.41946648E+000
  0.40266383E+004  0.42096664E+000
  0.40293236E+004  0.42247022E+000
  0.40320106E+004  0.42397722E+000
  0.40346994E+004  0.42548765E+000
  0.40373900E+004  0.42700149E+000
  0.40400824E+004  0.42851876E+000
  0.40427766E+004  0.43003945E+000
  0.40454726E+004  0.43156355E+000
  0.40481704E+004  0.43309108E+000
  0.40508700E+004  0.43462202E+000
  0.40535714E+004  0.43615639E+000
  0.40562746E+004  0.43769417E+000
  0.40589796E+004  0.43923536E+000
  0.40616864E+004  0.44077997E+000
  0.40643950E+004  0.44232800E+000
  0.40671054E+004  0.44387944E+000
  0.40698176E+004  0.44543430E+000
  0.40725316E+004  0.44699257E+000
  0.40752474E+004  0.44855424E+000
  0.40779651E+004  0.45011933E+000
  0.40806846E+004  0.45168783E+000
  0.40834058E+004  0.45325974E+000
  0.40861289E+004  0.45483506E+000
  0.40888538E+004  0.45641378E+000
  0.40915805E+004  0.45799591E+000
  0.40943091E+004  0.45958145E+000
  0.40970394E+004  0.46117038E+000
  0.40997716E+004  0.46276272E+000
  0.41025056E+004  0.46435846E+000
  0.41052414E+004  0.46595760E+000
  0.41079791E+004  0.46756013E+000
  0.41107186E+004  0.46916607E+000
  0.41134599E+004  0.47077540E+000
  0.41162030E+004  0.47238812E+000
  0.41189479E+004  0.47400423E+000
  0.41216947E+004  0.47562374E+000
  0.41244434E+004  0.47724663E+000
  0.41271938E+004  0.47887292E+000
  0.41299461E+004  0.48050258E+000
  0.41327002E+004  0.48213564E+000
  0.41354562E+004  0.48377207E+000
  0.41382140E+004  0.48541189E+000
  0.41409736E+004  0.48705508E+000
  0.41437351E+004  0.48870166E+000
  0.41464984E+004  0.49035160E+000
  0.41492636E+004  0.49200493E+000
  0.41520306E+004  0.49366162E+000
  0.41547994E+004  0.49532168E+000
  0.41575701E+004  0.49698511E+000
  0.41603427E+004  0.49865190E+000
  0.41631171E+004  0.50032206E+000
  0.41658933E+004  0.50199558E+000
  0.41686714E+004  0.50367246E+000
  0.41714514E+004  0.50535270E+000
  0.41742332E+004  0.50703629E+000
  0.41770168E+004  0.50872323E+000
  0.41798023E+004  0.51041352E+000
  0.41825897E+004  0.51210716E+000
  0.41853789E+004  0.51380415E+000
  0.41881700E+004  0.51550447E+000
  0.41909630E+004  0.51720814E+000
  0.41937578E+004  0.51891515E+000
  0.41965545E+004  0.52062549E+000
  0.41993530E+004  0.52233916E+000
  0.42021534E+004  0.52405617E+000
  0.42049557E+004  0.52577650E+000
  0.42077598E+004  0.52750016E+000
  0.42105659E+004  0.52922713E+000
  0.42133737E+004  0.53095743E+000
  0.42161835E+004  0.53269104E+000
  0.42189951E+004  0.53442797E+000
  0.42218086E+004  0.53616821E+000
  0.42246240E+004  0.53791175E+000
  0.42274413E+004  0.53965860E+000
  0.42302604E+004  0.54140875E+000
  0.42330814E+004  0.54316220E+000
  0.42359043E+004  0.54491895E+000
  0.42387291E+004  0.54667899E+000
  0.42415558E+004  0.54844231E+000
  0.42443843E+004  0.55020892E+000
  0.42472148E+004  0.55197882E+000
  0.42500471E+004  0.55375199E+000
  0.42528813E+004  0.55552844E+000
  0.42557174E+004  0.55730817E+000
  0.42585554E+004  0.55909116E+000
  0.42613953E+004  0.56087742E+000
  0.42642371E+004  0.56266694E+000
  0.42670808E+004  0.56445972E+000
  0.42699263E+004  0.56625575E+000
  0.42727738E+004  0.56805504E+000
  0.42756232E+004  0.56985757E+000
  0.42784745E+004  0.57166335E+000
  0.42813276E+004  0.57347237E+000
  0.42841827E+004  0.57528463E+000
  0.42870397E+004  0.57710012E+000
  0.42898986E+004  0.57891884E+000
  0.42927594E+004  0.58074078E+000
  0.42956221E+004  0.58256594E+000
  0.42984867E+004  0.58439433E+000
  0.43013532E+004  0.58622592E+000
  0.43042216E+004  0.58806073E+000
  0.43070920E+004  0.58989874E+000
  0.43099642E+004  0.59173995E+000
  0.43128384E+004  0.59358436E+000
  0.43157145E+004  0.59543196E+000
  0.43185925E+004  0.59728275E+000
  0.43214724E+004  0.59913673E+000
  0.43243543E+004  0.60099388E+000
  0.43272380E+004  0.60285421E+000
  0.43301237E+004  0.60471772E+000
  0.43330113E+004  0.60658439E+000
  0.43359009E+004  0.60845422E+000
  0.43387923E+004  0.61032721E+000
  0.43416857E+004  0.61220335E+000
  0.43445811E+004  0.61408264E+000
  0.43474783E+004  0.61596508E+000
  0.43503775E+004  0.61785065E+000
  0.43532786E+004  0.61973936E+000
  0.43561817E+004  0.62163120E+000
  0.43590867E+004  0.62352617E+000
  0.43619936E+004  0.62542426E+000
  0.43649025E+004  0.62732546E+000
  0.43678133E+004  0.62922977E+000
  0.43707260E+004  0.63113719E+000
  0.43736407E+004  0.63304771E+000
  0.43765574E+004  0.63496132E+000
  0.43794759E+004  0.63687803E+000
  0.43823965E+004  0.63879782E+000
  0.43853189E+004  0.64072069E+000
  0.43882434E+004  0.64264664E+000
  0.43911697E+004  0.64457565E+000
  0.43940981E+004  0.64650773E+000
  0.43970283E+004  0.64844287E+000
  0.43999606E+004  0.65038107E+000
  0.44028948E+004  0.65232231E+000
  0.44058309E+004  0.65426660E+000
  0.44087690E+004  0.65621393E+000
  0.44117091E+004  0.65816428E+000
  0.44146511E+004  0.66011767E+000
  0.44175951E+004  0.66207407E+000
  0.44205410E+004  0.66403350E+000
  0.44234889E+004  0.66599593E+000
  0.44264388E+004  0.66796136E+000
  0.44293906E+004  0.66992980E+000
  0.44323445E+004  0.67190122E+000
  0.44353002E+004  0.67387564E+000
  0.44382580E+004  0.67585303E+000
  0.44412177E+004  0.67783341E+000
  0.44441794E+004  0.67981675E+000
  0.44471431E+004  0.68180305E+000
  0.44501088E+004  0.68379231E+000
  0.44530764E+004  0.68578452E+000
  0.44560460E+004  0.68777968E+000
  0.44590176E+004  0.68977778E+000
  0.44619911E+004  0.69177881E+000
  0.44649667E+004  0.69378277E+000
  0.44679442E+004  0.69578965E+000
  0.44709238E+004  0.69779944E+000
  0.44739053E+004  0.69981214E+000
  0.44768888E+004  0.70182774E+000
  0.44798743E+004  0.70384624E+000
  0.44828617E+004  0.70586762E+000
  0.44858512E+004  0.70789189E+000
  0.44888427E+004  0.70991903E+000
  0.44918361E+004  0.71194905E+000
  0.44948316E+004  0.71398192E+000
  0.44978290E+004  0.71601766E+000
  0.45008285E+004  0.71805624E+000
  0.45038299E+004  0.72009766E+000
  0.45068334E+004  0.72214192E+000
  0.45098389E+004  0.72418901E+000
  0.45128463E+004  0.72623892E+000
  0.45158558E+004  0.72829165E+000
  0.45188673E+004  0.73034719E+000
  0.45218807E+004  0.73240553E+000
  0.45248962E+004  0.73446666E+000
  0.45279137E+004  0.73653058E+000
  0.45309333E+004  0.73859728E+000
  0.45339548E+004  0.74066676E+000
  0.45369783E+004  0.74273900E+000
  0.45400039E+004  0.74481400E+000
  0.45430315E+004  0.74689175E+000
  0.45460611E+004  0.74897225E+000
  0.45490927E+004  0.75105548E+000
  0.45521263E+004  0.75314145E+000
  0.45551620E+004  0.75523014E+000
  0.45581997E+004  0.75732154E+000
  0.45612394E+004  0.75941565E+000
  0.45642811E+004  0.76151247E+000
  0.45673249E+004  0.76361197E+000
  0.45703707E+004  0.76571416E+000
  0.45734185E+004  0.76781903E+000
  0.45764684E+004  0.76992657E+000
  0.45795203E+004  0.77203678E+000
  0.45825742E+004  0.77414963E+000
  0.45856302E+004  0.77626514E+000
  0.45886882E+004  0.77838328E+000
  0.45917482E+004  0.78050406E+000
  0.45948103E+004  0.78262746E+000
  0.45978744E+004  0.78475348E+000
  0.46009406E+004  0.78688210E+000
  0.46040088E+004  0.78901333E+000
  0.46070791E+004  0.79114714E+000
  0.46101514E+004  0.79328354E+000
  0.46132257E+004  0.79542252E+000
  0.46163021E+004  0.79756407E+000
  0.46193806E+004  0.79970817E+000
  0.46224611E+004  0.80185483E+000
  0.46255437E+004  0.80400403E+000
  0.46286283E+004  0.80615576E+000
  0.46317150E+004  0.80831003E+000
  0.46348037E+004  0.81046681E+000
  0.46378945E+004  0.81262610E+000
  0.46409873E+004  0.81478789E+000
  0.46440823E+004  0.81695218E+000
  0.46471793E+004  0.81911895E+000
  0.46502783E+004  0.82128820E+000
  0.46533794E+004  0.82345992E+000
  0.46564826E+004  0.82563409E+000
  0.46595879E+004  0.82781072E+000
  0.46626952E+004  0.82998979E+000
  0.46658046E+004  0.83217129E+000
  0.46689160E+004  0.83435521E+000
  0.46720296E+004  0.83654156E+000
  0.46751452E+004  0.83873031E+000
  0.46782629E+004  0.84092146E+000
  0.46813827E+004  0.84311499E+000
  0.46845045E+004  0.84531091E+000
  0.46876285E+004  0.84750920E+000
  0.46907545E+004  0.84970985E+000
  0.46938826E+004  0.85191286E+000
  0.46970128E+004  0.85411821E+000
  0.47001451E+004  0.85632590E+000
  0.47032795E+004  0.85853591E+000
  0.47064159E+004  0.86074824E+000
  0.47095545E+004  0.86296288E+000
  0.47126951E+004  0.86517982E+000
  0.47158379E+004  0.86739905E+000
  0.47189827E+004  0.86962056E+000
  0.47221296E+004  0.87184433E+000
  0.47252787E+004  0.87407038E+000
  0.47284298E+004  0.87629867E+000
  0.47315830E+004  0.87852920E+000
  0.47347384E+004  0.88076197E+000
  0.47378958E+004  0.88299697E+000
  0.47410553E+004  0.88523418E+000
  0.47442170E+004  0.88747359E+000
  0.47473808E+004  0.88971520E+000
  0.47505466E+004  0.89195899E+000
  0.47537146E+004  0.89420496E+000
  0.47568847E+004  0.89645310E+000
  0.47600569E+004  0.89870339E+000
  0.47632312E+004  0.90095584E+000
  0.47664077E+004  0.90321041E+000
  0.47695862E+004  0.90546712E+000
  0.47727669E+004  0.90772594E+000
  0.47759497E+004  0.90998687E+000
  0.47791346E+004  0.91224990E+000
  0.47823217E+004  0.91451502E+000
  0.47855108E+004  0.91678221E+000
  0.47887021E+004  0.91905147E+000
  0.47918956E+004  0.92132279E+000
  0.47950911E+004  0.92359615E+000
  0.47982888E+004  0.92587156E+000
  0.48014886E+004  0.92814899E+000
  0.48046906E+004  0.93042844E+000
  0.48078947E+004  0.93270989E+000
  0.48111009E+004  0.93499334E+000
  0.48143093E+004  0.93727878E+000
  0.48175198E+004  0.93956620E+000
  0.48207324E+004  0.94185558E+000
  0.48239472E+004  0.94414691E+000
  0.48271641E+004  0.94644019E+000
  0.48303832E+004  0.94873541E+000
  0.48336044E+004  0.95103255E+000
  0.48368278E+004  0.95333160E+000
  0.48400533E+004  0.95563255E+000
  0.48432810E+004  0.95793540E+000
  0.48465108E+004  0.96024013E+000
  0.48497428E+004  0.96254673E+000
  0.48529769E+004  0.96485519E+000
  0.48562132E+004  0.96716550E+000
  0.48594516E+004  0.96947766E+000
  0.48626922E+004  0.97179163E+000
  0.48659350E+004  0.97410743E+000
  0.48691799E+004  0.97642503E+000
  0.48724270E+004  0.97874443E+000
  0.48756763E+004  0.98106562E+000
  0.48789277E+004  0.98338858E+000
  0.48821813E+004  0.98571330E+000
  0.48854371E+004  0.98803978E+000
  0.48886950E+004  0.99036799E+000
  0.48919551E+004  0.99269794E+000
  0.48952174E+004  0.99502960E+000
  0.48984819E+004  0.99736298E+000
  0.49017485E+004  0.99969805E+000
  0.49050173E+004  0.10020348E+001
  0.49082883E+004  0.10043732E+001
  0.49115615E+004  0.10067133E+001
  0.49148368E+004  0.10090551E+001
  0.49181144E+004  0.10113985E+001
  0.49213941E+004  0.10137435E+001
  0.49246760E+004  0.10160901E+001
  0.49279601E+004  0.10184384E+001
  0.49312464E+004  0.10207882E+001
  0.49345349E+004  0.10231396E+001
  0.49378256E+004  0.10254926E+001
  0.49411184E+004  0.10278472E+001
  0.49444135E+004  0.10302033E+001
  0.49477108E+004  0.10325610E+001
  0.49510102E+004  0.10349201E+001
  0.49543119E+004  0.10372808E+001
  0.49576158E+004  0.10396430E+001
  0.49609218E+004  0.10420067E+001
  0.49642301E+004  0.10443719E+001
  0.49675406E+004  0.10467385E+001
  0.49708533E+004  0.10491066E+001
  0.49741682E+004  0.10514762E+001
  0.49774853E+004  0.10538471E+001
  0.49808046E+004  0.10562195E+001
  0.49841261E+004  0.10585934E+001
  0.49874499E+004  0.10609686E+001
  0.49907759E+004  0.10633452E+001
  0.49941040E+004  0.10657231E+001
  0.49974344E+004  0.10681025E+001
  0.50007671E+004  0.10704831E+001
  0.50041019E+004  0.10728652E+001
  0.50074390E+004  0.10752485E+001
  0.50107783E+004  0.10776332E+001
  0.50141198E+004  0.10800192E+001
  0.50174635E+004  0.10824064E+001
  0.50208095E+004  0.10847950E+001
  0.50241577E+004  0.10871848E+001
  0.50275082E+004  0.10895758E+001
  0.50308608E+004  0.10919681E+001
  0.50342158E+004  0.10943617E+001
  0.50375729E+004  0.10967564E+001
  0.50409323E+004  0.10991524E+001
  0.50442939E+004  0.11015495E+001
  0.50476578E+004  0.11039479E+001
  0.50510239E+004  0.11063474E+001
  0.50543923E+004  0.11087480E+001
  0.50577629E+004  0.11111498E+001
  0.50611357E+004  0.11135528E+001
  0.50645108E+004  0.11159568E+001
  0.50678882E+004  0.11183620E+001
  0.50712678E+004  0.11207683E+001
  0.50746497E+004  0.11231756E+001
  0.50780338E+004  0.11255840E+001
  0.50814201E+004  0.11279935E+001
  0.50848088E+004  0.11304040E+001
  0.50881997E+004  0.11328156E+001
  0.50915928E+004  0.11352281E+001
  0.50949882E+004  0.11376417E+001
  0.50983859E+004  0.11400563E+001
  0.51017859E+004  0.11424718E+001
  0.51051881E+004  0.11448883E+001
  0.51085925E+004  0.11473058E+001
  0.51119993E+004  0.11497242E+001
  0.51154083E+004  0.11521436E+001
  0.51188196E+004  0.11545639E+001
  0.51222332E+004  0.11569851E+001
  0.51256490E+004  0.11594071E+001
  0.51290672E+004  0.11618301E+001
  0.51324876E+004  0.11642539E+001
  0.51359102E+004  0.11666786E+001
  0.51393352E+004  0.11691041E+001
  0.51427625E+004  0.11715305E+001
  0.51461920E+004  0.11739576E+001
  0.51496238E+004  0.11763856E+001
  0.51530579E+004  0.11788143E+001
  0.51564943E+004  0.11812439E+001
  0.51599330E+004  0.11836742E+001
  0.51633740E+004  0.11861052E+001
  0.51668173E+004  0.11885370E+001
  0.51702629E+004  0.11909695E+001
  0.51737108E+004  0.11934028E+001
  0.51771609E+004  0.11958367E+001
  0.51806134E+004  0.11982713E+001
  0.51840682E+004  0.12007066E+001
  0.51875253E+004  0.12031425E+001
  0.51909847E+004  0.12055791E+001
  0.51944464E+004  0.12080164E+001
  0.51979104E+004  0.12104542E+001
  0.52013767E+004  0.12128927E+001
  0.52048453E+004  0.12153317E+001
  0.52083162E+004  0.12177713E+001
  0.52117895E+004  0.12202115E+001
  0.52152651E+004  0.12226523E+001
  0.52187429E+004  0.12250936E+001
  0.52222231E+004  0.12275354E+001
  0.52257057E+004  0.12299777E+001
  0.52291905E+004  0.12324206E+001
  0.52326777E+004  0.12348639E+001
  0.52361672E+004  0.12373077E+001
  0.52396590E+004  0.12397520E+001
  0.52431532E+004  0.12421967E+001
  0.52466497E+004  0.12446418E+001
  0.52501485E+004  0.12470874E+001
  0.52536496E+004  0.12495333E+001
  0.52571531E+004  0.12519797E+001
  0.52606589E+004  0.12544265E+001
  0.52641671E+004  0.12568736E+001
  0.52676776E+004  0.12593210E+001
  0.52711904E+004  0.12617688E+001
  0.52747056E+004  0.12642170E+001
  0.52782231E+004  0.12666654E+001
  0.52817430E+004  0.12691142E+001
  0.52852652E+004  0.12715632E+001
  0.52887898E+004  0.12740125E+001
  0.52923167E+004  0.12764621E+001
  0.52958460E+004  0.12789119E+001
  0.52993776E+004  0.12813619E+001
  0.53029116E+004  0.12838122E+001
  0.53064479E+004  0.12862626E+001
  0.53099866E+004  0.12887133E+001
  0.53135277E+004  0.12911641E+001
  0.53170711E+004  0.12936151E+001
  0.53206168E+004  0.12960662E+001
  0.53241650E+004  0.12985175E+001
  0.53277155E+004  0.13009689E+001
  0.53312684E+004  0.13034204E+001
  0.53348236E+004  0.13058720E+001
  0.53383812E+004  0.13083237E+001
  0.53419412E+004  0.13107755E+001
  0.53455036E+004  0.13132273E+001
  0.53490683E+004  0.13156791E+001
  0.53526354E+004  0.13181310E+001
  0.53562049E+004  0.13205829E+001
  0.53597768E+004  0.13230347E+001
  0.53633511E+004  0.13254866E+001
  0.53669277E+004  0.13279384E+001
  0.53705067E+004  0.13303902E+001
  0.53740881E+004  0.13328420E+001
  0.53776719E+004  0.13352936E+001
  0.53812581E+004  0.13377452E+001
  0.53848467E+004  0.13401967E+001
  0.53884377E+004  0.13426481E+001
  0.53920311E+004  0.13450993E+001
  0.53956268E+004  0.13475504E+001
  0.53992250E+004  0.13500013E+001
  0.54028256E+004  0.13524521E+001
  0.54064285E+004  0.13549027E+001
  0.54100339E+004  0.13573531E+001
  0.54136417E+004  0.13598033E+001
  0.54172518E+004  0.13622533E+001
  0.54208644E+004  0.13647030E+001
  0.54244794E+004  0.13671525E+001
  0.54280968E+004  0.13696017E+001
  0.54317166E+004  0.13720506E+001
  0.54353389E+004  0.13744992E+001
  0.54389635E+004  0.13769476E+001
  0.54425906E+004  0.13793956E+001
  0.54462201E+004  0.13818432E+001
  0.54498520E+004  0.13842905E+001
  0.54534863E+004  0.13867375E+001
  0.54571230E+004  0.13891841E+001
  0.54607622E+004  0.13916303E+001
  0.54644038E+004  0.13940760E+001
  0.54680478E+004  0.13965214E+001
  0.54716943E+004  0.13989663E+001
  0.54753432E+004  0.14014108E+001
  0.54789945E+004  0.14038548E+001
  0.54826483E+004  0.14062983E+001
  0.54863045E+004  0.14087414E+001
  0.54899631E+004  0.14111839E+001
  0.54936242E+004  0.14136259E+001
  0.54972877E+004  0.14160674E+001
  0.55009536E+004  0.14185084E+001
  0.55046221E+004  0.14209487E+001
  0.55082929E+004  0.14233885E+001
  0.55119662E+004  0.14258278E+001
  0.55156419E+004  0.14282664E+001
  0.55193201E+004  0.14307044E+001
  0.55230008E+004  0.14331417E+001
  0.55266839E+004  0.14355784E+001
  0.55303695E+004  0.14380145E+001
  0.55340575E+004  0.14404499E+001
  0.55377480E+004  0.14428846E+001
  0.55414409E+004  0.14453186E+001
  0.55451363E+004  0.14477518E+001
  0.55488342E+004  0.14501844E+001
  0.55525345E+004  0.14526162E+001
  0.55562373E+004  0.14550472E+001
  0.55599426E+004  0.14574775E+001
  0.55636503E+004  0.14599070E+001
  0.55673605E+004  0.14623356E+001
  0.55710732E+004  0.14647635E+001
  0.55747884E+004  0.14671905E+001
  0.55785060E+004  0.14696167E+001
  0.55822261E+004  0.14720420E+001
  0.55859487E+004  0.14744665E+001
  0.55896738E+004  0.14768901E+001
  0.55934014E+004  0.14793127E+001
  0.55971314E+004  0.14817345E+001
  0.56008640E+004  0.14841553E+001
  0.56045990E+004  0.14865752E+001
  0.56083365E+004  0.14889941E+001
  0.56120765E+004  0.14914121E+001
  0.56158190E+004  0.14938291E+001
  0.56195641E+004  0.14962451E+001
  0.56233116E+004  0.14986600E+001
  0.56270616E+004  0.15010739E+001
  0.56308141E+004  0.15034868E+001
  0.56345691E+004  0.15058987E+001
  0.56383266E+004  0.15083094E+001
  0.56420866E+004  0.15107191E+001
  0.56458491E+004  0.15131277E+001
  0.56496141E+004  0.15155352E+001
  0.56533817E+004  0.15179415E+001
  0.56571517E+004  0.15203467E+001
  0.56609243E+004  0.15227507E+001
  0.56646994E+004  0.15251536E+001
  0.56684770E+004  0.15275553E+001
  0.56722571E+004  0.15299558E+001
  0.56760397E+004  0.15323551E+001
  0.56798249E+004  0.15347532E+001
  0.56836126E+004  0.15371500E+001
  0.56874028E+004  0.15395455E+001
  0.56911955E+004  0.15419398E+001
  0.56949908E+004  0.15443329E+001
  0.56987886E+004  0.15467246E+001
  0.57025889E+004  0.15491150E+001
  0.57063918E+004  0.15515041E+001
  0.57101972E+004  0.15538918E+001
  0.57140051E+004  0.15562782E+001
  0.57178156E+004  0.15586632E+001
  0.57216286E+004  0.15610469E+001
  0.57254442E+004  0.15634292E+001
  0.57292623E+004  0.15658100E+001
  0.57330830E+004  0.15681894E+001
  0.57369062E+004  0.15705674E+001
  0.57407319E+004  0.15729439E+001
  0.57445602E+004  0.15753190E+001
  0.57483911E+004  0.15776926E+001
  0.57522245E+004  0.15800647E+001
  0.57560604E+004  0.15824353E+001
  0.57598990E+004  0.15848044E+001
  0.57637401E+004  0.15871719E+001
  0.57675837E+004  0.15895379E+001
  0.57714299E+004  0.15919023E+001
  0.57752787E+004  0.15942652E+001
  0.57791300E+004  0.15966264E+001
  0.57829839E+004  0.15989861E+001
  0.57868404E+004  0.16013441E+001
  0.57906995E+004  0.16037005E+001
  0.57945611E+004  0.16060553E+001
  0.57984253E+004  0.16084084E+001
  0.58022921E+004  0.16107598E+001
  0.58061614E+004  0.16131096E+001
  0.58100334E+004  0.16154576E+001
  0.58139079E+004  0.16178039E+001
  0.58177850E+004  0.16201485E+001
  0.58216647E+004  0.16224913E+001
  0.58255469E+004  0.16248324E+001
  0.58294318E+004  0.16271718E+001
  0.58333193E+004  0.16295093E+001
  0.58372093E+004  0.16318450E+001
  0.58411019E+004  0.16341789E+001
  0.58449972E+004  0.16365110E+001
  0.58488950E+004  0.16388413E+001
  0.58527954E+004  0.16411697E+001
  0.58566985E+004  0.16434962E+001
  0.58606041E+004  0.16458209E+001
  0.58645124E+004  0.16481436E+001
  0.58684232E+004  0.16504645E+001
  0.58723367E+004  0.16527834E+001
  0.58762527E+004  0.16551004E+001
  0.58801714E+004  0.16574154E+001
  0.58840927E+004  0.16597285E+001
  0.58880166E+004  0.16620396E+001
  0.58919431E+004  0.16643487E+001
  0.58958723E+004  0.16666558E+001
  0.58998040E+004  0.16689609E+001
  0.59037384E+004  0.16712640E+001
  0.59076754E+004  0.16735650E+001
  0.59116150E+004  0.16758639E+001
  0.59155573E+004  0.16781608E+001
  0.59195022E+004  0.16804556E+001
  0.59234497E+004  0.16827483E+001
  0.59273999E+004  0.16850388E+001
  0.59313527E+004  0.16873273E+001
  0.59353081E+004  0.16896136E+001
  0.59392661E+004  0.16918977E+001
  0.59432268E+004  0.16941797E+001
  0.59471902E+004  0.16964595E+001
  0.59511562E+004  0.16987371E+001
  0.59551248E+004  0.17010125E+001
  0.59590961E+004  0.17032857E+001
  0.59630700E+004  0.17055567E+001
  0.59670466E+004  0.17078254E+001
  0.59710258E+004  0.17100918E+001
  0.59750077E+004  0.17123560E+001
  0.59789922E+004  0.17146178E+001
  0.59829794E+004  0.17168774E+001
  0.59869692E+004  0.17191347E+001
  0.59909617E+004  0.17213896E+001
  0.59949569E+004  0.17236422E+001
  0.59989547E+004  0.17258924E+001
  0.60029553E+004  0.17281403E+001
  0.60069584E+004  0.17303857E+001
  0.60109643E+004  0.17326288E+001
  0.60149728E+004  0.17348695E+001
  0.60189840E+004  0.17371078E+001
  0.60229978E+004  0.17393436E+001
  0.60270144E+004  0.17415770E+001
  0.60310336E+004  0.17438079E+001
  0.60350555E+004  0.17460364E+001
  0.60390800E+004  0.17482623E+001
  0.60431073E+004  0.17504858E+001
  0.60471373E+004  0.17527067E+001
  0.60511699E+004  0.17549251E+001
  0.60552052E+004  0.17571410E+001
  0.60592432E+004  0.17593544E+001
  0.60632839E+004  0.17615651E+001
  0.60673273E+004  0.17637733E+001
  0.60713734E+004  0.17659789E+001
  0.60754222E+004  0.17681819E+001
  0.60794737E+004  0.17703823E+001
  0.60835279E+004  0.17725800E+001
  0.60875848E+004  0.17747751E+001
  0.60916444E+004  0.17769676E+001
  0.60957068E+004  0.17791574E+001
  0.60997718E+004  0.17813445E+001
  0.61038395E+004  0.17835289E+001
  0.61079100E+004  0.17857106E+001
  0.61119831E+004  0.17878896E+001
  0.61160590E+004  0.17900658E+001
  0.61201376E+004  0.17922393E+001
  0.61242189E+004  0.17944101E+001
  0.61283029E+004  0.17965781E+001
  0.61323897E+004  0.17987433E+001
  0.61364792E+004  0.18009057E+001
  0.61405714E+004  0.18030653E+001
  0.61446664E+004  0.18052220E+001
  0.61487640E+004  0.18073760E+001
  0.61528644E+004  0.18095271E+001
  0.61569676E+004  0.18116753E+001
  0.61610734E+004  0.18138207E+001
  0.61651821E+004  0.18159632E+001
  0.61692934E+004  0.18181028E+001
  0.61734075E+004  0.18202394E+001
  0.61775244E+004  0.18223732E+001
  0.61816439E+004  0.18245040E+001
  0.61857663E+004  0.18266319E+001
  0.61898914E+004  0.18287568E+001
  0.61940192E+004  0.18308788E+001
  0.61981498E+004  0.18329978E+001
  0.62022831E+004  0.18351138E+001
  0.62064192E+004  0.18372267E+001
  0.62105581E+004  0.18393367E+001
  0.62146997E+004  0.18414436E+001
  0.62188441E+004  0.18435475E+001
  0.62229912E+004  0.18456483E+001
  0.62271411E+004  0.18477461E+001
  0.62312938E+004  0.18498408E+001
  0.62354492E+004  0.18519324E+001
  0.62396074E+004  0.18540208E+001
  0.62437684E+004  0.18561062E+001
  0.62479322E+004  0.18581885E+001
  0.62520987E+004  0.18602676E+001
  0.62562680E+004  0.18623435E+001
  0.62604401E+004  0.18644163E+001
  0.62646150E+004  0.18664859E+001
  0.62687927E+004  0.18685523E+001
  0.62729731E+004  0.18706156E+001
  0.62771564E+004  0.18726756E+001
  0.62813424E+004  0.18747324E+001
  0.62855312E+004  0.18767859E+001
  0.62897228E+004  0.18788362E+001
  0.62939172E+004  0.18808833E+001
  0.62981144E+004  0.18829271E+001
  0.63023144E+004  0.18849676E+001
  0.63065172E+004  0.18870048E+001
  0.63107228E+004  0.18890387E+001
  0.63149312E+004  0.18910693E+001
  0.63191425E+004  0.18930965E+001
  0.63233565E+004  0.18951205E+001
  0.63275733E+004  0.18971410E+001
  0.63317930E+004  0.18991582E+001
  0.63360154E+004  0.19011721E+001
  0.63402407E+004  0.19031825E+001
  0.63444688E+004  0.19051896E+001
  0.63486997E+004  0.19071932E+001
  0.63529335E+004  0.19091934E+001
  0.63571700E+004  0.19111902E+001
  0.63614094E+004  0.19131836E+001
  0.63656516E+004  0.19151735E+001
  0.63698967E+004  0.19171599E+001
  0.63741445E+004  0.19191428E+001
  0.63783952E+004  0.19211223E+001
  0.63826488E+004  0.19230983E+001
  0.63869051E+004  0.19250707E+001
  0.63911644E+004  0.19270397E+001
  0.63954264E+004  0.19290051E+001
  0.63996913E+004  0.19309670E+001
  0.64039591E+004  0.19329253E+001
  0.64082296E+004  0.19348800E+001
  0.64125031E+004  0.19368312E+001
  0.64167794E+004  0.19387788E+001
  0.64210585E+004  0.19407228E+001
  0.64253405E+004  0.19426632E+001
  0.64296253E+004  0.19445999E+001
  0.64339130E+004  0.19465330E+001
  0.64382036E+004  0.19484625E+001
  0.64424970E+004  0.19503884E+001
  0.64467933E+004  0.19523106E+001
  0.64510925E+004  0.19542291E+001
  0.64553945E+004  0.19561439E+001
  0.64596994E+004  0.19580550E+001
  0.64640071E+004  0.19599624E+001
  0.64683178E+004  0.19618661E+001
  0.64726313E+004  0.19637661E+001
  0.64769476E+004  0.19656624E+001
  0.64812669E+004  0.19675549E+001
  0.64855890E+004  0.19694436E+001
  0.64899141E+004  0.19713286E+001
  0.64942420E+004  0.19732098E+001
  0.64985728E+004  0.19750872E+001
  0.65029065E+004  0.19769608E+001
  0.65072430E+004  0.19788306E+001
  0.65115825E+004  0.19806966E+001
  0.65159248E+004  0.19825587E+001
  0.65202701E+004  0.19844170E+001
  0.65246183E+004  0.19862715E+001
  0.65289693E+004  0.19881221E+001
  0.65333233E+004  0.19899688E+001
  0.65376801E+004  0.19918117E+001
  0.65420399E+004  0.19936506E+001
  0.65464025E+004  0.19954857E+001
  0.65507681E+004  0.19973168E+001
  0.65551366E+004  0.19991441E+001
  0.65595080E+004  0.20009674E+001
  0.65638823E+004  0.20027867E+001
  0.65682596E+004  0.20046021E+001
  0.65726397E+004  0.20064136E+001
  0.65770228E+004  0.20082211E+001
  0.65814088E+004  0.20100246E+001
  0.65857977E+004  0.20118241E+001
  0.65901896E+004  0.20136196E+001
  0.65945843E+004  0.20154111E+001
  0.65989820E+004  0.20171986E+001
  0.66033827E+004  0.20189820E+001
  0.66077863E+004  0.20207615E+001
  0.66121928E+004  0.20225368E+001
  0.66166022E+004  0.20243081E+001
  0.66210146E+004  0.20260754E+001
  0.66254300E+004  0.20278386E+001
  0.66298482E+004  0.20295977E+001
  0.66342695E+004  0.20313527E+001
  0.66386936E+004  0.20331036E+001
  0.66431208E+004  0.20348504E+001
  0.66475508E+004  0.20365930E+001
  0.66519839E+004  0.20383316E+001
  0.66564198E+004  0.20400660E+001
  0.66608588E+004  0.20417962E+001
  0.66653007E+004  0.20435223E+001
  0.66697456E+004  0.20452442E+001
  0.66741934E+004  0.20469620E+001
  0.66786442E+004  0.20486755E+001
  0.66830980E+004  0.20503849E+001
  0.66875547E+004  0.20520900E+001
  0.66920144E+004  0.20537910E+001
  0.66964771E+004  0.20554877E+001
  0.67009427E+004  0.20571802E+001
  0.67054114E+004  0.20588685E+001
  0.67098830E+004  0.20605525E+001
  0.67143576E+004  0.20622323E+001
  0.67188352E+004  0.20639078E+001
  0.67233157E+004  0.20655790E+001
  0.67277993E+004  0.20672459E+001
  0.67322858E+004  0.20689086E+001
  0.67367754E+004  0.20705669E+001
  0.67412679E+004  0.20722210E+001
  0.67457634E+004  0.20738707E+001
  0.67502620E+004  0.20755161E+001
  0.67547635E+004  0.20771571E+001
  0.67592680E+004  0.20787939E+001
  0.67637755E+004  0.20804263E+001
  0.67682861E+004  0.20820543E+001
  0.67727996E+004  0.20836779E+001
  0.67773162E+004  0.20852972E+001
  0.67818357E+004  0.20869121E+001
  0.67863583E+004  0.20885226E+001
  0.67908839E+004  0.20901287E+001
  0.67954125E+004  0.20917304E+001
  0.67999442E+004  0.20933277E+001
  0.68044788E+004  0.20949206E+001
  0.68090165E+004  0.20965090E+001
  0.68135572E+004  0.20980930E+001
  0.68181009E+004  0.20996725E+001
  0.68226477E+004  0.21012476E+001
  0.68271975E+004  0.21028182E+001
  0.68317503E+004  0.21043844E+001
  0.68363062E+004  0.21059461E+001
  0.68408651E+004  0.21075033E+001
  0.68454271E+004  0.21090560E+001
  0.68499920E+004  0.21106042E+001
  0.68545601E+004  0.21121479E+001
  0.68591312E+004  0.21136870E+001
  0.68637053E+004  0.21152217E+001
  0.68682825E+004  0.21167518E+001
  0.68728627E+004  0.21182774E+001
  0.68774460E+004  0.21197984E+001
  0.68820323E+004  0.21213149E+001
  0.68866217E+004  0.21228268E+001
  0.68912142E+004  0.21243342E+001
  0.68958097E+004  0.21258369E+001
  0.69004083E+004  0.21273351E+001
  0.69050099E+004  0.21288287E+001
  0.69096146E+004  0.21303177E+001
  0.69142224E+004  0.21318021E+001
  0.69188333E+004  0.21332819E+001
  0.69234472E+004  0.21347571E+001
  0.69280643E+004  0.21362276E+001
  0.69326844E+004  0.21376936E+001
  0.69373075E+004  0.21391548E+001
  0.69419338E+004  0.21406115E+001
  0.69465631E+004  0.21420634E+001
  0.69511956E+004  0.21435108E+001
  0.69558311E+004  0.21449534E+001
  0.69604697E+004  0.21463914E+001
  0.69651114E+004  0.21478247E+001
  0.69697562E+004  0.21492533E+001
  0.69744041E+004  0.21506772E+001
  0.69790551E+004  0.21520964E+001
  0.69837092E+004  0.21535109E+001
  0.69883664E+004  0.21549207E+001
  0.69930267E+004  0.21563258E+001
  0.69976901E+004  0.21577261E+001
  0.70023567E+004  0.21591218E+001
  0.70070263E+004  0.21605126E+001
  0.70116990E+004  0.21618988E+001
  0.70163749E+004  0.21632802E+001
  0.70210539E+004  0.21646568E+001
  0.70257360E+004  0.21660287E+001
  0.70304212E+004  0.21673957E+001
  0.70351096E+004  0.21687581E+001
  0.70398011E+004  0.21701156E+001
  0.70444957E+004  0.21714683E+001
  0.70491934E+004  0.21728163E+001
  0.70538943E+004  0.21741595E+001
  0.70585983E+004  0.21754978E+001
  0.70633054E+004  0.21768313E+001
  0.70680157E+004  0.21781600E+001
  0.70727291E+004  0.21794839E+001
  0.70774457E+004  0.21808030E+001
  0.70821654E+004  0.21821172E+001
  0.70868883E+004  0.21834266E+001
  0.70916143E+004  0.21847312E+001
  0.70963435E+004  0.21860309E+001
  0.71010758E+004  0.21873257E+001
  0.71058112E+004  0.21886157E+001
  0.71105499E+004  0.21899008E+001
  0.71152917E+004  0.21911810E+001
  0.71200366E+004  0.21924563E+001
  0.71247847E+004  0.21937268E+001
  0.71295360E+004  0.21949924E+001
  0.71342905E+004  0.21962530E+001
  0.71390481E+004  0.21975088E+001
  0.71438089E+004  0.21987597E+001
  0.71485728E+004  0.22000056E+001
  0.71533400E+004  0.22012467E+001
  0.71581103E+004  0.22024828E+001
  0.71628838E+004  0.22037140E+001
  0.71676605E+004  0.22049402E+001
  0.71724404E+004  0.22061616E+001
  0.71772234E+004  0.22073779E+001
  0.71820097E+004  0.22085894E+001
  0.71867991E+004  0.22097959E+001
  0.71915918E+004  0.22109974E+001
  0.71963876E+004  0.22121939E+001
  0.72011866E+004  0.22133855E+001
  0.72059889E+004  0.22145722E+001
  0.72107943E+004  0.22157538E+001
  0.72156029E+004  0.22169305E+001
  0.72204148E+004  0.22181022E+001
  0.72252298E+004  0.22192689E+001
  0.72300481E+004  0.22204306E+001
  0.72348696E+004  0.22215873E+001
  0.72396943E+004  0.22227390E+001
  0.72445222E+004  0.22238857E+001
  0.72493533E+004  0.22250274E+001
  0.72541877E+004  0.22261641E+001
  0.72590253E+004  0.22272957E+001
  0.72638661E+004  0.22284224E+001
  0.72687101E+004  0.22295440E+001
  0.72735573E+004  0.22306605E+001
  0.72784078E+004  0.22317721E+001
  0.72832616E+004  0.22328785E+001
  0.72881185E+004  0.22339800E+001
  0.72929787E+004  0.22350764E+001
  0.72978422E+004  0.22361677E+001
  0.73027089E+004  0.22372540E+001
  0.73075788E+004  0.22383352E+001
  0.73124520E+004  0.22394114E+001
  0.73173284E+004  0.22404825E+001
  0.73222081E+004  0.22415485E+001
  0.73270910E+004  0.22426095E+001
  0.73319772E+004  0.22436653E+001
  0.73368667E+004  0.22447161E+001
  0.73417594E+004  0.22457618E+001
  0.73466554E+004  0.22468024E+001
  0.73515546E+004  0.22478379E+001
  0.73564571E+004  0.22488683E+001
  0.73613629E+004  0.22498937E+001
  0.73662719E+004  0.22509139E+001
  0.73711843E+004  0.22519290E+001
  0.73760999E+004  0.22529390E+001
  0.73810187E+004  0.22539438E+001
  0.73859409E+004  0.22549436E+001
  0.73908663E+004  0.22559383E+001
  0.73957950E+004  0.22569278E+001
  0.74007271E+004  0.22579122E+001
  0.74056624E+004  0.22588914E+001
  0.74106009E+004  0.22598655E+001
  0.74155428E+004  0.22608345E+001
  0.74204880E+004  0.22617984E+001
  0.74254365E+004  0.22627571E+001
  0.74303883E+004  0.22637107E+001
  0.74353433E+004  0.22646591E+001
  0.74403017E+004  0.22656023E+001
  0.74452634E+004  0.22665405E+001
  0.74502284E+004  0.22674734E+001
  0.74551967E+004  0.22684012E+001
  0.74601683E+004  0.22693238E+001
  0.74651433E+004  0.22702413E+001
  0.74701215E+004  0.22711536E+001
  0.74751031E+004  0.22720608E+001
  0.74800880E+004  0.22729627E+001
  0.74850762E+004  0.22738595E+001
  0.74900678E+004  0.22747511E+001
  0.74950627E+004  0.22756376E+001
  0.75000609E+004  0.22765188E+001
  0.75050624E+004  0.22773949E+001
  0.75100673E+004  0.22782658E+001
  0.75150755E+004  0.22791315E+001
  0.75200870E+004  0.22799920E+001
  0.75251019E+004  0.22808473E+001
  0.75301202E+004  0.22816974E+001
  0.75351418E+004  0.22825423E+001
  0.75401667E+004  0.22833820E+001
  0.75451950E+004  0.22842166E+001
  0.75502266E+004  0.22850459E+001
  0.75552616E+004  0.22858700E+001
  0.75603000E+004  0.22866889E+001
  0.75653417E+004  0.22875026E+001
  0.75703868E+004  0.22883111E+001
  0.75754352E+004  0.22891144E+001
  0.75804870E+004  0.22899124E+001
  0.75855422E+004  0.22907053E+001
  0.75906007E+004  0.22914929E+001
  0.75956626E+004  0.22922753E+001
  0.76007279E+004  0.22930525E+001
  0.76057966E+004  0.22938245E+001
  0.76108687E+004  0.22945912E+001
  0.76159441E+004  0.22953527E+001
  0.76210229E+004  0.22961090E+001
  0.76261051E+004  0.22968601E+001
  0.76311907E+004  0.22976060E+001
  0.76362797E+004  0.22983466E+001
  0.76413721E+004  0.22990819E+001
  0.76464679E+004  0.22998121E+001
  0.76515670E+004  0.23005370E+001
  0.76566696E+004  0.23012567E+001
  0.76617756E+004  0.23019711E+001
  0.76668850E+004  0.23026803E+001
  0.76719978E+004  0.23033843E+001
  0.76771140E+004  0.23040830E+001
  0.76822336E+004  0.23047765E+001
  0.76873566E+004  0.23054648E+001
  0.76924830E+004  0.23061478E+001
  0.76976129E+004  0.23068255E+001
  0.77027462E+004  0.23074980E+001
  0.77078829E+004  0.23081653E+001
  0.77130230E+004  0.23088273E+001
  0.77181666E+004  0.23094841E+001
  0.77233136E+004  0.23101357E+001
  0.77284640E+004  0.23107820E+001
  0.77336178E+004  0.23114230E+001
  0.77387751E+004  0.23120588E+001
  0.77439359E+004  0.23126893E+001
  0.77491000E+004  0.23133146E+001
  0.77542677E+004  0.23139347E+001
  0.77594387E+004  0.23145495E+001
  0.77646132E+004  0.23151590E+001
  0.77697912E+004  0.23157633E+001
  0.77749726E+004  0.23163624E+001
  0.77801575E+004  0.23169562E+001
  0.77853458E+004  0.23175447E+001
  0.77905376E+004  0.23181280E+001
  0.77957328E+004  0.23187061E+001
  0.78009316E+004  0.23192788E+001
  0.78061337E+004  0.23198464E+001
  0.78113394E+004  0.23204087E+001
  0.78165485E+004  0.23209657E+001
  0.78217611E+004  0.23215175E+001
  0.78269772E+004  0.23220640E+001
  0.78321967E+004  0.23226053E+001
  0.78374198E+004  0.23231413E+001
  0.78426463E+004  0.23236721E+001
  0.78478763E+004  0.23241977E+001
  0.78531098E+004  0.23247179E+001
  0.78583467E+004  0.23252330E+001
  0.78635872E+004  0.23257427E+001
  0.78688312E+004  0.23262473E+001
  0.78740786E+004  0.23267466E+001
  0.78793296E+004  0.23272406E+001
  0.78845841E+004  0.23277294E+001
  0.78898420E+004  0.23282129E+001
  0.78951035E+004  0.23286912E+001
  0.79003685E+004  0.23291643E+001
  0.79056370E+004  0.23296321E+001
  0.79109090E+004  0.23300946E+001
  0.79161845E+004  0.23305519E+001
  0.79214635E+004  0.23310040E+001
  0.79267461E+004  0.23314508E+001
  0.79320322E+004  0.23318924E+001
  0.79373218E+004  0.23323288E+001
  0.79426149E+004  0.23327599E+001
  0.79479116E+004  0.23331857E+001
  0.79532118E+004  0.23336064E+001
  0.79585155E+004  0.23340218E+001
  0.79638228E+004  0.23344319E+001
  0.79691336E+004  0.23348368E+001
  0.79744480E+004  0.23352365E+001
  0.79797658E+004  0.23356310E+001
  0.79850873E+004  0.23360202E+001
  0.79904123E+004  0.23364042E+001
  0.79957408E+004  0.23367830E+001
  0.80010729E+004  0.23371565E+001
  0.80064086E+004  0.23375248E+001
  0.80117478E+004  0.23378879E+001
  0.80170905E+004  0.23382458E+001
  0.80224369E+004  0.23385984E+001
  0.80277868E+004  0.23389459E+001
  0.80331402E+004  0.23392881E+001
  0.80384973E+004  0.23396251E+001
  0.80438579E+004  0.23399568E+001
  0.80492220E+004  0.23402834E+001
  0.80545898E+004  0.23406047E+001
  0.80599611E+004  0.23409209E+001
  0.80653361E+004  0.23412318E+001
  0.80707146E+004  0.23415375E+001
  0.80760967E+004  0.23418380E+001
  0.80814823E+004  0.23421333E+001
  0.80868716E+004  0.23424234E+001
  0.80922645E+004  0.23427084E+001
  0.80976609E+004  0.23429881E+001
  0.81030610E+004  0.23432626E+001
  0.81084647E+004  0.23435319E+001
  0.81138719E+004  0.23437960E+001
  0.81192828E+004  0.23440550E+001
  0.81246973E+004  0.23443087E+001
  0.81301154E+004  0.23445573E+001
  0.81355371E+004  0.23448007E+001
  0.81409624E+004  0.23450389E+001
  0.81463913E+004  0.23452719E+001
  0.81518239E+004  0.23454997E+001
  0.81572601E+004  0.23457224E+001
  0.81626999E+004  0.23459399E+001
  0.81681433E+004  0.23461522E+001
  0.81735904E+004  0.23463594E+001
  0.81790411E+004  0.23465614E+001
  0.81844954E+004  0.23467582E+001
  0.81899533E+004  0.23469499E+001
  0.81954150E+004  0.23471364E+001
  0.82008802E+004  0.23473178E+001
  0.82063491E+004  0.23474940E+001
  0.82118216E+004  0.23476650E+001
  0.82172978E+004  0.23478310E+001
  0.82227777E+004  0.23479917E+001
  0.82282612E+004  0.23481474E+001
  0.82337483E+004  0.23482978E+001
  0.82392391E+004  0.23484432E+001
  0.82447336E+004  0.23485834E+001
  0.82502317E+004  0.23487185E+001
  0.82557336E+004  0.23488485E+001
  0.82612390E+004  0.23489733E+001
  0.82667482E+004  0.23490930E+001
  0.82722610E+004  0.23492076E+001
  0.82777775E+004  0.23493171E+001
  0.82832977E+004  0.23494215E+001
  0.82888215E+004  0.23495207E+001
  0.82943491E+004  0.23496149E+001
  0.82998803E+004  0.23497040E+001
  0.83054152E+004  0.23497879E+001
  0.83109538E+004  0.23498668E+001
  0.83164961E+004  0.23499405E+001
  0.83220421E+004  0.23500092E+001
  0.83275918E+004  0.23500728E+001
  0.83331452E+004  0.23501313E+001
  0.83387023E+004  0.23501847E+001
  0.83442631E+004  0.23502331E+001
  0.83498276E+004  0.23502763E+001
  0.83553958E+004  0.23503145E+001
  0.83609677E+004  0.23503477E+001
  0.83665434E+004  0.23503757E+001
  0.83721228E+004  0.23503988E+001
  0.83777059E+004  0.23504167E+001
  0.83832927E+004  0.23504296E+001
  0.83888832E+004  0.23504375E+001
  0.83944775E+004  0.23504403E+001
  0.84000755E+004  0.23504381E+001
  0.84056772E+004  0.23504308E+001
  0.84112827E+004  0.23504185E+001
  0.84168919E+004  0.23504012E+001
  0.84225048E+004  0.23503788E+001
  0.84281215E+004  0.23503515E+001
  0.84337419E+004  0.23503191E+001
  0.84393661E+004  0.23502817E+001
  0.84449941E+004  0.23502392E+001
  0.84506257E+004  0.23501918E+001
  0.84562612E+004  0.23501394E+001
  0.84619004E+004  0.23500820E+001
  0.84675433E+004  0.23500196E+001
  0.84731901E+004  0.23499522E+001
  0.84788405E+004  0.23498798E+001
  0.84844948E+004  0.23498024E+001
  0.84901528E+004  0.23497200E+001
  0.84958146E+004  0.23496327E+001
  0.85014802E+004  0.23495404E+001
  0.85071496E+004  0.23494432E+001
  0.85128227E+004  0.23493410E+001
  0.85184996E+004  0.23492338E+001
  0.85241803E+004  0.23491217E+001
  0.85298648E+004  0.23490046E+001
  0.85355531E+004  0.23488826E+001
  0.85412452E+004  0.23487556E+001
  0.85469410E+004  0.23486237E+001
  0.85526407E+004  0.23484869E+001
  0.85583442E+004  0.23483452E+001
  0.85640515E+004  0.23481985E+001
  0.85697625E+004  0.23480469E+001
  0.85754774E+004  0.23478904E+001
  0.85811961E+004  0.23477290E+001
  0.85869186E+004  0.23475627E+001
  0.85926450E+004  0.23473915E+001
  0.85983751E+004  0.23472155E+001
  0.86041091E+004  0.23470345E+001
  0.86098469E+004  0.23468486E+001
  0.86155885E+004  0.23466579E+001
  0.86213340E+004  0.23464623E+001
  0.86270832E+004  0.23462618E+001
  0.86328364E+004  0.23460565E+001
  0.86385933E+004  0.23458463E+001
  0.86443541E+004  0.23456312E+001
  0.86501187E+004  0.23454113E+001
  0.86558872E+004  0.23451866E+001
  0.86616595E+004  0.23449570E+001
  0.86674357E+004  0.23447226E+001
  0.86732157E+004  0.23444833E+001
  0.86789996E+004  0.23442392E+001
  0.86847873E+004  0.23439904E+001
  0.86905789E+004  0.23437367E+001
  0.86963744E+004  0.23434781E+001
  0.87021737E+004  0.23432148E+001
  0.87079769E+004  0.23429467E+001
  0.87137840E+004  0.23426738E+001
  0.87195949E+004  0.23423961E+001
  0.87254097E+004  0.23421137E+001
  0.87312284E+004  0.23418264E+001
  0.87370510E+004  0.23415344E+001
  0.87428774E+004  0.23412376E+001
  0.87487077E+004  0.23409361E+001
  0.87545420E+004  0.23406298E+001
  0.87603801E+004  0.23403187E+001
  0.87662221E+004  0.23400029E+001
  0.87720680E+004  0.23396824E+001
  0.87779178E+004  0.23393571E+001
  0.87837715E+004  0.23390271E+001
  0.87896291E+004  0.23386924E+001
  0.87954906E+004  0.23383530E+001
  0.88013560E+004  0.23380089E+001
  0.88072253E+004  0.23376600E+001
  0.88130986E+004  0.23373065E+001
  0.88189757E+004  0.23369482E+001
  0.88248568E+004  0.23365853E+001
  0.88307418E+004  0.23362177E+001
  0.88366308E+004  0.23358454E+001
  0.88425236E+004  0.23354685E+001
  0.88484204E+004  0.23350869E+001
  0.88543211E+004  0.23347006E+001
  0.88602258E+004  0.23343097E+001
  0.88661344E+004  0.23339141E+001
  0.88720469E+004  0.23335139E+001
  0.88779634E+004  0.23331090E+001
  0.88838838E+004  0.23326995E+001
  0.88898081E+004  0.23322854E+001
  0.88957365E+004  0.23318667E+001
  0.89016687E+004  0.23314434E+001
  0.89076050E+004  0.23310155E+001
  0.89135451E+004  0.23305829E+001
  0.89194893E+004  0.23301458E+001
  0.89254374E+004  0.23297041E+001
  0.89313895E+004  0.23292578E+001
  0.89373455E+004  0.23288069E+001
  0.89433055E+004  0.23283515E+001
  0.89492695E+004  0.23278915E+001
  0.89552375E+004  0.23274269E+001
  0.89612095E+004  0.23269578E+001
  0.89671854E+004  0.23264842E+001
  0.89731653E+004  0.23260060E+001
  0.89791492E+004  0.23255233E+001
  0.89851371E+004  0.23250360E+001
  0.89911290E+004  0.23245443E+001
  0.89971249E+004  0.23240480E+001
  0.90031248E+004  0.23235472E+001
  0.90091286E+004  0.23230420E+001
  0.90151365E+004  0.23225322E+001
  0.90211484E+004  0.23220180E+001
  0.90271643E+004  0.23214992E+001
  0.90331842E+004  0.23209760E+001
  0.90392082E+004  0.23204484E+001
  0.90452361E+004  0.23199162E+001
  0.90512681E+004  0.23193797E+001
  0.90573041E+004  0.23188386E+001
  0.90633441E+004  0.23182932E+001
  0.90693881E+004  0.23177433E+001
  0.90754362E+004  0.23171889E+001
  0.90814883E+004  0.23166302E+001
  0.90875445E+004  0.23160670E+001
  0.90936046E+004  0.23154995E+001
  0.90996689E+004  0.23149275E+001
  0.91057371E+004  0.23143512E+001
  0.91118094E+004  0.23137704E+001
  0.91178858E+004  0.23131853E+001
  0.91239662E+004  0.23125958E+001
  0.91300507E+004  0.23120019E+001
  0.91361392E+004  0.23114037E+001
  0.91422318E+004  0.23108011E+001
  0.91483285E+004  0.23101942E+001
  0.91544292E+004  0.23095830E+001
  0.91605340E+004  0.23089674E+001
  0.91666428E+004  0.23083475E+001
  0.91727557E+004  0.23077232E+001
  0.91788727E+004  0.23070947E+001
  0.91849938E+004  0.23064619E+001
  0.91911190E+004  0.23058247E+001
  0.91972482E+004  0.23051833E+001
  0.92033816E+004  0.23045376E+001
  0.92095190E+004  0.23038876E+001
  0.92156605E+004  0.23032333E+001
  0.92218061E+004  0.23025748E+001
  0.92279559E+004  0.23019121E+001
  0.92341097E+004  0.23012451E+001
  0.92402676E+004  0.23005738E+001
  0.92464296E+004  0.22998983E+001
  0.92525958E+004  0.22992186E+001
  0.92587660E+004  0.22985347E+001
  0.92649404E+004  0.22978465E+001
  0.92711189E+004  0.22971542E+001
  0.92773015E+004  0.22964576E+001
  0.92834882E+004  0.22957569E+001
  0.92896790E+004  0.22950520E+001
  0.92958740E+004  0.22943429E+001
  0.93020731E+004  0.22936297E+001
  0.93082764E+004  0.22929123E+001
  0.93144837E+004  0.22921907E+001
  0.93206953E+004  0.22914650E+001
  0.93269109E+004  0.22907351E+001
  0.93331307E+004  0.22900012E+001
  0.93393547E+004  0.22892631E+001
  0.93455828E+004  0.22885209E+001
  0.93518150E+004  0.22877745E+001
  0.93580515E+004  0.22870241E+001
  0.93642920E+004  0.22862696E+001
  0.93705368E+004  0.22855110E+001
  0.93767857E+004  0.22847483E+001
  0.93830387E+004  0.22839816E+001
  0.93892960E+004  0.22832108E+001
  0.93955574E+004  0.22824359E+001
  0.94018230E+004  0.22816570E+001
  0.94080927E+004  0.22808741E+001
  0.94143667E+004  0.22800871E+001
  0.94206448E+004  0.22792961E+001
  0.94269271E+004  0.22785010E+001
  0.94332136E+004  0.22777020E+001
  0.94395043E+004  0.22768990E+001
  0.94457992E+004  0.22760919E+001
  0.94520983E+004  0.22752809E+001
  0.94584016E+004  0.22744659E+001
  0.94647091E+004  0.22736470E+001
  0.94710208E+004  0.22728240E+001
  0.94773367E+004  0.22719972E+001
  0.94836568E+004  0.22711663E+001
  0.94899811E+004  0.22703316E+001
  0.94963097E+004  0.22694929E+001
  0.95026425E+004  0.22686502E+001
  0.95089795E+004  0.22678037E+001
  0.95153207E+004  0.22669533E+001
  0.95216661E+004  0.22660989E+001
  0.95280158E+004  0.22652407E+001
  0.95343697E+004  0.22643785E+001
  0.95407279E+004  0.22635125E+001
  0.95470903E+004  0.22626427E+001
  0.95534569E+004  0.22617689E+001
  0.95598278E+004  0.22608914E+001
  0.95662029E+004  0.22600099E+001
  0.95725823E+004  0.22591247E+001
  0.95789659E+004  0.22582356E+001
  0.95853538E+004  0.22573426E+001
  0.95917460E+004  0.22564459E+001
  0.95981424E+004  0.22555454E+001
  0.96045431E+004  0.22546410E+001
  0.96109480E+004  0.22537329E+001
  0.96173573E+004  0.22528210E+001
  0.96237707E+004  0.22519053E+001
  0.96301885E+004  0.22509859E+001
  0.96366106E+004  0.22500627E+001
  0.96430369E+004  0.22491358E+001
  0.96494675E+004  0.22482051E+001
  0.96559024E+004  0.22472707E+001
  0.96623416E+004  0.22463325E+001
  0.96687851E+004  0.22453907E+001
  0.96752329E+004  0.22444451E+001
  0.96816850E+004  0.22434958E+001
  0.96881414E+004  0.22425429E+001
  0.96946021E+004  0.22415862E+001
  0.97010671E+004  0.22406259E+001
  0.97075364E+004  0.22396619E+001
  0.97140101E+004  0.22386943E+001
  0.97204880E+004  0.22377230E+001
  0.97269703E+004  0.22367481E+001
  0.97334569E+004  0.22357695E+001
  0.97399478E+004  0.22347873E+001
  0.97464430E+004  0.22338015E+001
  0.97529426E+004  0.22328121E+001
  0.97594465E+004  0.22318190E+001
  0.97659548E+004  0.22308224E+001
  0.97724674E+004  0.22298222E+001
  0.97789843E+004  0.22288184E+001
  0.97855056E+004  0.22278111E+001
  0.97920312E+004  0.22268002E+001
  0.97985612E+004  0.22257857E+001
  0.98050955E+004  0.22247678E+001
  0.98116342E+004  0.22237462E+001
  0.98181773E+004  0.22227212E+001
  0.98247247E+004  0.22216926E+001
  0.98312765E+004  0.22206605E+001
  0.98378326E+004  0.22196249E+001
  0.98443931E+004  0.22185858E+001
  0.98509580E+004  0.22175433E+001
  0.98575273E+004  0.22164972E+001
  0.98641010E+004  0.22154477E+001
  0.98706790E+004  0.22143948E+001
  0.98772614E+004  0.22133384E+001
  0.98838483E+004  0.22122785E+001
  0.98904395E+004  0.22112152E+001
  0.98970351E+004  0.22101485E+001
  0.99036351E+004  0.22090784E+001
  0.99102395E+004  0.22080049E+001
  0.99168483E+004  0.22069279E+001
  0.99234615E+004  0.22058476E+001
  0.99300791E+004  0.22047639E+001
  0.99367012E+004  0.22036768E+001
  0.99433276E+004  0.22025864E+001
  0.99499585E+004  0.22014925E+001
  0.99565938E+004  0.22003954E+001
  0.99632335E+004  0.21992949E+001
  0.99698777E+004  0.21981911E+001
  0.99765262E+004  0.21970839E+001
  0.99831793E+004  0.21959735E+001
  0.99898367E+004  0.21948597E+001
  0.99964986E+004  0.21937427E+001
  0.10003165E+005  0.21926223E+001
  0.10009836E+005  0.21914987E+001
  0.10016511E+005  0.21903718E+001
  0.10023191E+005  0.21892416E+001
  0.10029875E+005  0.21881082E+001
  0.10036563E+005  0.21869715E+001
  0.10043256E+005  0.21858316E+001
  0.10049954E+005  0.21846885E+001
  0.10056656E+005  0.21835422E+001
  0.10063362E+005  0.21823926E+001
  0.10070073E+005  0.21812399E+001
  0.10076789E+005  0.21800839E+001
  0.10083509E+005  0.21789248E+001
  0.10090233E+005  0.21777625E+001
  0.10096962E+005  0.21765970E+001
  0.10103695E+005  0.21754284E+001
  0.10110433E+005  0.21742566E+001
  0.10117175E+005  0.21730817E+001
  0.10123922E+005  0.21719036E+001
  0.10130673E+005  0.21707224E+001
  0.10137429E+005  0.21695381E+001
  0.10144189E+005  0.21683507E+001
  0.10150954E+005  0.21671602E+001
  0.10157724E+005  0.21659666E+001
  0.10164497E+005  0.21647700E+001
  0.10171276E+005  0.21635702E+001
  0.10178059E+005  0.21623674E+001
  0.10184846E+005  0.21611616E+001
  0.10191638E+005  0.21599527E+001
  0.10198434E+005  0.21587407E+001
  0.10205235E+005  0.21575258E+001
  0.10212041E+005  0.21563078E+001
  0.10218851E+005  0.21550868E+001
  0.10225666E+005  0.21538628E+001
  0.10232485E+005  0.21526358E+001
  0.10239309E+005  0.21514058E+001
  0.10246137E+005  0.21501729E+001
  0.10252970E+005  0.21489370E+001
  0.10259807E+005  0.21476981E+001
  0.10266649E+005  0.21464563E+001
  0.10273495E+005  0.21452115E+001
  0.10280346E+005  0.21439639E+001
  0.10287202E+005  0.21427132E+001
  0.10294062E+005  0.21414597E+001
  0.10300927E+005  0.21402033E+001
  0.10307796E+005  0.21389440E+001
  0.10314670E+005  0.21376818E+001
  0.10321549E+005  0.21364167E+001
  0.10328432E+005  0.21351487E+001
  0.10335320E+005  0.21338779E+001
  0.10342212E+005  0.21326042E+001
  0.10349109E+005  0.21313277E+001
  0.10356010E+005  0.21300484E+001
  0.10362916E+005  0.21287662E+001
  0.10369827E+005  0.21274812E+001
  0.10376742E+005  0.21261934E+001
  0.10383662E+005  0.21249028E+001
  0.10390587E+005  0.21236094E+001
  0.10397516E+005  0.21223133E+001
  0.10404450E+005  0.21210143E+001
  0.10411388E+005  0.21197126E+001
  0.10418331E+005  0.21184082E+001
  0.10425279E+005  0.21171010E+001
  0.10432231E+005  0.21157910E+001
  0.10439188E+005  0.21144783E+001
  0.10446149E+005  0.21131630E+001
  0.10453116E+005  0.21118449E+001
  0.10460086E+005  0.21105241E+001
  0.10467062E+005  0.21092006E+001
  0.10474042E+005  0.21078744E+001
  0.10481027E+005  0.21065456E+001
  0.10488016E+005  0.21052140E+001
  0.10495010E+005  0.21038799E+001
  0.10502009E+005  0.21025431E+001
  0.10509013E+005  0.21012036E+001
  0.10516021E+005  0.20998615E+001
  0.10523033E+005  0.20985168E+001
  0.10530051E+005  0.20971695E+001
  0.10537073E+005  0.20958195E+001
  0.10544100E+005  0.20944670E+001
  0.10551131E+005  0.20931119E+001
  0.10558168E+005  0.20917542E+001
  0.10565208E+005  0.20903940E+001
  0.10572254E+005  0.20890312E+001
  0.10579304E+005  0.20876658E+001
  0.10586359E+005  0.20862979E+001
  0.10593419E+005  0.20849274E+001
  0.10600483E+005  0.20835545E+001
  0.10607552E+005  0.20821790E+001
  0.10614626E+005  0.20808010E+001
  0.10621705E+005  0.20794205E+001
  0.10628788E+005  0.20780376E+001
  0.10635876E+005  0.20766521E+001
  0.10642969E+005  0.20752642E+001
  0.10650066E+005  0.20738738E+001
  0.10657168E+005  0.20724810E+001
  0.10664275E+005  0.20710857E+001
  0.10671387E+005  0.20696880E+001
  0.10678503E+005  0.20682878E+001
  0.10685625E+005  0.20668853E+001
  0.10692750E+005  0.20654803E+001
  0.10699881E+005  0.20640729E+001
  0.10707016E+005  0.20626631E+001
  0.10714157E+005  0.20612510E+001
  0.10721302E+005  0.20598365E+001
  0.10728451E+005  0.20584196E+001
  0.10735606E+005  0.20570003E+001
  0.10742765E+005  0.20555788E+001
  0.10749929E+005  0.20541548E+001
  0.10757098E+005  0.20527286E+001
  0.10764271E+005  0.20513000E+001
  0.10771449E+005  0.20498691E+001
  0.10778633E+005  0.20484359E+001
  0.10785821E+005  0.20470004E+001
  0.10793013E+005  0.20455627E+001
  0.10800211E+005  0.20441226E+001
  0.10807413E+005  0.20426803E+001
  0.10814620E+005  0.20412357E+001
  0.10821832E+005  0.20397889E+001
  0.10829049E+005  0.20383398E+001
  0.10836270E+005  0.20368885E+001
  0.10843497E+005  0.20354350E+001
  0.10850728E+005  0.20339793E+001
  0.10857964E+005  0.20325213E+001
  0.10865205E+005  0.20310612E+001
  0.10872450E+005  0.20295989E+001
  0.10879701E+005  0.20281344E+001
  0.10886956E+005  0.20266677E+001
  0.10894216E+005  0.20251989E+001
  0.10901481E+005  0.20237279E+001
  0.10908751E+005  0.20222547E+001
  0.10916026E+005  0.20207794E+001
  0.10923305E+005  0.20193020E+001
  0.10930590E+005  0.20178225E+001
  0.10937879E+005  0.20163409E+001
  0.10945173E+005  0.20148572E+001
  0.10952472E+005  0.20133714E+001
  0.10959776E+005  0.20118835E+001
  0.10967085E+005  0.20103935E+001
  0.10974398E+005  0.20089014E+001
  0.10981717E+005  0.20074073E+001
  0.10989040E+005  0.20059112E+001
  0.10996368E+005  0.20044130E+001
  0.11003701E+005  0.20029128E+001
  0.11011039E+005  0.20014105E+001
  0.11018382E+005  0.19999063E+001
  0.11025730E+005  0.19984000E+001
  0.11033083E+005  0.19968918E+001
  0.11040440E+005  0.19953815E+001
  0.11047803E+005  0.19938693E+001
  0.11055170E+005  0.19923551E+001
  0.11062542E+005  0.19908390E+001
  0.11069920E+005  0.19893209E+001
  0.11077302E+005  0.19878008E+001
  0.11084689E+005  0.19862789E+001
  0.11092081E+005  0.19847550E+001
  0.11099478E+005  0.19832291E+001
  0.11106880E+005  0.19817014E+001
  0.11114287E+005  0.19801718E+001
  0.11121698E+005  0.19786402E+001
  0.11129115E+005  0.19771068E+001
  0.11136537E+005  0.19755716E+001
  0.11143963E+005  0.19740344E+001
  0.11151395E+005  0.19724954E+001
  0.11158831E+005  0.19709546E+001
  0.11166273E+005  0.19694119E+001
  0.11173719E+005  0.19678673E+001
  0.11181170E+005  0.19663210E+001
  0.11188627E+005  0.19647728E+001
  0.11196088E+005  0.19632229E+001
  0.11203554E+005  0.19616711E+001
  0.11211026E+005  0.19601176E+001
  0.11218502E+005  0.19585622E+001
  0.11225983E+005  0.19570051E+001
  0.11233469E+005  0.19554463E+001
  0.11240961E+005  0.19538857E+001
  0.11248457E+005  0.19523233E+001
  0.11255958E+005  0.19507592E+001
  0.11263464E+005  0.19491934E+001
  0.11270976E+005  0.19476258E+001
  0.11278492E+005  0.19460566E+001
  0.11286013E+005  0.19444856E+001
  0.11293539E+005  0.19429130E+001
  0.11301071E+005  0.19413387E+001
  0.11308607E+005  0.19397626E+001
  0.11316148E+005  0.19381850E+001
  0.11323695E+005  0.19366056E+001
  0.11331246E+005  0.19350246E+001
  0.11338802E+005  0.19334420E+001
  0.11346364E+005  0.19318577E+001
  0.11353930E+005  0.19302718E+001
  0.11361502E+005  0.19286843E+001
  0.11369079E+005  0.19270952E+001
  0.11376660E+005  0.19255045E+001
  0.11384247E+005  0.19239122E+001
  0.11391839E+005  0.19223183E+001
  0.11399436E+005  0.19207228E+001
  0.11407038E+005  0.19191258E+001
  0.11414644E+005  0.19175272E+001
  0.11422257E+005  0.19159270E+001
  0.11429874E+005  0.19143253E+001
  0.11437496E+005  0.19127221E+001
  0.11445123E+005  0.19111174E+001
  0.11452756E+005  0.19095111E+001
  0.11460393E+005  0.19079033E+001
  0.11468036E+005  0.19062941E+001
  0.11475683E+005  0.19046833E+001
  0.11483336E+005  0.19030711E+001
  0.11490994E+005  0.19014573E+001
  0.11498657E+005  0.18998422E+001
  0.11506325E+005  0.18982255E+001
  0.11513998E+005  0.18966074E+001
  0.11521676E+005  0.18949879E+001
  0.11529360E+005  0.18933669E+001
  0.11537048E+005  0.18917445E+001
  0.11544742E+005  0.18901207E+001
  0.11552441E+005  0.18884955E+001
  0.11560145E+005  0.18868689E+001
  0.11567854E+005  0.18852409E+001
  0.11575568E+005  0.18836115E+001
  0.11583287E+005  0.18819807E+001
  0.11591012E+005  0.18803486E+001
  0.11598742E+005  0.18787151E+001
  0.11606476E+005  0.18770803E+001
  0.11614216E+005  0.18754441E+001
  0.11621961E+005  0.18738066E+001
  0.11629712E+005  0.18721677E+001
  0.11637467E+005  0.18705276E+001
  0.11645228E+005  0.18688861E+001
  0.11652994E+005  0.18672433E+001
  0.11660765E+005  0.18655993E+001
  0.11668541E+005  0.18639539E+001
  0.11676322E+005  0.18623073E+001
  0.11684109E+005  0.18606594E+001
  0.11691900E+005  0.18590103E+001
  0.11699697E+005  0.18573599E+001
  0.11707500E+005  0.18557082E+001
  0.11715307E+005  0.18540553E+001
  0.11723119E+005  0.18524012E+001
  0.11730937E+005  0.18507459E+001
  0.11738760E+005  0.18490893E+001
  0.11746588E+005  0.18474316E+001
  0.11754422E+005  0.18457726E+001
  0.11762260E+005  0.18441125E+001
  0.11770104E+005  0.18424512E+001
  0.11777953E+005  0.18407887E+001
  0.11785808E+005  0.18391251E+001
  0.11793667E+005  0.18374603E+001
  0.11801532E+005  0.18357943E+001
  0.11809402E+005  0.18341272E+001
  0.11817277E+005  0.18324590E+001
  0.11825158E+005  0.18307897E+001
  0.11833044E+005  0.18291192E+001
  0.11840935E+005  0.18274476E+001
  0.11848831E+005  0.18257750E+001
  0.11856733E+005  0.18241012E+001
  0.11864640E+005  0.18224264E+001
  0.11872552E+005  0.18207505E+001
  0.11880469E+005  0.18190735E+001
  0.11888392E+005  0.18173954E+001
  0.11896320E+005  0.18157163E+001
  0.11904253E+005  0.18140362E+001
  0.11912192E+005  0.18123550E+001
  0.11920135E+005  0.18106728E+001
  0.11928085E+005  0.18089896E+001
  0.11936039E+005  0.18073053E+001
  0.11943999E+005  0.18056201E+001
  0.11951964E+005  0.18039338E+001
  0.11959934E+005  0.18022466E+001
  0.11967910E+005  0.18005584E+001
  0.11975891E+005  0.17988692E+001
  0.11983877E+005  0.17971790E+001
  0.11991869E+005  0.17954879E+001
  0.11999866E+005  0.17937958E+001
  0.12007868E+005  0.17921028E+001
  0.12015876E+005  0.17904089E+001
  0.12023889E+005  0.17887140E+001
  0.12031907E+005  0.17870182E+001
  0.12039931E+005  0.17853215E+001
  0.12047960E+005  0.17836239E+001
  0.12055994E+005  0.17819254E+001
  0.12064034E+005  0.17802260E+001
  0.12072079E+005  0.17785257E+001
  0.12080130E+005  0.17768246E+001
  0.12088185E+005  0.17751226E+001
  0.12096247E+005  0.17734197E+001
  0.12104313E+005  0.17717160E+001
  0.12112385E+005  0.17700114E+001
  0.12120462E+005  0.17683060E+001
  0.12128545E+005  0.17665998E+001
  0.12136633E+005  0.17648927E+001
  0.12144727E+005  0.17631849E+001
  0.12152826E+005  0.17614762E+001
  0.12160930E+005  0.17597667E+001
  0.12169040E+005  0.17580565E+001
  0.12177155E+005  0.17563454E+001
  0.12185275E+005  0.17546336E+001
  0.12193401E+005  0.17529210E+001
  0.12201533E+005  0.17512077E+001
  0.12209670E+005  0.17494936E+001
  0.12217812E+005  0.17477787E+001
  0.12225959E+005  0.17460631E+001
  0.12234113E+005  0.17443468E+001
  0.12242271E+005  0.17426298E+001
  0.12250435E+005  0.17409120E+001
  0.12258604E+005  0.17391936E+001
  0.12266779E+005  0.17374744E+001
  0.12274960E+005  0.17357546E+001
  0.12283145E+005  0.17340340E+001
  0.12291337E+005  0.17323128E+001
  0.12299533E+005  0.17305909E+001
  0.12307735E+005  0.17288683E+001
  0.12315943E+005  0.17271451E+001
  0.12324156E+005  0.17254213E+001
  0.12332375E+005  0.17236968E+001
  0.12340599E+005  0.17219716E+001
  0.12348828E+005  0.17202459E+001
  0.12357063E+005  0.17185195E+001
  0.12365304E+005  0.17167925E+001
  0.12373550E+005  0.17150649E+001
  0.12381801E+005  0.17133366E+001
  0.12390058E+005  0.17116078E+001
  0.12398321E+005  0.17098785E+001
  0.12406589E+005  0.17081485E+001
  0.12414862E+005  0.17064180E+001
  0.12423141E+005  0.17046869E+001
  0.12431426E+005  0.17029552E+001
  0.12439716E+005  0.17012230E+001
  0.12448012E+005  0.16994903E+001
  0.12456313E+005  0.16977570E+001
  0.12464620E+005  0.16960232E+001
  0.12472932E+005  0.16942889E+001
  0.12481250E+005  0.16925541E+001
  0.12489573E+005  0.16908187E+001
  0.12497902E+005  0.16890829E+001
  0.12506236E+005  0.16873466E+001
  0.12514576E+005  0.16856098E+001
  0.12522922E+005  0.16838725E+001
  0.12531273E+005  0.16821347E+001
  0.12539630E+005  0.16803965E+001
  0.12547992E+005  0.16786578E+001
  0.12556360E+005  0.16769187E+001
  0.12564733E+005  0.16751791E+001
  0.12573112E+005  0.16734391E+001
  0.12581497E+005  0.16716986E+001
  0.12589887E+005  0.16699578E+001
  0.12598283E+005  0.16682165E+001
  0.12606684E+005  0.16664748E+001
  0.12615091E+005  0.16647327E+001
  0.12623504E+005  0.16629902E+001
  0.12631922E+005  0.16612474E+001
  0.12640346E+005  0.16595041E+001
  0.12648775E+005  0.16577605E+001
  0.12657210E+005  0.16560165E+001
  0.12665651E+005  0.16542722E+001
  0.12674097E+005  0.16525275E+001
  0.12682549E+005  0.16507824E+001
  0.12691007E+005  0.16490370E+001
  0.12699470E+005  0.16472913E+001
  0.12707939E+005  0.16455452E+001
  0.12716413E+005  0.16437989E+001
  0.12724893E+005  0.16420522E+001
  0.12733379E+005  0.16403052E+001
  0.12741871E+005  0.16385579E+001
  0.12750368E+005  0.16368103E+001
  0.12758871E+005  0.16350624E+001
  0.12767379E+005  0.16333143E+001
  0.12775893E+005  0.16315659E+001
  0.12784413E+005  0.16298172E+001
  0.12792938E+005  0.16280682E+001
  0.12801470E+005  0.16263190E+001
  0.12810007E+005  0.16245696E+001
  0.12818549E+005  0.16228199E+001
  0.12827097E+005  0.16210700E+001
  0.12835651E+005  0.16193198E+001
  0.12844211E+005  0.16175695E+001
  0.12852776E+005  0.16158189E+001
  0.12861347E+005  0.16140681E+001
  0.12869924E+005  0.16123171E+001
  0.12878507E+005  0.16105659E+001
  0.12887095E+005  0.16088146E+001
  0.12895689E+005  0.16070630E+001
  0.12904289E+005  0.16053113E+001
  0.12912894E+005  0.16035594E+001
  0.12921505E+005  0.16018073E+001
  0.12930122E+005  0.16000551E+001
  0.12938745E+005  0.15983027E+001
  0.12947373E+005  0.15965502E+001
  0.12956007E+005  0.15947976E+001
  0.12964647E+005  0.15930448E+001
  0.12973293E+005  0.15912919E+001
  0.12981945E+005  0.15895389E+001
  0.12990602E+005  0.15877858E+001
  0.12999265E+005  0.15860326E+001
  0.13007934E+005  0.15842792E+001
  0.13016608E+005  0.15825258E+001
  0.13025288E+005  0.15807723E+001
  0.13033975E+005  0.15790187E+001
  0.13042667E+005  0.15772651E+001
  0.13051364E+005  0.15755113E+001
  0.13060068E+005  0.15737575E+001
  0.13068777E+005  0.15720037E+001
  0.13077492E+005  0.15702498E+001
  0.13086213E+005  0.15684959E+001
  0.13094940E+005  0.15667419E+001
  0.13103673E+005  0.15649879E+001
  0.13112411E+005  0.15632339E+001
  0.13121155E+005  0.15614798E+001
  0.13129905E+005  0.15597258E+001
  0.13138661E+005  0.15579717E+001
  0.13147423E+005  0.15562177E+001
  0.13156190E+005  0.15544636E+001
  0.13164964E+005  0.15527096E+001
  0.13173743E+005  0.15509556E+001
  0.13182528E+005  0.15492016E+001
  0.13191319E+005  0.15474476E+001
  0.13200116E+005  0.15456937E+001
  0.13208919E+005  0.15439398E+001
  0.13217727E+005  0.15421859E+001
  0.13226542E+005  0.15404322E+001
  0.13235362E+005  0.15386784E+001
  0.13244188E+005  0.15369248E+001
  0.13253021E+005  0.15351712E+001
  0.13261859E+005  0.15334177E+001
  0.13270702E+005  0.15316643E+001
  0.13279552E+005  0.15299109E+001
  0.13288408E+005  0.15281577E+001
  0.13297270E+005  0.15264045E+001
  0.13306137E+005  0.15246515E+001
  0.13315010E+005  0.15228986E+001
  0.13323890E+005  0.15211458E+001
  0.13332775E+005  0.15193931E+001
  0.13341666E+005  0.15176406E+001
  0.13350563E+005  0.15158882E+001
  0.13359466E+005  0.15141359E+001
  0.13368375E+005  0.15123838E+001
  0.13377290E+005  0.15106318E+001
  0.13386211E+005  0.15088800E+001
  0.13395138E+005  0.15071284E+001
  0.13404071E+005  0.15053769E+001
  0.13413009E+005  0.15036256E+001
  0.13421954E+005  0.15018745E+001
  0.13430905E+005  0.15001236E+001
  0.13439861E+005  0.14983729E+001
  0.13448824E+005  0.14966223E+001
  0.13457793E+005  0.14948720E+001
  0.13466767E+005  0.14931219E+001
  0.13475748E+005  0.14913720E+001
  0.13484734E+005  0.14896223E+001
  0.13493727E+005  0.14878729E+001
  0.13502725E+005  0.14861237E+001
  0.13511730E+005  0.14843747E+001
  0.13520740E+005  0.14826259E+001
  0.13529757E+005  0.14808774E+001
  0.13538779E+005  0.14791292E+001
  0.13547808E+005  0.14773812E+001
  0.13556843E+005  0.14756335E+001
  0.13565883E+005  0.14738861E+001
  0.13574930E+005  0.14721389E+001
  0.13583982E+005  0.14703920E+001
  0.13593041E+005  0.14686454E+001
  0.13602106E+005  0.14668991E+001
  0.13611177E+005  0.14651531E+001
  0.13620254E+005  0.14634074E+001
  0.13629336E+005  0.14616620E+001
  0.13638425E+005  0.14599170E+001
  0.13647520E+005  0.14581722E+001
  0.13656621E+005  0.14564278E+001
  0.13665729E+005  0.14546836E+001
  0.13674842E+005  0.14529399E+001
  0.13683961E+005  0.14511964E+001
  0.13693086E+005  0.14494533E+001
  0.13702218E+005  0.14477106E+001
  0.13711355E+005  0.14459682E+001
  0.13720499E+005  0.14442262E+001
  0.13729649E+005  0.14424845E+001
  0.13738805E+005  0.14407433E+001
  0.13747967E+005  0.14390024E+001
  0.13757135E+005  0.14372618E+001
  0.13766309E+005  0.14355217E+001
  0.13775489E+005  0.14337819E+001
  0.13784676E+005  0.14320426E+001
  0.13793868E+005  0.14303036E+001
  0.13803067E+005  0.14285651E+001
  0.13812272E+005  0.14268270E+001
  0.13821483E+005  0.14250893E+001
  0.13830700E+005  0.14233520E+001
  0.13839923E+005  0.14216151E+001
  0.13849152E+005  0.14198787E+001
  0.13858388E+005  0.14181427E+001
  0.13867630E+005  0.14164071E+001
  0.13876877E+005  0.14146720E+001
  0.13886131E+005  0.14129374E+001
  0.13895392E+005  0.14112032E+001
  0.13904658E+005  0.14094694E+001
  0.13913931E+005  0.14077362E+001
  0.13923209E+005  0.14060034E+001
  0.13932494E+005  0.14042711E+001
  0.13941785E+005  0.14025392E+001
  0.13951083E+005  0.14008079E+001
  0.13960386E+005  0.13990770E+001
  0.13969696E+005  0.13973466E+001
  0.13979012E+005  0.13956168E+001
  0.13988334E+005  0.13938874E+001
  0.13997662E+005  0.13921586E+001
  0.14006997E+005  0.13904302E+001
  0.14016338E+005  0.13887024E+001
  0.14025685E+005  0.13869751E+001
  0.14035038E+005  0.13852484E+001
  0.14044397E+005  0.13835222E+001
  0.14053763E+005  0.13817965E+001
  0.14063135E+005  0.13800713E+001
  0.14072513E+005  0.13783468E+001
  0.14081898E+005  0.13766227E+001
  0.14091289E+005  0.13748992E+001
  0.14100686E+005  0.13731763E+001
  0.14110089E+005  0.13714540E+001
  0.14119498E+005  0.13697322E+001
  0.14128914E+005  0.13680110E+001
  0.14138336E+005  0.13662904E+001
  0.14147765E+005  0.13645703E+001
  0.14157199E+005  0.13628509E+001
  0.14166640E+005  0.13611320E+001
  0.14176088E+005  0.13594138E+001
  0.14185541E+005  0.13576961E+001
  0.14195001E+005  0.13559791E+001
  0.14204467E+005  0.13542626E+001
  0.14213940E+005  0.13525468E+001
  0.14223419E+005  0.13508316E+001
  0.14232904E+005  0.13491170E+001
  0.14242395E+005  0.13474031E+001
  0.14251893E+005  0.13456898E+001
  0.14261397E+005  0.13439771E+001
  0.14270908E+005  0.13422651E+001
  0.14280424E+005  0.13405537E+001
  0.14289947E+005  0.13388430E+001
  0.14299477E+005  0.13371329E+001
  0.14309013E+005  0.13354235E+001
  0.14318555E+005  0.13337148E+001
  0.14328104E+005  0.13320067E+001
  0.14337658E+005  0.13302993E+001
  0.14347220E+005  0.13285926E+001
  0.14356787E+005  0.13268866E+001
  0.14366362E+005  0.13251812E+001
  0.14375942E+005  0.13234766E+001
  0.14385529E+005  0.13217726E+001
  0.14395122E+005  0.13200693E+001
  0.14404722E+005  0.13183668E+001
  0.14414328E+005  0.13166649E+001
  0.14423940E+005  0.13149638E+001
  0.14433559E+005  0.13132633E+001
  0.14443184E+005  0.13115636E+001
  0.14452816E+005  0.13098647E+001
  0.14462454E+005  0.13081664E+001
  0.14472099E+005  0.13064689E+001
  0.14481750E+005  0.13047721E+001
  0.14491407E+005  0.13030760E+001
  0.14501071E+005  0.13013807E+001
  0.14510741E+005  0.12996862E+001
  0.14520418E+005  0.12979924E+001
  0.14530101E+005  0.12962993E+001
  0.14539791E+005  0.12946071E+001
  0.14549487E+005  0.12929155E+001
  0.14559189E+005  0.12912248E+001
  0.14568898E+005  0.12895348E+001
  0.14578614E+005  0.12878456E+001
  0.14588336E+005  0.12861572E+001
  0.14598064E+005  0.12844696E+001
  0.14607799E+005  0.12827827E+001
  0.14617541E+005  0.12810967E+001
  0.14627289E+005  0.12794114E+001
  0.14637043E+005  0.12777269E+001
  0.14646804E+005  0.12760433E+001
  0.14656572E+005  0.12743604E+001
  0.14666345E+005  0.12726784E+001
  0.14676126E+005  0.12709972E+001
  0.14685913E+005  0.12693168E+001
  0.14695707E+005  0.12676372E+001
  0.14705507E+005  0.12659585E+001
  0.14715313E+005  0.12642805E+001
  0.14725126E+005  0.12626035E+001
  0.14734946E+005  0.12609272E+001
  0.14744772E+005  0.12592518E+001
  0.14754605E+005  0.12575772E+001
  0.14764444E+005  0.12559035E+001
  0.14774290E+005  0.12542307E+001
  0.14784143E+005  0.12525587E+001
  0.14794002E+005  0.12508875E+001
  0.14803868E+005  0.12492173E+001
  0.14813740E+005  0.12475479E+001
  0.14823619E+005  0.12458793E+001
  0.14833504E+005  0.12442116E+001
  0.14843396E+005  0.12425449E+001
  0.14853294E+005  0.12408790E+001
  0.14863200E+005  0.12392139E+001
  0.14873111E+005  0.12375498E+001
  0.14883030E+005  0.12358866E+001
  0.14892955E+005  0.12342242E+001
  0.14902886E+005  0.12325628E+001
  0.14912825E+005  0.12309023E+001
  0.14922770E+005  0.12292426E+001
  0.14932721E+005  0.12275839E+001
  0.14942679E+005  0.12259261E+001
  0.14952644E+005  0.12242692E+001
  0.14962615E+005  0.12226133E+001
  0.14972593E+005  0.12209582E+001
  0.14982578E+005  0.12193041E+001
  0.14992570E+005  0.12176509E+001
  0.15002568E+005  0.12159987E+001
  0.15012572E+005  0.12143473E+001
  0.15022584E+005  0.12126970E+001
  0.15032602E+005  0.12110475E+001
  0.15042626E+005  0.12093991E+001
  0.15052658E+005  0.12077515E+001
  0.15062696E+005  0.12061049E+001
  0.15072741E+005  0.12044593E+001
  0.15082792E+005  0.12028147E+001
  0.15092851E+005  0.12011710E+001
  0.15102915E+005  0.11995283E+001
  0.15112987E+005  0.11978865E+001
  0.15123065E+005  0.11962457E+001
  0.15133151E+005  0.11946059E+001
  0.15143242E+005  0.11929671E+001
  0.15153341E+005  0.11913292E+001
  0.15163446E+005  0.11896924E+001
  0.15173558E+005  0.11880565E+001
  0.15183677E+005  0.11864217E+001
  0.15193802E+005  0.11847878E+001
  0.15203935E+005  0.11831549E+001
  0.15214074E+005  0.11815230E+001
  0.15224219E+005  0.11798922E+001
  0.15234372E+005  0.11782623E+001
  0.15244531E+005  0.11766335E+001
  0.15254697E+005  0.11750056E+001
  0.15264870E+005  0.11733788E+001
  0.15275050E+005  0.11717530E+001
  0.15285236E+005  0.11701282E+001
  0.15295429E+005  0.11685045E+001
  0.15305629E+005  0.11668818E+001
  0.15315836E+005  0.11652601E+001
  0.15326050E+005  0.11636395E+001
  0.15336270E+005  0.11620199E+001
  0.15346497E+005  0.11604013E+001
  0.15356732E+005  0.11587838E+001
  0.15366972E+005  0.11571673E+001
  0.15377220E+005  0.11555519E+001
  0.15387475E+005  0.11539375E+001
  0.15397736E+005  0.11523242E+001
  0.15408004E+005  0.11507120E+001
  0.15418279E+005  0.11491008E+001
  0.15428561E+005  0.11474907E+001
  0.15438850E+005  0.11458816E+001
  0.15449146E+005  0.11442736E+001
  0.15459448E+005  0.11426667E+001
  0.15469758E+005  0.11410609E+001
  0.15480074E+005  0.11394561E+001
  0.15490397E+005  0.11378524E+001
  0.15500727E+005  0.11362499E+001
  0.15511064E+005  0.11346484E+001
  0.15521408E+005  0.11330479E+001
  0.15531759E+005  0.11314486E+001
  0.15542116E+005  0.11298504E+001
  0.15552481E+005  0.11282533E+001
  0.15562852E+005  0.11266573E+001
  0.15573231E+005  0.11250623E+001
  0.15583616E+005  0.11234685E+001
  0.15594008E+005  0.11218758E+001
  0.15604407E+005  0.11202842E+001
  0.15614813E+005  0.11186938E+001
  0.15625226E+005  0.11171044E+001
  0.15635646E+005  0.11155162E+001
  0.15646073E+005  0.11139290E+001
  0.15656507E+005  0.11123431E+001
  0.15666948E+005  0.11107582E+001
  0.15677395E+005  0.11091745E+001
  0.15687850E+005  0.11075919E+001
  0.15698312E+005  0.11060104E+001
  0.15708781E+005  0.11044301E+001
  0.15719256E+005  0.11028509E+001
  0.15729739E+005  0.11012728E+001
  0.15740228E+005  0.10996959E+001
  0.15750725E+005  0.10981202E+001
  0.15761229E+005  0.10965456E+001
  0.15771739E+005  0.10949721E+001
  0.15782257E+005  0.10933998E+001
  0.15792782E+005  0.10918287E+001
  0.15803313E+005  0.10902587E+001
  0.15813852E+005  0.10886899E+001
  0.15824398E+005  0.10871222E+001
  0.15834951E+005  0.10855558E+001
  0.15845510E+005  0.10839904E+001
  0.15856077E+005  0.10824263E+001
  0.15866651E+005  0.10808633E+001
  0.15877232E+005  0.10793015E+001
  0.15887820E+005  0.10777409E+001
  0.15898415E+005  0.10761815E+001
  0.15909017E+005  0.10746233E+001
  0.15919626E+005  0.10730662E+001
  0.15930243E+005  0.10715103E+001
  0.15940866E+005  0.10699556E+001
  0.15951496E+005  0.10684022E+001
  0.15962134E+005  0.10668499E+001
  0.15972779E+005  0.10652988E+001
  0.15983430E+005  0.10637489E+001
  0.15994089E+005  0.10622002E+001
  0.16004755E+005  0.10606527E+001
  0.16015428E+005  0.10591064E+001
  0.16026108E+005  0.10575613E+001
  0.16036796E+005  0.10560175E+001
  0.16047490E+005  0.10544748E+001
  0.16058191E+005  0.10529334E+001
  0.16068900E+005  0.10513931E+001
  0.16079616E+005  0.10498541E+001
  0.16090339E+005  0.10483164E+001
  0.16101069E+005  0.10467798E+001
  0.16111806E+005  0.10452445E+001
  0.16122551E+005  0.10437104E+001
  0.16133302E+005  0.10421775E+001
  0.16144061E+005  0.10406458E+001
  0.16154827E+005  0.10391154E+001
  0.16165600E+005  0.10375863E+001
  0.16176380E+005  0.10360583E+001
  0.16187168E+005  0.10345316E+001
  0.16197963E+005  0.10330062E+001
  0.16208764E+005  0.10314819E+001
  0.16219574E+005  0.10299590E+001
  0.16230390E+005  0.10284373E+001
  0.16241213E+005  0.10269168E+001
  0.16252044E+005  0.10253976E+001
  0.16262882E+005  0.10238796E+001
  0.16273727E+005  0.10223629E+001
  0.16284580E+005  0.10208474E+001
  0.16295439E+005  0.10193333E+001
  0.16306306E+005  0.10178203E+001
  0.16317180E+005  0.10163087E+001
  0.16328062E+005  0.10147983E+001
  0.16338950E+005  0.10132891E+001
  0.16349846E+005  0.10117813E+001
  0.16360749E+005  0.10102747E+001
  0.16371660E+005  0.10087693E+001
  0.16382578E+005  0.10072653E+001
  0.16393503E+005  0.10057625E+001
  0.16404435E+005  0.10042610E+001
  0.16415374E+005  0.10027608E+001
  0.16426321E+005  0.10012619E+001
  0.16437275E+005  0.99976420E+000
  0.16448237E+005  0.99826784E+000
  0.16459206E+005  0.99677275E+000
  0.16470182E+005  0.99527896E+000
  0.16481165E+005  0.99378646E+000
  0.16492156E+005  0.99229525E+000
  0.16503154E+005  0.99080533E+000
  0.16514159E+005  0.98931671E+000
  0.16525172E+005  0.98782938E+000
  0.16536192E+005  0.98634335E+000
  0.16547220E+005  0.98485863E+000
  0.16558254E+005  0.98337520E+000
  0.16569297E+005  0.98189308E+000
  0.16580346E+005  0.98041227E+000
  0.16591403E+005  0.97893276E+000
  0.16602467E+005  0.97745456E+000
  0.16613539E+005  0.97597766E+000
  0.16624618E+005  0.97450208E+000
  0.16635704E+005  0.97302782E+000
  0.16646798E+005  0.97155487E+000
  0.16657899E+005  0.97008323E+000
  0.16669008E+005  0.96861291E+000
  0.16680124E+005  0.96714391E+000
  0.16691247E+005  0.96567624E+000
  0.16702378E+005  0.96420988E+000
  0.16713516E+005  0.96274485E+000
  0.16724662E+005  0.96128115E+000
  0.16735815E+005  0.95981877E+000
  0.16746976E+005  0.95835772E+000
  0.16758144E+005  0.95689800E+000
  0.16769319E+005  0.95543961E+000
  0.16780502E+005  0.95398255E+000
  0.16791692E+005  0.95252683E+000
  0.16802890E+005  0.95107244E+000
  0.16814096E+005  0.94961939E+000
  0.16825308E+005  0.94816768E+000
  0.16836529E+005  0.94671731E+000
  0.16847756E+005  0.94526828E+000
  0.16858992E+005  0.94382059E+000
  0.16870234E+005  0.94237425E+000
  0.16881484E+005  0.94092925E+000
  0.16892742E+005  0.93948560E+000
  0.16904007E+005  0.93804329E+000
  0.16915280E+005  0.93660234E+000
  0.16926560E+005  0.93516273E+000
  0.16937848E+005  0.93372448E+000
  0.16949143E+005  0.93228758E+000
  0.16960446E+005  0.93085204E+000
  0.16971757E+005  0.92941785E+000
  0.16983074E+005  0.92798502E+000
  0.16994400E+005  0.92655355E+000
  0.17005733E+005  0.92512343E+000
  0.17017073E+005  0.92369468E+000
  0.17028422E+005  0.92226729E+000
  0.17039777E+005  0.92084127E+000
  0.17051140E+005  0.91941660E+000
  0.17062511E+005  0.91799331E+000
  0.17073890E+005  0.91657138E+000
  0.17085276E+005  0.91515082E+000
  0.17096669E+005  0.91373163E+000
  0.17108071E+005  0.91231380E+000
  0.17119479E+005  0.91089735E+000
  0.17130896E+005  0.90948228E+000
  0.17142320E+005  0.90806857E+000
  0.17153751E+005  0.90665625E+000
  0.17165191E+005  0.90524529E+000
  0.17176638E+005  0.90383572E+000
  0.17188092E+005  0.90242752E+000
  0.17199554E+005  0.90102071E+000
  0.17211024E+005  0.89961527E+000
  0.17222502E+005  0.89821121E+000
  0.17233987E+005  0.89680854E+000
  0.17245479E+005  0.89540725E+000
  0.17256980E+005  0.89400735E+000
  0.17268488E+005  0.89260883E+000
  0.17280004E+005  0.89121170E+000
  0.17291527E+005  0.88981596E+000
  0.17303058E+005  0.88842161E+000
  0.17314597E+005  0.88702864E+000
  0.17326144E+005  0.88563707E+000
  0.17337698E+005  0.88424689E+000
  0.17349260E+005  0.88285810E+000
  0.17360830E+005  0.88147070E+000
  0.17372407E+005  0.88008470E+000
  0.17383992E+005  0.87870010E+000
  0.17395585E+005  0.87731689E+000
  0.17407185E+005  0.87593508E+000
  0.17418794E+005  0.87455467E+000
  0.17430410E+005  0.87317566E+000
  0.17442033E+005  0.87179804E+000
  0.17453665E+005  0.87042183E+000
  0.17465304E+005  0.86904702E+000
  0.17476951E+005  0.86767362E+000
  0.17488606E+005  0.86630162E+000
  0.17500269E+005  0.86493102E+000
  0.17511939E+005  0.86356183E+000
  0.17523617E+005  0.86219404E+000
  0.17535303E+005  0.86082766E+000
  0.17546997E+005  0.85946269E+000
  0.17558698E+005  0.85809913E+000
  0.17570407E+005  0.85673698E+000
  0.17582125E+005  0.85537624E+000
  0.17593849E+005  0.85401691E+000
  0.17605582E+005  0.85265899E+000
  0.17617323E+005  0.85130248E+000
  0.17629071E+005  0.84994739E+000
  0.17640827E+005  0.84859371E+000
  0.17652592E+005  0.84724145E+000
  0.17664363E+005  0.84589060E+000
  0.17676143E+005  0.84454117E+000
  0.17687931E+005  0.84319316E+000
  0.17699726E+005  0.84184657E+000
  0.17711530E+005  0.84050139E+000
  0.17723341E+005  0.83915763E+000
  0.17735160E+005  0.83781530E+000
  0.17746987E+005  0.83647438E+000
  0.17758822E+005  0.83513488E+000
  0.17770665E+005  0.83379681E+000
  0.17782515E+005  0.83246016E+000
  0.17794374E+005  0.83112493E+000
  0.17806240E+005  0.82979113E+000
  0.17818115E+005  0.82845875E+000
  0.17829997E+005  0.82712780E+000
  0.17841887E+005  0.82579827E+000
  0.17853785E+005  0.82447017E+000
  0.17865692E+005  0.82314350E+000
  0.17877606E+005  0.82181825E+000
  0.17889528E+005  0.82049443E+000
  0.17901458E+005  0.81917204E+000
  0.17913395E+005  0.81785109E+000
  0.17925341E+005  0.81653156E+000
  0.17937295E+005  0.81521346E+000
  0.17949257E+005  0.81389679E+000
  0.17961227E+005  0.81258155E+000
  0.17973204E+005  0.81126775E+000
  0.17985190E+005  0.80995537E+000
  0.17997184E+005  0.80864444E+000
  0.18009186E+005  0.80733493E+000
  0.18021195E+005  0.80602686E+000
  0.18033213E+005  0.80472022E+000
  0.18045239E+005  0.80341502E+000
  0.18057273E+005  0.80211126E+000
  0.18069314E+005  0.80080893E+000
  0.18081364E+005  0.79950803E+000
  0.18093422E+005  0.79820858E+000
  0.18105488E+005  0.79691056E+000
  0.18117562E+005  0.79561397E+000
  0.18129644E+005  0.79431883E+000
  0.18141734E+005  0.79302513E+000
  0.18153832E+005  0.79173286E+000
  0.18165938E+005  0.79044204E+000
  0.18178052E+005  0.78915265E+000
  0.18190175E+005  0.78786470E+000
  0.18202305E+005  0.78657820E+000
  0.18214444E+005  0.78529313E+000
  0.18226590E+005  0.78400951E+000
  0.18238745E+005  0.78272733E+000
  0.18250908E+005  0.78144659E+000
  0.18263079E+005  0.78016729E+000
  0.18275258E+005  0.77888944E+000
  0.18287445E+005  0.77761303E+000
  0.18299640E+005  0.77633806E+000
  0.18311844E+005  0.77506453E+000
  0.18324055E+005  0.77379245E+000
  0.18336275E+005  0.77252182E+000
  0.18348503E+005  0.77125263E+000
  0.18360739E+005  0.76998488E+000
  0.18372983E+005  0.76871858E+000
  0.18385235E+005  0.76745372E+000
  0.18397496E+005  0.76619031E+000
  0.18409764E+005  0.76492835E+000
  0.18422041E+005  0.76366783E+000
  0.18434326E+005  0.76240876E+000
  0.18446620E+005  0.76115114E+000
  0.18458921E+005  0.75989496E+000
  0.18471231E+005  0.75864023E+000
  0.18483549E+005  0.75738694E+000
  0.18495875E+005  0.75613511E+000
  0.18508209E+005  0.75488472E+000
  0.18520551E+005  0.75363578E+000
  0.18532902E+005  0.75238829E+000
  0.18545261E+005  0.75114224E+000
  0.18557628E+005  0.74989765E+000
  0.18570004E+005  0.74865450E+000
  0.18582388E+005  0.74741280E+000
  0.18594780E+005  0.74617256E+000
  0.18607180E+005  0.74493376E+000
  0.18619588E+005  0.74369640E+000
  0.18632005E+005  0.74246050E+000
  0.18644430E+005  0.74122605E+000
  0.18656863E+005  0.73999305E+000
  0.18669305E+005  0.73876150E+000
  0.18681755E+005  0.73753139E+000
  0.18694213E+005  0.73630274E+000
  0.18706680E+005  0.73507554E+000
  0.18719155E+005  0.73384978E+000
  0.18731638E+005  0.73262548E+000
  0.18744129E+005  0.73140263E+000
  0.18756629E+005  0.73018123E+000
  0.18769137E+005  0.72896128E+000
  0.18781654E+005  0.72774277E+000
  0.18794179E+005  0.72652572E+000
  0.18806712E+005  0.72531012E+000
  0.18819254E+005  0.72409597E+000
  0.18831803E+005  0.72288327E+000
  0.18844362E+005  0.72167202E+000
  0.18856928E+005  0.72046222E+000
  0.18869503E+005  0.71925388E+000
  0.18882087E+005  0.71804698E+000
  0.18894679E+005  0.71684153E+000
  0.18907279E+005  0.71563754E+000
  0.18919888E+005  0.71443499E+000
  0.18932505E+005  0.71323390E+000
  0.18945130E+005  0.71203425E+000
  0.18957764E+005  0.71083606E+000
  0.18970406E+005  0.70963931E+000
  0.18983057E+005  0.70844402E+000
  0.18995716E+005  0.70725017E+000
  0.19008384E+005  0.70605778E+000
  0.19021060E+005  0.70486684E+000
  0.19033744E+005  0.70367735E+000
  0.19046437E+005  0.70248930E+000
  0.19059139E+005  0.70130271E+000
  0.19071849E+005  0.70011757E+000
  0.19084567E+005  0.69893387E+000
  0.19097294E+005  0.69775163E+000
  0.19110029E+005  0.69657083E+000
  0.19122773E+005  0.69539149E+000
  0.19135525E+005  0.69421359E+000
  0.19148286E+005  0.69303714E+000
  0.19161056E+005  0.69186215E+000
  0.19173834E+005  0.69068860E+000
  0.19186620E+005  0.68951650E+000
  0.19199415E+005  0.68834584E+000
  0.19212218E+005  0.68717664E+000
  0.19225030E+005  0.68600888E+000
  0.19237851E+005  0.68484258E+000
  0.19250680E+005  0.68367772E+000
  0.19263518E+005  0.68251431E+000
  0.19276364E+005  0.68135234E+000
  0.19289219E+005  0.68019182E+000
  0.19302082E+005  0.67903275E+000
  0.19314954E+005  0.67787513E+000
  0.19327834E+005  0.67671895E+000
  0.19340723E+005  0.67556422E+000
  0.19353621E+005  0.67441094E+000
  0.19366527E+005  0.67325910E+000
  0.19379442E+005  0.67210871E+000
  0.19392366E+005  0.67095976E+000
  0.19405298E+005  0.66981226E+000
  0.19418239E+005  0.66866620E+000
  0.19431188E+005  0.66752159E+000
  0.19444146E+005  0.66637842E+000
  0.19457113E+005  0.66523670E+000
  0.19470088E+005  0.66409642E+000
  0.19483072E+005  0.66295758E+000
  0.19496065E+005  0.66182019E+000
  0.19509066E+005  0.66068424E+000
  0.19522076E+005  0.65954973E+000
  0.19535094E+005  0.65841667E+000
  0.19548122E+005  0.65728505E+000
  0.19561158E+005  0.65615487E+000
  0.19574202E+005  0.65502613E+000
  0.19587256E+005  0.65389883E+000
  0.19600318E+005  0.65277297E+000
  0.19613389E+005  0.65164856E+000
  0.19626468E+005  0.65052558E+000
  0.19639556E+005  0.64940405E+000
  0.19652653E+005  0.64828395E+000
  0.19665759E+005  0.64716529E+000
  0.19678873E+005  0.64604807E+000
  0.19691997E+005  0.64493229E+000
  0.19705129E+005  0.64381795E+000
  0.19718269E+005  0.64270505E+000
  0.19731419E+005  0.64159358E+000
  0.19744577E+005  0.64048355E+000
  0.19757744E+005  0.63937495E+000
  0.19770920E+005  0.63826780E+000
  0.19784104E+005  0.63716207E+000
  0.19797298E+005  0.63605779E+000
  0.19810500E+005  0.63495494E+000
  0.19823711E+005  0.63385352E+000
  0.19836931E+005  0.63275354E+000
  0.19850159E+005  0.63165499E+000
  0.19863397E+005  0.63055787E+000
  0.19876643E+005  0.62946219E+000
  0.19889898E+005  0.62836794E+000
  0.19903162E+005  0.62727512E+000
  0.19916435E+005  0.62618373E+000
  0.19929716E+005  0.62509377E+000
  0.19943007E+005  0.62400525E+000
  0.19956306E+005  0.62291815E+000
  0.19969614E+005  0.62183248E+000
  0.19982931E+005  0.62074825E+000
  0.19996257E+005  0.61966544E+000
  0.20009592E+005  0.61858406E+000
  0.20022936E+005  0.61750410E+000
  0.20036288E+005  0.61642558E+000
  0.20049650E+005  0.61534848E+000
  0.20063020E+005  0.61427280E+000
  0.20076400E+005  0.61319856E+000
  0.20089788E+005  0.61212573E+000
  0.20103185E+005  0.61105434E+000
  0.20116591E+005  0.60998436E+000
  0.20130006E+005  0.60891581E+000
  0.20143430E+005  0.60784869E+000
  0.20156863E+005  0.60678298E+000
  0.20170305E+005  0.60571870E+000
  0.20183756E+005  0.60465584E+000
  0.20197216E+005  0.60359440E+000
  0.20210685E+005  0.60253438E+000
  0.20224163E+005  0.60147578E+000
  0.20237650E+005  0.60041860E+000
  0.20251145E+005  0.59936283E+000
  0.20264650E+005  0.59830849E+000
  0.20278164E+005  0.59725556E+000
  0.20291687E+005  0.59620405E+000
  0.20305219E+005  0.59515396E+000
  0.20318760E+005  0.59410528E+000
  0.20332310E+005  0.59305802E+000
  0.20345869E+005  0.59201217E+000
  0.20359436E+005  0.59096774E+000
  0.20373014E+005  0.58992472E+000
  0.20386600E+005  0.58888311E+000
  0.20400195E+005  0.58784291E+000
  0.20413799E+005  0.58680413E+000
  0.20427412E+005  0.58576675E+000
  0.20441035E+005  0.58473079E+000
  0.20454666E+005  0.58369624E+000
  0.20468307E+005  0.58266309E+000
  0.20481956E+005  0.58163135E+000
  0.20495615E+005  0.58060102E+000
  0.20509283E+005  0.57957210E+000
  0.20522960E+005  0.57854459E+000
  0.20536646E+005  0.57751848E+000
  0.20550341E+005  0.57649377E+000
  0.20564045E+005  0.57547047E+000
  0.20577759E+005  0.57444857E+000
  0.20591481E+005  0.57342808E+000
  0.20605213E+005  0.57240899E+000
  0.20618954E+005  0.57139130E+000
  0.20632704E+005  0.57037501E+000
  0.20646464E+005  0.56936012E+000
  0.20660232E+005  0.56834663E+000
  0.20674010E+005  0.56733454E+000
  0.20687796E+005  0.56632385E+000
  0.20701592E+005  0.56531456E+000
  0.20715398E+005  0.56430666E+000
  0.20729212E+005  0.56330016E+000
  0.20743036E+005  0.56229506E+000
  0.20756868E+005  0.56129134E+000
  0.20770711E+005  0.56028903E+000
  0.20784562E+005  0.55928810E+000
  0.20798422E+005  0.55828857E+000
  0.20812292E+005  0.55729043E+000
  0.20826171E+005  0.55629368E+000
  0.20840059E+005  0.55529832E+000
  0.20853957E+005  0.55430436E+000
  0.20867864E+005  0.55331178E+000
  0.20881780E+005  0.55232058E+000
  0.20895705E+005  0.55133078E+000
  0.20909640E+005  0.55034236E+000
  0.20923584E+005  0.54935533E+000
  0.20937537E+005  0.54836968E+000
  0.20951500E+005  0.54738542E+000
  0.20965471E+005  0.54640254E+000
  0.20979453E+005  0.54542104E+000
  0.20993443E+005  0.54444092E+000
  0.21007443E+005  0.54346219E+000
  0.21021452E+005  0.54248484E+000
  0.21035471E+005  0.54150886E+000
  0.21049499E+005  0.54053427E+000
  0.21063536E+005  0.53956105E+000
  0.21077582E+005  0.53858921E+000
  0.21091638E+005  0.53761874E+000
  0.21105704E+005  0.53664965E+000
  0.21119778E+005  0.53568194E+000
  0.21133862E+005  0.53471560E+000
  0.21147956E+005  0.53375063E+000
  0.21162059E+005  0.53278703E+000
  0.21176171E+005  0.53182481E+000
  0.21190293E+005  0.53086396E+000
  0.21204424E+005  0.52990447E+000
  0.21218564E+005  0.52894636E+000
  0.21232714E+005  0.52798961E+000
  0.21246874E+005  0.52703423E+000
  0.21261042E+005  0.52608022E+000
  0.21275221E+005  0.52512757E+000
  0.21289408E+005  0.52417629E+000
  0.21303606E+005  0.52322637E+000
  0.21317812E+005  0.52227781E+000
  0.21332028E+005  0.52133061E+000
  0.21346254E+005  0.52038478E+000
  0.21360489E+005  0.51944031E+000
  0.21374734E+005  0.51849719E+000
  0.21388988E+005  0.51755544E+000
  0.21403251E+005  0.51661504E+000
  0.21417525E+005  0.51567600E+000
  0.21431807E+005  0.51473832E+000
  0.21446099E+005  0.51380199E+000
  0.21460401E+005  0.51286701E+000
  0.21474712E+005  0.51193339E+000
  0.21489033E+005  0.51100112E+000
  0.21503363E+005  0.51007020E+000
  0.21517703E+005  0.50914063E+000
  0.21532053E+005  0.50821241E+000
  0.21546412E+005  0.50728554E+000
  0.21560780E+005  0.50636002E+000
  0.21575158E+005  0.50543585E+000
  0.21589546E+005  0.50451302E+000
  0.21603944E+005  0.50359154E+000
  0.21618351E+005  0.50267140E+000
  0.21632767E+005  0.50175260E+000
  0.21647193E+005  0.50083514E+000
  0.21661629E+005  0.49991903E+000
  0.21676074E+005  0.49900426E+000
  0.21690529E+005  0.49809083E+000
  0.21704994E+005  0.49717873E+000
  0.21719469E+005  0.49626798E+000
  0.21733953E+005  0.49535856E+000
  0.21748446E+005  0.49445047E+000
  0.21762949E+005  0.49354372E+000
  0.21777462E+005  0.49263831E+000
  0.21791985E+005  0.49173422E+000
  0.21806517E+005  0.49083147E+000
  0.21821060E+005  0.48993005E+000
  0.21835611E+005  0.48902996E+000
  0.21850173E+005  0.48813120E+000
  0.21864744E+005  0.48723377E+000
  0.21879325E+005  0.48633766E+000
  0.21893915E+005  0.48544288E+000
  0.21908516E+005  0.48454943E+000
  0.21923126E+005  0.48365730E+000
  0.21937745E+005  0.48276649E+000
  0.21952375E+005  0.48187700E+000
  0.21967014E+005  0.48098884E+000
  0.21981663E+005  0.48010199E+000
  0.21996322E+005  0.47921647E+000
  0.22010991E+005  0.47833226E+000
  0.22025669E+005  0.47744937E+000
  0.22040357E+005  0.47656780E+000
  0.22055055E+005  0.47568754E+000
  0.22069763E+005  0.47480859E+000
  0.22084481E+005  0.47393096E+000
  0.22099208E+005  0.47305464E+000
  0.22113945E+005  0.47217964E+000
  0.22128693E+005  0.47130594E+000
  0.22143449E+005  0.47043355E+000
  0.22158216E+005  0.46956247E+000
  0.22172993E+005  0.46869270E+000
  0.22187779E+005  0.46782423E+000
  0.22202575E+005  0.46695707E+000
  0.22217382E+005  0.46609121E+000
  0.22232198E+005  0.46522665E+000
  0.22247024E+005  0.46436340E+000
  0.22261859E+005  0.46350144E+000
  0.22276705E+005  0.46264079E+000
  0.22291561E+005  0.46178144E+000
  0.22306426E+005  0.46092338E+000
  0.22321302E+005  0.46006662E+000
  0.22336187E+005  0.45921116E+000
  0.22351082E+005  0.45835699E+000
  0.22365987E+005  0.45750411E+000
  0.22380902E+005  0.45665253E+000
  0.22395828E+005  0.45580223E+000
  0.22410763E+005  0.45495323E+000
  0.22425708E+005  0.45410552E+000
  0.22440662E+005  0.45325909E+000
  0.22455627E+005  0.45241396E+000
  0.22470602E+005  0.45157011E+000
  0.22485587E+005  0.45072754E+000
  0.22500582E+005  0.44988626E+000
  0.22515587E+005  0.44904626E+000
  0.22530602E+005  0.44820754E+000
  0.22545627E+005  0.44737011E+000
  0.22560662E+005  0.44653395E+000
  0.22575707E+005  0.44569907E+000
  0.22590762E+005  0.44486547E+000
  0.22605827E+005  0.44403314E+000
  0.22620902E+005  0.44320210E+000
  0.22635987E+005  0.44237232E+000
  0.22651082E+005  0.44154382E+000
  0.22666187E+005  0.44071659E+000
  0.22681303E+005  0.43989063E+000
  0.22696428E+005  0.43906594E+000
  0.22711564E+005  0.43824252E+000
  0.22726709E+005  0.43742037E+000
  0.22741865E+005  0.43659948E+000
  0.22757031E+005  0.43577986E+000
  0.22772207E+005  0.43496151E+000
  0.22787393E+005  0.43414441E+000
  0.22802589E+005  0.43332858E+000
  0.22817795E+005  0.43251401E+000
  0.22833011E+005  0.43170070E+000
  0.22848238E+005  0.43088865E+000
  0.22863475E+005  0.43007786E+000
  0.22878722E+005  0.42926832E+000
  0.22893979E+005  0.42846004E+000
  0.22909246E+005  0.42765301E+000
  0.22924523E+005  0.42684724E+000
  0.22939811E+005  0.42604272E+000
  0.22955109E+005  0.42523945E+000
  0.22970417E+005  0.42443743E+000
  0.22985735E+005  0.42363665E+000
  0.23001063E+005  0.42283713E+000
  0.23016402E+005  0.42203885E+000
  0.23031751E+005  0.42124182E+000
  0.23047110E+005  0.42044603E+000
  0.23062479E+005  0.41965148E+000
  0.23077859E+005  0.41885818E+000
  0.23093249E+005  0.41806611E+000
  0.23108649E+005  0.41727529E+000
  0.23124059E+005  0.41648570E+000
  0.23139480E+005  0.41569735E+000
  0.23154911E+005  0.41491024E+000
  0.23170352E+005  0.41412436E+000
  0.23185804E+005  0.41333972E+000
  0.23201266E+005  0.41255631E+000
  0.23216738E+005  0.41177413E+000
  0.23232220E+005  0.41099318E+000
  0.23247713E+005  0.41021346E+000
  0.23263216E+005  0.40943497E+000
  0.23278730E+005  0.40865770E+000
  0.23294253E+005  0.40788166E+000
  0.23309787E+005  0.40710685E+000
  0.23325332E+005  0.40633326E+000
  0.23340887E+005  0.40556089E+000
  0.23356452E+005  0.40478974E+000
  0.23372028E+005  0.40401981E+000
  0.23387614E+005  0.40325110E+000
  0.23403210E+005  0.40248361E+000
  0.23418817E+005  0.40171733E+000
  0.23434434E+005  0.40095227E+000
  0.23450062E+005  0.40018842E+000
  0.23465700E+005  0.39942579E+000
  0.23481349E+005  0.39866437E+000
  0.23497007E+005  0.39790415E+000
  0.23512677E+005  0.39714515E+000
  0.23528357E+005  0.39638736E+000
  0.23544047E+005  0.39563077E+000
  0.23559748E+005  0.39487539E+000
  0.23575459E+005  0.39412121E+000
  0.23591181E+005  0.39336823E+000
  0.23606913E+005  0.39261646E+000
  0.23622655E+005  0.39186589E+000
  0.23638409E+005  0.39111652E+000
  0.23654172E+005  0.39036835E+000
  0.23669946E+005  0.38962137E+000
  0.23685731E+005  0.38887559E+000
  0.23701526E+005  0.38813101E+000
  0.23717332E+005  0.38738762E+000
  0.23733148E+005  0.38664542E+000
  0.23748975E+005  0.38590441E+000
  0.23764813E+005  0.38516460E+000
  0.23780661E+005  0.38442597E+000
  0.23796519E+005  0.38368853E+000
  0.23812388E+005  0.38295227E+000
  0.23828268E+005  0.38221721E+000
  0.23844158E+005  0.38148332E+000
  0.23860059E+005  0.38075062E+000
  0.23875971E+005  0.38001910E+000
  0.23891893E+005  0.37928877E+000
  0.23907825E+005  0.37855961E+000
  0.23923769E+005  0.37783163E+000
  0.23939723E+005  0.37710482E+000
  0.23955687E+005  0.37637919E+000
  0.23971662E+005  0.37565474E+000
  0.23987648E+005  0.37493146E+000
  0.24003645E+005  0.37420935E+000
  0.24019652E+005  0.37348841E+000
  0.24035670E+005  0.37276864E+000
  0.24051699E+005  0.37205004E+000
  0.24067738E+005  0.37133261E+000
  0.24083788E+005  0.37061634E+000
  0.24099849E+005  0.36990124E+000
  0.24115920E+005  0.36918730E+000
  0.24132002E+005  0.36847453E+000
  0.24148095E+005  0.36776291E+000
  0.24164198E+005  0.36705245E+000
  0.24180313E+005  0.36634316E+000
  0.24196438E+005  0.36563502E+000
  0.24212574E+005  0.36492803E+000
  0.24228720E+005  0.36422220E+000
  0.24244878E+005  0.36351753E+000
  0.24261046E+005  0.36281401E+000
  0.24277225E+005  0.36211163E+000
  0.24293414E+005  0.36141041E+000
  0.24309615E+005  0.36071034E+000
  0.24325826E+005  0.36001141E+000
  0.24342048E+005  0.35931364E+000
  0.24358281E+005  0.35861700E+000
  0.24374525E+005  0.35792151E+000
  0.24390779E+005  0.35722716E+000
  0.24407045E+005  0.35653396E+000
  0.24423321E+005  0.35584189E+000
  0.24439608E+005  0.35515096E+000
  0.24455906E+005  0.35446117E+000
  0.24472215E+005  0.35377252E+000
  0.24488534E+005  0.35308500E+000
  0.24504865E+005  0.35239861E+000
  0.24521206E+005  0.35171336E+000
  0.24537559E+005  0.35102924E+000
  0.24553922E+005  0.35034625E+000
  0.24570296E+005  0.34966439E+000
  0.24586681E+005  0.34898365E+000
  0.24603077E+005  0.34830404E+000
  0.24619484E+005  0.34762556E+000
  0.24635902E+005  0.34694820E+000
  0.24652331E+005  0.34627196E+000
  0.24668771E+005  0.34559685E+000
  0.24685222E+005  0.34492285E+000
  0.24701684E+005  0.34424998E+000
  0.24718156E+005  0.34357822E+000
  0.24734640E+005  0.34290758E+000
  0.24751135E+005  0.34223805E+000
  0.24767640E+005  0.34156964E+000
  0.24784157E+005  0.34090234E+000
  0.24800685E+005  0.34023615E+000
  0.24817224E+005  0.33957107E+000
  0.24833773E+005  0.33890710E+000
  0.24850334E+005  0.33824423E+000
  0.24866906E+005  0.33758248E+000
  0.24883489E+005  0.33692182E+000
  0.24900083E+005  0.33626228E+000
  0.24916688E+005  0.33560383E+000
  0.24933304E+005  0.33494649E+000
  0.24949931E+005  0.33429024E+000
  0.24966570E+005  0.33363510E+000
  0.24983219E+005  0.33298105E+000
  0.24999879E+005  0.33232810E+000
  0.25016551E+005  0.33167624E+000
  0.25033234E+005  0.33102548E+000
  0.25049928E+005  0.33037581E+000
  0.25066633E+005  0.32972723E+000
  0.25083349E+005  0.32907974E+000
  0.25100076E+005  0.32843334E+000
  0.25116814E+005  0.32778803E+000
  0.25133564E+005  0.32714380E+000
  0.25150325E+005  0.32650066E+000
  0.25167097E+005  0.32585860E+000
  0.25183880E+005  0.32521762E+000
  0.25200674E+005  0.32457773E+000
  0.25217479E+005  0.32393891E+000
  0.25234296E+005  0.32330118E+000
  0.25251124E+005  0.32266452E+000
  0.25267963E+005  0.32202893E+000
  0.25284814E+005  0.32139442E+000
  0.25301675E+005  0.32076099E+000
  0.25318548E+005  0.32012862E+000
  0.25335432E+005  0.31949733E+000
  0.25352327E+005  0.31886711E+000
  0.25369234E+005  0.31823796E+000
  0.25386152E+005  0.31760987E+000
  0.25403081E+005  0.31698285E+000
  0.25420022E+005  0.31635689E+000
  0.25436973E+005  0.31573200E+000
  0.25453936E+005  0.31510817E+000
  0.25470911E+005  0.31448540E+000
  0.25487896E+005  0.31386369E+000
  0.25504894E+005  0.31324303E+000
  0.25521902E+005  0.31262344E+000
  0.25538922E+005  0.31200490E+000
  0.25555953E+005  0.31138741E+000
  0.25572995E+005  0.31077098E+000
  0.25590049E+005  0.31015560E+000
  0.25607114E+005  0.30954127E+000
  0.25624191E+005  0.30892799E+000
  0.25641278E+005  0.30831576E+000
  0.25658378E+005  0.30770457E+000
  0.25675488E+005  0.30709443E+000
  0.25692611E+005  0.30648533E+000
  0.25709744E+005  0.30587728E+000
  0.25726889E+005  0.30527027E+000
  0.25744046E+005  0.30466430E+000
  0.25761213E+005  0.30405937E+000
  0.25778393E+005  0.30345547E+000
  0.25795583E+005  0.30285262E+000
  0.25812786E+005  0.30225079E+000
  0.25829999E+005  0.30165001E+000
  0.25847224E+005  0.30105025E+000
  0.25864461E+005  0.30045153E+000
  0.25881709E+005  0.29985384E+000
  0.25898969E+005  0.29925717E+000
  0.25916240E+005  0.29866153E+000
  0.25933523E+005  0.29806692E+000
  0.25950817E+005  0.29747334E+000
  0.25968123E+005  0.29688078E+000
  0.25985440E+005  0.29628924E+000
  0.26002769E+005  0.29569872E+000
  0.26020109E+005  0.29510923E+000
  0.26037461E+005  0.29452075E+000
  0.26054825E+005  0.29393329E+000
  0.26072200E+005  0.29334684E+000
  0.26089586E+005  0.29276141E+000
  0.26106985E+005  0.29217700E+000
  0.26124395E+005  0.29159359E+000
  0.26141816E+005  0.29101120E+000
  0.26159249E+005  0.29042982E+000
  0.26176694E+005  0.28984944E+000
  0.26194150E+005  0.28927008E+000
  0.26211618E+005  0.28869172E+000
  0.26229098E+005  0.28811436E+000
  0.26246589E+005  0.28753801E+000
  0.26264092E+005  0.28696266E+000
  0.26281607E+005  0.28638831E+000
  0.26299133E+005  0.28581496E+000
  0.26316671E+005  0.28524261E+000
  0.26334221E+005  0.28467125E+000
  0.26351782E+005  0.28410090E+000
  0.26369355E+005  0.28353153E+000
  0.26386940E+005  0.28296316E+000
  0.26404537E+005  0.28239578E+000
  0.26422145E+005  0.28182940E+000
  0.26439765E+005  0.28126400E+000
  0.26457397E+005  0.28069959E+000
  0.26475041E+005  0.28013617E+000
  0.26492696E+005  0.27957373E+000
  0.26510363E+005  0.27901228E+000
  0.26528042E+005  0.27845181E+000
  0.26545733E+005  0.27789232E+000
  0.26563435E+005  0.27733381E+000
  0.26581149E+005  0.27677628E+000
  0.26598875E+005  0.27621973E+000
  0.26616613E+005  0.27566416E+000
  0.26634363E+005  0.27510956E+000
  0.26652125E+005  0.27455594E+000
  0.26669898E+005  0.27400329E+000
  0.26687683E+005  0.27345161E+000
  0.26705480E+005  0.27290090E+000
  0.26723289E+005  0.27235116E+000
  0.26741110E+005  0.27180239E+000
  0.26758943E+005  0.27125459E+000
  0.26776788E+005  0.27070775E+000
  0.26794644E+005  0.27016187E+000
  0.26812513E+005  0.26961696E+000
  0.26830393E+005  0.26907301E+000
  0.26848285E+005  0.26853002E+000
  0.26866190E+005  0.26798799E+000
  0.26884106E+005  0.26744691E+000
  0.26902034E+005  0.26690680E+000
  0.26919974E+005  0.26636763E+000
  0.26937926E+005  0.26582942E+000
  0.26955890E+005  0.26529217E+000
  0.26973866E+005  0.26475587E+000
  0.26991854E+005  0.26422051E+000
  0.27009854E+005  0.26368611E+000
  0.27027866E+005  0.26315265E+000
  0.27045890E+005  0.26262014E+000
  0.27063926E+005  0.26208857E+000
  0.27081974E+005  0.26155795E+000
  0.27100034E+005  0.26102827E+000
  0.27118106E+005  0.26049953E+000
  0.27136190E+005  0.25997173E+000
  0.27154286E+005  0.25944487E+000
  0.27172395E+005  0.25891895E+000
  0.27190515E+005  0.25839397E+000
  0.27208648E+005  0.25786991E+000
  0.27226792E+005  0.25734680E+000
  0.27244949E+005  0.25682461E+000
  0.27263117E+005  0.25630336E+000
  0.27281298E+005  0.25578304E+000
  0.27299491E+005  0.25526364E+000
  0.27317696E+005  0.25474517E+000
  0.27335914E+005  0.25422763E+000
  0.27354143E+005  0.25371102E+000
  0.27372385E+005  0.25319532E+000
  0.27390638E+005  0.25268055E+000
  0.27408904E+005  0.25216670E+000
  0.27427182E+005  0.25165377E+000
  0.27445473E+005  0.25114176E+000
  0.27463775E+005  0.25063067E+000
  0.27482090E+005  0.25012049E+000
  0.27500417E+005  0.24961123E+000
  0.27518756E+005  0.24910288E+000
  0.27537107E+005  0.24859545E+000
  0.27555471E+005  0.24808892E+000
  0.27573847E+005  0.24758331E+000
  0.27592235E+005  0.24707860E+000
  0.27610635E+005  0.24657480E+000
  0.27629048E+005  0.24607191E+000
  0.27647473E+005  0.24556992E+000
  0.27665910E+005  0.24506883E+000
  0.27684359E+005  0.24456865E+000
  0.27702821E+005  0.24406937E+000
  0.27721295E+005  0.24357099E+000
  0.27739781E+005  0.24307350E+000
  0.27758280E+005  0.24257692E+000
  0.27776791E+005  0.24208123E+000
  0.27795315E+005  0.24158643E+000
  0.27813850E+005  0.24109253E+000
  0.27832399E+005  0.24059952E+000
  0.27850959E+005  0.24010741E+000
  0.27869532E+005  0.23961618E+000
  0.27888117E+005  0.23912584E+000
  0.27906715E+005  0.23863639E+000
  0.27925325E+005  0.23814782E+000
  0.27943947E+005  0.23766014E+000
  0.27962582E+005  0.23717335E+000
  0.27981230E+005  0.23668743E+000
  0.27999889E+005  0.23620240E+000
  0.28018562E+005  0.23571824E+000
  0.28037246E+005  0.23523497E+000
  0.28055943E+005  0.23475257E+000
  0.28074653E+005  0.23427105E+000
  0.28093375E+005  0.23379041E+000
  0.28112109E+005  0.23331063E+000
  0.28130857E+005  0.23283173E+000
  0.28149616E+005  0.23235371E+000
  0.28168388E+005  0.23187655E+000
  0.28187173E+005  0.23140026E+000
  0.28205970E+005  0.23092484E+000
  0.28224779E+005  0.23045028E+000
  0.28243602E+005  0.22997659E+000
  0.28262436E+005  0.22950376E+000
  0.28281284E+005  0.22903180E+000
  0.28300143E+005  0.22856070E+000
  0.28319016E+005  0.22809045E+000
  0.28337901E+005  0.22762107E+000
  0.28356798E+005  0.22715254E+000
  0.28375709E+005  0.22668488E+000
  0.28394631E+005  0.22621806E+000
  0.28413567E+005  0.22575210E+000
  0.28432515E+005  0.22528699E+000
  0.28451476E+005  0.22482274E+000
  0.28470449E+005  0.22435933E+000
  0.28489435E+005  0.22389678E+000
  0.28508434E+005  0.22343507E+000
  0.28527445E+005  0.22297421E+000
  0.28546469E+005  0.22251419E+000
  0.28565506E+005  0.22205502E+000
  0.28584555E+005  0.22159669E+000
  0.28603617E+005  0.22113921E+000
  0.28622692E+005  0.22068256E+000
  0.28641779E+005  0.22022675E+000
  0.28660880E+005  0.21977178E+000
  0.28679993E+005  0.21931765E+000
  0.28699118E+005  0.21886436E+000
  0.28718257E+005  0.21841190E+000
  0.28737408E+005  0.21796027E+000
  0.28756572E+005  0.21750947E+000
  0.28775749E+005  0.21705951E+000
  0.28794939E+005  0.21661037E+000
  0.28814141E+005  0.21616206E+000
  0.28833356E+005  0.21571458E+000
  0.28852584E+005  0.21526793E+000
  0.28871825E+005  0.21482210E+000
  0.28891079E+005  0.21437710E+000
  0.28910345E+005  0.21393291E+000
  0.28929624E+005  0.21348955E+000
  0.28948917E+005  0.21304701E+000
  0.28968222E+005  0.21260529E+000
  0.28987540E+005  0.21216438E+000
  0.29006870E+005  0.21172429E+000
  0.29026214E+005  0.21128502E+000
  0.29045571E+005  0.21084656E+000
  0.29064940E+005  0.21040891E+000
  0.29084323E+005  0.20997208E+000
  0.29103718E+005  0.20953605E+000
  0.29123126E+005  0.20910083E+000
  0.29142548E+005  0.20866643E+000
  0.29161982E+005  0.20823282E+000
  0.29181429E+005  0.20780003E+000
  0.29200889E+005  0.20736804E+000
  0.29220362E+005  0.20693685E+000
  0.29239848E+005  0.20650646E+000
  0.29259347E+005  0.20607688E+000
  0.29278860E+005  0.20564809E+000
  0.29298385E+005  0.20522010E+000
  0.29317923E+005  0.20479291E+000
  0.29337474E+005  0.20436652E+000
  0.29357038E+005  0.20394092E+000
  0.29376615E+005  0.20351611E+000
  0.29396206E+005  0.20309210E+000
  0.29415809E+005  0.20266888E+000
  0.29435425E+005  0.20224645E+000
  0.29455055E+005  0.20182480E+000
  0.29474697E+005  0.20140395E+000
  0.29494353E+005  0.20098388E+000
  0.29514022E+005  0.20056459E+000
  0.29533704E+005  0.20014609E+000
  0.29553399E+005  0.19972838E+000
  0.29573107E+005  0.19931144E+000
  0.29592828E+005  0.19889529E+000
  0.29612563E+005  0.19847991E+000
  0.29632310E+005  0.19806532E+000
  0.29652071E+005  0.19765150E+000
  0.29671845E+005  0.19723845E+000
  0.29691632E+005  0.19682619E+000
  0.29711433E+005  0.19641469E+000
  0.29731246E+005  0.19600397E+000
  0.29751073E+005  0.19559402E+000
  0.29770913E+005  0.19518483E+000
  0.29790766E+005  0.19477642E+000
  0.29810633E+005  0.19436878E+000
  0.29830513E+005  0.19396190E+000
  0.29850406E+005  0.19355578E+000
  0.29870312E+005  0.19315044E+000
  0.29890231E+005  0.19274585E+000
  0.29910164E+005  0.19234203E+000
  0.29930110E+005  0.19193896E+000
  0.29950070E+005  0.19153666E+000
  0.29970042E+005  0.19113511E+000
  0.29990028E+005  0.19073432E+000
  0.30010028E+005  0.19033429E+000
  0.30030040E+005  0.18993501E+000
  0.30050066E+005  0.18953649E+000
  0.30070106E+005  0.18913872E+000
  0.30090159E+005  0.18874170E+000
  0.30110225E+005  0.18834543E+000
  0.30130304E+005  0.18794991E+000
  0.30150397E+005  0.18755514E+000
  0.30170503E+005  0.18716111E+000
  0.30190623E+005  0.18676783E+000
  0.30210756E+005  0.18637529E+000
  0.30230903E+005  0.18598350E+000
  0.30251063E+005  0.18559245E+000
  0.30271236E+005  0.18520214E+000
  0.30291423E+005  0.18481257E+000
  0.30311623E+005  0.18442374E+000
  0.30331837E+005  0.18403565E+000
  0.30352064E+005  0.18364829E+000
  0.30372305E+005  0.18326167E+000
  0.30392560E+005  0.18287578E+000
  0.30412827E+005  0.18249063E+000
  0.30433109E+005  0.18210621E+000
  0.30453403E+005  0.18172252E+000
  0.30473712E+005  0.18133955E+000
  0.30494034E+005  0.18095732E+000
  0.30514369E+005  0.18057581E+000
  0.30534718E+005  0.18019503E+000
  0.30555081E+005  0.17981498E+000
  0.30575457E+005  0.17943565E+000
  0.30595847E+005  0.17905704E+000
  0.30616250E+005  0.17867915E+000
  0.30636667E+005  0.17830199E+000
  0.30657098E+005  0.17792554E+000
  0.30677542E+005  0.17754981E+000
  0.30698000E+005  0.17717480E+000
  0.30718471E+005  0.17680050E+000
  0.30738956E+005  0.17642692E+000
  0.30759455E+005  0.17605406E+000
  0.30779967E+005  0.17568190E+000
  0.30800494E+005  0.17531046E+000
  0.30821033E+005  0.17493973E+000
  0.30841587E+005  0.17456970E+000
  0.30862154E+005  0.17420039E+000
  0.30882735E+005  0.17383178E+000
  0.30903330E+005  0.17346388E+000
  0.30923938E+005  0.17309668E+000
  0.30944560E+005  0.17273019E+000
  0.30965196E+005  0.17236440E+000
  0.30985846E+005  0.17199931E+000
  0.31006509E+005  0.17163492E+000
  0.31027186E+005  0.17127123E+000
  0.31047877E+005  0.17090823E+000
  0.31068582E+005  0.17054594E+000
  0.31089301E+005  0.17018434E+000
  0.31110033E+005  0.16982344E+000
  0.31130780E+005  0.16946322E+000
  0.31151540E+005  0.16910371E+000
  0.31172314E+005  0.16874488E+000
  0.31193101E+005  0.16838674E+000
  0.31213903E+005  0.16802929E+000
  0.31234718E+005  0.16767254E+000
  0.31255548E+005  0.16731646E+000
  0.31276391E+005  0.16696108E+000
  0.31297248E+005  0.16660637E+000
  0.31318119E+005  0.16625236E+000
  0.31339004E+005  0.16589902E+000
  0.31359903E+005  0.16554637E+000
  0.31380816E+005  0.16519439E+000
  0.31401743E+005  0.16484310E+000
  0.31422684E+005  0.16449248E+000
  0.31443639E+005  0.16414255E+000
  0.31464607E+005  0.16379328E+000
  0.31485590E+005  0.16344470E+000
  0.31506587E+005  0.16309678E+000
  0.31527597E+005  0.16274954E+000
  0.31548622E+005  0.16240297E+000
  0.31569661E+005  0.16205707E+000
  0.31590714E+005  0.16171184E+000
  0.31611780E+005  0.16136728E+000
  0.31632861E+005  0.16102339E+000
  0.31653956E+005  0.16068016E+000
  0.31675065E+005  0.16033760E+000
  0.31696188E+005  0.15999570E+000
  0.31717325E+005  0.15965447E+000
  0.31738477E+005  0.15931390E+000
  0.31759642E+005  0.15897399E+000
  0.31780821E+005  0.15863473E+000
  0.31802015E+005  0.15829614E+000
  0.31823223E+005  0.15795821E+000
  0.31844444E+005  0.15762093E+000
  0.31865680E+005  0.15728430E+000
  0.31886931E+005  0.15694834E+000
  0.31908195E+005  0.15661302E+000
  0.31929473E+005  0.15627836E+000
  0.31950766E+005  0.15594435E+000
  0.31972073E+005  0.15561098E+000
  0.31993394E+005  0.15527827E+000
  0.32014729E+005  0.15494621E+000
  0.32036079E+005  0.15461479E+000
  0.32057443E+005  0.15428402E+000
  0.32078821E+005  0.15395389E+000
  0.32100213E+005  0.15362441E+000
  0.32121620E+005  0.15329557E+000
  0.32143041E+005  0.15296737E+000
  0.32164476E+005  0.15263982E+000
  0.32185925E+005  0.15231290E+000
  0.32207389E+005  0.15198662E+000
  0.32228867E+005  0.15166098E+000
  0.32250359E+005  0.15133597E+000
  0.32271866E+005  0.15101160E+000
  0.32293387E+005  0.15068787E+000
  0.32314922E+005  0.15036476E+000
  0.32336472E+005  0.15004229E+000
  0.32358036E+005  0.14972046E+000
  0.32379615E+005  0.14939925E+000
  0.32401208E+005  0.14907867E+000
  0.32422815E+005  0.14875872E+000
  0.32444437E+005  0.14843939E+000
  0.32466073E+005  0.14812069E+000
  0.32487723E+005  0.14780262E+000
  0.32509388E+005  0.14748517E+000
  0.32531068E+005  0.14716834E+000
  0.32552761E+005  0.14685214E+000
  0.32574470E+005  0.14653656E+000
  0.32596193E+005  0.14622159E+000
  0.32617930E+005  0.14590725E+000
  0.32639682E+005  0.14559352E+000
  0.32661448E+005  0.14528041E+000
  0.32683229E+005  0.14496791E+000
  0.32705024E+005  0.14465603E+000
  0.32726834E+005  0.14434477E+000
  0.32748659E+005  0.14403411E+000
  0.32770498E+005  0.14372407E+000
  0.32792351E+005  0.14341464E+000
  0.32814219E+005  0.14310581E+000
  0.32836102E+005  0.14279760E+000
  0.32857999E+005  0.14248999E+000
  0.32879911E+005  0.14218299E+000
  0.32901838E+005  0.14187660E+000
  0.32923779E+005  0.14157081E+000
  0.32945735E+005  0.14126562E+000
  0.32967705E+005  0.14096104E+000
  0.32989690E+005  0.14065705E+000
  0.33011690E+005  0.14035367E+000
  0.33033704E+005  0.14005089E+000
  0.33055733E+005  0.13974870E+000
  0.33077777E+005  0.13944712E+000
  0.33099836E+005  0.13914612E+000
  0.33121909E+005  0.13884573E+000
  0.33143997E+005  0.13854593E+000
  0.33166099E+005  0.13824672E+000
  0.33188217E+005  0.13794810E+000
  0.33210349E+005  0.13765008E+000
  0.33232496E+005  0.13735264E+000
  0.33254657E+005  0.13705580E+000
  0.33276834E+005  0.13675954E+000
  0.33299025E+005  0.13646387E+000
  0.33321231E+005  0.13616879E+000
  0.33343452E+005  0.13587429E+000
  0.33365687E+005  0.13558038E+000
  0.33387938E+005  0.13528705E+000
  0.33410203E+005  0.13499430E+000
  0.33432483E+005  0.13470213E+000
  0.33454778E+005  0.13441055E+000
  0.33477088E+005  0.13411954E+000
  0.33499413E+005  0.13382911E+000
  0.33521753E+005  0.13353926E+000
  0.33544107E+005  0.13324999E+000
  0.33566477E+005  0.13296129E+000
  0.33588861E+005  0.13267317E+000
  0.33611260E+005  0.13238561E+000
  0.33633674E+005  0.13209864E+000
  0.33656104E+005  0.13181223E+000
  0.33678548E+005  0.13152639E+000
  0.33701007E+005  0.13124113E+000
  0.33723481E+005  0.13095643E+000
  0.33745970E+005  0.13067230E+000
  0.33768474E+005  0.13038873E+000
  0.33790993E+005  0.13010574E+000
  0.33813527E+005  0.12982330E+000
  0.33836076E+005  0.12954143E+000
  0.33858641E+005  0.12926013E+000
  0.33881220E+005  0.12897938E+000
  0.33903814E+005  0.12869920E+000
  0.33926423E+005  0.12841957E+000
  0.33949048E+005  0.12814051E+000
  0.33971687E+005  0.12786200E+000
  0.33994342E+005  0.12758405E+000
  0.34017011E+005  0.12730666E+000
  0.34039696E+005  0.12702982E+000
  0.34062396E+005  0.12675353E+000
  0.34085111E+005  0.12647780E+000
  0.34107842E+005  0.12620262E+000
  0.34130587E+005  0.12592799E+000
  0.34153347E+005  0.12565391E+000
  0.34176123E+005  0.12538038E+000
  0.34198914E+005  0.12510740E+000
  0.34221720E+005  0.12483497E+000
  0.34244542E+005  0.12456308E+000
  0.34267378E+005  0.12429174E+000
  0.34290230E+005  0.12402094E+000
  0.34313097E+005  0.12375069E+000
  0.34335979E+005  0.12348098E+000
  0.34358877E+005  0.12321181E+000
  0.34381789E+005  0.12294319E+000
  0.34404718E+005  0.12267510E+000
  0.34427661E+005  0.12240755E+000
  0.34450620E+005  0.12214054E+000
  0.34473594E+005  0.12187406E+000
  0.34496583E+005  0.12160813E+000
  0.34519587E+005  0.12134272E+000
  0.34542607E+005  0.12107786E+000
  0.34565643E+005  0.12081352E+000
  0.34588693E+005  0.12054972E+000
  0.34611759E+005  0.12028645E+000
  0.34634841E+005  0.12002371E+000
  0.34657938E+005  0.11976150E+000
  0.34681050E+005  0.11949982E+000
  0.34704178E+005  0.11923866E+000
  0.34727321E+005  0.11897803E+000
  0.34750479E+005  0.11871793E+000
  0.34773653E+005  0.11845836E+000
  0.34796842E+005  0.11819930E+000
  0.34820047E+005  0.11794077E+000
  0.34843268E+005  0.11768277E+000
  0.34866503E+005  0.11742528E+000
  0.34889755E+005  0.11716832E+000
  0.34913022E+005  0.11691187E+000
  0.34936304E+005  0.11665594E+000
  0.34959602E+005  0.11640053E+000
  0.34982915E+005  0.11614564E+000
  0.35006244E+005  0.11589126E+000
  0.35029589E+005  0.11563740E+000
  0.35052949E+005  0.11538405E+000
  0.35076324E+005  0.11513122E+000
  0.35099716E+005  0.11487890E+000
  0.35123122E+005  0.11462709E+000
  0.35146545E+005  0.11437578E+000
  0.35169983E+005  0.11412499E+000
  0.35193437E+005  0.11387471E+000
  0.35216906E+005  0.11362493E+000
  0.35240391E+005  0.11337567E+000
  0.35263892E+005  0.11312690E+000
  0.35287408E+005  0.11287865E+000
  0.35310940E+005  0.11263089E+000
  0.35334488E+005  0.11238364E+000
  0.35358051E+005  0.11213690E+000
  0.35381630E+005  0.11189065E+000
  0.35405225E+005  0.11164490E+000
  0.35428835E+005  0.11139966E+000
  0.35452462E+005  0.11115491E+000
  0.35476104E+005  0.11091066E+000
  0.35499762E+005  0.11066691E+000
  0.35523435E+005  0.11042365E+000
  0.35547125E+005  0.11018089E+000
  0.35570830E+005  0.10993862E+000
  0.35594551E+005  0.10969685E+000
  0.35618288E+005  0.10945557E+000
  0.35642040E+005  0.10921478E+000
  0.35665809E+005  0.10897448E+000
  0.35689593E+005  0.10873467E+000
  0.35713393E+005  0.10849536E+000
  0.35737209E+005  0.10825652E+000
  0.35761041E+005  0.10801818E+000
  0.35784889E+005  0.10778032E+000
  0.35808753E+005  0.10754295E+000
  0.35832633E+005  0.10730606E+000
  0.35856528E+005  0.10706966E+000
  0.35880440E+005  0.10683374E+000
  0.35904367E+005  0.10659830E+000
  0.35928311E+005  0.10636335E+000
  0.35952270E+005  0.10612887E+000
  0.35976245E+005  0.10589487E+000
  0.36000237E+005  0.10566136E+000
  0.36024244E+005  0.10542832E+000
  0.36048267E+005  0.10519575E+000
  0.36072307E+005  0.10496367E+000
  0.36096362E+005  0.10473205E+000
  0.36120434E+005  0.10450092E+000
  0.36144521E+005  0.10427025E+000
  0.36168625E+005  0.10404006E+000
  0.36192744E+005  0.10381034E+000
  0.36216880E+005  0.10358109E+000
  0.36241032E+005  0.10335231E+000
  0.36265200E+005  0.10312400E+000
  0.36289384E+005  0.10289616E+000
  0.36313584E+005  0.10266879E+000
  0.36337801E+005  0.10244188E+000
  0.36362033E+005  0.10221544E+000
  0.36386282E+005  0.10198947E+000
  0.36410546E+005  0.10176396E+000
  0.36434827E+005  0.10153891E+000
  0.36459125E+005  0.10131432E+000
  0.36483438E+005  0.10109020E+000
  0.36507768E+005  0.10086654E+000
  0.36532113E+005  0.10064333E+000
  0.36556475E+005  0.10042059E+000
  0.36580854E+005  0.10019830E+000
  0.36605248E+005  0.99976475E-001
  0.36629659E+005  0.99755104E-001
  0.36654086E+005  0.99534189E-001
  0.36678530E+005  0.99313728E-001
  0.36702989E+005  0.99093722E-001
  0.36727465E+005  0.98874169E-001
  0.36751958E+005  0.98655069E-001
  0.36776466E+005  0.98436420E-001
  0.36800991E+005  0.98218223E-001
  0.36825533E+005  0.98000475E-001
  0.36850090E+005  0.97783177E-001
  0.36874664E+005  0.97566327E-001
  0.36899255E+005  0.97349924E-001
  0.36923862E+005  0.97133969E-001
  0.36948485E+005  0.96918459E-001
  0.36973125E+005  0.96703395E-001
  0.36997781E+005  0.96488775E-001
  0.37022454E+005  0.96274598E-001
  0.37047143E+005  0.96060864E-001
  0.37071848E+005  0.95847572E-001
  0.37096570E+005  0.95634722E-001
  0.37121309E+005  0.95422311E-001
  0.37146064E+005  0.95210340E-001
  0.37170835E+005  0.94998808E-001
  0.37195623E+005  0.94787713E-001
  0.37220428E+005  0.94577056E-001
  0.37245249E+005  0.94366835E-001
  0.37270086E+005  0.94157049E-001
  0.37294940E+005  0.93947698E-001
  0.37319811E+005  0.93738781E-001
  0.37344698E+005  0.93530297E-001
  0.37369602E+005  0.93322245E-001
  0.37394523E+005  0.93114625E-001
  0.37419460E+005  0.92907435E-001
  0.37444414E+005  0.92700676E-001
  0.37469384E+005  0.92494345E-001
  0.37494371E+005  0.92288443E-001
  0.37519375E+005  0.92082968E-001
  0.37544396E+005  0.91877920E-001
  0.37569433E+005  0.91673298E-001
  0.37594486E+005  0.91469101E-001
  0.37619557E+005  0.91265328E-001
  0.37644644E+005  0.91061979E-001
  0.37669748E+005  0.90859053E-001
  0.37694869E+005  0.90656549E-001
  0.37720006E+005  0.90454466E-001
  0.37745161E+005  0.90252804E-001
  0.37770332E+005  0.90051561E-001
  0.37795519E+005  0.89850737E-001
  0.37820724E+005  0.89650331E-001
  0.37845945E+005  0.89450343E-001
  0.37871183E+005  0.89250771E-001
  0.37896439E+005  0.89051615E-001
  0.37921710E+005  0.88852874E-001
  0.37946999E+005  0.88654547E-001
  0.37972305E+005  0.88456634E-001
  0.37997627E+005  0.88259133E-001
  0.38022967E+005  0.88062045E-001
  0.38048323E+005  0.87865367E-001
  0.38073696E+005  0.87669100E-001
  0.38099086E+005  0.87473243E-001
  0.38124493E+005  0.87277795E-001
  0.38149917E+005  0.87082754E-001
  0.38175358E+005  0.86888121E-001
  0.38200816E+005  0.86693895E-001
  0.38226291E+005  0.86500075E-001
  0.38251782E+005  0.86306659E-001
  0.38277291E+005  0.86113648E-001
  0.38302817E+005  0.85921041E-001
  0.38328360E+005  0.85728836E-001
  0.38353920E+005  0.85537034E-001
  0.38379497E+005  0.85345633E-001
  0.38405091E+005  0.85154632E-001
  0.38430702E+005  0.84964031E-001
  0.38456330E+005  0.84773830E-001
  0.38481975E+005  0.84584026E-001
  0.38507638E+005  0.84394621E-001
  0.38533317E+005  0.84205612E-001
  0.38559014E+005  0.84016999E-001
  0.38584727E+005  0.83828781E-001
  0.38610458E+005  0.83640959E-001
  0.38636206E+005  0.83453530E-001
  0.38661972E+005  0.83266494E-001
  0.38687754E+005  0.83079850E-001
  0.38713554E+005  0.82893599E-001
  0.38739370E+005  0.82707738E-001
  0.38765204E+005  0.82522267E-001
  0.38791056E+005  0.82337186E-001
  0.38816924E+005  0.82152493E-001
  0.38842810E+005  0.81968189E-001
  0.38868713E+005  0.81784272E-001
  0.38894633E+005  0.81600741E-001
  0.38920570E+005  0.81417596E-001
  0.38946525E+005  0.81234836E-001
  0.38972497E+005  0.81052461E-001
  0.38998487E+005  0.80870469E-001
  0.39024494E+005  0.80688860E-001
  0.39050518E+005  0.80507633E-001
  0.39076559E+005  0.80326788E-001
  0.39102618E+005  0.80146323E-001
  0.39128694E+005  0.79966238E-001
  0.39154788E+005  0.79786533E-001
  0.39180899E+005  0.79607206E-001
  0.39207028E+005  0.79428257E-001
  0.39233173E+005  0.79249686E-001
  0.39259337E+005  0.79071490E-001
  0.39285517E+005  0.78893671E-001
  0.39311716E+005  0.78716226E-001
  0.39337931E+005  0.78539156E-001
  0.39364164E+005  0.78362459E-001
  0.39390415E+005  0.78186135E-001
  0.39416683E+005  0.78010184E-001
  0.39442969E+005  0.77834603E-001
  0.39469272E+005  0.77659394E-001
  0.39495593E+005  0.77484555E-001
  0.39521931E+005  0.77310084E-001
  0.39548287E+005  0.77135983E-001
  0.39574660E+005  0.76962250E-001
  0.39601051E+005  0.76788883E-001
  0.39627460E+005  0.76615884E-001
  0.39653886E+005  0.76443250E-001
  0.39680330E+005  0.76270981E-001
  0.39706792E+005  0.76099077E-001
  0.39733271E+005  0.75927536E-001
  0.39759768E+005  0.75756359E-001
  0.39786282E+005  0.75585544E-001
  0.39812814E+005  0.75415091E-001
  0.39839364E+005  0.75244998E-001
  0.39865932E+005  0.75075266E-001
  0.39892517E+005  0.74905894E-001
  0.39919120E+005  0.74736880E-001
  0.39945741E+005  0.74568225E-001
  0.39972379E+005  0.74399927E-001
  0.39999035E+005  0.74231986E-001
  0.40025709E+005  0.74064402E-001
  0.40052401E+005  0.73897173E-001
  0.40079111E+005  0.73730298E-001
  0.40105838E+005  0.73563778E-001
  0.40132583E+005  0.73397611E-001
  0.40159347E+005  0.73231797E-001
  0.40186127E+005  0.73066336E-001
  0.40212926E+005  0.72901225E-001
  0.40239743E+005  0.72736466E-001
  0.40266577E+005  0.72572056E-001
  0.40293430E+005  0.72407996E-001
  0.40320300E+005  0.72244285E-001
  0.40347189E+005  0.72080921E-001
  0.40374095E+005  0.71917906E-001
  0.40401019E+005  0.71755236E-001
  0.40427961E+005  0.71592913E-001
  0.40454921E+005  0.71430936E-001
  0.40481899E+005  0.71269303E-001
  0.40508895E+005  0.71108014E-001
  0.40535909E+005  0.70947069E-001
  0.40562941E+005  0.70786466E-001
  0.40589991E+005  0.70626205E-001
  0.40617059E+005  0.70466286E-001
  0.40644146E+005  0.70306708E-001
  0.40671250E+005  0.70147470E-001
  0.40698372E+005  0.69988571E-001
  0.40725512E+005  0.69830011E-001
  0.40752671E+005  0.69671789E-001
  0.40779848E+005  0.69513905E-001
  0.40807042E+005  0.69356357E-001
  0.40834255E+005  0.69199146E-001
  0.40861486E+005  0.69042270E-001
  0.40888735E+005  0.68885730E-001
  0.40916003E+005  0.68729523E-001
  0.40943288E+005  0.68573650E-001
  0.40970592E+005  0.68418110E-001
  0.40997914E+005  0.68262902E-001
  0.41025254E+005  0.68108026E-001
  0.41052612E+005  0.67953481E-001
  0.41079989E+005  0.67799266E-001
  0.41107384E+005  0.67645381E-001
  0.41134797E+005  0.67491826E-001
  0.41162228E+005  0.67338598E-001
  0.41189678E+005  0.67185699E-001
  0.41217146E+005  0.67033126E-001
  0.41244632E+005  0.66880881E-001
  0.41272137E+005  0.66728961E-001
  0.41299660E+005  0.66577366E-001
  0.41327202E+005  0.66426096E-001
  0.41354761E+005  0.66275150E-001
  0.41382339E+005  0.66124527E-001
  0.41409936E+005  0.65974228E-001
  0.41437551E+005  0.65824250E-001
  0.41465184E+005  0.65674594E-001
  0.41492836E+005  0.65525258E-001
  0.41520506E+005  0.65376243E-001
  0.41548195E+005  0.65227548E-001
  0.41575902E+005  0.65079172E-001
  0.41603627E+005  0.64931113E-001
  0.41631371E+005  0.64783373E-001
  0.41659134E+005  0.64635950E-001
  0.41686915E+005  0.64488843E-001
  0.41714715E+005  0.64342053E-001
  0.41742533E+005  0.64195577E-001
  0.41770370E+005  0.64049416E-001
  0.41798225E+005  0.63903569E-001
  0.41826099E+005  0.63758036E-001
  0.41853991E+005  0.63612816E-001
  0.41881902E+005  0.63467907E-001
  0.41909832E+005  0.63323311E-001
  0.41937780E+005  0.63179025E-001
  0.41965747E+005  0.63035050E-001
  0.41993733E+005  0.62891384E-001
  0.42021737E+005  0.62748028E-001
  0.42049760E+005  0.62604980E-001
  0.42077801E+005  0.62462240E-001
  0.42105862E+005  0.62319807E-001
  0.42133941E+005  0.62177681E-001
  0.42162038E+005  0.62035862E-001
  0.42190155E+005  0.61894348E-001
  0.42218290E+005  0.61753138E-001
  0.42246444E+005  0.61612233E-001
  0.42274617E+005  0.61471632E-001
  0.42302808E+005  0.61331334E-001
  0.42331019E+005  0.61191339E-001
  0.42359248E+005  0.61051645E-001
  0.42387496E+005  0.60912253E-001
  0.42415762E+005  0.60773162E-001
  0.42444048E+005  0.60634371E-001
  0.42472353E+005  0.60495879E-001
  0.42500676E+005  0.60357686E-001
  0.42529018E+005  0.60219792E-001
  0.42557379E+005  0.60082196E-001
  0.42585760E+005  0.59944896E-001
  0.42614159E+005  0.59807894E-001
  0.42642577E+005  0.59671187E-001
  0.42671013E+005  0.59534776E-001
  0.42699469E+005  0.59398660E-001
  0.42727944E+005  0.59262838E-001
  0.42756438E+005  0.59127310E-001
  0.42784951E+005  0.58992075E-001
  0.42813483E+005  0.58857132E-001
  0.42842034E+005  0.58722482E-001
  0.42870604E+005  0.58588123E-001
  0.42899193E+005  0.58454054E-001
  0.42927801E+005  0.58320276E-001
  0.42956428E+005  0.58186788E-001
  0.42985074E+005  0.58053589E-001
  0.43013739E+005  0.57920678E-001
  0.43042424E+005  0.57788055E-001
  0.43071127E+005  0.57655720E-001
  0.43099850E+005  0.57523671E-001
  0.43128592E+005  0.57391909E-001
  0.43157353E+005  0.57260432E-001
  0.43186133E+005  0.57129240E-001
  0.43214932E+005  0.56998333E-001
  0.43243751E+005  0.56867710E-001
  0.43272589E+005  0.56737371E-001
  0.43301446E+005  0.56607314E-001
  0.43330322E+005  0.56477539E-001
  0.43359218E+005  0.56348046E-001
  0.43388133E+005  0.56218835E-001
  0.43417067E+005  0.56089904E-001
  0.43446020E+005  0.55961253E-001
  0.43474993E+005  0.55832881E-001
  0.43503985E+005  0.55704789E-001
  0.43532996E+005  0.55576974E-001
  0.43562027E+005  0.55449438E-001
  0.43591077E+005  0.55322179E-001
  0.43620146E+005  0.55195196E-001
  0.43649235E+005  0.55068490E-001
  0.43678343E+005  0.54942060E-001
  0.43707471E+005  0.54815904E-001
  0.43736618E+005  0.54690023E-001
  0.43765785E+005  0.54564416E-001
  0.43794970E+005  0.54439082E-001
  0.43824176E+005  0.54314021E-001
  0.43853401E+005  0.54189233E-001
  0.43882645E+005  0.54064716E-001
  0.43911909E+005  0.53940470E-001
  0.43941192E+005  0.53816495E-001
  0.43970495E+005  0.53692791E-001
  0.43999818E+005  0.53569356E-001
  0.44029160E+005  0.53446190E-001
  0.44058521E+005  0.53323292E-001
  0.44087903E+005  0.53200663E-001
  0.44117303E+005  0.53078301E-001
  0.44146724E+005  0.52956205E-001
  0.44176164E+005  0.52834377E-001
  0.44205623E+005  0.52712814E-001
  0.44235103E+005  0.52591516E-001
  0.44264601E+005  0.52470483E-001
  0.44294120E+005  0.52349715E-001
  0.44323658E+005  0.52229210E-001
  0.44353216E+005  0.52108968E-001
  0.44382794E+005  0.51988989E-001
  0.44412391E+005  0.51869272E-001
  0.44442009E+005  0.51749817E-001
  0.44471645E+005  0.51630623E-001
  0.44501302E+005  0.51511689E-001
  0.44530979E+005  0.51393016E-001
  0.44560675E+005  0.51274602E-001
  0.44590391E+005  0.51156447E-001
  0.44620127E+005  0.51038550E-001
  0.44649882E+005  0.50920911E-001
  0.44679658E+005  0.50803530E-001
  0.44709453E+005  0.50686405E-001
  0.44739268E+005  0.50569537E-001
  0.44769104E+005  0.50452925E-001
  0.44798959E+005  0.50336568E-001
  0.44828834E+005  0.50220467E-001
  0.44858728E+005  0.50104619E-001
  0.44888643E+005  0.49989025E-001
  0.44918578E+005  0.49873685E-001
  0.44948533E+005  0.49758597E-001
  0.44978507E+005  0.49643761E-001
  0.45008502E+005  0.49529178E-001
  0.45038517E+005  0.49414845E-001
  0.45068551E+005  0.49300763E-001
  0.45098606E+005  0.49186932E-001
  0.45128681E+005  0.49073350E-001
  0.45158776E+005  0.48960018E-001
  0.45188890E+005  0.48846934E-001
  0.45219025E+005  0.48734098E-001
  0.45249181E+005  0.48621510E-001
  0.45279356E+005  0.48509170E-001
  0.45309551E+005  0.48397076E-001
  0.45339766E+005  0.48285228E-001
  0.45370002E+005  0.48173626E-001
  0.45400258E+005  0.48062269E-001
  0.45430534E+005  0.47951157E-001
  0.45460830E+005  0.47840289E-001
  0.45491146E+005  0.47729665E-001
  0.45521483E+005  0.47619284E-001
  0.45551839E+005  0.47509146E-001
  0.45582216E+005  0.47399250E-001
  0.45612614E+005  0.47289595E-001
  0.45643031E+005  0.47180182E-001
  0.45673469E+005  0.47071010E-001
  0.45703927E+005  0.46962078E-001
  0.45734406E+005  0.46853386E-001
  0.45764904E+005  0.46744933E-001
  0.45795423E+005  0.46636719E-001
  0.45825963E+005  0.46528744E-001
  0.45856523E+005  0.46421006E-001
  0.45887103E+005  0.46313505E-001
  0.45917703E+005  0.46206242E-001
  0.45948324E+005  0.46099214E-001
  0.45978966E+005  0.45992423E-001
  0.46009628E+005  0.45885867E-001
  0.46040310E+005  0.45779546E-001
  0.46071013E+005  0.45673460E-001
  0.46101736E+005  0.45567607E-001
  0.46132480E+005  0.45461988E-001
  0.46163244E+005  0.45356602E-001
  0.46194029E+005  0.45251449E-001
  0.46224834E+005  0.45146528E-001
  0.46255660E+005  0.45041838E-001
  0.46286506E+005  0.44937379E-001
  0.46317373E+005  0.44833151E-001
  0.46348260E+005  0.44729154E-001
  0.46379169E+005  0.44625386E-001
  0.46410097E+005  0.44521847E-001
  0.46441047E+005  0.44418537E-001
  0.46472017E+005  0.44315455E-001
  0.46503007E+005  0.44212601E-001
  0.46534019E+005  0.44109975E-001
  0.46565051E+005  0.44007575E-001
  0.46596103E+005  0.43905402E-001
  0.46627177E+005  0.43803455E-001
  0.46658271E+005  0.43701733E-001
  0.46689386E+005  0.43600237E-001
  0.46720521E+005  0.43498965E-001
  0.46751678E+005  0.43397917E-001
  0.46782855E+005  0.43297093E-001
  0.46814053E+005  0.43196492E-001
  0.46845271E+005  0.43096114E-001
  0.46876511E+005  0.42995958E-001
  0.46907771E+005  0.42896024E-001
  0.46939052E+005  0.42796311E-001
  0.46970355E+005  0.42696820E-001
  0.47001678E+005  0.42597548E-001
  0.47033021E+005  0.42498497E-001
  0.47064386E+005  0.42399665E-001
  0.47095772E+005  0.42301053E-001
  0.47127178E+005  0.42202659E-001
  0.47158606E+005  0.42104483E-001
  0.47190054E+005  0.42006525E-001
  0.47221524E+005  0.41908785E-001
  0.47253014E+005  0.41811261E-001
  0.47284526E+005  0.41713954E-001
  0.47316058E+005  0.41616863E-001
  0.47347612E+005  0.41519987E-001
  0.47379186E+005  0.41423326E-001
  0.47410782E+005  0.41326880E-001
  0.47442399E+005  0.41230648E-001
  0.47474036E+005  0.41134630E-001
  0.47505695E+005  0.41038825E-001
  0.47537375E+005  0.40943233E-001
  0.47569076E+005  0.40847854E-001
  0.47600799E+005  0.40752686E-001
  0.47632542E+005  0.40657731E-001
  0.47664307E+005  0.40562986E-001
  0.47696092E+005  0.40468452E-001
  0.47727899E+005  0.40374128E-001
  0.47759727E+005  0.40280014E-001
  0.47791577E+005  0.40186109E-001
  0.47823447E+005  0.40092413E-001
  0.47855339E+005  0.39998926E-001
  0.47887252E+005  0.39905647E-001
  0.47919187E+005  0.39812576E-001
  0.47951142E+005  0.39719711E-001
  0.47983119E+005  0.39627054E-001
  0.48015118E+005  0.39534603E-001
  0.48047137E+005  0.39442358E-001
  0.48079179E+005  0.39350318E-001
  0.48111241E+005  0.39258484E-001
  0.48143325E+005  0.39166854E-001
  0.48175430E+005  0.39075428E-001
  0.48207556E+005  0.38984206E-001
  0.48239704E+005  0.38893188E-001
  0.48271874E+005  0.38802372E-001
  0.48304065E+005  0.38711759E-001
  0.48336277E+005  0.38621348E-001
  0.48368511E+005  0.38531139E-001
  0.48400766E+005  0.38441131E-001
  0.48433043E+005  0.38351324E-001
  0.48465342E+005  0.38261718E-001
  0.48497662E+005  0.38172311E-001
  0.48530003E+005  0.38083104E-001
  0.48562366E+005  0.37994096E-001
  0.48594751E+005  0.37905287E-001
  0.48627157E+005  0.37816677E-001
  0.48659585E+005  0.37728264E-001
  0.48692034E+005  0.37640049E-001
  0.48724505E+005  0.37552031E-001
  0.48756998E+005  0.37464210E-001
  0.48789513E+005  0.37376585E-001
  0.48822049E+005  0.37289156E-001
  0.48854606E+005  0.37201922E-001
  0.48887186E+005  0.37114884E-001
  0.48919787E+005  0.37028040E-001
  0.48952410E+005  0.36941391E-001
  0.48985055E+005  0.36854935E-001
  0.49017721E+005  0.36768673E-001
  0.49050410E+005  0.36682603E-001
  0.49083120E+005  0.36596727E-001
  0.49115852E+005  0.36511043E-001
  0.49148605E+005  0.36425550E-001
  0.49181381E+005  0.36340249E-001
  0.49214178E+005  0.36255139E-001
  0.49246998E+005  0.36170220E-001
  0.49279839E+005  0.36085491E-001
  0.49312702E+005  0.36000952E-001
  0.49345587E+005  0.35916602E-001
  0.49378494E+005  0.35832442E-001
  0.49411423E+005  0.35748470E-001
  0.49444374E+005  0.35664686E-001
  0.49477346E+005  0.35581090E-001
  0.49510341E+005  0.35497682E-001
  0.49543358E+005  0.35414460E-001
  0.49576397E+005  0.35331426E-001
  0.49609458E+005  0.35248577E-001
  0.49642541E+005  0.35165915E-001
  0.49675645E+005  0.35083438E-001
  0.49708772E+005  0.35001146E-001
  0.49741922E+005  0.34919039E-001
  0.49775093E+005  0.34837117E-001
  0.49808286E+005  0.34755378E-001
  0.49841502E+005  0.34673823E-001
  0.49874739E+005  0.34592451E-001
  0.49907999E+005  0.34511262E-001
  0.49941281E+005  0.34430255E-001
  0.49974585E+005  0.34349430E-001
  0.50007912E+005  0.34268787E-001
  0.50041260E+005  0.34188326E-001
  0.50074631E+005  0.34108045E-001
  0.50108024E+005  0.34027944E-001
  0.50141440E+005  0.33948024E-001
  0.50174877E+005  0.33868284E-001
  0.50208337E+005  0.33788723E-001
  0.50241820E+005  0.33709341E-001
  0.50275324E+005  0.33630137E-001
  0.50308851E+005  0.33551112E-001
  0.50342400E+005  0.33472265E-001
  0.50375972E+005  0.33393595E-001
  0.50409566E+005  0.33315102E-001
  0.50443183E+005  0.33236786E-001
  0.50476821E+005  0.33158647E-001
  0.50510483E+005  0.33080683E-001
  0.50544166E+005  0.33002895E-001
  0.50577873E+005  0.32925283E-001
  0.50611601E+005  0.32847845E-001
  0.50645353E+005  0.32770581E-001
  0.50679126E+005  0.32693492E-001
  0.50712923E+005  0.32616577E-001
  0.50746741E+005  0.32539835E-001
  0.50780583E+005  0.32463266E-001
  0.50814446E+005  0.32386870E-001
  0.50848333E+005  0.32310646E-001
  0.50882242E+005  0.32234594E-001
  0.50916174E+005  0.32158714E-001
  0.50950128E+005  0.32083005E-001
  0.50984105E+005  0.32007467E-001
  0.51018105E+005  0.31932099E-001
  0.51052127E+005  0.31856901E-001
  0.51086172E+005  0.31781874E-001
  0.51120239E+005  0.31707015E-001
  0.51154330E+005  0.31632326E-001
  0.51188443E+005  0.31557805E-001
  0.51222579E+005  0.31483453E-001
  0.51256737E+005  0.31409269E-001
  0.51290919E+005  0.31335252E-001
  0.51325123E+005  0.31261403E-001
  0.51359350E+005  0.31187720E-001
  0.51393600E+005  0.31114205E-001
  0.51427873E+005  0.31040855E-001
  0.51462168E+005  0.30967671E-001
  0.51496487E+005  0.30894653E-001
  0.51530828E+005  0.30821800E-001
  0.51565192E+005  0.30749112E-001
  0.51599579E+005  0.30676588E-001
  0.51633989E+005  0.30604228E-001
  0.51668422E+005  0.30532032E-001
  0.51702878E+005  0.30460000E-001
  0.51737357E+005  0.30388130E-001
  0.51771859E+005  0.30316423E-001
  0.51806384E+005  0.30244879E-001
  0.51840932E+005  0.30173497E-001
  0.51875503E+005  0.30102276E-001
  0.51910097E+005  0.30031217E-001
  0.51944714E+005  0.29960319E-001
  0.51979354E+005  0.29889581E-001
  0.52014017E+005  0.29819004E-001
  0.52048704E+005  0.29748586E-001
  0.52083413E+005  0.29678328E-001
  0.52118146E+005  0.29608230E-001
  0.52152902E+005  0.29538290E-001
  0.52187681E+005  0.29468510E-001
  0.52222483E+005  0.29398887E-001
  0.52257309E+005  0.29329422E-001
  0.52292157E+005  0.29260115E-001
  0.52327029E+005  0.29190965E-001
  0.52361924E+005  0.29121972E-001
  0.52396843E+005  0.29053136E-001
  0.52431785E+005  0.28984456E-001
  0.52466750E+005  0.28915932E-001
  0.52501738E+005  0.28847563E-001
  0.52536750E+005  0.28779350E-001
  0.52571785E+005  0.28711292E-001
  0.52606843E+005  0.28643388E-001
  0.52641925E+005  0.28575638E-001
  0.52677030E+005  0.28508043E-001
  0.52712158E+005  0.28440601E-001
  0.52747310E+005  0.28373312E-001
  0.52782486E+005  0.28306176E-001
  0.52817685E+005  0.28239193E-001
  0.52852907E+005  0.28172362E-001
  0.52888153E+005  0.28105683E-001
  0.52923422E+005  0.28039156E-001
  0.52958715E+005  0.27972780E-001
  0.52994031E+005  0.27906555E-001
  0.53029371E+005  0.27840481E-001
  0.53064735E+005  0.27774557E-001
  0.53100122E+005  0.27708783E-001
  0.53135533E+005  0.27643159E-001
  0.53170967E+005  0.27577684E-001
  0.53206425E+005  0.27512359E-001
  0.53241907E+005  0.27447182E-001
  0.53277412E+005  0.27382153E-001
  0.53312941E+005  0.27317273E-001
  0.53348493E+005  0.27252540E-001
  0.53384070E+005  0.27187955E-001
  0.53419670E+005  0.27123517E-001
  0.53455294E+005  0.27059226E-001
  0.53490941E+005  0.26995081E-001
  0.53526612E+005  0.26931082E-001
  0.53562308E+005  0.26867230E-001
  0.53598027E+005  0.26803523E-001
  0.53633769E+005  0.26739961E-001
  0.53669536E+005  0.26676544E-001
  0.53705326E+005  0.26613272E-001
  0.53741141E+005  0.26550144E-001
  0.53776979E+005  0.26487161E-001
  0.53812841E+005  0.26424320E-001
  0.53848727E+005  0.26361624E-001
  0.53884637E+005  0.26299070E-001
  0.53920571E+005  0.26236659E-001
  0.53956528E+005  0.26174391E-001
  0.53992510E+005  0.26112265E-001
  0.54028516E+005  0.26050281E-001
  0.54064546E+005  0.25988438E-001
  0.54100600E+005  0.25926736E-001
  0.54136678E+005  0.25865176E-001
  0.54172780E+005  0.25803756E-001
  0.54208906E+005  0.25742476E-001
  0.54245056E+005  0.25681337E-001
  0.54281230E+005  0.25620337E-001
  0.54317428E+005  0.25559477E-001
  0.54353651E+005  0.25498755E-001
  0.54389897E+005  0.25438173E-001
  0.54426168E+005  0.25377729E-001
  0.54462463E+005  0.25317424E-001
  0.54498782E+005  0.25257256E-001
  0.54535126E+005  0.25197226E-001
  0.54571493E+005  0.25137333E-001
  0.54607885E+005  0.25077578E-001
  0.54644302E+005  0.25017959E-001
  0.54680742E+005  0.24958476E-001
  0.54717207E+005  0.24899130E-001
  0.54753696E+005  0.24839919E-001
  0.54790209E+005  0.24780845E-001
  0.54826747E+005  0.24721905E-001
  0.54863309E+005  0.24663100E-001
  0.54899896E+005  0.24604430E-001
  0.54936507E+005  0.24545895E-001
  0.54973142E+005  0.24487493E-001
  0.55009802E+005  0.24429226E-001
  0.55046486E+005  0.24371092E-001
  0.55083195E+005  0.24313091E-001
  0.55119928E+005  0.24255223E-001
  0.55156685E+005  0.24197488E-001
  0.55193468E+005  0.24139885E-001
  0.55230274E+005  0.24082414E-001
  0.55267105E+005  0.24025075E-001
  0.55303961E+005  0.23967868E-001
  0.55340842E+005  0.23910791E-001
  0.55377747E+005  0.23853846E-001
  0.55414676E+005  0.23797032E-001
  0.55451630E+005  0.23740347E-001
  0.55488609E+005  0.23683793E-001
  0.55525613E+005  0.23627369E-001
  0.55562641E+005  0.23571074E-001
  0.55599694E+005  0.23514908E-001
  0.55636771E+005  0.23458872E-001
  0.55673874E+005  0.23402964E-001
  0.55711001E+005  0.23347184E-001
  0.55748153E+005  0.23291533E-001
  0.55785329E+005  0.23236009E-001
  0.55822530E+005  0.23180613E-001
  0.55859757E+005  0.23125345E-001
  0.55897008E+005  0.23070203E-001
  0.55934284E+005  0.23015188E-001
  0.55971584E+005  0.22960300E-001
  0.56008910E+005  0.22905537E-001
  0.56046260E+005  0.22850901E-001
  0.56083636E+005  0.22796390E-001
  0.56121036E+005  0.22742005E-001
  0.56158461E+005  0.22687745E-001
  0.56195911E+005  0.22633609E-001
  0.56233387E+005  0.22579598E-001
  0.56270887E+005  0.22525712E-001
  0.56308412E+005  0.22471949E-001
  0.56345962E+005  0.22418310E-001
  0.56383537E+005  0.22364795E-001
  0.56421138E+005  0.22311403E-001
  0.56458763E+005  0.22258133E-001
  0.56496414E+005  0.22204987E-001
  0.56534089E+005  0.22151962E-001
  0.56571790E+005  0.22099060E-001
  0.56609516E+005  0.22046280E-001
  0.56647267E+005  0.21993621E-001
  0.56685043E+005  0.21941084E-001
  0.56722844E+005  0.21888668E-001
  0.56760671E+005  0.21836372E-001
  0.56798523E+005  0.21784197E-001
  0.56836400E+005  0.21732143E-001
  0.56874302E+005  0.21680208E-001
  0.56912230E+005  0.21628393E-001
  0.56950182E+005  0.21576698E-001
  0.56988161E+005  0.21525121E-001
  0.57026164E+005  0.21473664E-001
  0.57064193E+005  0.21422326E-001
  0.57102247E+005  0.21371105E-001
  0.57140327E+005  0.21320003E-001
  0.57178432E+005  0.21269019E-001
  0.57216562E+005  0.21218153E-001
  0.57254718E+005  0.21167404E-001
  0.57292899E+005  0.21116772E-001
  0.57331106E+005  0.21066257E-001
  0.57369338E+005  0.21015859E-001
  0.57407596E+005  0.20965577E-001
  0.57445879E+005  0.20915412E-001
  0.57484188E+005  0.20865362E-001
  0.57522522E+005  0.20815427E-001
  0.57560882E+005  0.20765608E-001
  0.57599267E+005  0.20715905E-001
  0.57637678E+005  0.20666316E-001
  0.57676115E+005  0.20616841E-001
  0.57714577E+005  0.20567481E-001
  0.57753065E+005  0.20518235E-001
  0.57791579E+005  0.20469103E-001
  0.57830118E+005  0.20420085E-001
  0.57868683E+005  0.20371180E-001
  0.57907274E+005  0.20322388E-001
  0.57945890E+005  0.20273709E-001
  0.57984532E+005  0.20225142E-001
  0.58023200E+005  0.20176688E-001
  0.58061894E+005  0.20128346E-001
  0.58100614E+005  0.20080116E-001
  0.58139359E+005  0.20031998E-001
  0.58178130E+005  0.19983990E-001
  0.58216927E+005  0.19936094E-001
  0.58255750E+005  0.19888309E-001
  0.58294599E+005  0.19840635E-001
  0.58333474E+005  0.19793071E-001
  0.58372374E+005  0.19745617E-001
  0.58411301E+005  0.19698273E-001
  0.58450254E+005  0.19651038E-001
  0.58489232E+005  0.19603913E-001
  0.58528237E+005  0.19556898E-001
  0.58567267E+005  0.19509991E-001
  0.58606324E+005  0.19463193E-001
  0.58645406E+005  0.19416503E-001
  0.58684515E+005  0.19369922E-001
  0.58723650E+005  0.19323448E-001
  0.58762811E+005  0.19277083E-001
  0.58801998E+005  0.19230825E-001
  0.58841211E+005  0.19184674E-001
  0.58880450E+005  0.19138630E-001
  0.58919715E+005  0.19092693E-001
  0.58959007E+005  0.19046863E-001
  0.58998325E+005  0.19001139E-001
  0.59037669E+005  0.18955521E-001
  0.59077039E+005  0.18910008E-001
  0.59116436E+005  0.18864602E-001
  0.59155858E+005  0.18819301E-001
  0.59195307E+005  0.18774105E-001
  0.59234783E+005  0.18729014E-001
  0.59274284E+005  0.18684028E-001
  0.59313812E+005  0.18639146E-001
  0.59353367E+005  0.18594368E-001
  0.59392948E+005  0.18549695E-001
  0.59432555E+005  0.18505125E-001
  0.59472188E+005  0.18460659E-001
  0.59511848E+005  0.18416296E-001
  0.59551535E+005  0.18372036E-001
  0.59591248E+005  0.18327879E-001
  0.59630987E+005  0.18283825E-001
  0.59670753E+005  0.18239873E-001
  0.59710546E+005  0.18196023E-001
  0.59750365E+005  0.18152275E-001
  0.59790210E+005  0.18108629E-001
  0.59830082E+005  0.18065085E-001
  0.59869981E+005  0.18021642E-001
  0.59909906E+005  0.17978299E-001
  0.59949858E+005  0.17935058E-001
  0.59989837E+005  0.17891917E-001
  0.60029842E+005  0.17848877E-001
  0.60069874E+005  0.17805937E-001
  0.60109932E+005  0.17763096E-001
  0.60150018E+005  0.17720356E-001
  0.60190130E+005  0.17677715E-001
  0.60230269E+005  0.17635173E-001
  0.60270434E+005  0.17592730E-001
  0.60310627E+005  0.17550387E-001
  0.60350846E+005  0.17508141E-001
  0.60391092E+005  0.17465994E-001
  0.60431364E+005  0.17423946E-001
  0.60471664E+005  0.17381995E-001
  0.60511991E+005  0.17340142E-001
  0.60552344E+005  0.17298387E-001
  0.60592724E+005  0.17256729E-001
  0.60633132E+005  0.17215168E-001
  0.60673566E+005  0.17173703E-001
  0.60714027E+005  0.17132336E-001
  0.60754515E+005  0.17091065E-001
  0.60795030E+005  0.17049890E-001
  0.60835573E+005  0.17008811E-001
  0.60876142E+005  0.16967829E-001
  0.60916738E+005  0.16926941E-001
  0.60957361E+005  0.16886149E-001
  0.60998012E+005  0.16845452E-001
  0.61038689E+005  0.16804851E-001
  0.61079394E+005  0.16764343E-001
  0.61120126E+005  0.16723931E-001
  0.61160885E+005  0.16683613E-001
  0.61201671E+005  0.16643388E-001
  0.61242484E+005  0.16603258E-001
  0.61283325E+005  0.16563222E-001
  0.61324193E+005  0.16523279E-001
  0.61365088E+005  0.16483429E-001
  0.61406010E+005  0.16443672E-001
  0.61446960E+005  0.16404008E-001
  0.61487937E+005  0.16364437E-001
  0.61528941E+005  0.16324959E-001
  0.61569973E+005  0.16285572E-001
  0.61611032E+005  0.16246278E-001
  0.61652118E+005  0.16207075E-001
  0.61693232E+005  0.16167964E-001
  0.61734373E+005  0.16128945E-001
  0.61775541E+005  0.16090016E-001
  0.61816737E+005  0.16051179E-001
  0.61857961E+005  0.16012432E-001
  0.61899212E+005  0.15973777E-001
  0.61940491E+005  0.15935211E-001
  0.61981797E+005  0.15896736E-001
  0.62023130E+005  0.15858351E-001
  0.62064491E+005  0.15820055E-001
  0.62105880E+005  0.15781849E-001
  0.62147296E+005  0.15743733E-001
  0.62188740E+005  0.15705706E-001
  0.62230212E+005  0.15667767E-001
  0.62271711E+005  0.15629918E-001
  0.62313238E+005  0.15592157E-001
  0.62354793E+005  0.15554485E-001
  0.62396375E+005  0.15516900E-001
  0.62437985E+005  0.15479404E-001
  0.62479623E+005  0.15441996E-001
  0.62521289E+005  0.15404675E-001
  0.62562982E+005  0.15367442E-001
  0.62604703E+005  0.15330296E-001
  0.62646452E+005  0.15293236E-001
  0.62688229E+005  0.15256264E-001
  0.62730034E+005  0.15219379E-001
  0.62771866E+005  0.15182579E-001
  0.62813727E+005  0.15145867E-001
  0.62855615E+005  0.15109240E-001
  0.62897531E+005  0.15072699E-001
  0.62939476E+005  0.15036243E-001
  0.62981448E+005  0.14999874E-001
  0.63023448E+005  0.14963589E-001
  0.63065476E+005  0.14927390E-001
  0.63107533E+005  0.14891275E-001
  0.63149617E+005  0.14855245E-001
  0.63191729E+005  0.14819300E-001
  0.63233870E+005  0.14783439E-001
  0.63276038E+005  0.14747662E-001
  0.63318235E+005  0.14711970E-001
  0.63360460E+005  0.14676361E-001
  0.63402713E+005  0.14640835E-001
  0.63444994E+005  0.14605393E-001
  0.63487303E+005  0.14570034E-001
  0.63529641E+005  0.14534758E-001
  0.63572007E+005  0.14499566E-001
  0.63614401E+005  0.14464455E-001
  0.63656823E+005  0.14429427E-001
  0.63699274E+005  0.14394482E-001
  0.63741753E+005  0.14359618E-001
  0.63784260E+005  0.14324837E-001
  0.63826795E+005  0.14290137E-001
  0.63869359E+005  0.14255519E-001
  0.63911952E+005  0.14220982E-001
  0.63954573E+005  0.14186526E-001
  0.63997222E+005  0.14152151E-001
  0.64039899E+005  0.14117857E-001
  0.64082605E+005  0.14083644E-001
  0.64125340E+005  0.14049511E-001
  0.64168103E+005  0.14015458E-001
  0.64210895E+005  0.13981486E-001
  0.64253715E+005  0.13947593E-001
  0.64296563E+005  0.13913780E-001
  0.64339441E+005  0.13880047E-001
  0.64382346E+005  0.13846393E-001
  0.64425281E+005  0.13812818E-001
  0.64468244E+005  0.13779322E-001
  0.64511236E+005  0.13745905E-001
  0.64554256E+005  0.13712567E-001
  0.64597305E+005  0.13679307E-001
  0.64640383E+005  0.13646126E-001
  0.64683489E+005  0.13613022E-001
  0.64726625E+005  0.13579997E-001
  0.64769789E+005  0.13547049E-001
  0.64812982E+005  0.13514179E-001
  0.64856203E+005  0.13481386E-001
  0.64899454E+005  0.13448671E-001
  0.64942733E+005  0.13416033E-001
  0.64986041E+005  0.13383471E-001
  0.65029378E+005  0.13350987E-001
  0.65072744E+005  0.13318578E-001
  0.65116139E+005  0.13286247E-001
  0.65159563E+005  0.13253991E-001
  0.65203015E+005  0.13221811E-001
  0.65246497E+005  0.13189708E-001
  0.65290008E+005  0.13157680E-001
  0.65333548E+005  0.13125727E-001
  0.65377116E+005  0.13093850E-001
  0.65420714E+005  0.13062048E-001
  0.65464341E+005  0.13030321E-001
  0.65507997E+005  0.12998669E-001
  0.65551682E+005  0.12967092E-001
  0.65595396E+005  0.12935589E-001
  0.65639140E+005  0.12904160E-001
  0.65682912E+005  0.12872806E-001
  0.65726714E+005  0.12841525E-001
  0.65770545E+005  0.12810319E-001
  0.65814405E+005  0.12779186E-001
  0.65858295E+005  0.12748126E-001
  0.65902213E+005  0.12717140E-001
  0.65946161E+005  0.12686227E-001
  0.65990139E+005  0.12655387E-001
  0.66034145E+005  0.12624620E-001
  0.66078181E+005  0.12593926E-001
  0.66122247E+005  0.12563304E-001
  0.66166341E+005  0.12532754E-001
  0.66210465E+005  0.12502276E-001
  0.66254619E+005  0.12471871E-001
  0.66298802E+005  0.12441537E-001
  0.66343014E+005  0.12411275E-001
  0.66387256E+005  0.12381085E-001
  0.66431528E+005  0.12350966E-001
  0.66475829E+005  0.12320918E-001
  0.66520159E+005  0.12290941E-001
  0.66564519E+005  0.12261035E-001
  0.66608909E+005  0.12231200E-001
  0.66653328E+005  0.12201436E-001
  0.66697777E+005  0.12171741E-001
  0.66742256E+005  0.12142117E-001
  0.66786764E+005  0.12112563E-001
  0.66831302E+005  0.12083079E-001
  0.66875869E+005  0.12053665E-001
  0.66920467E+005  0.12024320E-001
  0.66965094E+005  0.11995045E-001
  0.67009750E+005  0.11965839E-001
  0.67054437E+005  0.11936702E-001
  0.67099153E+005  0.11907634E-001
  0.67143900E+005  0.11878635E-001
  0.67188676E+005  0.11849705E-001
  0.67233482E+005  0.11820843E-001
  0.67278317E+005  0.11792049E-001
  0.67323183E+005  0.11763324E-001
  0.67368079E+005  0.11734666E-001
  0.67413004E+005  0.11706077E-001
  0.67457960E+005  0.11677555E-001
  0.67502945E+005  0.11649101E-001
  0.67547960E+005  0.11620714E-001
  0.67593006E+005  0.11592395E-001
  0.67638082E+005  0.11564142E-001
  0.67683187E+005  0.11535957E-001
  0.67728323E+005  0.11507838E-001
  0.67773489E+005  0.11479786E-001
  0.67818684E+005  0.11451801E-001
  0.67863910E+005  0.11423882E-001
  0.67909167E+005  0.11396029E-001
  0.67954453E+005  0.11368242E-001
  0.67999770E+005  0.11340521E-001
  0.68045116E+005  0.11312865E-001
  0.68090493E+005  0.11285276E-001
  0.68135901E+005  0.11257751E-001
  0.68181338E+005  0.11230292E-001
  0.68226806E+005  0.11202899E-001
  0.68272304E+005  0.11175570E-001
  0.68317833E+005  0.11148306E-001
  0.68363392E+005  0.11121107E-001
  0.68408981E+005  0.11093972E-001
  0.68454601E+005  0.11066902E-001
  0.68500251E+005  0.11039896E-001
  0.68545931E+005  0.11012954E-001
  0.68591642E+005  0.10986076E-001
  0.68637384E+005  0.10959262E-001
  0.68683156E+005  0.10932511E-001
  0.68728958E+005  0.10905824E-001
  0.68774791E+005  0.10879201E-001
  0.68820655E+005  0.10852641E-001
  0.68866549E+005  0.10826143E-001
  0.68912474E+005  0.10799709E-001
  0.68958429E+005  0.10773338E-001
  0.69004415E+005  0.10747029E-001
  0.69050432E+005  0.10720783E-001
  0.69096480E+005  0.10694599E-001
  0.69142558E+005  0.10668477E-001
  0.69188667E+005  0.10642418E-001
  0.69234806E+005  0.10616420E-001
  0.69280977E+005  0.10590484E-001
  0.69327178E+005  0.10564610E-001
  0.69373410E+005  0.10538798E-001
  0.69419673E+005  0.10513047E-001
  0.69465966E+005  0.10487357E-001
  0.69512291E+005  0.10461728E-001
  0.69558646E+005  0.10436160E-001
  0.69605033E+005  0.10410653E-001
  0.69651450E+005  0.10385207E-001
  0.69697898E+005  0.10359821E-001
  0.69744377E+005  0.10334495E-001
  0.69790887E+005  0.10309230E-001
  0.69837429E+005  0.10284025E-001
  0.69884001E+005  0.10258880E-001
  0.69930604E+005  0.10233795E-001
  0.69977239E+005  0.10208770E-001
  0.70023904E+005  0.10183804E-001
  0.70070601E+005  0.10158897E-001
  0.70117329E+005  0.10134050E-001
  0.70164087E+005  0.10109262E-001
  0.70210878E+005  0.10084534E-001
  0.70257699E+005  0.10059864E-001
  0.70304551E+005  0.10035253E-001
  0.70351435E+005  0.10010700E-001
  0.70398350E+005  0.99862059E-002
  0.70445296E+005  0.99617702E-002
  0.70492274E+005  0.99373928E-002
  0.70539283E+005  0.99130734E-002
  0.70586323E+005  0.98888120E-002
  0.70633395E+005  0.98646084E-002
  0.70680498E+005  0.98404626E-002
  0.70727633E+005  0.98163743E-002
  0.70774798E+005  0.97923434E-002
  0.70821996E+005  0.97683699E-002
  0.70869225E+005  0.97444535E-002
  0.70916485E+005  0.97205941E-002
  0.70963777E+005  0.96967917E-002
  0.71011100E+005  0.96730460E-002
  0.71058455E+005  0.96493570E-002
  0.71105842E+005  0.96257245E-002
  0.71153260E+005  0.96021484E-002
  0.71200709E+005  0.95786285E-002
  0.71248191E+005  0.95551648E-002
  0.71295704E+005  0.95317571E-002
  0.71343249E+005  0.95084052E-002
  0.71390825E+005  0.94851091E-002
  0.71438433E+005  0.94618686E-002
  0.71486073E+005  0.94386835E-002
  0.71533745E+005  0.94155539E-002
  0.71581448E+005  0.93924794E-002
  0.71629184E+005  0.93694601E-002
  0.71676951E+005  0.93464958E-002
  0.71724750E+005  0.93235863E-002
  0.71772581E+005  0.93007315E-002
  0.71820443E+005  0.92779313E-002
  0.71868338E+005  0.92551856E-002
  0.71916265E+005  0.92324942E-002
  0.71964223E+005  0.92098570E-002
  0.72012214E+005  0.91872740E-002
  0.72060236E+005  0.91647449E-002
  0.72108291E+005  0.91422697E-002
  0.72156377E+005  0.91198482E-002
  0.72204496E+005  0.90974803E-002
  0.72252647E+005  0.90751658E-002
  0.72300830E+005  0.90529047E-002
  0.72349045E+005  0.90306969E-002
  0.72397292E+005  0.90085421E-002
  0.72445571E+005  0.89864404E-002
  0.72493883E+005  0.89643915E-002
  0.72542227E+005  0.89423953E-002
  0.72590603E+005  0.89204517E-002
  0.72639011E+005  0.88985607E-002
  0.72687451E+005  0.88767220E-002
  0.72735924E+005  0.88549356E-002
  0.72784429E+005  0.88332013E-002
  0.72832967E+005  0.88115190E-002
  0.72881537E+005  0.87898886E-002
  0.72930139E+005  0.87683100E-002
  0.72978774E+005  0.87467831E-002
  0.73027441E+005  0.87253077E-002
  0.73076140E+005  0.87038837E-002
  0.73124872E+005  0.86825110E-002
  0.73173637E+005  0.86611894E-002
  0.73222434E+005  0.86399190E-002
  0.73271264E+005  0.86186994E-002
  0.73320126E+005  0.85975307E-002
  0.73369021E+005  0.85764127E-002
  0.73417948E+005  0.85553453E-002
  0.73466908E+005  0.85343284E-002
  0.73515900E+005  0.85133618E-002
  0.73564926E+005  0.84924455E-002
  0.73613984E+005  0.84715793E-002
  0.73663075E+005  0.84507631E-002
  0.73712198E+005  0.84299967E-002
  0.73761354E+005  0.84092802E-002
  0.73810543E+005  0.83886133E-002
  0.73859765E+005  0.83679960E-002
  0.73909020E+005  0.83474281E-002
  0.73958307E+005  0.83269095E-002
  0.74007627E+005  0.83064401E-002
  0.74056981E+005  0.82860198E-002
  0.74106367E+005  0.82656485E-002
  0.74155786E+005  0.82453260E-002
  0.74205238E+005  0.82250523E-002
  0.74254723E+005  0.82048273E-002
  0.74304241E+005  0.81846507E-002
  0.74353792E+005  0.81645226E-002
  0.74403376E+005  0.81444427E-002
  0.74452993E+005  0.81244111E-002
  0.74502643E+005  0.81044275E-002
  0.74552327E+005  0.80844919E-002
  0.74602043E+005  0.80646041E-002
  0.74651793E+005  0.80447641E-002
  0.74701575E+005  0.80249717E-002
  0.74751391E+005  0.80052268E-002
  0.74801241E+005  0.79855293E-002
  0.74851123E+005  0.79658792E-002
  0.74901039E+005  0.79462762E-002
  0.74950988E+005  0.79267203E-002
  0.75000970E+005  0.79072114E-002
  0.75050986E+005  0.78877493E-002
  0.75101035E+005  0.78683340E-002
  0.75151117E+005  0.78489653E-002
  0.75201233E+005  0.78296432E-002
  0.75251382E+005  0.78103675E-002
  0.75301565E+005  0.77911381E-002
  0.75351781E+005  0.77719549E-002
  0.75402031E+005  0.77528179E-002
  0.75452314E+005  0.77337268E-002
  0.75502630E+005  0.77146816E-002
  0.75552980E+005  0.76956822E-002
  0.75603364E+005  0.76767285E-002
  0.75653782E+005  0.76578204E-002
  0.75704233E+005  0.76389577E-002
  0.75754717E+005  0.76201404E-002
  0.75805236E+005  0.76013684E-002
  0.75855788E+005  0.75826414E-002
  0.75906373E+005  0.75639596E-002
  0.75956993E+005  0.75453227E-002
  0.76007646E+005  0.75267306E-002
  0.76058333E+005  0.75081832E-002
  0.76109054E+005  0.74896805E-002
  0.76159808E+005  0.74712223E-002
  0.76210597E+005  0.74528085E-002
  0.76261419E+005  0.74344390E-002
  0.76312275E+005  0.74161138E-002
  0.76363165E+005  0.73978327E-002
  0.76414089E+005  0.73795955E-002
  0.76465047E+005  0.73614023E-002
  0.76516039E+005  0.73432529E-002
  0.76567065E+005  0.73251471E-002
  0.76618125E+005  0.73070850E-002
  0.76669219E+005  0.72890664E-002
  0.76720348E+005  0.72710912E-002
  0.76771510E+005  0.72531592E-002
  0.76822706E+005  0.72352705E-002
  0.76873937E+005  0.72174248E-002
  0.76925201E+005  0.71996222E-002
  0.76976500E+005  0.71818624E-002
  0.77027833E+005  0.71641454E-002
  0.77079201E+005  0.71464712E-002
  0.77130602E+005  0.71288395E-002
  0.77182038E+005  0.71112503E-002
  0.77233508E+005  0.70937035E-002
  0.77285013E+005  0.70761990E-002
  0.77336551E+005  0.70587367E-002
  0.77388124E+005  0.70413165E-002
  0.77439732E+005  0.70239383E-002
  0.77491374E+005  0.70066020E-002
  0.77543050E+005  0.69893075E-002
  0.77594761E+005  0.69720547E-002
  0.77646507E+005  0.69548436E-002
  0.77698287E+005  0.69376739E-002
  0.77750101E+005  0.69205457E-002
  0.77801950E+005  0.69034587E-002
  0.77853833E+005  0.68864130E-002
  0.77905752E+005  0.68694085E-002
  0.77957704E+005  0.68524449E-002
  0.78009692E+005  0.68355223E-002
  0.78061714E+005  0.68186406E-002
  0.78113771E+005  0.68017995E-002
  0.78165862E+005  0.67849992E-002
  0.78217988E+005  0.67682393E-002
  0.78270149E+005  0.67515200E-002
  0.78322345E+005  0.67348410E-002
  0.78374576E+005  0.67182022E-002
  0.78426841E+005  0.67016037E-002
  0.78479141E+005  0.66850452E-002
  0.78531476E+005  0.66685267E-002
  0.78583846E+005  0.66520481E-002
  0.78636251E+005  0.66356094E-002
  0.78688691E+005  0.66192103E-002
  0.78741166E+005  0.66028508E-002
  0.78793676E+005  0.65865309E-002
  0.78846221E+005  0.65702504E-002
  0.78898801E+005  0.65540092E-002
  0.78951416E+005  0.65378072E-002
  0.79004066E+005  0.65216445E-002
  0.79056751E+005  0.65055208E-002
  0.79109471E+005  0.64894360E-002
  0.79162227E+005  0.64733902E-002
  0.79215017E+005  0.64573831E-002
  0.79267843E+005  0.64414147E-002
  0.79320704E+005  0.64254849E-002
  0.79373601E+005  0.64095937E-002
  0.79426532E+005  0.63937408E-002
  0.79479499E+005  0.63779264E-002
  0.79532501E+005  0.63621501E-002
  0.79585539E+005  0.63464120E-002
  0.79638612E+005  0.63307120E-002
  0.79691720E+005  0.63150499E-002
  0.79744864E+005  0.62994258E-002
  0.79798043E+005  0.62838394E-002
  0.79851258E+005  0.62682908E-002
  0.79904508E+005  0.62527798E-002
  0.79957794E+005  0.62373063E-002
  0.80011115E+005  0.62218703E-002
  0.80064472E+005  0.62064716E-002
  0.80117864E+005  0.61911102E-002
  0.80171292E+005  0.61757859E-002
  0.80224755E+005  0.61604988E-002
  0.80278255E+005  0.61452487E-002
  0.80331790E+005  0.61300355E-002
  0.80385360E+005  0.61148591E-002
  0.80438966E+005  0.60997195E-002
  0.80492609E+005  0.60846166E-002
  0.80546286E+005  0.60695502E-002
  0.80600000E+005  0.60545203E-002
  0.80653749E+005  0.60395269E-002
  0.80707535E+005  0.60245697E-002
  0.80761356E+005  0.60096488E-002
  0.80815213E+005  0.59947640E-002
  0.80869106E+005  0.59799153E-002
  0.80923035E+005  0.59651026E-002
  0.80977000E+005  0.59503257E-002
  0.81031001E+005  0.59355847E-002
  0.81085037E+005  0.59208794E-002
  0.81139110E+005  0.59062098E-002
  0.81193219E+005  0.58915757E-002
  0.81247364E+005  0.58769771E-002
  0.81301546E+005  0.58624139E-002
  0.81355763E+005  0.58478860E-002
  0.81410016E+005  0.58333933E-002
  0.81464306E+005  0.58189357E-002
  0.81518632E+005  0.58045132E-002
  0.81572994E+005  0.57901257E-002
  0.81627392E+005  0.57757731E-002
  0.81681827E+005  0.57614553E-002
  0.81736298E+005  0.57471723E-002
  0.81790805E+005  0.57329238E-002
  0.81845348E+005  0.57187100E-002
  0.81899928E+005  0.57045306E-002
  0.81954545E+005  0.56903857E-002
  0.82009197E+005  0.56762750E-002
  0.82063887E+005  0.56621986E-002
  0.82118612E+005  0.56481564E-002
  0.82173375E+005  0.56341483E-002
  0.82228173E+005  0.56201741E-002
  0.82283008E+005  0.56062339E-002
  0.82337880E+005  0.55923275E-002
  0.82392789E+005  0.55784549E-002
  0.82447734E+005  0.55646160E-002
  0.82502715E+005  0.55508107E-002
  0.82557734E+005  0.55370389E-002
  0.82612789E+005  0.55233005E-002
  0.82667880E+005  0.55095955E-002
  0.82723009E+005  0.54959238E-002
  0.82778174E+005  0.54822853E-002
  0.82833376E+005  0.54686800E-002
  0.82888615E+005  0.54551077E-002
  0.82943890E+005  0.54415683E-002
  0.82999203E+005  0.54280619E-002
  0.83054552E+005  0.54145883E-002
  0.83109939E+005  0.54011474E-002
  0.83165362E+005  0.53877392E-002
  0.83220822E+005  0.53743636E-002
  0.83276319E+005  0.53610204E-002
  0.83331854E+005  0.53477098E-002
  0.83387425E+005  0.53344315E-002
  0.83443033E+005  0.53211854E-002
  0.83498678E+005  0.53079716E-002
  0.83554361E+005  0.52947899E-002
  0.83610081E+005  0.52816402E-002
  0.83665837E+005  0.52685226E-002
  0.83721631E+005  0.52554368E-002
  0.83777462E+005  0.52423828E-002
  0.83833331E+005  0.52293606E-002
  0.83889237E+005  0.52163701E-002
  0.83945179E+005  0.52034112E-002
  0.84001160E+005  0.51904838E-002
  0.84057177E+005  0.51775879E-002
  0.84113232E+005  0.51647233E-002
  0.84169325E+005  0.51518901E-002
  0.84225454E+005  0.51390880E-002
  0.84281621E+005  0.51263172E-002
  0.84337826E+005  0.51135774E-002
  0.84394068E+005  0.51008686E-002
  0.84450348E+005  0.50881908E-002
  0.84506665E+005  0.50755438E-002
  0.84563020E+005  0.50629276E-002
  0.84619412E+005  0.50503421E-002
  0.84675842E+005  0.50377873E-002
  0.84732309E+005  0.50252630E-002
  0.84788814E+005  0.50127693E-002
  0.84845357E+005  0.50003060E-002
  0.84901938E+005  0.49878730E-002
  0.84958556E+005  0.49754703E-002
  0.85015212E+005  0.49630978E-002
  0.85071906E+005  0.49507555E-002
  0.85128637E+005  0.49384432E-002
  0.85185407E+005  0.49261609E-002
  0.85242214E+005  0.49139085E-002
  0.85299059E+005  0.49016861E-002
  0.85355942E+005  0.48894933E-002
  0.85412864E+005  0.48773303E-002
  0.85469823E+005  0.48651970E-002
  0.85526820E+005  0.48530932E-002
  0.85583854E+005  0.48410189E-002
  0.85640928E+005  0.48289741E-002
  0.85698039E+005  0.48169586E-002
  0.85755188E+005  0.48049724E-002
  0.85812375E+005  0.47930155E-002
  0.85869600E+005  0.47810877E-002
  0.85926864E+005  0.47691889E-002
  0.85984166E+005  0.47573192E-002
  0.86041506E+005  0.47454785E-002
  0.86098884E+005  0.47336666E-002
  0.86156300E+005  0.47218836E-002
  0.86213755E+005  0.47101292E-002
  0.86271248E+005  0.46984036E-002
  0.86328780E+005  0.46867066E-002
  0.86386350E+005  0.46750381E-002
  0.86443958E+005  0.46633980E-002
  0.86501604E+005  0.46517864E-002
  0.86559289E+005  0.46402031E-002
  0.86617013E+005  0.46286481E-002
  0.86674775E+005  0.46171213E-002
  0.86732575E+005  0.46056226E-002
  0.86790414E+005  0.45941520E-002
  0.86848292E+005  0.45827094E-002
  0.86906208E+005  0.45712947E-002
  0.86964163E+005  0.45599079E-002
  0.87022157E+005  0.45485489E-002
  0.87080189E+005  0.45372176E-002
  0.87138260E+005  0.45259140E-002
  0.87196369E+005  0.45146380E-002
  0.87254518E+005  0.45033896E-002
  0.87312705E+005  0.44921686E-002
  0.87370931E+005  0.44809750E-002
  0.87429196E+005  0.44698088E-002
  0.87487499E+005  0.44586699E-002
  0.87545842E+005  0.44475581E-002
  0.87604223E+005  0.44364735E-002
  0.87662643E+005  0.44254160E-002
  0.87721103E+005  0.44143856E-002
  0.87779601E+005  0.44033820E-002
  0.87838138E+005  0.43924054E-002
  0.87896715E+005  0.43814556E-002
  0.87955330E+005  0.43705326E-002
  0.88013984E+005  0.43596362E-002
  0.88072678E+005  0.43487665E-002
  0.88131411E+005  0.43379234E-002
  0.88190183E+005  0.43271068E-002
  0.88248994E+005  0.43163166E-002
  0.88307844E+005  0.43055528E-002
  0.88366734E+005  0.42948153E-002
  0.88425663E+005  0.42841041E-002
  0.88484631E+005  0.42734191E-002
  0.88543638E+005  0.42627602E-002
  0.88602685E+005  0.42521274E-002
  0.88661771E+005  0.42415206E-002
  0.88720897E+005  0.42309398E-002
  0.88780062E+005  0.42203848E-002
  0.88839266E+005  0.42098557E-002
  0.88898510E+005  0.41993523E-002
  0.88957794E+005  0.41888746E-002
  0.89017117E+005  0.41784226E-002
  0.89076479E+005  0.41679961E-002
  0.89135881E+005  0.41575952E-002
  0.89195323E+005  0.41472197E-002
  0.89254804E+005  0.41368696E-002
  0.89314325E+005  0.41265448E-002
  0.89373886E+005  0.41162454E-002
  0.89433487E+005  0.41059711E-002
  0.89493127E+005  0.40957220E-002
  0.89552807E+005  0.40854980E-002
  0.89612527E+005  0.40752990E-002
  0.89672286E+005  0.40651250E-002
  0.89732086E+005  0.40549759E-002
  0.89791925E+005  0.40448517E-002
  0.89851804E+005  0.40347523E-002
  0.89911723E+005  0.40246776E-002
  0.89971683E+005  0.40146276E-002
  0.90031682E+005  0.40046022E-002
  0.90091721E+005  0.39946014E-002
  0.90151800E+005  0.39846250E-002
  0.90211919E+005  0.39746732E-002
  0.90272079E+005  0.39647457E-002
  0.90332278E+005  0.39548425E-002
  0.90392518E+005  0.39449636E-002
  0.90452797E+005  0.39351089E-002
  0.90513117E+005  0.39252784E-002
  0.90573478E+005  0.39154720E-002
  0.90633878E+005  0.39056896E-002
  0.90694319E+005  0.38959312E-002
  0.90754800E+005  0.38861967E-002
  0.90815321E+005  0.38764860E-002
  0.90875883E+005  0.38667992E-002
  0.90936485E+005  0.38571362E-002
  0.90997127E+005  0.38474968E-002
  0.91057810E+005  0.38378811E-002
  0.91118534E+005  0.38282890E-002
  0.91179298E+005  0.38187203E-002
  0.91240102E+005  0.38091752E-002
  0.91300947E+005  0.37996535E-002
  0.91361833E+005  0.37901551E-002
  0.91422759E+005  0.37806800E-002
  0.91483726E+005  0.37712282E-002
  0.91544733E+005  0.37617996E-002
  0.91605781E+005  0.37523941E-002
  0.91666870E+005  0.37430117E-002
  0.91728000E+005  0.37336523E-002
  0.91789170E+005  0.37243159E-002
  0.91850381E+005  0.37150024E-002
  0.91911633E+005  0.37057118E-002
  0.91972926E+005  0.36964439E-002
  0.92034260E+005  0.36871989E-002
  0.92095634E+005  0.36779765E-002
  0.92157050E+005  0.36687767E-002
  0.92218506E+005  0.36595996E-002
  0.92280004E+005  0.36504450E-002
  0.92341542E+005  0.36413128E-002
  0.92403122E+005  0.36322031E-002
  0.92464742E+005  0.36231158E-002
  0.92526404E+005  0.36140508E-002
  0.92588107E+005  0.36050080E-002
  0.92649850E+005  0.35959875E-002
  0.92711636E+005  0.35869891E-002
  0.92773462E+005  0.35780128E-002
  0.92835329E+005  0.35690586E-002
  0.92897238E+005  0.35601264E-002
  0.92959188E+005  0.35512161E-002
  0.93021180E+005  0.35423277E-002
  0.93083212E+005  0.35334612E-002
  0.93145286E+005  0.35246165E-002
  0.93207402E+005  0.35157935E-002
  0.93269559E+005  0.35069921E-002
  0.93331757E+005  0.34982125E-002
  0.93393997E+005  0.34894544E-002
  0.93456278E+005  0.34807178E-002
  0.93518601E+005  0.34720027E-002
  0.93580966E+005  0.34633090E-002
  0.93643372E+005  0.34546367E-002
  0.93705819E+005  0.34459858E-002
  0.93768309E+005  0.34373561E-002
  0.93830840E+005  0.34287476E-002
  0.93893412E+005  0.34201603E-002
  0.93956027E+005  0.34115941E-002
  0.94018683E+005  0.34030490E-002
  0.94081381E+005  0.33945250E-002
  0.94144121E+005  0.33860218E-002
  0.94206902E+005  0.33775396E-002
  0.94269726E+005  0.33690783E-002
  0.94332591E+005  0.33606378E-002
  0.94395498E+005  0.33522181E-002
  0.94458447E+005  0.33438190E-002
  0.94521439E+005  0.33354407E-002
  0.94584472E+005  0.33270829E-002
  0.94647547E+005  0.33187458E-002
  0.94710664E+005  0.33104291E-002
  0.94773824E+005  0.33021330E-002
  0.94837025E+005  0.32938572E-002
  0.94900269E+005  0.32856018E-002
  0.94963555E+005  0.32773668E-002
  0.95026883E+005  0.32691520E-002
  0.95090253E+005  0.32609575E-002
  0.95153666E+005  0.32527831E-002
  0.95217120E+005  0.32446288E-002
  0.95280617E+005  0.32364947E-002
  0.95344157E+005  0.32283805E-002
  0.95407739E+005  0.32202864E-002
  0.95471363E+005  0.32122122E-002
  0.95535030E+005  0.32041579E-002
  0.95598739E+005  0.31961234E-002
  0.95662490E+005  0.31881087E-002
  0.95726285E+005  0.31801137E-002
  0.95790121E+005  0.31721385E-002
  0.95854000E+005  0.31641829E-002
  0.95917922E+005  0.31562469E-002
  0.95981887E+005  0.31483305E-002
  0.96045894E+005  0.31404336E-002
  0.96109944E+005  0.31325561E-002
  0.96174036E+005  0.31246981E-002
  0.96238171E+005  0.31168594E-002
  0.96302350E+005  0.31090400E-002
  0.96366570E+005  0.31012399E-002
  0.96430834E+005  0.30934591E-002
  0.96495141E+005  0.30856974E-002
  0.96559490E+005  0.30779549E-002
  0.96623882E+005  0.30702314E-002
  0.96688317E+005  0.30625271E-002
  0.96752796E+005  0.30548417E-002
  0.96817317E+005  0.30471752E-002
  0.96881881E+005  0.30395277E-002
  0.96946488E+005  0.30318990E-002
  0.97011139E+005  0.30242891E-002
  0.97075832E+005  0.30166981E-002
  0.97140569E+005  0.30091257E-002
  0.97205349E+005  0.30015720E-002
  0.97270172E+005  0.29940370E-002
  0.97335038E+005  0.29865205E-002
  0.97399948E+005  0.29790226E-002
  0.97464900E+005  0.29715432E-002
  0.97529896E+005  0.29640823E-002
  0.97594936E+005  0.29566397E-002
  0.97660019E+005  0.29492156E-002
  0.97725145E+005  0.29418097E-002
  0.97790315E+005  0.29344221E-002
  0.97855528E+005  0.29270528E-002
  0.97920784E+005  0.29197017E-002
  0.97986084E+005  0.29123687E-002
  0.98051428E+005  0.29050538E-002
  0.98116815E+005  0.28977570E-002
  0.98182246E+005  0.28904782E-002
  0.98247721E+005  0.28832173E-002
  0.98313239E+005  0.28759744E-002
  0.98378800E+005  0.28687494E-002
  0.98444406E+005  0.28615422E-002
  0.98510055E+005  0.28543529E-002
  0.98575748E+005  0.28471812E-002
  0.98641485E+005  0.28400273E-002
  0.98707266E+005  0.28328911E-002
  0.98773091E+005  0.28257725E-002
  0.98838959E+005  0.28186715E-002
  0.98904872E+005  0.28115880E-002
  0.98970828E+005  0.28045220E-002
  0.99036828E+005  0.27974735E-002
  0.99102873E+005  0.27904424E-002
  0.99168961E+005  0.27834287E-002
  0.99235093E+005  0.27764323E-002
  0.99301270E+005  0.27694533E-002
  0.99367491E+005  0.27624914E-002
  0.99433756E+005  0.27555468E-002
  0.99500065E+005  0.27486193E-002
  0.99566418E+005  0.27417090E-002
  0.99632815E+005  0.27348157E-002
  0.99699257E+005  0.27279395E-002
  0.99765743E+005  0.27210803E-002
  0.99832274E+005  0.27142380E-002
  0.99898849E+005  0.27074127E-002
  0.99965468E+005  0.27006042E-002
  0.10003213E+006  0.26938126E-002
  0.10009884E+006  0.26870378E-002
  0.10016559E+006  0.26802797E-002
  0.10023239E+006  0.26735384E-002
  0.10029923E+006  0.26668137E-002
  0.10036612E+006  0.26601056E-002
  0.10043305E+006  0.26534142E-002
  0.10050002E+006  0.26467393E-002
  0.10056704E+006  0.26400809E-002
  0.10063411E+006  0.26334390E-002
  0.10070122E+006  0.26268136E-002
  0.10076837E+006  0.26202045E-002
  0.10083557E+006  0.26136118E-002
  0.10090282E+006  0.26070354E-002
  0.10097010E+006  0.26004752E-002
  0.10103744E+006  0.25939313E-002
  0.10110482E+006  0.25874037E-002
  0.10117224E+006  0.25808921E-002
  0.10123971E+006  0.25743967E-002
  0.10130722E+006  0.25679174E-002
  0.10137478E+006  0.25614541E-002
  0.10144238E+006  0.25550068E-002
  0.10151003E+006  0.25485755E-002
  0.10157773E+006  0.25421601E-002
  0.10164546E+006  0.25357605E-002
  0.10171325E+006  0.25293769E-002
  0.10178108E+006  0.25230090E-002
  0.10184895E+006  0.25166569E-002
  0.10191687E+006  0.25103206E-002
  0.10198484E+006  0.25039999E-002
  0.10205285E+006  0.24976949E-002
  0.10212090E+006  0.24914055E-002
  0.10218900E+006  0.24851317E-002
  0.10225715E+006  0.24788735E-002
  0.10232534E+006  0.24726307E-002
  0.10239358E+006  0.24664035E-002
  0.10246186E+006  0.24601916E-002
  0.10253019E+006  0.24539951E-002
  0.10259856E+006  0.24478140E-002
  0.10266698E+006  0.24416483E-002
  0.10273545E+006  0.24354978E-002
  0.10280396E+006  0.24293625E-002
  0.10287252E+006  0.24232424E-002
  0.10294112E+006  0.24171376E-002
  0.10300977E+006  0.24110478E-002
  0.10307846E+006  0.24049732E-002
  0.10314720E+006  0.23989136E-002
  0.10321599E+006  0.23928690E-002
  0.10328482E+006  0.23868395E-002
  0.10335369E+006  0.23808248E-002
  0.10342262E+006  0.23748251E-002
  0.10349159E+006  0.23688403E-002
  0.10356060E+006  0.23628703E-002
  0.10362966E+006  0.23569151E-002
  0.10369877E+006  0.23509747E-002
  0.10376792E+006  0.23450490E-002
  0.10383712E+006  0.23391381E-002
  0.10390637E+006  0.23332417E-002
  0.10397566E+006  0.23273601E-002
  0.10404500E+006  0.23214930E-002
  0.10411438E+006  0.23156404E-002
  0.10418381E+006  0.23098024E-002
  0.10425329E+006  0.23039789E-002
  0.10432281E+006  0.22981698E-002
  0.10439238E+006  0.22923752E-002
  0.10446200E+006  0.22865949E-002
  0.10453166E+006  0.22808290E-002
  0.10460137E+006  0.22750773E-002
  0.10467112E+006  0.22693400E-002
  0.10474092E+006  0.22636169E-002
  0.10481077E+006  0.22579080E-002
  0.10488067E+006  0.22522133E-002
  0.10495061E+006  0.22465327E-002
  0.10502060E+006  0.22408662E-002
  0.10509063E+006  0.22352138E-002
  0.10516071E+006  0.22295754E-002
  0.10523084E+006  0.22239510E-002
  0.10530102E+006  0.22183406E-002
  0.10537124E+006  0.22127442E-002
  0.10544151E+006  0.22071616E-002
  0.10551182E+006  0.22015929E-002
  0.10558218E+006  0.21960380E-002
  0.10565259E+006  0.21904969E-002
  0.10572305E+006  0.21849696E-002
  0.10579355E+006  0.21794560E-002
  0.10586410E+006  0.21739561E-002
  0.10593470E+006  0.21684699E-002
  0.10600534E+006  0.21629973E-002
  0.10607604E+006  0.21575383E-002
  0.10614677E+006  0.21520929E-002
  0.10621756E+006  0.21466610E-002
  0.10628839E+006  0.21412426E-002
  0.10635927E+006  0.21358377E-002
  0.10643020E+006  0.21304462E-002
  0.10650118E+006  0.21250681E-002
  0.10657220E+006  0.21197034E-002
  0.10664327E+006  0.21143520E-002
  0.10671438E+006  0.21090139E-002
  0.10678555E+006  0.21036891E-002
  0.10685676E+006  0.20983775E-002
  0.10692802E+006  0.20930791E-002
  0.10699933E+006  0.20877939E-002
  0.10707068E+006  0.20825219E-002
  0.10714208E+006  0.20772629E-002
  0.10721353E+006  0.20720171E-002
  0.10728503E+006  0.20667843E-002
  0.10735657E+006  0.20615644E-002
  0.10742817E+006  0.20563576E-002
  0.10749981E+006  0.20511638E-002
  0.10757149E+006  0.20459828E-002
  0.10764323E+006  0.20408147E-002
  0.10771501E+006  0.20356595E-002
  0.10778685E+006  0.20305171E-002
  0.10785873E+006  0.20253876E-002
  0.10793065E+006  0.20202707E-002
  0.10800263E+006  0.20151666E-002
  0.10807465E+006  0.20100752E-002
  0.10814672E+006  0.20049965E-002
  0.10821884E+006  0.19999304E-002
  0.10829101E+006  0.19948770E-002
  0.10836323E+006  0.19898361E-002
  0.10843549E+006  0.19848077E-002
  0.10850780E+006  0.19797919E-002
  0.10858016E+006  0.19747885E-002
  0.10865257E+006  0.19697976E-002
  0.10872503E+006  0.19648191E-002
  0.10879753E+006  0.19598531E-002
  0.10887009E+006  0.19548994E-002
  0.10894269E+006  0.19499580E-002
  0.10901534E+006  0.19450289E-002
  0.10908804E+006  0.19401121E-002
  0.10916078E+006  0.19352075E-002
  0.10923358E+006  0.19303152E-002
  0.10930642E+006  0.19254350E-002
  0.10937932E+006  0.19205670E-002
  0.10945226E+006  0.19157112E-002
  0.10952525E+006  0.19108674E-002
  0.10959829E+006  0.19060357E-002
  0.10967137E+006  0.19012160E-002
  0.10974451E+006  0.18964083E-002
  0.10981769E+006  0.18916126E-002
  0.10989093E+006  0.18868289E-002
  0.10996421E+006  0.18820570E-002
  0.11003754E+006  0.18772971E-002
  0.11011092E+006  0.18725490E-002
  0.11018435E+006  0.18678128E-002
  0.11025783E+006  0.18630883E-002
  0.11033136E+006  0.18583757E-002
  0.11040493E+006  0.18536747E-002
  0.11047856E+006  0.18489855E-002
  0.11055223E+006  0.18443080E-002
  0.11062596E+006  0.18396421E-002
  0.11069973E+006  0.18349879E-002
  0.11077355E+006  0.18303453E-002
  0.11084742E+006  0.18257142E-002
  0.11092134E+006  0.18210947E-002
  0.11099531E+006  0.18164867E-002
  0.11106933E+006  0.18118903E-002
  0.11114340E+006  0.18073052E-002
  0.11121752E+006  0.18027316E-002
  0.11129169E+006  0.17981694E-002
  0.11136590E+006  0.17936186E-002
  0.11144017E+006  0.17890791E-002
  0.11151449E+006  0.17845510E-002
  0.11158885E+006  0.17800341E-002
  0.11166327E+006  0.17755286E-002
  0.11173773E+006  0.17710342E-002
  0.11181224E+006  0.17665511E-002
  0.11188681E+006  0.17620791E-002
  0.11196142E+006  0.17576183E-002
  0.11203608E+006  0.17531687E-002
  0.11211080E+006  0.17487301E-002
  0.11218556E+006  0.17443026E-002
  0.11226037E+006  0.17398862E-002
  0.11233524E+006  0.17354808E-002
  0.11241015E+006  0.17310864E-002
  0.11248511E+006  0.17267029E-002
  0.11256012E+006  0.17223304E-002
  0.11263519E+006  0.17179688E-002
  0.11271030E+006  0.17136181E-002
  0.11278546E+006  0.17092782E-002
  0.11286068E+006  0.17049492E-002
  0.11293594E+006  0.17006310E-002
  0.11301125E+006  0.16963236E-002
  0.11308661E+006  0.16920269E-002
  0.11316203E+006  0.16877410E-002
  0.11323749E+006  0.16834657E-002
  0.11331301E+006  0.16792011E-002
  0.11338857E+006  0.16749472E-002
  0.11346419E+006  0.16707039E-002
  0.11353985E+006  0.16664712E-002
  0.11361557E+006  0.16622491E-002
  0.11369133E+006  0.16580375E-002
  0.11376715E+006  0.16538364E-002
  0.11384302E+006  0.16496459E-002
  0.11391894E+006  0.16454658E-002
  0.11399491E+006  0.16412961E-002
  0.11407093E+006  0.16371369E-002
  0.11414700E+006  0.16329880E-002
  0.11422312E+006  0.16288495E-002
  0.11429929E+006  0.16247214E-002
  0.11437551E+006  0.16206036E-002
  0.11445178E+006  0.16164960E-002
  0.11452811E+006  0.16123988E-002
  0.11460448E+006  0.16083117E-002
  0.11468091E+006  0.16042349E-002
  0.11475739E+006  0.16001683E-002
  0.11483391E+006  0.15961118E-002
  0.11491049E+006  0.15920655E-002
  0.11498712E+006  0.15880293E-002
  0.11506380E+006  0.15840031E-002
  0.11514054E+006  0.15799871E-002
  0.11521732E+006  0.15759811E-002
  0.11529415E+006  0.15719851E-002
  0.11537104E+006  0.15679990E-002
  0.11544798E+006  0.15640230E-002
  0.11552496E+006  0.15600569E-002
  0.11560200E+006  0.15561007E-002
  0.11567910E+006  0.15521544E-002
  0.11575624E+006  0.15482180E-002
  0.11583343E+006  0.15442914E-002
  0.11591068E+006  0.15403747E-002
  0.11598797E+006  0.15364677E-002
  0.11606532E+006  0.15325705E-002
  0.11614272E+006  0.15286831E-002
  0.11622017E+006  0.15248054E-002
  0.11629768E+006  0.15209373E-002
  0.11637523E+006  0.15170790E-002
  0.11645284E+006  0.15132303E-002
  0.11653050E+006  0.15093913E-002
  0.11660821E+006  0.15055618E-002
  0.11668597E+006  0.15017419E-002
  0.11676378E+006  0.14979316E-002
  0.11684165E+006  0.14941309E-002
  0.11691957E+006  0.14903396E-002
  0.11699754E+006  0.14865578E-002
  0.11707556E+006  0.14827855E-002
  0.11715363E+006  0.14790227E-002
  0.11723176E+006  0.14752692E-002
  0.11730994E+006  0.14715252E-002
  0.11738817E+006  0.14677905E-002
  0.11746645E+006  0.14640652E-002
  0.11754478E+006  0.14603491E-002
  0.11762317E+006  0.14566424E-002
  0.11770161E+006  0.14529450E-002
  0.11778010E+006  0.14492569E-002
  0.11785865E+006  0.14455779E-002
  0.11793724E+006  0.14419082E-002
  0.11801589E+006  0.14382477E-002
  0.11809459E+006  0.14345963E-002
  0.11817334E+006  0.14309541E-002
  0.11825215E+006  0.14273210E-002
  0.11833101E+006  0.14236970E-002
  0.11840992E+006  0.14200821E-002
  0.11848888E+006  0.14164763E-002
  0.11856790E+006  0.14128794E-002
  0.11864697E+006  0.14092916E-002
  0.11872609E+006  0.14057128E-002
  0.11880526E+006  0.14021429E-002
  0.11888449E+006  0.13985820E-002
  0.11896377E+006  0.13950300E-002
  0.11904310E+006  0.13914869E-002
  0.11912249E+006  0.13879527E-002
  0.11920193E+006  0.13844273E-002
  0.11928142E+006  0.13809108E-002
  0.11936097E+006  0.13774031E-002
  0.11944056E+006  0.13739042E-002
  0.11952021E+006  0.13704140E-002
  0.11959992E+006  0.13669326E-002
  0.11967968E+006  0.13634599E-002
  0.11975949E+006  0.13599960E-002
  0.11983935E+006  0.13565407E-002
  0.11991927E+006  0.13530941E-002
  0.11999924E+006  0.13496561E-002
  0.12007926E+006  0.13462267E-002
  0.12015934E+006  0.13428059E-002
  0.12023947E+006  0.13393937E-002
  0.12031965E+006  0.13359901E-002
  0.12039989E+006  0.13325950E-002
  0.12048018E+006  0.13292084E-002
  0.12056052E+006  0.13258303E-002
  0.12064092E+006  0.13224607E-002
  0.12072137E+006  0.13190995E-002
  0.12080188E+006  0.13157468E-002
  0.12088244E+006  0.13124024E-002
  0.12096305E+006  0.13090665E-002
  0.12104371E+006  0.13057389E-002
  0.12112444E+006  0.13024197E-002
  0.12120521E+006  0.12991088E-002
  0.12128604E+006  0.12958062E-002
  0.12136692E+006  0.12925119E-002
  0.12144785E+006  0.12892258E-002
  0.12152884E+006  0.12859480E-002
  0.12160989E+006  0.12826785E-002
  0.12169098E+006  0.12794171E-002
  0.12177214E+006  0.12761639E-002
  0.12185334E+006  0.12729189E-002
  0.12193460E+006  0.12696820E-002
  0.12201592E+006  0.12664533E-002
  0.12209728E+006  0.12632326E-002
  0.12217871E+006  0.12600200E-002
  0.12226018E+006  0.12568155E-002
  0.12234172E+006  0.12536191E-002
  0.12242330E+006  0.12504306E-002
  0.12250494E+006  0.12472502E-002
  0.12258664E+006  0.12440778E-002
  0.12266838E+006  0.12409133E-002
  0.12275019E+006  0.12377568E-002
  0.12283205E+006  0.12346082E-002
  0.12291396E+006  0.12314674E-002
  0.12299593E+006  0.12283346E-002
  0.12307795E+006  0.12252097E-002
  0.12316002E+006  0.12220926E-002
  0.12324216E+006  0.12189833E-002
  0.12332434E+006  0.12158818E-002
  0.12340658E+006  0.12127882E-002
  0.12348888E+006  0.12097023E-002
  0.12357123E+006  0.12066241E-002
  0.12365363E+006  0.12035537E-002
  0.12373609E+006  0.12004910E-002
  0.12381861E+006  0.11974360E-002
  0.12390118E+006  0.11943886E-002
  0.12398381E+006  0.11913490E-002
  0.12406649E+006  0.11883169E-002
  0.12414922E+006  0.11852925E-002
  0.12423201E+006  0.11822757E-002
  0.12431486E+006  0.11792664E-002
  0.12439776E+006  0.11762647E-002
  0.12448072E+006  0.11732706E-002
  0.12456373E+006  0.11702840E-002
  0.12464680E+006  0.11673049E-002
  0.12472992E+006  0.11643332E-002
  0.12481310E+006  0.11613691E-002
  0.12489633E+006  0.11584124E-002
  0.12497962E+006  0.11554631E-002
  0.12506297E+006  0.11525213E-002
  0.12514637E+006  0.11495868E-002
  0.12522982E+006  0.11466597E-002
  0.12531333E+006  0.11437400E-002
  0.12539690E+006  0.11408276E-002
  0.12548052E+006  0.11379226E-002
  0.12556420E+006  0.11350248E-002
  0.12564794E+006  0.11321343E-002
  0.12573173E+006  0.11292511E-002
  0.12581557E+006  0.11263752E-002
  0.12589948E+006  0.11235065E-002
  0.12598343E+006  0.11206450E-002
  0.12606745E+006  0.11177906E-002
  0.12615152E+006  0.11149435E-002
  0.12623565E+006  0.11121036E-002
  0.12631983E+006  0.11092707E-002
  0.12640407E+006  0.11064450E-002
  0.12648836E+006  0.11036264E-002
  0.12657271E+006  0.11008150E-002
  0.12665712E+006  0.10980105E-002
  0.12674158E+006  0.10952132E-002
  0.12682610E+006  0.10924228E-002
  0.12691068E+006  0.10896395E-002
  0.12699531E+006  0.10868632E-002
  0.12708000E+006  0.10840939E-002
  0.12716474E+006  0.10813315E-002
  0.12724955E+006  0.10785761E-002
  0.12733441E+006  0.10758277E-002
  0.12741932E+006  0.10730861E-002
  0.12750429E+006  0.10703515E-002
  0.12758932E+006  0.10676237E-002
  0.12767441E+006  0.10649028E-002
  0.12775955E+006  0.10621888E-002
  0.12784475E+006  0.10594815E-002
  0.12793000E+006  0.10567811E-002
  0.12801531E+006  0.10540875E-002
  0.12810068E+006  0.10514007E-002
  0.12818611E+006  0.10487207E-002
  0.12827159E+006  0.10460473E-002
  0.12835713E+006  0.10433808E-002
  0.12844273E+006  0.10407209E-002
  0.12852838E+006  0.10380677E-002
  0.12861409E+006  0.10354212E-002
  0.12869986E+006  0.10327814E-002
  0.12878569E+006  0.10301483E-002
  0.12887157E+006  0.10275217E-002
  0.12895751E+006  0.10249018E-002
  0.12904351E+006  0.10222885E-002
  0.12912956E+006  0.10196817E-002
  0.12921568E+006  0.10170815E-002
  0.12930185E+006  0.10144879E-002
  0.12938807E+006  0.10119008E-002
  0.12947436E+006  0.10093202E-002
  0.12956070E+006  0.10067462E-002
  0.12964710E+006  0.10041786E-002
  0.12973356E+006  0.10016174E-002
  0.12982007E+006  0.99906277E-003
  0.12990664E+006  0.99651454E-003
  0.12999327E+006  0.99397273E-003
  0.13007996E+006  0.99143732E-003
  0.13016671E+006  0.98890830E-003
  0.13025351E+006  0.98638566E-003
  0.13034037E+006  0.98386938E-003
  0.13042729E+006  0.98135943E-003
  0.13051427E+006  0.97885582E-003
  0.13060131E+006  0.97635851E-003
  0.13068840E+006  0.97386750E-003
  0.13077555E+006  0.97138277E-003
  0.13086276E+006  0.96890430E-003
  0.13095003E+006  0.96643208E-003
  0.13103736E+006  0.96396609E-003
  0.13112474E+006  0.96150632E-003
  0.13121218E+006  0.95905275E-003
  0.13129969E+006  0.95660537E-003
  0.13138724E+006  0.95416415E-003
  0.13147486E+006  0.95172910E-003
  0.13156254E+006  0.94930018E-003
  0.13165027E+006  0.94687739E-003
  0.13173807E+006  0.94446071E-003
  0.13182592E+006  0.94205013E-003
  0.13191383E+006  0.93964562E-003
  0.13200180E+006  0.93724718E-003
  0.13208983E+006  0.93485479E-003
  0.13217791E+006  0.93246843E-003
  0.13226606E+006  0.93008809E-003
  0.13235426E+006  0.92771376E-003
  0.13244252E+006  0.92534542E-003
  0.13253084E+006  0.92298305E-003
  0.13261922E+006  0.92062664E-003
  0.13270766E+006  0.91827618E-003
  0.13279616E+006  0.91593164E-003
  0.13288472E+006  0.91359303E-003
  0.13297334E+006  0.91126031E-003
  0.13306201E+006  0.90893348E-003
  0.13315075E+006  0.90661252E-003
  0.13323954E+006  0.90429742E-003
  0.13332839E+006  0.90198816E-003
  0.13341731E+006  0.89968473E-003
  0.13350628E+006  0.89738711E-003
  0.13359531E+006  0.89509530E-003
  0.13368440E+006  0.89280926E-003
  0.13377355E+006  0.89052900E-003
  0.13386276E+006  0.88825449E-003
  0.13395203E+006  0.88598573E-003
  0.13404135E+006  0.88372269E-003
  0.13413074E+006  0.88146537E-003
  0.13422019E+006  0.87921374E-003
  0.13430970E+006  0.87696780E-003
  0.13439926E+006  0.87472753E-003
  0.13448889E+006  0.87249292E-003
  0.13457857E+006  0.87026394E-003
  0.13466832E+006  0.86804060E-003
  0.13475813E+006  0.86582287E-003
  0.13484799E+006  0.86361075E-003
  0.13493792E+006  0.86140421E-003
  0.13502790E+006  0.85920324E-003
  0.13511795E+006  0.85700783E-003
  0.13520805E+006  0.85481796E-003
  0.13529822E+006  0.85263363E-003
  0.13538845E+006  0.85045482E-003
  0.13547873E+006  0.84828150E-003
  0.13556908E+006  0.84611368E-003
  0.13565949E+006  0.84395134E-003
  0.13574995E+006  0.84179446E-003
  0.13584048E+006  0.83964302E-003
  0.13593107E+006  0.83749703E-003
  0.13602171E+006  0.83535645E-003
  0.13611242E+006  0.83322128E-003
  0.13620319E+006  0.83109151E-003
  0.13629402E+006  0.82896712E-003
  0.13638491E+006  0.82684810E-003
  0.13647586E+006  0.82473443E-003
  0.13656687E+006  0.82262611E-003
  0.13665794E+006  0.82052311E-003
  0.13674908E+006  0.81842543E-003
  0.13684027E+006  0.81633305E-003
  0.13693153E+006  0.81424596E-003
  0.13702284E+006  0.81216414E-003
  0.13711422E+006  0.81008759E-003
  0.13720565E+006  0.80801629E-003
  0.13729715E+006  0.80595022E-003
  0.13738871E+006  0.80388938E-003
  0.13748033E+006  0.80183374E-003
  0.13757201E+006  0.79978330E-003
  0.13766375E+006  0.79773805E-003
  0.13775556E+006  0.79569797E-003
  0.13784742E+006  0.79366305E-003
  0.13793935E+006  0.79163327E-003
  0.13803133E+006  0.78960863E-003
  0.13812338E+006  0.78758910E-003
  0.13821549E+006  0.78557468E-003
  0.13830766E+006  0.78356536E-003
  0.13839990E+006  0.78156112E-003
  0.13849219E+006  0.77956195E-003
  0.13858455E+006  0.77756783E-003
  0.13867696E+006  0.77557876E-003
  0.13876944E+006  0.77359472E-003
  0.13886198E+006  0.77161570E-003
  0.13895459E+006  0.76964168E-003
  0.13904725E+006  0.76767266E-003
  0.13913998E+006  0.76570862E-003
  0.13923276E+006  0.76374955E-003
  0.13932561E+006  0.76179544E-003
  0.13941853E+006  0.75984627E-003
  0.13951150E+006  0.75790203E-003
  0.13960453E+006  0.75596271E-003
  0.13969763E+006  0.75402830E-003
  0.13979079E+006  0.75209878E-003
  0.13988401E+006  0.75017415E-003
  0.13997730E+006  0.74825439E-003
  0.14007064E+006  0.74633948E-003
  0.14016405E+006  0.74442943E-003
  0.14025752E+006  0.74252420E-003
  0.14035106E+006  0.74062380E-003
  0.14044465E+006  0.73872821E-003
  0.14053831E+006  0.73683742E-003
  0.14063203E+006  0.73495141E-003
  0.14072581E+006  0.73307018E-003
  0.14081966E+006  0.73119371E-003
  0.14091357E+006  0.72932199E-003
  0.14100754E+006  0.72745501E-003
  0.14110157E+006  0.72559276E-003
  0.14119567E+006  0.72373522E-003
  0.14128982E+006  0.72188239E-003
  0.14138405E+006  0.72003425E-003
  0.14147833E+006  0.71819078E-003
  0.14157268E+006  0.71635199E-003
  0.14166709E+006  0.71451785E-003
  0.14176156E+006  0.71268836E-003
  0.14185610E+006  0.71086350E-003
  0.14195070E+006  0.70904326E-003
  0.14204536E+006  0.70722763E-003
  0.14214008E+006  0.70541660E-003
  0.14223487E+006  0.70361016E-003
  0.14232972E+006  0.70180830E-003
  0.14242464E+006  0.70001099E-003
  0.14251962E+006  0.69821825E-003
  0.14261466E+006  0.69643004E-003
  0.14270976E+006  0.69464636E-003
  0.14280493E+006  0.69286720E-003
  0.14290016E+006  0.69109255E-003
  0.14299546E+006  0.68932240E-003
  0.14309082E+006  0.68755673E-003
  0.14318624E+006  0.68579554E-003
  0.14328173E+006  0.68403881E-003
  0.14337728E+006  0.68228653E-003
  0.14347289E+006  0.68053869E-003
  0.14356857E+006  0.67879528E-003
  0.14366431E+006  0.67705629E-003
  0.14376011E+006  0.67532170E-003
  0.14385598E+006  0.67359151E-003
  0.14395191E+006  0.67186571E-003
  0.14404791E+006  0.67014428E-003
  0.14414397E+006  0.66842722E-003
  0.14424010E+006  0.66671451E-003
  0.14433629E+006  0.66500614E-003
  0.14443254E+006  0.66330210E-003
  0.14452886E+006  0.66160238E-003
  0.14462524E+006  0.65990697E-003
  0.14472168E+006  0.65821586E-003
  0.14481819E+006  0.65652903E-003
  0.14491477E+006  0.65484648E-003
  0.14501141E+006  0.65316820E-003
  0.14510811E+006  0.65149418E-003
  0.14520488E+006  0.64982440E-003
  0.14530171E+006  0.64815885E-003
  0.14539861E+006  0.64649753E-003
  0.14549557E+006  0.64484042E-003
  0.14559259E+006  0.64318751E-003
  0.14568969E+006  0.64153880E-003
  0.14578684E+006  0.63989427E-003
  0.14588406E+006  0.63825391E-003
  0.14598135E+006  0.63661771E-003
  0.14607870E+006  0.63498566E-003
  0.14617611E+006  0.63335775E-003
  0.14627359E+006  0.63173397E-003
  0.14637114E+006  0.63011430E-003
  0.14646875E+006  0.62849875E-003
  0.14656642E+006  0.62688730E-003
  0.14666416E+006  0.62527993E-003
  0.14676197E+006  0.62367665E-003
  0.14685984E+006  0.62207743E-003
  0.14695777E+006  0.62048227E-003
  0.14705578E+006  0.61889116E-003
  0.14715384E+006  0.61730408E-003
  0.14725197E+006  0.61572103E-003
  0.14735017E+006  0.61414200E-003
  0.14744843E+006  0.61256698E-003
  0.14754676E+006  0.61099595E-003
  0.14764516E+006  0.60942891E-003
  0.14774362E+006  0.60786585E-003
  0.14784214E+006  0.60630676E-003
  0.14794073E+006  0.60475162E-003
  0.14803939E+006  0.60320043E-003
  0.14813811E+006  0.60165318E-003
  0.14823690E+006  0.60010986E-003
  0.14833575E+006  0.59857045E-003
  0.14843467E+006  0.59703495E-003
  0.14853366E+006  0.59550336E-003
  0.14863271E+006  0.59397565E-003
  0.14873183E+006  0.59245181E-003
  0.14883102E+006  0.59093185E-003
  0.14893027E+006  0.58941575E-003
  0.14902958E+006  0.58790349E-003
  0.14912897E+006  0.58639508E-003
  0.14922841E+006  0.58489050E-003
  0.14932793E+006  0.58338974E-003
  0.14942751E+006  0.58189279E-003
  0.14952716E+006  0.58039964E-003
  0.14962687E+006  0.57891028E-003
  0.14972666E+006  0.57742471E-003
  0.14982650E+006  0.57594291E-003
  0.14992642E+006  0.57446487E-003
  0.15002640E+006  0.57299059E-003
  0.15012645E+006  0.57152005E-003
  0.15022656E+006  0.57005325E-003
  0.15032674E+006  0.56859017E-003
  0.15042699E+006  0.56713082E-003
  0.15052730E+006  0.56567516E-003
  0.15062769E+006  0.56422321E-003
  0.15072814E+006  0.56277495E-003
  0.15082865E+006  0.56133036E-003
  0.15092923E+006  0.55988945E-003
  0.15102988E+006  0.55845220E-003
  0.15113060E+006  0.55701860E-003
  0.15123138E+006  0.55558864E-003
  0.15133223E+006  0.55416232E-003
  0.15143315E+006  0.55273962E-003
  0.15153414E+006  0.55132054E-003
  0.15163519E+006  0.54990506E-003
  0.15173631E+006  0.54849319E-003
  0.15183750E+006  0.54708490E-003
  0.15193876E+006  0.54568019E-003
  0.15204008E+006  0.54427905E-003
  0.15214147E+006  0.54288147E-003
  0.15224293E+006  0.54148744E-003
  0.15234445E+006  0.54009696E-003
  0.15244605E+006  0.53871002E-003
  0.15254771E+006  0.53732660E-003
  0.15264944E+006  0.53594669E-003
  0.15275123E+006  0.53457030E-003
  0.15285310E+006  0.53319740E-003
  0.15295503E+006  0.53182800E-003
  0.15305703E+006  0.53046207E-003
  0.15315910E+006  0.52909963E-003
  0.15326124E+006  0.52774064E-003
  0.15336344E+006  0.52638511E-003
  0.15346571E+006  0.52503303E-003
  0.15356806E+006  0.52368439E-003
  0.15367047E+006  0.52233917E-003
  0.15377294E+006  0.52099738E-003
  0.15387549E+006  0.51965900E-003
  0.15397810E+006  0.51832403E-003
  0.15408079E+006  0.51699245E-003
  0.15418354E+006  0.51566425E-003
  0.15428636E+006  0.51433944E-003
  0.15438925E+006  0.51301799E-003
  0.15449220E+006  0.51169991E-003
  0.15459523E+006  0.51038518E-003
  0.15469832E+006  0.50907380E-003
  0.15480149E+006  0.50776575E-003
  0.15490472E+006  0.50646103E-003
  0.15500802E+006  0.50515963E-003
  0.15511139E+006  0.50386154E-003
  0.15521483E+006  0.50256675E-003
  0.15531833E+006  0.50127526E-003
  0.15542191E+006  0.49998706E-003
  0.15552556E+006  0.49870213E-003
  0.15562927E+006  0.49742047E-003
  0.15573306E+006  0.49614208E-003
  0.15583691E+006  0.49486693E-003
  0.15594083E+006  0.49359504E-003
  0.15604482E+006  0.49232638E-003
  0.15614888E+006  0.49106095E-003
  0.15625301E+006  0.48979874E-003
  0.15635721E+006  0.48853974E-003
  0.15646148E+006  0.48728395E-003
  0.15656582E+006  0.48603135E-003
  0.15667023E+006  0.48478194E-003
  0.15677471E+006  0.48353572E-003
  0.15687926E+006  0.48229267E-003
  0.15698388E+006  0.48105278E-003
  0.15708856E+006  0.47981604E-003
  0.15719332E+006  0.47858246E-003
  0.15729815E+006  0.47735202E-003
  0.15740304E+006  0.47612471E-003
  0.15750801E+006  0.47490052E-003
  0.15761305E+006  0.47367946E-003
  0.15771815E+006  0.47246150E-003
  0.15782333E+006  0.47124664E-003
  0.15792858E+006  0.47003488E-003
  0.15803390E+006  0.46882621E-003
  0.15813928E+006  0.46762061E-003
  0.15824474E+006  0.46641808E-003
  0.15835027E+006  0.46521861E-003
  0.15845587E+006  0.46402221E-003
  0.15856154E+006  0.46282884E-003
  0.15866728E+006  0.46163852E-003
  0.15877309E+006  0.46045123E-003
  0.15887897E+006  0.45926696E-003
  0.15898492E+006  0.45808572E-003
  0.15909094E+006  0.45690748E-003
  0.15919703E+006  0.45573224E-003
  0.15930319E+006  0.45455999E-003
  0.15940943E+006  0.45339074E-003
  0.15951573E+006  0.45222446E-003
  0.15962211E+006  0.45106115E-003
  0.15972856E+006  0.44990081E-003
  0.15983507E+006  0.44874342E-003
  0.15994166E+006  0.44758899E-003
  0.16004832E+006  0.44643749E-003
  0.16015505E+006  0.44528893E-003
  0.16026186E+006  0.44414330E-003
  0.16036873E+006  0.44300058E-003
  0.16047567E+006  0.44186078E-003
  0.16058269E+006  0.44072389E-003
  0.16068978E+006  0.43958989E-003
  0.16079693E+006  0.43845878E-003
  0.16090417E+006  0.43733055E-003
  0.16101147E+006  0.43620520E-003
  0.16111884E+006  0.43508272E-003
  0.16122628E+006  0.43396310E-003
  0.16133380E+006  0.43284634E-003
  0.16144139E+006  0.43173242E-003
  0.16154905E+006  0.43062134E-003
  0.16165678E+006  0.42951310E-003
  0.16176458E+006  0.42840768E-003
  0.16187246E+006  0.42730507E-003
  0.16198041E+006  0.42620528E-003
  0.16208843E+006  0.42510830E-003
  0.16219652E+006  0.42401411E-003
  0.16230468E+006  0.42292271E-003
  0.16241292E+006  0.42183409E-003
  0.16252122E+006  0.42074825E-003
  0.16262960E+006  0.41966518E-003
  0.16273806E+006  0.41858487E-003
  0.16284658E+006  0.41750732E-003
  0.16295518E+006  0.41643251E-003
  0.16306385E+006  0.41536045E-003
  0.16317259E+006  0.41429112E-003
  0.16328140E+006  0.41322452E-003
  0.16339029E+006  0.41216064E-003
  0.16349925E+006  0.41109947E-003
  0.16360828E+006  0.41004101E-003
  0.16371739E+006  0.40898525E-003
  0.16382657E+006  0.40793218E-003
  0.16393582E+006  0.40688180E-003
  0.16404514E+006  0.40583410E-003
  0.16415454E+006  0.40478907E-003
  0.16426400E+006  0.40374671E-003
  0.16437355E+006  0.40270701E-003
  0.16448316E+006  0.40166996E-003
  0.16459285E+006  0.40063555E-003
  0.16470261E+006  0.39960379E-003
  0.16481245E+006  0.39857466E-003
  0.16492235E+006  0.39754815E-003
  0.16503234E+006  0.39652427E-003
  0.16514239E+006  0.39550300E-003
  0.16525252E+006  0.39448433E-003
  0.16536272E+006  0.39346826E-003
  0.16547299E+006  0.39245479E-003
  0.16558334E+006  0.39144390E-003
  0.16569376E+006  0.39043560E-003
  0.16580426E+006  0.38942987E-003
  0.16591483E+006  0.38842670E-003
  0.16602547E+006  0.38742610E-003
  0.16613619E+006  0.38642805E-003
  0.16624698E+006  0.38543254E-003
  0.16635785E+006  0.38443958E-003
  0.16646878E+006  0.38344916E-003
  0.16657980E+006  0.38246126E-003
  0.16669088E+006  0.38147588E-003
  0.16680204E+006  0.38049302E-003
  0.16691328E+006  0.37951267E-003
  0.16702459E+006  0.37853483E-003
  0.16713597E+006  0.37755948E-003
  0.16724743E+006  0.37658662E-003
  0.16735896E+006  0.37561624E-003
  0.16747057E+006  0.37464834E-003
  0.16758225E+006  0.37368292E-003
  0.16769400E+006  0.37271996E-003
  0.16780583E+006  0.37175946E-003
  0.16791773E+006  0.37080141E-003
  0.16802971E+006  0.36984581E-003
  0.16814177E+006  0.36889265E-003
  0.16825389E+006  0.36794192E-003
  0.16836610E+006  0.36699363E-003
  0.16847838E+006  0.36604775E-003
  0.16859073E+006  0.36510429E-003
  0.16870316E+006  0.36416324E-003
  0.16881566E+006  0.36322460E-003
  0.16892824E+006  0.36228835E-003
  0.16904089E+006  0.36135450E-003
  0.16915362E+006  0.36042303E-003
  0.16926642E+006  0.35949394E-003
  0.16937930E+006  0.35856722E-003
  0.16949225E+006  0.35764287E-003
  0.16960528E+006  0.35672089E-003
  0.16971838E+006  0.35580126E-003
  0.16983156E+006  0.35488397E-003
  0.16994482E+006  0.35396904E-003
  0.17005815E+006  0.35305644E-003
  0.17017155E+006  0.35214617E-003
  0.17028504E+006  0.35123823E-003
  0.17039859E+006  0.35033261E-003
  0.17051223E+006  0.34942931E-003
  0.17062594E+006  0.34852831E-003
  0.17073972E+006  0.34762962E-003
  0.17085358E+006  0.34673322E-003
  0.17096752E+006  0.34583911E-003
  0.17108153E+006  0.34494729E-003
  0.17119562E+006  0.34405775E-003
  0.17130978E+006  0.34317048E-003
  0.17142402E+006  0.34228548E-003
  0.17153834E+006  0.34140275E-003
  0.17165273E+006  0.34052227E-003
  0.17176720E+006  0.33964404E-003
  0.17188175E+006  0.33876806E-003
  0.17199637E+006  0.33789431E-003
  0.17211107E+006  0.33702280E-003
  0.17222585E+006  0.33615352E-003
  0.17234070E+006  0.33528646E-003
  0.17245563E+006  0.33442162E-003
  0.17257063E+006  0.33355899E-003
  0.17268571E+006  0.33269856E-003
  0.17280087E+006  0.33184034E-003
  0.17291611E+006  0.33098431E-003
  0.17303142E+006  0.33013047E-003
  0.17314681E+006  0.32927881E-003
  0.17326227E+006  0.32842933E-003
  0.17337782E+006  0.32758202E-003
  0.17349344E+006  0.32673688E-003
  0.17360913E+006  0.32589391E-003
  0.17372491E+006  0.32505308E-003
  0.17384076E+006  0.32421441E-003
  0.17395669E+006  0.32337789E-003
  0.17407269E+006  0.32254350E-003
  0.17418878E+006  0.32171125E-003
  0.17430494E+006  0.32088113E-003
  0.17442117E+006  0.32005313E-003
  0.17453749E+006  0.31922725E-003
  0.17465388E+006  0.31840348E-003
  0.17477035E+006  0.31758182E-003
  0.17488690E+006  0.31676226E-003
  0.17500353E+006  0.31594480E-003
  0.17512023E+006  0.31512943E-003
  0.17523701E+006  0.31431615E-003
  0.17535387E+006  0.31350495E-003
  0.17547081E+006  0.31269582E-003
  0.17558783E+006  0.31188876E-003
  0.17570492E+006  0.31108377E-003
  0.17582209E+006  0.31028084E-003
  0.17593934E+006  0.30947997E-003
  0.17605667E+006  0.30868114E-003
  0.17617408E+006  0.30788436E-003
  0.17629156E+006  0.30708962E-003
  0.17640913E+006  0.30629691E-003
  0.17652677E+006  0.30550623E-003
  0.17664449E+006  0.30471758E-003
  0.17676228E+006  0.30393094E-003
  0.17688016E+006  0.30314632E-003
  0.17699812E+006  0.30236370E-003
  0.17711615E+006  0.30158309E-003
  0.17723426E+006  0.30080448E-003
  0.17735246E+006  0.30002786E-003
  0.17747073E+006  0.29925323E-003
  0.17758908E+006  0.29848058E-003
  0.17770750E+006  0.29770991E-003
  0.17782601E+006  0.29694121E-003
  0.17794460E+006  0.29617448E-003
  0.17806326E+006  0.29540972E-003
  0.17818201E+006  0.29464691E-003
  0.17830083E+006  0.29388606E-003
  0.17841973E+006  0.29312715E-003
  0.17853872E+006  0.29237019E-003
  0.17865778E+006  0.29161517E-003
  0.17877692E+006  0.29086208E-003
  0.17889614E+006  0.29011091E-003
  0.17901544E+006  0.28936168E-003
  0.17913482E+006  0.28861436E-003
  0.17925428E+006  0.28786895E-003
  0.17937382E+006  0.28712546E-003
  0.17949343E+006  0.28638386E-003
  0.17961313E+006  0.28564417E-003
  0.17973291E+006  0.28490638E-003
  0.17985277E+006  0.28417047E-003
  0.17997271E+006  0.28343645E-003
  0.18009272E+006  0.28270430E-003
  0.18021282E+006  0.28197404E-003
  0.18033300E+006  0.28124564E-003
  0.18045326E+006  0.28051911E-003
  0.18057360E+006  0.27979444E-003
  0.18069401E+006  0.27907163E-003
  0.18081451E+006  0.27835067E-003
  0.18093509E+006  0.27763156E-003
  0.18105575E+006  0.27691429E-003
  0.18117649E+006  0.27619886E-003
  0.18129731E+006  0.27548526E-003
  0.18141821E+006  0.27477349E-003
  0.18153920E+006  0.27406355E-003
  0.18166026E+006  0.27335542E-003
  0.18178140E+006  0.27264911E-003
  0.18190263E+006  0.27194460E-003
  0.18202393E+006  0.27124191E-003
  0.18214532E+006  0.27054101E-003
  0.18226678E+006  0.26984191E-003
  0.18238833E+006  0.26914461E-003
  0.18250996E+006  0.26844909E-003
  0.18263167E+006  0.26775535E-003
  0.18275346E+006  0.26706339E-003
  0.18287533E+006  0.26637320E-003
  0.18299729E+006  0.26568479E-003
  0.18311932E+006  0.26499814E-003
  0.18324144E+006  0.26431324E-003
  0.18336363E+006  0.26363011E-003
  0.18348591E+006  0.26294873E-003
  0.18360827E+006  0.26226909E-003
  0.18373072E+006  0.26159119E-003
  0.18385324E+006  0.26091504E-003
  0.18397585E+006  0.26024061E-003
  0.18409853E+006  0.25956792E-003
  0.18422130E+006  0.25889695E-003
  0.18434415E+006  0.25822770E-003
  0.18446709E+006  0.25756017E-003
  0.18459010E+006  0.25689435E-003
  0.18471320E+006  0.25623023E-003
  0.18483638E+006  0.25556782E-003
  0.18495964E+006  0.25490711E-003
  0.18508298E+006  0.25424809E-003
  0.18520641E+006  0.25359077E-003
  0.18532992E+006  0.25293513E-003
  0.18545351E+006  0.25228117E-003
  0.18557718E+006  0.25162888E-003
  0.18570093E+006  0.25097827E-003
  0.18582477E+006  0.25032933E-003
  0.18594869E+006  0.24968206E-003
  0.18607269E+006  0.24903644E-003
  0.18619678E+006  0.24839248E-003
  0.18632095E+006  0.24775018E-003
  0.18644520E+006  0.24710952E-003
  0.18656953E+006  0.24647050E-003
  0.18669395E+006  0.24583312E-003
  0.18681845E+006  0.24519738E-003
  0.18694303E+006  0.24456327E-003
  0.18706770E+006  0.24393079E-003
  0.18719245E+006  0.24329992E-003
  0.18731728E+006  0.24267068E-003
  0.18744220E+006  0.24204305E-003
  0.18756720E+006  0.24141704E-003
  0.18769228E+006  0.24079263E-003
  0.18781744E+006  0.24016982E-003
  0.18794269E+006  0.23954861E-003
  0.18806803E+006  0.23892899E-003
  0.18819344E+006  0.23831096E-003
  0.18831894E+006  0.23769452E-003
  0.18844453E+006  0.23707966E-003
  0.18857019E+006  0.23646638E-003
  0.18869594E+006  0.23585468E-003
  0.18882178E+006  0.23524454E-003
  0.18894770E+006  0.23463597E-003
  0.18907370E+006  0.23402896E-003
  0.18919979E+006  0.23342351E-003
  0.18932596E+006  0.23281962E-003
  0.18945221E+006  0.23221727E-003
  0.18957855E+006  0.23161647E-003
  0.18970498E+006  0.23101721E-003
  0.18983149E+006  0.23041950E-003
  0.18995808E+006  0.22982331E-003
  0.19008475E+006  0.22922866E-003
  0.19021152E+006  0.22863553E-003
  0.19033836E+006  0.22804393E-003
  0.19046529E+006  0.22745384E-003
  0.19059231E+006  0.22686527E-003
  0.19071941E+006  0.22627821E-003
  0.19084659E+006  0.22569266E-003
  0.19097386E+006  0.22510861E-003
  0.19110121E+006  0.22452606E-003
  0.19122865E+006  0.22394501E-003
  0.19135618E+006  0.22336545E-003
  0.19148379E+006  0.22278738E-003
  0.19161148E+006  0.22221079E-003
  0.19173926E+006  0.22163568E-003
  0.19186712E+006  0.22106205E-003
  0.19199507E+006  0.22048989E-003
  0.19212311E+006  0.21991921E-003
  0.19225123E+006  0.21934999E-003
  0.19237944E+006  0.21878223E-003
  0.19250773E+006  0.21821592E-003
  0.19263610E+006  0.21765108E-003
  0.19276457E+006  0.21708768E-003
  0.19289312E+006  0.21652573E-003
  0.19302175E+006  0.21596523E-003
  0.19315047E+006  0.21540616E-003
  0.19327927E+006  0.21484853E-003
  0.19340817E+006  0.21429234E-003
  0.19353714E+006  0.21373757E-003
  0.19366621E+006  0.21318423E-003
  0.19379536E+006  0.21263231E-003
  0.19392459E+006  0.21208181E-003
  0.19405391E+006  0.21153272E-003
  0.19418332E+006  0.21098504E-003
  0.19431282E+006  0.21043877E-003
  0.19444240E+006  0.20989390E-003
  0.19457206E+006  0.20935044E-003
  0.19470182E+006  0.20880837E-003
  0.19483166E+006  0.20826769E-003
  0.19496159E+006  0.20772840E-003
  0.19509160E+006  0.20719050E-003
  0.19522170E+006  0.20665398E-003
  0.19535189E+006  0.20611884E-003
  0.19548216E+006  0.20558508E-003
  0.19561252E+006  0.20505269E-003
  0.19574297E+006  0.20452166E-003
  0.19587350E+006  0.20399200E-003
  0.19600412E+006  0.20346370E-003
  0.19613483E+006  0.20293676E-003
  0.19626563E+006  0.20241118E-003
  0.19639651E+006  0.20188694E-003
  0.19652748E+006  0.20136405E-003
  0.19665854E+006  0.20084251E-003
  0.19678968E+006  0.20032231E-003
  0.19692092E+006  0.19980344E-003
  0.19705224E+006  0.19928591E-003
  0.19718364E+006  0.19876971E-003
  0.19731514E+006  0.19825483E-003
  0.19744672E+006  0.19774128E-003
  0.19757839E+006  0.19722905E-003
  0.19771015E+006  0.19671814E-003
  0.19784200E+006  0.19620854E-003
  0.19797393E+006  0.19570025E-003
  0.19810595E+006  0.19519327E-003
  0.19823806E+006  0.19468759E-003
  0.19837026E+006  0.19418322E-003
  0.19850255E+006  0.19368014E-003
  0.19863492E+006  0.19317835E-003
  0.19876739E+006  0.19267785E-003
  0.19889994E+006  0.19217864E-003
  0.19903258E+006  0.19168072E-003
  0.19916531E+006  0.19118407E-003
  0.19929812E+006  0.19068870E-003
  0.19943103E+006  0.19019461E-003
  0.19956402E+006  0.18970179E-003
  0.19969710E+006  0.18921023E-003
  0.19983028E+006  0.18871994E-003
  0.19996354E+006  0.18823091E-003
  0.20009688E+006  0.18774314E-003
  0.20023032E+006  0.18725662E-003
  0.20036385E+006  0.18677136E-003
  0.20049747E+006  0.18628734E-003
  0.20063117E+006  0.18580457E-003
  0.20076496E+006  0.18532304E-003
  0.20089885E+006  0.18484275E-003
  0.20103282E+006  0.18436369E-003
  0.20116688E+006  0.18388587E-003
  0.20130103E+006  0.18340927E-003
  0.20143528E+006  0.18293391E-003
  0.20156961E+006  0.18245976E-003
  0.20170403E+006  0.18198684E-003
  0.20183854E+006  0.18151513E-003
  0.20197314E+006  0.18104464E-003
  0.20210782E+006  0.18057535E-003
  0.20224260E+006  0.18010728E-003
  0.20237747E+006  0.17964041E-003
  0.20251243E+006  0.17917474E-003
  0.20264748E+006  0.17871027E-003
  0.20278262E+006  0.17824699E-003
  0.20291785E+006  0.17778491E-003
  0.20305317E+006  0.17732401E-003
  0.20318858E+006  0.17686430E-003
  0.20332408E+006  0.17640578E-003
  0.20345967E+006  0.17594843E-003
  0.20359535E+006  0.17549227E-003
  0.20373112E+006  0.17503727E-003
  0.20386698E+006  0.17458345E-003
  0.20400293E+006  0.17413080E-003
  0.20413897E+006  0.17367931E-003
  0.20427511E+006  0.17322898E-003
  0.20441133E+006  0.17277981E-003
  0.20454765E+006  0.17233180E-003
  0.20468405E+006  0.17188495E-003
  0.20482055E+006  0.17143924E-003
  0.20495714E+006  0.17099468E-003
  0.20509382E+006  0.17055126E-003
  0.20523059E+006  0.17010899E-003
  0.20536745E+006  0.16966786E-003
  0.20550440E+006  0.16922786E-003
  0.20564145E+006  0.16878899E-003
  0.20577858E+006  0.16835125E-003
  0.20591581E+006  0.16791465E-003
  0.20605313E+006  0.16747916E-003
  0.20619054E+006  0.16704480E-003
  0.20632804E+006  0.16661155E-003
  0.20646563E+006  0.16617942E-003
  0.20660332E+006  0.16574841E-003
  0.20674109E+006  0.16531850E-003
  0.20687896E+006  0.16488970E-003
  0.20701692E+006  0.16446201E-003
  0.20715497E+006  0.16403542E-003
  0.20729312E+006  0.16360992E-003
  0.20743136E+006  0.16318552E-003
  0.20756969E+006  0.16276222E-003
  0.20770811E+006  0.16234000E-003
  0.20784662E+006  0.16191888E-003
  0.20798523E+006  0.16149883E-003
  0.20812392E+006  0.16107987E-003
  0.20826272E+006  0.16066199E-003
  0.20840160E+006  0.16024519E-003
  0.20854058E+006  0.15982946E-003
  0.20867964E+006  0.15941480E-003
  0.20881881E+006  0.15900120E-003
  0.20895806E+006  0.15858868E-003
  0.20909741E+006  0.15817721E-003
  0.20923685E+006  0.15776681E-003
  0.20937638E+006  0.15735746E-003
  0.20951601E+006  0.15694917E-003
  0.20965573E+006  0.15654193E-003
  0.20979554E+006  0.15613574E-003
  0.20993544E+006  0.15573060E-003
  0.21007544E+006  0.15532650E-003
  0.21021554E+006  0.15492344E-003
  0.21035572E+006  0.15452142E-003
  0.21049600E+006  0.15412044E-003
  0.21063637E+006  0.15372049E-003
  0.21077684E+006  0.15332157E-003
  0.21091740E+006  0.15292368E-003
  0.21105805E+006  0.15252681E-003
  0.21119880E+006  0.15213097E-003
  0.21133964E+006  0.15173615E-003
  0.21148058E+006  0.15134234E-003
  0.21162161E+006  0.15094955E-003
  0.21176273E+006  0.15055777E-003
  0.21190395E+006  0.15016701E-003
  0.21204526E+006  0.14977725E-003
  0.21218667E+006  0.14938849E-003
  0.21232817E+006  0.14900074E-003
  0.21246976E+006  0.14861398E-003
  0.21261145E+006  0.14822822E-003
  0.21275323E+006  0.14784346E-003
  0.21289511E+006  0.14745969E-003
  0.21303708E+006  0.14707691E-003
  0.21317915E+006  0.14669511E-003
  0.21332131E+006  0.14631430E-003
  0.21346357E+006  0.14593447E-003
  0.21360592E+006  0.14555563E-003
  0.21374837E+006  0.14517775E-003
  0.21389091E+006  0.14480085E-003
  0.21403355E+006  0.14442493E-003
  0.21417628E+006  0.14404997E-003
  0.21431911E+006  0.14367598E-003
  0.21446203E+006  0.14330296E-003
  0.21460505E+006  0.14293089E-003
  0.21474816E+006  0.14255979E-003
  0.21489137E+006  0.14218964E-003
  0.21503467E+006  0.14182045E-003
  0.21517807E+006  0.14145221E-003
  0.21532157E+006  0.14108491E-003
  0.21546516E+006  0.14071857E-003
  0.21560884E+006  0.14035317E-003
  0.21575262E+006  0.13998871E-003
  0.21589650E+006  0.13962520E-003
  0.21604048E+006  0.13926262E-003
  0.21618455E+006  0.13890098E-003
  0.21632871E+006  0.13854026E-003
  0.21647298E+006  0.13818048E-003
  0.21661733E+006  0.13782163E-003
  0.21676179E+006  0.13746370E-003
  0.21690634E+006  0.13710670E-003
  0.21705099E+006  0.13675062E-003
  0.21719573E+006  0.13639545E-003
  0.21734057E+006  0.13604121E-003
  0.21748551E+006  0.13568787E-003
  0.21763054E+006  0.13533545E-003
  0.21777567E+006  0.13498394E-003
  0.21792090E+006  0.13463333E-003
  0.21806623E+006  0.13428363E-003
  0.21821165E+006  0.13393483E-003
  0.21835717E+006  0.13358693E-003
  0.21850278E+006  0.13323993E-003
  0.21864849E+006  0.13289382E-003
  0.21879430E+006  0.13254861E-003
  0.21894021E+006  0.13220429E-003
  0.21908621E+006  0.13186085E-003
  0.21923231E+006  0.13151831E-003
  0.21937851E+006  0.13117664E-003
  0.21952481E+006  0.13083586E-003
  0.21967120E+006  0.13049596E-003
  0.21981769E+006  0.13015693E-003
  0.21996428E+006  0.12981878E-003
  0.22011097E+006  0.12948151E-003
  0.22025775E+006  0.12914510E-003
  0.22040464E+006  0.12880956E-003
  0.22055162E+006  0.12847489E-003
  0.22069870E+006  0.12814108E-003
  0.22084587E+006  0.12780813E-003
  0.22099315E+006  0.12747604E-003
  0.22114052E+006  0.12714481E-003
  0.22128799E+006  0.12681444E-003
  0.22143556E+006  0.12648491E-003
  0.22158323E+006  0.12615624E-003
  0.22173100E+006  0.12582842E-003
  0.22187886E+006  0.12550144E-003
  0.22202682E+006  0.12517531E-003
  0.22217489E+006  0.12485002E-003
  0.22232305E+006  0.12452556E-003
  0.22247131E+006  0.12420195E-003
  0.22261967E+006  0.12387917E-003
  0.22276812E+006  0.12355723E-003
  0.22291668E+006  0.12323611E-003
  0.22306534E+006  0.12291583E-003
  0.22321409E+006  0.12259637E-003
  0.22336295E+006  0.12227774E-003
  0.22351190E+006  0.12195993E-003
  0.22366095E+006  0.12164294E-003
  0.22381010E+006  0.12132677E-003
  0.22395935E+006  0.12101141E-003
  0.22410871E+006  0.12069687E-003
  0.22425816E+006  0.12038315E-003
  0.22440771E+006  0.12007023E-003
  0.22455736E+006  0.11975812E-003
  0.22470711E+006  0.11944682E-003
  0.22485696E+006  0.11913632E-003
  0.22500691E+006  0.11882662E-003
  0.22515696E+006  0.11851772E-003
  0.22530711E+006  0.11820962E-003
  0.22545736E+006  0.11790232E-003
  0.22560771E+006  0.11759581E-003
  0.22575816E+006  0.11729009E-003
  0.22590871E+006  0.11698516E-003
  0.22605936E+006  0.11668102E-003
  0.22621011E+006  0.11637767E-003
  0.22636096E+006  0.11607509E-003
  0.22651191E+006  0.11577330E-003
  0.22666297E+006  0.11547229E-003
  0.22681412E+006  0.11517206E-003
  0.22696538E+006  0.11487260E-003
  0.22711673E+006  0.11457392E-003
  0.22726819E+006  0.11427601E-003
  0.22741974E+006  0.11397887E-003
  0.22757140E+006  0.11368249E-003
  0.22772316E+006  0.11338688E-003
  0.22787502E+006  0.11309204E-003
  0.22802699E+006  0.11279796E-003
  0.22817905E+006  0.11250463E-003
  0.22833122E+006  0.11221207E-003
  0.22848348E+006  0.11192026E-003
  0.22863585E+006  0.11162920E-003
  0.22878832E+006  0.11133890E-003
  0.22894089E+006  0.11104935E-003
  0.22909356E+006  0.11076054E-003
  0.22924634E+006  0.11047249E-003
  0.22939922E+006  0.11018517E-003
  0.22955219E+006  0.10989860E-003
  0.22970527E+006  0.10961277E-003
  0.22985846E+006  0.10932768E-003
  0.23001174E+006  0.10904332E-003
  0.23016513E+006  0.10875970E-003
  0.23031862E+006  0.10847682E-003
  0.23047221E+006  0.10819466E-003
  0.23062591E+006  0.10791323E-003
  0.23077970E+006  0.10763254E-003
  0.23093360E+006  0.10735256E-003
  0.23108760E+006  0.10707331E-003
  0.23124171E+006  0.10679478E-003
  0.23139592E+006  0.10651698E-003
  0.23155023E+006  0.10623989E-003
  0.23170464E+006  0.10596351E-003
  0.23185915E+006  0.10568785E-003
  0.23201377E+006  0.10541291E-003
  0.23216850E+006  0.10513867E-003
  0.23232332E+006  0.10486515E-003
  0.23247825E+006  0.10459233E-003
  0.23263328E+006  0.10432021E-003
  0.23278842E+006  0.10404880E-003
  0.23294366E+006  0.10377809E-003
  0.23309900E+006  0.10350808E-003
  0.23325444E+006  0.10323877E-003
  0.23340999E+006  0.10297016E-003
  0.23356565E+006  0.10270224E-003
  0.23372140E+006  0.10243501E-003
  0.23387727E+006  0.10216848E-003
  0.23403323E+006  0.10190263E-003
  0.23418930E+006  0.10163747E-003
  0.23434547E+006  0.10137300E-003
  0.23450175E+006  0.10110921E-003
  0.23465813E+006  0.10084610E-003
  0.23481462E+006  0.10058368E-003
  0.23497121E+006  0.10032193E-003
  0.23512790E+006  0.10006086E-003
  0.23528470E+006  0.99800462E-004
  0.23544160E+006  0.99540740E-004
  0.23559861E+006  0.99281689E-004
  0.23575573E+006  0.99023309E-004
  0.23591294E+006  0.98765597E-004
  0.23607027E+006  0.98508551E-004
  0.23622769E+006  0.98252171E-004
  0.23638523E+006  0.97996453E-004
  0.23654286E+006  0.97741397E-004
  0.23670061E+006  0.97487001E-004
  0.23685845E+006  0.97233263E-004
  0.23701641E+006  0.96980182E-004
  0.23717446E+006  0.96727755E-004
  0.23733263E+006  0.96475981E-004
  0.23749090E+006  0.96224858E-004
  0.23764927E+006  0.95974386E-004
  0.23780775E+006  0.95724561E-004
  0.23796634E+006  0.95475383E-004
  0.23812503E+006  0.95226849E-004
  0.23828383E+006  0.94978958E-004
  0.23844273E+006  0.94731709E-004
  0.23860174E+006  0.94485100E-004
  0.23876086E+006  0.94239128E-004
  0.23892008E+006  0.93993794E-004
  0.23907941E+006  0.93749094E-004
  0.23923884E+006  0.93505027E-004
  0.23939838E+006  0.93261592E-004
  0.23955803E+006  0.93018786E-004
  0.23971778E+006  0.92776609E-004
  0.23987764E+006  0.92535059E-004
  0.24003761E+006  0.92294134E-004
  0.24019768E+006  0.92053833E-004
  0.24035786E+006  0.91814153E-004
  0.24051815E+006  0.91575094E-004
  0.24067854E+006  0.91336653E-004
  0.24083904E+006  0.91098830E-004
  0.24099965E+006  0.90861622E-004
  0.24116036E+006  0.90625028E-004
  0.24132118E+006  0.90389046E-004
  0.24148211E+006  0.90153676E-004
  0.24164315E+006  0.89918914E-004
  0.24180429E+006  0.89684760E-004
  0.24196555E+006  0.89451213E-004
  0.24212690E+006  0.89218270E-004
  0.24228837E+006  0.88985930E-004
  0.24244994E+006  0.88754191E-004
  0.24261163E+006  0.88523052E-004
  0.24277342E+006  0.88292512E-004
  0.24293531E+006  0.88062569E-004
  0.24309732E+006  0.87833221E-004
  0.24325943E+006  0.87604466E-004
  0.24342165E+006  0.87376304E-004
  0.24358398E+006  0.87148733E-004
  0.24374642E+006  0.86921751E-004
  0.24390897E+006  0.86695356E-004
  0.24407162E+006  0.86469548E-004
  0.24423439E+006  0.86244324E-004
  0.24439726E+006  0.86019684E-004
  0.24456024E+006  0.85795625E-004
  0.24472333E+006  0.85572147E-004
  0.24488653E+006  0.85349247E-004
  0.24504983E+006  0.85126924E-004
  0.24521325E+006  0.84905178E-004
  0.24537677E+006  0.84684005E-004
  0.24554041E+006  0.84463405E-004
  0.24570415E+006  0.84243377E-004
  0.24586800E+006  0.84023918E-004
  0.24603196E+006  0.83805027E-004
  0.24619603E+006  0.83586704E-004
  0.24636021E+006  0.83368946E-004
  0.24652450E+006  0.83151752E-004
  0.24668890E+006  0.82935121E-004
  0.24685341E+006  0.82719050E-004
  0.24701803E+006  0.82503540E-004
  0.24718276E+006  0.82288587E-004
  0.24734759E+006  0.82074191E-004
  0.24751254E+006  0.81860351E-004
  0.24767760E+006  0.81647065E-004
  0.24784277E+006  0.81434331E-004
  0.24800804E+006  0.81222148E-004
  0.24817343E+006  0.81010515E-004
  0.24833893E+006  0.80799430E-004
  0.24850454E+006  0.80588892E-004
  0.24867026E+006  0.80378899E-004
  0.24883609E+006  0.80169450E-004
  0.24900203E+006  0.79960544E-004
  0.24916808E+006  0.79752180E-004
  0.24933424E+006  0.79544355E-004
  0.24950052E+006  0.79337068E-004
  0.24966690E+006  0.79130319E-004
  0.24983339E+006  0.78924105E-004
  0.25000000E+006  0.78718426E-004
